"fit_id","batch","design","n","rep","extreme_sphere","seed","chart","backend","start_id","phase","budget","parent_fit_id","covariance_drift","returned","call_status","backend_status","original_verdict","objective","sphere_objective","objective_gap","full_sphere","driven_stationary","pin_residual","chart_level","chart_1e4","chart_1e6","chart_1e8","audit_status","newton_distance","newton_condition","newton_step","admissible","std_extent","extreme","screened","label","start_used","seconds","message","warnings","component_extent","latent_total_x","latent_total_y","disturbance_y","scaled_path","local_checked"
121,"development","high_r2",20,4,14,202911285,"marker_21","nlopt-lbfgs","continued_endpoint","continuation",1000,32,0,TRUE,"returned","converged",TRUE,0.206163341379057,NA,0,NA,NA,NA,NA,"unavailable","unavailable","unavailable","available",1.82629519142533e-08,53.6725803153106,3.55350923155863e-09,FALSE,177.039757618943,TRUE,FALSE,"screened_extreme","explicit",0.00300000000000011,"","magmaan: post-fit solution is not covariance-admissible: Psi block 1 not PSD (partable rows 14, 15). Convergence status is unchanged; inspect fit$diagnostics$admissibility.",1.25444030469737,1.25444030469737,0.00305387378944668,-0.540657075482482,0.658353334885174,TRUE
122,"development","high_r2",20,4,14,202911285,"marker_21","nlopt-lbfgs","continued_endpoint","continuation",10000,121,0,TRUE,"returned","converged",TRUE,0.206163341379057,NA,0,NA,NA,NA,NA,"unavailable","unavailable","unavailable","available",1.82629519142533e-08,53.6725803153106,3.55350923155863e-09,FALSE,177.039757618943,TRUE,FALSE,"screened_extreme","explicit",0.00299999999999989,"","magmaan: post-fit solution is not covariance-admissible: Psi block 1 not PSD (partable rows 14, 15). Convergence status is unchanged; inspect fit$diagnostics$admissibility.",1.25444030469737,1.25444030469737,0.00305387378944668,-0.540657075482482,0.658353334885174,TRUE
123,"development","high_r2",20,4,14,202911285,"marker_21","nlopt-lbfgs","continued_endpoint","continuation",50000,122,0,TRUE,"returned","converged",TRUE,0.206163341379057,NA,0,NA,NA,NA,NA,"unavailable","unavailable","unavailable","available",1.82629519142533e-08,53.6725803153106,3.55350923155863e-09,FALSE,177.039757618943,TRUE,FALSE,"screened_extreme","explicit",0.004,"","magmaan: post-fit solution is not covariance-admissible: Psi block 1 not PSD (partable rows 14, 15). Convergence status is unchanged; inspect fit$diagnostics$admissibility.",1.25444030469737,1.25444030469737,0.00305387378944668,-0.540657075482482,0.658353334885174,TRUE
124,"development","high_r2",20,4,14,202911285,"effect_coded","nlopt-lbfgs","continued_endpoint","continuation",1000,92,4.06837295999317e-16,TRUE,"returned","converged",TRUE,0.206163341379058,NA,0,NA,NA,NA,NA,"unavailable","unavailable","unavailable","available",5.01468354546488e-08,53.6725795250358,2.46048775934322e-08,FALSE,177.03956602518,TRUE,FALSE,"screened_extreme","explicit",0.00300000000000011,"","magmaan: post-fit solution is not covariance-admissible: Psi block 1 not PSD (partable rows 14, 15). Convergence status is unchanged; inspect fit$diagnostics$admissibility.",1.25444027940593,1.25444027940593,0.00305387707603858,-0.540657072236117,0.658353341546234,TRUE
125,"development","high_r2",20,4,14,202911285,"effect_coded","nlopt-lbfgs","continued_endpoint","continuation",10000,124,3.48742444591599e-16,TRUE,"returned","converged",TRUE,0.206163341379058,NA,0,NA,NA,NA,NA,"unavailable","unavailable","unavailable","available",5.01468343070349e-08,53.6725795250364,2.46048765821988e-08,FALSE,177.03956602518,TRUE,FALSE,"screened_extreme","explicit",0.002,"","magmaan: post-fit solution is not covariance-admissible: Psi block 1 not PSD (partable rows 14, 15). Convergence status is unchanged; inspect fit$diagnostics$admissibility.",1.25444027940593,1.25444027940593,0.00305387707603858,-0.540657072236117,0.658353341546234,TRUE
126,"development","high_r2",20,4,14,202911285,"effect_coded","nlopt-lbfgs","continued_endpoint","continuation",50000,125,0,TRUE,"returned","converged",TRUE,0.206163341379058,NA,0,NA,NA,NA,NA,"unavailable","unavailable","unavailable","available",5.01468343070349e-08,53.6725795250364,2.46048765821988e-08,FALSE,177.03956602518,TRUE,FALSE,"screened_extreme","explicit",0.00399999999999978,"","magmaan: post-fit solution is not covariance-admissible: Psi block 1 not PSD (partable rows 14, 15). Convergence status is unchanged; inspect fit$diagnostics$admissibility.",1.25444027940593,1.25444027940593,0.00305387707603858,-0.540657072236117,0.658353341546234,TRUE
127,"development","high_r2",20,4,14,202911285,"std_lv_positive","nlopt-lbfgs","continued_endpoint","continuation",1000,101,9.93959679553627e-05,TRUE,"returned","converged",TRUE,0.246320572036205,NA,0,NA,NA,NA,NA,"unavailable","unavailable","unavailable","available",2.48696776109011,116.927616796427,2.60069538891558,FALSE,1.05095572283252,FALSE,FALSE,"accuracy_failed","explicit",0.004,"","magmaan: post-fit solution is not covariance-admissible: Theta block 1 not PSD (partable rows 8, 9, 10, 11, 12, 13). Convergence status is unchanged; inspect fit$diagnostics$admissibility.",1.44980620367913,1.44980620367913,0.389562000102312,1.52317416645783e-05,0.518352056685842,FALSE
128,"development","high_r2",20,4,14,202911285,"std_lv_positive","nlopt-lbfgs","continued_endpoint","continuation",10000,127,7.13410036976192e-08,TRUE,"returned","converged",TRUE,0.246320572036202,NA,0,NA,NA,NA,NA,"unavailable","unavailable","unavailable","available",2.48696909033966,116.927673378873,2.60069759935745,FALSE,1.05095572168099,FALSE,FALSE,"accuracy_failed","explicit",0.002,"","magmaan: post-fit solution is not covariance-admissible: Theta block 1 not PSD (partable rows 8, 9, 10, 11, 12, 13). Convergence status is unchanged; inspect fit$diagnostics$admissibility.",1.44980623590804,1.44980623590804,0.389562004315237,1.52317418079694e-05,0.518352053727286,FALSE
129,"development","high_r2",20,4,14,202911285,"std_lv_positive","nlopt-lbfgs","continued_endpoint","continuation",50000,128,7.21141818894869e-08,TRUE,"returned","converged",TRUE,0.246320572036198,NA,0,NA,NA,NA,NA,"unavailable","unavailable","unavailable","available",2.48696765213177,116.927601208416,2.60069514063929,FALSE,1.05095572232715,FALSE,FALSE,"accuracy_failed","explicit",0.00299999999999989,"","magmaan: post-fit solution is not covariance-admissible: Theta block 1 not PSD (partable rows 8, 9, 10, 11, 12, 13). Convergence status is unchanged; inspect fit$diagnostics$admissibility.",1.44980622842464,1.44980622842464,0.389562006469577,1.52317418606922e-05,0.51835205649837,FALSE
130,"development","high_r2",20,4,14,202911285,"sphere","nlopt-lbfgs","continued_endpoint","continuation",1000,112,2.59571804523657e-16,TRUE,"returned","converged",TRUE,0.206163341379058,0.206163341379057,8.88178419700125e-16,TRUE,TRUE,0,0.40557969356472,"representable","representable","representable","available",6.36335677288016e-08,53.6725804202117,2.9666043969946e-08,FALSE,177.038818193366,TRUE,FALSE,"screened_extreme","user",0.004,"","magmaan: post-fit solution is not covariance-admissible: Psi block 1 not PSD (partable rows 14, 15). Convergence status is unchanged; inspect fit$diagnostics$admissibility.",1.254440329864,1.254440329864,0.00305388991513047,-0.540657061467337,0.658353329558992,TRUE
131,"development","high_r2",20,4,14,202911285,"sphere","nlopt-lbfgs","continued_endpoint","continuation",10000,130,2.59571804523657e-16,TRUE,"returned","converged",TRUE,0.206163341379058,0.206163341379057,8.88178419700125e-16,TRUE,TRUE,0,0.40557969356472,"representable","representable","representable","available",6.36335669259456e-08,53.6725804202117,2.96660420436069e-08,FALSE,177.038818193371,TRUE,FALSE,"screened_extreme","user",0.00300000000000011,"","magmaan: post-fit solution is not covariance-admissible: Psi block 1 not PSD (partable rows 14, 15). Convergence status is unchanged; inspect fit$diagnostics$admissibility.",1.254440329864,1.254440329864,0.00305388991513039,-0.540657061467337,0.658353329558992,TRUE
132,"development","high_r2",20,4,14,202911285,"sphere","nlopt-lbfgs","continued_endpoint","continuation",50000,131,2.59571804523657e-16,TRUE,"returned","converged",TRUE,0.206163341379058,0.206163341379057,8.88178419700125e-16,TRUE,TRUE,0,0.40557969356472,"representable","representable","representable","available",6.36335676013869e-08,53.672580420212,2.96660424490619e-08,FALSE,177.03881819338,TRUE,FALSE,"screened_extreme","user",0.0069999999999999,"","magmaan: post-fit solution is not covariance-admissible: Psi block 1 not PSD (partable rows 14, 15). Convergence status is unchanged; inspect fit$diagnostics$admissibility.",1.254440329864,1.254440329864,0.00305388991513023,-0.540657061467337,0.658353329558992,TRUE
133,"development","high_r2",20,4,14,202911285,"marker_23","port","continued_endpoint","continuation",1000,59,1.01245918984313e-07,TRUE,"returned","converged",TRUE,0.206163341379089,NA,0,NA,NA,NA,NA,"unavailable","unavailable","unavailable","available",1.10946133953867e-06,53.6725724860434,6.40704431046426e-07,FALSE,177.031801528676,TRUE,FALSE,"screened_extreme","explicit",0.002,"","magmaan: post-fit solution is not covariance-admissible: Psi block 1 not PSD (partable rows 14, 15). Convergence status is unchanged; inspect fit$diagnostics$admissibility.",1.25444000466278,1.25444000466278,0.00305401116640046,-0.540657098676567,0.658353510830885,TRUE
134,"development","high_r2",20,4,14,202911285,"marker_23","port","continued_endpoint","continuation",10000,133,1.01363814578341e-07,TRUE,"returned","converged",TRUE,0.206163341379081,NA,0,NA,NA,NA,NA,"unavailable","unavailable","unavailable","available",9.65665149488567e-07,53.6725020617282,5.54802574613402e-07,FALSE,177.029563072307,TRUE,FALSE,"screened_extreme","explicit",0.002,"","magmaan: post-fit solution is not covariance-admissible: Psi block 1 not PSD (partable rows 14, 15). Convergence status is unchanged; inspect fit$diagnostics$admissibility.",1.25444003361585,1.25444003361585,0.00305404961469289,-0.540657068890229,0.6583535084775,TRUE
135,"development","high_r2",20,4,14,202911285,"marker_23","port","continued_endpoint","continuation",50000,134,7.14942645723981e-08,TRUE,"returned","converged",TRUE,0.206163341379076,NA,0,NA,NA,NA,NA,"unavailable","unavailable","unavailable","available",8.71598267899758e-07,53.6725899539845,5.08796742255758e-07,FALSE,177.034228964981,TRUE,FALSE,"screened_extreme","explicit",0.00299999999999989,"","magmaan: post-fit solution is not covariance-admissible: Psi block 1 not PSD (partable rows 14, 15). Convergence status is unchanged; inspect fit$diagnostics$admissibility.",1.2544400575657,1.2544400575657,0.00305396941053399,-0.540657119876521,0.658353484503586,TRUE
136,"development","high_r2",20,4,14,202911285,"effect_coded","port","continued_endpoint","continuation",1000,97,7.01697274222761e-08,TRUE,"returned","singular_convergence",TRUE,0.206163341379089,NA,0,NA,NA,NA,NA,"unavailable","unavailable","unavailable","available",1.13269220551891e-06,53.6725798484043,4.39828785742374e-07,FALSE,177.037592349143,TRUE,FALSE,"screened_extreme","explicit",0.00299999999999989,"","magmaan: post-fit solution is not covariance-admissible: Psi block 1 not PSD (partable rows 14, 15). Convergence status is unchanged; inspect fit$diagnostics$admissibility.",1.25444053943579,1.25444053943579,0.00305391005323898,-0.540656883076271,0.658353178755007,TRUE
137,"development","high_r2",20,4,14,202911285,"effect_coded","port","continued_endpoint","continuation",10000,136,1.02609373134413e-07,TRUE,"returned","singular_convergence",TRUE,0.206163341379086,NA,0,NA,NA,NA,NA,"unavailable","unavailable","unavailable","available",1.05355356302615e-06,53.6724805719285,4.48623625269319e-07,FALSE,177.036802872004,TRUE,FALSE,"screened_extreme","explicit",0.00299999999999989,"","magmaan: post-fit solution is not covariance-admissible: Psi block 1 not PSD (partable rows 14, 15). Convergence status is unchanged; inspect fit$diagnostics$admissibility.",1.25444055561908,1.25444055561908,0.00305392349321197,-0.540656851453948,0.6583531635003,TRUE
138,"development","high_r2",20,4,14,202911285,"effect_coded","port","continued_endpoint","continuation",50000,137,1.12420950615921e-07,TRUE,"returned","singular_convergence",TRUE,0.206163341379082,NA,0,NA,NA,NA,NA,"unavailable","unavailable","unavailable","available",9.95360008289795e-07,53.67258969934,3.69296396766422e-07,FALSE,177.039892471416,TRUE,FALSE,"screened_extreme","explicit",0.002,"","magmaan: post-fit solution is not covariance-admissible: Psi block 1 not PSD (partable rows 14, 15). Convergence status is unchanged; inspect fit$diagnostics$admissibility.",1.25444046539577,1.25444046539577,0.00305387057523322,-0.54065691826091,0.658353195584466,TRUE
139,"development","high_r2",20,4,14,202911285,"std_lv_positive","port","continued_endpoint","continuation",1000,106,1.743712222958e-16,TRUE,"returned","converged",TRUE,0.246318463444006,NA,0,NA,NA,NA,NA,"unavailable","unavailable","unavailable","available",2.48667992614449,116.900693183577,2.60002400592956,FALSE,1.0509460429677,FALSE,FALSE,"accuracy_failed","explicit",0.002,"","magmaan: post-fit solution is not covariance-admissible: Theta block 1 not PSD (partable rows 8, 9, 10, 11, 12, 13). Convergence status is unchanged; inspect fit$diagnostics$admissibility.",1.44980009895909,1.44980009895909,0.389557543075272,1.45708964924101e-07,0.518360219737898,FALSE
140,"development","high_r2",20,4,14,202911285,"std_lv_positive","port","continued_endpoint","continuation",10000,139,0,TRUE,"returned","converged",TRUE,0.246318463444006,NA,0,NA,NA,NA,NA,"unavailable","unavailable","unavailable","available",2.48667992614449,116.900693183577,2.60002400592956,FALSE,1.0509460429677,FALSE,FALSE,"accuracy_failed","explicit",0.002,"","magmaan: post-fit solution is not covariance-admissible: Theta block 1 not PSD (partable rows 8, 9, 10, 11, 12, 13). Convergence status is unchanged; inspect fit$diagnostics$admissibility.",1.44980009895909,1.44980009895909,0.389557543075272,1.45708964924101e-07,0.518360219737898,FALSE
141,"development","high_r2",20,4,14,202911285,"std_lv_positive","port","continued_endpoint","continuation",50000,140,0,TRUE,"returned","converged",TRUE,0.246318463444006,NA,0,NA,NA,NA,NA,"unavailable","unavailable","unavailable","available",2.48667992614449,116.900693183577,2.60002400592956,FALSE,1.0509460429677,FALSE,FALSE,"accuracy_failed","explicit",0.00300000000000011,"","magmaan: post-fit solution is not covariance-admissible: Theta block 1 not PSD (partable rows 8, 9, 10, 11, 12, 13). Convergence status is unchanged; inspect fit$diagnostics$admissibility.",1.44980009895909,1.44980009895909,0.389557543075272,1.45708964924101e-07,0.518360219737898,FALSE
142,"development","high_r2",20,4,14,202911285,"sphere","port","continued_endpoint","continuation",1000,116,5.20236679298413e-07,TRUE,"returned","singular_convergence",TRUE,0.206163341379322,0.206163341379321,8.88178419700125e-16,TRUE,TRUE,3.73034936274053e-14,0.405579778485277,"representable","representable","representable","available",3.2505003159503e-06,53.6723568161642,5.32436363683233e-07,FALSE,176.999652063964,TRUE,FALSE,"screened_extreme","user",0.00300000000000011,"","magmaan: post-fit solution is not covariance-admissible: Psi block 1 not PSD (partable rows 14, 15). Convergence status is unchanged; inspect fit$diagnostics$admissibility.",1.25444041883342,1.25444041883342,0.00305456342013847,-0.54065666257182,0.658353472468259,TRUE
143,"development","high_r2",20,4,14,202911285,"sphere","port","continued_endpoint","continuation",10000,142,2.03418647999658e-16,TRUE,"returned","singular_convergence",TRUE,0.206163341379321,0.206163341379322,4.44089209850063e-16,TRUE,TRUE,0,0.405579778485277,"representable","representable","representable","available",3.25050031463284e-06,53.6723568161648,5.32436363703118e-07,FALSE,176.999652063973,TRUE,FALSE,"screened_extreme","user",0.004,"","magmaan: post-fit solution is not covariance-admissible: Psi block 1 not PSD (partable rows 14, 15). Convergence status is unchanged; inspect fit$diagnostics$admissibility.",1.25444041883342,1.25444041883342,0.00305456342013831,-0.54065666257182,0.658353472468259,TRUE
144,"development","high_r2",20,4,14,202911285,"sphere","port","continued_endpoint","continuation",50000,143,2.03418647999658e-16,TRUE,"returned","singular_convergence",TRUE,0.206163341379321,0.206163341379321,0,TRUE,TRUE,0,0.405579778485277,"representable","representable","representable","available",3.25050031350939e-06,53.6723568161648,5.32436363703371e-07,FALSE,176.999652063992,TRUE,FALSE,"screened_extreme","user",0.00299999999999989,"","magmaan: post-fit solution is not covariance-admissible: Psi block 1 not PSD (partable rows 14, 15). Convergence status is unchanged; inspect fit$diagnostics$admissibility.",1.25444041883342,1.25444041883342,0.00305456342013799,-0.54065666257182,0.658353472468259,TRUE
265,"development","high_r2",20,6,11,202911287,"marker_12","nlopt-lbfgs","continued_endpoint","continuation",1000,158,6.52306611085316e-17,TRUE,"returned","converged",TRUE,0.152108279873088,NA,0,NA,NA,NA,NA,"unavailable","unavailable","unavailable","available",1.16606733378168e-08,135.52893475549,3.14480947148635e-09,FALSE,17.7777428500779,TRUE,FALSE,"screened_extreme","explicit",0.00200000000000022,"","magmaan: post-fit solution is not covariance-admissible: Psi block 1 not PSD (partable rows 14, 15). Convergence status is unchanged; inspect fit$diagnostics$admissibility.",1.0596012106685,0.759861786911319,-0.050849415187675,-0.903987827283334,1.0596012106685,TRUE
266,"development","high_r2",20,6,11,202911287,"marker_12","nlopt-lbfgs","continued_endpoint","continuation",10000,265,0,TRUE,"returned","converged",TRUE,0.152108279873088,NA,0,NA,NA,NA,NA,"unavailable","unavailable","unavailable","available",1.16606733378168e-08,135.52893475549,3.14480947148635e-09,FALSE,17.7777428500779,TRUE,FALSE,"screened_extreme","explicit",0.00200000000000022,"","magmaan: post-fit solution is not covariance-admissible: Psi block 1 not PSD (partable rows 14, 15). Convergence status is unchanged; inspect fit$diagnostics$admissibility.",1.0596012106685,0.759861786911319,-0.050849415187675,-0.903987827283334,1.0596012106685,TRUE
267,"development","high_r2",20,6,11,202911287,"marker_12","nlopt-lbfgs","continued_endpoint","continuation",50000,266,0,TRUE,"returned","converged",TRUE,0.152108279873088,NA,0,NA,NA,NA,NA,"unavailable","unavailable","unavailable","available",1.16606733378168e-08,135.52893475549,3.14480947148635e-09,FALSE,17.7777428500779,TRUE,FALSE,"screened_extreme","explicit",0.00300000000000011,"","magmaan: post-fit solution is not covariance-admissible: Psi block 1 not PSD (partable rows 14, 15). Convergence status is unchanged; inspect fit$diagnostics$admissibility.",1.0596012106685,0.759861786911319,-0.050849415187675,-0.903987827283334,1.0596012106685,TRUE
268,"development","high_r2",20,6,11,202911287,"effect_coded","nlopt-lbfgs","continued_endpoint","continuation",1000,235,3.39525542131756e-16,TRUE,"returned","converged",TRUE,0.152108279873088,NA,0,NA,NA,NA,NA,"unavailable","unavailable","unavailable","available",1.53136633037357e-08,135.528935245336,4.17195699332273e-09,FALSE,17.7777442688807,TRUE,FALSE,"screened_extreme","explicit",0.00200000000000022,"","magmaan: post-fit solution is not covariance-admissible: Psi block 1 not PSD (partable rows 14, 15). Convergence status is unchanged; inspect fit$diagnostics$admissibility.",1.05960121152413,0.759861788185878,-0.0508494110550299,-0.903987825959516,1.05960121152413,TRUE
269,"development","high_r2",20,6,11,202911287,"effect_coded","nlopt-lbfgs","continued_endpoint","continuation",10000,268,2.47412584958445e-16,TRUE,"returned","converged",TRUE,0.152108279873089,NA,0,NA,NA,NA,NA,"unavailable","unavailable","unavailable","available",1.5313663985711e-08,135.528935245337,4.17195699354521e-09,FALSE,17.7777442688808,TRUE,FALSE,"screened_extreme","explicit",0.00200000000000022,"","magmaan: post-fit solution is not covariance-admissible: Psi block 1 not PSD (partable rows 14, 15). Convergence status is unchanged; inspect fit$diagnostics$admissibility.",1.05960121152413,0.759861788185878,-0.0508494110550296,-0.903987825959516,1.05960121152413,TRUE
270,"development","high_r2",20,6,11,202911287,"effect_coded","nlopt-lbfgs","continued_endpoint","continuation",50000,269,2.26350361421171e-16,TRUE,"returned","converged",TRUE,0.152108279873089,NA,0,NA,NA,NA,NA,"unavailable","unavailable","unavailable","available",1.53136635489648e-08,135.528935245339,4.17195671111628e-09,FALSE,17.7777442688809,TRUE,FALSE,"screened_extreme","explicit",0.00200000000000022,"","magmaan: post-fit solution is not covariance-admissible: Psi block 1 not PSD (partable rows 14, 15). Convergence status is unchanged; inspect fit$diagnostics$admissibility.",1.05960121152413,0.759861788185878,-0.0508494110550293,-0.903987825959516,1.05960121152413,TRUE
271,"development","high_r2",20,6,11,202911287,"std_lv_positive","nlopt-lbfgs","continued_endpoint","continuation",1000,245,0.000148074265466263,TRUE,"returned","converged",TRUE,0.222142367245881,NA,0,NA,NA,NA,NA,"unavailable","unavailable","unavailable","nonpositive_curvature",NA,NA,NA,FALSE,1.27903755872452,FALSE,FALSE,"accuracy_unresolved","explicit",0.00300000000000011,"","magmaan: post-fit solution is not covariance-admissible: Theta block 1 not PSD (partable rows 8, 9, 10, 11, 12, 13). Convergence status is unchanged; inspect fit$diagnostics$admissibility.",1.70785441176109,1.70785441176109,0.288417589112858,1.75840328084081e-05,0.410934126150729,FALSE
272,"development","high_r2",20,6,11,202911287,"std_lv_positive","nlopt-lbfgs","continued_endpoint","continuation",10000,271,6.56703161063628e-06,TRUE,"returned","line_search_salvaged",TRUE,0.222141596842635,NA,0,NA,NA,NA,NA,"unavailable","unavailable","unavailable","nonpositive_curvature",NA,NA,NA,FALSE,1.27900934680007,FALSE,FALSE,"accuracy_unresolved","explicit",0.00200000000000022,"","magmaan: post-fit solution is not covariance-admissible: Theta block 1 not PSD (partable rows 8, 9, 10, 11, 12, 13). Convergence status is unchanged; inspect fit$diagnostics$admissibility.",1.70779111172076,1.70779111172076,0.288424195537374,9.64193113774851e-06,0.410952106789882,FALSE
273,"development","high_r2",20,6,11,202911287,"std_lv_positive","nlopt-lbfgs","continued_endpoint","continuation",50000,272,0,TRUE,"returned","line_search_salvaged",TRUE,0.222141596842635,NA,0,NA,NA,NA,NA,"unavailable","unavailable","unavailable","nonpositive_curvature",NA,NA,NA,FALSE,1.27900934680007,FALSE,FALSE,"accuracy_unresolved","explicit",0.00200000000000022,"","magmaan: post-fit solution is not covariance-admissible: Theta block 1 not PSD (partable rows 8, 9, 10, 11, 12, 13). Convergence status is unchanged; inspect fit$diagnostics$admissibility.",1.70779111172076,1.70779111172076,0.288424195537374,9.64193113774851e-06,0.410952106789882,FALSE
274,"development","high_r2",20,6,11,202911287,"sphere","nlopt-lbfgs","continued_endpoint","continuation",1000,258,2.09895483776289e-16,TRUE,"returned","converged",TRUE,0.152108279873089,0.152108279873088,4.44089209850063e-16,TRUE,TRUE,0,0.775895733197982,"representable","representable","representable","available",7.09541255901522e-09,135.528933393326,1.88232319479114e-09,FALSE,17.7777439435532,TRUE,FALSE,"screened_extreme","user",0.00300000000000011,"","magmaan: post-fit solution is not covariance-admissible: Psi block 1 not PSD (partable rows 14, 15). Convergence status is unchanged; inspect fit$diagnostics$admissibility.",1.05960121100303,0.759861788312592,-0.0508494119994862,-0.90398782620711,1.05960121100303,TRUE
275,"development","high_r2",20,6,11,202911287,"sphere","nlopt-lbfgs","continued_endpoint","continuation",10000,274,3.24354889174554e-16,TRUE,"returned","converged",TRUE,0.152108279873089,0.152108279873088,4.44089209850063e-16,TRUE,TRUE,0,0.775895733197982,"representable","representable","representable","available",7.09541246254119e-09,135.528933393327,1.88232330390195e-09,FALSE,17.7777439435531,TRUE,FALSE,"screened_extreme","user",0.00300000000000011,"","magmaan: post-fit solution is not covariance-admissible: Psi block 1 not PSD (partable rows 14, 15). Convergence status is unchanged; inspect fit$diagnostics$admissibility.",1.05960121100303,0.759861788312592,-0.0508494119994865,-0.90398782620711,1.05960121100303,TRUE
276,"development","high_r2",20,6,11,202911287,"sphere","nlopt-lbfgs","continued_endpoint","continuation",50000,275,3.24354889174554e-16,TRUE,"returned","converged",TRUE,0.152108279873089,0.152108279873088,4.44089209850063e-16,TRUE,TRUE,0,0.775895733197982,"representable","representable","representable","available",7.09541275120798e-09,135.528933393326,1.88232340286657e-09,FALSE,17.777743943553,TRUE,FALSE,"screened_extreme","user",0.004,"","magmaan: post-fit solution is not covariance-admissible: Psi block 1 not PSD (partable rows 14, 15). Convergence status is unchanged; inspect fit$diagnostics$admissibility.",1.05960121100303,0.759861788312592,-0.0508494119994869,-0.90398782620711,1.05960121100303,TRUE
277,"development","high_r2",20,6,11,202911287,"marker_12","port","continued_endpoint","continuation",1000,163,0,TRUE,"returned","singular_convergence",TRUE,0.152108279873097,NA,0,NA,NA,NA,NA,"unavailable","unavailable","unavailable","available",5.82474860437645e-07,135.52900625061,1.29269250075551e-07,FALSE,17.7777012916828,TRUE,FALSE,"screened_extreme","explicit",0.00199999999999978,"","magmaan: post-fit solution is not covariance-admissible: Psi block 1 not PSD (partable rows 14, 15). Convergence status is unchanged; inspect fit$diagnostics$admissibility.",1.05960111223857,0.759861804285597,-0.050849532857271,-0.903987805958174,1.05960111223857,TRUE
278,"development","high_r2",20,6,11,202911287,"marker_12","port","continued_endpoint","continuation",10000,277,0,TRUE,"returned","singular_convergence",TRUE,0.152108279873097,NA,0,NA,NA,NA,NA,"unavailable","unavailable","unavailable","available",5.82474860437645e-07,135.52900625061,1.29269250075551e-07,FALSE,17.7777012916828,TRUE,FALSE,"screened_extreme","explicit",0.00199999999999978,"","magmaan: post-fit solution is not covariance-admissible: Psi block 1 not PSD (partable rows 14, 15). Convergence status is unchanged; inspect fit$diagnostics$admissibility.",1.05960111223857,0.759861804285597,-0.050849532857271,-0.903987805958174,1.05960111223857,TRUE
279,"development","high_r2",20,6,11,202911287,"marker_12","port","continued_endpoint","continuation",50000,278,0,TRUE,"returned","singular_convergence",TRUE,0.152108279873097,NA,0,NA,NA,NA,NA,"unavailable","unavailable","unavailable","available",5.82474860437645e-07,135.52900625061,1.29269250075551e-07,FALSE,17.7777012916828,TRUE,FALSE,"screened_extreme","explicit",0.00199999999999978,"","magmaan: post-fit solution is not covariance-admissible: Psi block 1 not PSD (partable rows 14, 15). Convergence status is unchanged; inspect fit$diagnostics$admissibility.",1.05960111223857,0.759861804285597,-0.050849532857271,-0.903987805958174,1.05960111223857,TRUE
280,"development","high_r2",20,6,11,202911287,"effect_coded","port","continued_endpoint","continuation",1000,241,8.17031777657026e-08,TRUE,"returned","singular_convergence",TRUE,0.152108279873114,NA,0,NA,NA,NA,NA,"unavailable","unavailable","unavailable","available",1.02344180028555e-06,135.529042135729,2.78714511041232e-07,FALSE,17.7776927248726,TRUE,FALSE,"screened_extreme","explicit",0.00200000000000022,"","magmaan: post-fit solution is not covariance-admissible: Psi block 1 not PSD (partable rows 14, 15). Convergence status is unchanged; inspect fit$diagnostics$admissibility.",1.05960132943899,0.759861672295507,-0.0508495708353074,-0.903988045501736,1.05960132943899,TRUE
281,"development","high_r2",20,6,11,202911287,"effect_coded","port","continued_endpoint","continuation",10000,280,3.49120862855576e-08,TRUE,"returned","converged",TRUE,0.15210827987311,NA,0,NA,NA,NA,NA,"unavailable","unavailable","unavailable","available",9.22385402640179e-07,135.529160782785,2.41244862388651e-07,FALSE,17.7776951288415,TRUE,FALSE,"screened_extreme","explicit",0.00200000000000022,"","magmaan: post-fit solution is not covariance-admissible: Psi block 1 not PSD (partable rows 14, 15). Convergence status is unchanged; inspect fit$diagnostics$admissibility.",1.05960133804936,0.759861684546582,-0.0508495651956441,-0.903988067482313,1.05960133804936,TRUE
282,"development","high_r2",20,6,11,202911287,"effect_coded","port","continued_endpoint","continuation",50000,281,2.00311609217472e-16,TRUE,"returned","singular_convergence",TRUE,0.15210827987311,NA,0,NA,NA,NA,NA,"unavailable","unavailable","unavailable","available",9.22385402983348e-07,135.529160782786,2.41244861612826e-07,FALSE,17.7776951288415,TRUE,FALSE,"screened_extreme","explicit",0.00200000000000022,"","magmaan: post-fit solution is not covariance-admissible: Psi block 1 not PSD (partable rows 14, 15). Convergence status is unchanged; inspect fit$diagnostics$admissibility.",1.05960133804936,0.759861684546582,-0.0508495651956441,-0.903988067482313,1.05960133804936,TRUE
283,"development","high_r2",20,6,11,202911287,"std_lv_positive","port","continued_endpoint","continuation",1000,250,0,TRUE,"returned","converged",TRUE,0.222140680976478,NA,0,NA,NA,NA,NA,"unavailable","unavailable","unavailable","nonpositive_curvature",NA,NA,NA,FALSE,1.27897564166602,FALSE,FALSE,"accuracy_unresolved","explicit",0.00200000000000022,"","magmaan: post-fit solution is not covariance-admissible: Theta block 1 not PSD (partable rows 8, 9, 10, 11, 12, 13). Convergence status is unchanged; inspect fit$diagnostics$admissibility.",1.70771554784111,1.70771554784111,0.288430639545759,1.99955239663828e-07,0.410972516494267,FALSE
284,"development","high_r2",20,6,11,202911287,"std_lv_positive","port","continued_endpoint","continuation",10000,283,0,TRUE,"returned","converged",TRUE,0.222140680976478,NA,0,NA,NA,NA,NA,"unavailable","unavailable","unavailable","nonpositive_curvature",NA,NA,NA,FALSE,1.27897564166602,FALSE,FALSE,"accuracy_unresolved","explicit",0.00200000000000022,"","magmaan: post-fit solution is not covariance-admissible: Theta block 1 not PSD (partable rows 8, 9, 10, 11, 12, 13). Convergence status is unchanged; inspect fit$diagnostics$admissibility.",1.70771554784111,1.70771554784111,0.288430639545759,1.99955239663828e-07,0.410972516494267,FALSE
285,"development","high_r2",20,6,11,202911287,"std_lv_positive","port","continued_endpoint","continuation",50000,284,0,TRUE,"returned","converged",TRUE,0.222140680976478,NA,0,NA,NA,NA,NA,"unavailable","unavailable","unavailable","nonpositive_curvature",NA,NA,NA,FALSE,1.27897564166602,FALSE,FALSE,"accuracy_unresolved","explicit",0.00099999999999989,"","magmaan: post-fit solution is not covariance-admissible: Theta block 1 not PSD (partable rows 8, 9, 10, 11, 12, 13). Convergence status is unchanged; inspect fit$diagnostics$admissibility.",1.70771554784111,1.70771554784111,0.288430639545759,1.99955239663828e-07,0.410972516494267,FALSE
286,"development","high_r2",20,6,11,202911287,"sphere","port","continued_endpoint","continuation",1000,261,4.8653233376183e-16,TRUE,"returned","singular_convergence",TRUE,0.152108279873261,0.152108279873262,4.44089209850063e-16,TRUE,TRUE,0,0.775895670917765,"representable","representable","representable","available",2.63069164816788e-06,135.528862919353,1.0795152826735e-06,FALSE,17.7776971311443,TRUE,FALSE,"screened_extreme","user",0.004,"","magmaan: post-fit solution is not covariance-admissible: Psi block 1 not PSD (partable rows 14, 15). Convergence status is unchanged; inspect fit$diagnostics$admissibility.",1.05960134952149,0.759861627890892,-0.0508495564368076,-0.903988013586595,1.05960134952149,TRUE
287,"development","high_r2",20,6,11,202911287,"sphere","port","continued_endpoint","continuation",10000,286,1.91595728545007e-16,TRUE,"returned","singular_convergence",TRUE,0.152108279873262,0.152108279873262,4.44089209850063e-16,TRUE,TRUE,0,0.775895670917765,"representable","representable","representable","available",2.63069164814305e-06,135.528862919355,1.07951528267901e-06,FALSE,17.7776971311443,TRUE,FALSE,"screened_extreme","user",0.004,"","magmaan: post-fit solution is not covariance-admissible: Psi block 1 not PSD (partable rows 14, 15). Convergence status is unchanged; inspect fit$diagnostics$admissibility.",1.05960134952149,0.759861627890892,-0.0508495564368077,-0.903988013586595,1.05960134952149,TRUE
288,"development","high_r2",20,6,11,202911287,"sphere","port","continued_endpoint","continuation",50000,287,1.23706292479222e-16,TRUE,"returned","singular_convergence",TRUE,0.152108279873262,0.152108279873262,0,TRUE,TRUE,0,0.775895670917765,"representable","representable","representable","available",2.63069164898014e-06,135.528862919355,1.07951528267516e-06,FALSE,17.7776971311443,TRUE,FALSE,"screened_extreme","user",0.00300000000000011,"","magmaan: post-fit solution is not covariance-admissible: Psi block 1 not PSD (partable rows 14, 15). Convergence status is unchanged; inspect fit$diagnostics$admissibility.",1.05960134952149,0.759861627890892,-0.0508495564368077,-0.903988013586595,1.05960134952149,TRUE
409,"development","weak_marker",20,4,0,202811285,"marker_13","nlopt-lbfgs","continued_endpoint","continuation",1000,311,4.72665713066656e-16,TRUE,"returned","converged",TRUE,0.103174552826006,NA,0,NA,NA,NA,NA,"unavailable","unavailable","unavailable","available",2.5946276212045e-09,114437.117305882,5.74418863791433e-09,FALSE,3.11005460478383,FALSE,TRUE,"screened_candidate","explicit",0.00200000000000067,"","magmaan: post-fit solution is not covariance-admissible: Theta block 1 not PSD (partable rows 8, 9, 10, 11, 12, 13); Psi block 1 not PSD (partable rows 14, 15). Convergence status is unchanged; inspect fit$diagnostics$admissibility.",3.11005460380761,-2.13946384416528,2.69845672567224,2.96155972783909,-0.350679538283313,TRUE
410,"development","weak_marker",20,4,0,202811285,"marker_13","nlopt-lbfgs","continued_endpoint","continuation",10000,409,0,TRUE,"returned","converged",TRUE,0.103174552826006,NA,0,NA,NA,NA,NA,"unavailable","unavailable","unavailable","available",2.5946276212045e-09,114437.117305882,5.74418863791433e-09,FALSE,3.11005460478383,FALSE,TRUE,"screened_candidate","explicit",0.00199999999999978,"","magmaan: post-fit solution is not covariance-admissible: Theta block 1 not PSD (partable rows 8, 9, 10, 11, 12, 13); Psi block 1 not PSD (partable rows 14, 15). Convergence status is unchanged; inspect fit$diagnostics$admissibility.",3.11005460380761,-2.13946384416528,2.69845672567224,2.96155972783909,-0.350679538283313,TRUE
411,"development","weak_marker",20,4,0,202811285,"marker_13","nlopt-lbfgs","continued_endpoint","continuation",50000,410,0,TRUE,"returned","converged",TRUE,0.103174552826006,NA,0,NA,NA,NA,NA,"unavailable","unavailable","unavailable","available",2.5946276212045e-09,114437.117305882,5.74418863791433e-09,FALSE,3.11005460478383,FALSE,TRUE,"screened_candidate","explicit",0.00300000000000011,"","magmaan: post-fit solution is not covariance-admissible: Theta block 1 not PSD (partable rows 8, 9, 10, 11, 12, 13); Psi block 1 not PSD (partable rows 14, 15). Convergence status is unchanged; inspect fit$diagnostics$admissibility.",3.11005460380761,-2.13946384416528,2.69845672567224,2.96155972783909,-0.350679538283313,TRUE
412,"development","weak_marker",20,4,0,202811285,"effect_coded","nlopt-lbfgs","continued_endpoint","continuation",1000,383,0.00263020764712038,TRUE,"returned","line_search_salvaged",FALSE,0.104653855087884,NA,0,NA,NA,NA,NA,"unavailable","unavailable","unavailable","available",0.020339595864486,8524341391.47442,58.0162689066247,FALSE,134.651381964623,TRUE,FALSE,"accuracy_failed","explicit",0.00499999999999989,"","magmaan: post-fit solution is not covariance-admissible: Psi block 1 not PSD (partable rows 14, 15). Convergence status is unchanged; inspect fit$diagnostics$admissibility.",133.053667494576,-1.94395342199896,-132.065757805372,-131.785332174571,-0.379809589183484,FALSE
413,"development","weak_marker",20,4,0,202811285,"effect_coded","nlopt-lbfgs","continued_endpoint","continuation",10000,412,0.000425293123989935,TRUE,"returned","converged",FALSE,0.104633402713176,NA,0,NA,NA,NA,NA,"unavailable","unavailable","unavailable","available",0.0153052915147613,59432847875.848,115.546641733369,FALSE,250.86555085332,TRUE,FALSE,"accuracy_failed","explicit",0.00900000000000034,"","magmaan: post-fit solution is not covariance-admissible: Psi block 1 not PSD (partable rows 14, 15). Convergence status is unchanged; inspect fit$diagnostics$admissibility.",247.937871790152,-1.94232882319329,-246.94966284356,-246.668915898881,-0.380186018830179,FALSE
414,"development","weak_marker",20,4,0,202811285,"effect_coded","nlopt-lbfgs","continued_endpoint","continuation",50000,413,5.44024176509037e-05,TRUE,"returned","converged",FALSE,0.104630800601878,NA,0,NA,NA,NA,NA,"unavailable","unavailable","unavailable","available",0.0144277031516718,84600766419.356,129.955695465218,FALSE,282.066092470091,TRUE,FALSE,"accuracy_failed","explicit",0.00499999999999989,"","magmaan: post-fit solution is not covariance-admissible: Psi block 1 not PSD (partable rows 14, 15). Convergence status is unchanged; inspect fit$diagnostics$admissibility.",278.778040116164,-1.94249024948894,-277.789804546911,-277.50907429852,-0.380158916538709,FALSE
415,"development","weak_marker",20,4,0,202811285,"std_lv_positive","nlopt-lbfgs","continued_endpoint","continuation",1000,390,0.00172303691345542,TRUE,"returned","line_search_salvaged",TRUE,0.107185917480986,NA,0,NA,NA,NA,NA,"unavailable","unavailable","unavailable","available",0.010557487887156,912427095.687719,10.24687690309,FALSE,199.554003481054,TRUE,FALSE,"accuracy_failed","explicit",0.0139999999999993,"","magmaan: post-fit solution is not covariance-admissible: Theta block 1 not PSD (partable rows 8, 9, 10, 11, 12, 13). Convergence status is unchanged; inspect fit$diagnostics$admissibility.",209.279808045528,209.279808045528,2.26589694584439,2.26301790604628,0.00370902849642012,FALSE
416,"development","weak_marker",20,4,0,202811285,"std_lv_positive","nlopt-lbfgs","continued_endpoint","continuation",10000,415,0.000603682661229725,TRUE,"returned","line_search_salvaged",FALSE,0.107114943614609,NA,0,NA,NA,NA,NA,"unavailable","unavailable","unavailable","available",0.0182136326426044,270058639993.531,305.523472922421,FALSE,624.357967194049,TRUE,FALSE,"accuracy_failed","explicit",0.04,"","magmaan: post-fit solution is not covariance-admissible: Theta block 1 not PSD (partable rows 8, 9, 10, 11, 12, 13). Convergence status is unchanged; inspect fit$diagnostics$admissibility.",652.426731191892,652.426731191892,2.2672351365028,2.26631188883157,0.00118957885832337,FALSE
417,"development","weak_marker",20,4,0,202811285,"std_lv_positive","nlopt-lbfgs","continued_endpoint","continuation",50000,416,5.61027732130190e-09,TRUE,"returned","line_search_salvaged",FALSE,0.107114943614608,NA,0,NA,NA,NA,NA,"unavailable","unavailable","unavailable","available",0.0182270327885056,270458476871.826,305.97319817014,FALSE,624.35797055958,TRUE,FALSE,"accuracy_failed","explicit",0.00199999999999978,"","magmaan: post-fit solution is not covariance-admissible: Theta block 1 not PSD (partable rows 8, 9, 10, 11, 12, 13). Convergence status is unchanged; inspect fit$diagnostics$admissibility.",652.426731194667,652.426731194667,2.26723513636335,2.2663118886917,0.00118957885859201,FALSE
418,"development","weak_marker",20,4,0,202811285,"sphere","nlopt-lbfgs","continued_endpoint","continuation",1000,401,0.000121008823396881,TRUE,"returned","line_search_salvaged",FALSE,0.104662593298842,0.104662593298842,0,TRUE,TRUE,4.30578905863399e-10,0.000418401871953628,"representable","representable","representable","available",0.0229370862721056,5241949633.43576,51.4143272175427,FALSE,112.388879068739,TRUE,FALSE,"accuracy_failed","user",0.00600000000000023,"","magmaan: post-fit solution is not covariance-admissible: Psi block 1 not PSD (partable rows 14, 15). Convergence status is unchanged; inspect fit$diagnostics$admissibility.",111.060697486973,-1.94026259888121,-110.072784268009,-109.791813332845,-0.380540112639987,FALSE
419,"development","weak_marker",20,4,0,202811285,"sphere","nlopt-lbfgs","continued_endpoint","continuation",10000,418,1.18362435522445e-16,TRUE,"returned","line_search_salvaged",FALSE,0.104662593298842,0.104662593298842,0,TRUE,TRUE,0,0.000418401871953628,"representable","representable","representable","available",0.0229370830857089,5241947449.39019,51.4143129329204,FALSE,112.388879068739,TRUE,FALSE,"accuracy_failed","user",0.00400000000000045,"","magmaan: post-fit solution is not covariance-admissible: Psi block 1 not PSD (partable rows 14, 15). Convergence status is unchanged; inspect fit$diagnostics$admissibility.",111.060697486973,-1.94026259888121,-110.072784268009,-109.791813332845,-0.380540112639986,FALSE
420,"development","weak_marker",20,4,0,202811285,"sphere","nlopt-lbfgs","continued_endpoint","continuation",50000,419,0,TRUE,"returned","line_search_salvaged",FALSE,0.104662593298842,0.104662593298842,0,TRUE,TRUE,0,0.000418401871953628,"representable","representable","representable","available",0.0229370830857089,5241947449.39019,51.4143129329204,FALSE,112.388879068739,TRUE,FALSE,"accuracy_failed","user",0.00400000000000045,"","magmaan: post-fit solution is not covariance-admissible: Psi block 1 not PSD (partable rows 14, 15). Convergence status is unchanged; inspect fit$diagnostics$admissibility.",111.060697486973,-1.94026259888121,-110.072784268009,-109.791813332845,-0.380540112639986,FALSE
421,"development","weak_marker",20,4,0,202811285,"marker_31","port","continued_endpoint","continuation",1000,356,2.36332856533328e-16,TRUE,"returned","converged",TRUE,0.103174552826006,NA,0,NA,NA,NA,NA,"unavailable","unavailable","unavailable","available",1.6719683849571e-07,114437.082301775,2.50988116145201e-07,FALSE,3.11005474664425,FALSE,TRUE,"screened_candidate","explicit",0.00200000000000067,"","magmaan: post-fit solution is not covariance-admissible: Theta block 1 not PSD (partable rows 8, 9, 10, 11, 12, 13); Psi block 1 not PSD (partable rows 14, 15). Convergence status is unchanged; inspect fit$diagnostics$admissibility.",3.11005486514675,-2.13946406518389,2.69845669679059,2.96155968839513,-0.350679513130693,TRUE
422,"development","weak_marker",20,4,0,202811285,"marker_31","port","continued_endpoint","continuation",10000,421,0,TRUE,"returned","converged",TRUE,0.103174552826006,NA,0,NA,NA,NA,NA,"unavailable","unavailable","unavailable","available",1.6719683849571e-07,114437.082301775,2.50988116145201e-07,FALSE,3.11005474664425,FALSE,TRUE,"screened_candidate","explicit",0.00199999999999978,"","magmaan: post-fit solution is not covariance-admissible: Theta block 1 not PSD (partable rows 8, 9, 10, 11, 12, 13); Psi block 1 not PSD (partable rows 14, 15). Convergence status is unchanged; inspect fit$diagnostics$admissibility.",3.11005486514675,-2.13946406518389,2.69845669679059,2.96155968839513,-0.350679513130693,TRUE
423,"development","weak_marker",20,4,0,202811285,"marker_31","port","continued_endpoint","continuation",50000,422,0,TRUE,"returned","converged",TRUE,0.103174552826006,NA,0,NA,NA,NA,NA,"unavailable","unavailable","unavailable","available",1.6719683849571e-07,114437.082301775,2.50988116145201e-07,FALSE,3.11005474664425,FALSE,TRUE,"screened_candidate","explicit",0.00200000000000067,"","magmaan: post-fit solution is not covariance-admissible: Theta block 1 not PSD (partable rows 8, 9, 10, 11, 12, 13); Psi block 1 not PSD (partable rows 14, 15). Convergence status is unchanged; inspect fit$diagnostics$admissibility.",3.11005486514675,-2.13946406518389,2.69845669679059,2.96155968839513,-0.350679513130693,TRUE
424,"development","weak_marker",20,4,0,202811285,"effect_coded","port","continued_endpoint","continuation",1000,386,3.90409620987336e-12,TRUE,"returned","converged",FALSE,0.10461020852668,NA,0,NA,NA,NA,NA,"unavailable","unavailable","unavailable","ill_conditioned",0.00027100566095836,1925700821838042,336.570683755281,FALSE,26627.7913464294,TRUE,FALSE,"accuracy_unresolved","explicit",0.00199999999999978,"","magmaan: post-fit solution is not covariance-admissible: Psi block 1 not PSD (partable rows 14, 15). Convergence status is unchanged; inspect fit$diagnostics$admissibility.",26320.2986042243,-1.94376357309792,-26319.3101531757,-26319.0295547112,-0.379945167918402,FALSE
425,"development","weak_marker",20,4,0,202811285,"effect_coded","port","continued_endpoint","continuation",10000,424,1.16548011199456e-11,TRUE,"returned","converged",FALSE,0.10461020852668,NA,0,NA,NA,NA,NA,"unavailable","unavailable","unavailable","ill_conditioned",0.000256515052404084,1715624324694940,293.734412478725,FALSE,26627.7913461155,TRUE,FALSE,"accuracy_unresolved","explicit",0.00200000000000067,"","magmaan: post-fit solution is not covariance-admissible: Psi block 1 not PSD (partable rows 14, 15). Convergence status is unchanged; inspect fit$diagnostics$admissibility.",26320.2986042243,-1.9437635730977,-26319.3101531757,-26319.0295547112,-0.379945167918423,FALSE
426,"development","weak_marker",20,4,0,202811285,"effect_coded","port","continued_endpoint","continuation",50000,425,7.76986741329708e-12,TRUE,"returned","converged",FALSE,0.10461020852668,NA,0,NA,NA,NA,NA,"unavailable","unavailable","unavailable","ill_conditioned",0.000264407029731894,1945553415073996,316.772412365253,FALSE,26627.7913463248,TRUE,FALSE,"accuracy_unresolved","explicit",0.00300000000000011,"","magmaan: post-fit solution is not covariance-admissible: Psi block 1 not PSD (partable rows 14, 15). Convergence status is unchanged; inspect fit$diagnostics$admissibility.",26320.2986042243,-1.94376357309767,-26319.3101531757,-26319.0295547112,-0.379945167918426,FALSE
427,"development","weak_marker",20,4,0,202811285,"std_lv_positive","port","continued_endpoint","continuation",1000,395,0,TRUE,"returned","converged",TRUE,0.107108176235548,NA,0,NA,NA,NA,NA,"unavailable","unavailable","unavailable","available",0.0092852988061662,174824420795.222,125.268204453103,FALSE,784.184765549738,TRUE,FALSE,"screened_extreme","explicit",0.00199999999999978,"","magmaan: post-fit solution is not covariance-admissible: Theta block 1 not PSD (partable rows 8, 9, 10, 11, 12, 13). Convergence status is unchanged; inspect fit$diagnostics$admissibility.",819.121836420999,819.121836420999,2.26748163983113,2.26674635921418,0.000947441288539816,TRUE
428,"development","weak_marker",20,4,0,202811285,"std_lv_positive","port","continued_endpoint","continuation",10000,427,0,TRUE,"returned","converged",TRUE,0.107108176235548,NA,0,NA,NA,NA,NA,"unavailable","unavailable","unavailable","available",0.0092852988061662,174824420795.222,125.268204453103,FALSE,784.184765549738,TRUE,FALSE,"screened_extreme","explicit",0.00199999999999978,"","magmaan: post-fit solution is not covariance-admissible: Theta block 1 not PSD (partable rows 8, 9, 10, 11, 12, 13). Convergence status is unchanged; inspect fit$diagnostics$admissibility.",819.121836420999,819.121836420999,2.26748163983113,2.26674635921418,0.000947441288539816,TRUE
429,"development","weak_marker",20,4,0,202811285,"std_lv_positive","port","continued_endpoint","continuation",50000,428,0,TRUE,"returned","converged",TRUE,0.107108176235548,NA,0,NA,NA,NA,NA,"unavailable","unavailable","unavailable","available",0.0092852988061662,174824420795.222,125.268204453103,FALSE,784.184765549738,TRUE,FALSE,"screened_extreme","explicit",0.00199999999999978,"","magmaan: post-fit solution is not covariance-admissible: Theta block 1 not PSD (partable rows 8, 9, 10, 11, 12, 13). Convergence status is unchanged; inspect fit$diagnostics$admissibility.",819.121836420999,819.121836420999,2.26748163983113,2.26674635921418,0.000947441288539816,TRUE
430,"development","weak_marker",20,4,0,202811285,"sphere","port","continued_endpoint","continuation",1000,408,2.36332856533328e-16,TRUE,"returned","noisy_objective",FALSE,0.104610130774743,0.104610130774742,8.88178419700125e-16,TRUE,FALSE,0,1.1503578820508e-06,"near_chart_boundary","representable","representable","nonpositive_curvature",NA,NA,NA,FALSE,41143.0880019996,TRUE,FALSE,"sphere_first_order_failed","user",0.00199999999999978,"","magmaan: post-fit solution is not covariance-admissible: Psi block 1 not PSD (partable rows 14, 15). Convergence status is unchanged; inspect fit$diagnostics$admissibility.",40667.8318170175,-1.94375406626989,-40666.8433690555,-40666.5627686683,-0.379947398755953,FALSE
431,"development","weak_marker",20,4,0,202811285,"sphere","port","continued_endpoint","continuation",10000,430,7.76986741329708e-12,TRUE,"returned","noisy_objective",FALSE,0.104610130774742,0.104610130774743,8.88178419700125e-16,TRUE,FALSE,0,1.1503578820508e-06,"near_chart_boundary","representable","representable","nonpositive_curvature",NA,NA,NA,FALSE,41143.088002323,TRUE,FALSE,"sphere_first_order_failed","user",0.00299999999999923,"","magmaan: post-fit solution is not covariance-admissible: Psi block 1 not PSD (partable rows 14, 15). Convergence status is unchanged; inspect fit$diagnostics$admissibility.",40667.8318170175,-1.94375406626989,-40666.8433690555,-40666.5627686683,-0.379947398755953,FALSE
432,"development","weak_marker",20,4,0,202811285,"sphere","port","continued_endpoint","continuation",50000,431,4.72665713066656e-16,TRUE,"returned","noisy_objective",FALSE,0.104610130774742,0.104610130774742,4.44089209850063e-16,TRUE,FALSE,0,1.1503578820508e-06,"near_chart_boundary","representable","representable","nonpositive_curvature",NA,NA,NA,FALSE,41143.088002323,TRUE,FALSE,"sphere_first_order_failed","user",0.00300000000000011,"","magmaan: post-fit solution is not covariance-admissible: Psi block 1 not PSD (partable rows 14, 15). Convergence status is unchanged; inspect fit$diagnostics$admissibility.",40667.8318170175,-1.94375406626989,-40666.8433690555,-40666.5627686683,-0.379947398755953,FALSE
553,"development","weak_marker",100,2,10,202819283,"marker_33","nlopt-lbfgs","continued_endpoint","continuation",1000,513,0.000369401817135272,TRUE,"returned","converged",TRUE,0.0246900476407084,NA,0,NA,NA,NA,NA,"unavailable","unavailable","unavailable","available",0.00336775368552997,8787524005.20573,16.2805039219502,FALSE,60.6658713144038,TRUE,FALSE,"screened_extreme","explicit",0.00300000000000011,"","magmaan: post-fit solution is not covariance-admissible: Theta block 1 not PSD (partable rows 8, 9, 10, 11, 12, 13). Convergence status is unchanged; inspect fit$diagnostics$admissibility.",61.6708985505904,2.47421777466325,61.6708985505904,61.667033268099,-0.0395249799677401,TRUE
554,"development","weak_marker",100,2,10,202819283,"marker_33","nlopt-lbfgs","continued_endpoint","continuation",10000,553,4.62180381252843e-17,TRUE,"returned","converged",TRUE,0.0246900476407084,NA,0,NA,NA,NA,NA,"unavailable","unavailable","unavailable","available",0.00336775368553019,8787531676.34023,16.2805039219513,FALSE,60.6658713144038,TRUE,FALSE,"screened_extreme","explicit",0.00200000000000067,"","magmaan: post-fit solution is not covariance-admissible: Theta block 1 not PSD (partable rows 8, 9, 10, 11, 12, 13). Convergence status is unchanged; inspect fit$diagnostics$admissibility.",61.6708985505904,2.47421777466325,61.6708985505904,61.667033268099,-0.0395249799677401,TRUE
555,"development","weak_marker",100,2,10,202819283,"marker_33","nlopt-lbfgs","continued_endpoint","continuation",50000,554,0,TRUE,"returned","converged",TRUE,0.0246900476407084,NA,0,NA,NA,NA,NA,"unavailable","unavailable","unavailable","available",0.00336775368553019,8787531676.34023,16.2805039219513,FALSE,60.6658713144038,TRUE,FALSE,"screened_extreme","explicit",0.00199999999999978,"","magmaan: post-fit solution is not covariance-admissible: Theta block 1 not PSD (partable rows 8, 9, 10, 11, 12, 13). Convergence status is unchanged; inspect fit$diagnostics$admissibility.",61.6708985505904,2.47421777466325,61.6708985505904,61.667033268099,-0.0395249799677401,TRUE
556,"development","weak_marker",100,2,10,202819283,"effect_coded","nlopt-lbfgs","continued_endpoint","continuation",1000,524,0.00143556649893878,TRUE,"returned","converged",TRUE,0.0246901061021205,NA,0,NA,NA,NA,NA,"unavailable","unavailable","unavailable","available",0.00397636641700883,5148694626.56607,14.7204213887486,FALSE,53.4939112421804,TRUE,FALSE,"screened_extreme","explicit",0.00300000000000011,"","magmaan: post-fit solution is not covariance-admissible: Theta block 1 not PSD (partable rows 8, 9, 10, 11, 12, 13). Convergence status is unchanged; inspect fit$diagnostics$admissibility.",54.4993777989946,2.48642819272756,54.4993777989946,54.4955364724089,-0.0393054393643337,TRUE
557,"development","weak_marker",100,2,10,202819283,"effect_coded","nlopt-lbfgs","continued_endpoint","continuation",10000,556,2.27170847433863e-14,TRUE,"returned","converged",TRUE,0.024690106102121,NA,0,NA,NA,NA,NA,"unavailable","unavailable","unavailable","available",0.00397636710127166,5148695859.95256,14.7204264550034,FALSE,53.4939112421816,TRUE,FALSE,"screened_extreme","explicit",0.00199999999999978,"","magmaan: post-fit solution is not covariance-admissible: Theta block 1 not PSD (partable rows 8, 9, 10, 11, 12, 13). Convergence status is unchanged; inspect fit$diagnostics$admissibility.",54.4993777989946,2.48642819272756,54.4993777989946,54.4955364724089,-0.0393054393643337,TRUE
558,"development","weak_marker",100,2,10,202819283,"effect_coded","nlopt-lbfgs","continued_endpoint","continuation",50000,557,3.25457707425133e-15,TRUE,"returned","converged",TRUE,0.024690106102121,NA,0,NA,NA,NA,NA,"unavailable","unavailable","unavailable","available",0.00397636710127159,5148699193.9877,14.7204264550032,FALSE,53.4939112421816,TRUE,FALSE,"screened_extreme","explicit",0.00200000000000067,"","magmaan: post-fit solution is not covariance-admissible: Theta block 1 not PSD (partable rows 8, 9, 10, 11, 12, 13). Convergence status is unchanged; inspect fit$diagnostics$admissibility.",54.4993777989946,2.48642819272756,54.4993777989946,54.4955364724089,-0.0393054393643337,TRUE
559,"development","weak_marker",100,2,10,202819283,"std_lv_positive","nlopt-lbfgs","continued_endpoint","continuation",1000,533,0.00062270105605356,TRUE,"returned","line_search_salvaged",TRUE,0.0246900055817703,NA,0,NA,NA,NA,NA,"unavailable","unavailable","unavailable","available",0.00110516258868774,2245511458.76606,2.67905709952647,FALSE,68.6598366197527,TRUE,FALSE,"screened_extreme","explicit",0.0140000000000002,"","magmaan: post-fit solution is not covariance-admissible: Theta block 1 not PSD (partable rows 8, 9, 10, 11, 12, 13). Convergence status is unchanged; inspect fit$diagnostics$admissibility.",69.6655396687507,2.46394015035624,69.6655396687507,69.6616539836028,-0.0397117226264642,TRUE
560,"development","weak_marker",100,2,10,202819283,"std_lv_positive","nlopt-lbfgs","continued_endpoint","continuation",10000,559,1.60054639165747e-05,TRUE,"returned","converged",TRUE,0.0246900054883818,NA,0,NA,NA,NA,NA,"unavailable","unavailable","unavailable","available",0.00282983456038041,14953567747.8563,17.8387907405922,FALSE,68.6609419622337,TRUE,FALSE,"screened_extreme","explicit",0.00199999999999978,"","magmaan: post-fit solution is not covariance-admissible: Theta block 1 not PSD (partable rows 8, 9, 10, 11, 12, 13). Convergence status is unchanged; inspect fit$diagnostics$admissibility.",69.6655301244086,2.46394008340824,69.6655301244086,69.6616443940261,-0.0397119543141368,TRUE
561,"development","weak_marker",100,2,10,202819283,"std_lv_positive","nlopt-lbfgs","continued_endpoint","continuation",50000,560,0,TRUE,"returned","converged",TRUE,0.0246900054883818,NA,0,NA,NA,NA,NA,"unavailable","unavailable","unavailable","available",0.00282983456038041,14953567747.8563,17.8387907405922,FALSE,68.6609419622337,TRUE,FALSE,"screened_extreme","explicit",0.00199999999999978,"","magmaan: post-fit solution is not covariance-admissible: Theta block 1 not PSD (partable rows 8, 9, 10, 11, 12, 13). Convergence status is unchanged; inspect fit$diagnostics$admissibility.",69.6655301244086,2.46394008340824,69.6655301244086,69.6616443940261,-0.0397119543141368,TRUE
562,"development","weak_marker",100,2,10,202819283,"sphere","nlopt-lbfgs","continued_endpoint","continuation",1000,543,7.46102864557853e-09,TRUE,"returned","line_search_salvaged",TRUE,0.0246906625409773,0.024690662540976,1.33226762955019e-15,TRUE,TRUE,1.64090963039598e-13,0.00730601048610512,"representable","representable","representable","available",0.0075231846031302,583308888.090633,9.39762540894713,FALSE,31.4867139268811,TRUE,FALSE,"screened_extreme","user",0.00199999999999978,"","magmaan: post-fit solution is not covariance-admissible: Theta block 1 not PSD (partable rows 8, 9, 10, 11, 12, 13). Convergence status is unchanged; inspect fit$diagnostics$admissibility.",32.4942665087548,2.55862082655593,32.4942665087548,32.4905613440685,-0.0380540419648182,TRUE
563,"development","weak_marker",100,2,10,202819283,"sphere","nlopt-lbfgs","continued_endpoint","continuation",10000,562,2.15593948593211e-05,TRUE,"returned","line_search_salvaged",TRUE,0.0246906423278741,0.0246906423278741,0,TRUE,TRUE,5.58143753437434e-10,0.00722467086562867,"representable","representable","representable","available",0.00744040635123225,613379674.225372,9.52994675508926,FALSE,31.8511203244299,TRUE,FALSE,"screened_extreme","user",0.00400000000000045,"","magmaan: post-fit solution is not covariance-admissible: Theta block 1 not PSD (partable rows 8, 9, 10, 11, 12, 13). Convergence status is unchanged; inspect fit$diagnostics$admissibility.",32.8586021157657,2.55765798927624,32.8586021157657,32.8548949937007,-0.0380712562971501,TRUE
564,"development","weak_marker",100,2,10,202819283,"sphere","nlopt-lbfgs","continued_endpoint","continuation",50000,563,4.37939127504328e-05,TRUE,"returned","line_search_salvaged",TRUE,0.0246906020741391,0.0246906020741382,8.88178419700125e-16,TRUE,TRUE,1.34587241351625e-09,0.00705938987578472,"representable","representable","representable","available",0.00723883620865594,674569380.460603,9.72207977940708,FALSE,32.6175459347484,TRUE,FALSE,"screened_extreme","user",0.00499999999999989,"","magmaan: post-fit solution is not covariance-admissible: Theta block 1 not PSD (partable rows 8, 9, 10, 11, 12, 13). Convergence status is unchanged; inspect fit$diagnostics$admissibility.",33.6249294129495,2.5531067155224,33.6249294129495,33.6212140565341,-0.0381474714868333,TRUE
565,"development","weak_marker",100,2,10,202819283,"marker_33","port","continued_endpoint","continuation",1000,519,7.3382425827984e-07,TRUE,"returned","converged",FALSE,0.0246899183627876,NA,0,NA,NA,NA,NA,"unavailable","unavailable","unavailable","ill_conditioned",0.001119595435533,3785626313429.24,112.105964744524,FALSE,148.274826214214,TRUE,FALSE,"accuracy_unresolved","explicit",0.00200000000000067,"","magmaan: post-fit solution is not covariance-admissible: Theta block 1 not PSD (partable rows 8, 9, 10, 11, 12, 13). Convergence status is unchanged; inspect fit$diagnostics$admissibility.",149.276330647652,2.4225439021547,149.276330647652,149.272360372433,-0.04048316685222,FALSE
566,"development","weak_marker",100,2,10,202819283,"marker_33","port","continued_endpoint","continuation",10000,565,5.2286487309505e-07,TRUE,"returned","converged",TRUE,0.0246899183625491,NA,0,NA,NA,NA,NA,"unavailable","unavailable","unavailable","available",0.000324065750766301,316763799051.236,9.38115065364484,FALSE,148.274790877543,TRUE,FALSE,"screened_extreme","explicit",0.00199999999999978,"","magmaan: post-fit solution is not covariance-admissible: Theta block 1 not PSD (partable rows 8, 9, 10, 11, 12, 13). Convergence status is unchanged; inspect fit$diagnostics$admissibility.",149.276330762009,2.42254411393609,149.276330762009,149.272360494074,-0.0404831279400613,TRUE
567,"development","weak_marker",100,2,10,202819283,"marker_33","port","continued_endpoint","continuation",50000,566,2.15547726748525e-07,TRUE,"returned","converged",FALSE,0.0246899183624811,NA,0,NA,NA,NA,NA,"unavailable","unavailable","unavailable","ill_conditioned",0.000800708484696971,1935826008182.24,57.3376329667419,FALSE,148.274822948631,TRUE,FALSE,"accuracy_unresolved","explicit",0.00199999999999978,"","magmaan: post-fit solution is not covariance-admissible: Theta block 1 not PSD (partable rows 8, 9, 10, 11, 12, 13). Convergence status is unchanged; inspect fit$diagnostics$admissibility.",149.276330657862,2.42254406483842,149.276330657862,149.272360384032,-0.040483158406133,FALSE
568,"development","weak_marker",100,2,10,202819283,"effect_coded","port","continued_endpoint","continuation",1000,529,6.05788926490302e-14,TRUE,"returned","converged",TRUE,0.0246899177506981,NA,0,NA,NA,NA,NA,"unavailable","unavailable","unavailable","available",8.06809097230653e-05,45247350251.7405,0.834856536708604,FALSE,155.567249026448,TRUE,FALSE,"screened_extreme","explicit",0.00199999999999978,"","magmaan: post-fit solution is not covariance-admissible: Theta block 1 not PSD (partable rows 8, 9, 10, 11, 12, 13). Convergence status is unchanged; inspect fit$diagnostics$admissibility.",156.568946654817,2.42074116450986,156.568946654817,156.564972650181,-0.0405172542839864,TRUE
569,"development","weak_marker",100,2,10,202819283,"effect_coded","port","continued_endpoint","continuation",10000,568,6.05788926490302e-14,TRUE,"returned","converged",TRUE,0.0246899177506981,NA,0,NA,NA,NA,NA,"unavailable","unavailable","unavailable","available",8.06808731939658e-05,45247178713.5181,0.834855694030294,FALSE,155.567249026458,TRUE,FALSE,"screened_extreme","explicit",0.00300000000000011,"","magmaan: post-fit solution is not covariance-admissible: Theta block 1 not PSD (partable rows 8, 9, 10, 11, 12, 13). Convergence status is unchanged; inspect fit$diagnostics$admissibility.",156.568946654817,2.42074116450986,156.568946654817,156.564972650181,-0.0405172542839864,TRUE
570,"development","weak_marker",100,2,10,202819283,"effect_coded","port","continued_endpoint","continuation",50000,569,6.05788926490302e-14,TRUE,"returned","converged",TRUE,0.0246899177506981,NA,0,NA,NA,NA,NA,"unavailable","unavailable","unavailable","available",8.06813459370036e-05,45247869072.1336,0.834866648985968,FALSE,155.567249026467,TRUE,FALSE,"screened_extreme","explicit",0.00199999999999978,"","magmaan: post-fit solution is not covariance-admissible: Theta block 1 not PSD (partable rows 8, 9, 10, 11, 12, 13). Convergence status is unchanged; inspect fit$diagnostics$admissibility.",156.568946654817,2.42074116450986,156.568946654817,156.56497265018,-0.0405172542839864,TRUE
571,"development","weak_marker",100,2,10,202819283,"std_lv_positive","port","continued_endpoint","continuation",1000,539,4.62180381252843e-17,TRUE,"returned","converged",TRUE,0.0246899233616804,NA,0,NA,NA,NA,NA,"unavailable","unavailable","unavailable","available",0.000386922581886828,41751161979.7477,4.05941042716817,FALSE,124.117460449963,TRUE,FALSE,"screened_extreme","explicit",0.00200000000000067,"","magmaan: post-fit solution is not covariance-admissible: Theta block 1 not PSD (partable rows 8, 9, 10, 11, 12, 13). Convergence status is unchanged; inspect fit$diagnostics$admissibility.",125.120245371001,2.42931351501094,125.120245371001,125.116289197921,-0.0403548612622856,TRUE
572,"development","weak_marker",100,2,10,202819283,"std_lv_positive","port","continued_endpoint","continuation",10000,571,0,TRUE,"returned","converged",TRUE,0.0246899233616804,NA,0,NA,NA,NA,NA,"unavailable","unavailable","unavailable","available",0.000386922581886828,41751161979.7477,4.05941042716817,FALSE,124.117460449963,TRUE,FALSE,"screened_extreme","explicit",0.00199999999999978,"","magmaan: post-fit solution is not covariance-admissible: Theta block 1 not PSD (partable rows 8, 9, 10, 11, 12, 13). Convergence status is unchanged; inspect fit$diagnostics$admissibility.",125.120245371001,2.42931351501094,125.120245371001,125.116289197921,-0.0403548612622856,TRUE
573,"development","weak_marker",100,2,10,202819283,"std_lv_positive","port","continued_endpoint","continuation",50000,572,0,TRUE,"returned","converged",TRUE,0.0246899233616804,NA,0,NA,NA,NA,NA,"unavailable","unavailable","unavailable","available",0.000386922581886828,41751161979.7477,4.05941042716817,FALSE,124.117460449963,TRUE,FALSE,"screened_extreme","explicit",0.00300000000000011,"","magmaan: post-fit solution is not covariance-admissible: Theta block 1 not PSD (partable rows 8, 9, 10, 11, 12, 13). Convergence status is unchanged; inspect fit$diagnostics$admissibility.",125.120245371001,2.42931351501094,125.120245371001,125.116289197921,-0.0403548612622856,TRUE
574,"development","weak_marker",100,2,10,202819283,"sphere","port","continued_endpoint","continuation",1000,548,9.08683389735453e-14,TRUE,"returned","converged",TRUE,0.024689917254987,0.0246899172549866,4.44089209850063e-16,TRUE,TRUE,0,0.00140037824226519,"representable","representable","representable","ill_conditioned",9.9019526587316e-05,1080202280616.41,5.2959718012999,FALSE,167.983390587366,TRUE,FALSE,"accuracy_unresolved","user",0.00300000000000011,"","magmaan: post-fit solution is not covariance-admissible: Theta block 1 not PSD (partable rows 8, 9, 10, 11, 12, 13). Convergence status is unchanged; inspect fit$diagnostics$admissibility.",168.984304269759,2.41824303743097,168.984304269759,168.980325041195,-0.0405648122006905,FALSE
575,"development","weak_marker",100,2,10,202819283,"sphere","port","continued_endpoint","continuation",10000,574,6.05788926490302e-14,TRUE,"returned","converged",TRUE,0.024689917254987,0.0246899172549866,4.44089209850063e-16,TRUE,TRUE,0,0.00140037824226519,"representable","representable","representable","ill_conditioned",9.90242990296959e-05,1080209324697.99,5.29648231791805,FALSE,167.983390587356,TRUE,FALSE,"accuracy_unresolved","user",0.00300000000000011,"","magmaan: post-fit solution is not covariance-admissible: Theta block 1 not PSD (partable rows 8, 9, 10, 11, 12, 13). Convergence status is unchanged; inspect fit$diagnostics$admissibility.",168.984304269759,2.41824303743097,168.984304269759,168.980325041195,-0.0405648122006905,FALSE
576,"development","weak_marker",100,2,10,202819283,"sphere","port","continued_endpoint","continuation",50000,575,6.05788926490302e-14,TRUE,"returned","converged",TRUE,0.0246899172549866,0.0246899172549857,8.88178419700125e-16,TRUE,TRUE,0,0.00140037824226519,"representable","representable","representable","ill_conditioned",9.90171406243546e-05,1080221815466.01,5.29571657988108,FALSE,167.983390587346,TRUE,FALSE,"accuracy_unresolved","user",0.00300000000000011,"","magmaan: post-fit solution is not covariance-admissible: Theta block 1 not PSD (partable rows 8, 9, 10, 11, 12, 13). Convergence status is unchanged; inspect fit$diagnostics$admissibility.",168.984304269759,2.41824303743097,168.984304269759,168.980325041195,-0.0405648122006905,FALSE
697,"fresh","ernst",20,1,2,902711282,"marker_13","nlopt-lbfgs","continued_endpoint","continuation",1000,600,0.00197387420018557,TRUE,"returned","converged",TRUE,0.0766199290621783,NA,0,NA,NA,NA,NA,"unavailable","unavailable","unavailable","available",5.58677401521359e-08,186983406.596345,3.16657636555891e-06,FALSE,27.5092461433704,TRUE,FALSE,"screened_extreme","explicit",0.00300000000000011,"","magmaan: post-fit solution is not covariance-admissible: Theta block 1 not PSD (partable rows 8, 9, 10, 11, 12, 13); Psi block 1 not PSD (partable rows 14, 15). Convergence status is unchanged; inspect fit$diagnostics$admissibility.",27.5092463041029,3.38892691505168,-26.5162324800843,-26.5476558190709,0.0962930768072085,TRUE
698,"fresh","ernst",20,1,2,902711282,"marker_13","nlopt-lbfgs","continued_endpoint","continuation",10000,697,4.50080618452435e-17,TRUE,"returned","converged",TRUE,0.0766199290621783,NA,0,NA,NA,NA,NA,"unavailable","unavailable","unavailable","available",5.58677398596394e-08,186983403.814452,3.16657688228323e-06,FALSE,27.5092461433704,TRUE,FALSE,"screened_extreme","explicit",0.00300000000000011,"","magmaan: post-fit solution is not covariance-admissible: Theta block 1 not PSD (partable rows 8, 9, 10, 11, 12, 13); Psi block 1 not PSD (partable rows 14, 15). Convergence status is unchanged; inspect fit$diagnostics$admissibility.",27.5092463041029,3.38892691505168,-26.5162324800843,-26.5476558190709,0.0962930768072085,TRUE
699,"fresh","ernst",20,1,2,902711282,"marker_13","nlopt-lbfgs","continued_endpoint","continuation",50000,698,0,TRUE,"returned","converged",TRUE,0.0766199290621783,NA,0,NA,NA,NA,NA,"unavailable","unavailable","unavailable","available",5.58677398596394e-08,186983403.814452,3.16657688228323e-06,FALSE,27.5092461433704,TRUE,FALSE,"screened_extreme","explicit",0.00200000000000067,"","magmaan: post-fit solution is not covariance-admissible: Theta block 1 not PSD (partable rows 8, 9, 10, 11, 12, 13); Psi block 1 not PSD (partable rows 14, 15). Convergence status is unchanged; inspect fit$diagnostics$admissibility.",27.5092463041029,3.38892691505168,-26.5162324800843,-26.5476558190709,0.0962930768072085,TRUE
700,"fresh","ernst",20,1,2,902711282,"effect_coded","nlopt-lbfgs","continued_endpoint","continuation",1000,667,0.000439425010725673,TRUE,"returned","converged",TRUE,0.0766199290621783,NA,0,NA,NA,NA,NA,"unavailable","unavailable","unavailable","available",9.12836136330593e-09,186997980.306869,5.05449146021066e-06,FALSE,27.5092476019017,TRUE,FALSE,"screened_extreme","explicit",0.00200000000000067,"","magmaan: post-fit solution is not covariance-admissible: Theta block 1 not PSD (partable rows 8, 9, 10, 11, 12, 13); Psi block 1 not PSD (partable rows 14, 15). Convergence status is unchanged; inspect fit$diagnostics$admissibility.",27.5092476082257,3.38892689218839,-26.5162337896002,-26.5476571274865,0.0962930754461543,TRUE
701,"fresh","ernst",20,1,2,902711282,"effect_coded","nlopt-lbfgs","continued_endpoint","continuation",10000,700,9.81762083166621e-15,TRUE,"returned","converged",TRUE,0.0766199290621792,NA,0,NA,NA,NA,NA,"unavailable","unavailable","unavailable","available",9.1283624936611e-09,186997979.106419,5.05449133656779e-06,FALSE,27.509247601902,TRUE,FALSE,"screened_extreme","explicit",0.00200000000000067,"","magmaan: post-fit solution is not covariance-admissible: Theta block 1 not PSD (partable rows 8, 9, 10, 11, 12, 13); Psi block 1 not PSD (partable rows 14, 15). Convergence status is unchanged; inspect fit$diagnostics$admissibility.",27.5092476082257,3.38892689218839,-26.5162337896002,-26.5476571274866,0.0962930754461543,TRUE
702,"fresh","ernst",20,1,2,902711282,"effect_coded","nlopt-lbfgs","continued_endpoint","continuation",50000,701,6.00360935360186e-15,TRUE,"returned","converged",TRUE,0.0766199290621792,NA,0,NA,NA,NA,NA,"unavailable","unavailable","unavailable","available",9.12837247391608e-09,186997979.864114,5.05449150422661e-06,FALSE,27.509247601902,TRUE,FALSE,"screened_extreme","explicit",0.00199999999999889,"","magmaan: post-fit solution is not covariance-admissible: Theta block 1 not PSD (partable rows 8, 9, 10, 11, 12, 13); Psi block 1 not PSD (partable rows 14, 15). Convergence status is unchanged; inspect fit$diagnostics$admissibility.",27.5092476082257,3.3889268921884,-26.5162337896002,-26.5476571274866,0.0962930754461543,TRUE
703,"fresh","ernst",20,1,2,902711282,"std_lv_positive","nlopt-lbfgs","continued_endpoint","continuation",1000,678,0.00146596719559859,TRUE,"returned","line_search_salvaged",TRUE,0.0766443777992105,NA,0,NA,NA,NA,NA,"unavailable","unavailable","unavailable","available",0.00462263911450539,3031447016.1343,27.7473105969996,FALSE,140.045190706042,TRUE,FALSE,"screened_extreme","explicit",0.0139999999999993,"","magmaan: post-fit solution is not covariance-admissible: Theta block 1 not PSD (partable rows 8, 9, 10, 11, 12, 13). Convergence status is unchanged; inspect fit$diagnostics$admissibility.",141.36553368785,3.35818677472642,141.36553368785,141.333161339205,0.0981826344669092,TRUE
704,"fresh","ernst",20,1,2,902711282,"std_lv_positive","nlopt-lbfgs","continued_endpoint","continuation",10000,703,0.000547099978089364,TRUE,"returned","converged",TRUE,0.0766402321182662,NA,0,NA,NA,NA,NA,"unavailable","unavailable","unavailable","available",0.00552472803282357,133465163068.874,220.421690498486,FALSE,315.316472730605,TRUE,FALSE,"screened_extreme","explicit",0.048,"","magmaan: post-fit solution is not covariance-admissible: Theta block 1 not PSD (partable rows 8, 9, 10, 11, 12, 13). Convergence status is unchanged; inspect fit$diagnostics$admissibility.",316.949956242322,3.36078485749216,316.949956242322,316.917666357282,0.0980195926949759,TRUE
705,"fresh","ernst",20,1,2,902711282,"std_lv_positive","nlopt-lbfgs","continued_endpoint","continuation",50000,704,1.36635659210191e-16,TRUE,"returned","converged",TRUE,0.0766402321182662,NA,0,NA,NA,NA,NA,"unavailable","unavailable","unavailable","available",0.0055247072203704,133464940423.301,220.42002978055,FALSE,315.316472730605,TRUE,FALSE,"screened_extreme","explicit",0.00199999999999889,"","magmaan: post-fit solution is not covariance-admissible: Theta block 1 not PSD (partable rows 8, 9, 10, 11, 12, 13). Convergence status is unchanged; inspect fit$diagnostics$admissibility.",316.949956242322,3.36078485749216,316.949956242322,316.917666357282,0.0980195926949759,TRUE
706,"fresh","ernst",20,1,2,902711282,"sphere","nlopt-lbfgs","continued_endpoint","continuation",1000,690,3.92661896373806e-09,TRUE,"returned","line_search_salvaged",TRUE,0.0766200023394301,0.0766200023394301,0,TRUE,TRUE,7.88258347483861e-15,0.0188570950787329,"representable","representable","representable","available",0.00161604332232075,129595212.9327,1.98860435767976,FALSE,25.8701611769772,TRUE,FALSE,"screened_extreme","user",0.00300000000000011,"","magmaan: post-fit solution is not covariance-admissible: Theta block 1 not PSD (partable rows 8, 9, 10, 11, 12, 13); Psi block 1 not PSD (partable rows 14, 15). Convergence status is unchanged; inspect fit$diagnostics$admissibility.",25.8668721236149,3.39066139377006,-24.8744415069481,-24.9058127818454,0.0961886597418879,TRUE
707,"fresh","ernst",20,1,2,902711282,"sphere","nlopt-lbfgs","continued_endpoint","continuation",10000,706,1.24478734265019e-18,TRUE,"returned","line_search_salvaged",TRUE,0.0766200023394301,0.0766200023394301,0,TRUE,TRUE,0,0.0188570950787329,"representable","representable","representable","available",0.00161604332232075,129595213.404345,1.98860435767976,FALSE,25.8701611769772,TRUE,FALSE,"screened_extreme","user",0.00300000000000011,"","magmaan: post-fit solution is not covariance-admissible: Theta block 1 not PSD (partable rows 8, 9, 10, 11, 12, 13); Psi block 1 not PSD (partable rows 14, 15). Convergence status is unchanged; inspect fit$diagnostics$admissibility.",25.8668721236149,3.39066139377006,-24.8744415069481,-24.9058127818454,0.0961886597418879,TRUE
708,"fresh","ernst",20,1,2,902711282,"sphere","nlopt-lbfgs","continued_endpoint","continuation",50000,707,3.9893514782721e-09,TRUE,"returned","line_search_salvaged",TRUE,0.076620002339431,0.0766200023394301,8.88178419700125e-16,TRUE,TRUE,1.11022302462516e-16,0.0188570950413842,"representable","representable","representable","available",0.00161601442078961,129590577.989523,1.98853322986447,FALSE,25.8701611778207,TRUE,FALSE,"screened_extreme","user",0.00300000000000011,"","magmaan: post-fit solution is not covariance-admissible: Theta block 1 not PSD (partable rows 8, 9, 10, 11, 12, 13); Psi block 1 not PSD (partable rows 14, 15). Convergence status is unchanged; inspect fit$diagnostics$admissibility.",25.866872123869,3.39066139376636,-24.874441507198,-24.9058127820799,0.0961886597182888,TRUE
709,"fresh","ernst",20,1,2,902711282,"marker_13","port","continued_endpoint","continuation",1000,605,6.83178296050956e-17,TRUE,"returned","converged",TRUE,0.076619929062236,NA,0,NA,NA,NA,NA,"unavailable","unavailable","unavailable","available",1.50848778825822e-06,185873203.206109,0.000646283607815874,FALSE,27.5087965897658,TRUE,FALSE,"screened_extreme","explicit",0.00300000000000011,"","magmaan: post-fit solution is not covariance-admissible: Theta block 1 not PSD (partable rows 8, 9, 10, 11, 12, 13); Psi block 1 not PSD (partable rows 14, 15). Convergence status is unchanged; inspect fit$diagnostics$admissibility.",27.5087949845068,3.38893172909308,-26.5157813409891,-26.547204575239,0.0962928479373963,TRUE
710,"fresh","ernst",20,1,2,902711282,"marker_13","port","continued_endpoint","continuation",10000,709,0,TRUE,"returned","converged",TRUE,0.076619929062236,NA,0,NA,NA,NA,NA,"unavailable","unavailable","unavailable","available",1.50848778825822e-06,185873203.206109,0.000646283607815874,FALSE,27.5087965897658,TRUE,FALSE,"screened_extreme","explicit",0.00199999999999889,"","magmaan: post-fit solution is not covariance-admissible: Theta block 1 not PSD (partable rows 8, 9, 10, 11, 12, 13); Psi block 1 not PSD (partable rows 14, 15). Convergence status is unchanged; inspect fit$diagnostics$admissibility.",27.5087949845068,3.38893172909308,-26.5157813409891,-26.547204575239,0.0962928479373963,TRUE
711,"fresh","ernst",20,1,2,902711282,"marker_13","port","continued_endpoint","continuation",50000,710,0,TRUE,"returned","converged",TRUE,0.076619929062236,NA,0,NA,NA,NA,NA,"unavailable","unavailable","unavailable","available",1.50848778825822e-06,185873203.206109,0.000646283607815874,FALSE,27.5087965897658,TRUE,FALSE,"screened_extreme","explicit",0.00200000000000067,"","magmaan: post-fit solution is not covariance-admissible: Theta block 1 not PSD (partable rows 8, 9, 10, 11, 12, 13); Psi block 1 not PSD (partable rows 14, 15). Convergence status is unchanged; inspect fit$diagnostics$admissibility.",27.5087949845068,3.38893172909308,-26.5157813409891,-26.547204575239,0.0962928479373963,TRUE
712,"fresh","ernst",20,1,2,902711282,"effect_coded","port","continued_endpoint","continuation",1000,675,4.90881041583311e-15,TRUE,"returned","converged",TRUE,0.0766199290625575,NA,0,NA,NA,NA,NA,"unavailable","unavailable","unavailable","available",3.91209633568195e-06,189335404.060251,0.00480863068498914,FALSE,27.5059756314702,TRUE,FALSE,"screened_extreme","explicit",0.00200000000000067,"","magmaan: post-fit solution is not covariance-admissible: Theta block 1 not PSD (partable rows 8, 9, 10, 11, 12, 13); Psi block 1 not PSD (partable rows 14, 15). Convergence status is unchanged; inspect fit$diagnostics$admissibility.",27.505964209103,3.38892364785098,-26.5129516656348,-26.5443750069851,0.0962931268458949,TRUE
713,"fresh","ernst",20,1,2,902711282,"effect_coded","port","continued_endpoint","continuation",10000,712,4.95088680297679e-16,TRUE,"returned","converged",TRUE,0.0766199290625575,NA,0,NA,NA,NA,NA,"unavailable","unavailable","unavailable","available",3.91209633197241e-06,189335404.07086,0.00480863067205293,FALSE,27.5059756314702,TRUE,FALSE,"screened_extreme","explicit",0.00200000000000067,"","magmaan: post-fit solution is not covariance-admissible: Theta block 1 not PSD (partable rows 8, 9, 10, 11, 12, 13); Psi block 1 not PSD (partable rows 14, 15). Convergence status is unchanged; inspect fit$diagnostics$admissibility.",27.505964209103,3.38892364785098,-26.5129516656348,-26.5443750069851,0.0962931268458949,TRUE
714,"fresh","ernst",20,1,2,902711282,"effect_coded","port","continued_endpoint","continuation",50000,713,0,TRUE,"returned","converged",TRUE,0.0766199290625575,NA,0,NA,NA,NA,NA,"unavailable","unavailable","unavailable","available",3.91209633197241e-06,189335404.07086,0.00480863067205293,FALSE,27.5059756314702,TRUE,FALSE,"screened_extreme","explicit",0.00199999999999889,"","magmaan: post-fit solution is not covariance-admissible: Theta block 1 not PSD (partable rows 8, 9, 10, 11, 12, 13); Psi block 1 not PSD (partable rows 14, 15). Convergence status is unchanged; inspect fit$diagnostics$admissibility.",27.505964209103,3.38892364785098,-26.5129516656348,-26.5443750069851,0.0962931268458949,TRUE
715,"fresh","ernst",20,1,2,902711282,"std_lv_positive","port","continued_endpoint","continuation",1000,683,1.15582867701878e-16,TRUE,"returned","converged",TRUE,0.076639141204768,NA,0,NA,NA,NA,NA,"unavailable","unavailable","unavailable","available",0.00286886931041542,211231698506.04,143.947585617422,FALSE,484.407716198399,TRUE,FALSE,"screened_extreme","explicit",0.00199999999999889,"","magmaan: post-fit solution is not covariance-admissible: Theta block 1 not PSD (partable rows 8, 9, 10, 11, 12, 13). Convergence status is unchanged; inspect fit$diagnostics$admissibility.",486.356786367019,3.3615354789742,486.356786367019,486.324520686431,0.097971907874846,TRUE
716,"fresh","ernst",20,1,2,902711282,"std_lv_positive","port","continued_endpoint","continuation",10000,715,0,TRUE,"returned","converged",TRUE,0.076639141204768,NA,0,NA,NA,NA,NA,"unavailable","unavailable","unavailable","available",0.00286886931041542,211231698506.04,143.947585617422,FALSE,484.407716198399,TRUE,FALSE,"screened_extreme","explicit",0.00199999999999889,"","magmaan: post-fit solution is not covariance-admissible: Theta block 1 not PSD (partable rows 8, 9, 10, 11, 12, 13). Convergence status is unchanged; inspect fit$diagnostics$admissibility.",486.356786367019,3.3615354789742,486.356786367019,486.324520686431,0.097971907874846,TRUE
717,"fresh","ernst",20,1,2,902711282,"std_lv_positive","port","continued_endpoint","continuation",50000,716,0,TRUE,"returned","converged",TRUE,0.076639141204768,NA,0,NA,NA,NA,NA,"unavailable","unavailable","unavailable","available",0.00286886931041542,211231698506.04,143.947585617422,FALSE,484.407716198399,TRUE,FALSE,"screened_extreme","explicit",0.00300000000000011,"","magmaan: post-fit solution is not covariance-admissible: Theta block 1 not PSD (partable rows 8, 9, 10, 11, 12, 13). Convergence status is unchanged; inspect fit$diagnostics$admissibility.",486.356786367019,3.3615354789742,486.356786367019,486.324520686431,0.097971907874846,TRUE
718,"fresh","ernst",20,1,2,902711282,"sphere","port","continued_endpoint","continuation",1000,695,4.90881041583311e-15,TRUE,"returned","singular_convergence",TRUE,0.0766199290622844,0.0766199290622849,4.44089209850063e-16,TRUE,TRUE,0,0.0176968229104318,"representable","representable","representable","available",2.0600400261393e-06,186977608.482277,0.0025804974994684,FALSE,27.5074619496535,TRUE,FALSE,"screened_extreme","user",0.00199999999999889,"","magmaan: post-fit solution is not covariance-admissible: Theta block 1 not PSD (partable rows 8, 9, 10, 11, 12, 13); Psi block 1 not PSD (partable rows 14, 15). Convergence status is unchanged; inspect fit$diagnostics$admissibility.",27.5074615839345,3.38893311922667,-26.5144482458689,-26.5458714767059,0.0962928229586435,TRUE
719,"fresh","ernst",20,1,2,902711282,"sphere","port","continued_endpoint","continuation",10000,718,9.81762083166621e-15,TRUE,"returned","singular_convergence",TRUE,0.0766199290622844,0.0766199290622844,0,TRUE,TRUE,0,0.0176968229104318,"representable","representable","representable","available",2.06004003408826e-06,186977611.728191,0.00258049754077336,FALSE,27.5074619496538,TRUE,FALSE,"screened_extreme","user",0.00300000000000011,"","magmaan: post-fit solution is not covariance-admissible: Theta block 1 not PSD (partable rows 8, 9, 10, 11, 12, 13); Psi block 1 not PSD (partable rows 14, 15). Convergence status is unchanged; inspect fit$diagnostics$admissibility.",27.5074615839345,3.38893311922667,-26.5144482458689,-26.5458714767059,0.0962928229586436,TRUE
720,"fresh","ernst",20,1,2,902711282,"sphere","port","continued_endpoint","continuation",50000,719,9.81762083166621e-15,TRUE,"returned","singular_convergence",TRUE,0.0766199290622844,0.0766199290622844,0,TRUE,TRUE,0,0.0176968229104318,"representable","representable","representable","available",2.06004001040922e-06,186977609.067725,0.00258049747190124,FALSE,27.507461949654,TRUE,FALSE,"screened_extreme","user",0.00300000000000011,"","magmaan: post-fit solution is not covariance-admissible: Theta block 1 not PSD (partable rows 8, 9, 10, 11, 12, 13); Psi block 1 not PSD (partable rows 14, 15). Convergence status is unchanged; inspect fit$diagnostics$admissibility.",27.5074615839345,3.38893311922667,-26.514448245869,-26.5458714767059,0.0962928229586436,TRUE
841,"fresh","weak_marker",20,1,2,902811282,"marker_31","nlopt-lbfgs","continued_endpoint","continuation",1000,783,0,TRUE,"returned","converged",TRUE,0.291758862351737,NA,0,NA,NA,NA,NA,"unavailable","unavailable","unavailable","available",5.63933809403024e-08,4996289.65845861,1.74946455624576e-07,FALSE,8.66084464696787,FALSE,TRUE,"screened_candidate","explicit",0.00199999999999889,"","magmaan: post-fit solution is not covariance-admissible: Theta block 1 not PSD (partable rows 8, 9, 10, 11, 12, 13); Psi block 1 not PSD (partable rows 14, 15). Convergence status is unchanged; inspect fit$diagnostics$admissibility.",13.6648718618243,-0.0482652842389771,1.17643880100703,10.188953692187,-13.6648718618243,TRUE
842,"fresh","weak_marker",20,1,2,902811282,"marker_31","nlopt-lbfgs","continued_endpoint","continuation",10000,841,0,TRUE,"returned","converged",TRUE,0.291758862351737,NA,0,NA,NA,NA,NA,"unavailable","unavailable","unavailable","available",5.63933809403024e-08,4996289.65845861,1.74946455624576e-07,FALSE,8.66084464696787,FALSE,TRUE,"screened_candidate","explicit",0.00200000000000067,"","magmaan: post-fit solution is not covariance-admissible: Theta block 1 not PSD (partable rows 8, 9, 10, 11, 12, 13); Psi block 1 not PSD (partable rows 14, 15). Convergence status is unchanged; inspect fit$diagnostics$admissibility.",13.6648718618243,-0.0482652842389771,1.17643880100703,10.188953692187,-13.6648718618243,TRUE
843,"fresh","weak_marker",20,1,2,902811282,"marker_31","nlopt-lbfgs","continued_endpoint","continuation",50000,842,0,TRUE,"returned","converged",TRUE,0.291758862351737,NA,0,NA,NA,NA,NA,"unavailable","unavailable","unavailable","available",5.63933809403024e-08,4996289.65845861,1.74946455624576e-07,FALSE,8.66084464696787,FALSE,TRUE,"screened_candidate","explicit",0.00300000000000011,"","magmaan: post-fit solution is not covariance-admissible: Theta block 1 not PSD (partable rows 8, 9, 10, 11, 12, 13); Psi block 1 not PSD (partable rows 14, 15). Convergence status is unchanged; inspect fit$diagnostics$admissibility.",13.6648718618243,-0.0482652842389771,1.17643880100703,10.188953692187,-13.6648718618243,TRUE
844,"fresh","weak_marker",20,1,2,902811282,"std_lv_positive","nlopt-lbfgs","continued_endpoint","continuation",1000,821,1.67765167357193e-05,TRUE,"returned","converged",TRUE,0.303066647131574,NA,0,NA,NA,NA,NA,"unavailable","unavailable","unavailable","nonpositive_curvature",NA,NA,NA,FALSE,1.8106679887148,FALSE,FALSE,"accuracy_unresolved","explicit",0.00699999999999967,"","magmaan: post-fit solution is not covariance-admissible: Theta block 1 not PSD (partable rows 8, 9, 10, 11, 12, 13). Convergence status is unchanged; inspect fit$diagnostics$admissibility.",4.44027968668898,0.144620524489507,2.85157414229301,0.000223777295180143,4.44027968668898,FALSE
845,"fresh","weak_marker",20,1,2,902811282,"std_lv_positive","nlopt-lbfgs","continued_endpoint","continuation",10000,844,0,TRUE,"returned","converged",TRUE,0.303066647131574,NA,0,NA,NA,NA,NA,"unavailable","unavailable","unavailable","nonpositive_curvature",NA,NA,NA,FALSE,1.8106679887148,FALSE,FALSE,"accuracy_unresolved","explicit",0.00200000000000067,"","magmaan: post-fit solution is not covariance-admissible: Theta block 1 not PSD (partable rows 8, 9, 10, 11, 12, 13). Convergence status is unchanged; inspect fit$diagnostics$admissibility.",4.44027968668898,0.144620524489507,2.85157414229301,0.000223777295180143,4.44027968668898,FALSE
846,"fresh","weak_marker",20,1,2,902811282,"std_lv_positive","nlopt-lbfgs","continued_endpoint","continuation",50000,845,0,TRUE,"returned","converged",TRUE,0.303066647131574,NA,0,NA,NA,NA,NA,"unavailable","unavailable","unavailable","nonpositive_curvature",NA,NA,NA,FALSE,1.8106679887148,FALSE,FALSE,"accuracy_unresolved","explicit",0.00300000000000011,"","magmaan: post-fit solution is not covariance-admissible: Theta block 1 not PSD (partable rows 8, 9, 10, 11, 12, 13). Convergence status is unchanged; inspect fit$diagnostics$admissibility.",4.44027968668898,0.144620524489507,2.85157414229301,0.000223777295180143,4.44027968668898,FALSE
847,"fresh","weak_marker",20,1,2,902811282,"sphere","nlopt-lbfgs","continued_endpoint","continuation",1000,832,NA,FALSE,"error","",NA,NA,NA,NA,NA,NA,NA,NA,"unavailable","unavailable","unavailable","unavailable",NA,NA,NA,NA,NA,NA,FALSE,"call_error","",0.00300000000000011,"magmaan fit error [LineSearchFailed] after 509 iters, f=0.292376: nlopt Limited-memory BFGS (L-BFGS) (local, derivative-based): generic solver failure","",NA,NA,NA,NA,NA,FALSE
848,"fresh","weak_marker",20,1,2,902811282,"sphere","nlopt-lbfgs","continued_endpoint","continuation",10000,832,NA,FALSE,"error","",NA,NA,NA,NA,NA,NA,NA,NA,"unavailable","unavailable","unavailable","unavailable",NA,NA,NA,NA,NA,NA,FALSE,"call_error","",0.00300000000000011,"magmaan fit error [LineSearchFailed] after 509 iters, f=0.292376: nlopt Limited-memory BFGS (L-BFGS) (local, derivative-based): generic solver failure","",NA,NA,NA,NA,NA,FALSE
849,"fresh","weak_marker",20,1,2,902811282,"sphere","nlopt-lbfgs","continued_endpoint","continuation",50000,832,NA,FALSE,"error","",NA,NA,NA,NA,NA,NA,NA,NA,"unavailable","unavailable","unavailable","unavailable",NA,NA,NA,NA,NA,NA,FALSE,"call_error","",0.00500000000000078,"magmaan fit error [LineSearchFailed] after 509 iters, f=0.292376: nlopt Limited-memory BFGS (L-BFGS) (local, derivative-based): generic solver failure","",NA,NA,NA,NA,NA,FALSE
850,"fresh","weak_marker",20,1,2,902811282,"marker_11","port","continued_endpoint","continuation",1000,728,0,TRUE,"returned","converged",TRUE,0.291758862351755,NA,0,NA,NA,NA,NA,"unavailable","unavailable","unavailable","available",8.31689123996776e-07,5001894.2518931,0.00011844365956415,FALSE,8.66079543565359,FALSE,TRUE,"screened_candidate","explicit",0.00300000000000011,"","magmaan: post-fit solution is not covariance-admissible: Theta block 1 not PSD (partable rows 8, 9, 10, 11, 12, 13); Psi block 1 not PSD (partable rows 14, 15). Convergence status is unchanged; inspect fit$diagnostics$admissibility.",13.664789196048,-0.0482655612655047,1.17643887671964,10.1888964538189,-13.664789196048,TRUE
851,"fresh","weak_marker",20,1,2,902811282,"marker_11","port","continued_endpoint","continuation",10000,850,0,TRUE,"returned","converged",TRUE,0.291758862351755,NA,0,NA,NA,NA,NA,"unavailable","unavailable","unavailable","available",8.31689123996776e-07,5001894.2518931,0.00011844365956415,FALSE,8.66079543565359,FALSE,TRUE,"screened_candidate","explicit",0.00199999999999889,"","magmaan: post-fit solution is not covariance-admissible: Theta block 1 not PSD (partable rows 8, 9, 10, 11, 12, 13); Psi block 1 not PSD (partable rows 14, 15). Convergence status is unchanged; inspect fit$diagnostics$admissibility.",13.664789196048,-0.0482655612655047,1.17643887671964,10.1888964538189,-13.664789196048,TRUE
852,"fresh","weak_marker",20,1,2,902811282,"marker_11","port","continued_endpoint","continuation",50000,851,0,TRUE,"returned","converged",TRUE,0.291758862351755,NA,0,NA,NA,NA,NA,"unavailable","unavailable","unavailable","available",8.31689123996776e-07,5001894.2518931,0.00011844365956415,FALSE,8.66079543565359,FALSE,TRUE,"screened_candidate","explicit",0.00200000000000067,"","magmaan: post-fit solution is not covariance-admissible: Theta block 1 not PSD (partable rows 8, 9, 10, 11, 12, 13); Psi block 1 not PSD (partable rows 14, 15). Convergence status is unchanged; inspect fit$diagnostics$admissibility.",13.664789196048,-0.0482655612655047,1.17643887671964,10.1888964538189,-13.664789196048,TRUE
853,"fresh","weak_marker",20,1,2,902811282,"effect_coded","port","continued_endpoint","continuation",1000,818,1.06265504292296e-05,TRUE,"returned","singular_convergence",FALSE,0.306619392168617,NA,0,NA,NA,NA,NA,"unavailable","unavailable","unavailable","nonpositive_curvature",NA,NA,NA,FALSE,13.2848185233203,TRUE,FALSE,"accuracy_unresolved","explicit",0.00200000000000067,"","magmaan: post-fit solution is not covariance-admissible: Psi block 1 not PSD (partable rows 14, 15). Convergence status is unchanged; inspect fit$diagnostics$admissibility.",11.6040892389851,-0.0613259037926991,0.67219817971024,8.93003082915676,11.6040892389851,FALSE
854,"fresh","weak_marker",20,1,2,902811282,"effect_coded","port","continued_endpoint","continuation",10000,853,2.99841682998409e-12,TRUE,"returned","converged",FALSE,0.306619392168617,NA,0,NA,NA,NA,NA,"unavailable","unavailable","unavailable","nonpositive_curvature",NA,NA,NA,FALSE,13.2848185234037,TRUE,FALSE,"accuracy_unresolved","explicit",0.00199999999999889,"","magmaan: post-fit solution is not covariance-admissible: Psi block 1 not PSD (partable rows 14, 15). Convergence status is unchanged; inspect fit$diagnostics$admissibility.",11.6040892389851,-0.0613259037926994,0.672198179705676,8.9300308291522,11.6040892389851,FALSE
855,"fresh","weak_marker",20,1,2,902811282,"effect_coded","port","continued_endpoint","continuation",50000,854,2.57592243841193e-13,TRUE,"returned","converged",FALSE,0.306619392168617,NA,0,NA,NA,NA,NA,"unavailable","unavailable","unavailable","nonpositive_curvature",NA,NA,NA,FALSE,13.2848185233965,TRUE,FALSE,"accuracy_unresolved","explicit",0.00199999999999889,"","magmaan: post-fit solution is not covariance-admissible: Psi block 1 not PSD (partable rows 14, 15). Convergence status is unchanged; inspect fit$diagnostics$admissibility.",11.6040892389851,-0.0613259037926993,0.672198179706069,8.93003082915258,11.6040892389851,FALSE
856,"fresh","weak_marker",20,1,2,902811282,"std_lv_positive","port","continued_endpoint","continuation",1000,827,7.46064076683107e-06,TRUE,"returned","converged",TRUE,0.303066242811821,NA,0,NA,NA,NA,NA,"unavailable","unavailable","unavailable","nonpositive_curvature",NA,NA,NA,FALSE,1.81046102500337,FALSE,FALSE,"accuracy_unresolved","explicit",0.00200000000000067,"","magmaan: post-fit solution is not covariance-admissible: Theta block 1 not PSD (partable rows 8, 9, 10, 11, 12, 13). Convergence status is unchanged; inspect fit$diagnostics$admissibility.",4.44021781460166,0.144622861462636,2.85137073685168,5.37596383600081e-05,4.44021781460166,FALSE
857,"fresh","weak_marker",20,1,2,902811282,"std_lv_positive","port","continued_endpoint","continuation",10000,856,6.26463302341638e-07,TRUE,"returned","converged",TRUE,0.303066242810984,NA,0,NA,NA,NA,NA,"unavailable","unavailable","unavailable","nonpositive_curvature",NA,NA,NA,FALSE,1.81045969223789,FALSE,FALSE,"accuracy_unresolved","explicit",0.00200000000000067,"","magmaan: post-fit solution is not covariance-admissible: Theta block 1 not PSD (partable rows 8, 9, 10, 11, 12, 13). Convergence status is unchanged; inspect fit$diagnostics$admissibility.",4.44021512186187,0.144623062803739,2.85137124808153,5.37596479917382e-05,4.44021512186187,FALSE
858,"fresh","weak_marker",20,1,2,902811282,"std_lv_positive","port","continued_endpoint","continuation",50000,857,7.38714003645121e-07,TRUE,"returned","converged",FALSE,0.303066242810706,NA,0,NA,NA,NA,NA,"unavailable","unavailable","unavailable","nonpositive_curvature",NA,NA,NA,FALSE,1.81045806300769,FALSE,FALSE,"accuracy_unresolved","explicit",0.00200000000000067,"","magmaan: post-fit solution is not covariance-admissible: Theta block 1 not PSD (partable rows 8, 9, 10, 11, 12, 13). Convergence status is unchanged; inspect fit$diagnostics$admissibility.",4.44021437554556,0.144623135483321,2.85137172249985,5.37596569294583e-05,4.44021437554556,FALSE
859,"fresh","weak_marker",20,1,2,902811282,"sphere","port","continued_endpoint","continuation",1000,837,3.54921247717727e-15,TRUE,"returned","converged",FALSE,0.292065825289564,0.292065825289564,4.44089209850063e-16,TRUE,TRUE,0,0.302215131530346,"representable","representable","representable","available",0.0153698882939321,32169562938.6736,242.60900239442,FALSE,192.858705079901,TRUE,FALSE,"accuracy_failed","user",0.00199999999999889,"","magmaan: post-fit solution is not covariance-admissible: Theta block 1 not PSD (partable rows 8, 9, 10, 11, 12, 13); Psi block 1 not PSD (partable rows 14, 15). Convergence status is unchanged; inspect fit$diagnostics$admissibility.",343.13697556843,0.00197014692168011,1.19659819963128,-230.774379281831,343.13697556843,FALSE
860,"fresh","weak_marker",20,1,2,902811282,"sphere","port","continued_endpoint","continuation",10000,859,3.44893380875237e-14,TRUE,"returned","converged",FALSE,0.292065825289564,0.292065825289564,0,TRUE,TRUE,0,0.302215131530346,"representable","representable","representable","available",0.0153698923122532,32169596563.0112,242.609129270223,FALSE,192.858705079908,TRUE,FALSE,"accuracy_failed","user",0.00199999999999889,"","magmaan: post-fit solution is not covariance-admissible: Theta block 1 not PSD (partable rows 8, 9, 10, 11, 12, 13); Psi block 1 not PSD (partable rows 14, 15). Convergence status is unchanged; inspect fit$diagnostics$admissibility.",343.13697556843,0.00197014692168011,1.19659819963124,-230.774379281831,343.13697556843,FALSE
861,"fresh","weak_marker",20,1,2,902811282,"sphere","port","continued_endpoint","continuation",50000,860,6.89786761750474e-14,TRUE,"returned","converged",FALSE,0.292065825289564,0.292065825289564,4.44089209850063e-16,TRUE,TRUE,0,0.302215131530346,"representable","representable","representable","available",0.0153698672080561,32169516940.9209,242.608336591694,FALSE,192.858705079908,TRUE,FALSE,"accuracy_failed","user",0.00399999999999956,"","magmaan: post-fit solution is not covariance-admissible: Theta block 1 not PSD (partable rows 8, 9, 10, 11, 12, 13); Psi block 1 not PSD (partable rows 14, 15). Convergence status is unchanged; inspect fit$diagnostics$admissibility.",343.13697556843,0.00197014692168011,1.19659819963124,-230.774379281831,343.13697556843,FALSE
982,"fresh","weak_marker",20,4,2,902811285,"marker_23","nlopt-lbfgs","continued_endpoint","continuation",1000,916,0.00227461343908667,TRUE,"returned","converged",TRUE,0.137720478294061,NA,0,NA,NA,NA,NA,"unavailable","unavailable","unavailable","available",2.48976708209303e-08,251208056.881175,5.56438999102351e-06,FALSE,27.7834162658691,TRUE,FALSE,"screened_extreme","explicit",0.00300000000000011,"","magmaan: post-fit solution is not covariance-admissible: Psi block 1 not PSD (partable rows 14, 15). Convergence status is unchanged; inspect fit$diagnostics$admissibility.",27.7834163254965,-26.7924312374819,-0.85117870278301,-0.846356196210858,0.013416225574693,TRUE
983,"fresh","weak_marker",20,4,2,902811285,"marker_23","nlopt-lbfgs","continued_endpoint","continuation",10000,982,4.02980121938775e-17,TRUE,"returned","converged",TRUE,0.137720478294061,NA,0,NA,NA,NA,NA,"unavailable","unavailable","unavailable","available",2.48976727035783e-08,251208056.262171,5.56438734335088e-06,FALSE,27.7834162658691,TRUE,FALSE,"screened_extreme","explicit",0.00199999999999889,"","magmaan: post-fit solution is not covariance-admissible: Psi block 1 not PSD (partable rows 14, 15). Convergence status is unchanged; inspect fit$diagnostics$admissibility.",27.7834163254965,-26.7924312374819,-0.85117870278301,-0.846356196210858,0.013416225574693,TRUE
984,"fresh","weak_marker",20,4,2,902811285,"marker_23","nlopt-lbfgs","continued_endpoint","continuation",50000,983,0,TRUE,"returned","converged",TRUE,0.137720478294061,NA,0,NA,NA,NA,NA,"unavailable","unavailable","unavailable","available",2.48976727035783e-08,251208056.262171,5.56438734335088e-06,FALSE,27.7834162658691,TRUE,FALSE,"screened_extreme","explicit",0.00199999999999889,"","magmaan: post-fit solution is not covariance-admissible: Psi block 1 not PSD (partable rows 14, 15). Convergence status is unchanged; inspect fit$diagnostics$admissibility.",27.7834163254965,-26.7924312374819,-0.85117870278301,-0.846356196210858,0.013416225574693,TRUE
985,"fresh","weak_marker",20,4,2,902811285,"effect_coded","nlopt-lbfgs","continued_endpoint","continuation",1000,955,0.00285944542862885,TRUE,"returned","line_search_salvaged",TRUE,0.137767315789629,NA,0,NA,NA,NA,NA,"unavailable","unavailable","unavailable","available",0.00814567955677327,3574488303.19866,43.9088404309745,FALSE,122.425160462806,TRUE,FALSE,"screened_extreme","explicit",0.00600000000000023,"","magmaan: post-fit solution is not covariance-admissible: Theta block 1 not PSD (partable rows 8, 9, 10, 11, 12, 13); Psi block 1 not PSD (partable rows 14, 15). Convergence status is unchanged; inspect fit$diagnostics$admissibility.",123.939573494832,123.939573494832,-0.849584833953013,-0.850646980714108,-0.00292743503377417,TRUE
986,"fresh","weak_marker",20,4,2,902811285,"effect_coded","nlopt-lbfgs","continued_endpoint","continuation",10000,985,0.000451141204669756,TRUE,"returned","line_search_salvaged",TRUE,0.137760094990067,NA,0,NA,NA,NA,NA,"unavailable","unavailable","unavailable","available",0.00904003388718515,55177833442.6224,191.254493984643,FALSE,221.095968384585,TRUE,FALSE,"screened_extreme","explicit",0.00799999999999912,"","magmaan: post-fit solution is not covariance-admissible: Theta block 1 not PSD (partable rows 8, 9, 10, 11, 12, 13); Psi block 1 not PSD (partable rows 14, 15). Convergence status is unchanged; inspect fit$diagnostics$admissibility.",222.945365590103,222.945365590103,-0.849679885988898,-0.85026943410042,-0.0016261492447255,TRUE
987,"fresh","weak_marker",20,4,2,902811285,"effect_coded","nlopt-lbfgs","continued_endpoint","continuation",50000,986,9.8353504575421e-06,TRUE,"returned","line_search_salvaged",TRUE,0.137759944396021,NA,0,NA,NA,NA,NA,"unavailable","unavailable","unavailable","available",0.00895487367662502,58325192895.6684,194.771945105969,FALSE,225.039458872851,TRUE,FALSE,"screened_extreme","explicit",0.00399999999999956,"","magmaan: post-fit solution is not covariance-admissible: Theta block 1 not PSD (partable rows 8, 9, 10, 11, 12, 13); Psi block 1 not PSD (partable rows 14, 15). Convergence status is unchanged; inspect fit$diagnostics$admissibility.",226.902339362003,226.902339362003,-0.849682664501245,-0.850261912621092,-0.00159776472855603,TRUE
988,"fresh","weak_marker",20,4,2,902811285,"std_lv_positive","nlopt-lbfgs","continued_endpoint","continuation",1000,963,0.00135511647838273,TRUE,"returned","line_search_salvaged",TRUE,0.196001200167004,NA,0,NA,NA,NA,NA,"unavailable","unavailable","unavailable","available",0.0200014931690983,1801380851.5449,102.975970503557,FALSE,431.321257131946,TRUE,FALSE,"accuracy_failed","explicit",0.0140000000000011,"","magmaan: post-fit solution is not covariance-admissible: Theta block 1 not PSD (partable rows 8, 9, 10, 11, 12, 13). Convergence status is unchanged; inspect fit$diagnostics$admissibility.",502.773238209893,2.14697203970652,502.773238209893,502.702752013526,0.181191926845784,FALSE
989,"fresh","weak_marker",20,4,2,902811285,"std_lv_positive","nlopt-lbfgs","continued_endpoint","continuation",10000,988,0.000306630096196593,TRUE,"returned","converged",FALSE,0.195888875900943,NA,0,NA,NA,NA,NA,"unavailable","unavailable","unavailable","available",0.0223725445369344,253263723939.392,1370.64610538069,FALSE,1399.77453711007,TRUE,FALSE,"accuracy_failed","explicit",0.0630000000000006,"","magmaan: post-fit solution is not covariance-admissible: Theta block 1 not PSD (partable rows 8, 9, 10, 11, 12, 13). Convergence status is unchanged; inspect fit$diagnostics$admissibility.",1628.93286955871,2.15075253585588,1628.93286955871,1628.86251086531,0.180868801611727,FALSE
990,"fresh","weak_marker",20,4,2,902811285,"std_lv_positive","nlopt-lbfgs","continued_endpoint","continuation",50000,989,1.6887467415623e-08,TRUE,"returned","converged",FALSE,0.195888875900942,NA,0,NA,NA,NA,NA,"unavailable","unavailable","unavailable","available",0.0223747977942146,253319646140.91,1370.92220936511,FALSE,1399.77455746268,TRUE,FALSE,"accuracy_failed","explicit",0.00300000000000011,"","magmaan: post-fit solution is not covariance-admissible: Theta block 1 not PSD (partable rows 8, 9, 10, 11, 12, 13). Convergence status is unchanged; inspect fit$diagnostics$admissibility.",1628.93286957082,2.15075252260127,1628.93286957082,1628.8625108784,0.180868800910451,FALSE
991,"fresh","weak_marker",20,4,2,902811285,"sphere","nlopt-lbfgs","continued_endpoint","continuation",1000,976,3.47335356980611e-09,TRUE,"returned","line_search_salvaged",TRUE,0.137720579228269,0.137720579228268,4.44089209850063e-16,TRUE,TRUE,0,0.00241318726115365,"representable","representable","representable","available",0.0019095480290364,182500173.236117,2.2617112024743,FALSE,26.3306583011061,TRUE,FALSE,"screened_extreme","user",0.00199999999999889,"","magmaan: post-fit solution is not covariance-admissible: Psi block 1 not PSD (partable rows 14, 15). Convergence status is unchanged; inspect fit$diagnostics$admissibility.",26.3253216090583,-25.3350484900182,-0.851258172227621,-0.846162671388675,0.0141818395902184,TRUE
992,"fresh","weak_marker",20,4,2,902811285,"sphere","nlopt-lbfgs","continued_endpoint","continuation",10000,991,0.000204488772454297,TRUE,"returned","line_search_salvaged",TRUE,0.137720483442121,0.13772048344212,8.88178419700125e-16,TRUE,TRUE,6.24462481724208e-10,0.00230891247395389,"representable","representable","representable","available",0.000448159582371793,233014394.766816,0.600408768558465,FALSE,27.4411204231392,TRUE,FALSE,"screened_extreme","user",0.00600000000000023,"","magmaan: post-fit solution is not covariance-admissible: Psi block 1 not PSD (partable rows 14, 15). Convergence status is unchanged; inspect fit$diagnostics$admissibility.",27.4398665774038,-26.4490422145585,-0.851196614002646,-0.846312452479421,0.0135890793344558,TRUE
993,"fresh","weak_marker",20,4,2,902811285,"sphere","nlopt-lbfgs","continued_endpoint","continuation",50000,992,2.63811805513563e-16,TRUE,"returned","line_search_salvaged",TRUE,0.13772048344212,0.13772048344212,0,TRUE,TRUE,0,0.00230891247395389,"representable","representable","representable","available",0.000448159582371266,233014394.360731,0.600408768558122,FALSE,27.4411204231392,TRUE,FALSE,"screened_extreme","user",0.00399999999999956,"","magmaan: post-fit solution is not covariance-admissible: Psi block 1 not PSD (partable rows 14, 15). Convergence status is unchanged; inspect fit$diagnostics$admissibility.",27.4398665774038,-26.4490422145585,-0.851196614002647,-0.846312452479421,0.0135890793344558,TRUE
994,"fresh","weak_marker",20,4,2,902811285,"marker_21","port","continued_endpoint","continuation",1000,901,1.85522519450881e-16,TRUE,"returned","converged",TRUE,0.137720478294284,NA,0,NA,NA,NA,NA,"unavailable","unavailable","unavailable","available",2.98922636518966e-06,247179028.37101,0.000891109108765915,FALSE,27.7829194239943,TRUE,FALSE,"screened_extreme","explicit",0.000999999999999446,"","magmaan: post-fit solution is not covariance-admissible: Psi block 1 not PSD (partable rows 14, 15). Convergence status is unchanged; inspect fit$diagnostics$admissibility.",27.7829204999633,-26.7919355305342,-0.851179229746295,-0.846356633793923,0.0134164740168354,TRUE
995,"fresh","weak_marker",20,4,2,902811285,"marker_21","port","continued_endpoint","continuation",10000,994,0,TRUE,"returned","converged",TRUE,0.137720478294284,NA,0,NA,NA,NA,NA,"unavailable","unavailable","unavailable","available",2.98922636518966e-06,247179028.37101,0.000891109108765915,FALSE,27.7829194239943,TRUE,FALSE,"screened_extreme","explicit",0.00200000000000067,"","magmaan: post-fit solution is not covariance-admissible: Psi block 1 not PSD (partable rows 14, 15). Convergence status is unchanged; inspect fit$diagnostics$admissibility.",27.7829204999633,-26.7919355305342,-0.851179229746295,-0.846356633793923,0.0134164740168354,TRUE
996,"fresh","weak_marker",20,4,2,902811285,"marker_21","port","continued_endpoint","continuation",50000,995,0,TRUE,"returned","converged",TRUE,0.137720478294284,NA,0,NA,NA,NA,NA,"unavailable","unavailable","unavailable","available",2.98922636518966e-06,247179028.37101,0.000891109108765915,FALSE,27.7829194239943,TRUE,FALSE,"screened_extreme","explicit",0.00300000000000011,"","magmaan: post-fit solution is not covariance-admissible: Psi block 1 not PSD (partable rows 14, 15). Convergence status is unchanged; inspect fit$diagnostics$admissibility.",27.7829204999633,-26.7919355305342,-0.851179229746295,-0.846356633793923,0.0134164740168354,TRUE
997,"fresh","weak_marker",20,4,2,902811285,"effect_coded","port","continued_endpoint","continuation",1000,961,3.60843123824879e-14,TRUE,"returned","converged",TRUE,0.137720478294877,NA,0,NA,NA,NA,NA,"unavailable","unavailable","unavailable","available",5.70786820233169e-06,235098824.034224,0.00102745205972364,FALSE,27.7840128334561,TRUE,FALSE,"screened_extreme","explicit",0.00200000000000067,"","magmaan: post-fit solution is not covariance-admissible: Psi block 1 not PSD (partable rows 14, 15). Convergence status is unchanged; inspect fit$diagnostics$admissibility.",27.7840248094057,-26.7930390830493,-0.851178717036034,-0.8463563235,0.013415916156384,TRUE
998,"fresh","weak_marker",20,4,2,902811285,"effect_coded","port","continued_endpoint","continuation",10000,997,7.83085482424955e-15,TRUE,"returned","converged",TRUE,0.137720478294876,NA,0,NA,NA,NA,NA,"unavailable","unavailable","unavailable","available",5.70786812537314e-06,235098830.098294,0.00102745209070489,FALSE,27.7840128334563,TRUE,FALSE,"screened_extreme","explicit",0.00200000000000067,"","magmaan: post-fit solution is not covariance-admissible: Psi block 1 not PSD (partable rows 14, 15). Convergence status is unchanged; inspect fit$diagnostics$admissibility.",27.7840248094057,-26.7930390830493,-0.851178717036034,-0.846356323499999,0.013415916156384,TRUE
999,"fresh","weak_marker",20,4,2,902811285,"effect_coded","port","continued_endpoint","continuation",50000,998,1.56617096484991e-14,TRUE,"returned","converged",TRUE,0.137720478294876,NA,0,NA,NA,NA,NA,"unavailable","unavailable","unavailable","available",5.70786799230748e-06,235098828.372551,0.0010274520901885,FALSE,27.7840128334568,TRUE,FALSE,"screened_extreme","explicit",0.00200000000000067,"","magmaan: post-fit solution is not covariance-admissible: Psi block 1 not PSD (partable rows 14, 15). Convergence status is unchanged; inspect fit$diagnostics$admissibility.",27.7840248094057,-26.7930390830493,-0.851178717036034,-0.846356323499999,0.013415916156384,TRUE
1000,"fresh","weak_marker",20,4,2,902811285,"std_lv_positive","port","continued_endpoint","continuation",1000,968,4.08900406428264e-18,TRUE,"returned","converged",TRUE,0.195881615687851,NA,0,NA,NA,NA,NA,"unavailable","unavailable","unavailable","available",0.00927606062532784,81067125972.9625,320.809790390363,FALSE,1637.64062901159,TRUE,FALSE,"screened_extreme","explicit",0.00200000000000067,"","magmaan: post-fit solution is not covariance-admissible: Theta block 1 not PSD (partable rows 8, 9, 10, 11, 12, 13). Convergence status is unchanged; inspect fit$diagnostics$admissibility.",1905.70943838767,2.15106209681162,1905.70943838767,1905.63908911561,0.18084367755698,TRUE
1001,"fresh","weak_marker",20,4,2,902811285,"std_lv_positive","port","continued_endpoint","continuation",10000,1000,9.78856853031194e-16,TRUE,"returned","converged",TRUE,0.195881615687852,NA,0,NA,NA,NA,NA,"unavailable","unavailable","unavailable","available",0.00927606669924498,81066758395.633,320.810212701946,FALSE,1637.64062901159,TRUE,FALSE,"screened_extreme","explicit",0.00199999999999889,"","magmaan: post-fit solution is not covariance-admissible: Theta block 1 not PSD (partable rows 8, 9, 10, 11, 12, 13). Convergence status is unchanged; inspect fit$diagnostics$admissibility.",1905.70943838767,2.15106209681162,1905.70943838767,1905.63908911561,0.18084367755698,TRUE
1002,"fresh","weak_marker",20,4,2,902811285,"std_lv_positive","port","continued_endpoint","continuation",50000,1001,0,TRUE,"returned","converged",TRUE,0.195881615687852,NA,0,NA,NA,NA,NA,"unavailable","unavailable","unavailable","available",0.00927606669924498,81066758395.633,320.810212701946,FALSE,1637.64062901159,TRUE,FALSE,"screened_extreme","explicit",0.00199999999999889,"","magmaan: post-fit solution is not covariance-admissible: Theta block 1 not PSD (partable rows 8, 9, 10, 11, 12, 13). Convergence status is unchanged; inspect fit$diagnostics$admissibility.",1905.70943838767,2.15106209681162,1905.70943838767,1905.63908911561,0.18084367755698,TRUE
1003,"fresh","weak_marker",20,4,2,902811285,"sphere","port","continued_endpoint","continuation",1000,981,2.12352819581217e-16,TRUE,"returned","singular_convergence",TRUE,0.137720478297993,0.137720478297992,4.44089209850063e-16,TRUE,TRUE,0,0.00227935520911935,"representable","representable","representable","available",1.25325136019338e-05,250554628.100265,0.0165197357140663,FALSE,27.7743367199389,TRUE,FALSE,"screened_extreme","user",0.00300000000000011,"","magmaan: post-fit solution is not covariance-admissible: Psi block 1 not PSD (partable rows 14, 15). Convergence status is unchanged; inspect fit$diagnostics$admissibility.",27.7743014389832,-26.783320634872,-0.851178421766039,-0.846354298271532,0.0134207565444164,TRUE
1004,"fresh","weak_marker",20,4,2,902811285,"sphere","port","continued_endpoint","continuation",10000,1003,1.31905902756782e-16,TRUE,"returned","singular_convergence",TRUE,0.137720478297992,0.137720478297992,0,TRUE,TRUE,0,0.00227935520911935,"representable","representable","representable","available",1.25325135623505e-05,250554629.060578,0.0165197355877218,FALSE,27.7743367199389,TRUE,FALSE,"screened_extreme","user",0.00300000000000011,"","magmaan: post-fit solution is not covariance-admissible: Psi block 1 not PSD (partable rows 14, 15). Convergence status is unchanged; inspect fit$diagnostics$admissibility.",27.7743014389832,-26.783320634872,-0.851178421766039,-0.846354298271532,0.0134207565444164,TRUE
1005,"fresh","weak_marker",20,4,2,902811285,"sphere","port","continued_endpoint","continuation",50000,1004,2.12352819581217e-16,TRUE,"returned","singular_convergence",TRUE,0.137720478297992,0.137720478297992,0,TRUE,TRUE,0,0.00227935520911935,"representable","representable","representable","available",1.25325135629498e-05,250554628.783875,0.0165197355885779,FALSE,27.7743367199389,TRUE,FALSE,"screened_extreme","user",0.00300000000000011,"","magmaan: post-fit solution is not covariance-admissible: Psi block 1 not PSD (partable rows 14, 15). Convergence status is unchanged; inspect fit$diagnostics$admissibility.",27.7743014389832,-26.783320634872,-0.851178421766039,-0.846354298271531,0.0134207565444164,TRUE
1126,"fresh","weak_marker",100,1,2,902819282,"marker_32","nlopt-lbfgs","continued_endpoint","continuation",1000,1078,9.50221548230498e-05,TRUE,"returned","converged",TRUE,0.0260170453954975,NA,0,NA,NA,NA,NA,"unavailable","unavailable","unavailable","available",1.16907578050445e-07,23968784.8491392,9.80259443473727e-06,FALSE,12.4337289006737,TRUE,FALSE,"screened_extreme","explicit",0.00300000000000011,"","magmaan: post-fit solution is not covariance-admissible: Theta block 1 not PSD (partable rows 8, 9, 10, 11, 12, 13); Psi block 1 not PSD (partable rows 14, 15). Convergence status is unchanged; inspect fit$diagnostics$admissibility.",13.4658199270368,-1.02666370978096,13.4433556148498,13.4658199270368,-0.147921893502842,TRUE
1127,"fresh","weak_marker",100,1,2,902819282,"marker_32","nlopt-lbfgs","continued_endpoint","continuation",10000,1126,1.58941640139369e-17,TRUE,"returned","converged",TRUE,0.0260170453954975,NA,0,NA,NA,NA,NA,"unavailable","unavailable","unavailable","available",1.16907578023963e-07,23968784.8799988,9.80259443752789e-06,FALSE,12.4337289006737,TRUE,FALSE,"screened_extreme","explicit",0.00300000000000011,"","magmaan: post-fit solution is not covariance-admissible: Theta block 1 not PSD (partable rows 8, 9, 10, 11, 12, 13); Psi block 1 not PSD (partable rows 14, 15). Convergence status is unchanged; inspect fit$diagnostics$admissibility.",13.4658199270368,-1.02666370978096,13.4433556148498,13.4658199270368,-0.147921893502842,TRUE
1128,"fresh","weak_marker",100,1,2,902819282,"marker_32","nlopt-lbfgs","continued_endpoint","continuation",50000,1127,0,TRUE,"returned","converged",TRUE,0.0260170453954975,NA,0,NA,NA,NA,NA,"unavailable","unavailable","unavailable","available",1.16907578023963e-07,23968784.8799988,9.80259443752789e-06,FALSE,12.4337289006737,TRUE,FALSE,"screened_extreme","explicit",0.00300000000000011,"","magmaan: post-fit solution is not covariance-admissible: Theta block 1 not PSD (partable rows 8, 9, 10, 11, 12, 13); Psi block 1 not PSD (partable rows 14, 15). Convergence status is unchanged; inspect fit$diagnostics$admissibility.",13.4658199270368,-1.02666370978096,13.4433556148498,13.4658199270368,-0.147921893502842,TRUE
1129,"fresh","weak_marker",100,1,2,902819282,"effect_coded","nlopt-lbfgs","continued_endpoint","continuation",1000,1098,0.000808156435511277,TRUE,"returned","line_search_salvaged",FALSE,0.0260316609443927,NA,0,NA,NA,NA,NA,"unavailable","unavailable","unavailable","available",0.0614532212581942,252871184.377118,41.3472177134995,FALSE,18.3939506477725,TRUE,FALSE,"accuracy_failed","explicit",0.00500000000000078,"","magmaan: post-fit solution is not covariance-admissible: Theta block 1 not PSD (partable rows 8, 9, 10, 11, 12, 13); Psi block 1 not PSD (partable rows 14, 15). Convergence status is unchanged; inspect fit$diagnostics$admissibility.",19.4227746116794,-1.01751106281492,19.4005435275013,19.4227746116794,-0.147812360207926,FALSE
1130,"fresh","weak_marker",100,1,2,902819282,"effect_coded","nlopt-lbfgs","continued_endpoint","continuation",10000,1129,0.0010587699643569,TRUE,"returned","line_search_salvaged",FALSE,0.0260265881040147,NA,0,NA,NA,NA,NA,"unavailable","unavailable","unavailable","available",0.0452457420399343,74985493.5071442,11.3904558042546,FALSE,16.7060208815707,TRUE,FALSE,"accuracy_failed","explicit",0.0199999999999996,"","magmaan: post-fit solution is not covariance-admissible: Theta block 1 not PSD (partable rows 8, 9, 10, 11, 12, 13); Psi block 1 not PSD (partable rows 14, 15). Convergence status is unchanged; inspect fit$diagnostics$admissibility.",17.7356246206394,-1.01865063514576,17.7133264344823,17.7356246206394,-0.147952442189216,FALSE
1131,"fresh","weak_marker",100,1,2,902819282,"effect_coded","nlopt-lbfgs","continued_endpoint","continuation",50000,1130,7.10815582943454e-10,TRUE,"returned","line_search_salvaged",FALSE,0.0260265881040147,NA,0,NA,NA,NA,NA,"unavailable","unavailable","unavailable","available",0.0452457954420575,74986108.718228,11.3905622952859,FALSE,16.7060208822557,TRUE,FALSE,"accuracy_failed","explicit",0.00300000000000011,"","magmaan: post-fit solution is not covariance-admissible: Theta block 1 not PSD (partable rows 8, 9, 10, 11, 12, 13); Psi block 1 not PSD (partable rows 14, 15). Convergence status is unchanged; inspect fit$diagnostics$admissibility.",17.7356246206305,-1.01865063646501,17.7133264344446,17.7356246206305,-0.147952442189197,FALSE
1132,"fresh","weak_marker",100,1,2,902819282,"std_lv_positive","nlopt-lbfgs","continued_endpoint","continuation",1000,1107,0.000538883414059814,TRUE,"returned","line_search_salvaged",TRUE,0.0318627515638039,NA,0,NA,NA,NA,NA,"unavailable","unavailable","unavailable","available",0.025613213908718,2167744497.45901,80.4646369717461,FALSE,275.072398819385,TRUE,FALSE,"accuracy_failed","explicit",0.0139999999999993,"","magmaan: post-fit solution is not covariance-admissible: Theta block 1 not PSD (partable rows 8, 9, 10, 11, 12, 13). Convergence status is unchanged; inspect fit$diagnostics$admissibility.",281.952518185554,281.952518185554,3.27941641051636,3.27929389372179,0.000659188806347749,FALSE
1133,"fresh","weak_marker",100,1,2,902819282,"std_lv_positive","nlopt-lbfgs","continued_endpoint","continuation",10000,1132,0.000220962210866808,TRUE,"returned","line_search_salvaged",FALSE,0.0318385220993247,NA,0,NA,NA,NA,NA,"unavailable","unavailable","unavailable","available",0.0260587968392036,135305015202.02,646.506104171861,FALSE,766.330749356461,TRUE,FALSE,"accuracy_failed","explicit",0.0739999999999998,"","magmaan: post-fit solution is not covariance-admissible: Theta block 1 not PSD (partable rows 8, 9, 10, 11, 12, 13). Convergence status is unchanged; inspect fit$diagnostics$admissibility.",783.63615701086,783.63615701086,3.28520569549777,3.2851616470066,0.000237087296948741,FALSE
1134,"fresh","weak_marker",100,1,2,902819282,"std_lv_positive","nlopt-lbfgs","continued_endpoint","continuation",50000,1133,1.38265962251485e-06,TRUE,"returned","converged",FALSE,0.0318385147151514,NA,0,NA,NA,NA,NA,"unavailable","unavailable","unavailable","available",0.0260539168557123,135547018300.979,646.967332863553,FALSE,766.747772252744,TRUE,FALSE,"accuracy_failed","explicit",0.00300000000000011,"","magmaan: post-fit solution is not covariance-admissible: Theta block 1 not PSD (partable rows 8, 9, 10, 11, 12, 13). Convergence status is unchanged; inspect fit$diagnostics$admissibility.",784.062039347716,784.062039347716,3.2849760254412,3.28493200031129,0.000236960037090022,FALSE
1135,"fresh","weak_marker",100,1,2,902819282,"sphere","nlopt-lbfgs","continued_endpoint","continuation",1000,1118,2.44195152490773e-16,TRUE,"returned","converged",TRUE,0.026017045403377,0.0260170454033775,4.44089209850063e-16,TRUE,TRUE,0,0.00902057313139505,"representable","representable","representable","available",3.96726971525194e-05,23869944.6860745,0.0159630470975487,FALSE,12.425054508249,TRUE,FALSE,"screened_extreme","user",0.00300000000000011,"","magmaan: post-fit solution is not covariance-admissible: Theta block 1 not PSD (partable rows 8, 9, 10, 11, 12, 13); Psi block 1 not PSD (partable rows 14, 15). Convergence status is unchanged; inspect fit$diagnostics$admissibility.",13.4571598916222,-1.02666682394577,13.4346950304172,13.4571598916222,-0.147923476718279,TRUE
1136,"fresh","weak_marker",100,1,2,902819282,"sphere","nlopt-lbfgs","continued_endpoint","continuation",10000,1135,5.71444968989327e-18,TRUE,"returned","converged",TRUE,0.026017045403377,0.0260170454033775,4.44089209850063e-16,TRUE,TRUE,0,0.00902057313139505,"representable","representable","representable","available",3.96726971525284e-05,23869944.6299479,0.0159630470975523,FALSE,12.425054508249,TRUE,FALSE,"screened_extreme","user",0.00399999999999956,"","magmaan: post-fit solution is not covariance-admissible: Theta block 1 not PSD (partable rows 8, 9, 10, 11, 12, 13); Psi block 1 not PSD (partable rows 14, 15). Convergence status is unchanged; inspect fit$diagnostics$admissibility.",13.4571598916222,-1.02666682394577,13.4346950304172,13.4571598916222,-0.147923476718279,TRUE
1137,"fresh","weak_marker",100,1,2,902819282,"sphere","nlopt-lbfgs","continued_endpoint","continuation",50000,1136,0,TRUE,"returned","converged",TRUE,0.026017045403377,0.0260170454033775,4.44089209850063e-16,TRUE,TRUE,0,0.00902057313139505,"representable","representable","representable","available",3.96726971525284e-05,23869944.6299479,0.0159630470975523,FALSE,12.425054508249,TRUE,FALSE,"screened_extreme","user",0.00400000000000134,"","magmaan: post-fit solution is not covariance-admissible: Theta block 1 not PSD (partable rows 8, 9, 10, 11, 12, 13); Psi block 1 not PSD (partable rows 14, 15). Convergence status is unchanged; inspect fit$diagnostics$admissibility.",13.4571598916222,-1.02666682394577,13.4346950304172,13.4571598916222,-0.147923476718279,TRUE
1138,"fresh","weak_marker",100,1,2,902819282,"marker_22","port","continued_endpoint","continuation",1000,1053,7.94066381113349e-08,TRUE,"returned","converged",TRUE,0.0260170453955033,NA,0,NA,NA,NA,NA,"unavailable","unavailable","unavailable","available",1.08208981293221e-06,23968157.5943155,7.13160249440869e-05,FALSE,12.4336836909503,TRUE,FALSE,"screened_extreme","explicit",0.00200000000000067,"","magmaan: post-fit solution is not covariance-admissible: Theta block 1 not PSD (partable rows 8, 9, 10, 11, 12, 13); Psi block 1 not PSD (partable rows 14, 15). Convergence status is unchanged; inspect fit$diagnostics$admissibility.",13.465776146982,-1.02666384805574,13.4433118292551,13.465776146982,-0.147921901781054,TRUE
1139,"fresh","weak_marker",100,1,2,902819282,"marker_22","port","continued_endpoint","continuation",10000,1138,8.56870173091596e-08,TRUE,"returned","converged",TRUE,0.0260170453955006,NA,0,NA,NA,NA,NA,"unavailable","unavailable","unavailable","available",8.29298219609186e-07,23989165.406013,7.13012422240418e-05,FALSE,12.4336847988625,TRUE,FALSE,"screened_extreme","explicit",0.00199999999999889,"","magmaan: post-fit solution is not covariance-admissible: Theta block 1 not PSD (partable rows 8, 9, 10, 11, 12, 13); Psi block 1 not PSD (partable rows 14, 15). Convergence status is unchanged; inspect fit$diagnostics$admissibility.",13.4657761038492,-1.02666384397926,13.4433117856984,13.4657761038492,-0.147921903470466,TRUE
1140,"fresh","weak_marker",100,1,2,902819282,"marker_22","port","continued_endpoint","continuation",50000,1139,4.19442261664286e-08,TRUE,"returned","converged",TRUE,0.0260170453954998,NA,0,NA,NA,NA,NA,"unavailable","unavailable","unavailable","available",7.67772935968283e-07,23952874.0852054,7.12261217982895e-05,FALSE,12.4336842581565,TRUE,FALSE,"screened_extreme","explicit",0.00300000000000011,"","magmaan: post-fit solution is not covariance-admissible: Theta block 1 not PSD (partable rows 8, 9, 10, 11, 12, 13); Psi block 1 not PSD (partable rows 14, 15). Convergence status is unchanged; inspect fit$diagnostics$admissibility.",13.4657761195397,-1.02666384007744,13.4433118064513,13.4657761195397,-0.147921887084516,TRUE
1141,"fresh","weak_marker",100,1,2,902819282,"effect_coded","port","continued_endpoint","continuation",1000,1103,4.64734594364917e-06,TRUE,"returned","noisy_objective",FALSE,0.0260359248757878,NA,0,NA,NA,NA,NA,"unavailable","unavailable","unavailable","ill_conditioned",0.0104587945529985,5666241786220819,364.017145942803,FALSE,56078.1425155737,TRUE,FALSE,"accuracy_unresolved","explicit",0.00300000000000011,"","magmaan: post-fit solution is not covariance-admissible: Theta block 1 not PSD (partable rows 8, 9, 10, 11, 12, 13). Convergence status is unchanged; inspect fit$diagnostics$admissibility.",56027.8942020238,-1.02062363422277,56027.8725733216,56027.8942020238,-0.145573532169197,FALSE
1142,"fresh","weak_marker",100,1,2,902819282,"effect_coded","port","continued_endpoint","continuation",10000,1141,6.60946496238092e-08,TRUE,"returned","noisy_objective",FALSE,0.0260359248759534,NA,0,NA,NA,NA,NA,"unavailable","unavailable","unavailable","ill_conditioned",0.0104582152418967,4235540472982332,280.068583260876,FALSE,56078.1425005338,TRUE,FALSE,"accuracy_unresolved","explicit",0.00300000000000011,"","magmaan: post-fit solution is not covariance-admissible: Theta block 1 not PSD (partable rows 8, 9, 10, 11, 12, 13). Convergence status is unchanged; inspect fit$diagnostics$admissibility.",56027.8942020215,-1.02062351372719,56027.8725733219,56027.8942020215,-0.145573532169194,FALSE
1143,"fresh","weak_marker",100,1,2,902819282,"effect_coded","port","continued_endpoint","continuation",50000,1142,5.37801891112601e-16,TRUE,"returned","noisy_objective",FALSE,0.0260359248759534,NA,0,NA,NA,NA,NA,"unavailable","unavailable","unavailable","ill_conditioned",0.0104582502195943,4097590707164196,364.087756527872,FALSE,56078.1425005338,TRUE,FALSE,"accuracy_unresolved","explicit",0.00199999999999889,"","magmaan: post-fit solution is not covariance-admissible: Theta block 1 not PSD (partable rows 8, 9, 10, 11, 12, 13). Convergence status is unchanged; inspect fit$diagnostics$admissibility.",56027.8942020215,-1.02062351372719,56027.8725733219,56027.8942020215,-0.145573532169194,FALSE
1144,"fresh","weak_marker",100,1,2,902819282,"std_lv_positive","port","continued_endpoint","continuation",1000,1112,0,TRUE,"returned","converged",TRUE,0.0321491300411858,NA,0,NA,NA,NA,NA,"unavailable","unavailable","unavailable","nonpositive_curvature",NA,NA,NA,FALSE,887.357218161396,TRUE,FALSE,"accuracy_unresolved","explicit",0.00300000000000011,"","magmaan: post-fit solution is not covariance-admissible: Theta block 1 not PSD (partable rows 8, 9, 10, 11, 12, 13). Convergence status is unchanged; inspect fit$diagnostics$admissibility.",907.091315271226,907.091315271226,336.578636478995,336.578605001015,0.000186285015349793,FALSE
1145,"fresh","weak_marker",100,1,2,902819282,"std_lv_positive","port","continued_endpoint","continuation",10000,1144,0,TRUE,"returned","converged",TRUE,0.0321491300411858,NA,0,NA,NA,NA,NA,"unavailable","unavailable","unavailable","nonpositive_curvature",NA,NA,NA,FALSE,887.357218161396,TRUE,FALSE,"accuracy_unresolved","explicit",0.00199999999999889,"","magmaan: post-fit solution is not covariance-admissible: Theta block 1 not PSD (partable rows 8, 9, 10, 11, 12, 13). Convergence status is unchanged; inspect fit$diagnostics$admissibility.",907.091315271226,907.091315271226,336.578636478995,336.578605001015,0.000186285015349793,FALSE
1146,"fresh","weak_marker",100,1,2,902819282,"std_lv_positive","port","continued_endpoint","continuation",50000,1145,0,TRUE,"returned","converged",TRUE,0.0321491300411858,NA,0,NA,NA,NA,NA,"unavailable","unavailable","unavailable","nonpositive_curvature",NA,NA,NA,FALSE,887.357218161396,TRUE,FALSE,"accuracy_unresolved","explicit",0.00200000000000067,"","magmaan: post-fit solution is not covariance-admissible: Theta block 1 not PSD (partable rows 8, 9, 10, 11, 12, 13). Convergence status is unchanged; inspect fit$diagnostics$admissibility.",907.091315271226,907.091315271226,336.578636478995,336.578605001015,0.000186285015349793,FALSE
1147,"fresh","weak_marker",100,1,2,902819282,"sphere","port","continued_endpoint","continuation",1000,1123,3.84807031391582e-15,TRUE,"returned","singular_convergence",TRUE,0.0260170453954984,0.0260170453954993,8.88178419700125e-16,TRUE,TRUE,0,0.00901477176698365,"representable","representable","representable","available",5.64780973045044e-07,23939201.780163,5.72367709465767e-05,FALSE,12.4336924096031,TRUE,FALSE,"screened_extreme","user",0.00200000000000067,"","magmaan: post-fit solution is not covariance-admissible: Theta block 1 not PSD (partable rows 8, 9, 10, 11, 12, 13); Psi block 1 not PSD (partable rows 14, 15). Convergence status is unchanged; inspect fit$diagnostics$admissibility.",13.4657836297462,-1.02666368378486,13.4433193147229,13.4657836297462,-0.14792190471408,TRUE
1148,"fresh","weak_marker",100,1,2,902819282,"sphere","port","continued_endpoint","continuation",10000,1147,3.84807031391582e-15,TRUE,"returned","singular_convergence",TRUE,0.0260170453954984,0.0260170453954989,4.44089209850063e-16,TRUE,TRUE,0,0.00901477176698365,"representable","representable","representable","available",5.6478098638062e-07,23939201.8744175,5.72367710010652e-05,FALSE,12.4336924096031,TRUE,FALSE,"screened_extreme","user",0.00300000000000011,"","magmaan: post-fit solution is not covariance-admissible: Theta block 1 not PSD (partable rows 8, 9, 10, 11, 12, 13); Psi block 1 not PSD (partable rows 14, 15). Convergence status is unchanged; inspect fit$diagnostics$admissibility.",13.4657836297462,-1.02666368378486,13.4433193147229,13.4657836297462,-0.14792190471408,TRUE
1149,"fresh","weak_marker",100,1,2,902819282,"sphere","port","continued_endpoint","continuation",50000,1148,1.92403515695791e-15,TRUE,"returned","singular_convergence",TRUE,0.0260170453954989,0.0260170453954984,4.44089209850063e-16,TRUE,TRUE,0,0.00901477176698365,"representable","representable","representable","available",5.64780992470456e-07,23939201.8699589,5.7236771287101e-05,FALSE,12.433692409603,TRUE,FALSE,"screened_extreme","user",0.00300000000000011,"","magmaan: post-fit solution is not covariance-admissible: Theta block 1 not PSD (partable rows 8, 9, 10, 11, 12, 13); Psi block 1 not PSD (partable rows 14, 15). Convergence status is unchanged; inspect fit$diagnostics$admissibility.",13.4657836297462,-1.02666368378486,13.4433193147229,13.4657836297462,-0.14792190471408,TRUE
1270,"fresh","weak_marker",100,4,2,902819285,"marker_23","nlopt-lbfgs","continued_endpoint","continuation",1000,1203,0.00190718659066475,TRUE,"returned","converged",TRUE,0.0191855290344622,NA,0,NA,NA,NA,NA,"unavailable","unavailable","unavailable","available",7.3751194202387e-05,376323778.511153,0.078223442799613,FALSE,26.2734516006051,TRUE,FALSE,"screened_extreme","explicit",0.00300000000000011,"","magmaan: post-fit solution is not covariance-admissible: Psi block 1 not PSD (partable rows 14, 15). Convergence status is unchanged; inspect fit$diagnostics$admissibility.",26.2734244794406,1.04115185849042,-25.2798127515296,-25.3108750833286,0.17272690366862,TRUE
1271,"fresh","weak_marker",100,4,2,902819285,"marker_23","nlopt-lbfgs","continued_endpoint","continuation",10000,1270,3.0510014998e-22,TRUE,"returned","converged",TRUE,0.0191855290344622,NA,0,NA,NA,NA,NA,"unavailable","unavailable","unavailable","available",7.37511942023869e-05,376323778.511153,0.0782234427996129,FALSE,26.2734516006051,TRUE,FALSE,"screened_extreme","explicit",0.00200000000000067,"","magmaan: post-fit solution is not covariance-admissible: Psi block 1 not PSD (partable rows 14, 15). Convergence status is unchanged; inspect fit$diagnostics$admissibility.",26.2734244794406,1.04115185849042,-25.2798127515296,-25.3108750833286,0.17272690366862,TRUE
1272,"fresh","weak_marker",100,4,2,902819285,"marker_23","nlopt-lbfgs","continued_endpoint","continuation",50000,1271,0,TRUE,"returned","converged",TRUE,0.0191855290344622,NA,0,NA,NA,NA,NA,"unavailable","unavailable","unavailable","available",7.37511942023869e-05,376323778.511153,0.0782234427996129,FALSE,26.2734516006051,TRUE,FALSE,"screened_extreme","explicit",0.00300000000000011,"","magmaan: post-fit solution is not covariance-admissible: Psi block 1 not PSD (partable rows 14, 15). Convergence status is unchanged; inspect fit$diagnostics$admissibility.",26.2734244794406,1.04115185849042,-25.2798127515296,-25.3108750833286,0.17272690366862,TRUE
1273,"fresh","weak_marker",100,4,2,902819285,"effect_coded","nlopt-lbfgs","continued_endpoint","continuation",1000,1240,0.00114853462178321,TRUE,"returned","converged",TRUE,0.0191906724462245,NA,0,NA,NA,NA,NA,"unavailable","unavailable","unavailable","available",0.00937012444342904,11274289530.6513,55.1320423216865,FALSE,109.850961870922,TRUE,FALSE,"screened_extreme","explicit",0.00399999999999956,"","magmaan: post-fit solution is not covariance-admissible: Theta block 1 not PSD (partable rows 8, 9, 10, 11, 12, 13). Convergence status is unchanged; inspect fit$diagnostics$admissibility.",110.899042662157,1.0348100441137,110.899042662157,110.867283975436,0.17518662660009,TRUE
1274,"fresh","weak_marker",100,4,2,902819285,"effect_coded","nlopt-lbfgs","continued_endpoint","continuation",10000,1273,1.75865924745015e-14,TRUE,"returned","converged",TRUE,0.0191906724462241,NA,0,NA,NA,NA,NA,"unavailable","unavailable","unavailable","available",0.00937011182943562,11274254376.3428,55.131893885077,FALSE,109.850961870922,TRUE,FALSE,"screened_extreme","explicit",0.00300000000000011,"","magmaan: post-fit solution is not covariance-admissible: Theta block 1 not PSD (partable rows 8, 9, 10, 11, 12, 13). Convergence status is unchanged; inspect fit$diagnostics$admissibility.",110.899042662157,1.03481004411369,110.899042662157,110.867283975436,0.17518662660009,TRUE
1275,"fresh","weak_marker",100,4,2,902819285,"effect_coded","nlopt-lbfgs","continued_endpoint","continuation",50000,1274,3.89902217265168e-14,TRUE,"returned","converged",TRUE,0.0191906724462241,NA,0,NA,NA,NA,NA,"unavailable","unavailable","unavailable","available",0.0093701095359869,11274247106.9909,55.1318668966784,FALSE,109.850961870926,TRUE,FALSE,"screened_extreme","explicit",0.00300000000000011,"","magmaan: post-fit solution is not covariance-admissible: Theta block 1 not PSD (partable rows 8, 9, 10, 11, 12, 13). Convergence status is unchanged; inspect fit$diagnostics$admissibility.",110.899042662157,1.03481004411369,110.899042662157,110.867283975436,0.17518662660009,TRUE
1276,"fresh","weak_marker",100,4,2,902819285,"std_lv_positive","nlopt-lbfgs","continued_endpoint","continuation",1000,1250,0.000766006235975482,TRUE,"returned","line_search_salvaged",TRUE,0.0191908290197551,NA,0,NA,NA,NA,NA,"unavailable","unavailable","unavailable","available",0.00397533384381043,1428429603.02228,8.27644089252085,FALSE,101.637374273309,TRUE,FALSE,"screened_extreme","explicit",0.0139999999999993,"","magmaan: post-fit solution is not covariance-admissible: Theta block 1 not PSD (partable rows 8, 9, 10, 11, 12, 13). Convergence status is unchanged; inspect fit$diagnostics$admissibility.",102.687943785027,1.03479342947387,102.687943785027,102.656176161984,0.175212678635618,TRUE
1277,"fresh","weak_marker",100,4,2,902819285,"std_lv_positive","nlopt-lbfgs","continued_endpoint","continuation",10000,1276,0.000390710043435803,TRUE,"returned","converged",TRUE,0.0191896922972528,NA,0,NA,NA,NA,NA,"unavailable","unavailable","unavailable","available",0.00620214286649303,131114525914.754,124.30484656564,FALSE,237.320804039727,TRUE,FALSE,"screened_extreme","explicit",0.0659999999999989,"","magmaan: post-fit solution is not covariance-admissible: Theta block 1 not PSD (partable rows 8, 9, 10, 11, 12, 13). Convergence status is unchanged; inspect fit$diagnostics$admissibility.",238.412385659444,1.03544457167577,238.412385659444,238.380696578408,0.174940915409998,TRUE
1278,"fresh","weak_marker",100,4,2,902819285,"std_lv_positive","nlopt-lbfgs","continued_endpoint","continuation",50000,1277,7.5024896398e-17,TRUE,"returned","converged",TRUE,0.0191896922972528,NA,0,NA,NA,NA,NA,"unavailable","unavailable","unavailable","available",0.0062021605356354,131114664806.336,124.305554825096,FALSE,237.320804039727,TRUE,FALSE,"screened_extreme","explicit",0.00300000000000011,"","magmaan: post-fit solution is not covariance-admissible: Theta block 1 not PSD (partable rows 8, 9, 10, 11, 12, 13). Convergence status is unchanged; inspect fit$diagnostics$admissibility.",238.412385659444,1.03544457167577,238.412385659444,238.380696578408,0.174940915409998,TRUE
1279,"fresh","weak_marker",100,4,2,902819285,"sphere","nlopt-lbfgs","continued_endpoint","continuation",1000,1263,2.49959411995087e-08,TRUE,"returned","converged",TRUE,0.0191855928467191,0.0191855928467191,0,TRUE,TRUE,3.22463222790503e-09,1.04587835354035e-05,"near_chart_boundary","representable","representable","available",0.00320724509857195,184896967.921406,2.38541078870756,FALSE,23.2676646760355,TRUE,FALSE,"screened_extreme","user",0.00300000000000011,"","",23.266477598044,1.04183473802784,-22.273776263744,-22.3047629676386,0.172459957210396,TRUE
1280,"fresh","weak_marker",100,4,2,902819285,"sphere","nlopt-lbfgs","continued_endpoint","continuation",10000,1279,4.70558789669329e-08,TRUE,"returned","converged",TRUE,0.0191855928467177,0.0191855928467182,4.44089209850063e-16,TRUE,TRUE,1.05921271753573e-10,1.04594393618412e-05,"near_chart_boundary","representable","representable","available",0.00320923579617689,185126577.307732,2.38837294046007,FALSE,23.2676646777129,TRUE,FALSE,"screened_extreme","user",0.00300000000000011,"","",23.2664776410764,1.04183475763045,-22.2737763054487,-22.3047630022441,0.172459935832243,TRUE
1281,"fresh","weak_marker",100,4,2,902819285,"sphere","nlopt-lbfgs","continued_endpoint","continuation",50000,1280,8.71211747619286e-05,TRUE,"returned","converged",TRUE,0.0191855667773093,0.019185566777308,1.33226762955019e-15,TRUE,TRUE,7.58037255188526e-09,9.20936410089248e-06,"near_chart_boundary","representable","representable","available",0.00252028939681043,215903567.775856,2.02619836643569,FALSE,23.9103282937737,TRUE,FALSE,"screened_extreme","user",0.00399999999999956,"","",23.9093917866651,1.0416734811383,-22.9164757025741,-22.9474802398559,0.172522929132992,TRUE
1282,"fresh","weak_marker",100,4,2,902819285,"marker_13","port","continued_endpoint","continuation",1000,1178,2.64518004956021e-07,TRUE,"returned","converged",TRUE,0.0191855290071312,NA,0,NA,NA,NA,NA,"unavailable","unavailable","unavailable","available",1.46101293544138e-06,382267404.724055,0.00133642031049644,FALSE,26.3443287634617,TRUE,FALSE,"screened_extreme","explicit",0.00200000000000067,"","magmaan: post-fit solution is not covariance-admissible: Psi block 1 not PSD (partable rows 14, 15). Convergence status is unchanged; inspect fit$diagnostics$admissibility.",26.3443295572044,1.04113179277628,-25.3506989368662,-25.3817630266581,0.172733455915726,TRUE
1283,"fresh","weak_marker",100,4,2,902819285,"marker_13","port","continued_endpoint","continuation",10000,1282,6.62442408777248e-08,TRUE,"returned","converged",TRUE,0.0191855290071303,NA,0,NA,NA,NA,NA,"unavailable","unavailable","unavailable","available",1.41237582438545e-06,384496908.463062,0.00134418848927136,FALSE,26.344330243274,TRUE,FALSE,"screened_extreme","explicit",0.00200000000000067,"","magmaan: post-fit solution is not covariance-admissible: Psi block 1 not PSD (partable rows 14, 15). Convergence status is unchanged; inspect fit$diagnostics$admissibility.",26.3443295289705,1.04113175908666,-25.3506989659841,-25.3817630551013,0.172733456834314,TRUE
1284,"fresh","weak_marker",100,4,2,902819285,"marker_13","port","continued_endpoint","continuation",50000,1283,4.33422443447171e-08,TRUE,"returned","converged",TRUE,0.0191855290071303,NA,0,NA,NA,NA,NA,"unavailable","unavailable","unavailable","available",1.38713613986198e-06,381253150.359382,0.00133286540423234,FALSE,26.344329192809,TRUE,FALSE,"screened_extreme","explicit",0.00199999999999889,"","magmaan: post-fit solution is not covariance-admissible: Psi block 1 not PSD (partable rows 14, 15). Convergence status is unchanged; inspect fit$diagnostics$admissibility.",26.3443295482714,1.04113180084614,-25.3506989439267,-25.3817630343826,0.172733457092151,TRUE
1285,"fresh","weak_marker",100,4,2,902819285,"effect_coded","port","continued_endpoint","continuation",1000,1245,3.32716558732943e-12,TRUE,"returned","converged",FALSE,0.0191889417889857,NA,0,NA,NA,NA,NA,"unavailable","unavailable","unavailable","nonpositive_curvature",NA,519240498440030400,NA,FALSE,10491.8079953826,TRUE,FALSE,"accuracy_unresolved","explicit",0.00200000000000067,"","magmaan: post-fit solution is not covariance-admissible: Theta block 1 not PSD (partable rows 8, 9, 10, 11, 12, 13). Convergence status is unchanged; inspect fit$diagnostics$admissibility.",10496.4556290089,1.03598247812009,10496.4556290089,10496.4239989933,0.174732422558637,FALSE
1286,"fresh","weak_marker",100,4,2,902819285,"effect_coded","port","continued_endpoint","continuation",10000,1285,3.32716558732943e-12,TRUE,"returned","converged",FALSE,0.0191889417889852,NA,0,NA,NA,NA,NA,"unavailable","unavailable","unavailable","ill_conditioned",0.00171150845330616,12001888409350566,20296.1140110743,FALSE,10491.8079953477,TRUE,FALSE,"accuracy_unresolved","explicit",0.00200000000000067,"","magmaan: post-fit solution is not covariance-admissible: Theta block 1 not PSD (partable rows 8, 9, 10, 11, 12, 13). Convergence status is unchanged; inspect fit$diagnostics$admissibility.",10496.4556290089,1.0359824781201,10496.4556290089,10496.4239989933,0.174732422558637,FALSE
1287,"fresh","weak_marker",100,4,2,902819285,"effect_coded","port","continued_endpoint","continuation",50000,1286,9.85046776610826e-16,TRUE,"returned","converged",FALSE,0.0191889417889857,NA,0,NA,NA,NA,NA,"unavailable","unavailable","unavailable","ill_conditioned",0.0017115084533021,58226608286558080,20296.1140109642,FALSE,10491.8079953477,TRUE,FALSE,"accuracy_unresolved","explicit",0.00199999999999889,"","magmaan: post-fit solution is not covariance-admissible: Theta block 1 not PSD (partable rows 8, 9, 10, 11, 12, 13). Convergence status is unchanged; inspect fit$diagnostics$admissibility.",10496.4556290089,1.0359824781201,10496.4556290089,10496.4239989933,0.174732422558637,FALSE
1288,"fresh","weak_marker",100,4,2,902819285,"std_lv_positive","port","continued_endpoint","continuation",1000,1256,0,TRUE,"returned","converged",TRUE,0.0191894658116838,NA,0,NA,NA,NA,NA,"unavailable","unavailable","unavailable","available",0.00185337312037586,47188579889.7033,22.2296755410925,FALSE,332.241829050454,TRUE,FALSE,"screened_extreme","explicit",0.00199999999999889,"","magmaan: post-fit solution is not covariance-admissible: Theta block 1 not PSD (partable rows 8, 9, 10, 11, 12, 13). Convergence status is unchanged; inspect fit$diagnostics$admissibility.",333.370382039525,1.03559272764567,333.370382039525,333.33871013197,0.174880994595915,TRUE
1289,"fresh","weak_marker",100,4,2,902819285,"std_lv_positive","port","continued_endpoint","continuation",10000,1288,0,TRUE,"returned","converged",TRUE,0.0191894658116838,NA,0,NA,NA,NA,NA,"unavailable","unavailable","unavailable","available",0.00185337312037586,47188579889.7033,22.2296755410925,FALSE,332.241829050454,TRUE,FALSE,"screened_extreme","explicit",0.00200000000000067,"","magmaan: post-fit solution is not covariance-admissible: Theta block 1 not PSD (partable rows 8, 9, 10, 11, 12, 13). Convergence status is unchanged; inspect fit$diagnostics$admissibility.",333.370382039525,1.03559272764567,333.370382039525,333.33871013197,0.174880994595915,TRUE
1290,"fresh","weak_marker",100,4,2,902819285,"std_lv_positive","port","continued_endpoint","continuation",50000,1289,0,TRUE,"returned","converged",TRUE,0.0191894658116838,NA,0,NA,NA,NA,NA,"unavailable","unavailable","unavailable","available",0.00185337312037586,47188579889.7033,22.2296755410925,FALSE,332.241829050454,TRUE,FALSE,"screened_extreme","explicit",0.00200000000000067,"","magmaan: post-fit solution is not covariance-admissible: Theta block 1 not PSD (partable rows 8, 9, 10, 11, 12, 13). Convergence status is unchanged; inspect fit$diagnostics$admissibility.",333.370382039525,1.03559272764567,333.370382039525,333.33871013197,0.174880994595915,TRUE
1291,"fresh","weak_marker",100,4,2,902819285,"sphere","port","continued_endpoint","continuation",1000,1268,9.7475554316292e-15,TRUE,"returned","singular_convergence",TRUE,0.0191855290072098,0.0191855290072098,0,TRUE,TRUE,0,5.444364441791e-06,"near_chart_boundary","representable","representable","available",4.21485312560104e-06,379766654.62186,0.00383921281592112,FALSE,26.3420114401673,TRUE,FALSE,"screened_extreme","user",0.00300000000000011,"","",26.3420167624532,1.04113262195502,-25.3483865524528,-25.3794505908643,0.172733244279674,TRUE
1292,"fresh","weak_marker",100,4,2,902819285,"sphere","port","continued_endpoint","continuation",10000,1291,1.29967405755056e-14,TRUE,"returned","singular_convergence",TRUE,0.0191855290072103,0.0191855290072098,4.44089209850063e-16,TRUE,TRUE,0,5.444364441791e-06,"near_chart_boundary","representable","representable","available",4.21485307826307e-06,379766620.516681,0.0038392128159443,FALSE,26.3420114401676,TRUE,FALSE,"screened_extreme","user",0.00299999999999834,"","",26.3420167624532,1.04113262195502,-25.3483865524528,-25.3794505908643,0.172733244279674,TRUE
1293,"fresh","weak_marker",100,4,2,902819285,"sphere","port","continued_endpoint","continuation",50000,1292,1.29967405755056e-14,TRUE,"returned","singular_convergence",TRUE,0.0191855290072098,0.0191855290072094,4.44089209850063e-16,TRUE,TRUE,0,5.444364441791e-06,"near_chart_boundary","representable","representable","available",4.2148530843438e-06,379766661.786763,0.00383921294357951,FALSE,26.342011440168,TRUE,FALSE,"screened_extreme","user",0.00300000000000011,"","",26.3420167624532,1.04113262195502,-25.3483865524528,-25.3794505908643,0.172733244279674,TRUE
