"candidate","baseline","lane","family","role","pop","model","n","rep","transform","estimator","seed","fmin","newton_status","optimizer_status","f_evals","start_policy","stage","admissible","message","std_extent","runaway","fmin_baseline","best_known","arms"
"psd_layered","psd_default","psd-ml","boomsma","test","boomsma_3CS","cfa",100,14,"native","ML",101230071,,"","",,"","",,"magmaan fit error [OptimizerNonConvergence] after 5000 iters  f=0.0532672: nlopt Sequential Quadratic Programming (SQP) (local  derivative): evaluation budget exhausted without convergence",,FALSE,0.0323830308199131,0.0323830308199131,"psd_default:ok;psd_layered:fail;twostage_default:ok;twostage_layered_lbfgs:fail;witness:ok"
"psd_layered","psd_default","psd-ml","boomsma","test","boomsma_3CS","cfa",100,14,"x0.01","ML",101230071,,"","",,"","",,"magmaan fit error [OptimizerNonConvergence] after 5000 iters  f=0.053263: nlopt Sequential Quadratic Programming (SQP) (local  derivative): evaluation budget exhausted without convergence",,FALSE,0.0323830308199113,0.0323830308199078,"psd_default:ok;psd_layered:fail;twostage_default:ok;twostage_layered_lbfgs:ok;witness:ok"
"psd_layered","psd_default","psd-ml","boomsma","test","boomsma_3CS","cfa",100,14,"x100","ML",101230071,,"","",,"","",,"magmaan fit error [OptimizerNonConvergence] after 5000 iters  f=0.0532363: nlopt Sequential Quadratic Programming (SQP) (local  derivative): evaluation budget exhausted without convergence",,FALSE,0.0323830308199184,0.0323830308199149,"psd_default:ok;psd_layered:fail;twostage_default:ok;twostage_layered_lbfgs:fail;witness:ok"
"psd_layered","psd_default","psd-ml","boomsma","test","boomsma_3CS","cfa",100,16,"mixed","ML",101230073,,"","",,"","",,"magmaan fit error [OptimizerNonConvergence] after 5000 iters  f=0.0549227: nlopt Sequential Quadratic Programming (SQP) (local  derivative): evaluation budget exhausted without convergence",,FALSE,0.0359054400939853,0.0181657258332315,"psd_default:ok;psd_layered:fail;twostage_default:ok;twostage_layered_lbfgs:fail;witness:ok"
"psd_layered","psd_default","psd-ml","boomsma","test","boomsma_3CS","cfa",100,16,"native","ML",101230073,0.0549226509286491,"nonpositive_curvature","converged",4545,"layered","",TRUE,"",1,FALSE,0.0181657258332328,0.0181657258332324,"psd_default:ok;psd_layered:fail;twostage_default:ok;twostage_layered_lbfgs:fail;witness:ok"
"psd_layered","psd_default","psd-ml","boomsma","test","boomsma_3CS","cfa",100,16,"x0.01","ML",101230073,,"","",,"","",,"magmaan fit error [OptimizerNonConvergence] after 5000 iters  f=0.0259588: nlopt Sequential Quadratic Programming (SQP) (local  derivative): evaluation budget exhausted without convergence",,FALSE,0.0181657258332351,0.018165725833228,"psd_default:ok;psd_layered:fail;twostage_default:ok;twostage_layered_lbfgs:ok;witness:ok"
"psd_layered","psd_default","psd-ml","boomsma","test","boomsma_3CS","cfa",100,16,"x100","ML",101230073,,"","",,"","",,"magmaan fit error [OptimizerNonConvergence] after 5000 iters  f=0.0549227: nlopt Sequential Quadratic Programming (SQP) (local  derivative): evaluation budget exhausted without convergence",,FALSE,0.0181657258332351,0.0181657258332351,"psd_default:ok;psd_layered:fail;twostage_default:ok;twostage_layered_lbfgs:fail;witness:ok"
"psd_layered","psd_default","psd-ml","boomsma","test","boomsma_3CS","cfa",100,32,"native","ML",101230331,,"","",,"","",,"magmaan fit error [OptimizerNonConvergence] after 5000 iters  f=0.0870328: nlopt Sequential Quadratic Programming (SQP) (local  derivative): evaluation budget exhausted without convergence",,FALSE,0.0427817681427651,0.0427817681427642,"psd_default:ok;psd_layered:fail;twostage_default:ok;twostage_layered_lbfgs:ok;witness:ok"
"psd_layered","psd_default","psd-ml","boomsma","test","boomsma_3CS","cfa",100,32,"x0.01","ML",101230331,,"","",,"","",,"magmaan fit error [OptimizerNonConvergence] after 5000 iters  f=0.0869629: nlopt Sequential Quadratic Programming (SQP) (local  derivative): evaluation budget exhausted without convergence",,FALSE,0.0427817681427634,0.0427817681427634,"psd_default:ok;psd_layered:fail;twostage_default:ok;twostage_layered_lbfgs:fail;witness:ok"
"psd_layered","psd_default","psd-ml","boomsma","test","boomsma_3CS","cfa",100,32,"x100","ML",101230331,,"","",,"","",,"magmaan fit error [OptimizerNonConvergence] after 5000 iters  f=0.0869677: nlopt Sequential Quadratic Programming (SQP) (local  derivative): evaluation budget exhausted without convergence",,FALSE,0.0427817681427562,0.0427817681427562,"psd_default:ok;psd_layered:fail;twostage_default:fail;twostage_layered_lbfgs:ok;witness:ok"
"psd_layered","psd_default","psd-ml","boomsma","test","boomsma_3CS","cfa",100,5,"native","ML",1754824266,,"","",,"","",,"magmaan fit error [OptimizerNonConvergence] after 5000 iters  f=0.109245: nlopt Sequential Quadratic Programming (SQP) (local  derivative): evaluation budget exhausted without convergence",,FALSE,0.0649638914434347,0.0649638914434347,"psd_default:ok;psd_layered:fail;twostage_default:ok;twostage_layered_lbfgs:fail;witness:ok"
"psd_layered","psd_default","psd-ml","boomsma","test","boomsma_3CS","cfa",100,5,"x0.01","ML",1754824266,,"","",,"","",,"magmaan fit error [OptimizerNonConvergence] after 5000 iters  f=0.109245: nlopt Sequential Quadratic Programming (SQP) (local  derivative): evaluation budget exhausted without convergence",,FALSE,0.0649638914434369,0.0649638914434369,"psd_default:ok;psd_layered:fail;twostage_default:ok;twostage_layered_lbfgs:ok;witness:ok"
"psd_layered","psd_default","psd-ml","boomsma","test","boomsma_3CS","cfa",100,5,"x100","ML",1754824266,,"","",,"","",,"magmaan fit error [OptimizerNonConvergence] after 5000 iters  f=0.109245: nlopt Sequential Quadratic Programming (SQP) (local  derivative): evaluation budget exhausted without convergence",,FALSE,0.0649638914434334,0.0649638914434298,"psd_default:ok;psd_layered:fail;twostage_default:ok;twostage_layered_lbfgs:fail;witness:ok"
"psd_layered","psd_default","psd-ml","boomsma","test","boomsma_3CS","cfa",100,7,"mixed","ML",1754824268,,"","",,"","",,"magmaan fit error [OptimizerNonConvergence] after 5000 iters  f=0.0295073: nlopt Sequential Quadratic Programming (SQP) (local  derivative): evaluation budget exhausted without convergence",,FALSE,0.0287740118799711,0.0287740118799711,"psd_default:ok;psd_layered:fail;twostage_default:ok;twostage_layered_lbfgs:fail;witness:fail"
"psd_layered","psd_default","psd-ml","boomsma","test","boomsma_3CS","cfa",25,11,"native","ML",2061859049,,"","",,"","",,"magmaan fit error [OptimizerNonConvergence] after 5000 iters  f=0.32142: nlopt Sequential Quadratic Programming (SQP) (local  derivative): evaluation budget exhausted without convergence",,FALSE,0.345988375873733,0.345988375873733,"psd_default:ok;psd_layered:fail;twostage_default:ok;twostage_layered_lbfgs:fail;witness:fail"
"psd_layered","psd_default","psd-ml","boomsma","test","boomsma_3CS","cfa",25,15,"native","ML",2061859053,,"","",,"","",,"magmaan fit error [OptimizerNonConvergence] after 5000 iters  f=0.249792: nlopt Sequential Quadratic Programming (SQP) (local  derivative): evaluation budget exhausted without convergence",,FALSE,0.218221129712911,0.218221129712907,"psd_default:ok;psd_layered:fail;twostage_default:ok;twostage_layered_lbfgs:fail;witness:ok"
"psd_layered","psd_default","psd-ml","boomsma","test","boomsma_3CS","cfa",25,15,"x0.01","ML",2061859053,,"","",,"","",,"magmaan fit error [OptimizerNonConvergence] after 5000 iters  f=0.249792: nlopt Sequential Quadratic Programming (SQP) (local  derivative): evaluation budget exhausted without convergence",,FALSE,0.218221129712905,0.218221129712905,"psd_default:ok;psd_layered:fail;twostage_default:ok;twostage_layered_lbfgs:fail;witness:ok"
"psd_layered","psd_default","psd-ml","boomsma","test","boomsma_3CS","cfa",25,15,"x100","ML",2061859053,,"","",,"","",,"magmaan fit error [OptimizerNonConvergence] after 5000 iters  f=0.249792: nlopt Sequential Quadratic Programming (SQP) (local  derivative): evaluation budget exhausted without convergence",,FALSE,0.218221129712923,0.218221129712909,"psd_default:ok;psd_layered:fail;twostage_default:ok;twostage_layered_lbfgs:ok;witness:ok"
"psd_layered","psd_default","psd-ml","boomsma","test","boomsma_3CS","cfa",25,17,"native","ML",2061859055,,"","",,"","",,"magmaan fit error [OptimizerNonConvergence] after 5000 iters  f=0.0959618: nlopt Sequential Quadratic Programming (SQP) (local  derivative): evaluation budget exhausted without convergence",,FALSE,0.0933479692463646,0.0933479692463637,"psd_default:ok;psd_layered:fail;twostage_default:ok;twostage_layered_lbfgs:fail;witness:ok"
"psd_layered","psd_default","psd-ml","boomsma","test","boomsma_3CS","cfa",25,17,"x100","ML",2061859055,,"","",,"","",,"magmaan fit error [OptimizerNonConvergence] after 5000 iters  f=0.0959618: nlopt Sequential Quadratic Programming (SQP) (local  derivative): evaluation budget exhausted without convergence",,FALSE,0.0933479692463628,0.0933479692463592,"psd_default:ok;psd_layered:fail;twostage_default:ok;twostage_layered_lbfgs:fail;witness:ok"
"psd_layered","psd_default","psd-ml","boomsma","test","boomsma_3CS","cfa",25,18,"native","ML",2061859056,,"","",,"","",,"magmaan fit error [OptimizerNonConvergence] after 5000 iters  f=0.295758: nlopt Sequential Quadratic Programming (SQP) (local  derivative): evaluation budget exhausted without convergence",,FALSE,0.245765493029019,0.245765493029009,"psd_default:ok;psd_layered:fail;twostage_default:ok;twostage_layered_lbfgs:fail;witness:ok"
"psd_layered","psd_default","psd-ml","boomsma","test","boomsma_3CS","cfa",25,18,"x100","ML",2061859056,,"","",,"","",,"magmaan fit error [OptimizerNonConvergence] after 5000 iters  f=0.295758: nlopt Sequential Quadratic Programming (SQP) (local  derivative): evaluation budget exhausted without convergence",,FALSE,0.245765493029008,0.245765493029008,"psd_default:ok;psd_layered:fail;twostage_default:ok;twostage_layered_lbfgs:ok;witness:ok"
"psd_layered","psd_default","psd-ml","boomsma","test","boomsma_3CS","cfa",25,22,"native","ML",2061859181,,"","",,"","",,"magmaan fit error [OptimizerNonConvergence] after 5000 iters  f=0.0938389: nlopt Sequential Quadratic Programming (SQP) (local  derivative): evaluation budget exhausted without convergence",,FALSE,0.0878810158948582,0.0878810158948449,"psd_default:ok;psd_layered:fail;twostage_default:ok;twostage_layered_lbfgs:fail;witness:ok"
"psd_layered","psd_default","psd-ml","boomsma","test","boomsma_3CS","cfa",25,22,"x100","ML",2061859181,,"","",,"","",,"magmaan fit error [OptimizerNonConvergence] after 5000 iters  f=0.0938389: nlopt Sequential Quadratic Programming (SQP) (local  derivative): evaluation budget exhausted without convergence",,FALSE,0.0878810158948404,0.0878810158948404,"psd_default:ok;psd_layered:fail;twostage_default:ok;twostage_layered_lbfgs:fail;witness:ok"
"psd_layered","psd_default","psd-ml","boomsma","test","boomsma_3CS","cfa",25,24,"native","ML",2061859183,,"","",,"","",,"magmaan fit error [OptimizerNonConvergence] after 5000 iters  f=0.107431: nlopt Sequential Quadratic Programming (SQP) (local  derivative): evaluation budget exhausted without convergence",,FALSE,0.0474375981750956,0.0474375981750947,"psd_default:ok;psd_layered:fail;twostage_default:ok;twostage_layered_lbfgs:fail;witness:ok"
"psd_layered","psd_default","psd-ml","boomsma","test","boomsma_3CS","cfa",25,24,"x100","ML",2061859183,,"","",,"","",,"magmaan fit error [OptimizerNonConvergence] after 5000 iters  f=0.107431: nlopt Sequential Quadratic Programming (SQP) (local  derivative): evaluation budget exhausted without convergence",,FALSE,0.0474375981750974,0.0474375981750974,"psd_default:ok;psd_layered:fail;twostage_default:ok;twostage_layered_lbfgs:fail;witness:ok"
"psd_layered","psd_default","psd-ml","boomsma","test","boomsma_3CS","cfa",25,3,"mixed","ML",1310786763,0.264838490677843,"nonpositive_curvature","converged",4805,"layered","",TRUE,"",1,FALSE,0.126361624287409,0.126361624287408,"psd_default:ok;psd_layered:fail;twostage_default:ok;twostage_layered_lbfgs:ok;witness:ok"
"psd_layered","psd_default","psd-ml","boomsma","test","boomsma_3CS","cfa",25,34,"native","ML",2061859314,,"","",,"","",,"magmaan fit error [OptimizerNonConvergence] after 5000 iters  f=0.223186: nlopt Sequential Quadratic Programming (SQP) (local  derivative): evaluation budget exhausted without convergence",,FALSE,0.139291355526048,0.139291355526046,"psd_default:ok;psd_layered:fail;twostage_default:ok;twostage_layered_lbfgs:fail;witness:ok"
"psd_layered","psd_default","psd-ml","boomsma","test","boomsma_3CS","cfa",25,34,"x0.01","ML",2061859314,,"","",,"","",,"magmaan fit error [OptimizerNonConvergence] after 5000 iters  f=0.223186: nlopt Sequential Quadratic Programming (SQP) (local  derivative): evaluation budget exhausted without convergence",,FALSE,0.139291355526044,0.139291355526044,"psd_default:ok;psd_layered:fail;twostage_default:ok;twostage_layered_lbfgs:fail;witness:ok"
"psd_layered","psd_default","psd-ml","boomsma","test","boomsma_3CS","cfa",25,34,"x100","ML",2061859314,,"","",,"","",,"magmaan fit error [OptimizerNonConvergence] after 5000 iters  f=0.223186: nlopt Sequential Quadratic Programming (SQP) (local  derivative): evaluation budget exhausted without convergence",,FALSE,0.139291355526044,0.139291355526044,"psd_default:ok;psd_layered:fail;twostage_default:ok;twostage_layered_lbfgs:fail;witness:ok"
"psd_layered","psd_default","psd-ml","boomsma","test","boomsma_3CS","cfa",25,40,"x0.01","ML",2061859441,0.304627146839969,"ill_conditioned","converged",39,"layered","",TRUE,"",1,FALSE,0.180477875082087,0.180477875082087,"psd_default:ok;psd_layered:fail;twostage_default:ok;twostage_layered_lbfgs:ok;witness:ok"
"psd_layered","psd_default","psd-ml","boomsma","test","boomsma_3CS","cfa",25,41,"mixed","ML",2061859442,0.532817326571176,"nonpositive_curvature","converged",2788,"layered","",TRUE,"",1,FALSE,0.281219982287755,0.281219982287755,"psd_default:ok;psd_layered:fail;twostage_default:ok;twostage_layered_lbfgs:fail;witness:ok"
"psd_layered","psd_default","psd-ml","boomsma","test","boomsma_3CS","cfa",25,41,"native","ML",2061859442,0.531804784931607,"nonpositive_curvature","converged",2806,"layered","",TRUE,"",1,FALSE,0.281219982287761,0.281219982287755,"psd_default:ok;psd_layered:fail;twostage_default:ok;twostage_layered_lbfgs:fail;witness:ok"
"psd_layered","psd_default","psd-ml","boomsma","test","boomsma_3CS","cfa",25,41,"x0.01","ML",2061859442,0.531821349363515,"nonpositive_curvature","converged",2983,"layered","",TRUE,"",1,FALSE,0.456814264316648,0.281219982287759,"psd_default:ok;psd_layered:fail;twostage_default:ok;twostage_layered_lbfgs:fail;witness:ok"
"psd_layered","psd_default","psd-ml","boomsma","test","boomsma_3CS","cfa",25,41,"x100","ML",2061859442,0.531816080184218,"nonpositive_curvature","converged",3003,"layered","",TRUE,"",1,FALSE,0.456814264316638,0.281219982287759,"psd_default:ok;psd_layered:fail;twostage_default:ok;twostage_layered_lbfgs:fail;witness:ok"
"psd_layered","psd_default","psd-ml","boomsma","test","boomsma_3CS","cfa",25,44,"native","ML",2061859445,,"","",,"","",,"magmaan fit error [OptimizerNonConvergence] after 5000 iters  f=0.394453: nlopt Sequential Quadratic Programming (SQP) (local  derivative): evaluation budget exhausted without convergence",,FALSE,0.310317395969907,0.3103173959699,"psd_default:ok;psd_layered:fail;twostage_default:ok;twostage_layered_lbfgs:fail;witness:ok"
"psd_layered","psd_default","psd-ml","boomsma","test","boomsma_3CS","cfa",25,44,"x0.01","ML",2061859445,,"","",,"","",,"magmaan fit error [OptimizerNonConvergence] after 5000 iters  f=0.394453: nlopt Sequential Quadratic Programming (SQP) (local  derivative): evaluation budget exhausted without convergence",,FALSE,0.3103173959699,0.3103173959699,"psd_default:ok;psd_layered:fail;twostage_default:ok;twostage_layered_lbfgs:fail;witness:ok"
"psd_layered","psd_default","psd-ml","boomsma","test","boomsma_3CS","cfa",25,44,"x100","ML",2061859445,,"","",,"","",,"magmaan fit error [OptimizerNonConvergence] after 5000 iters  f=0.394453: nlopt Sequential Quadratic Programming (SQP) (local  derivative): evaluation budget exhausted without convergence",,FALSE,0.363028575223719,0.3103173959699,"psd_default:ok;psd_layered:fail;twostage_default:ok;twostage_layered_lbfgs:fail;witness:ok"
"psd_layered","psd_default","psd-ml","boomsma","test","boomsma_3CS","cfa",25,45,"native","ML",2061859446,,"","",,"","",,"magmaan fit error [OptimizerNonConvergence] after 5000 iters  f=0.111027: nlopt Sequential Quadratic Programming (SQP) (local  derivative): evaluation budget exhausted without convergence",,FALSE,0.111792742627915,0.111792742627915,"psd_default:ok;psd_layered:fail;twostage_default:ok;twostage_layered_lbfgs:ok;witness:ok"
"psd_layered","psd_default","psd-ml","boomsma","test","boomsma_3CS","cfa",25,46,"native","ML",2061859447,,"","",,"","",,"magmaan fit error [OptimizerNonConvergence] after 5000 iters  f=0.476043: nlopt Sequential Quadratic Programming (SQP) (local  derivative): evaluation budget exhausted without convergence",,FALSE,0.097452012370324,0.097452012370316,"psd_default:ok;psd_layered:fail;twostage_default:ok;twostage_layered_lbfgs:fail;witness:ok"
"psd_layered","psd_default","psd-ml","boomsma","test","boomsma_3CS","cfa",25,46,"x0.01","ML",2061859447,,"","",,"","",,"magmaan fit error [OptimizerNonConvergence] after 5000 iters  f=0.41585: nlopt Sequential Quadratic Programming (SQP) (local  derivative): evaluation budget exhausted without convergence",,FALSE,0.0974520123703186,0.0974520123703151,"psd_default:ok;psd_layered:fail;twostage_default:ok;twostage_layered_lbfgs:fail;witness:ok"
"psd_layered","psd_default","psd-ml","boomsma","test","boomsma_3CS","cfa",25,46,"x100","ML",2061859447,,"","",,"","",,"magmaan fit error [OptimizerNonConvergence] after 5000 iters  f=0.476043: nlopt Sequential Quadratic Programming (SQP) (local  derivative): evaluation budget exhausted without convergence",,FALSE,0.0974520123703115,0.0974520123703115,"psd_default:ok;psd_layered:fail;twostage_default:ok;twostage_layered_lbfgs:fail;witness:ok"
"psd_layered","psd_default","psd-ml","boomsma","test","boomsma_3UM","cfa",25,23,"native","ML",706876569,,"","",,"","",,"magmaan fit error [OptimizerNonConvergence] after 5000 iters  f=0.26573: nlopt Sequential Quadratic Programming (SQP) (local  derivative): evaluation budget exhausted without convergence",,FALSE,0.25614824210613,0.25614824210613,"psd_default:ok;psd_layered:fail;twostage_default:ok;twostage_layered_lbfgs:fail;witness:ok"
"psd_layered","psd_default","psd-ml","boomsma","test","boomsma_3UM","cfa",25,23,"x0.01","ML",706876569,,"","",,"","",,"magmaan fit error [OptimizerNonConvergence] after 5000 iters  f=0.26573: nlopt Sequential Quadratic Programming (SQP) (local  derivative): evaluation budget exhausted without convergence",,FALSE,0.256148242106129,0.256148242106125,"psd_default:ok;psd_layered:fail;twostage_default:ok;twostage_layered_lbfgs:ok;witness:ok"
"psd_layered","psd_default","psd-ml","boomsma","test","boomsma_3UM","cfa",25,23,"x100","ML",706876569,,"","",,"","",,"magmaan fit error [OptimizerNonConvergence] after 5000 iters  f=0.26573: nlopt Sequential Quadratic Programming (SQP) (local  derivative): evaluation budget exhausted without convergence",,FALSE,0.256148242106129,0.256148242106129,"psd_default:ok;psd_layered:fail;twostage_default:ok;twostage_layered_lbfgs:fail;witness:ok"
"psd_layered","psd_default","psd-ml","boomsma","test","boomsma_3US","cfa",100,14,"native","ML",8834963,,"","",,"","",,"magmaan fit error [OptimizerNonConvergence] after 5000 iters  f=0.0161533: nlopt Sequential Quadratic Programming (SQP) (local  derivative): evaluation budget exhausted without convergence",,FALSE,0.0130492071096149,0.0130492071096144,"psd_default:ok;psd_layered:fail;twostage_default:ok;twostage_layered_lbfgs:ok;witness:ok"
"psd_layered","psd_default","psd-ml","boomsma","test","boomsma_3US","cfa",100,14,"x100","ML",8834963,,"","",,"","",,"magmaan fit error [OptimizerNonConvergence] after 5000 iters  f=0.0162338: nlopt Sequential Quadratic Programming (SQP) (local  derivative): evaluation budget exhausted without convergence",,FALSE,0.0138007511998381,0.0130492071096135,"psd_default:ok;psd_layered:fail;twostage_default:ok;twostage_layered_lbfgs:ok;witness:ok"
"psd_layered","psd_default","psd-ml","boomsma","test","boomsma_3US","cfa",100,2,"native","ML",1409865856,,"","",,"","",,"magmaan fit error [OptimizerNonConvergence] after 5000 iters  f=0.0752174: nlopt Sequential Quadratic Programming (SQP) (local  derivative): evaluation budget exhausted without convergence",,FALSE,0.0472245987436382,0.0472245987436382,"psd_default:ok;psd_layered:fail;twostage_default:ok;twostage_layered_lbfgs:fail;witness:ok"
"psd_layered","psd_default","psd-ml","boomsma","test","boomsma_3US","cfa",100,2,"x0.01","ML",1409865856,,"","",,"","",,"magmaan fit error [OptimizerNonConvergence] after 5000 iters  f=0.0752174: nlopt Sequential Quadratic Programming (SQP) (local  derivative): evaluation budget exhausted without convergence",,FALSE,0.047224598743643,0.0472245987436395,"psd_default:ok;psd_layered:fail;twostage_default:ok;twostage_layered_lbfgs:fail;witness:ok"
"psd_layered","psd_default","psd-ml","boomsma","test","boomsma_3US","cfa",100,2,"x100","ML",1409865856,,"","",,"","",,"magmaan fit error [OptimizerNonConvergence] after 5000 iters  f=0.0752174: nlopt Sequential Quadratic Programming (SQP) (local  derivative): evaluation budget exhausted without convergence",,FALSE,0.0472245987436359,0.0472245987436359,"psd_default:ok;psd_layered:fail;twostage_default:ok;twostage_layered_lbfgs:fail;witness:ok"
"psd_layered","psd_default","psd-ml","boomsma","test","boomsma_3US","cfa",100,30,"mixed","ML",8835221,,"","",,"","",,"magmaan fit error [OptimizerNonConvergence] after 5000 iters  f=0.0559328: nlopt Sequential Quadratic Programming (SQP) (local  derivative): evaluation budget exhausted without convergence",,FALSE,0.0552793481029497,0.0552793481029497,"psd_default:ok;psd_layered:fail;twostage_default:ok;twostage_layered_lbfgs:fail;witness:fail"
"psd_layered","psd_default","psd-ml","boomsma","test","boomsma_3US","cfa",100,33,"native","ML",8835224,,"","",,"","",,"magmaan fit error [OptimizerNonConvergence] after 5000 iters  f=0.0566639: nlopt Sequential Quadratic Programming (SQP) (local  derivative): evaluation budget exhausted without convergence",,FALSE,0.0598193794917954,0.0566095678156069,"psd_default:ok;psd_layered:fail;twostage_default:ok;twostage_layered_lbfgs:ok;witness:ok"
"psd_layered","psd_default","psd-ml","boomsma","test","boomsma_3US","cfa",100,33,"x0.01","ML",8835224,,"","",,"","",,"magmaan fit error [OptimizerNonConvergence] after 5000 iters  f=0.0566639: nlopt Sequential Quadratic Programming (SQP) (local  derivative): evaluation budget exhausted without convergence",,FALSE,0.0598193794917954,0.0598193794917918,"psd_default:ok;psd_layered:fail;twostage_default:ok;twostage_layered_lbfgs:fail;witness:ok"
"psd_layered","psd_default","psd-ml","boomsma","test","boomsma_3US","cfa",100,33,"x100","ML",8835224,,"","",,"","",,"magmaan fit error [OptimizerNonConvergence] after 5000 iters  f=0.0566639: nlopt Sequential Quadratic Programming (SQP) (local  derivative): evaluation budget exhausted without convergence",,FALSE,0.056609567815606,0.056609567815606,"psd_default:ok;psd_layered:fail;twostage_default:ok;twostage_layered_lbfgs:fail;witness:ok"
"psd_layered","psd_default","psd-ml","boomsma","test","boomsma_3US","cfa",100,38,"mixed","ML",8835229,0.14833499187397,"nonpositive_curvature","converged",4314,"layered","",TRUE,"",1,FALSE,0.075544450358807,0.0712816404593397,"psd_default:ok;psd_layered:fail;twostage_default:ok;twostage_layered_lbfgs:ok;witness:ok"
"psd_layered","psd_default","psd-ml","boomsma","test","boomsma_3US","cfa",25,10,"native","ML",1716900641,,"","",,"","",,"magmaan fit error [OptimizerNonConvergence] after 5000 iters  f=0.179125: nlopt Sequential Quadratic Programming (SQP) (local  derivative): evaluation budget exhausted without convergence",,FALSE,0.179015442037381,0.179015442037381,"psd_default:ok;psd_layered:fail;twostage_default:ok;twostage_layered_lbfgs:fail;witness:ok"
"psd_layered","psd_default","psd-ml","boomsma","test","boomsma_3US","cfa",25,10,"x0.01","ML",1716900641,,"","",,"","",,"magmaan fit error [OptimizerNonConvergence] after 5000 iters  f=0.179125: nlopt Sequential Quadratic Programming (SQP) (local  derivative): evaluation budget exhausted without convergence",,FALSE,0.179015442037379,0.179015442037379,"psd_default:ok;psd_layered:fail;twostage_default:ok;twostage_layered_lbfgs:fail;witness:ok"
"psd_layered","psd_default","psd-ml","boomsma","test","boomsma_3US","cfa",25,10,"x100","ML",1716900641,,"","",,"","",,"magmaan fit error [OptimizerNonConvergence] after 5000 iters  f=0.179125: nlopt Sequential Quadratic Programming (SQP) (local  derivative): evaluation budget exhausted without convergence",,FALSE,0.179015442037382,0.179015442037382,"psd_default:ok;psd_layered:fail;twostage_default:ok;twostage_layered_lbfgs:fail;witness:ok"
"psd_layered","psd_default","psd-ml","boomsma","test","boomsma_3US","cfa",25,16,"mixed","ML",1716900647,,"","",,"","",,"magmaan fit error [OptimizerNonConvergence] after 5000 iters  f=0.324825: nlopt Sequential Quadratic Programming (SQP) (local  derivative): evaluation budget exhausted without convergence",,FALSE,0.270872270539567,0.270872270539567,"psd_default:ok;psd_layered:fail;twostage_default:ok;twostage_layered_lbfgs:fail;witness:ok"
"psd_layered","psd_default","psd-ml","boomsma","test","boomsma_3US","cfa",25,16,"native","ML",1716900647,,"","",,"","",,"magmaan fit error [OptimizerNonConvergence] after 5000 iters  f=0.324825: nlopt Sequential Quadratic Programming (SQP) (local  derivative): evaluation budget exhausted without convergence",,FALSE,0.27087227053957,0.270872270539569,"psd_default:ok;psd_layered:fail;twostage_default:ok;twostage_layered_lbfgs:fail;witness:ok"
"psd_layered","psd_default","psd-ml","boomsma","test","boomsma_3US","cfa",25,16,"x0.01","ML",1716900647,,"","",,"","",,"magmaan fit error [OptimizerNonConvergence] after 5000 iters  f=0.324825: nlopt Sequential Quadratic Programming (SQP) (local  derivative): evaluation budget exhausted without convergence",,FALSE,0.270872270539567,0.270872270539563,"psd_default:ok;psd_layered:fail;twostage_default:ok;twostage_layered_lbfgs:fail;witness:ok"
"psd_layered","psd_default","psd-ml","boomsma","test","boomsma_3US","cfa",25,16,"x100","ML",1716900647,,"","",,"","",,"magmaan fit error [OptimizerNonConvergence] after 5000 iters  f=0.324825: nlopt Sequential Quadratic Programming (SQP) (local  derivative): evaluation budget exhausted without convergence",,FALSE,0.27087227053957,0.27087227053957,"psd_default:ok;psd_layered:fail;twostage_default:ok;twostage_layered_lbfgs:fail;witness:ok"
"psd_layered","psd_default","psd-ml","boomsma","test","boomsma_3US","cfa",25,2,"x0.01","ML",45892122,0.389653206316982,"ill_conditioned","converged",52,"layered","",TRUE,"",1,FALSE,0.19201938722497,0.19201938722497,"psd_default:ok;psd_layered:fail;twostage_default:ok;twostage_layered_lbfgs:fail;witness:ok"
"psd_layered","psd_default","psd-ml","boomsma","test","boomsma_3US","cfa",25,25,"mixed","ML",1716900777,0.206143576784664,"nonpositive_curvature","converged",3191,"layered","",TRUE,"",1,FALSE,0.161341911224401,0.161341911224401,"psd_default:ok;psd_layered:fail;twostage_default:ok;twostage_layered_lbfgs:fail;witness:ok"
"psd_layered","psd_default","psd-ml","boomsma","test","boomsma_3US","cfa",25,25,"native","ML",1716900777,,"","",,"","",,"magmaan fit error [OptimizerNonConvergence] after 5000 iters  f=0.176579: nlopt Sequential Quadratic Programming (SQP) (local  derivative): evaluation budget exhausted without convergence",,FALSE,0.161341911224403,0.161341911224403,"psd_default:ok;psd_layered:fail;twostage_default:ok;twostage_layered_lbfgs:fail;witness:ok"
"psd_layered","psd_default","psd-ml","boomsma","test","boomsma_3US","cfa",25,25,"x0.01","ML",1716900777,,"","",,"","",,"magmaan fit error [OptimizerNonConvergence] after 5000 iters  f=0.176579: nlopt Sequential Quadratic Programming (SQP) (local  derivative): evaluation budget exhausted without convergence",,FALSE,0.161341911224401,0.161341911224401,"psd_default:ok;psd_layered:fail;twostage_default:ok;twostage_layered_lbfgs:fail;witness:ok"
"psd_layered","psd_default","psd-ml","boomsma","test","boomsma_3US","cfa",25,25,"x100","ML",1716900777,,"","",,"","",,"magmaan fit error [OptimizerNonConvergence] after 5000 iters  f=0.176579: nlopt Sequential Quadratic Programming (SQP) (local  derivative): evaluation budget exhausted without convergence",,FALSE,0.161341911224401,0.161341911224401,"psd_default:ok;psd_layered:fail;twostage_default:ok;twostage_layered_lbfgs:fail;witness:ok"
"psd_layered","psd_default","psd-ml","boomsma","test","boomsma_3US","cfa",25,27,"native","ML",1716900779,,"","",,"","",,"magmaan fit error [OptimizerNonConvergence] after 5000 iters  f=0.282455: nlopt Sequential Quadratic Programming (SQP) (local  derivative): evaluation budget exhausted without convergence",,FALSE,0.207036267216005,0.207036267215993,"psd_default:ok;psd_layered:fail;twostage_default:ok;twostage_layered_lbfgs:fail;witness:ok"
"psd_layered","psd_default","psd-ml","boomsma","test","boomsma_3US","cfa",25,27,"x100","ML",1716900779,,"","",,"","",,"magmaan fit error [OptimizerNonConvergence] after 5000 iters  f=0.282455: nlopt Sequential Quadratic Programming (SQP) (local  derivative): evaluation budget exhausted without convergence",,FALSE,0.20703626721599,0.20703626721599,"psd_default:ok;psd_layered:fail;twostage_default:ok;twostage_layered_lbfgs:ok;witness:ok"
"psd_layered","psd_default","psd-ml","boomsma","test","boomsma_3US","cfa",25,3,"native","ML",45892123,,"","",,"","",,"magmaan fit error [OptimizerNonConvergence] after 5000 iters  f=0.129562: nlopt Sequential Quadratic Programming (SQP) (local  derivative): evaluation budget exhausted without convergence",,FALSE,0.103451091000258,0.10345109100025,"psd_default:ok;psd_layered:fail;twostage_default:ok;twostage_layered_lbfgs:fail;witness:ok"
"psd_layered","psd_default","psd-ml","boomsma","test","boomsma_3US","cfa",25,3,"x100","ML",45892123,,"","",,"","",,"magmaan fit error [OptimizerNonConvergence] after 5000 iters  f=0.129562: nlopt Sequential Quadratic Programming (SQP) (local  derivative): evaluation budget exhausted without convergence",,FALSE,0.103451091000252,0.103451091000252,"psd_default:ok;psd_layered:fail;twostage_default:ok;twostage_layered_lbfgs:fail;witness:ok"
"psd_layered","psd_default","psd-ml","boomsma","test","boomsma_3US","cfa",25,34,"native","ML",1716900907,,"","",,"","",,"magmaan fit error [OptimizerNonConvergence] after 5000 iters  f=0.267255: nlopt Sequential Quadratic Programming (SQP) (local  derivative): evaluation budget exhausted without convergence",,FALSE,0.264481847592605,0.223844095096451,"psd_default:ok;psd_layered:fail;twostage_default:ok;twostage_layered_lbfgs:ok;witness:ok"
"psd_layered","psd_default","psd-ml","boomsma","test","boomsma_3US","cfa",25,4,"mixed","ML",45892124,0.161420633181308,"nonpositive_curvature","converged",4973,"layered","",TRUE,"",1,FALSE,0.0413425538834367,0.0294989043965952,"psd_default:ok;psd_layered:fail;twostage_default:ok;twostage_layered_lbfgs:ok;witness:ok"
"psd_layered","psd_default","psd-ml","boomsma","test","boomsma_3US","cfa",25,4,"native","ML",45892124,0.125368093128775,"nonpositive_curvature","converged",4607,"layered","",TRUE,"",1,FALSE,0.0413425538834371,0.0413425538834367,"psd_default:ok;psd_layered:fail;twostage_default:ok;twostage_layered_lbfgs:fail;witness:ok"
"psd_layered","psd_default","psd-ml","boomsma","test","boomsma_3US","cfa",25,4,"x0.01","ML",45892124,,"","",,"","",,"magmaan fit error [OptimizerNonConvergence] after 5000 iters  f=0.125496: nlopt Sequential Quadratic Programming (SQP) (local  derivative): evaluation budget exhausted without convergence",,FALSE,0.0413425538834318,0.0413425538834318,"psd_default:ok;psd_layered:fail;twostage_default:ok;twostage_layered_lbfgs:ok;witness:ok"
"psd_layered","psd_default","psd-ml","boomsma","test","boomsma_3US","cfa",25,4,"x100","ML",45892124,,"","",,"","",,"magmaan fit error [OptimizerNonConvergence] after 5000 iters  f=0.125338: nlopt Sequential Quadratic Programming (SQP) (local  derivative): evaluation budget exhausted without convergence",,FALSE,0.0413425538834353,0.0413425538834353,"psd_default:ok;psd_layered:fail;twostage_default:ok;twostage_layered_lbfgs:fail;witness:ok"
"psd_layered","psd_default","psd-ml","boomsma","test","boomsma_3US","cfa",25,44,"native","ML",1716901038,,"","",,"","",,"magmaan fit error [OptimizerNonConvergence] after 5000 iters  f=0.409741: nlopt Sequential Quadratic Programming (SQP) (local  derivative): evaluation budget exhausted without convergence",,FALSE,0.166229480494497,0.166229480494485,"psd_default:ok;psd_layered:fail;twostage_default:ok;twostage_layered_lbfgs:fail;witness:ok"
"psd_layered","psd_default","psd-ml","boomsma","test","boomsma_3US","cfa",25,44,"x0.01","ML",1716901038,,"","",,"","",,"magmaan fit error [OptimizerNonConvergence] after 5000 iters  f=0.409741: nlopt Sequential Quadratic Programming (SQP) (local  derivative): evaluation budget exhausted without convergence",,FALSE,0.166229480494486,0.166229480494483,"psd_default:ok;psd_layered:fail;twostage_default:ok;twostage_layered_lbfgs:fail;witness:ok"
"psd_layered","psd_default","psd-ml","boomsma","test","boomsma_3US","cfa",25,44,"x100","ML",1716901038,,"","",,"","",,"magmaan fit error [OptimizerNonConvergence] after 5000 iters  f=0.409741: nlopt Sequential Quadratic Programming (SQP) (local  derivative): evaluation budget exhausted without convergence",,FALSE,0.166229480494486,0.166229480494486,"psd_default:ok;psd_layered:fail;twostage_default:ok;twostage_layered_lbfgs:fail;witness:ok"
"psd_layered","psd_default","psd-ml","boomsma","test","boomsma_3US","cfa",25,49,"x100","ML",1716901043,,"","",,"","",,"magmaan fit error [OptimizerNonConvergence] after 5000 iters  f=0.163913: nlopt Sequential Quadratic Programming (SQP) (local  derivative): evaluation budget exhausted without convergence",,FALSE,0.137774218117258,0.137774218117258,"psd_default:ok;psd_layered:fail;twostage_default:fail;twostage_layered_lbfgs:ok;witness:ok"
"psd_layered","psd_default","psd-ml","boomsma","test","boomsma_3US","cfa",25,9,"native","ML",45892129,,"","",,"","",,"magmaan fit error [OptimizerNonConvergence] after 5000 iters  f=0.174962: nlopt Sequential Quadratic Programming (SQP) (local  derivative): evaluation budget exhausted without convergence",,FALSE,0.0981258586627884,0.0981258586627813,"psd_default:ok;psd_layered:fail;twostage_default:ok;twostage_layered_lbfgs:fail;witness:ok"
"psd_layered","psd_default","psd-ml","boomsma","test","boomsma_3US","cfa",25,9,"x0.01","ML",45892129,,"","",,"","",,"magmaan fit error [OptimizerNonConvergence] after 5000 iters  f=0.174962: nlopt Sequential Quadratic Programming (SQP) (local  derivative): evaluation budget exhausted without convergence",,FALSE,0.0981258586627867,0.0981258586627796,"psd_default:ok;psd_layered:fail;twostage_default:ok;twostage_layered_lbfgs:fail;witness:ok"
"psd_layered","psd_default","psd-ml","boomsma","test","boomsma_3US","cfa",25,9,"x100","ML",45892129,,"","",,"","",,"magmaan fit error [OptimizerNonConvergence] after 5000 iters  f=0.174962: nlopt Sequential Quadratic Programming (SQP) (local  derivative): evaluation budget exhausted without convergence",,FALSE,0.0981258586627831,0.098125858662776,"psd_default:ok;psd_layered:fail;twostage_default:ok;twostage_layered_lbfgs:fail;witness:ok"
"psd_layered","psd_default","psd-ml","boomsma","test","boomsma_4CS","cfa",25,23,"mixed","ML",1102288952,,"","",,"","",,"magmaan fit error [OptimizerNonConvergence] after 5000 iters  f=0.612215: nlopt Sequential Quadratic Programming (SQP) (local  derivative): evaluation budget exhausted without convergence",,FALSE,0.572425857667655,0.572425857667655,"psd_default:ok;psd_layered:fail;twostage_default:ok;twostage_layered_lbfgs:ok;witness:ok"
"psd_layered","psd_default","psd-ml","boomsma","test","boomsma_4CS","cfa",25,26,"mixed","ML",1102288955,,"","",,"","",,"magmaan fit error [OptimizerNonConvergence] after 5000 iters  f=0.343022: nlopt Sequential Quadratic Programming (SQP) (local  derivative): evaluation budget exhausted without convergence",,FALSE,0.502383546241863,0.502383546241863,"psd_default:ok;psd_layered:fail;twostage_default:fail;twostage_layered_lbfgs:fail;witness:fail"
"psd_layered","psd_default","psd-ml","boomsma","test","boomsma_4CS","cfa",25,29,"x0.01","ML",1102288958,0.529168821323964,"ill_conditioned","converged",318,"layered","",TRUE,"",1,FALSE,0.529168821323914,0.529168821323914,"psd_default:ok;psd_layered:fail;twostage_default:ok;twostage_layered_lbfgs:fail;witness:fail"
"psd_layered","psd_default","psd-ml","boomsma","test","boomsma_4US","cfa",25,15,"mixed","ML",757330416,0.668720842682372,"ill_conditioned","converged",58,"layered","",TRUE,"",1,FALSE,0.561920007002609,0.561920007002609,"psd_default:ok;psd_layered:fail;twostage_default:ok;twostage_layered_lbfgs:fail;witness:fail"
"psd_layered","psd_default","psd-ml","boomsma","test","boomsma_4US","cfa",25,15,"x0.01","ML",757330416,0.668720842682355,"ill_conditioned","converged",57,"layered","",TRUE,"",1,FALSE,0.56192000700262,0.56192000700262,"psd_default:ok;psd_layered:fail;twostage_default:ok;twostage_layered_lbfgs:fail;witness:fail"
"psd_layered","psd_default","psd-ml","boomsma","test","boomsma_4US","cfa",25,40,"mixed","ML",757330804,0.833826423437562,"ill_conditioned","converged",69,"layered","",TRUE,"",1,FALSE,0.727463922581906,0.727463922581906,"psd_default:ok;psd_layered:fail;twostage_default:ok;twostage_layered_lbfgs:fail;witness:fail"
"psd_layered","psd_default","psd-ml","boomsma","test","boomsma_4US","cfa",25,40,"x0.01","ML",757330804,0.833826423437472,"ill_conditioned","converged",66,"layered","",TRUE,"",1,FALSE,0.727463922581876,0.727463922581876,"psd_default:ok;psd_layered:fail;twostage_default:ok;twostage_layered_lbfgs:fail;witness:fail"
"psd_layered","psd_default","psd-ml","boomsma","test","boomsma_4US","cfa",25,42,"mixed","ML",757330806,,"","",,"","",,"magmaan fit error [OptimizerNonConvergence] after 5000 iters  f=0.538765: nlopt Sequential Quadratic Programming (SQP) (local  derivative): evaluation budget exhausted without convergence",,FALSE,0.525859434182504,0.525859434182445,"psd_default:ok;psd_layered:fail;twostage_default:fail;twostage_layered_lbfgs:fail;witness:ok"
"psd_layered","psd_default","psd-ml","boomsma","test","boomsma_4US","cfa",25,42,"native","ML",757330806,,"","",,"","",,"magmaan fit error [OptimizerNonConvergence] after 5000 iters  f=0.538765: nlopt Sequential Quadratic Programming (SQP) (local  derivative): evaluation budget exhausted without convergence",,FALSE,0.525859434182477,0.525859434182354,"psd_default:ok;psd_layered:fail;twostage_default:ok;twostage_layered_lbfgs:fail;witness:ok"
"psd_layered","psd_default","psd-ml","boomsma","test","boomsma_4US","cfa",25,42,"x0.01","ML",757330806,,"","",,"","",,"magmaan fit error [OptimizerNonConvergence] after 5000 iters  f=0.538765: nlopt Sequential Quadratic Programming (SQP) (local  derivative): evaluation budget exhausted without convergence",,FALSE,0.525859434182408,0.525859434182351,"psd_default:ok;psd_layered:fail;twostage_default:ok;twostage_layered_lbfgs:fail;witness:ok"
"psd_layered","psd_default","psd-ml","boomsma","test","boomsma_4US","cfa",25,42,"x100","ML",757330806,,"","",,"","",,"magmaan fit error [OptimizerNonConvergence] after 5000 iters  f=0.538765: nlopt Sequential Quadratic Programming (SQP) (local  derivative): evaluation budget exhausted without convergence",,FALSE,0.525859434182443,0.525859434182387,"psd_default:ok;psd_layered:fail;twostage_default:ok;twostage_layered_lbfgs:fail;witness:ok"
"psd_layered","psd_default","psd-ml","constrained","test","eqcfa_l40","equal_loadings_residuals",100,43,"native","ML",1705002982,,"","",,"","",,"magmaan fit error [OptimizerNonConvergence] after 0 iters  f=0: PSD lift finalization could not round-trip the terminal covariance links into ordinary partable coordinates",,FALSE,0.147072904752726,0.147072904752726,"psd_default:ok;psd_layered:fail;twostage_default:ok;twostage_layered_lbfgs:ok;witness:ok"
"psd_layered","psd_default","psd-ml","constrained","test","eqcfa_l40","equal_loadings_residuals",25,7,"x0.01","ML",875401926,,"","",,"","",,"magmaan fit error [OptimizerNonConvergence] after 0 iters  f=0: PSD lift finalization could not round-trip the terminal covariance links into ordinary partable coordinates",,FALSE,0.857972082116135,0.857972082116056,"psd_default:ok;psd_layered:fail;twostage_default:fail;twostage_layered_lbfgs:ok;witness:ok"
"psd_layered","psd_default","psd-ml","constrained","test","eqcfa_l40","equal_loadings",100,43,"x0.01","ML",1705002982,,"","",,"","",,"magmaan fit error [OptimizerNonConvergence] after 0 iters  f=0: PSD lift finalization could not round-trip the terminal covariance links into ordinary partable coordinates",,FALSE,0.10904144706074,0.109041447060719,"psd_default:ok;psd_layered:fail;twostage_default:ok;twostage_layered_lbfgs:ok;witness:fail"
"psd_layered","psd_default","psd-ml","constrained","test","eqcfa_l60","equal_loadings",25,32,"native","ML",584081491,,"","",,"","",,"magmaan fit error [OptimizerNonConvergence] after 0 iters  f=0: PSD lift finalization could not round-trip the terminal covariance links into ordinary partable coordinates",,FALSE,0.776693938491643,0.776693938491565,"psd_default:ok;psd_layered:fail;twostage_default:ok;twostage_layered_lbfgs:ok;witness:fail"
"psd_layered","psd_default","psd-ml","constrained","test","eqchain_b20","equal_paths_disturbances",25,27,"native","ML",1681210461,,"","",,"","",,"magmaan fit error [OptimizerNonConvergence] after 5000 iters  f=1.65241: nlopt Sequential Quadratic Programming (SQP) (local  derivative): evaluation budget exhausted without convergence",,FALSE,1.6383588228288,1.63835882282878,"psd_default:ok;psd_layered:fail;twostage_default:ok;twostage_layered_lbfgs:ok;witness:ok"
"psd_layered","psd_default","psd-ml","constrained","test","eqchain_b20","equal_paths",25,27,"x100","ML",1681210461,,"","",,"","",,"magmaan fit error [OptimizerNonConvergence] after 5000 iters  f=1.61341: nlopt Sequential Quadratic Programming (SQP) (local  derivative): evaluation budget exhausted without convergence",,FALSE,1.59604950199366,1.59604950199366,"psd_default:ok;psd_layered:fail;twostage_default:ok;twostage_layered_lbfgs:ok;witness:ok"
"psd_layered","psd_default","psd-ml","constrained","test","eqmean","equal_intercepts_residuals",25,13,"native","ML",1466466569,1.23068942252093,"nonpositive_curvature","converged",2242,"layered","",TRUE,"",1,FALSE,1.18733177928802,1.18733177928802,"psd_default:ok;psd_layered:fail;twostage_default:ok;twostage_layered_lbfgs:fail;witness:ok"
"psd_layered","psd_default","psd-ml","constrained","test","eqmean","equal_intercepts_residuals",25,13,"x100","ML",1466466569,1.23077266816646,"ill_conditioned","converged",2204,"layered","",TRUE,"",1,FALSE,1.18733177928802,1.18733177928802,"psd_default:ok;psd_layered:fail;twostage_default:ok;twostage_layered_lbfgs:fail;witness:ok"
"psd_layered","psd_default","psd-ml","constrained","test","eqmean","equal_intercepts_residuals",25,28,"native","ML",1466466705,,"","",,"","",,"magmaan fit error [OptimizerNonConvergence] after 5000 iters  f=0.967583: nlopt Sequential Quadratic Programming (SQP) (local  derivative): evaluation budget exhausted without convergence",,FALSE,0.776623128091673,0.776623128091669,"psd_default:ok;psd_layered:fail;twostage_default:ok;twostage_layered_lbfgs:fail;witness:ok"
"psd_layered","psd_default","psd-ml","constrained","test","eqmean","equal_intercepts_residuals",25,28,"x0.01","ML",1466466705,,"","",,"","",,"magmaan fit error [OptimizerNonConvergence] after 5000 iters  f=0.967538: nlopt Sequential Quadratic Programming (SQP) (local  derivative): evaluation budget exhausted without convergence",,FALSE,0.776623128091682,0.77662312809168,"psd_default:ok;psd_layered:fail;twostage_default:ok;twostage_layered_lbfgs:fail;witness:ok"
"psd_layered","psd_default","psd-ml","constrained","test","eqmean","equal_intercepts_residuals",25,28,"x100","ML",1466466705,,"","",,"","",,"magmaan fit error [OptimizerNonConvergence] after 5000 iters  f=0.967582: nlopt Sequential Quadratic Programming (SQP) (local  derivative): evaluation budget exhausted without convergence",,FALSE,0.776623128091662,0.776623128091662,"psd_default:ok;psd_layered:fail;twostage_default:ok;twostage_layered_lbfgs:fail;witness:ok"
"psd_layered","psd_default","psd-ml","constrained","test","eqmean","equal_intercepts_residuals",25,32,"native","ML",1466466830,0.873584909046885,"nonpositive_curvature","converged",2506,"layered","",TRUE,"",1,FALSE,0.813236974854917,0.813236974854905,"psd_default:ok;psd_layered:fail;twostage_default:ok;twostage_layered_lbfgs:fail;witness:ok"
"psd_layered","psd_default","psd-ml","constrained","test","eqmean","equal_intercepts_residuals",25,32,"x0.01","ML",1466466830,0.873595716671267,"nonpositive_curvature","converged",2739,"layered","",TRUE,"",1,FALSE,0.813236974854907,0.813236974854904,"psd_default:ok;psd_layered:fail;twostage_default:ok;twostage_layered_lbfgs:fail;witness:ok"
"psd_layered","psd_default","psd-ml","constrained","test","eqmean","equal_intercepts_residuals",25,32,"x100","ML",1466466830,0.873585204763354,"nonpositive_curvature","converged",2479,"layered","",TRUE,"",1,FALSE,0.813236974854904,0.813236974854904,"psd_default:ok;psd_layered:fail;twostage_default:ok;twostage_layered_lbfgs:fail;witness:ok"
"psd_layered","psd_default","psd-ml","constrained","test","eqmean","equal_intercepts_residuals",25,33,"x0.01","ML",1466466831,0.522795725884032,"nonpositive_curvature","converged",4782,"layered","",TRUE,"",1,FALSE,0.522714570829139,0.522714570829131,"psd_default:ok;psd_layered:fail;twostage_default:fail;twostage_layered_lbfgs:fail;witness:ok"
"psd_layered","psd_default","psd-ml","constrained","test","eqmean","equal_intercepts_residuals",25,38,"native","ML",1466466836,1.04462275997112,"ill_conditioned","converged",2338,"layered","",TRUE,"",1,FALSE,0.998847032835155,0.998847032835155,"psd_default:ok;psd_layered:fail;twostage_default:ok;twostage_layered_lbfgs:fail;witness:ok"
"psd_layered","psd_default","psd-ml","constrained","test","eqmean","equal_intercepts_residuals",25,38,"x0.01","ML",1466466836,1.04466379446902,"nonpositive_curvature","converged",2392,"layered","",TRUE,"",1,FALSE,0.998847032835139,0.998847032835139,"psd_default:ok;psd_layered:fail;twostage_default:ok;twostage_layered_lbfgs:fail;witness:ok"
"psd_layered","psd_default","psd-ml","constrained","test","eqmean","equal_intercepts_residuals",25,38,"x100","ML",1466466836,1.04462273079222,"nonpositive_curvature","converged",2579,"layered","",TRUE,"",1,FALSE,0.998847032835151,0.998847032835151,"psd_default:ok;psd_layered:fail;twostage_default:ok;twostage_layered_lbfgs:fail;witness:ok"
"psd_layered","psd_default","psd-ml","constrained","test","eqmean","equal_intercepts_residuals",25,43,"native","ML",1466466962,1.2496020385223,"nonpositive_curvature","converged",1557,"layered","",TRUE,"",1,FALSE,1.03005139109123,1.03005139109111,"psd_default:ok;psd_layered:fail;twostage_default:ok;twostage_layered_lbfgs:fail;witness:ok"
"psd_layered","psd_default","psd-ml","constrained","test","eqmean","equal_intercepts_residuals",25,43,"x0.01","ML",1466466962,1.24963517415142,"nonpositive_curvature","converged",1548,"layered","",TRUE,"",1,FALSE,1.03005139109111,1.0300513910911,"psd_default:ok;psd_layered:fail;twostage_default:fail;twostage_layered_lbfgs:fail;witness:ok"
"psd_layered","psd_default","psd-ml","constrained","test","eqmean","equal_intercepts_residuals",25,43,"x100","ML",1466466962,1.24960198506969,"nonpositive_curvature","converged",1570,"layered","",TRUE,"",1,FALSE,1.03005139109112,1.0300513910911,"psd_default:ok;psd_layered:fail;twostage_default:ok;twostage_layered_lbfgs:fail;witness:ok"
"psd_layered","psd_default","psd-ml","constrained","test","eqmean","equal_intercepts_residuals",25,49,"native","ML",1466466968,1.66113192968124,"available","converged",1926,"layered","",TRUE,"",1,FALSE,1.53769409738962,1.5376940973896,"psd_default:ok;psd_layered:fail;twostage_default:ok;twostage_layered_lbfgs:ok;witness:ok"
"psd_layered","psd_default","psd-ml","constrained","test","eqmean","equal_intercepts_residuals",25,49,"x0.01","ML",1466466968,1.66113364218276,"available","converged",1903,"layered","",TRUE,"",1,FALSE,1.53769409738958,1.53769409738958,"psd_default:ok;psd_layered:fail;twostage_default:ok;twostage_layered_lbfgs:ok;witness:ok"
"psd_layered","psd_default","psd-ml","constrained","test","eqmean","equal_intercepts_residuals",25,49,"x100","ML",1466466968,1.66113280589227,"available","converged",1811,"layered","",TRUE,"",1,FALSE,1.53769409738962,1.53769409738959,"psd_default:ok;psd_layered:fail;twostage_default:ok;twostage_layered_lbfgs:ok;witness:ok"
"psd_layered","psd_default","psd-ml","constrained","test","eqmean","equal_intercepts_residuals",25,5,"x0.01","ML",1076739717,1.21297410582333,"nonpositive_curvature","converged",2602,"layered","",TRUE,"",1,FALSE,1.13533956963565,1.13533956963564,"psd_default:ok;psd_layered:fail;twostage_default:ok;twostage_layered_lbfgs:fail;witness:ok"
"psd_layered","psd_default","psd-ml","constrained","test","eqmean","equal_intercepts",100,14,"native","ML",1561709202,0.208792387813169,"nonpositive_curvature","converged",2953,"layered","",TRUE,"",1,FALSE,0.175920583916038,0.153419357652948,"psd_default:ok;psd_layered:fail;twostage_default:ok;twostage_layered_lbfgs:fail;witness:ok"
"psd_layered","psd_default","psd-ml","constrained","test","eqmean","equal_intercepts",100,14,"x100","ML",1561709202,0.208803547078389,"nonpositive_curvature","converged",2596,"layered","",TRUE,"",1,FALSE,0.175920583916057,0.153419357652949,"psd_default:ok;psd_layered:fail;twostage_default:ok;twostage_layered_lbfgs:fail;witness:ok"
"psd_layered","psd_default","psd-ml","constrained","test","eqmean","equal_intercepts",25,13,"native","ML",1466466569,,"","",,"","",,"magmaan fit error [OptimizerNonConvergence] after 5000 iters  f=1.04506: nlopt Sequential Quadratic Programming (SQP) (local  derivative): evaluation budget exhausted without convergence",,FALSE,0.945621750431574,0.945621750431423,"psd_default:ok;psd_layered:fail;twostage_default:ok;twostage_layered_lbfgs:ok;witness:ok"
"psd_layered","psd_default","psd-ml","constrained","test","eqmean","equal_intercepts",25,13,"x100","ML",1466466569,,"","",,"","",,"magmaan fit error [OptimizerNonConvergence] after 5000 iters  f=1.04506: nlopt Sequential Quadratic Programming (SQP) (local  derivative): evaluation budget exhausted without convergence",,FALSE,0.945621750431432,0.945621750431416,"psd_default:ok;psd_layered:fail;twostage_default:ok;twostage_layered_lbfgs:ok;witness:ok"
"psd_layered","psd_default","psd-ml","constrained","test","eqmean","equal_intercepts",25,19,"native","ML",1466466575,0.641856388918593,"nonpositive_curvature","converged",4132,"layered","",TRUE,"",1,FALSE,0.583119375748839,0.583119375748809,"psd_default:ok;psd_layered:fail;twostage_default:ok;twostage_layered_lbfgs:fail;witness:ok"
"psd_layered","psd_default","psd-ml","constrained","test","eqmean","equal_intercepts",25,19,"x100","ML",1466466575,0.641856388083576,"nonpositive_curvature","converged",4721,"layered","",TRUE,"",1,FALSE,0.583119375748811,0.583119375748799,"psd_default:ok;psd_layered:fail;twostage_default:ok;twostage_layered_lbfgs:fail;witness:ok"
"psd_layered","psd_default","psd-ml","constrained","test","eqmean","equal_intercepts",25,21,"x0.01","ML",1466466698,0.524329999164025,"ill_conditioned","converged",85,"layered","",TRUE,"",1,FALSE,0.51094677095957,0.51094677095957,"psd_default:ok;psd_layered:fail;twostage_default:ok;twostage_layered_lbfgs:fail;witness:ok"
"psd_layered","psd_default","psd-ml","constrained","test","eqmean","equal_intercepts",25,29,"native","ML",1466466706,0.774629030469545,"nonpositive_curvature","converged",4827,"layered","",TRUE,"",1,FALSE,0.694663022101848,0.694663022101704,"psd_default:ok;psd_layered:fail;twostage_default:ok;twostage_layered_lbfgs:fail;witness:ok"
"psd_layered","psd_default","psd-ml","constrained","test","eqmean","equal_intercepts",25,29,"x100","ML",1466466706,,"","",,"","",,"magmaan fit error [OptimizerNonConvergence] after 5000 iters  f=0.774431: nlopt Sequential Quadratic Programming (SQP) (local  derivative): evaluation budget exhausted without convergence",,FALSE,0.694663022101722,0.694663022101706,"psd_default:ok;psd_layered:fail;twostage_default:ok;twostage_layered_lbfgs:ok;witness:ok"
"psd_layered","psd_default","psd-ml","constrained","test","eqmean","equal_intercepts",25,32,"native","ML",1466466830,0.603580786098558,"nonpositive_curvature","converged",3327,"layered","",TRUE,"",1,FALSE,0.523873594942684,0.523873594942651,"psd_default:ok;psd_layered:fail;twostage_default:ok;twostage_layered_lbfgs:fail;witness:ok"
"psd_layered","psd_default","psd-ml","constrained","test","eqmean","equal_intercepts",25,32,"x0.01","ML",1466466830,,"","",,"","",,"magmaan fit error [OptimizerNonConvergence] after 5000 iters  f=0.60354: nlopt Sequential Quadratic Programming (SQP) (local  derivative): evaluation budget exhausted without convergence",,FALSE,0.523873594942642,0.523873594942642,"psd_default:ok;psd_layered:fail;twostage_default:ok;twostage_layered_lbfgs:fail;witness:ok"
"psd_layered","psd_default","psd-ml","constrained","test","eqmean","equal_intercepts",25,32,"x100","ML",1466466830,0.603554337041373,"nonpositive_curvature","converged",4526,"layered","",TRUE,"",1,FALSE,0.523873594942645,0.523873594942645,"psd_default:ok;psd_layered:fail;twostage_default:ok;twostage_layered_lbfgs:fail;witness:ok"
"psd_layered","psd_default","psd-ml","constrained","test","eqmean","equal_intercepts",25,33,"x0.01","ML",1466466831,0.45090347243514,"nonpositive_curvature","converged",4687,"layered","",TRUE,"",1,FALSE,0.431084286527721,0.431084286527682,"psd_default:ok;psd_layered:fail;twostage_default:ok;twostage_layered_lbfgs:fail;witness:ok"
"psd_layered","psd_default","psd-ml","constrained","test","eqmean","equal_intercepts",25,36,"native","ML",1466466834,,"","",,"","",,"magmaan fit error [OptimizerNonConvergence] after 5000 iters  f=0.74778: nlopt Sequential Quadratic Programming (SQP) (local  derivative): evaluation budget exhausted without convergence",,FALSE,0.746143569960352,0.746143569960352,"psd_default:ok;psd_layered:fail;twostage_default:ok;twostage_layered_lbfgs:fail;witness:fail"
"psd_layered","psd_default","psd-ml","constrained","test","eqmean","equal_intercepts",25,36,"x100","ML",1466466834,,"","",,"","",,"magmaan fit error [OptimizerNonConvergence] after 5000 iters  f=0.74778: nlopt Sequential Quadratic Programming (SQP) (local  derivative): evaluation budget exhausted without convergence",,FALSE,0.746143569960386,0.746143569960386,"psd_default:ok;psd_layered:fail;twostage_default:ok;twostage_layered_lbfgs:fail;witness:fail"
"psd_layered","psd_default","psd-ml","constrained","test","eqmean","equal_intercepts",25,43,"native","ML",1466466962,,"","",,"","",,"magmaan fit error [OptimizerNonConvergence] after 5000 iters  f=0.918175: nlopt Sequential Quadratic Programming (SQP) (local  derivative): evaluation budget exhausted without convergence",,FALSE,0.825844678639373,0.825844678639201,"psd_default:ok;psd_layered:fail;twostage_default:ok;twostage_layered_lbfgs:fail;witness:ok"
"psd_layered","psd_default","psd-ml","constrained","test","eqmean","equal_intercepts",25,43,"x0.01","ML",1466466962,,"","",,"","",,"magmaan fit error [OptimizerNonConvergence] after 5000 iters  f=0.91824: nlopt Sequential Quadratic Programming (SQP) (local  derivative): evaluation budget exhausted without convergence",,FALSE,0.82584467863918,0.82584467863918,"psd_default:ok;psd_layered:fail;twostage_default:ok;twostage_layered_lbfgs:fail;witness:ok"
"psd_layered","psd_default","psd-ml","constrained","test","eqmean","equal_intercepts",25,43,"x100","ML",1466466962,0.918174875869279,"available","converged",4340,"layered","",TRUE,"",1,FALSE,0.825844678639222,0.825844678639179,"psd_default:ok;psd_layered:fail;twostage_default:ok;twostage_layered_lbfgs:ok;witness:ok"
"psd_layered","psd_default","psd-ml","constrained","test","eqmean","equal_intercepts",25,5,"native","ML",1076739717,,"","",,"","",,"magmaan fit error [OptimizerNonConvergence] after 5000 iters  f=0.751821: nlopt Sequential Quadratic Programming (SQP) (local  derivative): evaluation budget exhausted without convergence",,FALSE,0.706730952858928,0.706730952858828,"psd_default:ok;psd_layered:fail;twostage_default:ok;twostage_layered_lbfgs:fail;witness:ok"
"psd_layered","psd_default","psd-ml","constrained","test","eqmean","equal_intercepts",25,5,"x0.01","ML",1076739717,,"","",,"","",,"magmaan fit error [OptimizerNonConvergence] after 5000 iters  f=0.759113: nlopt Sequential Quadratic Programming (SQP) (local  derivative): evaluation budget exhausted without convergence",,FALSE,0.706730952858838,0.706730952858838,"psd_default:ok;psd_layered:fail;twostage_default:ok;twostage_layered_lbfgs:ok;witness:ok"
"psd_layered","psd_default","psd-ml","engineering15","test","high_r2","sem",25,47,"mixed","ML",1892978775,,"","",,"","",,"magmaan fit error [OptimizerNonConvergence] after 5000 iters  f=0.365243: nlopt Sequential Quadratic Programming (SQP) (local  derivative): evaluation budget exhausted without convergence",,FALSE,0.210640917365371,0.210640917365371,"psd_default:ok;psd_layered:fail;twostage_default:ok;twostage_layered_lbfgs:fail;witness:ok"
"psd_layered","psd_default","psd-ml","engineering15","test","high_r2","sem",25,47,"native","ML",1892978775,,"","",,"","",,"magmaan fit error [OptimizerNonConvergence] after 5000 iters  f=0.365243: nlopt Sequential Quadratic Programming (SQP) (local  derivative): evaluation budget exhausted without convergence",,FALSE,0.210640917365373,0.210640917365373,"psd_default:ok;psd_layered:fail;twostage_default:ok;twostage_layered_lbfgs:fail;witness:ok"
"psd_layered","psd_default","psd-ml","engineering15","test","high_r2","sem",25,47,"x0.01","ML",1892978775,,"","",,"","",,"magmaan fit error [OptimizerNonConvergence] after 5000 iters  f=0.365262: nlopt Sequential Quadratic Programming (SQP) (local  derivative): evaluation budget exhausted without convergence",,FALSE,0.210640917365378,0.210640917365371,"psd_default:ok;psd_layered:fail;twostage_default:ok;twostage_layered_lbfgs:fail;witness:ok"
"psd_layered","psd_default","psd-ml","engineering15","test","high_r2","sem",25,47,"x100","ML",1892978775,,"","",,"","",,"magmaan fit error [OptimizerNonConvergence] after 5000 iters  f=0.365284: nlopt Sequential Quadratic Programming (SQP) (local  derivative): evaluation budget exhausted without convergence",,FALSE,0.210640917365374,0.210640917365374,"psd_default:ok;psd_layered:fail;twostage_default:ok;twostage_layered_lbfgs:fail;witness:ok"
"psd_layered","psd_default","psd-ml","engineering15","test","weak_marker","sem",100,15,"x0.01","ML",1700226567,,"","",,"","",,"magmaan fit error [OptimizerNonConvergence] after 5000 iters  f=0.0716957: nlopt Sequential Quadratic Programming (SQP) (local  derivative): evaluation budget exhausted without convergence",,FALSE,0.0876590469390806,0.0509192383930213,"psd_default:ok;psd_layered:fail;twostage_default:ok;twostage_layered_lbfgs:ok;witness:ok"
"psd_layered","psd_default","psd-ml","engineering15","test","weak_marker","sem",100,20,"native","ML",1700226693,,"","",,"","",,"magmaan fit error [OptimizerNonConvergence] after 5000 iters  f=0.0332248: nlopt Sequential Quadratic Programming (SQP) (local  derivative): evaluation budget exhausted without convergence",,FALSE,0.0129879181075521,0.0129879181075521,"psd_default:ok;psd_layered:fail;twostage_default:ok;twostage_layered_lbfgs:fail;witness:ok"
"psd_layered","psd_default","psd-ml","engineering15","test","weak_marker","sem",100,20,"x0.01","ML",1700226693,,"","",,"","",,"magmaan fit error [OptimizerNonConvergence] after 5000 iters  f=0.033243: nlopt Sequential Quadratic Programming (SQP) (local  derivative): evaluation budget exhausted without convergence",,FALSE,0.0129879181075481,0.0129879181075481,"psd_default:ok;psd_layered:fail;twostage_default:ok;twostage_layered_lbfgs:fail;witness:ok"
"psd_layered","psd_default","psd-ml","engineering15","test","weak_marker","sem",100,20,"x100","ML",1700226693,,"","",,"","",,"magmaan fit error [OptimizerNonConvergence] after 5000 iters  f=0.0332248: nlopt Sequential Quadratic Programming (SQP) (local  derivative): evaluation budget exhausted without convergence",,FALSE,0.0232217751310024,0.0129879181075516,"psd_default:ok;psd_layered:fail;twostage_default:ok;twostage_layered_lbfgs:fail;witness:ok"
"psd_layered","psd_default","psd-ml","engineering15","test","weak_marker","sem",100,21,"mixed","ML",1700226694,,"","",,"","",,"magmaan fit error [OptimizerNonConvergence] after 5000 iters  f=0.0995508: nlopt Sequential Quadratic Programming (SQP) (local  derivative): evaluation budget exhausted without convergence",,FALSE,0.0317179361327957,0.0317179361327957,"psd_default:ok;psd_layered:fail;twostage_default:ok;twostage_layered_lbfgs:fail;witness:ok"
"psd_layered","psd_default","psd-ml","engineering15","test","weak_marker","sem",100,21,"native","ML",1700226694,,"","",,"","",,"magmaan fit error [OptimizerNonConvergence] after 5000 iters  f=0.0381772: nlopt Sequential Quadratic Programming (SQP) (local  derivative): evaluation budget exhausted without convergence",,FALSE,0.0317179361327966,0.0317179361327966,"psd_default:ok;psd_layered:fail;twostage_default:ok;twostage_layered_lbfgs:fail;witness:ok"
"psd_layered","psd_default","psd-ml","engineering15","test","weak_marker","sem",100,21,"x0.01","ML",1700226694,,"","",,"","",,"magmaan fit error [OptimizerNonConvergence] after 5000 iters  f=0.0381772: nlopt Sequential Quadratic Programming (SQP) (local  derivative): evaluation budget exhausted without convergence",,FALSE,0.0317179361327931,0.0317179361327931,"psd_default:ok;psd_layered:fail;twostage_default:ok;twostage_layered_lbfgs:fail;witness:ok"
"psd_layered","psd_default","psd-ml","engineering15","test","weak_marker","sem",100,21,"x100","ML",1700226694,,"","",,"","",,"magmaan fit error [OptimizerNonConvergence] after 5000 iters  f=0.0381772: nlopt Sequential Quadratic Programming (SQP) (local  derivative): evaluation budget exhausted without convergence",,FALSE,0.0317179361328002,0.0317179361327966,"psd_default:ok;psd_layered:fail;twostage_default:ok;twostage_layered_lbfgs:fail;witness:ok"
"psd_layered","psd_default","psd-ml","engineering15","test","weak_marker","sem",100,28,"native","ML",1700226701,,"","",,"","",,"magmaan fit error [OptimizerNonConvergence] after 5000 iters  f=0.0484226: nlopt Sequential Quadratic Programming (SQP) (local  derivative): evaluation budget exhausted without convergence",,FALSE,0.0484016348407699,0.0484016348407699,"psd_default:ok;psd_layered:fail;twostage_default:ok;twostage_layered_lbfgs:fail;witness:ok"
"psd_layered","psd_default","psd-ml","engineering15","test","weak_marker","sem",100,28,"x0.01","ML",1700226701,,"","",,"","",,"magmaan fit error [OptimizerNonConvergence] after 5000 iters  f=0.0484226: nlopt Sequential Quadratic Programming (SQP) (local  derivative): evaluation budget exhausted without convergence",,FALSE,0.0484016348407685,0.0484016348407685,"psd_default:ok;psd_layered:fail;twostage_default:ok;twostage_layered_lbfgs:fail;witness:ok"
"psd_layered","psd_default","psd-ml","engineering15","test","weak_marker","sem",100,28,"x100","ML",1700226701,,"","",,"","",,"magmaan fit error [OptimizerNonConvergence] after 5000 iters  f=0.0484226: nlopt Sequential Quadratic Programming (SQP) (local  derivative): evaluation budget exhausted without convergence",,FALSE,0.0484016348407685,0.048401634840765,"psd_default:ok;psd_layered:fail;twostage_default:ok;twostage_layered_lbfgs:fail;witness:ok"
"psd_layered","psd_default","psd-ml","engineering15","test","weak_marker","sem",100,32,"native","ML",1700226826,,"","",,"","",,"magmaan fit error [OptimizerNonConvergence] after 5000 iters  f=0.0225679: nlopt Sequential Quadratic Programming (SQP) (local  derivative): evaluation budget exhausted without convergence",,FALSE,0.0223978081864802,0.0223978081864802,"psd_default:ok;psd_layered:fail;twostage_default:ok;twostage_layered_lbfgs:fail;witness:fail"
"psd_layered","psd_default","psd-ml","engineering15","test","weak_marker","sem",100,32,"x100","ML",1700226826,,"","",,"","",,"magmaan fit error [OptimizerNonConvergence] after 5000 iters  f=0.0225679: nlopt Sequential Quadratic Programming (SQP) (local  derivative): evaluation budget exhausted without convergence",,FALSE,0.0223978081864793,0.0223978081864757,"psd_default:ok;psd_layered:fail;twostage_default:ok;twostage_layered_lbfgs:fail;witness:fail"
"psd_layered","psd_default","psd-ml","engineering15","test","weak_marker","sem",100,33,"native","ML",1700226827,,"","",,"","",,"magmaan fit error [OptimizerNonConvergence] after 5000 iters  f=0.0468589: nlopt Sequential Quadratic Programming (SQP) (local  derivative): evaluation budget exhausted without convergence",,FALSE,0.0463174213473057,0.0463174213473057,"psd_default:ok;psd_layered:fail;twostage_default:ok;twostage_layered_lbfgs:fail;witness:fail"
"psd_layered","psd_default","psd-ml","engineering15","test","weak_marker","sem",100,33,"x0.01","ML",1700226827,,"","",,"","",,"magmaan fit error [OptimizerNonConvergence] after 5000 iters  f=0.0468589: nlopt Sequential Quadratic Programming (SQP) (local  derivative): evaluation budget exhausted without convergence",,FALSE,0.0466520307173965,0.0466520307173965,"psd_default:ok;psd_layered:fail;twostage_default:ok;twostage_layered_lbfgs:fail;witness:fail"
"psd_layered","psd_default","psd-ml","engineering15","test","weak_marker","sem",100,33,"x100","ML",1700226827,,"","",,"","",,"magmaan fit error [OptimizerNonConvergence] after 5000 iters  f=0.0468589: nlopt Sequential Quadratic Programming (SQP) (local  derivative): evaluation budget exhausted without convergence",,FALSE,0.0466520307174036,0.0466520307174036,"psd_default:ok;psd_layered:fail;twostage_default:ok;twostage_layered_lbfgs:fail;witness:fail"
"psd_layered","psd_default","psd-ml","engineering15","test","weak_marker","sem",100,35,"x100","ML",1700226829,,"","",,"","",,"magmaan fit error [OptimizerNonConvergence] after 5000 iters  f=0.0198521: nlopt Sequential Quadratic Programming (SQP) (local  derivative): evaluation budget exhausted without convergence",,FALSE,0.0200850271257522,0.0153372341504081,"psd_default:ok;psd_layered:fail;twostage_default:ok;twostage_layered_lbfgs:ok;witness:ok"
"psd_layered","psd_default","psd-ml","engineering15","test","weak_marker","sem",100,36,"mixed","ML",1700226830,,"","",,"","",,"magmaan fit error [OptimizerNonConvergence] after 5000 iters  f=0.0154963: nlopt Sequential Quadratic Programming (SQP) (local  derivative): evaluation budget exhausted without convergence",,FALSE,0.01308688748738,0.01308688748738,"psd_default:ok;psd_layered:fail;twostage_default:ok;twostage_layered_lbfgs:ok;witness:ok"
"psd_layered","psd_default","psd-ml","engineering15","test","weak_marker","sem",100,4,"native","ML",537554985,0.0552779493098812,"nonpositive_curvature","converged",28,"layered","",TRUE,"",1,FALSE,0.0202109817264877,0.0202109817264877,"psd_default:ok;psd_layered:fail;twostage_default:ok;twostage_layered_lbfgs:fail;witness:fail"
"psd_layered","psd_default","psd-ml","engineering15","test","weak_marker","sem",100,4,"x100","ML",537554985,0.0552779493098789,"nonpositive_curvature","converged",37,"layered","",TRUE,"",1,FALSE,0.0202109817264855,0.0202109817264855,"psd_default:ok;psd_layered:fail;twostage_default:ok;twostage_layered_lbfgs:fail;witness:fail"
"psd_layered","psd_default","psd-ml","engineering15","test","weak_marker","sem",100,41,"mixed","ML",1700226956,,"","",,"","",,"magmaan fit error [OptimizerNonConvergence] after 5000 iters  f=0.0683815: nlopt Sequential Quadratic Programming (SQP) (local  derivative): evaluation budget exhausted without convergence",,FALSE,0.052375360530438,0.052375360530438,"psd_default:ok;psd_layered:fail;twostage_default:ok;twostage_layered_lbfgs:fail;witness:fail"
"psd_layered","psd_default","psd-ml","engineering15","test","weak_marker","sem",100,44,"native","ML",1700226959,,"","",,"","",,"magmaan fit error [OptimizerNonConvergence] after 5000 iters  f=0.0615956: nlopt Sequential Quadratic Programming (SQP) (local  derivative): evaluation budget exhausted without convergence",,FALSE,0.0474966186336707,0.0474966186336694,"psd_default:ok;psd_layered:fail;twostage_default:ok;twostage_layered_lbfgs:fail;witness:ok"
"psd_layered","psd_default","psd-ml","engineering15","test","weak_marker","sem",100,47,"native","ML",1700226962,,"","",,"","",,"magmaan fit error [OptimizerNonConvergence] after 5000 iters  f=0.0261864: nlopt Sequential Quadratic Programming (SQP) (local  derivative): evaluation budget exhausted without convergence",,FALSE,0.0238768766806925,0.0238768766806925,"psd_default:ok;psd_layered:fail;twostage_default:ok;twostage_layered_lbfgs:ok;witness:ok"
"psd_layered","psd_default","psd-ml","engineering15","test","weak_marker","sem",100,47,"x0.01","ML",1700226962,,"","",,"","",,"magmaan fit error [OptimizerNonConvergence] after 5000 iters  f=0.0261864: nlopt Sequential Quadratic Programming (SQP) (local  derivative): evaluation budget exhausted without convergence",,FALSE,0.023876876680692,0.023876876680692,"psd_default:ok;psd_layered:fail;twostage_default:fail;twostage_layered_lbfgs:ok;witness:ok"
"psd_layered","psd_default","psd-ml","engineering15","test","weak_marker","sem",100,47,"x100","ML",1700226962,,"","",,"","",,"magmaan fit error [OptimizerNonConvergence] after 5000 iters  f=0.0261864: nlopt Sequential Quadratic Programming (SQP) (local  derivative): evaluation budget exhausted without convergence",,FALSE,0.023876876680692,0.023876876680692,"psd_default:ok;psd_layered:fail;twostage_default:ok;twostage_layered_lbfgs:fail;witness:ok"
"psd_layered","psd_default","psd-ml","engineering15","test","weak_marker","sem",100,8,"native","ML",537554989,,"","",,"","",,"magmaan fit error [OptimizerNonConvergence] after 5000 iters  f=0.0764341: nlopt Sequential Quadratic Programming (SQP) (local  derivative): evaluation budget exhausted without convergence",,FALSE,0.071343693019839,0.0713436930198386,"psd_default:ok;psd_layered:fail;twostage_default:ok;twostage_layered_lbfgs:fail;witness:ok"
"psd_layered","psd_default","psd-ml","engineering15","test","weak_marker","sem",100,8,"x0.01","ML",537554989,,"","",,"","",,"magmaan fit error [OptimizerNonConvergence] after 5000 iters  f=0.0764341: nlopt Sequential Quadratic Programming (SQP) (local  derivative): evaluation budget exhausted without convergence",,FALSE,0.0713436930198341,0.0713436930198341,"psd_default:ok;psd_layered:fail;twostage_default:ok;twostage_layered_lbfgs:fail;witness:ok"
"psd_layered","psd_default","psd-ml","engineering15","test","weak_marker","sem",100,8,"x100","ML",537554989,,"","",,"","",,"magmaan fit error [OptimizerNonConvergence] after 5000 iters  f=0.0764341: nlopt Sequential Quadratic Programming (SQP) (local  derivative): evaluation budget exhausted without convergence",,FALSE,0.0713436930198412,0.0713436930198412,"psd_default:ok;psd_layered:fail;twostage_default:ok;twostage_layered_lbfgs:fail;witness:ok"
"psd_layered","psd_default","psd-ml","engineering15","test","weak_marker","sem",100,9,"mixed","ML",537554990,,"","",,"","",,"magmaan fit error [OptimizerNonConvergence] after 5000 iters  f=0.0774767: nlopt Sequential Quadratic Programming (SQP) (local  derivative): evaluation budget exhausted without convergence",,FALSE,0.0768798304776825,0.0768798304776825,"psd_default:ok;psd_layered:fail;twostage_default:ok;twostage_layered_lbfgs:fail;witness:fail"
"psd_layered","psd_default","psd-ml","engineering15","test","weak_marker","sem",25,11,"native","ML",844589769,,"","",,"","",,"magmaan fit error [OptimizerNonConvergence] after 5000 iters  f=0.302523: nlopt Sequential Quadratic Programming (SQP) (local  derivative): evaluation budget exhausted without convergence",,FALSE,0.240373902554921,0.24037390255492,"psd_default:ok;psd_layered:fail;twostage_default:ok;twostage_layered_lbfgs:fail;witness:ok"
"psd_layered","psd_default","psd-ml","engineering15","test","weak_marker","sem",25,11,"x0.01","ML",844589769,,"","",,"","",,"magmaan fit error [OptimizerNonConvergence] after 5000 iters  f=0.291462: nlopt Sequential Quadratic Programming (SQP) (local  derivative): evaluation budget exhausted without convergence",,FALSE,0.240373902554925,0.240373902554914,"psd_default:ok;psd_layered:fail;twostage_default:ok;twostage_layered_lbfgs:fail;witness:ok"
"psd_layered","psd_default","psd-ml","engineering15","test","weak_marker","sem",25,12,"native","ML",844589770,,"","",,"","",,"magmaan fit error [OptimizerNonConvergence] after 5000 iters  f=0.275464: nlopt Sequential Quadratic Programming (SQP) (local  derivative): evaluation budget exhausted without convergence",,FALSE,0.217068150556567,0.217068150556567,"psd_default:ok;psd_layered:fail;twostage_default:ok;twostage_layered_lbfgs:fail;witness:ok"
"psd_layered","psd_default","psd-ml","engineering15","test","weak_marker","sem",25,12,"x0.01","ML",844589770,,"","",,"","",,"magmaan fit error [OptimizerNonConvergence] after 5000 iters  f=0.275461: nlopt Sequential Quadratic Programming (SQP) (local  derivative): evaluation budget exhausted without convergence",,FALSE,0.217068150556567,0.133921396180799,"psd_default:ok;psd_layered:fail;twostage_default:ok;twostage_layered_lbfgs:ok;witness:ok"
"psd_layered","psd_default","psd-ml","engineering15","test","weak_marker","sem",25,12,"x100","ML",844589770,,"","",,"","",,"magmaan fit error [OptimizerNonConvergence] after 5000 iters  f=0.275461: nlopt Sequential Quadratic Programming (SQP) (local  derivative): evaluation budget exhausted without convergence",,FALSE,0.217068150556564,0.217068150556564,"psd_default:ok;psd_layered:fail;twostage_default:ok;twostage_layered_lbfgs:fail;witness:fail"
"psd_layered","psd_default","psd-ml","engineering15","test","weak_marker","sem",25,15,"native","ML",844589773,,"","",,"","",,"magmaan fit error [OptimizerNonConvergence] after 5000 iters  f=0.260241: nlopt Sequential Quadratic Programming (SQP) (local  derivative): evaluation budget exhausted without convergence",,FALSE,0.150941596908312,0.15094159690831,"psd_default:ok;psd_layered:fail;twostage_default:ok;twostage_layered_lbfgs:fail;witness:ok"
"psd_layered","psd_default","psd-ml","engineering15","test","weak_marker","sem",25,15,"x0.01","ML",844589773,,"","",,"","",,"magmaan fit error [OptimizerNonConvergence] after 5000 iters  f=0.169336: nlopt Sequential Quadratic Programming (SQP) (local  derivative): evaluation budget exhausted without convergence",,FALSE,0.150941596908318,0.150941596908311,"psd_default:ok;psd_layered:fail;twostage_default:ok;twostage_layered_lbfgs:fail;witness:ok"
"psd_layered","psd_default","psd-ml","engineering15","test","weak_marker","sem",25,15,"x100","ML",844589773,,"","",,"","",,"magmaan fit error [OptimizerNonConvergence] after 5000 iters  f=0.260241: nlopt Sequential Quadratic Programming (SQP) (local  derivative): evaluation budget exhausted without convergence",,FALSE,0.150941596908311,0.150941596908311,"psd_default:ok;psd_layered:fail;twostage_default:ok;twostage_layered_lbfgs:fail;witness:ok"
"psd_layered","psd_default","psd-ml","engineering15","test","weak_marker","sem",25,16,"mixed","ML",844589774,,"","",,"","",,"magmaan fit error [OptimizerNonConvergence] after 5000 iters  f=0.159074: nlopt Sequential Quadratic Programming (SQP) (local  derivative): evaluation budget exhausted without convergence",,FALSE,0.0915021946107135,0.0915021946107135,"psd_default:ok;psd_layered:fail;twostage_default:ok;twostage_layered_lbfgs:ok;witness:ok"
"psd_layered","psd_default","psd-ml","engineering15","test","weak_marker","sem",25,18,"native","ML",844589776,,"","",,"","",,"magmaan fit error [OptimizerNonConvergence] after 5000 iters  f=0.426464: nlopt Sequential Quadratic Programming (SQP) (local  derivative): evaluation budget exhausted without convergence",,FALSE,0.416634410521085,0.416634410521085,"psd_default:ok;psd_layered:fail;twostage_default:ok;twostage_layered_lbfgs:ok;witness:ok"
"psd_layered","psd_default","psd-ml","engineering15","test","weak_marker","sem",25,21,"native","ML",844589900,,"","",,"","",,"magmaan fit error [OptimizerNonConvergence] after 5000 iters  f=0.0656661: nlopt Sequential Quadratic Programming (SQP) (local  derivative): evaluation budget exhausted without convergence",,FALSE,0.0530629462436627,0.0530629462436529,"psd_default:ok;psd_layered:fail;twostage_default:ok;twostage_layered_lbfgs:fail;witness:ok"
"psd_layered","psd_default","psd-ml","engineering15","test","weak_marker","sem",25,21,"x100","ML",844589900,,"","",,"","",,"magmaan fit error [OptimizerNonConvergence] after 5000 iters  f=0.0656661: nlopt Sequential Quadratic Programming (SQP) (local  derivative): evaluation budget exhausted without convergence",,FALSE,0.0530629462436494,0.0530629462436494,"psd_default:ok;psd_layered:fail;twostage_default:ok;twostage_layered_lbfgs:fail;witness:ok"
"psd_layered","psd_default","psd-ml","engineering15","test","weak_marker","sem",25,28,"native","ML",844589907,,"","",,"","",,"magmaan fit error [OptimizerNonConvergence] after 5000 iters  f=0.558197: nlopt Sequential Quadratic Programming (SQP) (local  derivative): evaluation budget exhausted without convergence",,FALSE,0.494005289604467,0.494005289604467,"psd_default:ok;psd_layered:fail;twostage_default:ok;twostage_layered_lbfgs:ok;witness:ok"
"psd_layered","psd_default","psd-ml","engineering15","test","weak_marker","sem",25,28,"x0.01","ML",844589907,,"","",,"","",,"magmaan fit error [OptimizerNonConvergence] after 5000 iters  f=0.558197: nlopt Sequential Quadratic Programming (SQP) (local  derivative): evaluation budget exhausted without convergence",,FALSE,0.502231206553301,0.494005289604456,"psd_default:ok;psd_layered:fail;twostage_default:ok;twostage_layered_lbfgs:ok;witness:ok"
"psd_layered","psd_default","psd-ml","engineering15","test","weak_marker","sem",25,28,"x100","ML",844589907,,"","",,"","",,"magmaan fit error [OptimizerNonConvergence] after 5000 iters  f=0.558197: nlopt Sequential Quadratic Programming (SQP) (local  derivative): evaluation budget exhausted without convergence",,FALSE,0.494005289604459,0.494005289604459,"psd_default:ok;psd_layered:fail;twostage_default:ok;twostage_layered_lbfgs:ok;witness:fail"
"psd_layered","psd_default","psd-ml","engineering15","test","weak_marker","sem",25,3,"mixed","ML",317914343,,"","",,"","",,"magmaan fit error [OptimizerNonConvergence] after 5000 iters  f=0.110822: nlopt Sequential Quadratic Programming (SQP) (local  derivative): evaluation budget exhausted without convergence",,FALSE,0.110626242287155,0.110626242287155,"psd_default:ok;psd_layered:fail;twostage_default:ok;twostage_layered_lbfgs:fail;witness:fail"
"psd_layered","psd_default","psd-ml","engineering15","test","weak_marker","sem",25,3,"native","ML",317914343,,"","",,"","",,"magmaan fit error [OptimizerNonConvergence] after 5000 iters  f=0.110721: nlopt Sequential Quadratic Programming (SQP) (local  derivative): evaluation budget exhausted without convergence",,FALSE,0.101532805077147,0.101532805077147,"psd_default:ok;psd_layered:fail;twostage_default:fail;twostage_layered_lbfgs:fail;witness:fail"
"psd_layered","psd_default","psd-ml","engineering15","test","weak_marker","sem",25,3,"x0.01","ML",317914343,,"","",,"","",,"magmaan fit error [OptimizerNonConvergence] after 5000 iters  f=0.110333: nlopt Sequential Quadratic Programming (SQP) (local  derivative): evaluation budget exhausted without convergence",,FALSE,0.0747213633910668,0.0747213633910668,"psd_default:ok;psd_layered:fail;twostage_default:ok;twostage_layered_lbfgs:fail;witness:fail"
"psd_layered","psd_default","psd-ml","engineering15","test","weak_marker","sem",25,35,"mixed","ML",844590035,,"","",,"","",,"magmaan fit error [OptimizerNonConvergence] after 5000 iters  f=0.188118: nlopt Sequential Quadratic Programming (SQP) (local  derivative): evaluation budget exhausted without convergence",,FALSE,0.118243831097574,0.118243831097574,"psd_default:ok;psd_layered:fail;twostage_default:ok;twostage_layered_lbfgs:fail;witness:ok"
"psd_layered","psd_default","psd-ml","engineering15","test","weak_marker","sem",25,37,"native","ML",844590037,,"","",,"","",,"magmaan fit error [OptimizerNonConvergence] after 5000 iters  f=0.163113: nlopt Sequential Quadratic Programming (SQP) (local  derivative): evaluation budget exhausted without convergence",,FALSE,0.156722791983265,0.156722791983257,"psd_default:ok;psd_layered:fail;twostage_default:ok;twostage_layered_lbfgs:fail;witness:ok"
"psd_layered","psd_default","psd-ml","engineering15","test","weak_marker","sem",25,37,"x0.01","ML",844590037,,"","",,"","",,"magmaan fit error [OptimizerNonConvergence] after 5000 iters  f=0.163113: nlopt Sequential Quadratic Programming (SQP) (local  derivative): evaluation budget exhausted without convergence",,FALSE,0.15672279198326,0.156722791983256,"psd_default:ok;psd_layered:fail;twostage_default:ok;twostage_layered_lbfgs:fail;witness:ok"
"psd_layered","psd_default","psd-ml","engineering15","test","weak_marker","sem",25,37,"x100","ML",844590037,,"","",,"","",,"magmaan fit error [OptimizerNonConvergence] after 5000 iters  f=0.163113: nlopt Sequential Quadratic Programming (SQP) (local  derivative): evaluation budget exhausted without convergence",,FALSE,0.156722791983256,0.156722791983256,"psd_default:ok;psd_layered:fail;twostage_default:ok;twostage_layered_lbfgs:fail;witness:ok"
"psd_layered","psd_default","psd-ml","engineering15","test","weak_marker","sem",25,39,"native","ML",844590039,,"","",,"","",,"magmaan fit error [OptimizerNonConvergence] after 5000 iters  f=0.127756: nlopt Sequential Quadratic Programming (SQP) (local  derivative): evaluation budget exhausted without convergence",,FALSE,0.0799941645916995,0.0799941645916968,"psd_default:ok;psd_layered:fail;twostage_default:ok;twostage_layered_lbfgs:fail;witness:ok"
"psd_layered","psd_default","psd-ml","engineering15","test","weak_marker","sem",25,39,"x100","ML",844590039,,"","",,"","",,"magmaan fit error [OptimizerNonConvergence] after 5000 iters  f=0.127756: nlopt Sequential Quadratic Programming (SQP) (local  derivative): evaluation budget exhausted without convergence",,FALSE,0.0799941645916959,0.0799941645916959,"psd_default:ok;psd_layered:fail;twostage_default:ok;twostage_layered_lbfgs:fail;witness:ok"
"psd_layered","psd_default","psd-ml","engineering15","test","weak_marker","sem",25,43,"mixed","ML",844590164,,"","",,"","",,"magmaan fit error [OptimizerNonConvergence] after 5000 iters  f=0.223178: nlopt Sequential Quadratic Programming (SQP) (local  derivative): evaluation budget exhausted without convergence",,FALSE,0.175965954655234,0.175084439284837,"psd_default:ok;psd_layered:fail;twostage_default:ok;twostage_layered_lbfgs:fail;witness:ok"
"psd_layered","psd_default","psd-ml","engineering15","test","weak_marker","sem",25,43,"native","ML",844590164,,"","",,"","",,"magmaan fit error [OptimizerNonConvergence] after 5000 iters  f=0.223232: nlopt Sequential Quadratic Programming (SQP) (local  derivative): evaluation budget exhausted without convergence",,FALSE,0.163967486399666,0.163967486399666,"psd_default:ok;psd_layered:fail;twostage_default:ok;twostage_layered_lbfgs:fail;witness:ok"
"psd_layered","psd_default","psd-ml","engineering15","test","weak_marker","sem",25,43,"x100","ML",844590164,,"","",,"","",,"magmaan fit error [OptimizerNonConvergence] after 5000 iters  f=0.223178: nlopt Sequential Quadratic Programming (SQP) (local  derivative): evaluation budget exhausted without convergence",,FALSE,0.193966740318114,0.175084439284849,"psd_default:ok;psd_layered:fail;twostage_default:ok;twostage_layered_lbfgs:fail;witness:ok"
"psd_layered","psd_default","psd-ml","engineering15","test","weak_marker","sem",25,44,"mixed","ML",844590165,,"","",,"","",,"magmaan fit error [OptimizerNonConvergence] after 5000 iters  f=0.104366: nlopt Sequential Quadratic Programming (SQP) (local  derivative): evaluation budget exhausted without convergence",,FALSE,0.104366627997327,0.104366627997327,"psd_default:ok;psd_layered:fail;twostage_default:ok;twostage_layered_lbfgs:fail;witness:fail"
"psd_layered","psd_default","psd-ml","engineering15","test","weak_marker","sem",25,44,"native","ML",844590165,,"","",,"","",,"magmaan fit error [OptimizerNonConvergence] after 5000 iters  f=0.104366: nlopt Sequential Quadratic Programming (SQP) (local  derivative): evaluation budget exhausted without convergence",,FALSE,0.102077633016432,0.102077633016432,"psd_default:ok;psd_layered:fail;twostage_default:ok;twostage_layered_lbfgs:ok;witness:fail"
"psd_layered","psd_default","psd-ml","engineering15","test","weak_marker","sem",25,44,"x0.01","ML",844590165,,"","",,"","",,"magmaan fit error [OptimizerNonConvergence] after 5000 iters  f=0.104366: nlopt Sequential Quadratic Programming (SQP) (local  derivative): evaluation budget exhausted without convergence",,FALSE,0.102077633016432,0.102077633016432,"psd_default:ok;psd_layered:fail;twostage_default:ok;twostage_layered_lbfgs:ok;witness:fail"
"psd_layered","psd_default","psd-ml","engineering15","test","weak_marker","sem",25,44,"x100","ML",844590165,,"","",,"","",,"magmaan fit error [OptimizerNonConvergence] after 5000 iters  f=0.104366: nlopt Sequential Quadratic Programming (SQP) (local  derivative): evaluation budget exhausted without convergence",,FALSE,0.104360417291769,0.104360417291769,"psd_default:ok;psd_layered:fail;twostage_default:ok;twostage_layered_lbfgs:fail;witness:fail"
"psd_layered","psd_default","psd-ml","engineering15","test","weak_marker","sem",25,45,"native","ML",844590166,,"","",,"","",,"magmaan fit error [OptimizerNonConvergence] after 5000 iters  f=0.287997: nlopt Sequential Quadratic Programming (SQP) (local  derivative): evaluation budget exhausted without convergence",,FALSE,0.12323781499198,0.12323781499198,"psd_default:ok;psd_layered:fail;twostage_default:ok;twostage_layered_lbfgs:fail;witness:fail"
"psd_layered","psd_default","psd-ml","engineering15","test","weak_marker","sem",25,45,"x0.01","ML",844590166,,"","",,"","",,"magmaan fit error [OptimizerNonConvergence] after 5000 iters  f=0.287997: nlopt Sequential Quadratic Programming (SQP) (local  derivative): evaluation budget exhausted without convergence",,FALSE,0.243652483803896,0.149360379562324,"psd_default:ok;psd_layered:fail;twostage_default:ok;twostage_layered_lbfgs:fail;witness:fail"
"psd_layered","psd_default","psd-ml","engineering15","test","weak_marker","sem",25,46,"native","ML",844590167,,"","",,"","",,"magmaan fit error [OptimizerNonConvergence] after 5000 iters  f=0.146871: nlopt Sequential Quadratic Programming (SQP) (local  derivative): evaluation budget exhausted without convergence",,FALSE,0.141776697221545,0.14177669722154,"psd_default:ok;psd_layered:fail;twostage_default:ok;twostage_layered_lbfgs:fail;witness:ok"
"psd_layered","psd_default","psd-ml","engineering15","test","weak_marker","sem",25,46,"x100","ML",844590167,,"","",,"","",,"magmaan fit error [OptimizerNonConvergence] after 5000 iters  f=0.146889: nlopt Sequential Quadratic Programming (SQP) (local  derivative): evaluation budget exhausted without convergence",,FALSE,0.141776697221534,0.141776697221534,"psd_default:ok;psd_layered:fail;twostage_default:ok;twostage_layered_lbfgs:fail;witness:ok"
"psd_layered","psd_default","psd-ml","engineering15","test","weak_marker","sem",25,47,"x100","ML",844590168,,"","",,"","",,"magmaan fit error [OptimizerNonConvergence] after 5000 iters  f=0.112692: nlopt Sequential Quadratic Programming (SQP) (local  derivative): evaluation budget exhausted without convergence",,FALSE,0.10240794710132,0.10240794710132,"psd_default:ok;psd_layered:fail;twostage_default:ok;twostage_layered_lbfgs:fail;witness:ok"
"psd_layered","psd_default","psd-ml","engineering15","test","weak_marker","sem",25,5,"native","ML",317914345,,"","",,"","",,"magmaan fit error [OptimizerNonConvergence] after 5000 iters  f=0.129572: nlopt Sequential Quadratic Programming (SQP) (local  derivative): evaluation budget exhausted without convergence",,FALSE,0.137575511641634,0.137575511641634,"psd_default:ok;psd_layered:fail;twostage_default:ok;twostage_layered_lbfgs:fail;witness:fail"
"psd_layered","psd_default","psd-ml","ernst","control","ernst","sem",25,1,"mixed","ML",1488557080,,"","",,"","",,"magmaan fit error [OptimizerNonConvergence] after 5000 iters  f=0.225514: nlopt Sequential Quadratic Programming (SQP) (local  derivative): evaluation budget exhausted without convergence",,FALSE,0.217817289007945,0.0855374138599214,"psd_default:ok;psd_layered:fail;twostage_default:ok;twostage_layered_lbfgs:ok;witness:ok"
"psd_layered","psd_default","psd-ml","ernst","control","ernst","sem",25,32,"mixed","ML",1727451182,,"","",,"","",,"magmaan fit error [OptimizerNonConvergence] after 5000 iters  f=0.40346: nlopt Sequential Quadratic Programming (SQP) (local  derivative): evaluation budget exhausted without convergence",,FALSE,0.353480266354591,0.353480266354591,"psd_default:ok;psd_layered:fail;twostage_default:ok;twostage_layered_lbfgs:fail;witness:ok"
"psd_layered","psd_default","psd-ml","ernst","control","ernst","sem",25,32,"native","ML",1727451182,,"","",,"","",,"magmaan fit error [OptimizerNonConvergence] after 5000 iters  f=0.37019: nlopt Sequential Quadratic Programming (SQP) (local  derivative): evaluation budget exhausted without convergence",,FALSE,0.353480266354592,0.353480266354591,"psd_default:ok;psd_layered:fail;twostage_default:ok;twostage_layered_lbfgs:fail;witness:ok"
"psd_layered","psd_default","psd-ml","ernst","control","ernst","sem",25,32,"x0.01","ML",1727451182,,"","",,"","",,"magmaan fit error [OptimizerNonConvergence] after 5000 iters  f=0.37019: nlopt Sequential Quadratic Programming (SQP) (local  derivative): evaluation budget exhausted without convergence",,FALSE,0.353480266354598,0.353480266354591,"psd_default:ok;psd_layered:fail;twostage_default:ok;twostage_layered_lbfgs:fail;witness:ok"
"psd_layered","psd_default","psd-ml","ernst","control","ernst","sem",25,32,"x100","ML",1727451182,,"","",,"","",,"magmaan fit error [OptimizerNonConvergence] after 5000 iters  f=0.37019: nlopt Sequential Quadratic Programming (SQP) (local  derivative): evaluation budget exhausted without convergence",,FALSE,0.353480266354598,0.353480266354591,"psd_default:ok;psd_layered:fail;twostage_default:fail;twostage_layered_lbfgs:fail;witness:ok"
"psd_layered","psd_default","psd-ml","ernst","control","ernst","sem",25,49,"native","ML",1727451320,,"","",,"","",,"magmaan fit error [OptimizerNonConvergence] after 5000 iters  f=0.230507: nlopt Sequential Quadratic Programming (SQP) (local  derivative): evaluation budget exhausted without convergence",,FALSE,0.117779348921762,0.117779348921761,"psd_default:ok;psd_layered:fail;twostage_default:ok;twostage_layered_lbfgs:fail;witness:ok"
"psd_layered","psd_default","psd-ml","ernst","control","ernst","sem",25,49,"x0.01","ML",1727451320,,"","",,"","",,"magmaan fit error [OptimizerNonConvergence] after 5000 iters  f=0.230507: nlopt Sequential Quadratic Programming (SQP) (local  derivative): evaluation budget exhausted without convergence",,FALSE,0.117779348921765,0.117779348921765,"psd_default:ok;psd_layered:fail;twostage_default:ok;twostage_layered_lbfgs:fail;witness:ok"
"psd_layered","psd_default","psd-ml","ernst","control","ernst","sem",25,49,"x100","ML",1727451320,,"","",,"","",,"magmaan fit error [OptimizerNonConvergence] after 5000 iters  f=0.230509: nlopt Sequential Quadratic Programming (SQP) (local  derivative): evaluation budget exhausted without convergence",,FALSE,0.117779348921768,0.117779348921765,"psd_default:ok;psd_layered:fail;twostage_default:ok;twostage_layered_lbfgs:fail;witness:ok"
"psd_layered","psd_default","psd-ml","research47","test","r47_f2_r100","two_factor",25,7,"native","ML",514113503,,"","",,"","",,"magmaan fit error [OptimizerNonConvergence] after 5000 iters  f=0.638265: nlopt Sequential Quadratic Programming (SQP) (local  derivative): evaluation budget exhausted without convergence",,FALSE,0.444080230607007,0.444080230606977,"psd_default:ok;psd_layered:fail;twostage_default:ok;twostage_layered_lbfgs:ok;witness:ok"
"psd_layered","psd_default","psd-ml","research47","test","r47_f2_r100","two_factor",25,7,"x0.01","ML",514113503,,"","",,"","",,"magmaan fit error [OptimizerNonConvergence] after 5000 iters  f=0.63822: nlopt Sequential Quadratic Programming (SQP) (local  derivative): evaluation budget exhausted without convergence",,FALSE,0.444080230606982,0.444080230606978,"psd_default:ok;psd_layered:fail;twostage_default:ok;twostage_layered_lbfgs:fail;witness:ok"
"psd_layered","psd_default","psd-ml","research47","test","r47_f2_r100","two_factor",25,7,"x100","ML",514113503,,"","",,"","",,"magmaan fit error [OptimizerNonConvergence] after 5000 iters  f=0.638239: nlopt Sequential Quadratic Programming (SQP) (local  derivative): evaluation budget exhausted without convergence",,FALSE,0.444080230606975,0.444080230606975,"psd_default:ok;psd_layered:fail;twostage_default:ok;twostage_layered_lbfgs:fail;witness:ok"
"psd_layered","psd_default","psd-ml","research47","test","r47_f2_r90","two_factor",25,47,"mixed","ML",1969700415,,"","",,"","",,"magmaan fit error [OptimizerNonConvergence] after 5000 iters  f=0.227441: nlopt Sequential Quadratic Programming (SQP) (local  derivative): evaluation budget exhausted without convergence",,FALSE,0.226096551971931,0.226096551971931,"psd_default:ok;psd_layered:fail;twostage_default:fail;twostage_layered_lbfgs:fail;witness:ok"
"psd_layered","psd_default","psd-ml","research47","test","r47_f2_r90","two_factor",25,47,"native","ML",1969700415,,"","",,"","",,"magmaan fit error [OptimizerNonConvergence] after 5000 iters  f=0.227441: nlopt Sequential Quadratic Programming (SQP) (local  derivative): evaluation budget exhausted without convergence",,FALSE,0.226096551971935,0.226096551971934,"psd_default:ok;psd_layered:fail;twostage_default:ok;twostage_layered_lbfgs:fail;witness:ok"
"psd_layered","psd_default","psd-ml","research47","test","r47_f2_r90","two_factor",25,47,"x0.01","ML",1969700415,,"","",,"","",,"magmaan fit error [OptimizerNonConvergence] after 5000 iters  f=0.227441: nlopt Sequential Quadratic Programming (SQP) (local  derivative): evaluation budget exhausted without convergence",,FALSE,0.226096551971935,0.226096551971935,"psd_default:ok;psd_layered:fail;twostage_default:ok;twostage_layered_lbfgs:fail;witness:ok"
"psd_layered","psd_default","psd-ml","research47","test","r47_f2_r90","two_factor",25,47,"x100","ML",1969700415,,"","",,"","",,"magmaan fit error [OptimizerNonConvergence] after 5000 iters  f=0.227441: nlopt Sequential Quadratic Programming (SQP) (local  derivative): evaluation budget exhausted without convergence",,FALSE,0.226096551971942,0.226096551971938,"psd_default:ok;psd_layered:fail;twostage_default:ok;twostage_layered_lbfgs:fail;witness:ok"
"psd_layered","psd_default","psd-ml","research47","test","r47_f2_r99","two_factor",25,33,"mixed","ML",1337252960,,"","",,"","",,"magmaan fit error [OptimizerNonConvergence] after 5000 iters  f=0.669733: nlopt Sequential Quadratic Programming (SQP) (local  derivative): evaluation budget exhausted without convergence",,FALSE,0.404494878524613,0.386426428804198,"psd_default:ok;psd_layered:fail;twostage_default:ok;twostage_layered_lbfgs:fail;witness:ok"
"psd_layered","psd_default","psd-ml","research47","test","r47_f2_r99","two_factor",25,33,"native","ML",1337252960,,"","",,"","",,"magmaan fit error [OptimizerNonConvergence] after 5000 iters  f=0.669743: nlopt Sequential Quadratic Programming (SQP) (local  derivative): evaluation budget exhausted without convergence",,FALSE,0.404494878524659,0.404494878524603,"psd_default:ok;psd_layered:fail;twostage_default:ok;twostage_layered_lbfgs:fail;witness:ok"
"psd_layered","psd_default","psd-ml","research47","test","r47_f2_r99","two_factor",25,33,"x0.01","ML",1337252960,,"","",,"","",,"magmaan fit error [OptimizerNonConvergence] after 5000 iters  f=0.669733: nlopt Sequential Quadratic Programming (SQP) (local  derivative): evaluation budget exhausted without convergence",,FALSE,0.404494878524623,0.404494878524606,"psd_default:ok;psd_layered:fail;twostage_default:ok;twostage_layered_lbfgs:fail;witness:ok"
"psd_layered","psd_default","psd-ml","research47","test","r47_f2_r99","two_factor",25,33,"x100","ML",1337252960,,"","",,"","",,"magmaan fit error [OptimizerNonConvergence] after 5000 iters  f=0.669733: nlopt Sequential Quadratic Programming (SQP) (local  derivative): evaluation budget exhausted without convergence",,FALSE,0.404494878524602,0.404494878524602,"psd_default:ok;psd_layered:fail;twostage_default:ok;twostage_layered_lbfgs:fail;witness:ok"
"psd_layered","psd_default","psd-ml","research47","test","r47_path_r2_100","path",25,15,"native","ML",970178277,,"","",,"","",,"magmaan fit error [OptimizerNonConvergence] after 5000 iters  f=1.07412: nlopt Sequential Quadratic Programming (SQP) (local  derivative): evaluation budget exhausted without convergence",,FALSE,1.01187335794438,1.01187335794435,"psd_default:ok;psd_layered:fail;twostage_default:ok;twostage_layered_lbfgs:fail;witness:ok"
"psd_layered","psd_default","psd-ml","research47","test","r47_path_r2_100","path",25,15,"x0.01","ML",970178277,,"","",,"","",,"magmaan fit error [OptimizerNonConvergence] after 5000 iters  f=1.07414: nlopt Sequential Quadratic Programming (SQP) (local  derivative): evaluation budget exhausted without convergence",,FALSE,1.01187335794434,1.01187335794433,"psd_default:ok;psd_layered:fail;twostage_default:ok;twostage_layered_lbfgs:fail;witness:ok"
"psd_layered","psd_default","psd-ml","research47","test","r47_path_r2_100","path",25,15,"x100","ML",970178277,,"","",,"","",,"magmaan fit error [OptimizerNonConvergence] after 5000 iters  f=1.07418: nlopt Sequential Quadratic Programming (SQP) (local  derivative): evaluation budget exhausted without convergence",,FALSE,1.01187335794434,1.01187335794432,"psd_default:ok;psd_layered:fail;twostage_default:ok;twostage_layered_lbfgs:fail;witness:ok"
"psd_layered","psd_default","psd-ml","research47","test","r47_path_r2_100","path",25,18,"mixed","ML",970178280,,"","",,"","",,"magmaan fit error [OptimizerNonConvergence] after 5000 iters  f=0.482299: nlopt Sequential Quadratic Programming (SQP) (local  derivative): evaluation budget exhausted without convergence",,FALSE,0.467518186675611,0.467518186675611,"psd_default:ok;psd_layered:fail;twostage_default:ok;twostage_layered_lbfgs:fail;witness:ok"
"psd_layered","psd_default","psd-ml","research47","test","r47_path_r2_100","path",25,18,"native","ML",970178280,,"","",,"","",,"magmaan fit error [OptimizerNonConvergence] after 5000 iters  f=0.482299: nlopt Sequential Quadratic Programming (SQP) (local  derivative): evaluation budget exhausted without convergence",,FALSE,0.467518186675624,0.467518186675624,"psd_default:ok;psd_layered:fail;twostage_default:ok;twostage_layered_lbfgs:fail;witness:ok"
"psd_layered","psd_default","psd-ml","research47","test","r47_path_r2_100","path",25,18,"x0.01","ML",970178280,,"","",,"","",,"magmaan fit error [OptimizerNonConvergence] after 5000 iters  f=0.482299: nlopt Sequential Quadratic Programming (SQP) (local  derivative): evaluation budget exhausted without convergence",,FALSE,0.467518186675612,0.467518186675612,"psd_default:ok;psd_layered:fail;twostage_default:ok;twostage_layered_lbfgs:fail;witness:ok"
"psd_layered","psd_default","psd-ml","research47","test","r47_path_r2_100","path",25,18,"x100","ML",970178280,,"","",,"","",,"magmaan fit error [OptimizerNonConvergence] after 5000 iters  f=0.482299: nlopt Sequential Quadratic Programming (SQP) (local  derivative): evaluation budget exhausted without convergence",,FALSE,0.467518186675598,0.467518186675598,"psd_default:ok;psd_layered:fail;twostage_default:ok;twostage_layered_lbfgs:fail;witness:ok"
"psd_layered","psd_default","psd-ml","research47","test","r47_path_r2_90","path",25,11,"mixed","ML",1020381330,,"","",,"","",,"magmaan fit error [OptimizerNonConvergence] after 5000 iters  f=1.32957: nlopt Sequential Quadratic Programming (SQP) (local  derivative): evaluation budget exhausted without convergence",,FALSE,1.12829256009212,1.12829256009208,"psd_default:ok;psd_layered:fail;twostage_default:ok;twostage_layered_lbfgs:fail;witness:ok"
"psd_layered","psd_default","psd-ml","research47","test","r47_path_r2_90","path",25,22,"mixed","ML",1020381462,0.774913299363247,"nonpositive_curvature","converged",53,"layered","",TRUE,"",7.36671721460643,FALSE,0.763425566510538,0.763425566510538,"psd_default:ok;psd_layered:fail;twostage_default:ok;twostage_layered_lbfgs:ok;witness:ok"
"psd_layered","psd_default","psd-ml","research47","test","r47_path_r2_90","path",25,22,"native","ML",1020381462,0.774913299363345,"nonpositive_curvature","converged",58,"layered","",TRUE,"",4.15001955267297,FALSE,0.763425566510601,0.763425566510538,"psd_default:ok;psd_layered:fail;twostage_default:ok;twostage_layered_lbfgs:ok;witness:ok"
"psd_layered","psd_default","psd-ml","research47","test","r47_path_r2_90","path",25,22,"x0.01","ML",1020381462,0.774913299363241,"nonpositive_curvature","converged",60,"layered","",TRUE,"",2.91034613389143,FALSE,0.763425566510556,0.763425566510541,"psd_default:ok;psd_layered:fail;twostage_default:ok;twostage_layered_lbfgs:ok;witness:ok"
"psd_layered","psd_default","psd-ml","research47","test","r47_path_r2_90","path",25,22,"x100","ML",1020381462,0.774913299363305,"nonpositive_curvature","converged",54,"layered","",TRUE,"",4.29022802226963,FALSE,0.763425566510556,0.763425566510534,"psd_default:ok;psd_layered:fail;twostage_default:ok;twostage_layered_lbfgs:ok;witness:ok"
"psd_layered","psd_default","psd-ml","wolf","test","wolf_2f3i_l50","cfa",100,44,"mixed","ML",653303120,,"","",,"","",,"magmaan fit error [OptimizerNonConvergence] after 5000 iters  f=0.0700886: nlopt Sequential Quadratic Programming (SQP) (local  derivative): evaluation budget exhausted without convergence",,FALSE,0.0267608411356877,0.0267608411356877,"psd_default:ok;psd_layered:fail;twostage_default:ok;twostage_layered_lbfgs:fail;witness:ok"
"psd_layered","psd_default","psd-ml","wolf","test","wolf_2f3i_l50","cfa",100,44,"native","ML",653303120,0.070105889597825,"available","converged",3633,"layered","",TRUE,"",1,FALSE,0.0267608411356908,0.0267608411356868,"psd_default:ok;psd_layered:fail;twostage_default:ok;twostage_layered_lbfgs:fail;witness:ok"
"psd_layered","psd_default","psd-ml","wolf","test","wolf_2f3i_l50","cfa",100,44,"x0.01","ML",653303120,0.070112766889217,"nonpositive_curvature","converged",3970,"layered","",TRUE,"",1,FALSE,0.0267608411356903,0.0267608411356903,"psd_default:ok;psd_layered:fail;twostage_default:fail;twostage_layered_lbfgs:fail;witness:ok"
"psd_layered","psd_default","psd-ml","wolf","test","wolf_2f3i_l50","cfa",100,44,"x100","ML",653303120,0.0701094701956109,"nonpositive_curvature","converged",4618,"layered","",TRUE,"",1,FALSE,0.0267608411356832,0.0267608411356832,"psd_default:ok;psd_layered:fail;twostage_default:ok;twostage_layered_lbfgs:fail;witness:ok"
"psd_layered","psd_default","psd-ml","wolf","test","wolf_2f3i_l50","cfa",25,11,"mixed","ML",1164458080,,"","",,"","",,"magmaan fit error [OptimizerNonConvergence] after 5000 iters  f=0.275502: nlopt Sequential Quadratic Programming (SQP) (local  derivative): evaluation budget exhausted without convergence",,FALSE,0.274142722652906,0.274142722652901,"psd_default:ok;psd_layered:fail;twostage_default:ok;twostage_layered_lbfgs:fail;witness:ok"
"psd_layered","psd_default","psd-ml","wolf","test","wolf_2f3i_l50","cfa",25,11,"native","ML",1164458080,,"","",,"","",,"magmaan fit error [OptimizerNonConvergence] after 5000 iters  f=0.275502: nlopt Sequential Quadratic Programming (SQP) (local  derivative): evaluation budget exhausted without convergence",,FALSE,0.274142722652901,0.274142722652901,"psd_default:ok;psd_layered:fail;twostage_default:ok;twostage_layered_lbfgs:fail;witness:ok"
"psd_layered","psd_default","psd-ml","wolf","test","wolf_2f3i_l50","cfa",25,11,"x100","ML",1164458080,,"","",,"","",,"magmaan fit error [OptimizerNonConvergence] after 5000 iters  f=0.275502: nlopt Sequential Quadratic Programming (SQP) (local  derivative): evaluation budget exhausted without convergence",,FALSE,0.274142722652901,0.274142722652901,"psd_default:ok;psd_layered:fail;twostage_default:ok;twostage_layered_lbfgs:fail;witness:ok"
"psd_layered","psd_default","psd-ml","wolf","test","wolf_2f3i_l50","cfa",25,14,"mixed","ML",1164458083,,"","",,"","",,"magmaan fit error [OptimizerNonConvergence] after 5000 iters  f=0.215717: nlopt Sequential Quadratic Programming (SQP) (local  derivative): evaluation budget exhausted without convergence",,FALSE,0.165218532330658,0.13937577032671,"psd_default:ok;psd_layered:fail;twostage_default:ok;twostage_layered_lbfgs:ok;witness:ok"
"psd_layered","psd_default","psd-ml","wolf","test","wolf_2f3i_l50","cfa",25,14,"native","ML",1164458083,0.215717166490044,"available","converged",4565,"layered","",TRUE,"",1,FALSE,0.139375770326707,0.121535289384941,"psd_default:ok;psd_layered:fail;twostage_default:ok;twostage_layered_lbfgs:ok;witness:ok"
"psd_layered","psd_default","psd-ml","wolf","test","wolf_2f3i_l50","cfa",25,14,"x0.01","ML",1164458083,0.215717166139498,"available","converged",4983,"layered","",TRUE,"",1,FALSE,0.139375770326708,0.139375770326708,"psd_default:ok;psd_layered:fail;twostage_default:ok;twostage_layered_lbfgs:fail;witness:ok"
"psd_layered","psd_default","psd-ml","wolf","test","wolf_2f3i_l50","cfa",25,14,"x100","ML",1164458083,0.215717166132098,"available","converged",4997,"layered","",TRUE,"",1,FALSE,0.139375770326705,0.139375770326698,"psd_default:ok;psd_layered:fail;twostage_default:ok;twostage_layered_lbfgs:ok;witness:ok"
"psd_layered","psd_default","psd-ml","wolf","test","wolf_2f3i_l50","cfa",25,17,"x0.01","ML",1164458086,,"","",,"","",,"magmaan fit error [OptimizerNonConvergence] after 5000 iters  f=0.231623: nlopt Sequential Quadratic Programming (SQP) (local  derivative): evaluation budget exhausted without convergence",,FALSE,0.130440059014354,0.130440059014347,"psd_default:ok;psd_layered:fail;twostage_default:ok;twostage_layered_lbfgs:ok;witness:ok"
"psd_layered","psd_default","psd-ml","wolf","test","wolf_2f3i_l50","cfa",25,18,"native","ML",1164458087,,"","",,"","",,"magmaan fit error [OptimizerNonConvergence] after 5000 iters  f=0.111373: nlopt Sequential Quadratic Programming (SQP) (local  derivative): evaluation budget exhausted without convergence",,FALSE,0.1039288619983,0.103928861998299,"psd_default:ok;psd_layered:fail;twostage_default:ok;twostage_layered_lbfgs:fail;witness:fail"
"psd_layered","psd_default","psd-ml","wolf","test","wolf_2f3i_l50","cfa",25,2,"native","ML",2123586613,0.150819242725353,"nonpositive_curvature","converged",4628,"layered","",TRUE,"",1,FALSE,0.083096237251973,0.083096237251969,"psd_default:ok;psd_layered:fail;twostage_default:ok;twostage_layered_lbfgs:fail;witness:ok"
"psd_layered","psd_default","psd-ml","wolf","test","wolf_2f3i_l50","cfa",25,2,"x0.01","ML",2123586613,0.15081939311386,"nonpositive_curvature","converged",4568,"layered","",TRUE,"",1,FALSE,0.0830962372519686,0.0830962372519686,"psd_default:ok;psd_layered:fail;twostage_default:ok;twostage_layered_lbfgs:fail;witness:ok"
"psd_layered","psd_default","psd-ml","wolf","test","wolf_2f3i_l50","cfa",25,2,"x100","ML",2123586613,0.150819465048915,"nonpositive_curvature","converged",4578,"layered","",TRUE,"",1,FALSE,0.083096237251965,0.083096237251965,"psd_default:ok;psd_layered:fail;twostage_default:ok;twostage_layered_lbfgs:ok;witness:ok"
"psd_layered","psd_default","psd-ml","wolf","test","wolf_2f3i_l50","cfa",25,22,"mixed","ML",1164458212,,"","",,"","",,"magmaan fit error [OptimizerNonConvergence] after 5000 iters  f=0.163001: nlopt Sequential Quadratic Programming (SQP) (local  derivative): evaluation budget exhausted without convergence",,FALSE,0.100139468704707,0.100139468704707,"psd_default:ok;psd_layered:fail;twostage_default:ok;twostage_layered_lbfgs:fail;witness:ok"
"psd_layered","psd_default","psd-ml","wolf","test","wolf_2f3i_l50","cfa",25,22,"native","ML",1164458212,,"","",,"","",,"magmaan fit error [OptimizerNonConvergence] after 5000 iters  f=0.163001: nlopt Sequential Quadratic Programming (SQP) (local  derivative): evaluation budget exhausted without convergence",,FALSE,0.100139468704715,0.100139468704707,"psd_default:ok;psd_layered:fail;twostage_default:ok;twostage_layered_lbfgs:fail;witness:ok"
"psd_layered","psd_default","psd-ml","wolf","test","wolf_2f3i_l50","cfa",25,22,"x0.01","ML",1164458212,,"","",,"","",,"magmaan fit error [OptimizerNonConvergence] after 5000 iters  f=0.163001: nlopt Sequential Quadratic Programming (SQP) (local  derivative): evaluation budget exhausted without convergence",,FALSE,0.100139468704707,0.100139468704707,"psd_default:ok;psd_layered:fail;twostage_default:fail;twostage_layered_lbfgs:fail;witness:ok"
"psd_layered","psd_default","psd-ml","wolf","test","wolf_2f3i_l50","cfa",25,22,"x100","ML",1164458212,,"","",,"","",,"magmaan fit error [OptimizerNonConvergence] after 5000 iters  f=0.163001: nlopt Sequential Quadratic Programming (SQP) (local  derivative): evaluation budget exhausted without convergence",,FALSE,0.100139468704711,0.100139468704707,"psd_default:ok;psd_layered:fail;twostage_default:ok;twostage_layered_lbfgs:fail;witness:ok"
"psd_layered","psd_default","psd-ml","wolf","test","wolf_2f3i_l50","cfa",25,25,"native","ML",1164458215,,"","",,"","",,"magmaan fit error [OptimizerNonConvergence] after 5000 iters  f=0.131656: nlopt Sequential Quadratic Programming (SQP) (local  derivative): evaluation budget exhausted without convergence",,FALSE,0.158382708740659,0.158382708740656,"psd_default:ok;psd_layered:fail;twostage_default:ok;twostage_layered_lbfgs:fail;witness:ok"
"psd_layered","psd_default","psd-ml","wolf","test","wolf_2f3i_l50","cfa",25,25,"x0.01","ML",1164458215,,"","",,"","",,"magmaan fit error [OptimizerNonConvergence] after 5000 iters  f=0.131656: nlopt Sequential Quadratic Programming (SQP) (local  derivative): evaluation budget exhausted without convergence",,FALSE,0.184155544324014,0.158382708740653,"psd_default:ok;psd_layered:fail;twostage_default:ok;twostage_layered_lbfgs:fail;witness:ok"
"psd_layered","psd_default","psd-ml","wolf","test","wolf_2f3i_l50","cfa",25,25,"x100","ML",1164458215,,"","",,"","",,"magmaan fit error [OptimizerNonConvergence] after 5000 iters  f=0.131656: nlopt Sequential Quadratic Programming (SQP) (local  derivative): evaluation budget exhausted without convergence",,FALSE,0.129745933875007,0.129745933875007,"psd_default:ok;psd_layered:fail;twostage_default:ok;twostage_layered_lbfgs:fail;witness:ok"
"psd_layered","psd_default","psd-ml","wolf","test","wolf_2f3i_l50","cfa",25,29,"mixed","ML",1164458219,0.34122838029672,"nonpositive_curvature","converged",4079,"layered","",TRUE,"",1,FALSE,0.312391211594927,0.257355472706041,"psd_default:ok;psd_layered:fail;twostage_default:ok;twostage_layered_lbfgs:fail;witness:ok"
"psd_layered","psd_default","psd-ml","wolf","test","wolf_2f3i_l50","cfa",25,29,"native","ML",1164458219,0.340746730452432,"nonpositive_curvature","converged",4129,"layered","",TRUE,"",1,FALSE,0.312391211594926,0.257355472706041,"psd_default:ok;psd_layered:fail;twostage_default:ok;twostage_layered_lbfgs:fail;witness:ok"
"psd_layered","psd_default","psd-ml","wolf","test","wolf_2f3i_l50","cfa",25,29,"x0.01","ML",1164458219,0.340746731719232,"nonpositive_curvature","converged",3556,"layered","",TRUE,"",1,FALSE,0.312391211594928,0.312391211594928,"psd_default:ok;psd_layered:fail;twostage_default:ok;twostage_layered_lbfgs:fail;witness:fail"
"psd_layered","psd_default","psd-ml","wolf","test","wolf_2f3i_l50","cfa",25,29,"x100","ML",1164458219,0.340746730871281,"nonpositive_curvature","converged",3901,"layered","",TRUE,"",1,FALSE,0.257355472706045,0.257355472706045,"psd_default:ok;psd_layered:fail;twostage_default:ok;twostage_layered_lbfgs:fail;witness:ok"
"psd_layered","psd_default","psd-ml","wolf","test","wolf_2f3i_l50","cfa",25,31,"native","ML",1164458342,0.221718888839515,"nonpositive_curvature","converged",2007,"layered","",TRUE,"",1,FALSE,0.158399287542864,0.158399287542864,"psd_default:ok;psd_layered:fail;twostage_default:ok;twostage_layered_lbfgs:fail;witness:fail"
"psd_layered","psd_default","psd-ml","wolf","test","wolf_2f3i_l50","cfa",25,4,"native","ML",2123586615,,"","",,"","",,"magmaan fit error [OptimizerNonConvergence] after 5000 iters  f=0.174858: nlopt Sequential Quadratic Programming (SQP) (local  derivative): evaluation budget exhausted without convergence",,FALSE,0.0940901852307983,0.0940901852307925,"psd_default:ok;psd_layered:fail;twostage_default:ok;twostage_layered_lbfgs:fail;witness:ok"
"psd_layered","psd_default","psd-ml","wolf","test","wolf_2f3i_l50","cfa",25,4,"x0.01","ML",2123586615,,"","",,"","",,"magmaan fit error [OptimizerNonConvergence] after 5000 iters  f=0.174858: nlopt Sequential Quadratic Programming (SQP) (local  derivative): evaluation budget exhausted without convergence",,FALSE,0.0940901852307938,0.0940901852307938,"psd_default:ok;psd_layered:fail;twostage_default:ok;twostage_layered_lbfgs:fail;witness:ok"
"psd_layered","psd_default","psd-ml","wolf","test","wolf_2f3i_l50","cfa",25,4,"x100","ML",2123586615,,"","",,"","",,"magmaan fit error [OptimizerNonConvergence] after 5000 iters  f=0.174858: nlopt Sequential Quadratic Programming (SQP) (local  derivative): evaluation budget exhausted without convergence",,FALSE,0.0940901852307867,0.0940901852307867,"psd_default:ok;psd_layered:fail;twostage_default:ok;twostage_layered_lbfgs:fail;witness:ok"
"psd_layered","psd_default","psd-ml","wolf","test","wolf_2f3i_l50","cfa",25,41,"native","ML",1164458473,,"","",,"","",,"magmaan fit error [OptimizerNonConvergence] after 5000 iters  f=0.242348: nlopt Sequential Quadratic Programming (SQP) (local  derivative): evaluation budget exhausted without convergence",,FALSE,0.182049866120872,0.182049866120866,"psd_default:ok;psd_layered:fail;twostage_default:ok;twostage_layered_lbfgs:fail;witness:ok"
"psd_layered","psd_default","psd-ml","wolf","test","wolf_2f3i_l50","cfa",25,41,"x0.01","ML",1164458473,,"","",,"","",,"magmaan fit error [OptimizerNonConvergence] after 5000 iters  f=0.242348: nlopt Sequential Quadratic Programming (SQP) (local  derivative): evaluation budget exhausted without convergence",,FALSE,0.182049866120884,0.182049866120863,"psd_default:ok;psd_layered:fail;twostage_default:ok;twostage_layered_lbfgs:fail;witness:ok"
"psd_layered","psd_default","psd-ml","wolf","test","wolf_2f3i_l50","cfa",25,41,"x100","ML",1164458473,,"","",,"","",,"magmaan fit error [OptimizerNonConvergence] after 5000 iters  f=0.242348: nlopt Sequential Quadratic Programming (SQP) (local  derivative): evaluation budget exhausted without convergence",,FALSE,0.18204986612086,0.18204986612086,"psd_default:ok;psd_layered:fail;twostage_default:ok;twostage_layered_lbfgs:fail;witness:ok"
"psd_layered","psd_default","psd-ml","wolf","test","wolf_2f3i_l50","cfa",25,49,"native","ML",1164458481,,"","",,"","",,"magmaan fit error [OptimizerNonConvergence] after 5000 iters  f=0.259675: nlopt Sequential Quadratic Programming (SQP) (local  derivative): evaluation budget exhausted without convergence",,FALSE,0.200710646232457,0.200710646232435,"psd_default:ok;psd_layered:fail;twostage_default:ok;twostage_layered_lbfgs:fail;witness:ok"
"psd_layered","psd_default","psd-ml","wolf","test","wolf_2f3i_l50","cfa",25,49,"x0.01","ML",1164458481,,"","",,"","",,"magmaan fit error [OptimizerNonConvergence] after 5000 iters  f=0.259675: nlopt Sequential Quadratic Programming (SQP) (local  derivative): evaluation budget exhausted without convergence",,FALSE,0.20071064623243,0.20071064623243,"psd_default:ok;psd_layered:fail;twostage_default:ok;twostage_layered_lbfgs:ok;witness:ok"
"psd_layered","psd_default","psd-ml","wolf","test","wolf_2f3i_l50","cfa",25,49,"x100","ML",1164458481,,"","",,"","",,"magmaan fit error [OptimizerNonConvergence] after 5000 iters  f=0.259675: nlopt Sequential Quadratic Programming (SQP) (local  derivative): evaluation budget exhausted without convergence",,FALSE,0.200710646232444,0.200710646232434,"psd_default:ok;psd_layered:fail;twostage_default:ok;twostage_layered_lbfgs:fail;witness:ok"
"psd_layered","psd_default","psd-ml","wolf","test","wolf_3f3i_l50","cfa",100,8,"native","ML",273494613,,"","",,"","",,"magmaan fit error [OptimizerNonConvergence] after 5000 iters  f=0.150968: nlopt Sequential Quadratic Programming (SQP) (local  derivative): evaluation budget exhausted without convergence",,FALSE,0.129956444779056,0.129956444779056,"psd_default:ok;psd_layered:fail;twostage_default:ok;twostage_layered_lbfgs:fail;witness:ok"
"psd_layered","psd_default","psd-ml","wolf","test","wolf_3f3i_l50","cfa",100,8,"x0.01","ML",273494613,,"","",,"","",,"magmaan fit error [OptimizerNonConvergence] after 5000 iters  f=0.150968: nlopt Sequential Quadratic Programming (SQP) (local  derivative): evaluation budget exhausted without convergence",,FALSE,0.129956444779069,0.129956444779069,"psd_default:ok;psd_layered:fail;twostage_default:ok;twostage_layered_lbfgs:fail;witness:ok"
"psd_layered","psd_default","psd-ml","wolf","test","wolf_3f3i_l50","cfa",100,8,"x100","ML",273494613,,"","",,"","",,"magmaan fit error [OptimizerNonConvergence] after 5000 iters  f=0.150968: nlopt Sequential Quadratic Programming (SQP) (local  derivative): evaluation budget exhausted without convergence",,FALSE,0.129956444779054,0.129956444779054,"psd_default:ok;psd_layered:fail;twostage_default:ok;twostage_layered_lbfgs:fail;witness:ok"
"psd_layered","psd_default","psd-ml","wolf","test","wolf_3f3i_l50","cfa",25,10,"mixed","ML",580529392,,"","",,"","",,"magmaan fit error [OptimizerNonConvergence] after 5000 iters  f=0.417042: nlopt Sequential Quadratic Programming (SQP) (local  derivative): evaluation budget exhausted without convergence",,FALSE,0.397979223697868,0.37962282163967,"psd_default:ok;psd_layered:fail;twostage_default:ok;twostage_layered_lbfgs:ok;witness:ok"
"psd_layered","psd_default","psd-ml","wolf","test","wolf_3f3i_l50","cfa",25,10,"native","ML",580529392,,"","",,"","",,"magmaan fit error [OptimizerNonConvergence] after 5000 iters  f=0.416948: nlopt Sequential Quadratic Programming (SQP) (local  derivative): evaluation budget exhausted without convergence",,FALSE,0.397979223697896,0.397979223697896,"psd_default:ok;psd_layered:fail;twostage_default:ok;twostage_layered_lbfgs:fail;witness:ok"
"psd_layered","psd_default","psd-ml","wolf","test","wolf_3f3i_l50","cfa",25,10,"x0.01","ML",580529392,,"","",,"","",,"magmaan fit error [OptimizerNonConvergence] after 5000 iters  f=0.416948: nlopt Sequential Quadratic Programming (SQP) (local  derivative): evaluation budget exhausted without convergence",,FALSE,0.397979223697888,0.39797922369786,"psd_default:ok;psd_layered:fail;twostage_default:ok;twostage_layered_lbfgs:fail;witness:ok"
"psd_layered","psd_default","psd-ml","wolf","test","wolf_3f3i_l50","cfa",25,10,"x100","ML",580529392,,"","",,"","",,"magmaan fit error [OptimizerNonConvergence] after 5000 iters  f=0.416948: nlopt Sequential Quadratic Programming (SQP) (local  derivative): evaluation budget exhausted without convergence",,FALSE,0.39797922369786,0.39797922369786,"psd_default:ok;psd_layered:fail;twostage_default:ok;twostage_layered_lbfgs:fail;witness:ok"
"psd_layered","psd_default","psd-ml","wolf","test","wolf_3f3i_l50","cfa",25,11,"native","ML",580529393,0.483063015213386,"available","converged",4300,"layered","",TRUE,"",1,FALSE,0.48083853664511,0.48083853664503,"psd_default:ok;psd_layered:fail;twostage_default:ok;twostage_layered_lbfgs:fail;witness:ok"
"psd_layered","psd_default","psd-ml","wolf","test","wolf_3f3i_l50","cfa",25,11,"x0.01","ML",580529393,,"","",,"","",,"magmaan fit error [OptimizerNonConvergence] after 5000 iters  f=0.483063: nlopt Sequential Quadratic Programming (SQP) (local  derivative): evaluation budget exhausted without convergence",,FALSE,0.480838536645052,0.480838536645052,"psd_default:ok;psd_layered:fail;twostage_default:ok;twostage_layered_lbfgs:fail;witness:ok"
"psd_layered","psd_default","psd-ml","wolf","test","wolf_3f3i_l50","cfa",25,11,"x100","ML",580529393,,"","",,"","",,"magmaan fit error [OptimizerNonConvergence] after 5000 iters  f=0.483072: nlopt Sequential Quadratic Programming (SQP) (local  derivative): evaluation budget exhausted without convergence",,FALSE,0.480838536645031,0.480838536645024,"psd_default:ok;psd_layered:fail;twostage_default:ok;twostage_layered_lbfgs:fail;witness:ok"
"psd_layered","psd_default","psd-ml","wolf","test","wolf_3f3i_l50","cfa",25,15,"native","ML",580529397,,"","",,"","",,"magmaan fit error [OptimizerNonConvergence] after 5000 iters  f=0.59272: nlopt Sequential Quadratic Programming (SQP) (local  derivative): evaluation budget exhausted without convergence",,FALSE,0.574405884239868,0.574405884239726,"psd_default:ok;psd_layered:fail;twostage_default:ok;twostage_layered_lbfgs:fail;witness:ok"
"psd_layered","psd_default","psd-ml","wolf","test","wolf_3f3i_l50","cfa",25,15,"x0.01","ML",580529397,,"","",,"","",,"magmaan fit error [OptimizerNonConvergence] after 5000 iters  f=0.59272: nlopt Sequential Quadratic Programming (SQP) (local  derivative): evaluation budget exhausted without convergence",,FALSE,0.57440588423971,0.57440588423971,"psd_default:ok;psd_layered:fail;twostage_default:ok;twostage_layered_lbfgs:fail;witness:ok"
"psd_layered","psd_default","psd-ml","wolf","test","wolf_3f3i_l50","cfa",25,15,"x100","ML",580529397,,"","",,"","",,"magmaan fit error [OptimizerNonConvergence] after 5000 iters  f=0.59272: nlopt Sequential Quadratic Programming (SQP) (local  derivative): evaluation budget exhausted without convergence",,FALSE,0.574405884239731,0.574405884239717,"psd_default:ok;psd_layered:fail;twostage_default:fail;twostage_layered_lbfgs:fail;witness:ok"
"psd_layered","psd_default","psd-ml","wolf","test","wolf_3f3i_l50","cfa",25,19,"mixed","ML",580529401,,"","",,"","",,"magmaan fit error [OptimizerNonConvergence] after 5000 iters  f=0.564585: nlopt Sequential Quadratic Programming (SQP) (local  derivative): evaluation budget exhausted without convergence",,FALSE,0.531667029580073,0.53166702958007,"psd_default:ok;psd_layered:fail;twostage_default:ok;twostage_layered_lbfgs:fail;witness:ok"
"psd_layered","psd_default","psd-ml","wolf","test","wolf_3f3i_l50","cfa",25,25,"mixed","ML",580529528,,"","",,"","",,"magmaan fit error [OptimizerNonConvergence] after 5000 iters  f=0.971221: nlopt Sequential Quadratic Programming (SQP) (local  derivative): evaluation budget exhausted without convergence",,FALSE,1.00760465018259,0.92659461769953,"psd_default:ok;psd_layered:fail;twostage_default:ok;twostage_layered_lbfgs:fail;witness:ok"
"psd_layered","psd_default","psd-ml","wolf","test","wolf_3f3i_l50","cfa",25,25,"native","ML",580529528,,"","",,"","",,"magmaan fit error [OptimizerNonConvergence] after 5000 iters  f=0.969687: nlopt Sequential Quadratic Programming (SQP) (local  derivative): evaluation budget exhausted without convergence",,FALSE,0.926594617699759,0.926594617699538,"psd_default:ok;psd_layered:fail;twostage_default:ok;twostage_layered_lbfgs:ok;witness:ok"
"psd_layered","psd_default","psd-ml","wolf","test","wolf_3f3i_l50","cfa",25,25,"x100","ML",580529528,,"","",,"","",,"magmaan fit error [OptimizerNonConvergence] after 5000 iters  f=0.97277: nlopt Sequential Quadratic Programming (SQP) (local  derivative): evaluation budget exhausted without convergence",,FALSE,0.926594617699529,0.926594617699529,"psd_default:ok;psd_layered:fail;twostage_default:ok;twostage_layered_lbfgs:ok;witness:ok"
"psd_layered","psd_default","psd-ml","wolf","test","wolf_3f3i_l50","cfa",25,27,"native","ML",580529530,,"","",,"","",,"magmaan fit error [OptimizerNonConvergence] after 5000 iters  f=0.555428: nlopt Sequential Quadratic Programming (SQP) (local  derivative): evaluation budget exhausted without convergence",,FALSE,0.575256818157878,0.524290628378931,"psd_default:ok;psd_layered:fail;twostage_default:fail;twostage_layered_lbfgs:fail;witness:ok"
"psd_layered","psd_default","psd-ml","wolf","test","wolf_3f3i_l50","cfa",25,30,"native","ML",580529654,,"","",,"","",,"magmaan fit error [OptimizerNonConvergence] after 5000 iters  f=1.10962: nlopt Sequential Quadratic Programming (SQP) (local  derivative): evaluation budget exhausted without convergence",,FALSE,0.882717826469357,0.882717826469263,"psd_default:ok;psd_layered:fail;twostage_default:ok;twostage_layered_lbfgs:fail;witness:ok"
"psd_layered","psd_default","psd-ml","wolf","test","wolf_3f3i_l50","cfa",25,30,"x100","ML",580529654,,"","",,"","",,"magmaan fit error [OptimizerNonConvergence] after 5000 iters  f=1.10962: nlopt Sequential Quadratic Programming (SQP) (local  derivative): evaluation budget exhausted without convergence",,FALSE,0.882717826469282,0.882717826469282,"psd_default:ok;psd_layered:fail;twostage_default:ok;twostage_layered_lbfgs:fail;witness:ok"
"psd_layered","psd_default","psd-ml","wolf","test","wolf_3f3i_l50","cfa",25,33,"mixed","ML",580529657,,"","",,"","",,"magmaan fit error [OptimizerNonConvergence] after 5000 iters  f=0.538886: nlopt Sequential Quadratic Programming (SQP) (local  derivative): evaluation budget exhausted without convergence",,FALSE,0.538883895654126,0.538883895654126,"psd_default:ok;psd_layered:fail;twostage_default:ok;twostage_layered_lbfgs:fail;witness:fail"
"psd_layered","psd_default","psd-ml","wolf","test","wolf_3f3i_l50","cfa",25,35,"native","ML",580529659,,"","",,"","",,"magmaan fit error [OptimizerNonConvergence] after 5000 iters  f=0.51955: nlopt Sequential Quadratic Programming (SQP) (local  derivative): evaluation budget exhausted without convergence",,FALSE,0.486445289991634,0.486445289991634,"psd_default:ok;psd_layered:fail;twostage_default:ok;twostage_layered_lbfgs:fail;witness:ok"
"psd_layered","psd_default","psd-ml","wolf","test","wolf_3f3i_l50","cfa",25,35,"x100","ML",580529659,,"","",,"","",,"magmaan fit error [OptimizerNonConvergence] after 5000 iters  f=0.51955: nlopt Sequential Quadratic Programming (SQP) (local  derivative): evaluation budget exhausted without convergence",,FALSE,0.4864452899917,0.486445289991643,"psd_default:ok;psd_layered:fail;twostage_default:ok;twostage_layered_lbfgs:ok;witness:ok"
"psd_layered","psd_default","psd-ml","wolf","test","wolf_3f3i_l50","cfa",25,40,"native","ML",580529785,,"","",,"","",,"magmaan fit error [OptimizerNonConvergence] after 5000 iters  f=0.624561: nlopt Sequential Quadratic Programming (SQP) (local  derivative): evaluation budget exhausted without convergence",,FALSE,0.604057659942211,0.562531635887059,"psd_default:ok;psd_layered:fail;twostage_default:ok;twostage_layered_lbfgs:fail;witness:ok"
"psd_layered","psd_default","psd-ml","wolf","test","wolf_3f3i_l50","cfa",25,40,"x0.01","ML",580529785,,"","",,"","",,"magmaan fit error [OptimizerNonConvergence] after 5000 iters  f=0.624562: nlopt Sequential Quadratic Programming (SQP) (local  derivative): evaluation budget exhausted without convergence",,FALSE,0.562531635887055,0.562531635887055,"psd_default:ok;psd_layered:fail;twostage_default:ok;twostage_layered_lbfgs:fail;witness:ok"
"psd_layered","psd_default","psd-ml","wolf","test","wolf_3f3i_l50","cfa",25,40,"x100","ML",580529785,,"","",,"","",,"magmaan fit error [OptimizerNonConvergence] after 5000 iters  f=0.624561: nlopt Sequential Quadratic Programming (SQP) (local  derivative): evaluation budget exhausted without convergence",,FALSE,0.562531635887048,0.562531635887048,"psd_default:ok;psd_layered:fail;twostage_default:ok;twostage_layered_lbfgs:fail;witness:ok"
"psd_layered","psd_default","psd-ml","wolf","test","wolf_3f3i_l50","cfa",25,48,"native","ML",580529793,,"","",,"","",,"magmaan fit error [OptimizerNonConvergence] after 5000 iters  f=0.575355: nlopt Sequential Quadratic Programming (SQP) (local  derivative): evaluation budget exhausted without convergence",,FALSE,0.573348425827069,0.573348425827069,"psd_default:ok;psd_layered:fail;twostage_default:ok;twostage_layered_lbfgs:fail;witness:fail"
"psd_layered","psd_default","psd-ml","wolf","test","wolf_3f3i_l50","cfa",25,48,"x100","ML",580529793,,"","",,"","",,"magmaan fit error [OptimizerNonConvergence] after 5000 iters  f=0.575355: nlopt Sequential Quadratic Programming (SQP) (local  derivative): evaluation budget exhausted without convergence",,FALSE,0.573348425827071,0.573348425827071,"psd_default:ok;psd_layered:fail;twostage_default:ok;twostage_layered_lbfgs:fail;witness:fail"
"psd_layered","psd_default","psd-ml","wolf","test","wolf_3f3i_l50","cfa",25,49,"native","ML",580529794,0.671926202607441,"nonpositive_curvature","converged",4272,"layered","",TRUE,"",1,FALSE,0.579305331745344,0.579305331745344,"psd_default:ok;psd_layered:fail;twostage_default:ok;twostage_layered_lbfgs:fail;witness:ok"
"psd_layered","psd_default","psd-ml","wolf","test","wolf_3f3i_l50","cfa",25,49,"x0.01","ML",580529794,0.627495654886864,"ill_conditioned","converged",209,"layered","",TRUE,"",1,FALSE,0.579305331745331,0.579305331745331,"psd_default:ok;psd_layered:fail;twostage_default:ok;twostage_layered_lbfgs:fail;witness:ok"
"psd_layered","psd_default","psd-ml","wolf","test","wolf_3f6i_l50","cfa",28,11,"x100","ML",2118228180,,"","",,"","",,"magmaan fit error [OptimizerNonConvergence] after 5000 iters  f=4.38777: nlopt Sequential Quadratic Programming (SQP) (local  derivative): evaluation budget exhausted without convergence",,FALSE,4.3877743123481,4.3877743123481,"psd_default:ok;psd_layered:fail;twostage_default:fail;twostage_layered_lbfgs:fail;witness:fail"
"psd_layered","psd_default","psd-ml","wolf","test","wolf_3f6i_l50","cfa",28,38,"x0.01","ML",2118228449,,"","",,"","",,"magmaan fit error [OptimizerNonConvergence] after 5000 iters  f=3.23405: nlopt Sequential Quadratic Programming (SQP) (local  derivative): evaluation budget exhausted without convergence",,FALSE,3.23404950862951,3.23404950862951,"psd_default:ok;psd_layered:fail;twostage_default:fail;twostage_layered_lbfgs:fail;witness:fail"
"twostage_default","psd_default","psd-ml","boomsma","test","boomsma_3CM","cfa",25,12,"x0.01","ML",1051834844,,"","",,"","psd:ordinary-inadmissible",,"OptimizerNonConvergence nlopt Sequential Quadratic Programming (SQP) (local  derivative): evaluation budget exhausted without convergence",,FALSE,0.0964708873830382,0.0964708873830205,"psd_default:ok;psd_layered:ok;twostage_default:fail;twostage_layered_lbfgs:fail;witness:ok"
"twostage_default","psd_default","psd-ml","boomsma","test","boomsma_3CM","cfa",25,12,"x100","ML",1051834844,,"","",,"","psd:ordinary-inadmissible",,"OptimizerNonConvergence nlopt Sequential Quadratic Programming (SQP) (local  derivative): evaluation budget exhausted without convergence",,FALSE,0.0964708873830311,0.0964708873830311,"psd_default:ok;psd_layered:ok;twostage_default:fail;twostage_layered_lbfgs:ok;witness:ok"
"twostage_default","psd_default","psd-ml","boomsma","test","boomsma_3CM","cfa",25,18,"x0.01","ML",1051834850,0.361285827974179,"nonpositive_curvature","converged",4228,"ordinary-estimates","psd:ordinary-rejected",TRUE,"",1,FALSE,0.149634081159302,0.149634081159299,"psd_default:ok;psd_layered:ok;twostage_default:fail;twostage_layered_lbfgs:fail;witness:ok"
"twostage_default","psd_default","psd-ml","boomsma","test","boomsma_3CS","cfa",100,32,"x100","ML",101230331,,"","",,"","psd:ordinary-rejected",,"OptimizerNonConvergence nlopt Sequential Quadratic Programming (SQP) (local  derivative): evaluation budget exhausted without convergence",,FALSE,0.0427817681427562,0.0427817681427562,"psd_default:ok;psd_layered:fail;twostage_default:fail;twostage_layered_lbfgs:ok;witness:ok"
"twostage_default","psd_default","psd-ml","boomsma","test","boomsma_3CS","cfa",25,1,"x100","ML",1310786761,,"","",,"","psd:ordinary-rejected",,"OptimizerNonConvergence nlopt Sequential Quadratic Programming (SQP) (local  derivative): evaluation budget exhausted without convergence",,FALSE,0.120908983576722,0.109064593327886,"psd_default:ok;psd_layered:ok;twostage_default:fail;twostage_layered_lbfgs:fail;witness:ok"
"twostage_default","psd_default","psd-ml","boomsma","test","boomsma_3CS","cfa",25,28,"mixed","ML",2061859187,,"","",,"","psd:ordinary-rejected",,"OptimizerNonConvergence nlopt Sequential Quadratic Programming (SQP) (local  derivative): evaluation budget exhausted without convergence",,FALSE,0.254471028846672,0.254471028846671,"psd_default:ok;psd_layered:ok;twostage_default:fail;twostage_layered_lbfgs:ok;witness:ok"
"twostage_default","psd_default","psd-ml","boomsma","test","boomsma_3CS","cfa",25,48,"x0.01","ML",2061859449,0.260824276385176,"ill_conditioned","converged",320,"ordinary-estimates","psd:ordinary-rejected",TRUE,"",1,FALSE,0.295886326058497,0.254625312749035,"psd_default:ok;psd_layered:ok;twostage_default:fail;twostage_layered_lbfgs:fail;witness:ok"
"twostage_default","psd_default","psd-ml","boomsma","test","boomsma_3UM","cfa",25,10,"x0.01","ML",706876435,,"","",,"","psd:ordinary-rejected",,"OptimizerNonConvergence nlopt Sequential Quadratic Programming (SQP) (local  derivative): evaluation budget exhausted without convergence",,FALSE,0.175713867927197,0.175713867927186,"psd_default:ok;psd_layered:ok;twostage_default:fail;twostage_layered_lbfgs:fail;witness:ok"
"twostage_default","psd_default","psd-ml","boomsma","test","boomsma_3UM","cfa",25,10,"x100","ML",706876435,,"","",,"","psd:ordinary-rejected",,"OptimizerNonConvergence nlopt Sequential Quadratic Programming (SQP) (local  derivative): evaluation budget exhausted without convergence",,FALSE,0.175713867927193,0.17571386792719,"psd_default:ok;psd_layered:ok;twostage_default:fail;twostage_layered_lbfgs:ok;witness:ok"
"twostage_default","psd_default","psd-ml","boomsma","test","boomsma_3UM","cfa",25,29,"x0.01","ML",706876575,0.560255809125199,"nonpositive_curvature","converged",4657,"ordinary-estimates","psd:ordinary-inadmissible",TRUE,"",1,FALSE,0.236550501743221,0.236550501743221,"psd_default:ok;psd_layered:ok;twostage_default:fail;twostage_layered_lbfgs:fail;witness:ok"
"twostage_default","psd_default","psd-ml","boomsma","test","boomsma_3UM","cfa",25,40,"x0.01","ML",706876828,,"","",,"","psd:ordinary-rejected",,"OptimizerNonConvergence nlopt Sequential Quadratic Programming (SQP) (local  derivative): evaluation budget exhausted without convergence",,FALSE,0.325914841344208,0.325914841344208,"psd_default:ok;psd_layered:ok;twostage_default:fail;twostage_layered_lbfgs:fail;witness:ok"
"twostage_default","psd_default","psd-ml","boomsma","test","boomsma_3UM","cfa",25,42,"x0.01","ML",706876830,,"","",,"","psd:ordinary-rejected",,"OptimizerNonConvergence nlopt Sequential Quadratic Programming (SQP) (local  derivative): evaluation budget exhausted without convergence",,FALSE,0.322595505603676,0.322595505603655,"psd_default:ok;psd_layered:ok;twostage_default:fail;twostage_layered_lbfgs:fail;witness:ok"
"twostage_default","psd_default","psd-ml","boomsma","test","boomsma_3US","cfa",100,16,"native","ML",8834965,,"","",,"","psd:ordinary-rejected",,"OptimizerNonConvergence nlopt Sequential Quadratic Programming (SQP) (local  derivative): evaluation budget exhausted without convergence",,FALSE,0.0918865480057267,0.0918865480057249,"psd_default:ok;psd_layered:ok;twostage_default:fail;twostage_layered_lbfgs:ok;witness:ok"
"twostage_default","psd_default","psd-ml","boomsma","test","boomsma_3US","cfa",100,22,"x0.01","ML",8835092,,"","",,"","psd:ordinary-rejected",,"OptimizerNonConvergence nlopt Sequential Quadratic Programming (SQP) (local  derivative): evaluation budget exhausted without convergence",,FALSE,0.0139289615365001,0.0139289615365001,"psd_default:ok;psd_layered:ok;twostage_default:fail;twostage_layered_lbfgs:ok;witness:ok"
"twostage_default","psd_default","psd-ml","boomsma","test","boomsma_3US","cfa",100,27,"x0.01","ML",8835097,,"","",,"","psd:ordinary-rejected",,"OptimizerNonConvergence nlopt Sequential Quadratic Programming (SQP) (local  derivative): evaluation budget exhausted without convergence",,FALSE,0.0430882592435395,0.0430882592435395,"psd_default:ok;psd_layered:ok;twostage_default:fail;twostage_layered_lbfgs:ok;witness:ok"
"twostage_default","psd_default","psd-ml","boomsma","test","boomsma_3US","cfa",100,29,"x0.01","ML",8835099,,"","",,"","psd:ordinary-rejected",,"OptimizerNonConvergence nlopt Sequential Quadratic Programming (SQP) (local  derivative): evaluation budget exhausted without convergence",,FALSE,0.0158113908073503,0.0158113908073432,"psd_default:ok;psd_layered:ok;twostage_default:fail;twostage_layered_lbfgs:ok;witness:ok"
"twostage_default","psd_default","psd-ml","boomsma","test","boomsma_3US","cfa",100,38,"x100","ML",8835229,,"","",,"","psd:ordinary-rejected",,"OptimizerNonConvergence nlopt Sequential Quadratic Programming (SQP) (local  derivative): evaluation budget exhausted without convergence",,FALSE,0.0755444503588087,0.0755444503588052,"psd_default:ok;psd_layered:ok;twostage_default:fail;twostage_layered_lbfgs:fail;witness:ok"
"twostage_default","psd_default","psd-ml","boomsma","test","boomsma_3US","cfa",25,28,"x0.01","ML",1716900780,0.227072356960733,"ill_conditioned","converged",52,"ordinary-estimates","psd:ordinary-rejected",TRUE,"",1,FALSE,0.225814538750466,0.225814538750459,"psd_default:ok;psd_layered:ok;twostage_default:fail;twostage_layered_lbfgs:ok;witness:ok"
"twostage_default","psd_default","psd-ml","boomsma","test","boomsma_3US","cfa",25,29,"native","ML",1716900781,,"","",,"","psd:ordinary-rejected",,"OptimizerNonConvergence nlopt Sequential Quadratic Programming (SQP) (local  derivative): evaluation budget exhausted without convergence",,FALSE,0.175019410480958,0.175019410480958,"psd_default:ok;psd_layered:ok;twostage_default:fail;twostage_layered_lbfgs:fail;witness:ok"
"twostage_default","psd_default","psd-ml","boomsma","test","boomsma_3US","cfa",25,3,"mixed","ML",45892123,,"","",,"","psd:ordinary-rejected",,"OptimizerNonConvergence nlopt Sequential Quadratic Programming (SQP) (local  derivative): evaluation budget exhausted without convergence",,FALSE,0.103451091000252,0.103451091000248,"psd_default:ok;psd_layered:ok;twostage_default:fail;twostage_layered_lbfgs:ok;witness:ok"
"twostage_default","psd_default","psd-ml","boomsma","test","boomsma_3US","cfa",25,42,"mixed","ML",1716901036,0.357552266138916,"nonpositive_curvature","converged",4195,"ordinary-estimates","psd:ordinary-rejected",TRUE,"",1,FALSE,0.121557958635085,0.121557958635085,"psd_default:ok;psd_layered:ok;twostage_default:fail;twostage_layered_lbfgs:ok;witness:ok"
"twostage_default","psd_default","psd-ml","boomsma","test","boomsma_3US","cfa",25,49,"x100","ML",1716901043,,"","",,"","psd:ordinary-rejected",,"OptimizerNonConvergence nlopt Sequential Quadratic Programming (SQP) (local  derivative): evaluation budget exhausted without convergence",,FALSE,0.137774218117258,0.137774218117258,"psd_default:ok;psd_layered:fail;twostage_default:fail;twostage_layered_lbfgs:ok;witness:ok"
"twostage_default","psd_default","psd-ml","boomsma","test","boomsma_4CM","cfa",25,44,"x0.01","ML",92265009,0.484371696709836,"ill_conditioned","converged",234,"ordinary-estimates","psd:ordinary-rejected",TRUE,"",1,FALSE,0.484371696709829,0.484371696709829,"psd_default:ok;psd_layered:ok;twostage_default:fail;twostage_layered_lbfgs:fail;witness:fail"
"twostage_default","psd_default","psd-ml","boomsma","test","boomsma_4CS","cfa",25,26,"mixed","ML",1102288955,0.346874010321265,"available","converged",3447,"ordinary-estimates","psd:ordinary-rejected",TRUE,"",1,FALSE,0.502383546241863,0.502383546241863,"psd_default:ok;psd_layered:fail;twostage_default:fail;twostage_layered_lbfgs:fail;witness:fail"
"twostage_default","psd_default","psd-ml","boomsma","test","boomsma_4CS","cfa",25,34,"mixed","ML",1102289084,,"","",,"","psd:ordinary-rejected",,"OptimizerNonConvergence nlopt Sequential Quadratic Programming (SQP) (local  derivative): evaluation budget exhausted without convergence",,FALSE,0.776933531851939,0.776933531851767,"psd_default:ok;psd_layered:ok;twostage_default:fail;twostage_layered_lbfgs:ok;witness:ok"
"twostage_default","psd_default","psd-ml","boomsma","test","boomsma_4CS","cfa",25,34,"x0.01","ML",1102289084,,"","",,"","psd:ordinary-rejected",,"OptimizerNonConvergence nlopt Sequential Quadratic Programming (SQP) (local  derivative): evaluation budget exhausted without convergence",,FALSE,0.776933531851853,0.776933531851775,"psd_default:ok;psd_layered:ok;twostage_default:fail;twostage_layered_lbfgs:fail;witness:ok"
"twostage_default","psd_default","psd-ml","boomsma","test","boomsma_4CS","cfa",25,8,"mixed","ML",1172317766,,"","",,"","psd:ordinary-rejected",,"OptimizerNonConvergence nlopt Sequential Quadratic Programming (SQP) (local  derivative): evaluation budget exhausted without convergence",,FALSE,0.417914769359291,0.417914769359291,"psd_default:ok;psd_layered:ok;twostage_default:fail;twostage_layered_lbfgs:ok;witness:fail"
"twostage_default","psd_default","psd-ml","boomsma","test","boomsma_4UM","cfa",25,5,"x100","ML",358717149,,"","",,"","psd:ordinary-rejected",,"OptimizerNonConvergence nlopt Sequential Quadratic Programming (SQP) (local  derivative): evaluation budget exhausted without convergence",,FALSE,0.496675979726589,0.496675979726589,"psd_default:ok;psd_layered:ok;twostage_default:fail;twostage_layered_lbfgs:ok;witness:ok"
"twostage_default","psd_default","psd-ml","boomsma","test","boomsma_4US","cfa",25,12,"native","ML",757330413,,"","",,"","psd:ordinary-inadmissible",,"OptimizerNonConvergence nlopt Sequential Quadratic Programming (SQP) (local  derivative): evaluation budget exhausted without convergence",,FALSE,0.579744537121098,0.57974453712105,"psd_default:ok;psd_layered:ok;twostage_default:fail;twostage_layered_lbfgs:fail;witness:ok"
"twostage_default","psd_default","psd-ml","boomsma","test","boomsma_4US","cfa",25,12,"x0.01","ML",757330413,0.621750267816196,"nonpositive_curvature","converged",4299,"ordinary-estimates","psd:ordinary-inadmissible",TRUE,"",1,FALSE,0.579744537121051,0.579744537121051,"psd_default:ok;psd_layered:ok;twostage_default:fail;twostage_layered_lbfgs:fail;witness:ok"
"twostage_default","psd_default","psd-ml","boomsma","test","boomsma_4US","cfa",25,12,"x100","ML",757330413,0.621750264924572,"available","converged",4721,"ordinary-estimates","psd:ordinary-inadmissible",TRUE,"",1,FALSE,0.579744537121037,0.579744537121037,"psd_default:ok;psd_layered:ok;twostage_default:fail;twostage_layered_lbfgs:fail;witness:ok"
"twostage_default","psd_default","psd-ml","boomsma","test","boomsma_4US","cfa",25,19,"native","ML",757330420,,"","",,"","psd:ordinary-inadmissible",,"OptimizerNonConvergence nlopt Sequential Quadratic Programming (SQP) (local  derivative): evaluation budget exhausted without convergence",,FALSE,0.371668429645327,0.34439310818259,"psd_default:ok;psd_layered:ok;twostage_default:fail;twostage_layered_lbfgs:fail;witness:ok"
"twostage_default","psd_default","psd-ml","boomsma","test","boomsma_4US","cfa",25,19,"x100","ML",757330420,0.403097932180742,"nonpositive_curvature","converged",4683,"ordinary-estimates","psd:ordinary-inadmissible",TRUE,"",1,FALSE,0.371668429645354,0.344393108182594,"psd_default:ok;psd_layered:ok;twostage_default:fail;twostage_layered_lbfgs:fail;witness:ok"
"twostage_default","psd_default","psd-ml","boomsma","test","boomsma_4US","cfa",25,27,"x0.01","ML",757330549,,"","",,"","psd:ordinary-rejected",,"OptimizerNonConvergence nlopt Sequential Quadratic Programming (SQP) (local  derivative): evaluation budget exhausted without convergence",,FALSE,0.518328172469296,0.518328172469289,"psd_default:ok;psd_layered:ok;twostage_default:fail;twostage_layered_lbfgs:ok;witness:ok"
"twostage_default","psd_default","psd-ml","boomsma","test","boomsma_4US","cfa",25,31,"x100","ML",757330674,,"","",,"","psd:ordinary-rejected",,"OptimizerNonConvergence nlopt Sequential Quadratic Programming (SQP) (local  derivative): evaluation budget exhausted without convergence",,FALSE,0.355672863964521,0.3556728639645,"psd_default:ok;psd_layered:ok;twostage_default:fail;twostage_layered_lbfgs:ok;witness:ok"
"twostage_default","psd_default","psd-ml","boomsma","test","boomsma_4US","cfa",25,32,"x0.01","ML",757330675,,"","",,"","psd:ordinary-inadmissible",,"OptimizerNonConvergence nlopt Sequential Quadratic Programming (SQP) (local  derivative): evaluation budget exhausted without convergence",,FALSE,0.68888181427382,0.63183914426898,"psd_default:ok;psd_layered:ok;twostage_default:fail;twostage_layered_lbfgs:fail;witness:ok"
"twostage_default","psd_default","psd-ml","boomsma","test","boomsma_4US","cfa",25,42,"mixed","ML",757330806,,"","",,"","psd:ordinary-inadmissible",,"OptimizerNonConvergence nlopt Sequential Quadratic Programming (SQP) (local  derivative): evaluation budget exhausted without convergence",,FALSE,0.525859434182504,0.525859434182445,"psd_default:ok;psd_layered:fail;twostage_default:fail;twostage_layered_lbfgs:fail;witness:ok"
"twostage_default","psd_default","psd-ml","constrained","test","eqcfa_l40","equal_loadings_residuals",25,30,"native","ML",861019493,,"","",,"","psd:ordinary-rejected",,"OptimizerNonConvergence PSD lift finalization could not round-trip the terminal covariance links into ordinary partable coordinates",,FALSE,0.897858317643095,0.897858317643093,"psd_default:ok;psd_layered:ok;twostage_default:fail;twostage_layered_lbfgs:ok;witness:ok"
"twostage_default","psd_default","psd-ml","constrained","test","eqcfa_l40","equal_loadings_residuals",25,7,"native","ML",875401926,,"","",,"","psd:ordinary-inadmissible",,"OptimizerNonConvergence PSD lift finalization could not round-trip the terminal covariance links into ordinary partable coordinates",,FALSE,0.857972082116141,0.857972082116061,"psd_default:ok;psd_layered:ok;twostage_default:fail;twostage_layered_lbfgs:fail;witness:ok"
"twostage_default","psd_default","psd-ml","constrained","test","eqcfa_l40","equal_loadings_residuals",25,7,"x0.01","ML",875401926,0.857975815427281,"available","converged",2797,"ordinary-estimates","psd:ordinary-rejected",TRUE,"",1,FALSE,0.857972082116135,0.857972082116056,"psd_default:ok;psd_layered:fail;twostage_default:fail;twostage_layered_lbfgs:ok;witness:ok"
"twostage_default","psd_default","psd-ml","constrained","test","eqchain_b20","equal_paths_disturbances",25,4,"x0.01","ML",1930815231,6020.949201101,"unavailable","converged",2948,"ordinary-estimates","psd:ordinary-rejected",FALSE,"",1,FALSE,1.77306731227368,1.77306731227367,"psd_default:ok;psd_layered:ok;twostage_default:fail;twostage_layered_lbfgs:ok;witness:ok"
"twostage_default","psd_default","psd-ml","constrained","test","eqchain_b20","equal_paths",25,30,"x0.01","ML",1681210585,,"","",,"","psd:ordinary-rejected",,"OptimizerNonConvergence nlopt Sequential Quadratic Programming (SQP) (local  derivative): evaluation budget exhausted without convergence",,FALSE,1.51910024682889,1.51910024682888,"psd_default:ok;psd_layered:ok;twostage_default:fail;twostage_layered_lbfgs:ok;witness:ok"
"twostage_default","psd_default","psd-ml","constrained","test","eqchain_b20","equal_paths",25,5,"x0.01","ML",1930815232,,"","",,"","psd:ordinary-rejected",,"OptimizerNonConvergence nlopt Sequential Quadratic Programming (SQP) (local  derivative): evaluation budget exhausted without convergence",,FALSE,1.42891988907534,1.42891988907527,"psd_default:ok;psd_layered:ok;twostage_default:fail;twostage_layered_lbfgs:ok;witness:ok"
"twostage_default","psd_default","psd-ml","constrained","test","eqchain_b20","equal_paths",25,9,"x0.01","ML",1930815236,,"","",,"","psd:ordinary-rejected",,"OptimizerNonConvergence nlopt Sequential Quadratic Programming (SQP) (local  derivative): evaluation budget exhausted without convergence",,FALSE,1.44955993423801,1.44955993423801,"psd_default:ok;psd_layered:ok;twostage_default:fail;twostage_layered_lbfgs:ok;witness:ok"
"twostage_default","psd_default","psd-ml","constrained","test","eqchain_b50","equal_paths_disturbances",25,31,"x0.01","ML",1265803580,1.52854073490906,"nonpositive_curvature","converged",27,"ordinary-estimates","psd:ordinary-rejected",TRUE,"",1,FALSE,1.45773753336823,1.45773753336823,"psd_default:ok;psd_layered:ok;twostage_default:fail;twostage_layered_lbfgs:ok;witness:ok"
"twostage_default","psd_default","psd-ml","constrained","test","eqchain_b50","equal_paths",25,32,"x0.01","ML",1265803581,,"","",,"","psd:ordinary-rejected",,"OptimizerNonConvergence nlopt Sequential Quadratic Programming (SQP) (local  derivative): evaluation budget exhausted without convergence",,FALSE,1.20336682663563,1.20336682663562,"psd_default:ok;psd_layered:ok;twostage_default:fail;twostage_layered_lbfgs:ok;witness:ok"
"twostage_default","psd_default","psd-ml","constrained","test","eqchain_b50","equal_paths",25,41,"x0.01","ML",1265803711,,"","",,"","psd:ordinary-rejected",,"OptimizerNonConvergence nlopt Sequential Quadratic Programming (SQP) (local  derivative): evaluation budget exhausted without convergence",,FALSE,1.5874434038067,1.58744340380667,"psd_default:ok;psd_layered:ok;twostage_default:fail;twostage_layered_lbfgs:ok;witness:ok"
"twostage_default","psd_default","psd-ml","constrained","test","eqchain_b50","equal_paths",25,8,"x0.01","ML",288343709,,"","",,"","psd:ordinary-rejected",,"OptimizerNonConvergence nlopt Sequential Quadratic Programming (SQP) (local  derivative): evaluation budget exhausted without convergence",,FALSE,0.928882609989195,0.928882609989195,"psd_default:ok;psd_layered:ok;twostage_default:fail;twostage_layered_lbfgs:ok;witness:ok"
"twostage_default","psd_default","psd-ml","constrained","test","eqmean","equal_intercepts_residuals",100,17,"x0.01","ML",1561709205,,"","",,"","psd:ordinary-inadmissible",,"OptimizerNonConvergence nlopt Sequential Quadratic Programming (SQP) (local  derivative): evaluation budget exhausted without convergence",,FALSE,0.226488365864146,0.226488365864146,"psd_default:ok;psd_layered:ok;twostage_default:fail;twostage_layered_lbfgs:ok;witness:ok"
"twostage_default","psd_default","psd-ml","constrained","test","eqmean","equal_intercepts_residuals",100,22,"x0.01","ML",1561709331,0.331785770489524,"nonpositive_curvature","converged",1453,"ordinary-estimates","psd:ordinary-rejected",TRUE,"",1,FALSE,0.223818896466636,0.223818896466625,"psd_default:ok;psd_layered:ok;twostage_default:fail;twostage_layered_lbfgs:ok;witness:ok"
"twostage_default","psd_default","psd-ml","constrained","test","eqmean","equal_intercepts_residuals",100,27,"x0.01","ML",1561709336,0.167485561671855,"nonpositive_curvature","converged",3607,"ordinary-estimates","psd:ordinary-inadmissible",TRUE,"",1,FALSE,0.143440866940018,0.143440866940018,"psd_default:ok;psd_layered:ok;twostage_default:fail;twostage_layered_lbfgs:ok;witness:ok"
"twostage_default","psd_default","psd-ml","constrained","test","eqmean","equal_intercepts_residuals",100,28,"x0.01","ML",1561709337,0.294636644282501,"available","converged",1974,"ordinary-estimates","psd:ordinary-rejected",TRUE,"",1,FALSE,0.270982237476775,0.270982237476775,"psd_default:ok;psd_layered:ok;twostage_default:fail;twostage_layered_lbfgs:ok;witness:ok"
"twostage_default","psd_default","psd-ml","constrained","test","eqmean","equal_intercepts_residuals",100,33,"x0.01","ML",1561709463,,"","",,"","psd:ordinary-inadmissible",,"OptimizerNonConvergence nlopt Sequential Quadratic Programming (SQP) (local  derivative): evaluation budget exhausted without convergence",,FALSE,0.210169871598987,0.210169871598987,"psd_default:ok;psd_layered:ok;twostage_default:fail;twostage_layered_lbfgs:ok;witness:ok"
"twostage_default","psd_default","psd-ml","constrained","test","eqmean","equal_intercepts_residuals",100,34,"x0.01","ML",1561709464,,"","",,"","psd:ordinary-rejected",,"OptimizerNonConvergence nlopt Sequential Quadratic Programming (SQP) (local  derivative): evaluation budget exhausted without convergence",,FALSE,0.211719107162878,0.21171910659635,"psd_default:ok;psd_layered:ok;twostage_default:fail;twostage_layered_lbfgs:ok;witness:ok"
"twostage_default","psd_default","psd-ml","constrained","test","eqmean","equal_intercepts_residuals",100,43,"x0.01","ML",1561709594,0.298899167650127,"nonpositive_curvature","converged",3959,"ordinary-estimates","psd:ordinary-rejected",TRUE,"",1,FALSE,0.255969655214265,0.255969655214265,"psd_default:ok;psd_layered:ok;twostage_default:fail;twostage_layered_lbfgs:ok;witness:ok"
"twostage_default","psd_default","psd-ml","constrained","test","eqmean","equal_intercepts_residuals",25,10,"x0.01","ML",1466466566,0.702070543046055,"nonpositive_curvature","converged",4672,"ordinary-estimates","psd:ordinary-inadmissible",TRUE,"",1,FALSE,0.668708131607948,0.668708131607948,"psd_default:ok;psd_layered:ok;twostage_default:fail;twostage_layered_lbfgs:ok;witness:ok"
"twostage_default","psd_default","psd-ml","constrained","test","eqmean","equal_intercepts_residuals",25,12,"x0.01","ML",1466466568,1.09076794106407,"nonpositive_curvature","converged",2292,"ordinary-estimates","psd:ordinary-inadmissible",TRUE,"",1,FALSE,1.08859817277284,1.08859817277282,"psd_default:ok;psd_layered:ok;twostage_default:fail;twostage_layered_lbfgs:fail;witness:ok"
"twostage_default","psd_default","psd-ml","constrained","test","eqmean","equal_intercepts_residuals",25,14,"x0.01","ML",1466466570,0.638762964920546,"nonpositive_curvature","converged",2797,"ordinary-estimates","psd:ordinary-rejected",TRUE,"",1,FALSE,0.561525330637509,0.561525330637509,"psd_default:ok;psd_layered:ok;twostage_default:fail;twostage_layered_lbfgs:ok;witness:ok"
"twostage_default","psd_default","psd-ml","constrained","test","eqmean","equal_intercepts_residuals",25,17,"native","ML",1466466573,,"","",,"","psd:ordinary-rejected",,"OptimizerNonConvergence nlopt Sequential Quadratic Programming (SQP) (local  derivative): evaluation budget exhausted without convergence",,FALSE,0.699951128583704,0.688833852798806,"psd_default:ok;psd_layered:ok;twostage_default:fail;twostage_layered_lbfgs:ok;witness:ok"
"twostage_default","psd_default","psd-ml","constrained","test","eqmean","equal_intercepts_residuals",25,19,"native","ML",1466466575,,"","",,"","psd:ordinary-rejected",,"OptimizerNonConvergence nlopt Sequential Quadratic Programming (SQP) (local  derivative): evaluation budget exhausted without convergence",,FALSE,0.709362679759611,0.709362671359396,"psd_default:ok;psd_layered:ok;twostage_default:fail;twostage_layered_lbfgs:ok;witness:fail"
"twostage_default","psd_default","psd-ml","constrained","test","eqmean","equal_intercepts_residuals",25,27,"x0.01","ML",1466466704,1.12611299047869,"available","converged",2201,"ordinary-estimates","psd:ordinary-rejected",TRUE,"",1,FALSE,0.979031684562416,0.979031684562399,"psd_default:ok;psd_layered:ok;twostage_default:fail;twostage_layered_lbfgs:ok;witness:ok"
"twostage_default","psd_default","psd-ml","constrained","test","eqmean","equal_intercepts_residuals",25,31,"x0.01","ML",1466466829,0.709154749529142,"nonpositive_curvature","converged",3053,"ordinary-estimates","psd:ordinary-rejected",TRUE,"",1,FALSE,0.655403229777197,0.655403229777193,"psd_default:ok;psd_layered:ok;twostage_default:fail;twostage_layered_lbfgs:ok;witness:ok"
"twostage_default","psd_default","psd-ml","constrained","test","eqmean","equal_intercepts_residuals",25,33,"x0.01","ML",1466466831,0.621568063516434,"nonpositive_curvature","converged",1922,"ordinary-estimates","psd:ordinary-inadmissible",TRUE,"",1,FALSE,0.522714570829139,0.522714570829131,"psd_default:ok;psd_layered:fail;twostage_default:fail;twostage_layered_lbfgs:fail;witness:ok"
"twostage_default","psd_default","psd-ml","constrained","test","eqmean","equal_intercepts_residuals",25,39,"x0.01","ML",1466466837,0.684820309495362,"ill_conditioned","converged",61,"ordinary-estimates","psd:ordinary-rejected",TRUE,"",1,FALSE,0.638818023826387,0.638818023826387,"psd_default:ok;psd_layered:ok;twostage_default:fail;twostage_layered_lbfgs:ok;witness:ok"
"twostage_default","psd_default","psd-ml","constrained","test","eqmean","equal_intercepts_residuals",25,41,"x0.01","ML",1466466960,1.16688229639706,"nonpositive_curvature","converged",2387,"ordinary-estimates","psd:ordinary-rejected",TRUE,"",1,FALSE,1.12226548624121,1.12226548624121,"psd_default:ok;psd_layered:ok;twostage_default:fail;twostage_layered_lbfgs:fail;witness:ok"
"twostage_default","psd_default","psd-ml","constrained","test","eqmean","equal_intercepts_residuals",25,43,"x0.01","ML",1466466962,1.23170901078892,"nonpositive_curvature","converged",3566,"ordinary-estimates","psd:ordinary-rejected",TRUE,"",1,FALSE,1.03005139109111,1.0300513910911,"psd_default:ok;psd_layered:fail;twostage_default:fail;twostage_layered_lbfgs:fail;witness:ok"
"twostage_default","psd_default","psd-ml","constrained","test","eqmean","equal_intercepts_residuals",25,8,"x0.01","ML",1076739720,0.949405273660299,"nonpositive_curvature","converged",3194,"ordinary-estimates","psd:ordinary-rejected",TRUE,"",1,FALSE,0.900711940029681,0.900711940029674,"psd_default:ok;psd_layered:ok;twostage_default:fail;twostage_layered_lbfgs:ok;witness:ok"
"twostage_default","psd_default","psd-ml","constrained","test","eqmean","equal_intercepts_residuals",25,9,"x0.01","ML",1076739721,0.801684120402848,"nonpositive_curvature","converged",1969,"ordinary-estimates","psd:ordinary-rejected",TRUE,"",1,FALSE,0.743738935063551,0.743738935063512,"psd_default:ok;psd_layered:ok;twostage_default:fail;twostage_layered_lbfgs:ok;witness:ok"
"twostage_default","psd_default","psd-ml","constrained","test","eqmean","equal_intercepts",100,22,"x0.01","ML",1561709331,0.234455563451858,"nonpositive_curvature","converged",4290,"ordinary-estimates","psd:ordinary-rejected",TRUE,"",1,FALSE,0.214450877416988,0.214450877416988,"psd_default:ok;psd_layered:ok;twostage_default:fail;twostage_layered_lbfgs:ok;witness:ok"
"twostage_default","psd_default","psd-ml","constrained","test","eqmean","equal_intercepts",100,24,"x0.01","ML",1561709333,,"","",,"","psd:ordinary-rejected",,"OptimizerNonConvergence nlopt Sequential Quadratic Programming (SQP) (local  derivative): evaluation budget exhausted without convergence",,FALSE,0.110230844339487,0.11023084433948,"psd_default:ok;psd_layered:ok;twostage_default:fail;twostage_layered_lbfgs:ok;witness:ok"
"twostage_default","psd_default","psd-ml","constrained","test","eqmean","equal_intercepts",100,28,"x0.01","ML",1561709337,,"","",,"","psd:ordinary-rejected",,"OptimizerNonConvergence nlopt Sequential Quadratic Programming (SQP) (local  derivative): evaluation budget exhausted without convergence",,FALSE,0.250561763659142,0.250561763659135,"psd_default:ok;psd_layered:ok;twostage_default:fail;twostage_layered_lbfgs:ok;witness:ok"
"twostage_default","psd_default","psd-ml","constrained","test","eqmean","equal_intercepts",100,3,"x0.01","ML",1159431782,,"","",,"","psd:ordinary-rejected",,"OptimizerNonConvergence nlopt Sequential Quadratic Programming (SQP) (local  derivative): evaluation budget exhausted without convergence",,FALSE,0.148062114987192,0.148062114987188,"psd_default:ok;psd_layered:ok;twostage_default:fail;twostage_layered_lbfgs:ok;witness:ok"
"twostage_default","psd_default","psd-ml","constrained","test","eqmean","equal_intercepts",100,33,"x100","ML",1561709463,,"","",,"","psd:ordinary-rejected",,"OptimizerNonConvergence nlopt Sequential Quadratic Programming (SQP) (local  derivative): evaluation budget exhausted without convergence",,FALSE,0.152104262314815,0.152104262314815,"psd_default:ok;psd_layered:ok;twostage_default:fail;twostage_layered_lbfgs:ok;witness:ok"
"twostage_default","psd_default","psd-ml","constrained","test","eqmean","equal_intercepts",100,44,"native","ML",1561709595,,"","",,"","psd:ordinary-rejected",,"OptimizerNonConvergence nlopt Sequential Quadratic Programming (SQP) (local  derivative): evaluation budget exhausted without convergence",,FALSE,0.289087465531164,0.289087465531164,"psd_default:ok;psd_layered:ok;twostage_default:fail;twostage_layered_lbfgs:fail;witness:fail"
"twostage_default","psd_default","psd-ml","constrained","test","eqmean","equal_intercepts",100,44,"x100","ML",1561709595,,"","",,"","psd:ordinary-rejected",,"OptimizerNonConvergence nlopt Sequential Quadratic Programming (SQP) (local  derivative): evaluation budget exhausted without convergence",,FALSE,0.289087465531168,0.289087465531164,"psd_default:ok;psd_layered:ok;twostage_default:fail;twostage_layered_lbfgs:fail;witness:fail"
"twostage_default","psd_default","psd-ml","constrained","test","eqmean","equal_intercepts",100,47,"x100","ML",1561709598,,"","",,"","psd:ordinary-rejected",,"OptimizerNonConvergence nlopt Sequential Quadratic Programming (SQP) (local  derivative): evaluation budget exhausted without convergence",,FALSE,0.150073105819661,0.150073105819658,"psd_default:ok;psd_layered:ok;twostage_default:fail;twostage_layered_lbfgs:fail;witness:ok"
"twostage_default","psd_default","psd-ml","constrained","test","eqmean","equal_intercepts",25,1,"x0.01","ML",1076739713,1.36833736060951,"ill_conditioned","converged",131,"ordinary-estimates","psd:ordinary-rejected",TRUE,"",1,FALSE,1.36481436547555,1.35717223077984,"psd_default:ok;psd_layered:ok;twostage_default:fail;twostage_layered_lbfgs:ok;witness:ok"
"twostage_default","psd_default","psd-ml","constrained","test","eqmean","equal_intercepts",25,2,"x0.01","ML",1076739714,,"","",,"","psd:ordinary-rejected",,"OptimizerNonConvergence nlopt Sequential Quadratic Programming (SQP) (local  derivative): evaluation budget exhausted without convergence",,FALSE,0.933640941565693,0.787668097501077,"psd_default:ok;psd_layered:ok;twostage_default:fail;twostage_layered_lbfgs:fail;witness:ok"
"twostage_default","psd_default","psd-ml","constrained","test","eqmean","equal_intercepts",25,27,"x0.01","ML",1466466704,,"","",,"","psd:ordinary-rejected",,"OptimizerNonConvergence nlopt Sequential Quadratic Programming (SQP) (local  derivative): evaluation budget exhausted without convergence",,FALSE,0.878368800619204,0.878368800619092,"psd_default:ok;psd_layered:ok;twostage_default:fail;twostage_layered_lbfgs:ok;witness:ok"
"twostage_default","psd_default","psd-ml","constrained","test","eqmean","equal_intercepts",25,46,"x0.01","ML",1466466965,,"","",,"","psd:ordinary-rejected",,"OptimizerNonConvergence nlopt Sequential Quadratic Programming (SQP) (local  derivative): evaluation budget exhausted without convergence",,FALSE,0.56769432622031,0.567694326220303,"psd_default:ok;psd_layered:ok;twostage_default:fail;twostage_layered_lbfgs:ok;witness:fail"
"twostage_default","psd_default","psd-ml","engineering15","test","weak_marker","sem",100,30,"x0.01","ML",1700226824,,"","",,"","psd:ordinary-rejected",,"OptimizerNonConvergence nlopt Sequential Quadratic Programming (SQP) (local  derivative): evaluation budget exhausted without convergence",,FALSE,0.0418724238300854,0.0418724238300854,"psd_default:ok;psd_layered:ok;twostage_default:fail;twostage_layered_lbfgs:fail;witness:ok"
"twostage_default","psd_default","psd-ml","engineering15","test","weak_marker","sem",100,37,"x100","ML",1700226831,0.104574023817552,"nonpositive_curvature","converged",43,"ordinary-estimates","psd:ordinary-rejected",TRUE,"",1,FALSE,0.0377754570720548,0.0377754570720548,"psd_default:ok;psd_layered:ok;twostage_default:fail;twostage_layered_lbfgs:fail;witness:ok"
"twostage_default","psd_default","psd-ml","engineering15","test","weak_marker","sem",100,40,"x0.01","ML",1700226955,,"","",,"","psd:ordinary-rejected",,"OptimizerNonConvergence nlopt Sequential Quadratic Programming (SQP) (local  derivative): evaluation budget exhausted without convergence",,FALSE,0.0333351188441142,0.0333351188441142,"psd_default:ok;psd_layered:ok;twostage_default:fail;twostage_layered_lbfgs:ok;witness:ok"
"twostage_default","psd_default","psd-ml","engineering15","test","weak_marker","sem",100,45,"mixed","ML",1700226960,0.115856911776037,"available","converged",939,"ordinary-estimates","psd:ordinary-rejected",TRUE,"",1,FALSE,0.0456148760626518,0.0456148760626514,"psd_default:ok;psd_layered:ok;twostage_default:fail;twostage_layered_lbfgs:ok;witness:fail"
"twostage_default","psd_default","psd-ml","engineering15","test","weak_marker","sem",100,46,"x0.01","ML",1700226961,,"","",,"","psd:ordinary-rejected",,"OptimizerNonConvergence nlopt Sequential Quadratic Programming (SQP) (local  derivative): evaluation budget exhausted without convergence",,FALSE,0.0236267191064456,0.0236267191064456,"psd_default:ok;psd_layered:ok;twostage_default:fail;twostage_layered_lbfgs:fail;witness:ok"
"twostage_default","psd_default","psd-ml","engineering15","test","weak_marker","sem",100,46,"x100","ML",1700226961,0.0993630817942091,"nonpositive_curvature","converged",47,"ordinary-estimates","psd:ordinary-rejected",TRUE,"",1,FALSE,0.0236267191064563,0.0236267191064492,"psd_default:ok;psd_layered:ok;twostage_default:fail;twostage_layered_lbfgs:fail;witness:ok"
"twostage_default","psd_default","psd-ml","engineering15","test","weak_marker","sem",100,47,"x0.01","ML",1700226962,,"","",,"","psd:ordinary-rejected",,"OptimizerNonConvergence nlopt Sequential Quadratic Programming (SQP) (local  derivative): evaluation budget exhausted without convergence",,FALSE,0.023876876680692,0.023876876680692,"psd_default:ok;psd_layered:fail;twostage_default:fail;twostage_layered_lbfgs:ok;witness:ok"
"twostage_default","psd_default","psd-ml","engineering15","test","weak_marker","sem",100,6,"x100","ML",537554987,,"","",,"","psd:ordinary-rejected",,"OptimizerNonConvergence nlopt Sequential Quadratic Programming (SQP) (local  derivative): evaluation budget exhausted without convergence",,FALSE,0.0917134211299455,0.0917134211299455,"psd_default:ok;psd_layered:ok;twostage_default:fail;twostage_layered_lbfgs:fail;witness:ok"
"twostage_default","psd_default","psd-ml","engineering15","test","weak_marker","sem",25,17,"native","ML",844589775,,"","",,"","psd:ordinary-rejected",,"OptimizerNonConvergence nlopt Sequential Quadratic Programming (SQP) (local  derivative): evaluation budget exhausted without convergence",,FALSE,0.285804965492472,0.285804965492472,"psd_default:ok;psd_layered:ok;twostage_default:fail;twostage_layered_lbfgs:fail;witness:fail"
"twostage_default","psd_default","psd-ml","engineering15","test","weak_marker","sem",25,17,"x100","ML",844589775,,"","",,"","psd:ordinary-rejected",,"OptimizerNonConvergence nlopt Sequential Quadratic Programming (SQP) (local  derivative): evaluation budget exhausted without convergence",,FALSE,0.285804965492467,0.285804965492467,"psd_default:ok;psd_layered:ok;twostage_default:fail;twostage_layered_lbfgs:fail;witness:fail"
"twostage_default","psd_default","psd-ml","engineering15","test","weak_marker","sem",25,26,"x0.01","ML",844589905,,"","",,"","psd:ordinary-rejected",,"OptimizerNonConvergence nlopt Sequential Quadratic Programming (SQP) (local  derivative): evaluation budget exhausted without convergence",,FALSE,0.261951894273128,0.261951894273128,"psd_default:ok;psd_layered:ok;twostage_default:fail;twostage_layered_lbfgs:ok;witness:fail"
"twostage_default","psd_default","psd-ml","engineering15","test","weak_marker","sem",25,3,"native","ML",317914343,0.159381974785367,"nonpositive_curvature","converged",30,"ordinary-estimates","psd:ordinary-rejected",TRUE,"",1,FALSE,0.101532805077147,0.101532805077147,"psd_default:ok;psd_layered:fail;twostage_default:fail;twostage_layered_lbfgs:fail;witness:fail"
"twostage_default","psd_default","psd-ml","engineering15","test","weak_marker","sem",25,46,"x0.01","ML",844590167,0.188271929776086,"nonpositive_curvature","converged",257,"ordinary-estimates","psd:ordinary-rejected",TRUE,"",1,FALSE,0.141776697221538,0.141776697221538,"psd_default:ok;psd_layered:ok;twostage_default:fail;twostage_layered_lbfgs:ok;witness:ok"
"twostage_default","psd_default","psd-ml","engineering15","test","weak_marker","sem",25,5,"x0.01","ML",317914345,,"","",,"","psd:ordinary-rejected",,"OptimizerNonConvergence nlopt Sequential Quadratic Programming (SQP) (local  derivative): evaluation budget exhausted without convergence",,FALSE,0.12791659023199,0.125965442889747,"psd_default:ok;psd_layered:ok;twostage_default:fail;twostage_layered_lbfgs:fail;witness:fail"
"twostage_default","psd_default","psd-ml","ernst","control","ernst","sem",25,19,"x100","ML",1727450927,0.323232520979364,"nonpositive_curvature","converged",44,"ordinary-estimates","psd:ordinary-rejected",TRUE,"",1,FALSE,0.240039031960311,0.240039031960311,"psd_default:ok;psd_layered:ok;twostage_default:fail;twostage_layered_lbfgs:ok;witness:ok"
"twostage_default","psd_default","psd-ml","ernst","control","ernst","sem",25,26,"native","ML",1727451055,,"","",,"","psd:ordinary-rejected",,"OptimizerNonConvergence nlopt Sequential Quadratic Programming (SQP) (local  derivative): evaluation budget exhausted without convergence",,FALSE,0.343744073463436,0.343744073463425,"psd_default:ok;psd_layered:ok;twostage_default:fail;twostage_layered_lbfgs:fail;witness:ok"
"twostage_default","psd_default","psd-ml","ernst","control","ernst","sem",25,29,"mixed","ML",1727451058,0.349961649957781,"nonpositive_curvature","converged",207,"ordinary-estimates","psd:ordinary-rejected",TRUE,"",1,FALSE,0.0547018020736614,0.0547018020736614,"psd_default:ok;psd_layered:ok;twostage_default:fail;twostage_layered_lbfgs:fail;witness:ok"
"twostage_default","psd_default","psd-ml","ernst","control","ernst","sem",25,29,"x0.01","ML",1727451058,,"","",,"","psd:ordinary-rejected",,"OptimizerNonConvergence nlopt Sequential Quadratic Programming (SQP) (local  derivative): evaluation budget exhausted without convergence",,FALSE,0.0547018020736587,0.0547018020736587,"psd_default:ok;psd_layered:ok;twostage_default:fail;twostage_layered_lbfgs:fail;witness:ok"
"twostage_default","psd_default","psd-ml","ernst","control","ernst","sem",25,32,"x100","ML",1727451182,,"","",,"","psd:ordinary-rejected",,"OptimizerNonConvergence nlopt Sequential Quadratic Programming (SQP) (local  derivative): evaluation budget exhausted without convergence",,FALSE,0.353480266354598,0.353480266354591,"psd_default:ok;psd_layered:fail;twostage_default:fail;twostage_layered_lbfgs:fail;witness:ok"
"twostage_default","psd_default","psd-ml","ernst","control","ernst","sem",25,43,"mixed","ML",1727451314,,"","",,"","psd:ordinary-rejected",,"OptimizerNonConvergence nlopt Sequential Quadratic Programming (SQP) (local  derivative): evaluation budget exhausted without convergence",,FALSE,0.274781955482353,0.274781955482352,"psd_default:ok;psd_layered:ok;twostage_default:fail;twostage_layered_lbfgs:ok;witness:ok"
"twostage_default","psd_default","psd-ml","ernst","control","ernst","sem",25,43,"native","ML",1727451314,,"","",,"","psd:ordinary-rejected",,"OptimizerNonConvergence nlopt Sequential Quadratic Programming (SQP) (local  derivative): evaluation budget exhausted without convergence",,FALSE,0.274781955482361,0.274781955482353,"psd_default:ok;psd_layered:ok;twostage_default:fail;twostage_layered_lbfgs:fail;witness:ok"
"twostage_default","psd_default","psd-ml","ernst","control","ernst","sem",25,43,"x0.01","ML",1727451314,,"","",,"","psd:ordinary-rejected",,"OptimizerNonConvergence nlopt Sequential Quadratic Programming (SQP) (local  derivative): evaluation budget exhausted without convergence",,FALSE,0.27478195548235,0.27478195548235,"psd_default:ok;psd_layered:ok;twostage_default:fail;twostage_layered_lbfgs:fail;witness:ok"
"twostage_default","psd_default","psd-ml","ernst","control","ernst","sem",25,6,"native","ML",1488557085,,"","",,"","psd:ordinary-rejected",,"OptimizerNonConvergence nlopt Sequential Quadratic Programming (SQP) (local  derivative): evaluation budget exhausted without convergence",,FALSE,0.169465677299199,0.169465677299197,"psd_default:ok;psd_layered:ok;twostage_default:fail;twostage_layered_lbfgs:fail;witness:ok"
"twostage_default","psd_default","psd-ml","ernst","control","ernst","sem",25,6,"x0.01","ML",1488557085,,"","",,"","psd:ordinary-rejected",,"OptimizerNonConvergence nlopt Sequential Quadratic Programming (SQP) (local  derivative): evaluation budget exhausted without convergence",,FALSE,0.169465677299193,0.169465677299193,"psd_default:ok;psd_layered:ok;twostage_default:fail;twostage_layered_lbfgs:fail;witness:ok"
"twostage_default","psd_default","psd-ml","research47","test","r47_f1_p3","one_factor",25,40,"x100","ML",732703588,0.432541011472889,"nonpositive_curvature","converged",30,"ordinary-estimates","psd:ordinary-rejected",TRUE,"",1,FALSE,0.0615535951548978,0.0615535951548978,"psd_default:ok;psd_layered:ok;twostage_default:fail;twostage_layered_lbfgs:ok;witness:ok"
"twostage_default","psd_default","psd-ml","research47","test","r47_f1_p3","one_factor",25,43,"native","ML",732703591,,"","",,"","psd:ordinary-rejected",,"OptimizerNonConvergence nlopt Sequential Quadratic Programming (SQP) (local  derivative): evaluation budget exhausted without convergence",,FALSE,0.0138790699384572,0.0138790699384572,"psd_default:ok;psd_layered:ok;twostage_default:fail;twostage_layered_lbfgs:ok;witness:ok"
"twostage_default","psd_default","psd-ml","research47","test","r47_f1_p3","one_factor",25,43,"x100","ML",732703591,0.350968687622792,"nonpositive_curvature","converged",34,"ordinary-estimates","psd:ordinary-rejected",TRUE,"",1,FALSE,0.0138790699384579,0.0138790699384579,"psd_default:ok;psd_layered:ok;twostage_default:fail;twostage_layered_lbfgs:ok;witness:ok"
"twostage_default","psd_default","psd-ml","research47","test","r47_f1_p3","one_factor",25,46,"native","ML",732703594,0.481804974322797,"nonpositive_curvature","converged",54,"ordinary-estimates","psd:ordinary-rejected",TRUE,"",1,FALSE,0.00150485708700154,0.00150485708700154,"psd_default:ok;psd_layered:ok;twostage_default:fail;twostage_layered_lbfgs:ok;witness:ok"
"twostage_default","psd_default","psd-ml","research47","test","r47_f1_p3","one_factor",25,46,"x100","ML",732703594,0.481804974322763,"nonpositive_curvature","converged",32,"ordinary-estimates","psd:ordinary-rejected",TRUE,"",1,FALSE,0.00153581505974643,0.00150485708699932,"psd_default:ok;psd_layered:ok;twostage_default:fail;twostage_layered_lbfgs:ok;witness:ok"
"twostage_default","psd_default","psd-ml","research47","test","r47_f1_p3","one_factor",25,8,"x100","ML",71165180,0.13499986738214,"nonpositive_curvature","converged",30,"ordinary-estimates","psd:ordinary-rejected",TRUE,"",1,FALSE,0.00546504023979466,0.00546504023979288,"psd_default:ok;psd_layered:ok;twostage_default:fail;twostage_layered_lbfgs:ok;witness:ok"
"twostage_default","psd_default","psd-ml","research47","test","r47_f2_r90","two_factor",25,47,"mixed","ML",1969700415,,"","",,"","psd:ordinary-rejected",,"OptimizerNonConvergence nlopt Sequential Quadratic Programming (SQP) (local  derivative): evaluation budget exhausted without convergence",,FALSE,0.226096551971931,0.226096551971931,"psd_default:ok;psd_layered:fail;twostage_default:fail;twostage_layered_lbfgs:fail;witness:ok"
"twostage_default","psd_default","psd-ml","research47","test","r47_path_r2_100","path",25,3,"native","ML",1712278442,0.720627416114676,"nonpositive_curvature","converged",38,"ordinary-estimates","psd:ordinary-inadmissible",TRUE,"",2.68254491665529,FALSE,0.719508299094699,0.719508299094635,"psd_default:ok;psd_layered:ok;twostage_default:fail;twostage_layered_lbfgs:fail;witness:ok"
"twostage_default","psd_default","psd-ml","research47","test","r47_path_r2_100","path",25,3,"x100","ML",1712278442,0.720627416114674,"nonpositive_curvature","converged",37,"ordinary-estimates","psd:ordinary-inadmissible",TRUE,"",2.68687150713696,FALSE,0.719508299094642,0.719508299094642,"psd_default:ok;psd_layered:ok;twostage_default:fail;twostage_layered_lbfgs:ok;witness:ok"
"twostage_default","psd_default","psd-ml","wolf","test","wolf_1f6i_l50","cfa",25,37,"native","ML",1131857920,,"","",,"","psd:ordinary-inadmissible",,"OptimizerNonConvergence nlopt Sequential Quadratic Programming (SQP) (local  derivative): evaluation budget exhausted without convergence",,FALSE,0.176242281675023,0.176242281675006,"psd_default:ok;psd_layered:ok;twostage_default:fail;twostage_layered_lbfgs:fail;witness:ok"
"twostage_default","psd_default","psd-ml","wolf","test","wolf_1f6i_l50","cfa",25,37,"x0.01","ML",1131857920,0.421451061334047,"nonpositive_curvature","converged",22,"ordinary-estimates","psd:ordinary-inadmissible",TRUE,"",1,FALSE,0.176242281675005,0.176242281675002,"psd_default:ok;psd_layered:ok;twostage_default:fail;twostage_layered_lbfgs:fail;witness:ok"
"twostage_default","psd_default","psd-ml","wolf","test","wolf_1f6i_l50","cfa",25,37,"x100","ML",1131857920,0.421451061334047,"nonpositive_curvature","converged",30,"ordinary-estimates","psd:ordinary-inadmissible",TRUE,"",1,FALSE,0.176242281675027,0.176242281675005,"psd_default:ok;psd_layered:ok;twostage_default:fail;twostage_layered_lbfgs:fail;witness:ok"
"twostage_default","psd_default","psd-ml","wolf","test","wolf_2f3i_l50","cfa",100,44,"x0.01","ML",653303120,,"","",,"","psd:ordinary-rejected",,"OptimizerNonConvergence nlopt Sequential Quadratic Programming (SQP) (local  derivative): evaluation budget exhausted without convergence",,FALSE,0.0267608411356903,0.0267608411356903,"psd_default:ok;psd_layered:fail;twostage_default:fail;twostage_layered_lbfgs:fail;witness:ok"
"twostage_default","psd_default","psd-ml","wolf","test","wolf_2f3i_l50","cfa",25,22,"x0.01","ML",1164458212,,"","",,"","psd:ordinary-rejected",,"OptimizerNonConvergence nlopt Sequential Quadratic Programming (SQP) (local  derivative): evaluation budget exhausted without convergence",,FALSE,0.100139468704707,0.100139468704707,"psd_default:ok;psd_layered:fail;twostage_default:fail;twostage_layered_lbfgs:fail;witness:ok"
"twostage_default","psd_default","psd-ml","wolf","test","wolf_2f3i_l50","cfa",25,38,"x0.01","ML",1164458349,0.200906625097044,"nonpositive_curvature","converged",3532,"ordinary-estimates","psd:ordinary-rejected",TRUE,"",1,FALSE,0.177936694896928,0.177936694896928,"psd_default:ok;psd_layered:ok;twostage_default:fail;twostage_layered_lbfgs:ok;witness:ok"
"twostage_default","psd_default","psd-ml","wolf","test","wolf_2f6i_l50","cfa",25,35,"x0.01","ML",547929231,,"","",,"","psd:ordinary-rejected",,"OptimizerNonConvergence nlopt Sequential Quadratic Programming (SQP) (local  derivative): evaluation budget exhausted without convergence",,FALSE,1.76496265377659,1.7649626537763,"psd_default:ok;psd_layered:ok;twostage_default:fail;twostage_layered_lbfgs:fail;witness:ok"
"twostage_default","psd_default","psd-ml","wolf","test","wolf_2f8i_l50","cfa",26,27,"x0.01","ML",139157783,,"","",,"","psd:ordinary-rejected",,"OptimizerNonConvergence nlopt Sequential Quadratic Programming (SQP) (local  derivative): evaluation budget exhausted without convergence",,FALSE,3.87655826747336,3.87655826747289,"psd_default:ok;psd_layered:ok;twostage_default:fail;twostage_layered_lbfgs:ok;witness:ok"
"twostage_default","psd_default","psd-ml","wolf","test","wolf_3f3i_l50","cfa",100,30,"native","ML",1468055632,,"","",,"","psd:ordinary-rejected",,"OptimizerNonConvergence nlopt Sequential Quadratic Programming (SQP) (local  derivative): evaluation budget exhausted without convergence",,FALSE,0.0903837422836533,0.0903837422836435,"psd_default:ok;psd_layered:ok;twostage_default:fail;twostage_layered_lbfgs:ok;witness:ok"
"twostage_default","psd_default","psd-ml","wolf","test","wolf_3f3i_l50","cfa",100,30,"x0.01","ML",1468055632,,"","",,"","psd:ordinary-rejected",,"OptimizerNonConvergence nlopt Sequential Quadratic Programming (SQP) (local  derivative): evaluation budget exhausted without convergence",,FALSE,0.0903837422836489,0.0903837422836418,"psd_default:ok;psd_layered:ok;twostage_default:fail;twostage_layered_lbfgs:ok;witness:ok"
"twostage_default","psd_default","psd-ml","wolf","test","wolf_3f3i_l50","cfa",100,30,"x100","ML",1468055632,,"","",,"","psd:ordinary-rejected",,"OptimizerNonConvergence nlopt Sequential Quadratic Programming (SQP) (local  derivative): evaluation budget exhausted without convergence",,FALSE,0.0903837422836418,0.0903837422836418,"psd_default:ok;psd_layered:ok;twostage_default:fail;twostage_layered_lbfgs:ok;witness:ok"
"twostage_default","psd_default","psd-ml","wolf","test","wolf_3f3i_l50","cfa",25,15,"x100","ML",580529397,0.575356168048955,"available","converged",63,"ordinary-estimates","psd:ordinary-inadmissible",TRUE,"",1,FALSE,0.574405884239731,0.574405884239717,"psd_default:ok;psd_layered:fail;twostage_default:fail;twostage_layered_lbfgs:fail;witness:ok"
"twostage_default","psd_default","psd-ml","wolf","test","wolf_3f3i_l50","cfa",25,16,"x0.01","ML",580529398,,"","",,"","psd:ordinary-rejected",,"OptimizerNonConvergence nlopt Sequential Quadratic Programming (SQP) (local  derivative): evaluation budget exhausted without convergence",,FALSE,0.392542314849116,0.392542314849095,"psd_default:ok;psd_layered:ok;twostage_default:fail;twostage_layered_lbfgs:ok;witness:ok"
"twostage_default","psd_default","psd-ml","wolf","test","wolf_3f3i_l50","cfa",25,16,"x100","ML",580529398,,"","",,"","psd:ordinary-rejected",,"OptimizerNonConvergence nlopt Sequential Quadratic Programming (SQP) (local  derivative): evaluation budget exhausted without convergence",,FALSE,0.392542314849194,0.392542314849095,"psd_default:ok;psd_layered:ok;twostage_default:fail;twostage_layered_lbfgs:ok;witness:ok"
"twostage_default","psd_default","psd-ml","wolf","test","wolf_3f3i_l50","cfa",25,21,"x0.01","ML",580529524,0.772011283351766,"ill_conditioned","converged",223,"ordinary-estimates","psd:ordinary-rejected",TRUE,"",1,FALSE,0.697175611460246,0.697175611460246,"psd_default:ok;psd_layered:ok;twostage_default:fail;twostage_layered_lbfgs:ok;witness:ok"
"twostage_default","psd_default","psd-ml","wolf","test","wolf_3f3i_l50","cfa",25,23,"x0.01","ML",580529526,0.865410464510433,"nonpositive_curvature","converged",4660,"ordinary-estimates","psd:ordinary-rejected",TRUE,"",1,FALSE,0.718479946357654,0.718479946357654,"psd_default:ok;psd_layered:ok;twostage_default:fail;twostage_layered_lbfgs:ok;witness:ok"
"twostage_default","psd_default","psd-ml","wolf","test","wolf_3f3i_l50","cfa",25,27,"native","ML",580529530,,"","",,"","psd:ordinary-rejected",,"OptimizerNonConvergence nlopt Sequential Quadratic Programming (SQP) (local  derivative): evaluation budget exhausted without convergence",,FALSE,0.575256818157878,0.524290628378931,"psd_default:ok;psd_layered:fail;twostage_default:fail;twostage_layered_lbfgs:fail;witness:ok"
"twostage_default","psd_default","psd-ml","wolf","test","wolf_3f3i_l50","cfa",25,38,"native","ML",580529662,,"","",,"","psd:ordinary-rejected",,"OptimizerNonConvergence nlopt Sequential Quadratic Programming (SQP) (local  derivative): evaluation budget exhausted without convergence",,FALSE,0.581172502176294,0.581172502176294,"psd_default:ok;psd_layered:ok;twostage_default:fail;twostage_layered_lbfgs:fail;witness:ok"
"twostage_default","psd_default","psd-ml","wolf","test","wolf_3f6i_l50","cfa",28,11,"mixed","ML",2118228180,,"","",,"","psd:ordinary-rejected",,"OptimizerNonConvergence nlopt Sequential Quadratic Programming (SQP) (local  derivative): evaluation budget exhausted without convergence",,FALSE,4.38777435684104,4.38777431555139,"psd_default:ok;psd_layered:ok;twostage_default:fail;twostage_layered_lbfgs:ok;witness:fail"
"twostage_default","psd_default","psd-ml","wolf","test","wolf_3f6i_l50","cfa",28,11,"x100","ML",2118228180,,"","",,"","psd:ordinary-rejected",,"OptimizerNonConvergence nlopt Sequential Quadratic Programming (SQP) (local  derivative): evaluation budget exhausted without convergence",,FALSE,4.3877743123481,4.3877743123481,"psd_default:ok;psd_layered:fail;twostage_default:fail;twostage_layered_lbfgs:fail;witness:fail"
"twostage_default","psd_default","psd-ml","wolf","test","wolf_3f6i_l50","cfa",28,31,"native","ML",2118228442,,"","",,"","psd:ordinary-rejected",,"OptimizerNonConvergence nlopt Sequential Quadratic Programming (SQP) (local  derivative): evaluation budget exhausted without convergence",,FALSE,3.40042663349266,3.36814144737223,"psd_default:ok;psd_layered:ok;twostage_default:fail;twostage_layered_lbfgs:fail;witness:ok"
"twostage_default","psd_default","psd-ml","wolf","test","wolf_3f6i_l50","cfa",28,38,"x0.01","ML",2118228449,,"","",,"","psd:ordinary-rejected",,"OptimizerNonConvergence nlopt Sequential Quadratic Programming (SQP) (local  derivative): evaluation budget exhausted without convergence",,FALSE,3.23404950862951,3.23404950862951,"psd_default:ok;psd_layered:fail;twostage_default:fail;twostage_layered_lbfgs:fail;witness:fail"
"twostage_default","psd_default","psd-ml","wolf","test","wolf_3f6i_l50","cfa",28,4,"x0.01","ML",130920717,,"","",,"","psd:ordinary-rejected",,"OptimizerNonConvergence nlopt Sequential Quadratic Programming (SQP) (local  derivative): evaluation budget exhausted without convergence",,FALSE,4.00578234858459,4.00578234858442,"psd_default:ok;psd_layered:ok;twostage_default:fail;twostage_layered_lbfgs:ok;witness:ok"
"twostage_layered_lbfgs","twostage_default","psd-ml","boomsma","test","boomsma_3CM","cfa",25,18,"mixed","ML",1051834850,,"","",,"","psd:ordinary-rejected",,"OptimizerNonConvergence nlopt Sequential Quadratic Programming (SQP) (local  derivative): evaluation budget exhausted without convergence",,FALSE,0.361285826658352,0.149634081159303,"psd_default:ok;psd_layered:ok;twostage_default:ok;twostage_layered_lbfgs:fail;witness:ok"
"twostage_layered_lbfgs","twostage_default","psd-ml","boomsma","test","boomsma_3CM","cfa",25,24,"native","ML",1051834977,,"","",,"","psd:ordinary-inadmissible",,"OptimizerNonConvergence nlopt Sequential Quadratic Programming (SQP) (local  derivative): evaluation budget exhausted without convergence",,FALSE,0.25114201668718,0.251142016687179,"psd_default:ok;psd_layered:ok;twostage_default:ok;twostage_layered_lbfgs:fail;witness:ok"
"twostage_layered_lbfgs","twostage_default","psd-ml","boomsma","test","boomsma_3CM","cfa",25,24,"x100","ML",1051834977,,"","",,"","psd:ordinary-inadmissible",,"OptimizerNonConvergence nlopt Sequential Quadratic Programming (SQP) (local  derivative): evaluation budget exhausted without convergence",,FALSE,0.251142016687176,0.251142016687172,"psd_default:ok;psd_layered:ok;twostage_default:ok;twostage_layered_lbfgs:fail;witness:ok"
"twostage_layered_lbfgs","twostage_default","psd-ml","boomsma","test","boomsma_3CM","cfa",25,46,"native","ML",1051835241,,"","",,"","psd:ordinary-rejected",,"OptimizerNonConvergence nlopt Sequential Quadratic Programming (SQP) (local  derivative): evaluation budget exhausted without convergence",,FALSE,0.254634578132233,0.254634578132233,"psd_default:ok;psd_layered:ok;twostage_default:ok;twostage_layered_lbfgs:fail;witness:ok"
"twostage_layered_lbfgs","twostage_default","psd-ml","boomsma","test","boomsma_3CM","cfa",25,46,"x0.01","ML",1051835241,,"","",,"","psd:ordinary-rejected",,"OptimizerNonConvergence nlopt Sequential Quadratic Programming (SQP) (local  derivative): evaluation budget exhausted without convergence",,FALSE,0.254634578132237,0.254634578132237,"psd_default:ok;psd_layered:ok;twostage_default:ok;twostage_layered_lbfgs:fail;witness:ok"
"twostage_layered_lbfgs","twostage_default","psd-ml","boomsma","test","boomsma_3CS","cfa",100,1,"native","ML",1754824262,,"","",,"","psd:ordinary-inadmissible",,"OptimizerNonConvergence nlopt Sequential Quadratic Programming (SQP) (local  derivative): evaluation budget exhausted without convergence",,FALSE,0.0546272154704268,0.0546272154704268,"psd_default:ok;psd_layered:ok;twostage_default:ok;twostage_layered_lbfgs:fail;witness:ok"
"twostage_layered_lbfgs","twostage_default","psd-ml","boomsma","test","boomsma_3CS","cfa",100,14,"native","ML",101230071,,"","",,"","psd:ordinary-inadmissible",,"OptimizerNonConvergence nlopt Sequential Quadratic Programming (SQP) (local  derivative): evaluation budget exhausted without convergence",,FALSE,0.032383030819914,0.0323830308199131,"psd_default:ok;psd_layered:fail;twostage_default:ok;twostage_layered_lbfgs:fail;witness:ok"
"twostage_layered_lbfgs","twostage_default","psd-ml","boomsma","test","boomsma_3CS","cfa",100,14,"x100","ML",101230071,,"","",,"","psd:ordinary-inadmissible",,"OptimizerNonConvergence nlopt Sequential Quadratic Programming (SQP) (local  derivative): evaluation budget exhausted without convergence",,FALSE,0.0323830308199184,0.0323830308199149,"psd_default:ok;psd_layered:fail;twostage_default:ok;twostage_layered_lbfgs:fail;witness:ok"
"twostage_layered_lbfgs","twostage_default","psd-ml","boomsma","test","boomsma_3CS","cfa",100,16,"mixed","ML",101230073,,"","",,"","psd:ordinary-inadmissible",,"OptimizerNonConvergence nlopt Sequential Quadratic Programming (SQP) (local  derivative): evaluation budget exhausted without convergence",,FALSE,0.0359054400939853,0.0181657258332315,"psd_default:ok;psd_layered:fail;twostage_default:ok;twostage_layered_lbfgs:fail;witness:ok"
"twostage_layered_lbfgs","twostage_default","psd-ml","boomsma","test","boomsma_3CS","cfa",100,16,"native","ML",101230073,,"","",,"","psd:ordinary-inadmissible",,"OptimizerNonConvergence nlopt Sequential Quadratic Programming (SQP) (local  derivative): evaluation budget exhausted without convergence",,FALSE,0.0181657258332328,0.0181657258332324,"psd_default:ok;psd_layered:fail;twostage_default:ok;twostage_layered_lbfgs:fail;witness:ok"
"twostage_layered_lbfgs","twostage_default","psd-ml","boomsma","test","boomsma_3CS","cfa",100,16,"x100","ML",101230073,,"","",,"","psd:ordinary-inadmissible",,"OptimizerNonConvergence nlopt Sequential Quadratic Programming (SQP) (local  derivative): evaluation budget exhausted without convergence",,FALSE,0.0181657258332351,0.0181657258332351,"psd_default:ok;psd_layered:fail;twostage_default:ok;twostage_layered_lbfgs:fail;witness:ok"
"twostage_layered_lbfgs","twostage_default","psd-ml","boomsma","test","boomsma_3CS","cfa",100,32,"x0.01","ML",101230331,,"","",,"","psd:ordinary-inadmissible",,"OptimizerNonConvergence nlopt Sequential Quadratic Programming (SQP) (local  derivative): evaluation budget exhausted without convergence",,FALSE,0.0427817681427634,0.0427817681427634,"psd_default:ok;psd_layered:fail;twostage_default:ok;twostage_layered_lbfgs:fail;witness:ok"
"twostage_layered_lbfgs","twostage_default","psd-ml","boomsma","test","boomsma_3CS","cfa",100,5,"native","ML",1754824266,,"","",,"","psd:ordinary-rejected",,"OptimizerNonConvergence nlopt Sequential Quadratic Programming (SQP) (local  derivative): evaluation budget exhausted without convergence",,FALSE,0.0649638914434347,0.0649638914434347,"psd_default:ok;psd_layered:fail;twostage_default:ok;twostage_layered_lbfgs:fail;witness:ok"
"twostage_layered_lbfgs","twostage_default","psd-ml","boomsma","test","boomsma_3CS","cfa",100,5,"x100","ML",1754824266,,"","",,"","psd:ordinary-rejected",,"OptimizerNonConvergence nlopt Sequential Quadratic Programming (SQP) (local  derivative): evaluation budget exhausted without convergence",,FALSE,0.0649638914434334,0.0649638914434298,"psd_default:ok;psd_layered:fail;twostage_default:ok;twostage_layered_lbfgs:fail;witness:ok"
"twostage_layered_lbfgs","twostage_default","psd-ml","boomsma","test","boomsma_3CS","cfa",100,7,"mixed","ML",1754824268,,"","",,"","psd:ordinary-rejected",,"OptimizerNonConvergence nlopt Sequential Quadratic Programming (SQP) (local  derivative): evaluation budget exhausted without convergence",,FALSE,0.0287740118799711,0.0287740118799711,"psd_default:ok;psd_layered:fail;twostage_default:ok;twostage_layered_lbfgs:fail;witness:fail"
"twostage_layered_lbfgs","twostage_default","psd-ml","boomsma","test","boomsma_3CS","cfa",25,11,"native","ML",2061859049,,"","",,"","psd:ordinary-error",,"OptimizerNonConvergence nlopt Sequential Quadratic Programming (SQP) (local  derivative): evaluation budget exhausted without convergence",,FALSE,0.345988375873733,0.345988375873733,"psd_default:ok;psd_layered:fail;twostage_default:ok;twostage_layered_lbfgs:fail;witness:fail"
"twostage_layered_lbfgs","twostage_default","psd-ml","boomsma","test","boomsma_3CS","cfa",25,15,"native","ML",2061859053,,"","",,"","psd:ordinary-rejected",,"OptimizerNonConvergence nlopt Sequential Quadratic Programming (SQP) (local  derivative): evaluation budget exhausted without convergence",,FALSE,0.218221129712907,0.218221129712907,"psd_default:ok;psd_layered:fail;twostage_default:ok;twostage_layered_lbfgs:fail;witness:ok"
"twostage_layered_lbfgs","twostage_default","psd-ml","boomsma","test","boomsma_3CS","cfa",25,15,"x0.01","ML",2061859053,,"","",,"","psd:ordinary-error",,"OptimizerNonConvergence nlopt Sequential Quadratic Programming (SQP) (local  derivative): evaluation budget exhausted without convergence",,FALSE,0.218221129712905,0.218221129712905,"psd_default:ok;psd_layered:fail;twostage_default:ok;twostage_layered_lbfgs:fail;witness:ok"
"twostage_layered_lbfgs","twostage_default","psd-ml","boomsma","test","boomsma_3CS","cfa",25,17,"native","ML",2061859055,,"","",,"","psd:ordinary-rejected",,"OptimizerNonConvergence nlopt Sequential Quadratic Programming (SQP) (local  derivative): evaluation budget exhausted without convergence",,FALSE,0.0933479692463637,0.0933479692463637,"psd_default:ok;psd_layered:fail;twostage_default:ok;twostage_layered_lbfgs:fail;witness:ok"
"twostage_layered_lbfgs","twostage_default","psd-ml","boomsma","test","boomsma_3CS","cfa",25,17,"x100","ML",2061859055,,"","",,"","psd:ordinary-error",,"OptimizerNonConvergence nlopt Sequential Quadratic Programming (SQP) (local  derivative): evaluation budget exhausted without convergence",,FALSE,0.0933479692463592,0.0933479692463592,"psd_default:ok;psd_layered:fail;twostage_default:ok;twostage_layered_lbfgs:fail;witness:ok"
"twostage_layered_lbfgs","twostage_default","psd-ml","boomsma","test","boomsma_3CS","cfa",25,18,"native","ML",2061859056,,"","",,"","psd:ordinary-rejected",,"OptimizerNonConvergence nlopt Sequential Quadratic Programming (SQP) (local  derivative): evaluation budget exhausted without convergence",,FALSE,0.245765493029015,0.245765493029009,"psd_default:ok;psd_layered:fail;twostage_default:ok;twostage_layered_lbfgs:fail;witness:ok"
"twostage_layered_lbfgs","twostage_default","psd-ml","boomsma","test","boomsma_3CS","cfa",25,22,"mixed","ML",2061859181,,"","",,"","psd:ordinary-rejected",,"OptimizerNonConvergence nlopt Sequential Quadratic Programming (SQP) (local  derivative): evaluation budget exhausted without convergence",,FALSE,0.0878810158948458,0.0878810158948453,"psd_default:ok;psd_layered:ok;twostage_default:ok;twostage_layered_lbfgs:fail;witness:ok"
"twostage_layered_lbfgs","twostage_default","psd-ml","boomsma","test","boomsma_3CS","cfa",25,22,"native","ML",2061859181,,"","",,"","psd:ordinary-rejected",,"OptimizerNonConvergence nlopt Sequential Quadratic Programming (SQP) (local  derivative): evaluation budget exhausted without convergence",,FALSE,0.0878810158948493,0.0878810158948449,"psd_default:ok;psd_layered:fail;twostage_default:ok;twostage_layered_lbfgs:fail;witness:ok"
"twostage_layered_lbfgs","twostage_default","psd-ml","boomsma","test","boomsma_3CS","cfa",25,22,"x100","ML",2061859181,,"","",,"","psd:ordinary-rejected",,"OptimizerNonConvergence nlopt Sequential Quadratic Programming (SQP) (local  derivative): evaluation budget exhausted without convergence",,FALSE,0.0878810158948475,0.0878810158948404,"psd_default:ok;psd_layered:fail;twostage_default:ok;twostage_layered_lbfgs:fail;witness:ok"
"twostage_layered_lbfgs","twostage_default","psd-ml","boomsma","test","boomsma_3CS","cfa",25,24,"native","ML",2061859183,,"","",,"","psd:ordinary-error",,"OptimizerNonConvergence nlopt Sequential Quadratic Programming (SQP) (local  derivative): evaluation budget exhausted without convergence",,FALSE,0.0474375981750956,0.0474375981750947,"psd_default:ok;psd_layered:fail;twostage_default:ok;twostage_layered_lbfgs:fail;witness:ok"
"twostage_layered_lbfgs","twostage_default","psd-ml","boomsma","test","boomsma_3CS","cfa",25,24,"x100","ML",2061859183,,"","",,"","psd:ordinary-error",,"OptimizerNonConvergence nlopt Sequential Quadratic Programming (SQP) (local  derivative): evaluation budget exhausted without convergence",,FALSE,0.0474375981750974,0.0474375981750974,"psd_default:ok;psd_layered:fail;twostage_default:ok;twostage_layered_lbfgs:fail;witness:ok"
"twostage_layered_lbfgs","twostage_default","psd-ml","boomsma","test","boomsma_3CS","cfa",25,32,"x0.01","ML",2061859312,,"","",,"","psd:ordinary-rejected",,"OptimizerNonConvergence nlopt Sequential Quadratic Programming (SQP) (local  derivative): evaluation budget exhausted without convergence",,FALSE,0.143930132930091,0.143930132930091,"psd_default:ok;psd_layered:ok;twostage_default:ok;twostage_layered_lbfgs:fail;witness:ok"
"twostage_layered_lbfgs","twostage_default","psd-ml","boomsma","test","boomsma_3CS","cfa",25,33,"x100","ML",2061859313,,"","",,"","psd:ordinary-rejected",,"OptimizerNonConvergence nlopt Sequential Quadratic Programming (SQP) (local  derivative): evaluation budget exhausted without convergence",,FALSE,0.353128233009826,0.353128233009826,"psd_default:ok;psd_layered:ok;twostage_default:ok;twostage_layered_lbfgs:fail;witness:ok"
"twostage_layered_lbfgs","twostage_default","psd-ml","boomsma","test","boomsma_3CS","cfa",25,34,"native","ML",2061859314,,"","",,"","psd:ordinary-error",,"OptimizerNonConvergence nlopt Sequential Quadratic Programming (SQP) (local  derivative): evaluation budget exhausted without convergence",,FALSE,0.139291355526049,0.139291355526046,"psd_default:ok;psd_layered:fail;twostage_default:ok;twostage_layered_lbfgs:fail;witness:ok"
"twostage_layered_lbfgs","twostage_default","psd-ml","boomsma","test","boomsma_3CS","cfa",25,34,"x0.01","ML",2061859314,,"","",,"","psd:ordinary-error",,"OptimizerNonConvergence nlopt Sequential Quadratic Programming (SQP) (local  derivative): evaluation budget exhausted without convergence",,FALSE,0.139291355526044,0.139291355526044,"psd_default:ok;psd_layered:fail;twostage_default:ok;twostage_layered_lbfgs:fail;witness:ok"
"twostage_layered_lbfgs","twostage_default","psd-ml","boomsma","test","boomsma_3CS","cfa",25,34,"x100","ML",2061859314,,"","",,"","psd:ordinary-error",,"OptimizerNonConvergence nlopt Sequential Quadratic Programming (SQP) (local  derivative): evaluation budget exhausted without convergence",,FALSE,0.139291355526062,0.139291355526044,"psd_default:ok;psd_layered:fail;twostage_default:ok;twostage_layered_lbfgs:fail;witness:ok"
"twostage_layered_lbfgs","twostage_default","psd-ml","boomsma","test","boomsma_3CS","cfa",25,37,"x0.01","ML",2061859317,0.147238974670369,"ill_conditioned","converged",48,"ordinary-estimates","psd:ordinary-inadmissible",TRUE,"",1,FALSE,0.117297770555879,0.117297770555879,"psd_default:ok;psd_layered:ok;twostage_default:ok;twostage_layered_lbfgs:fail;witness:ok"
"twostage_layered_lbfgs","twostage_default","psd-ml","boomsma","test","boomsma_3CS","cfa",25,40,"mixed","ML",2061859441,,"","",,"","psd:ordinary-inadmissible",,"OptimizerNonConvergence nlopt Sequential Quadratic Programming (SQP) (local  derivative): evaluation budget exhausted without convergence",,FALSE,0.288328626886657,0.180477875082091,"psd_default:ok;psd_layered:ok;twostage_default:ok;twostage_layered_lbfgs:fail;witness:ok"
"twostage_layered_lbfgs","twostage_default","psd-ml","boomsma","test","boomsma_3CS","cfa",25,41,"mixed","ML",2061859442,0.532817326571176,"nonpositive_curvature","converged",2788,"layered","psd:ordinary-error",TRUE,"",1,FALSE,0.281219982287757,0.281219982287755,"psd_default:ok;psd_layered:fail;twostage_default:ok;twostage_layered_lbfgs:fail;witness:ok"
"twostage_layered_lbfgs","twostage_default","psd-ml","boomsma","test","boomsma_3CS","cfa",25,41,"native","ML",2061859442,0.531804784931607,"nonpositive_curvature","converged",2806,"layered","psd:ordinary-error",TRUE,"",1,FALSE,0.281219982287761,0.281219982287755,"psd_default:ok;psd_layered:fail;twostage_default:ok;twostage_layered_lbfgs:fail;witness:ok"
"twostage_layered_lbfgs","twostage_default","psd-ml","boomsma","test","boomsma_3CS","cfa",25,41,"x0.01","ML",2061859442,0.531821349363515,"nonpositive_curvature","converged",2983,"layered","psd:ordinary-error",TRUE,"",1,FALSE,0.281219982287766,0.281219982287759,"psd_default:ok;psd_layered:fail;twostage_default:ok;twostage_layered_lbfgs:fail;witness:ok"
"twostage_layered_lbfgs","twostage_default","psd-ml","boomsma","test","boomsma_3CS","cfa",25,41,"x100","ML",2061859442,0.531816080184218,"nonpositive_curvature","converged",3003,"layered","psd:ordinary-error",TRUE,"",1,FALSE,0.456814264316638,0.281219982287759,"psd_default:ok;psd_layered:fail;twostage_default:ok;twostage_layered_lbfgs:fail;witness:ok"
"twostage_layered_lbfgs","twostage_default","psd-ml","boomsma","test","boomsma_3CS","cfa",25,44,"native","ML",2061859445,,"","",,"","psd:ordinary-error",,"OptimizerNonConvergence nlopt Sequential Quadratic Programming (SQP) (local  derivative): evaluation budget exhausted without convergence",,FALSE,0.31031739596991,0.3103173959699,"psd_default:ok;psd_layered:fail;twostage_default:ok;twostage_layered_lbfgs:fail;witness:ok"
"twostage_layered_lbfgs","twostage_default","psd-ml","boomsma","test","boomsma_3CS","cfa",25,44,"x0.01","ML",2061859445,,"","",,"","psd:ordinary-error",,"OptimizerNonConvergence nlopt Sequential Quadratic Programming (SQP) (local  derivative): evaluation budget exhausted without convergence",,FALSE,0.3103173959699,0.3103173959699,"psd_default:ok;psd_layered:fail;twostage_default:ok;twostage_layered_lbfgs:fail;witness:ok"
"twostage_layered_lbfgs","twostage_default","psd-ml","boomsma","test","boomsma_3CS","cfa",25,44,"x100","ML",2061859445,,"","",,"","psd:ordinary-error",,"OptimizerNonConvergence nlopt Sequential Quadratic Programming (SQP) (local  derivative): evaluation budget exhausted without convergence",,FALSE,0.3103173959699,0.3103173959699,"psd_default:ok;psd_layered:fail;twostage_default:ok;twostage_layered_lbfgs:fail;witness:ok"
"twostage_layered_lbfgs","twostage_default","psd-ml","boomsma","test","boomsma_3CS","cfa",25,46,"native","ML",2061859447,,"","",,"","psd:ordinary-error",,"OptimizerNonConvergence nlopt Sequential Quadratic Programming (SQP) (local  derivative): evaluation budget exhausted without convergence",,FALSE,0.0974520123703195,0.097452012370316,"psd_default:ok;psd_layered:fail;twostage_default:ok;twostage_layered_lbfgs:fail;witness:ok"
"twostage_layered_lbfgs","twostage_default","psd-ml","boomsma","test","boomsma_3CS","cfa",25,46,"x0.01","ML",2061859447,,"","",,"","psd:ordinary-error",,"OptimizerNonConvergence nlopt Sequential Quadratic Programming (SQP) (local  derivative): evaluation budget exhausted without convergence",,FALSE,0.0974520123703186,0.0974520123703151,"psd_default:ok;psd_layered:fail;twostage_default:ok;twostage_layered_lbfgs:fail;witness:ok"
"twostage_layered_lbfgs","twostage_default","psd-ml","boomsma","test","boomsma_3CS","cfa",25,46,"x100","ML",2061859447,,"","",,"","psd:ordinary-error",,"OptimizerNonConvergence nlopt Sequential Quadratic Programming (SQP) (local  derivative): evaluation budget exhausted without convergence",,FALSE,0.0974520123703186,0.0974520123703115,"psd_default:ok;psd_layered:fail;twostage_default:ok;twostage_layered_lbfgs:fail;witness:ok"
"twostage_layered_lbfgs","twostage_default","psd-ml","boomsma","test","boomsma_3CS","cfa",25,9,"mixed","ML",1310786769,0.259118300474919,"nonpositive_curvature","converged",183,"ordinary-estimates","psd:ordinary-rejected",TRUE,"",1,FALSE,0.259111930441852,0.136421981139724,"psd_default:ok;psd_layered:ok;twostage_default:ok;twostage_layered_lbfgs:fail;witness:ok"
"twostage_layered_lbfgs","twostage_default","psd-ml","boomsma","test","boomsma_3CS","cfa",25,9,"x100","ML",1310786769,,"","",,"","psd:ordinary-rejected",,"OptimizerNonConvergence nlopt Sequential Quadratic Programming (SQP) (local  derivative): evaluation budget exhausted without convergence",,FALSE,0.252286559124265,0.136421981139719,"psd_default:ok;psd_layered:ok;twostage_default:ok;twostage_layered_lbfgs:fail;witness:ok"
"twostage_layered_lbfgs","twostage_default","psd-ml","boomsma","test","boomsma_3UM","cfa",25,17,"x0.01","ML",706876442,,"","",,"","psd:ordinary-rejected",,"OptimizerNonConvergence nlopt Sequential Quadratic Programming (SQP) (local  derivative): evaluation budget exhausted without convergence",,FALSE,0.187945214569282,0.187945214569275,"psd_default:ok;psd_layered:ok;twostage_default:ok;twostage_layered_lbfgs:fail;witness:ok"
"twostage_layered_lbfgs","twostage_default","psd-ml","boomsma","test","boomsma_3UM","cfa",25,17,"x100","ML",706876442,,"","",,"","psd:ordinary-rejected",,"OptimizerNonConvergence nlopt Sequential Quadratic Programming (SQP) (local  derivative): evaluation budget exhausted without convergence",,FALSE,0.187945214569275,0.187945214569272,"psd_default:ok;psd_layered:ok;twostage_default:ok;twostage_layered_lbfgs:fail;witness:ok"
"twostage_layered_lbfgs","twostage_default","psd-ml","boomsma","test","boomsma_3UM","cfa",25,2,"mixed","ML",497186148,,"","",,"","psd:ordinary-rejected",,"OptimizerNonConvergence nlopt Sequential Quadratic Programming (SQP) (local  derivative): evaluation budget exhausted without convergence",,FALSE,0.102576935462361,0.102576935462361,"psd_default:ok;psd_layered:ok;twostage_default:ok;twostage_layered_lbfgs:fail;witness:ok"
"twostage_layered_lbfgs","twostage_default","psd-ml","boomsma","test","boomsma_3UM","cfa",25,23,"native","ML",706876569,,"","",,"","psd:ordinary-inadmissible",,"OptimizerNonConvergence nlopt Sequential Quadratic Programming (SQP) (local  derivative): evaluation budget exhausted without convergence",,FALSE,0.25614824210613,0.25614824210613,"psd_default:ok;psd_layered:fail;twostage_default:ok;twostage_layered_lbfgs:fail;witness:ok"
"twostage_layered_lbfgs","twostage_default","psd-ml","boomsma","test","boomsma_3UM","cfa",25,23,"x100","ML",706876569,,"","",,"","psd:ordinary-inadmissible",,"OptimizerNonConvergence nlopt Sequential Quadratic Programming (SQP) (local  derivative): evaluation budget exhausted without convergence",,FALSE,0.256148242106129,0.256148242106129,"psd_default:ok;psd_layered:fail;twostage_default:ok;twostage_layered_lbfgs:fail;witness:ok"
"twostage_layered_lbfgs","twostage_default","psd-ml","boomsma","test","boomsma_3UM","cfa",25,40,"native","ML",706876828,,"","",,"","psd:ordinary-rejected",,"OptimizerNonConvergence nlopt Sequential Quadratic Programming (SQP) (local  derivative): evaluation budget exhausted without convergence",,FALSE,0.325914841344197,0.325914841344197,"psd_default:ok;psd_layered:ok;twostage_default:ok;twostage_layered_lbfgs:fail;witness:ok"
"twostage_layered_lbfgs","twostage_default","psd-ml","boomsma","test","boomsma_3UM","cfa",25,40,"x100","ML",706876828,,"","",,"","psd:ordinary-rejected",,"OptimizerNonConvergence nlopt Sequential Quadratic Programming (SQP) (local  derivative): evaluation budget exhausted without convergence",,FALSE,0.325914841344193,0.325914841344193,"psd_default:ok;psd_layered:ok;twostage_default:ok;twostage_layered_lbfgs:fail;witness:ok"
"twostage_layered_lbfgs","twostage_default","psd-ml","boomsma","test","boomsma_3UM","cfa",25,42,"native","ML",706876830,,"","",,"","psd:ordinary-rejected",,"OptimizerNonConvergence nlopt Sequential Quadratic Programming (SQP) (local  derivative): evaluation budget exhausted without convergence",,FALSE,0.322595505603668,0.322595505603653,"psd_default:ok;psd_layered:ok;twostage_default:ok;twostage_layered_lbfgs:fail;witness:ok"
"twostage_layered_lbfgs","twostage_default","psd-ml","boomsma","test","boomsma_3US","cfa",100,14,"x0.01","ML",8834963,,"","",,"","psd:ordinary-rejected",,"OptimizerNonConvergence nlopt Sequential Quadratic Programming (SQP) (local  derivative): evaluation budget exhausted without convergence",,FALSE,0.0138007511998417,0.0138007511998381,"psd_default:fail;psd_layered:fail;twostage_default:ok;twostage_layered_lbfgs:fail;witness:ok"
"twostage_layered_lbfgs","twostage_default","psd-ml","boomsma","test","boomsma_3US","cfa",100,16,"mixed","ML",8834965,0.147242224812642,"available","converged",4849,"ordinary-estimates","psd:ordinary-rejected",TRUE,"",1,FALSE,0.0918865480057245,0.0918865480057232,"psd_default:ok;psd_layered:ok;twostage_default:ok;twostage_layered_lbfgs:fail;witness:ok"
"twostage_layered_lbfgs","twostage_default","psd-ml","boomsma","test","boomsma_3US","cfa",100,2,"native","ML",1409865856,,"","",,"","psd:ordinary-rejected",,"OptimizerNonConvergence nlopt Sequential Quadratic Programming (SQP) (local  derivative): evaluation budget exhausted without convergence",,FALSE,0.0472245987436386,0.0472245987436382,"psd_default:ok;psd_layered:fail;twostage_default:ok;twostage_layered_lbfgs:fail;witness:ok"
"twostage_layered_lbfgs","twostage_default","psd-ml","boomsma","test","boomsma_3US","cfa",100,2,"x0.01","ML",1409865856,,"","",,"","psd:ordinary-rejected",,"OptimizerNonConvergence nlopt Sequential Quadratic Programming (SQP) (local  derivative): evaluation budget exhausted without convergence",,FALSE,0.047224598743643,0.0472245987436395,"psd_default:ok;psd_layered:fail;twostage_default:ok;twostage_layered_lbfgs:fail;witness:ok"
"twostage_layered_lbfgs","twostage_default","psd-ml","boomsma","test","boomsma_3US","cfa",100,2,"x100","ML",1409865856,,"","",,"","psd:ordinary-rejected",,"OptimizerNonConvergence nlopt Sequential Quadratic Programming (SQP) (local  derivative): evaluation budget exhausted without convergence",,FALSE,0.0472245987436359,0.0472245987436359,"psd_default:ok;psd_layered:fail;twostage_default:ok;twostage_layered_lbfgs:fail;witness:ok"
"twostage_layered_lbfgs","twostage_default","psd-ml","boomsma","test","boomsma_3US","cfa",100,29,"native","ML",8835099,,"","",,"","psd:ordinary-rejected",,"OptimizerNonConvergence nlopt Sequential Quadratic Programming (SQP) (local  derivative): evaluation budget exhausted without convergence",,FALSE,0.0158113908073512,0.0158113908073512,"psd_default:ok;psd_layered:ok;twostage_default:ok;twostage_layered_lbfgs:fail;witness:ok"
"twostage_layered_lbfgs","twostage_default","psd-ml","boomsma","test","boomsma_3US","cfa",100,30,"mixed","ML",8835221,,"","",,"","psd:ordinary-inadmissible",,"OptimizerNonConvergence nlopt Sequential Quadratic Programming (SQP) (local  derivative): evaluation budget exhausted without convergence",,FALSE,0.0552793481029497,0.0552793481029497,"psd_default:ok;psd_layered:fail;twostage_default:ok;twostage_layered_lbfgs:fail;witness:fail"
"twostage_layered_lbfgs","twostage_default","psd-ml","boomsma","test","boomsma_3US","cfa",100,33,"x0.01","ML",8835224,,"","",,"","psd:ordinary-rejected",,"OptimizerNonConvergence nlopt Sequential Quadratic Programming (SQP) (local  derivative): evaluation budget exhausted without convergence",,FALSE,0.0598193794917954,0.0598193794917918,"psd_default:ok;psd_layered:fail;twostage_default:ok;twostage_layered_lbfgs:fail;witness:ok"
"twostage_layered_lbfgs","twostage_default","psd-ml","boomsma","test","boomsma_3US","cfa",100,33,"x100","ML",8835224,,"","",,"","psd:ordinary-rejected",,"OptimizerNonConvergence nlopt Sequential Quadratic Programming (SQP) (local  derivative): evaluation budget exhausted without convergence",,FALSE,0.0598193794917954,0.056609567815606,"psd_default:ok;psd_layered:fail;twostage_default:ok;twostage_layered_lbfgs:fail;witness:ok"
"twostage_layered_lbfgs","twostage_default","psd-ml","boomsma","test","boomsma_3US","cfa",100,38,"native","ML",8835229,,"","",,"","psd:ordinary-inadmissible",,"OptimizerNonConvergence nlopt Sequential Quadratic Programming (SQP) (local  derivative): evaluation budget exhausted without convergence",,FALSE,0.0755444503588074,0.075544450358807,"psd_default:ok;psd_layered:ok;twostage_default:ok;twostage_layered_lbfgs:fail;witness:ok"
"twostage_layered_lbfgs","twostage_default","psd-ml","boomsma","test","boomsma_3US","cfa",25,10,"native","ML",1716900641,,"","",,"","psd:ordinary-error",,"OptimizerNonConvergence nlopt Sequential Quadratic Programming (SQP) (local  derivative): evaluation budget exhausted without convergence",,FALSE,0.179015442037381,0.179015442037381,"psd_default:ok;psd_layered:fail;twostage_default:ok;twostage_layered_lbfgs:fail;witness:ok"
"twostage_layered_lbfgs","twostage_default","psd-ml","boomsma","test","boomsma_3US","cfa",25,10,"x0.01","ML",1716900641,,"","",,"","psd:ordinary-rejected",,"OptimizerNonConvergence nlopt Sequential Quadratic Programming (SQP) (local  derivative): evaluation budget exhausted without convergence",,FALSE,0.179015442037379,0.179015442037379,"psd_default:ok;psd_layered:fail;twostage_default:ok;twostage_layered_lbfgs:fail;witness:ok"
"twostage_layered_lbfgs","twostage_default","psd-ml","boomsma","test","boomsma_3US","cfa",25,10,"x100","ML",1716900641,0.179123790216913,"nonpositive_curvature","converged",144,"ordinary-estimates","psd:ordinary-rejected",TRUE,"",1,FALSE,0.179015442037382,0.179015442037382,"psd_default:ok;psd_layered:fail;twostage_default:ok;twostage_layered_lbfgs:fail;witness:ok"
"twostage_layered_lbfgs","twostage_default","psd-ml","boomsma","test","boomsma_3US","cfa",25,15,"mixed","ML",1716900646,,"","",,"","psd:ordinary-rejected",,"OptimizerNonConvergence nlopt Sequential Quadratic Programming (SQP) (local  derivative): evaluation budget exhausted without convergence",,FALSE,0.323159276578367,0.320944930367498,"psd_default:ok;psd_layered:ok;twostage_default:ok;twostage_layered_lbfgs:fail;witness:ok"
"twostage_layered_lbfgs","twostage_default","psd-ml","boomsma","test","boomsma_3US","cfa",25,15,"x0.01","ML",1716900646,0.388211528562117,"nonpositive_curvature","converged",235,"ordinary-estimates","psd:ordinary-rejected",TRUE,"",1,FALSE,0.32315927657837,0.320944930367496,"psd_default:ok;psd_layered:ok;twostage_default:ok;twostage_layered_lbfgs:fail;witness:ok"
"twostage_layered_lbfgs","twostage_default","psd-ml","boomsma","test","boomsma_3US","cfa",25,16,"mixed","ML",1716900647,,"","",,"","psd:ordinary-error",,"OptimizerNonConvergence nlopt Sequential Quadratic Programming (SQP) (local  derivative): evaluation budget exhausted without convergence",,FALSE,0.270872270539567,0.270872270539567,"psd_default:ok;psd_layered:fail;twostage_default:ok;twostage_layered_lbfgs:fail;witness:ok"
"twostage_layered_lbfgs","twostage_default","psd-ml","boomsma","test","boomsma_3US","cfa",25,16,"native","ML",1716900647,,"","",,"","psd:ordinary-error",,"OptimizerNonConvergence nlopt Sequential Quadratic Programming (SQP) (local  derivative): evaluation budget exhausted without convergence",,FALSE,0.270872270539573,0.270872270539569,"psd_default:ok;psd_layered:fail;twostage_default:ok;twostage_layered_lbfgs:fail;witness:ok"
"twostage_layered_lbfgs","twostage_default","psd-ml","boomsma","test","boomsma_3US","cfa",25,16,"x0.01","ML",1716900647,,"","",,"","psd:ordinary-error",,"OptimizerNonConvergence nlopt Sequential Quadratic Programming (SQP) (local  derivative): evaluation budget exhausted without convergence",,FALSE,0.270872270539584,0.270872270539563,"psd_default:ok;psd_layered:fail;twostage_default:ok;twostage_layered_lbfgs:fail;witness:ok"
"twostage_layered_lbfgs","twostage_default","psd-ml","boomsma","test","boomsma_3US","cfa",25,16,"x100","ML",1716900647,,"","",,"","psd:ordinary-error",,"OptimizerNonConvergence nlopt Sequential Quadratic Programming (SQP) (local  derivative): evaluation budget exhausted without convergence",,FALSE,0.270872270539574,0.27087227053957,"psd_default:ok;psd_layered:fail;twostage_default:ok;twostage_layered_lbfgs:fail;witness:ok"
"twostage_layered_lbfgs","twostage_default","psd-ml","boomsma","test","boomsma_3US","cfa",25,2,"x0.01","ML",45892122,0.389653206316982,"ill_conditioned","converged",52,"layered","psd:ordinary-error",TRUE,"",1,FALSE,0.209357982383779,0.19201938722497,"psd_default:ok;psd_layered:fail;twostage_default:ok;twostage_layered_lbfgs:fail;witness:ok"
"twostage_layered_lbfgs","twostage_default","psd-ml","boomsma","test","boomsma_3US","cfa",25,25,"mixed","ML",1716900777,0.206143576784664,"nonpositive_curvature","converged",3191,"layered","psd:ordinary-error",TRUE,"",1,FALSE,0.161341911224401,0.161341911224401,"psd_default:ok;psd_layered:fail;twostage_default:ok;twostage_layered_lbfgs:fail;witness:ok"
"twostage_layered_lbfgs","twostage_default","psd-ml","boomsma","test","boomsma_3US","cfa",25,25,"native","ML",1716900777,,"","",,"","psd:ordinary-error",,"OptimizerNonConvergence nlopt Sequential Quadratic Programming (SQP) (local  derivative): evaluation budget exhausted without convergence",,FALSE,0.161341911224406,0.161341911224403,"psd_default:ok;psd_layered:fail;twostage_default:ok;twostage_layered_lbfgs:fail;witness:ok"
"twostage_layered_lbfgs","twostage_default","psd-ml","boomsma","test","boomsma_3US","cfa",25,25,"x0.01","ML",1716900777,,"","",,"","psd:ordinary-error",,"OptimizerNonConvergence nlopt Sequential Quadratic Programming (SQP) (local  derivative): evaluation budget exhausted without convergence",,FALSE,0.161341911224401,0.161341911224401,"psd_default:ok;psd_layered:fail;twostage_default:ok;twostage_layered_lbfgs:fail;witness:ok"
"twostage_layered_lbfgs","twostage_default","psd-ml","boomsma","test","boomsma_3US","cfa",25,25,"x100","ML",1716900777,,"","",,"","psd:ordinary-error",,"OptimizerNonConvergence nlopt Sequential Quadratic Programming (SQP) (local  derivative): evaluation budget exhausted without convergence",,FALSE,0.161341911224447,0.161341911224401,"psd_default:ok;psd_layered:fail;twostage_default:ok;twostage_layered_lbfgs:fail;witness:ok"
"twostage_layered_lbfgs","twostage_default","psd-ml","boomsma","test","boomsma_3US","cfa",25,27,"native","ML",1716900779,,"","",,"","psd:ordinary-rejected",,"OptimizerNonConvergence nlopt Sequential Quadratic Programming (SQP) (local  derivative): evaluation budget exhausted without convergence",,FALSE,0.207036267215993,0.207036267215993,"psd_default:ok;psd_layered:fail;twostage_default:ok;twostage_layered_lbfgs:fail;witness:ok"
"twostage_layered_lbfgs","twostage_default","psd-ml","boomsma","test","boomsma_3US","cfa",25,27,"x0.01","ML",1716900779,0.267075843560587,"nonpositive_curvature","converged",4744,"ordinary-estimates","psd:ordinary-rejected",TRUE,"",1,FALSE,0.234511293351474,0.207036267215994,"psd_default:ok;psd_layered:ok;twostage_default:ok;twostage_layered_lbfgs:fail;witness:ok"
"twostage_layered_lbfgs","twostage_default","psd-ml","boomsma","test","boomsma_3US","cfa",25,29,"mixed","ML",1716900781,,"","",,"","psd:ordinary-rejected",,"OptimizerNonConvergence nlopt Sequential Quadratic Programming (SQP) (local  derivative): evaluation budget exhausted without convergence",,FALSE,0.17772501094487,0.175019410480957,"psd_default:ok;psd_layered:ok;twostage_default:ok;twostage_layered_lbfgs:fail;witness:ok"
"twostage_layered_lbfgs","twostage_default","psd-ml","boomsma","test","boomsma_3US","cfa",25,29,"x0.01","ML",1716900781,0.705621775115731,"nonpositive_curvature","converged",736,"ordinary-estimates","psd:ordinary-rejected",TRUE,"",1,FALSE,0.175019410480953,0.175019410480953,"psd_default:ok;psd_layered:ok;twostage_default:ok;twostage_layered_lbfgs:fail;witness:ok"
"twostage_layered_lbfgs","twostage_default","psd-ml","boomsma","test","boomsma_3US","cfa",25,29,"x100","ML",1716900781,,"","",,"","psd:ordinary-rejected",,"OptimizerNonConvergence nlopt Sequential Quadratic Programming (SQP) (local  derivative): evaluation budget exhausted without convergence",,FALSE,0.491680035281529,0.17501941048096,"psd_default:ok;psd_layered:ok;twostage_default:ok;twostage_layered_lbfgs:fail;witness:ok"
"twostage_layered_lbfgs","twostage_default","psd-ml","boomsma","test","boomsma_3US","cfa",25,3,"native","ML",45892123,,"","",,"","psd:ordinary-error",,"OptimizerNonConvergence nlopt Sequential Quadratic Programming (SQP) (local  derivative): evaluation budget exhausted without convergence",,FALSE,0.10345109100025,0.10345109100025,"psd_default:ok;psd_layered:fail;twostage_default:ok;twostage_layered_lbfgs:fail;witness:ok"
"twostage_layered_lbfgs","twostage_default","psd-ml","boomsma","test","boomsma_3US","cfa",25,3,"x100","ML",45892123,,"","",,"","psd:ordinary-error",,"OptimizerNonConvergence nlopt Sequential Quadratic Programming (SQP) (local  derivative): evaluation budget exhausted without convergence",,FALSE,0.103451091000252,0.103451091000252,"psd_default:ok;psd_layered:fail;twostage_default:ok;twostage_layered_lbfgs:fail;witness:ok"
"twostage_layered_lbfgs","twostage_default","psd-ml","boomsma","test","boomsma_3US","cfa",25,33,"x0.01","ML",1716900906,0.255207121293715,"nonpositive_curvature","converged",323,"ordinary-estimates","psd:ordinary-rejected",TRUE,"",1,FALSE,0.204535303216396,0.204535303216396,"psd_default:ok;psd_layered:ok;twostage_default:ok;twostage_layered_lbfgs:fail;witness:ok"
"twostage_layered_lbfgs","twostage_default","psd-ml","boomsma","test","boomsma_3US","cfa",25,34,"mixed","ML",1716900907,0.223877191699896,"available","converged",422,"ordinary-estimates","psd:ordinary-rejected",TRUE,"",1,FALSE,0.219462120046371,0.219462120046371,"psd_default:ok;psd_layered:ok;twostage_default:ok;twostage_layered_lbfgs:fail;witness:ok"
"twostage_layered_lbfgs","twostage_default","psd-ml","boomsma","test","boomsma_3US","cfa",25,4,"native","ML",45892124,,"","",,"","psd:ordinary-inadmissible",,"OptimizerNonConvergence nlopt Sequential Quadratic Programming (SQP) (local  derivative): evaluation budget exhausted without convergence",,FALSE,0.0413425538834367,0.0413425538834367,"psd_default:ok;psd_layered:fail;twostage_default:ok;twostage_layered_lbfgs:fail;witness:ok"
"twostage_layered_lbfgs","twostage_default","psd-ml","boomsma","test","boomsma_3US","cfa",25,4,"x100","ML",45892124,,"","",,"","psd:ordinary-inadmissible",,"OptimizerNonConvergence nlopt Sequential Quadratic Programming (SQP) (local  derivative): evaluation budget exhausted without convergence",,FALSE,0.0413425538834353,0.0413425538834353,"psd_default:ok;psd_layered:fail;twostage_default:ok;twostage_layered_lbfgs:fail;witness:ok"
"twostage_layered_lbfgs","twostage_default","psd-ml","boomsma","test","boomsma_3US","cfa",25,44,"native","ML",1716901038,,"","",,"","psd:ordinary-error",,"OptimizerNonConvergence nlopt Sequential Quadratic Programming (SQP) (local  derivative): evaluation budget exhausted without convergence",,FALSE,0.166229480494485,0.166229480494485,"psd_default:ok;psd_layered:fail;twostage_default:ok;twostage_layered_lbfgs:fail;witness:ok"
"twostage_layered_lbfgs","twostage_default","psd-ml","boomsma","test","boomsma_3US","cfa",25,44,"x0.01","ML",1716901038,,"","",,"","psd:ordinary-error",,"OptimizerNonConvergence nlopt Sequential Quadratic Programming (SQP) (local  derivative): evaluation budget exhausted without convergence",,FALSE,0.166229480494497,0.166229480494483,"psd_default:ok;psd_layered:fail;twostage_default:ok;twostage_layered_lbfgs:fail;witness:ok"
"twostage_layered_lbfgs","twostage_default","psd-ml","boomsma","test","boomsma_3US","cfa",25,44,"x100","ML",1716901038,,"","",,"","psd:ordinary-error",,"OptimizerNonConvergence nlopt Sequential Quadratic Programming (SQP) (local  derivative): evaluation budget exhausted without convergence",,FALSE,0.166229480494511,0.166229480494486,"psd_default:ok;psd_layered:fail;twostage_default:ok;twostage_layered_lbfgs:fail;witness:ok"
"twostage_layered_lbfgs","twostage_default","psd-ml","boomsma","test","boomsma_3US","cfa",25,46,"native","ML",1716901040,,"","",,"","psd:ordinary-inadmissible",,"OptimizerNonConvergence nlopt Sequential Quadratic Programming (SQP) (local  derivative): evaluation budget exhausted without convergence",,FALSE,0.0649869221262285,0.061198051942823,"psd_default:ok;psd_layered:ok;twostage_default:ok;twostage_layered_lbfgs:fail;witness:ok"
"twostage_layered_lbfgs","twostage_default","psd-ml","boomsma","test","boomsma_3US","cfa",25,46,"x100","ML",1716901040,,"","",,"","psd:ordinary-inadmissible",,"OptimizerNonConvergence nlopt Sequential Quadratic Programming (SQP) (local  derivative): evaluation budget exhausted without convergence",,FALSE,0.0649869221262342,0.0611980519428279,"psd_default:ok;psd_layered:ok;twostage_default:ok;twostage_layered_lbfgs:fail;witness:ok"
"twostage_layered_lbfgs","twostage_default","psd-ml","boomsma","test","boomsma_3US","cfa",25,48,"mixed","ML",1716901042,,"","",,"","psd:ordinary-rejected",,"OptimizerNonConvergence nlopt Sequential Quadratic Programming (SQP) (local  derivative): evaluation budget exhausted without convergence",,FALSE,0.305266199926221,0.305266199926221,"psd_default:ok;psd_layered:ok;twostage_default:ok;twostage_layered_lbfgs:fail;witness:ok"
"twostage_layered_lbfgs","twostage_default","psd-ml","boomsma","test","boomsma_3US","cfa",25,48,"native","ML",1716901042,,"","",,"","psd:ordinary-rejected",,"OptimizerNonConvergence nlopt Sequential Quadratic Programming (SQP) (local  derivative): evaluation budget exhausted without convergence",,FALSE,0.310537833151551,0.305266199926226,"psd_default:ok;psd_layered:ok;twostage_default:ok;twostage_layered_lbfgs:fail;witness:ok"
"twostage_layered_lbfgs","twostage_default","psd-ml","boomsma","test","boomsma_3US","cfa",25,48,"x0.01","ML",1716901042,,"","",,"","psd:ordinary-rejected",,"OptimizerNonConvergence nlopt Sequential Quadratic Programming (SQP) (local  derivative): evaluation budget exhausted without convergence",,FALSE,0.31053783315155,0.305266199926216,"psd_default:ok;psd_layered:ok;twostage_default:ok;twostage_layered_lbfgs:fail;witness:ok"
"twostage_layered_lbfgs","twostage_default","psd-ml","boomsma","test","boomsma_3US","cfa",25,7,"mixed","ML",45892127,,"","",,"","psd:ordinary-rejected",,"OptimizerNonConvergence nlopt Sequential Quadratic Programming (SQP) (local  derivative): evaluation budget exhausted without convergence",,FALSE,0.245573324288679,0.244514818699275,"psd_default:ok;psd_layered:ok;twostage_default:ok;twostage_layered_lbfgs:fail;witness:ok"
"twostage_layered_lbfgs","twostage_default","psd-ml","boomsma","test","boomsma_3US","cfa",25,9,"native","ML",45892129,,"","",,"","psd:ordinary-error",,"OptimizerNonConvergence nlopt Sequential Quadratic Programming (SQP) (local  derivative): evaluation budget exhausted without convergence",,FALSE,0.0981258586627813,0.0981258586627813,"psd_default:ok;psd_layered:fail;twostage_default:ok;twostage_layered_lbfgs:fail;witness:ok"
"twostage_layered_lbfgs","twostage_default","psd-ml","boomsma","test","boomsma_3US","cfa",25,9,"x0.01","ML",45892129,,"","",,"","psd:ordinary-error",,"OptimizerNonConvergence nlopt Sequential Quadratic Programming (SQP) (local  derivative): evaluation budget exhausted without convergence",,FALSE,0.0981258586627796,0.0981258586627796,"psd_default:ok;psd_layered:fail;twostage_default:ok;twostage_layered_lbfgs:fail;witness:ok"
"twostage_layered_lbfgs","twostage_default","psd-ml","boomsma","test","boomsma_3US","cfa",25,9,"x100","ML",45892129,,"","",,"","psd:ordinary-error",,"OptimizerNonConvergence nlopt Sequential Quadratic Programming (SQP) (local  derivative): evaluation budget exhausted without convergence",,FALSE,0.098125858662776,0.098125858662776,"psd_default:ok;psd_layered:fail;twostage_default:ok;twostage_layered_lbfgs:fail;witness:ok"
"twostage_layered_lbfgs","twostage_default","psd-ml","boomsma","test","boomsma_4CS","cfa",25,29,"x0.01","ML",1102288958,0.529168821323964,"ill_conditioned","converged",318,"layered","psd:ordinary-error",TRUE,"",1,FALSE,0.529168821323914,0.529168821323914,"psd_default:ok;psd_layered:fail;twostage_default:ok;twostage_layered_lbfgs:fail;witness:fail"
"twostage_layered_lbfgs","twostage_default","psd-ml","boomsma","test","boomsma_4CS","cfa",25,3,"native","ML",1172317761,,"","",,"","psd:ordinary-rejected",,"OptimizerNonConvergence nlopt Sequential Quadratic Programming (SQP) (local  derivative): evaluation budget exhausted without convergence",,FALSE,0.477718573525321,0.477718573524835,"psd_default:ok;psd_layered:ok;twostage_default:ok;twostage_layered_lbfgs:fail;witness:ok"
"twostage_layered_lbfgs","twostage_default","psd-ml","boomsma","test","boomsma_4CS","cfa",25,3,"x100","ML",1172317761,0.635000469906913,"nonpositive_curvature","converged",3061,"ordinary-estimates","psd:ordinary-rejected",TRUE,"",1.00000000005703,FALSE,0.477718573524903,0.477718573524839,"psd_default:ok;psd_layered:ok;twostage_default:ok;twostage_layered_lbfgs:fail;witness:ok"
"twostage_layered_lbfgs","twostage_default","psd-ml","boomsma","test","boomsma_4UM","cfa",25,5,"native","ML",358717149,,"","",,"","psd:ordinary-rejected",,"OptimizerNonConvergence nlopt Sequential Quadratic Programming (SQP) (local  derivative): evaluation budget exhausted without convergence",,FALSE,0.496675979726586,0.496675979726585,"psd_default:ok;psd_layered:ok;twostage_default:ok;twostage_layered_lbfgs:fail;witness:ok"
"twostage_layered_lbfgs","twostage_default","psd-ml","boomsma","test","boomsma_4US","cfa",25,11,"mixed","ML",757330412,,"","",,"","psd:ordinary-inadmissible",,"OptimizerNonConvergence nlopt Sequential Quadratic Programming (SQP) (local  derivative): evaluation budget exhausted without convergence",,FALSE,0.304095853443163,0.304095853443155,"psd_default:ok;psd_layered:ok;twostage_default:ok;twostage_layered_lbfgs:fail;witness:ok"
"twostage_layered_lbfgs","twostage_default","psd-ml","boomsma","test","boomsma_4US","cfa",25,11,"native","ML",757330412,,"","",,"","psd:ordinary-inadmissible",,"OptimizerNonConvergence nlopt Sequential Quadratic Programming (SQP) (local  derivative): evaluation budget exhausted without convergence",,FALSE,0.304095853443171,0.304095853443142,"psd_default:ok;psd_layered:ok;twostage_default:ok;twostage_layered_lbfgs:fail;witness:ok"
"twostage_layered_lbfgs","twostage_default","psd-ml","boomsma","test","boomsma_4US","cfa",25,11,"x0.01","ML",757330412,,"","",,"","psd:ordinary-inadmissible",,"OptimizerNonConvergence nlopt Sequential Quadratic Programming (SQP) (local  derivative): evaluation budget exhausted without convergence",,FALSE,0.304095853443172,0.304095853443137,"psd_default:ok;psd_layered:ok;twostage_default:ok;twostage_layered_lbfgs:fail;witness:ok"
"twostage_layered_lbfgs","twostage_default","psd-ml","boomsma","test","boomsma_4US","cfa",25,11,"x100","ML",757330412,,"","",,"","psd:ordinary-inadmissible",,"OptimizerNonConvergence nlopt Sequential Quadratic Programming (SQP) (local  derivative): evaluation budget exhausted without convergence",,FALSE,0.304095853443208,0.304095853443151,"psd_default:ok;psd_layered:ok;twostage_default:ok;twostage_layered_lbfgs:fail;witness:ok"
"twostage_layered_lbfgs","twostage_default","psd-ml","boomsma","test","boomsma_4US","cfa",25,13,"x0.01","ML",757330414,0.570591490617524,"nonpositive_curvature","converged",2810,"ordinary-estimates","psd:ordinary-inadmissible",TRUE,"",1,FALSE,0.454981587924138,0.43858946411779,"psd_default:ok;psd_layered:ok;twostage_default:ok;twostage_layered_lbfgs:fail;witness:ok"
"twostage_layered_lbfgs","twostage_default","psd-ml","boomsma","test","boomsma_4US","cfa",25,15,"mixed","ML",757330416,0.668720842682372,"ill_conditioned","converged",58,"layered","psd:ordinary-error",TRUE,"",1,FALSE,0.561920007002609,0.561920007002609,"psd_default:ok;psd_layered:fail;twostage_default:ok;twostage_layered_lbfgs:fail;witness:fail"
"twostage_layered_lbfgs","twostage_default","psd-ml","boomsma","test","boomsma_4US","cfa",25,15,"x0.01","ML",757330416,0.668720842682355,"ill_conditioned","converged",57,"layered","psd:ordinary-error",TRUE,"",1,FALSE,0.56192000700262,0.56192000700262,"psd_default:ok;psd_layered:fail;twostage_default:ok;twostage_layered_lbfgs:fail;witness:fail"
"twostage_layered_lbfgs","twostage_default","psd-ml","boomsma","test","boomsma_4US","cfa",25,40,"mixed","ML",757330804,0.833826423437562,"ill_conditioned","converged",69,"layered","psd:ordinary-error",TRUE,"",1,FALSE,0.727463922581906,0.727463922581906,"psd_default:ok;psd_layered:fail;twostage_default:ok;twostage_layered_lbfgs:fail;witness:fail"
"twostage_layered_lbfgs","twostage_default","psd-ml","boomsma","test","boomsma_4US","cfa",25,40,"x0.01","ML",757330804,0.833826423437472,"ill_conditioned","converged",66,"layered","psd:ordinary-error",TRUE,"",1,FALSE,0.727463922581876,0.727463922581876,"psd_default:ok;psd_layered:fail;twostage_default:ok;twostage_layered_lbfgs:fail;witness:fail"
"twostage_layered_lbfgs","twostage_default","psd-ml","boomsma","test","boomsma_4US","cfa",25,40,"x100","ML",757330804,0.838263404766181,"available","converged",4939,"ordinary-estimates","psd:ordinary-rejected",TRUE,"",1,FALSE,0.727463922581912,0.727463922581912,"psd_default:ok;psd_layered:ok;twostage_default:ok;twostage_layered_lbfgs:fail;witness:fail"
"twostage_layered_lbfgs","twostage_default","psd-ml","boomsma","test","boomsma_4US","cfa",25,42,"native","ML",757330806,,"","",,"","psd:ordinary-inadmissible",,"OptimizerNonConvergence nlopt Sequential Quadratic Programming (SQP) (local  derivative): evaluation budget exhausted without convergence",,FALSE,0.525859434182477,0.525859434182354,"psd_default:ok;psd_layered:fail;twostage_default:ok;twostage_layered_lbfgs:fail;witness:ok"
"twostage_layered_lbfgs","twostage_default","psd-ml","boomsma","test","boomsma_4US","cfa",25,42,"x0.01","ML",757330806,,"","",,"","psd:ordinary-inadmissible",,"OptimizerNonConvergence nlopt Sequential Quadratic Programming (SQP) (local  derivative): evaluation budget exhausted without convergence",,FALSE,0.525859434182408,0.525859434182351,"psd_default:ok;psd_layered:fail;twostage_default:ok;twostage_layered_lbfgs:fail;witness:ok"
"twostage_layered_lbfgs","twostage_default","psd-ml","boomsma","test","boomsma_4US","cfa",25,42,"x100","ML",757330806,,"","",,"","psd:ordinary-inadmissible",,"OptimizerNonConvergence nlopt Sequential Quadratic Programming (SQP) (local  derivative): evaluation budget exhausted without convergence",,FALSE,0.525859434182443,0.525859434182387,"psd_default:ok;psd_layered:fail;twostage_default:ok;twostage_layered_lbfgs:fail;witness:ok"
"twostage_layered_lbfgs","twostage_default","psd-ml","constrained","test","eqcfa_l40","equal_loadings",25,3,"x0.01","ML",875401922,,"","",,"","psd:ordinary-rejected",,"OptimizerNonConvergence PSD lift finalization could not round-trip the terminal covariance links into ordinary partable coordinates",,FALSE,0.736842415051768,0.736842415051768,"psd_default:ok;psd_layered:ok;twostage_default:ok;twostage_layered_lbfgs:fail;witness:fail"
"twostage_layered_lbfgs","twostage_default","psd-ml","constrained","test","eqcfa_l40","equal_loadings",25,30,"x0.01","ML",861019493,,"","",,"","psd:ordinary-rejected",,"OptimizerNonConvergence PSD lift finalization could not round-trip the terminal covariance links into ordinary partable coordinates",,FALSE,0.809065016515511,0.809065016515511,"psd_default:ok;psd_layered:ok;twostage_default:ok;twostage_layered_lbfgs:fail;witness:fail"
"twostage_layered_lbfgs","twostage_default","psd-ml","constrained","test","eqcfa_l40","equal_loadings",25,44,"native","ML",861019628,,"","",,"","psd:ordinary-inadmissible",,"OptimizerNonConvergence PSD lift finalization could not round-trip the terminal covariance links into ordinary partable coordinates",,FALSE,0.578972365507715,0.578972365507706,"psd_default:ok;psd_layered:ok;twostage_default:ok;twostage_layered_lbfgs:fail;witness:ok"
"twostage_layered_lbfgs","twostage_default","psd-ml","constrained","test","eqchain_b20","equal_paths_disturbances",25,27,"x100","ML",1681210461,1.65240990043458,"nonpositive_curvature","converged",4107,"ordinary-estimates","psd:ordinary-rejected",TRUE,"",1,FALSE,1.63835882282886,1.63835882282877,"psd_default:fail;psd_layered:ok;twostage_default:ok;twostage_layered_lbfgs:fail;witness:ok"
"twostage_layered_lbfgs","twostage_default","psd-ml","constrained","test","eqchain_b20","equal_paths_disturbances",25,32,"x100","ML",1681210587,1.47229684560201,"nonpositive_curvature","converged",32,"ordinary-estimates","psd:ordinary-rejected",TRUE,"",1,FALSE,1.35529282382765,1.35529282382765,"psd_default:ok;psd_layered:ok;twostage_default:ok;twostage_layered_lbfgs:fail;witness:ok"
"twostage_layered_lbfgs","twostage_default","psd-ml","constrained","test","eqchain_b20","equal_paths",25,32,"x100","ML",1681210587,1.44212327470118,"nonpositive_curvature","converged",51,"ordinary-estimates","psd:ordinary-rejected",TRUE,"",1,FALSE,1.32489251359529,1.32489251359529,"psd_default:ok;psd_layered:ok;twostage_default:ok;twostage_layered_lbfgs:fail;witness:ok"
"twostage_layered_lbfgs","twostage_default","psd-ml","constrained","test","eqchain_b20","equal_paths",25,5,"native","ML",1930815232,,"","",,"","psd:ordinary-rejected",,"OptimizerNonConvergence nlopt Sequential Quadratic Programming (SQP) (local  derivative): evaluation budget exhausted without convergence",,FALSE,1.42891988907557,1.42891988907524,"psd_default:ok;psd_layered:ok;twostage_default:ok;twostage_layered_lbfgs:fail;witness:ok"
"twostage_layered_lbfgs","twostage_default","psd-ml","constrained","test","eqmean","equal_intercepts_residuals",100,14,"x100","ML",1561709202,,"","",,"","psd:ordinary-rejected",,"OptimizerNonConvergence nlopt Sequential Quadratic Programming (SQP) (local  derivative): evaluation budget exhausted without convergence",,FALSE,0.197192904939297,0.197192904939293,"psd_default:ok;psd_layered:ok;twostage_default:ok;twostage_layered_lbfgs:fail;witness:ok"
"twostage_layered_lbfgs","twostage_default","psd-ml","constrained","test","eqmean","equal_intercepts_residuals",25,13,"native","ML",1466466569,1.2306890417014,"nonpositive_curvature","converged",2435,"ordinary-estimates","psd:ordinary-inadmissible",TRUE,"",1,FALSE,1.18733177928802,1.18733177928802,"psd_default:ok;psd_layered:fail;twostage_default:ok;twostage_layered_lbfgs:fail;witness:ok"
"twostage_layered_lbfgs","twostage_default","psd-ml","constrained","test","eqmean","equal_intercepts_residuals",25,13,"x100","ML",1466466569,1.23073832037083,"ill_conditioned","converged",2305,"ordinary-estimates","psd:ordinary-inadmissible",TRUE,"",1,FALSE,1.18733177928802,1.18733177928802,"psd_default:ok;psd_layered:fail;twostage_default:ok;twostage_layered_lbfgs:fail;witness:ok"
"twostage_layered_lbfgs","twostage_default","psd-ml","constrained","test","eqmean","equal_intercepts_residuals",25,28,"native","ML",1466466705,,"","",,"","psd:ordinary-error",,"OptimizerNonConvergence nlopt Sequential Quadratic Programming (SQP) (local  derivative): evaluation budget exhausted without convergence",,FALSE,0.776623128091669,0.776623128091669,"psd_default:ok;psd_layered:fail;twostage_default:ok;twostage_layered_lbfgs:fail;witness:ok"
"twostage_layered_lbfgs","twostage_default","psd-ml","constrained","test","eqmean","equal_intercepts_residuals",25,28,"x0.01","ML",1466466705,,"","",,"","psd:ordinary-error",,"OptimizerNonConvergence nlopt Sequential Quadratic Programming (SQP) (local  derivative): evaluation budget exhausted without convergence",,FALSE,0.776623128091688,0.77662312809168,"psd_default:ok;psd_layered:fail;twostage_default:ok;twostage_layered_lbfgs:fail;witness:ok"
"twostage_layered_lbfgs","twostage_default","psd-ml","constrained","test","eqmean","equal_intercepts_residuals",25,28,"x100","ML",1466466705,,"","",,"","psd:ordinary-rejected",,"OptimizerNonConvergence nlopt Sequential Quadratic Programming (SQP) (local  derivative): evaluation budget exhausted without convergence",,FALSE,0.776623128091663,0.776623128091662,"psd_default:ok;psd_layered:fail;twostage_default:ok;twostage_layered_lbfgs:fail;witness:ok"
"twostage_layered_lbfgs","twostage_default","psd-ml","constrained","test","eqmean","equal_intercepts_residuals",25,32,"native","ML",1466466830,0.873584909046885,"nonpositive_curvature","converged",2506,"layered","psd:ordinary-error",TRUE,"",1,FALSE,0.813236974854917,0.813236974854905,"psd_default:ok;psd_layered:fail;twostage_default:ok;twostage_layered_lbfgs:fail;witness:ok"
"twostage_layered_lbfgs","twostage_default","psd-ml","constrained","test","eqmean","equal_intercepts_residuals",25,32,"x0.01","ML",1466466830,0.873595716671267,"nonpositive_curvature","converged",2739,"layered","psd:ordinary-error",TRUE,"",1,FALSE,0.813236974854904,0.813236974854904,"psd_default:ok;psd_layered:fail;twostage_default:ok;twostage_layered_lbfgs:fail;witness:ok"
"twostage_layered_lbfgs","twostage_default","psd-ml","constrained","test","eqmean","equal_intercepts_residuals",25,32,"x100","ML",1466466830,0.873585204763354,"nonpositive_curvature","converged",2479,"layered","psd:ordinary-error",TRUE,"",1,FALSE,0.813236974854904,0.813236974854904,"psd_default:ok;psd_layered:fail;twostage_default:ok;twostage_layered_lbfgs:fail;witness:ok"
"twostage_layered_lbfgs","twostage_default","psd-ml","constrained","test","eqmean","equal_intercepts_residuals",25,38,"native","ML",1466466836,1.04462275997112,"ill_conditioned","converged",2338,"layered","psd:ordinary-error",TRUE,"",1,FALSE,0.998847032835165,0.998847032835155,"psd_default:ok;psd_layered:fail;twostage_default:ok;twostage_layered_lbfgs:fail;witness:ok"
"twostage_layered_lbfgs","twostage_default","psd-ml","constrained","test","eqmean","equal_intercepts_residuals",25,38,"x0.01","ML",1466466836,1.04466379446902,"nonpositive_curvature","converged",2392,"layered","psd:ordinary-error",TRUE,"",1,FALSE,0.998847032835188,0.998847032835139,"psd_default:ok;psd_layered:fail;twostage_default:ok;twostage_layered_lbfgs:fail;witness:ok"
"twostage_layered_lbfgs","twostage_default","psd-ml","constrained","test","eqmean","equal_intercepts_residuals",25,38,"x100","ML",1466466836,1.04462273079222,"nonpositive_curvature","converged",2579,"layered","psd:ordinary-error",TRUE,"",1,FALSE,0.998847032835186,0.998847032835151,"psd_default:ok;psd_layered:fail;twostage_default:ok;twostage_layered_lbfgs:fail;witness:ok"
"twostage_layered_lbfgs","twostage_default","psd-ml","constrained","test","eqmean","equal_intercepts_residuals",25,43,"native","ML",1466466962,1.2495547215711,"nonpositive_curvature","converged",1607,"ordinary-estimates","psd:ordinary-inadmissible",TRUE,"",1,FALSE,1.03005139109111,1.03005139109111,"psd_default:ok;psd_layered:fail;twostage_default:ok;twostage_layered_lbfgs:fail;witness:ok"
"twostage_layered_lbfgs","twostage_default","psd-ml","constrained","test","eqmean","equal_intercepts_residuals",25,43,"x100","ML",1466466962,1.24953505571917,"nonpositive_curvature","converged",1577,"ordinary-estimates","psd:ordinary-inadmissible",TRUE,"",1,FALSE,1.0300513910911,1.0300513910911,"psd_default:ok;psd_layered:fail;twostage_default:ok;twostage_layered_lbfgs:fail;witness:ok"
"twostage_layered_lbfgs","twostage_default","psd-ml","constrained","test","eqmean","equal_intercepts_residuals",25,5,"x0.01","ML",1076739717,1.21297410582333,"nonpositive_curvature","converged",2602,"layered","psd:ordinary-error",TRUE,"",1,FALSE,1.13533956963564,1.13533956963564,"psd_default:ok;psd_layered:fail;twostage_default:ok;twostage_layered_lbfgs:fail;witness:ok"
"twostage_layered_lbfgs","twostage_default","psd-ml","constrained","test","eqmean","equal_intercepts_residuals",25,5,"x100","ML",1076739717,1.21297498537442,"nonpositive_curvature","converged",2464,"layered","psd:ordinary-error",TRUE,"",1,FALSE,1.18167643100871,1.18167643100871,"psd_default:fail;psd_layered:fail;twostage_default:ok;twostage_layered_lbfgs:fail;witness:ok"
"twostage_layered_lbfgs","twostage_default","psd-ml","constrained","test","eqmean","equal_intercepts",100,14,"native","ML",1561709202,0.208792387813169,"nonpositive_curvature","converged",2953,"layered","psd:ordinary-error",TRUE,"",1,FALSE,0.153419357652979,0.153419357652948,"psd_default:ok;psd_layered:fail;twostage_default:ok;twostage_layered_lbfgs:fail;witness:ok"
"twostage_layered_lbfgs","twostage_default","psd-ml","constrained","test","eqmean","equal_intercepts",100,14,"x100","ML",1561709202,0.208803547078389,"nonpositive_curvature","converged",2596,"layered","psd:ordinary-error",TRUE,"",1,FALSE,0.153419357652949,0.153419357652949,"psd_default:ok;psd_layered:fail;twostage_default:ok;twostage_layered_lbfgs:fail;witness:ok"
"twostage_layered_lbfgs","twostage_default","psd-ml","constrained","test","eqmean","equal_intercepts",100,44,"x0.01","ML",1561709595,,"","",,"","psd:ordinary-rejected",,"OptimizerNonConvergence nlopt Sequential Quadratic Programming (SQP) (local  derivative): evaluation budget exhausted without convergence",,FALSE,0.300933426840062,0.289087465531164,"psd_default:fail;psd_layered:ok;twostage_default:ok;twostage_layered_lbfgs:fail;witness:fail"
"twostage_layered_lbfgs","twostage_default","psd-ml","constrained","test","eqmean","equal_intercepts",25,13,"x0.01","ML",1466466569,,"","",,"","psd:ordinary-rejected",,"OptimizerNonConvergence nlopt Sequential Quadratic Programming (SQP) (local  derivative): evaluation budget exhausted without convergence",,FALSE,1.13163088803681,1.13163088803681,"psd_default:fail;psd_layered:fail;twostage_default:ok;twostage_layered_lbfgs:fail;witness:fail"
"twostage_layered_lbfgs","twostage_default","psd-ml","constrained","test","eqmean","equal_intercepts",25,19,"native","ML",1466466575,0.641856388918593,"nonpositive_curvature","converged",4132,"layered","psd:ordinary-error",TRUE,"",1,FALSE,0.583119375748812,0.583119375748809,"psd_default:ok;psd_layered:fail;twostage_default:ok;twostage_layered_lbfgs:fail;witness:ok"
"twostage_layered_lbfgs","twostage_default","psd-ml","constrained","test","eqmean","equal_intercepts",25,19,"x100","ML",1466466575,0.641856388083576,"nonpositive_curvature","converged",4721,"layered","psd:ordinary-error",TRUE,"",1,FALSE,0.599246183253792,0.583119375748799,"psd_default:ok;psd_layered:fail;twostage_default:ok;twostage_layered_lbfgs:fail;witness:ok"
"twostage_layered_lbfgs","twostage_default","psd-ml","constrained","test","eqmean","equal_intercepts",25,21,"x0.01","ML",1466466698,0.524329999164015,"ill_conditioned","converged",83,"ordinary-estimates","psd:ordinary-inadmissible",TRUE,"",1,FALSE,0.510946770959607,0.51094677095957,"psd_default:ok;psd_layered:fail;twostage_default:ok;twostage_layered_lbfgs:fail;witness:ok"
"twostage_layered_lbfgs","twostage_default","psd-ml","constrained","test","eqmean","equal_intercepts",25,29,"native","ML",1466466706,,"","",,"","psd:ordinary-inadmissible",,"OptimizerNonConvergence nlopt Sequential Quadratic Programming (SQP) (local  derivative): evaluation budget exhausted without convergence",,FALSE,0.694663022101848,0.694663022101704,"psd_default:ok;psd_layered:fail;twostage_default:ok;twostage_layered_lbfgs:fail;witness:ok"
"twostage_layered_lbfgs","twostage_default","psd-ml","constrained","test","eqmean","equal_intercepts",25,31,"x0.01","ML",1466466829,0.613062980661537,"ill_conditioned","converged",57,"layered","psd:ordinary-error",TRUE,"",1,FALSE,0.622410537296467,0.622410537296467,"psd_default:fail;psd_layered:fail;twostage_default:ok;twostage_layered_lbfgs:fail;witness:ok"
"twostage_layered_lbfgs","twostage_default","psd-ml","constrained","test","eqmean","equal_intercepts",25,32,"native","ML",1466466830,0.603580786098558,"nonpositive_curvature","converged",3327,"layered","psd:ordinary-error",TRUE,"",1,FALSE,0.523873594942668,0.523873594942651,"psd_default:ok;psd_layered:fail;twostage_default:ok;twostage_layered_lbfgs:fail;witness:ok"
"twostage_layered_lbfgs","twostage_default","psd-ml","constrained","test","eqmean","equal_intercepts",25,32,"x0.01","ML",1466466830,,"","",,"","psd:ordinary-error",,"OptimizerNonConvergence nlopt Sequential Quadratic Programming (SQP) (local  derivative): evaluation budget exhausted without convergence",,FALSE,0.523873594942662,0.523873594942642,"psd_default:ok;psd_layered:fail;twostage_default:ok;twostage_layered_lbfgs:fail;witness:ok"
"twostage_layered_lbfgs","twostage_default","psd-ml","constrained","test","eqmean","equal_intercepts",25,32,"x100","ML",1466466830,0.603554337041373,"nonpositive_curvature","converged",4526,"layered","psd:ordinary-error",TRUE,"",1,FALSE,0.523873594942742,0.523873594942645,"psd_default:ok;psd_layered:fail;twostage_default:ok;twostage_layered_lbfgs:fail;witness:ok"
"twostage_layered_lbfgs","twostage_default","psd-ml","constrained","test","eqmean","equal_intercepts",25,33,"x0.01","ML",1466466831,0.450903474750278,"nonpositive_curvature","converged",3722,"ordinary-estimates","psd:ordinary-inadmissible",TRUE,"",1,FALSE,0.431084286527727,0.431084286527682,"psd_default:ok;psd_layered:fail;twostage_default:ok;twostage_layered_lbfgs:fail;witness:ok"
"twostage_layered_lbfgs","twostage_default","psd-ml","constrained","test","eqmean","equal_intercepts",25,36,"native","ML",1466466834,,"","",,"","psd:ordinary-error",,"OptimizerNonConvergence nlopt Sequential Quadratic Programming (SQP) (local  derivative): evaluation budget exhausted without convergence",,FALSE,0.746143569960352,0.746143569960352,"psd_default:ok;psd_layered:fail;twostage_default:ok;twostage_layered_lbfgs:fail;witness:fail"
"twostage_layered_lbfgs","twostage_default","psd-ml","constrained","test","eqmean","equal_intercepts",25,36,"x100","ML",1466466834,,"","",,"","psd:ordinary-error",,"OptimizerNonConvergence nlopt Sequential Quadratic Programming (SQP) (local  derivative): evaluation budget exhausted without convergence",,FALSE,0.746143569960386,0.746143569960386,"psd_default:ok;psd_layered:fail;twostage_default:ok;twostage_layered_lbfgs:fail;witness:fail"
"twostage_layered_lbfgs","twostage_default","psd-ml","constrained","test","eqmean","equal_intercepts",25,43,"native","ML",1466466962,,"","",,"","psd:ordinary-rejected",,"OptimizerNonConvergence nlopt Sequential Quadratic Programming (SQP) (local  derivative): evaluation budget exhausted without convergence",,FALSE,0.825844678639373,0.825844678639201,"psd_default:ok;psd_layered:fail;twostage_default:ok;twostage_layered_lbfgs:fail;witness:ok"
"twostage_layered_lbfgs","twostage_default","psd-ml","constrained","test","eqmean","equal_intercepts",25,43,"x0.01","ML",1466466962,,"","",,"","psd:ordinary-rejected",,"OptimizerNonConvergence nlopt Sequential Quadratic Programming (SQP) (local  derivative): evaluation budget exhausted without convergence",,FALSE,0.825844678639185,0.82584467863918,"psd_default:ok;psd_layered:fail;twostage_default:ok;twostage_layered_lbfgs:fail;witness:ok"
"twostage_layered_lbfgs","twostage_default","psd-ml","constrained","test","eqmean","equal_intercepts",25,46,"x100","ML",1466466965,,"","",,"","psd:ordinary-rejected",,"OptimizerNonConvergence nlopt Sequential Quadratic Programming (SQP) (local  derivative): evaluation budget exhausted without convergence",,FALSE,0.567694326220283,0.567694326220283,"psd_default:ok;psd_layered:ok;twostage_default:ok;twostage_layered_lbfgs:fail;witness:fail"
"twostage_layered_lbfgs","twostage_default","psd-ml","constrained","test","eqmean","equal_intercepts",25,5,"native","ML",1076739717,,"","",,"","psd:ordinary-rejected",,"OptimizerNonConvergence nlopt Sequential Quadratic Programming (SQP) (local  derivative): evaluation budget exhausted without convergence",,FALSE,0.706730952858928,0.706730952858828,"psd_default:ok;psd_layered:fail;twostage_default:ok;twostage_layered_lbfgs:fail;witness:ok"
"twostage_layered_lbfgs","twostage_default","psd-ml","engineering15","test","high_r2","sem",25,47,"mixed","ML",1892978775,,"","",,"","psd:ordinary-error",,"OptimizerNonConvergence nlopt Sequential Quadratic Programming (SQP) (local  derivative): evaluation budget exhausted without convergence",,FALSE,0.210640917365371,0.210640917365371,"psd_default:ok;psd_layered:fail;twostage_default:ok;twostage_layered_lbfgs:fail;witness:ok"
"twostage_layered_lbfgs","twostage_default","psd-ml","engineering15","test","high_r2","sem",25,47,"native","ML",1892978775,,"","",,"","psd:ordinary-error",,"OptimizerNonConvergence nlopt Sequential Quadratic Programming (SQP) (local  derivative): evaluation budget exhausted without convergence",,FALSE,0.210640917365374,0.210640917365373,"psd_default:ok;psd_layered:fail;twostage_default:ok;twostage_layered_lbfgs:fail;witness:ok"
"twostage_layered_lbfgs","twostage_default","psd-ml","engineering15","test","high_r2","sem",25,47,"x0.01","ML",1892978775,,"","",,"","psd:ordinary-error",,"OptimizerNonConvergence nlopt Sequential Quadratic Programming (SQP) (local  derivative): evaluation budget exhausted without convergence",,FALSE,0.210640917365371,0.210640917365371,"psd_default:ok;psd_layered:fail;twostage_default:ok;twostage_layered_lbfgs:fail;witness:ok"
"twostage_layered_lbfgs","twostage_default","psd-ml","engineering15","test","high_r2","sem",25,47,"x100","ML",1892978775,,"","",,"","psd:ordinary-error",,"OptimizerNonConvergence nlopt Sequential Quadratic Programming (SQP) (local  derivative): evaluation budget exhausted without convergence",,FALSE,0.210640917365374,0.210640917365374,"psd_default:ok;psd_layered:fail;twostage_default:ok;twostage_layered_lbfgs:fail;witness:ok"
"twostage_layered_lbfgs","twostage_default","psd-ml","engineering15","test","weak_marker","sem",100,17,"native","ML",1700226569,,"","",,"","psd:ordinary-inadmissible",,"OptimizerNonConvergence nlopt Sequential Quadratic Programming (SQP) (local  derivative): evaluation budget exhausted without convergence",,FALSE,0.0543096149376181,0.0543096149376181,"psd_default:ok;psd_layered:ok;twostage_default:ok;twostage_layered_lbfgs:fail;witness:ok"
"twostage_layered_lbfgs","twostage_default","psd-ml","engineering15","test","weak_marker","sem",100,17,"x100","ML",1700226569,,"","",,"","psd:ordinary-inadmissible",,"OptimizerNonConvergence nlopt Sequential Quadratic Programming (SQP) (local  derivative): evaluation budget exhausted without convergence",,FALSE,0.0543096149376154,0.0543096149376119,"psd_default:ok;psd_layered:ok;twostage_default:ok;twostage_layered_lbfgs:fail;witness:ok"
"twostage_layered_lbfgs","twostage_default","psd-ml","engineering15","test","weak_marker","sem",100,20,"native","ML",1700226693,,"","",,"","psd:ordinary-rejected",,"OptimizerNonConvergence nlopt Sequential Quadratic Programming (SQP) (local  derivative): evaluation budget exhausted without convergence",,FALSE,0.0129879181075521,0.0129879181075521,"psd_default:ok;psd_layered:fail;twostage_default:ok;twostage_layered_lbfgs:fail;witness:ok"
"twostage_layered_lbfgs","twostage_default","psd-ml","engineering15","test","weak_marker","sem",100,20,"x0.01","ML",1700226693,,"","",,"","psd:ordinary-rejected",,"OptimizerNonConvergence nlopt Sequential Quadratic Programming (SQP) (local  derivative): evaluation budget exhausted without convergence",,FALSE,0.0129879181075481,0.0129879181075481,"psd_default:ok;psd_layered:fail;twostage_default:ok;twostage_layered_lbfgs:fail;witness:ok"
"twostage_layered_lbfgs","twostage_default","psd-ml","engineering15","test","weak_marker","sem",100,20,"x100","ML",1700226693,,"","",,"","psd:ordinary-rejected",,"OptimizerNonConvergence nlopt Sequential Quadratic Programming (SQP) (local  derivative): evaluation budget exhausted without convergence",,FALSE,0.0129879181075552,0.0129879181075516,"psd_default:ok;psd_layered:fail;twostage_default:ok;twostage_layered_lbfgs:fail;witness:ok"
"twostage_layered_lbfgs","twostage_default","psd-ml","engineering15","test","weak_marker","sem",100,21,"mixed","ML",1700226694,,"","",,"","psd:ordinary-error",,"OptimizerNonConvergence nlopt Sequential Quadratic Programming (SQP) (local  derivative): evaluation budget exhausted without convergence",,FALSE,0.0317179361327957,0.0317179361327957,"psd_default:ok;psd_layered:fail;twostage_default:ok;twostage_layered_lbfgs:fail;witness:ok"
"twostage_layered_lbfgs","twostage_default","psd-ml","engineering15","test","weak_marker","sem",100,21,"native","ML",1700226694,,"","",,"","psd:ordinary-error",,"OptimizerNonConvergence nlopt Sequential Quadratic Programming (SQP) (local  derivative): evaluation budget exhausted without convergence",,FALSE,0.0317179361327966,0.0317179361327966,"psd_default:ok;psd_layered:fail;twostage_default:ok;twostage_layered_lbfgs:fail;witness:ok"
"twostage_layered_lbfgs","twostage_default","psd-ml","engineering15","test","weak_marker","sem",100,21,"x0.01","ML",1700226694,,"","",,"","psd:ordinary-error",,"OptimizerNonConvergence nlopt Sequential Quadratic Programming (SQP) (local  derivative): evaluation budget exhausted without convergence",,FALSE,0.0317179361327931,0.0317179361327931,"psd_default:ok;psd_layered:fail;twostage_default:ok;twostage_layered_lbfgs:fail;witness:ok"
"twostage_layered_lbfgs","twostage_default","psd-ml","engineering15","test","weak_marker","sem",100,21,"x100","ML",1700226694,,"","",,"","psd:ordinary-error",,"OptimizerNonConvergence nlopt Sequential Quadratic Programming (SQP) (local  derivative): evaluation budget exhausted without convergence",,FALSE,0.0317179361328002,0.0317179361327966,"psd_default:ok;psd_layered:fail;twostage_default:ok;twostage_layered_lbfgs:fail;witness:ok"
"twostage_layered_lbfgs","twostage_default","psd-ml","engineering15","test","weak_marker","sem",100,22,"mixed","ML",1700226695,,"","",,"","psd:ordinary-rejected",,"OptimizerNonConvergence nlopt Sequential Quadratic Programming (SQP) (local  derivative): evaluation budget exhausted without convergence",,FALSE,0.0522106226729693,0.0522106226729693,"psd_default:ok;psd_layered:ok;twostage_default:ok;twostage_layered_lbfgs:fail;witness:fail"
"twostage_layered_lbfgs","twostage_default","psd-ml","engineering15","test","weak_marker","sem",100,28,"native","ML",1700226701,,"","",,"","psd:ordinary-error",,"OptimizerNonConvergence nlopt Sequential Quadratic Programming (SQP) (local  derivative): evaluation budget exhausted without convergence",,FALSE,0.0484016348407725,0.0484016348407699,"psd_default:ok;psd_layered:fail;twostage_default:ok;twostage_layered_lbfgs:fail;witness:ok"
"twostage_layered_lbfgs","twostage_default","psd-ml","engineering15","test","weak_marker","sem",100,28,"x0.01","ML",1700226701,,"","",,"","psd:ordinary-error",,"OptimizerNonConvergence nlopt Sequential Quadratic Programming (SQP) (local  derivative): evaluation budget exhausted without convergence",,FALSE,0.0484016348407756,0.0484016348407685,"psd_default:ok;psd_layered:fail;twostage_default:ok;twostage_layered_lbfgs:fail;witness:ok"
"twostage_layered_lbfgs","twostage_default","psd-ml","engineering15","test","weak_marker","sem",100,28,"x100","ML",1700226701,,"","",,"","psd:ordinary-error",,"OptimizerNonConvergence nlopt Sequential Quadratic Programming (SQP) (local  derivative): evaluation budget exhausted without convergence",,FALSE,0.048401634840765,0.048401634840765,"psd_default:ok;psd_layered:fail;twostage_default:ok;twostage_layered_lbfgs:fail;witness:ok"
"twostage_layered_lbfgs","twostage_default","psd-ml","engineering15","test","weak_marker","sem",100,32,"native","ML",1700226826,,"","",,"","psd:ordinary-error",,"OptimizerNonConvergence nlopt Sequential Quadratic Programming (SQP) (local  derivative): evaluation budget exhausted without convergence",,FALSE,0.0223978081864802,0.0223978081864802,"psd_default:ok;psd_layered:fail;twostage_default:ok;twostage_layered_lbfgs:fail;witness:fail"
"twostage_layered_lbfgs","twostage_default","psd-ml","engineering15","test","weak_marker","sem",100,32,"x100","ML",1700226826,,"","",,"","psd:ordinary-error",,"OptimizerNonConvergence nlopt Sequential Quadratic Programming (SQP) (local  derivative): evaluation budget exhausted without convergence",,FALSE,0.0223978081864757,0.0223978081864757,"psd_default:ok;psd_layered:fail;twostage_default:ok;twostage_layered_lbfgs:fail;witness:fail"
"twostage_layered_lbfgs","twostage_default","psd-ml","engineering15","test","weak_marker","sem",100,33,"native","ML",1700226827,,"","",,"","psd:ordinary-inadmissible",,"OptimizerNonConvergence nlopt Sequential Quadratic Programming (SQP) (local  derivative): evaluation budget exhausted without convergence",,FALSE,0.0463174213473074,0.0463174213473057,"psd_default:ok;psd_layered:fail;twostage_default:ok;twostage_layered_lbfgs:fail;witness:fail"
"twostage_layered_lbfgs","twostage_default","psd-ml","engineering15","test","weak_marker","sem",100,33,"x0.01","ML",1700226827,,"","",,"","psd:ordinary-inadmissible",,"OptimizerNonConvergence nlopt Sequential Quadratic Programming (SQP) (local  derivative): evaluation budget exhausted without convergence",,FALSE,0.0466520307173965,0.0466520307173965,"psd_default:ok;psd_layered:fail;twostage_default:ok;twostage_layered_lbfgs:fail;witness:fail"
"twostage_layered_lbfgs","twostage_default","psd-ml","engineering15","test","weak_marker","sem",100,33,"x100","ML",1700226827,,"","",,"","psd:ordinary-inadmissible",,"OptimizerNonConvergence nlopt Sequential Quadratic Programming (SQP) (local  derivative): evaluation budget exhausted without convergence",,FALSE,0.0466520307174036,0.0466520307174036,"psd_default:ok;psd_layered:fail;twostage_default:ok;twostage_layered_lbfgs:fail;witness:fail"
"twostage_layered_lbfgs","twostage_default","psd-ml","engineering15","test","weak_marker","sem",100,36,"native","ML",1700226830,,"","",,"","psd:ordinary-inadmissible",,"OptimizerNonConvergence nlopt Sequential Quadratic Programming (SQP) (local  derivative): evaluation budget exhausted without convergence",,FALSE,0.0190306949883574,0.0190306949883574,"psd_default:ok;psd_layered:ok;twostage_default:ok;twostage_layered_lbfgs:fail;witness:ok"
"twostage_layered_lbfgs","twostage_default","psd-ml","engineering15","test","weak_marker","sem",100,4,"native","ML",537554985,,"","",,"","psd:ordinary-rejected",,"OptimizerNonConvergence nlopt Sequential Quadratic Programming (SQP) (local  derivative): evaluation budget exhausted without convergence",,FALSE,0.0202109817264886,0.0202109817264877,"psd_default:ok;psd_layered:fail;twostage_default:ok;twostage_layered_lbfgs:fail;witness:fail"
"twostage_layered_lbfgs","twostage_default","psd-ml","engineering15","test","weak_marker","sem",100,4,"x0.01","ML",537554985,0.0552779493098754,"nonpositive_curvature","converged",75,"ordinary-estimates","psd:ordinary-rejected",TRUE,"",1,FALSE,0.0202109817264855,0.0202109817264784,"psd_default:ok;psd_layered:ok;twostage_default:ok;twostage_layered_lbfgs:fail;witness:fail"
"twostage_layered_lbfgs","twostage_default","psd-ml","engineering15","test","weak_marker","sem",100,4,"x100","ML",537554985,,"","",,"","psd:ordinary-rejected",,"OptimizerNonConvergence nlopt Sequential Quadratic Programming (SQP) (local  derivative): evaluation budget exhausted without convergence",,FALSE,0.0256781261424628,0.0202109817264855,"psd_default:ok;psd_layered:fail;twostage_default:ok;twostage_layered_lbfgs:fail;witness:fail"
"twostage_layered_lbfgs","twostage_default","psd-ml","engineering15","test","weak_marker","sem",100,41,"mixed","ML",1700226956,,"","",,"","psd:ordinary-rejected",,"OptimizerNonConvergence nlopt Sequential Quadratic Programming (SQP) (local  derivative): evaluation budget exhausted without convergence",,FALSE,0.052375360530438,0.052375360530438,"psd_default:ok;psd_layered:fail;twostage_default:ok;twostage_layered_lbfgs:fail;witness:fail"
"twostage_layered_lbfgs","twostage_default","psd-ml","engineering15","test","weak_marker","sem",100,44,"native","ML",1700226959,,"","",,"","psd:ordinary-inadmissible",,"OptimizerNonConvergence nlopt Sequential Quadratic Programming (SQP) (local  derivative): evaluation budget exhausted without convergence",,FALSE,0.0474966186336707,0.0474966186336694,"psd_default:ok;psd_layered:fail;twostage_default:ok;twostage_layered_lbfgs:fail;witness:ok"
"twostage_layered_lbfgs","twostage_default","psd-ml","engineering15","test","weak_marker","sem",100,47,"x100","ML",1700226962,,"","",,"","psd:ordinary-error",,"OptimizerNonConvergence nlopt Sequential Quadratic Programming (SQP) (local  derivative): evaluation budget exhausted without convergence",,FALSE,0.0238768766806956,0.023876876680692,"psd_default:ok;psd_layered:fail;twostage_default:ok;twostage_layered_lbfgs:fail;witness:ok"
"twostage_layered_lbfgs","twostage_default","psd-ml","engineering15","test","weak_marker","sem",100,48,"x100","ML",1700226963,,"","",,"","psd:ordinary-rejected",,"OptimizerNonConvergence nlopt Sequential Quadratic Programming (SQP) (local  derivative): evaluation budget exhausted without convergence",,FALSE,0.0799349672699066,0.079934967269903,"psd_default:ok;psd_layered:ok;twostage_default:ok;twostage_layered_lbfgs:fail;witness:fail"
"twostage_layered_lbfgs","twostage_default","psd-ml","engineering15","test","weak_marker","sem",100,6,"native","ML",537554987,,"","",,"","psd:ordinary-rejected",,"OptimizerNonConvergence nlopt Sequential Quadratic Programming (SQP) (local  derivative): evaluation budget exhausted without convergence",,FALSE,0.0917134211299491,0.091713421129946,"psd_default:ok;psd_layered:ok;twostage_default:ok;twostage_layered_lbfgs:fail;witness:ok"
"twostage_layered_lbfgs","twostage_default","psd-ml","engineering15","test","weak_marker","sem",100,6,"x0.01","ML",537554987,0.149705374563869,"available","converged",4995,"ordinary-estimates","psd:ordinary-rejected",TRUE,"",1,FALSE,0.0917134211299455,0.091713421129942,"psd_default:ok;psd_layered:ok;twostage_default:ok;twostage_layered_lbfgs:fail;witness:ok"
"twostage_layered_lbfgs","twostage_default","psd-ml","engineering15","test","weak_marker","sem",100,8,"native","ML",537554989,,"","",,"","psd:ordinary-rejected",,"OptimizerNonConvergence nlopt Sequential Quadratic Programming (SQP) (local  derivative): evaluation budget exhausted without convergence",,FALSE,0.071343693019839,0.0713436930198386,"psd_default:ok;psd_layered:fail;twostage_default:ok;twostage_layered_lbfgs:fail;witness:ok"
"twostage_layered_lbfgs","twostage_default","psd-ml","engineering15","test","weak_marker","sem",100,8,"x0.01","ML",537554989,,"","",,"","psd:ordinary-rejected",,"OptimizerNonConvergence nlopt Sequential Quadratic Programming (SQP) (local  derivative): evaluation budget exhausted without convergence",,FALSE,0.135979449440619,0.0713436930198341,"psd_default:ok;psd_layered:fail;twostage_default:ok;twostage_layered_lbfgs:fail;witness:ok"
"twostage_layered_lbfgs","twostage_default","psd-ml","engineering15","test","weak_marker","sem",100,8,"x100","ML",537554989,,"","",,"","psd:ordinary-rejected",,"OptimizerNonConvergence nlopt Sequential Quadratic Programming (SQP) (local  derivative): evaluation budget exhausted without convergence",,FALSE,0.0713436930198412,0.0713436930198412,"psd_default:ok;psd_layered:fail;twostage_default:ok;twostage_layered_lbfgs:fail;witness:ok"
"twostage_layered_lbfgs","twostage_default","psd-ml","engineering15","test","weak_marker","sem",100,9,"mixed","ML",537554990,,"","",,"","psd:ordinary-error",,"OptimizerNonConvergence nlopt Sequential Quadratic Programming (SQP) (local  derivative): evaluation budget exhausted without convergence",,FALSE,0.0768798304776825,0.0768798304776825,"psd_default:ok;psd_layered:fail;twostage_default:ok;twostage_layered_lbfgs:fail;witness:fail"
"twostage_layered_lbfgs","twostage_default","psd-ml","engineering15","test","weak_marker","sem",25,11,"native","ML",844589769,,"","",,"","psd:ordinary-error",,"OptimizerNonConvergence nlopt Sequential Quadratic Programming (SQP) (local  derivative): evaluation budget exhausted without convergence",,FALSE,0.240373902554921,0.24037390255492,"psd_default:ok;psd_layered:fail;twostage_default:ok;twostage_layered_lbfgs:fail;witness:ok"
"twostage_layered_lbfgs","twostage_default","psd-ml","engineering15","test","weak_marker","sem",25,11,"x0.01","ML",844589769,,"","",,"","psd:ordinary-error",,"OptimizerNonConvergence nlopt Sequential Quadratic Programming (SQP) (local  derivative): evaluation budget exhausted without convergence",,FALSE,0.240373902554918,0.240373902554914,"psd_default:ok;psd_layered:fail;twostage_default:ok;twostage_layered_lbfgs:fail;witness:ok"
"twostage_layered_lbfgs","twostage_default","psd-ml","engineering15","test","weak_marker","sem",25,12,"native","ML",844589770,,"","",,"","psd:ordinary-inadmissible",,"OptimizerNonConvergence nlopt Sequential Quadratic Programming (SQP) (local  derivative): evaluation budget exhausted without convergence",,FALSE,0.217068150556567,0.217068150556567,"psd_default:ok;psd_layered:fail;twostage_default:ok;twostage_layered_lbfgs:fail;witness:ok"
"twostage_layered_lbfgs","twostage_default","psd-ml","engineering15","test","weak_marker","sem",25,12,"x100","ML",844589770,,"","",,"","psd:ordinary-inadmissible",,"OptimizerNonConvergence nlopt Sequential Quadratic Programming (SQP) (local  derivative): evaluation budget exhausted without convergence",,FALSE,0.217068150556564,0.217068150556564,"psd_default:ok;psd_layered:fail;twostage_default:ok;twostage_layered_lbfgs:fail;witness:fail"
"twostage_layered_lbfgs","twostage_default","psd-ml","engineering15","test","weak_marker","sem",25,15,"native","ML",844589773,,"","",,"","psd:ordinary-error",,"OptimizerNonConvergence nlopt Sequential Quadratic Programming (SQP) (local  derivative): evaluation budget exhausted without convergence",,FALSE,0.150941596908312,0.15094159690831,"psd_default:ok;psd_layered:fail;twostage_default:ok;twostage_layered_lbfgs:fail;witness:ok"
"twostage_layered_lbfgs","twostage_default","psd-ml","engineering15","test","weak_marker","sem",25,15,"x0.01","ML",844589773,,"","",,"","psd:ordinary-error",,"OptimizerNonConvergence nlopt Sequential Quadratic Programming (SQP) (local  derivative): evaluation budget exhausted without convergence",,FALSE,0.253031543941685,0.150941596908311,"psd_default:ok;psd_layered:fail;twostage_default:ok;twostage_layered_lbfgs:fail;witness:ok"
"twostage_layered_lbfgs","twostage_default","psd-ml","engineering15","test","weak_marker","sem",25,15,"x100","ML",844589773,,"","",,"","psd:ordinary-error",,"OptimizerNonConvergence nlopt Sequential Quadratic Programming (SQP) (local  derivative): evaluation budget exhausted without convergence",,FALSE,0.150941596908311,0.150941596908311,"psd_default:ok;psd_layered:fail;twostage_default:ok;twostage_layered_lbfgs:fail;witness:ok"
"twostage_layered_lbfgs","twostage_default","psd-ml","engineering15","test","weak_marker","sem",25,17,"x0.01","ML",844589775,,"","",,"","psd:ordinary-rejected",,"OptimizerNonConvergence nlopt Sequential Quadratic Programming (SQP) (local  derivative): evaluation budget exhausted without convergence",,FALSE,0.285804965492474,0.285804965492463,"psd_default:ok;psd_layered:ok;twostage_default:ok;twostage_layered_lbfgs:fail;witness:fail"
"twostage_layered_lbfgs","twostage_default","psd-ml","engineering15","test","weak_marker","sem",25,18,"x0.01","ML",844589776,,"","",,"","psd:ordinary-inadmissible",,"OptimizerNonConvergence nlopt Sequential Quadratic Programming (SQP) (local  derivative): evaluation budget exhausted without convergence",,FALSE,0.500928378986455,0.41663441052108,"psd_default:fail;psd_layered:fail;twostage_default:ok;twostage_layered_lbfgs:fail;witness:ok"
"twostage_layered_lbfgs","twostage_default","psd-ml","engineering15","test","weak_marker","sem",25,2,"x0.01","ML",317914342,,"","",,"","psd:ordinary-rejected",,"OptimizerNonConvergence nlopt Sequential Quadratic Programming (SQP) (local  derivative): evaluation budget exhausted without convergence",,FALSE,0.162516884118116,0.162516884118112,"psd_default:ok;psd_layered:ok;twostage_default:ok;twostage_layered_lbfgs:fail;witness:fail"
"twostage_layered_lbfgs","twostage_default","psd-ml","engineering15","test","weak_marker","sem",25,21,"native","ML",844589900,,"","",,"","psd:ordinary-error",,"OptimizerNonConvergence nlopt Sequential Quadratic Programming (SQP) (local  derivative): evaluation budget exhausted without convergence",,FALSE,0.0530629462436547,0.0530629462436529,"psd_default:ok;psd_layered:fail;twostage_default:ok;twostage_layered_lbfgs:fail;witness:ok"
"twostage_layered_lbfgs","twostage_default","psd-ml","engineering15","test","weak_marker","sem",25,21,"x100","ML",844589900,,"","",,"","psd:ordinary-error",,"OptimizerNonConvergence nlopt Sequential Quadratic Programming (SQP) (local  derivative): evaluation budget exhausted without convergence",,FALSE,0.0530629462436494,0.0530629462436494,"psd_default:ok;psd_layered:fail;twostage_default:ok;twostage_layered_lbfgs:fail;witness:ok"
"twostage_layered_lbfgs","twostage_default","psd-ml","engineering15","test","weak_marker","sem",25,27,"native","ML",844589906,,"","",,"","psd:ordinary-rejected",,"OptimizerNonConvergence nlopt Sequential Quadratic Programming (SQP) (local  derivative): evaluation budget exhausted without convergence",,FALSE,0.208869149442982,0.208869149442982,"psd_default:ok;psd_layered:ok;twostage_default:ok;twostage_layered_lbfgs:fail;witness:fail"
"twostage_layered_lbfgs","twostage_default","psd-ml","engineering15","test","weak_marker","sem",25,27,"x0.01","ML",844589906,,"","",,"","psd:ordinary-rejected",,"OptimizerNonConvergence nlopt Sequential Quadratic Programming (SQP) (local  derivative): evaluation budget exhausted without convergence",,FALSE,0.208869149442993,0.208869149442986,"psd_default:ok;psd_layered:ok;twostage_default:ok;twostage_layered_lbfgs:fail;witness:fail"
"twostage_layered_lbfgs","twostage_default","psd-ml","engineering15","test","weak_marker","sem",25,3,"mixed","ML",317914343,,"","",,"","psd:ordinary-error",,"OptimizerNonConvergence nlopt Sequential Quadratic Programming (SQP) (local  derivative): evaluation budget exhausted without convergence",,FALSE,0.110626242287155,0.110626242287155,"psd_default:ok;psd_layered:fail;twostage_default:ok;twostage_layered_lbfgs:fail;witness:fail"
"twostage_layered_lbfgs","twostage_default","psd-ml","engineering15","test","weak_marker","sem",25,3,"x0.01","ML",317914343,,"","",,"","psd:ordinary-error",,"OptimizerNonConvergence nlopt Sequential Quadratic Programming (SQP) (local  derivative): evaluation budget exhausted without convergence",,FALSE,0.0747213633910668,0.0747213633910668,"psd_default:ok;psd_layered:fail;twostage_default:ok;twostage_layered_lbfgs:fail;witness:fail"
"twostage_layered_lbfgs","twostage_default","psd-ml","engineering15","test","weak_marker","sem",25,3,"x100","ML",317914343,,"","",,"","psd:ordinary-error",,"OptimizerNonConvergence nlopt Sequential Quadratic Programming (SQP) (local  derivative): evaluation budget exhausted without convergence",,FALSE,0.101532805077149,0.101532805077149,"psd_default:fail;psd_layered:fail;twostage_default:ok;twostage_layered_lbfgs:fail;witness:fail"
"twostage_layered_lbfgs","twostage_default","psd-ml","engineering15","test","weak_marker","sem",25,33,"native","ML",844590033,,"","",,"","psd:ordinary-rejected",,"OptimizerNonConvergence nlopt Sequential Quadratic Programming (SQP) (local  derivative): evaluation budget exhausted without convergence",,FALSE,0.0854405489088896,0.0834327601287921,"psd_default:ok;psd_layered:ok;twostage_default:ok;twostage_layered_lbfgs:fail;witness:ok"
"twostage_layered_lbfgs","twostage_default","psd-ml","engineering15","test","weak_marker","sem",25,33,"x100","ML",844590033,,"","",,"","psd:ordinary-rejected",,"OptimizerNonConvergence nlopt Sequential Quadratic Programming (SQP) (local  derivative): evaluation budget exhausted without convergence",,FALSE,0.0854405489088848,0.0834327601287868,"psd_default:ok;psd_layered:ok;twostage_default:ok;twostage_layered_lbfgs:fail;witness:ok"
"twostage_layered_lbfgs","twostage_default","psd-ml","engineering15","test","weak_marker","sem",25,35,"mixed","ML",844590035,,"","",,"","psd:ordinary-rejected",,"OptimizerNonConvergence nlopt Sequential Quadratic Programming (SQP) (local  derivative): evaluation budget exhausted without convergence",,FALSE,0.118243831097574,0.118243831097574,"psd_default:ok;psd_layered:fail;twostage_default:ok;twostage_layered_lbfgs:fail;witness:ok"
"twostage_layered_lbfgs","twostage_default","psd-ml","engineering15","test","weak_marker","sem",25,35,"native","ML",844590035,,"","",,"","psd:ordinary-rejected",,"OptimizerNonConvergence nlopt Sequential Quadratic Programming (SQP) (local  derivative): evaluation budget exhausted without convergence",,FALSE,0.150884022828506,0.118243831097573,"psd_default:ok;psd_layered:ok;twostage_default:ok;twostage_layered_lbfgs:fail;witness:ok"
"twostage_layered_lbfgs","twostage_default","psd-ml","engineering15","test","weak_marker","sem",25,35,"x0.01","ML",844590035,,"","",,"","psd:ordinary-rejected",,"OptimizerNonConvergence nlopt Sequential Quadratic Programming (SQP) (local  derivative): evaluation budget exhausted without convergence",,FALSE,0.200246066226889,0.118243831097573,"psd_default:ok;psd_layered:ok;twostage_default:ok;twostage_layered_lbfgs:fail;witness:ok"
"twostage_layered_lbfgs","twostage_default","psd-ml","engineering15","test","weak_marker","sem",25,35,"x100","ML",844590035,0.199960358091545,"nonpositive_curvature","converged",135,"ordinary-estimates","psd:ordinary-rejected",TRUE,"",1,FALSE,0.1508840228285,0.118243831097569,"psd_default:ok;psd_layered:ok;twostage_default:ok;twostage_layered_lbfgs:fail;witness:fail"
"twostage_layered_lbfgs","twostage_default","psd-ml","engineering15","test","weak_marker","sem",25,37,"native","ML",844590037,,"","",,"","psd:ordinary-rejected",,"OptimizerNonConvergence nlopt Sequential Quadratic Programming (SQP) (local  derivative): evaluation budget exhausted without convergence",,FALSE,0.156722791983257,0.156722791983257,"psd_default:ok;psd_layered:fail;twostage_default:ok;twostage_layered_lbfgs:fail;witness:ok"
"twostage_layered_lbfgs","twostage_default","psd-ml","engineering15","test","weak_marker","sem",25,37,"x0.01","ML",844590037,,"","",,"","psd:ordinary-rejected",,"OptimizerNonConvergence nlopt Sequential Quadratic Programming (SQP) (local  derivative): evaluation budget exhausted without convergence",,FALSE,0.156722791983263,0.156722791983256,"psd_default:ok;psd_layered:fail;twostage_default:ok;twostage_layered_lbfgs:fail;witness:ok"
"twostage_layered_lbfgs","twostage_default","psd-ml","engineering15","test","weak_marker","sem",25,37,"x100","ML",844590037,,"","",,"","psd:ordinary-rejected",,"OptimizerNonConvergence nlopt Sequential Quadratic Programming (SQP) (local  derivative): evaluation budget exhausted without convergence",,FALSE,0.156722791983256,0.156722791983256,"psd_default:ok;psd_layered:fail;twostage_default:ok;twostage_layered_lbfgs:fail;witness:ok"
"twostage_layered_lbfgs","twostage_default","psd-ml","engineering15","test","weak_marker","sem",25,39,"native","ML",844590039,,"","",,"","psd:ordinary-error",,"OptimizerNonConvergence nlopt Sequential Quadratic Programming (SQP) (local  derivative): evaluation budget exhausted without convergence",,FALSE,0.0799941645916968,0.0799941645916968,"psd_default:ok;psd_layered:fail;twostage_default:ok;twostage_layered_lbfgs:fail;witness:ok"
"twostage_layered_lbfgs","twostage_default","psd-ml","engineering15","test","weak_marker","sem",25,39,"x100","ML",844590039,,"","",,"","psd:ordinary-error",,"OptimizerNonConvergence nlopt Sequential Quadratic Programming (SQP) (local  derivative): evaluation budget exhausted without convergence",,FALSE,0.0799941645916959,0.0799941645916959,"psd_default:ok;psd_layered:fail;twostage_default:ok;twostage_layered_lbfgs:fail;witness:ok"
"twostage_layered_lbfgs","twostage_default","psd-ml","engineering15","test","weak_marker","sem",25,43,"mixed","ML",844590164,,"","",,"","psd:ordinary-error",,"OptimizerNonConvergence nlopt Sequential Quadratic Programming (SQP) (local  derivative): evaluation budget exhausted without convergence",,FALSE,0.175965954655234,0.175084439284837,"psd_default:ok;psd_layered:fail;twostage_default:ok;twostage_layered_lbfgs:fail;witness:ok"
"twostage_layered_lbfgs","twostage_default","psd-ml","engineering15","test","weak_marker","sem",25,43,"native","ML",844590164,,"","",,"","psd:ordinary-error",,"OptimizerNonConvergence nlopt Sequential Quadratic Programming (SQP) (local  derivative): evaluation budget exhausted without convergence",,FALSE,0.163967486399666,0.163967486399666,"psd_default:ok;psd_layered:fail;twostage_default:ok;twostage_layered_lbfgs:fail;witness:ok"
"twostage_layered_lbfgs","twostage_default","psd-ml","engineering15","test","weak_marker","sem",25,43,"x0.01","ML",844590164,,"","",,"","psd:ordinary-error",,"OptimizerNonConvergence nlopt Sequential Quadratic Programming (SQP) (local  derivative): evaluation budget exhausted without convergence",,FALSE,0.163967486399635,0.163967486399635,"psd_default:fail;psd_layered:fail;twostage_default:ok;twostage_layered_lbfgs:fail;witness:ok"
"twostage_layered_lbfgs","twostage_default","psd-ml","engineering15","test","weak_marker","sem",25,43,"x100","ML",844590164,,"","",,"","psd:ordinary-error",,"OptimizerNonConvergence nlopt Sequential Quadratic Programming (SQP) (local  derivative): evaluation budget exhausted without convergence",,FALSE,0.193966740318114,0.175084439284849,"psd_default:ok;psd_layered:fail;twostage_default:ok;twostage_layered_lbfgs:fail;witness:ok"
"twostage_layered_lbfgs","twostage_default","psd-ml","engineering15","test","weak_marker","sem",25,44,"mixed","ML",844590165,0.196937523290525,"nonpositive_curvature","converged",96,"ordinary-estimates","psd:ordinary-inadmissible",TRUE,"",1,FALSE,0.104366627997327,0.104366627997327,"psd_default:ok;psd_layered:fail;twostage_default:ok;twostage_layered_lbfgs:fail;witness:fail"
"twostage_layered_lbfgs","twostage_default","psd-ml","engineering15","test","weak_marker","sem",25,44,"x100","ML",844590165,,"","",,"","psd:ordinary-inadmissible",,"OptimizerNonConvergence nlopt Sequential Quadratic Programming (SQP) (local  derivative): evaluation budget exhausted without convergence",,FALSE,0.104360417291772,0.104360417291769,"psd_default:ok;psd_layered:fail;twostage_default:ok;twostage_layered_lbfgs:fail;witness:fail"
"twostage_layered_lbfgs","twostage_default","psd-ml","engineering15","test","weak_marker","sem",25,45,"native","ML",844590166,,"","",,"","psd:ordinary-error",,"OptimizerNonConvergence nlopt Sequential Quadratic Programming (SQP) (local  derivative): evaluation budget exhausted without convergence",,FALSE,0.12323781499198,0.12323781499198,"psd_default:ok;psd_layered:fail;twostage_default:ok;twostage_layered_lbfgs:fail;witness:fail"
"twostage_layered_lbfgs","twostage_default","psd-ml","engineering15","test","weak_marker","sem",25,45,"x0.01","ML",844590166,,"","",,"","psd:ordinary-error",,"OptimizerNonConvergence nlopt Sequential Quadratic Programming (SQP) (local  derivative): evaluation budget exhausted without convergence",,FALSE,0.149360379562324,0.149360379562324,"psd_default:ok;psd_layered:fail;twostage_default:ok;twostage_layered_lbfgs:fail;witness:fail"
"twostage_layered_lbfgs","twostage_default","psd-ml","engineering15","test","weak_marker","sem",25,46,"native","ML",844590167,,"","",,"","psd:ordinary-error",,"OptimizerNonConvergence nlopt Sequential Quadratic Programming (SQP) (local  derivative): evaluation budget exhausted without convergence",,FALSE,0.141776697221545,0.14177669722154,"psd_default:ok;psd_layered:fail;twostage_default:ok;twostage_layered_lbfgs:fail;witness:ok"
"twostage_layered_lbfgs","twostage_default","psd-ml","engineering15","test","weak_marker","sem",25,46,"x100","ML",844590167,,"","",,"","psd:ordinary-error",,"OptimizerNonConvergence nlopt Sequential Quadratic Programming (SQP) (local  derivative): evaluation budget exhausted without convergence",,FALSE,0.141776697221534,0.141776697221534,"psd_default:ok;psd_layered:fail;twostage_default:ok;twostage_layered_lbfgs:fail;witness:ok"
"twostage_layered_lbfgs","twostage_default","psd-ml","engineering15","test","weak_marker","sem",25,47,"x100","ML",844590168,,"","",,"","psd:ordinary-inadmissible",,"OptimizerNonConvergence nlopt Sequential Quadratic Programming (SQP) (local  derivative): evaluation budget exhausted without convergence",,FALSE,0.10240794710132,0.10240794710132,"psd_default:ok;psd_layered:fail;twostage_default:ok;twostage_layered_lbfgs:fail;witness:ok"
"twostage_layered_lbfgs","twostage_default","psd-ml","engineering15","test","weak_marker","sem",25,49,"native","ML",844590170,,"","",,"","psd:ordinary-rejected",,"OptimizerNonConvergence nlopt Sequential Quadratic Programming (SQP) (local  derivative): evaluation budget exhausted without convergence",,FALSE,0.133696270096329,0.133696270096216,"psd_default:ok;psd_layered:ok;twostage_default:ok;twostage_layered_lbfgs:fail;witness:ok"
"twostage_layered_lbfgs","twostage_default","psd-ml","engineering15","test","weak_marker","sem",25,5,"native","ML",317914345,0.211496293722965,"nonpositive_curvature","converged",29,"ordinary-estimates","psd:ordinary-rejected",TRUE,"",1,FALSE,0.137575511641634,0.137575511641634,"psd_default:ok;psd_layered:fail;twostage_default:ok;twostage_layered_lbfgs:fail;witness:fail"
"twostage_layered_lbfgs","twostage_default","psd-ml","ernst","control","ernst","sem",25,19,"x0.01","ML",1727450927,,"","",,"","psd:ordinary-rejected",,"OptimizerNonConvergence nlopt Sequential Quadratic Programming (SQP) (local  derivative): evaluation budget exhausted without convergence",,FALSE,0.240039031960332,0.240039031960315,"psd_default:ok;psd_layered:ok;twostage_default:ok;twostage_layered_lbfgs:fail;witness:ok"
"twostage_layered_lbfgs","twostage_default","psd-ml","ernst","control","ernst","sem",25,26,"mixed","ML",1727451055,0.507000791752485,"nonpositive_curvature","converged",78,"ordinary-estimates","psd:ordinary-rejected",TRUE,"",1,FALSE,0.343744073463458,0.34374407346343,"psd_default:ok;psd_layered:ok;twostage_default:ok;twostage_layered_lbfgs:fail;witness:ok"
"twostage_layered_lbfgs","twostage_default","psd-ml","ernst","control","ernst","sem",25,26,"x100","ML",1727451055,0.507000791752482,"nonpositive_curvature","converged",71,"ordinary-estimates","psd:ordinary-rejected",TRUE,"",1,FALSE,0.343744073463427,0.343744073463427,"psd_default:ok;psd_layered:ok;twostage_default:ok;twostage_layered_lbfgs:fail;witness:ok"
"twostage_layered_lbfgs","twostage_default","psd-ml","ernst","control","ernst","sem",25,32,"mixed","ML",1727451182,,"","",,"","psd:ordinary-error",,"OptimizerNonConvergence nlopt Sequential Quadratic Programming (SQP) (local  derivative): evaluation budget exhausted without convergence",,FALSE,0.353480266354591,0.353480266354591,"psd_default:ok;psd_layered:fail;twostage_default:ok;twostage_layered_lbfgs:fail;witness:ok"
"twostage_layered_lbfgs","twostage_default","psd-ml","ernst","control","ernst","sem",25,32,"native","ML",1727451182,,"","",,"","psd:ordinary-error",,"OptimizerNonConvergence nlopt Sequential Quadratic Programming (SQP) (local  derivative): evaluation budget exhausted without convergence",,FALSE,0.353480266354592,0.353480266354591,"psd_default:ok;psd_layered:fail;twostage_default:ok;twostage_layered_lbfgs:fail;witness:ok"
"twostage_layered_lbfgs","twostage_default","psd-ml","ernst","control","ernst","sem",25,32,"x0.01","ML",1727451182,,"","",,"","psd:ordinary-error",,"OptimizerNonConvergence nlopt Sequential Quadratic Programming (SQP) (local  derivative): evaluation budget exhausted without convergence",,FALSE,0.353480266354598,0.353480266354591,"psd_default:ok;psd_layered:fail;twostage_default:ok;twostage_layered_lbfgs:fail;witness:ok"
"twostage_layered_lbfgs","twostage_default","psd-ml","ernst","control","ernst","sem",25,49,"native","ML",1727451320,,"","",,"","psd:ordinary-error",,"OptimizerNonConvergence nlopt Sequential Quadratic Programming (SQP) (local  derivative): evaluation budget exhausted without convergence",,FALSE,0.117779348921761,0.117779348921761,"psd_default:ok;psd_layered:fail;twostage_default:ok;twostage_layered_lbfgs:fail;witness:ok"
"twostage_layered_lbfgs","twostage_default","psd-ml","ernst","control","ernst","sem",25,49,"x0.01","ML",1727451320,,"","",,"","psd:ordinary-error",,"OptimizerNonConvergence nlopt Sequential Quadratic Programming (SQP) (local  derivative): evaluation budget exhausted without convergence",,FALSE,0.117779348921768,0.117779348921765,"psd_default:ok;psd_layered:fail;twostage_default:ok;twostage_layered_lbfgs:fail;witness:ok"
"twostage_layered_lbfgs","twostage_default","psd-ml","ernst","control","ernst","sem",25,49,"x100","ML",1727451320,,"","",,"","psd:ordinary-error",,"OptimizerNonConvergence nlopt Sequential Quadratic Programming (SQP) (local  derivative): evaluation budget exhausted without convergence",,FALSE,0.117779348921765,0.117779348921765,"psd_default:ok;psd_layered:fail;twostage_default:ok;twostage_layered_lbfgs:fail;witness:ok"
"twostage_layered_lbfgs","twostage_default","psd-ml","research47","test","r47_f1_p3_face","one_factor",25,49,"mixed","ML",1593395283,1.04203926026139,"nonpositive_curvature","converged",42,"ordinary-estimates","psd:ordinary-rejected",TRUE,"",1,FALSE,0.046382454481416,0.0431678176367352,"psd_default:ok;psd_layered:ok;twostage_default:ok;twostage_layered_lbfgs:fail;witness:ok"
"twostage_layered_lbfgs","twostage_default","psd-ml","research47","test","r47_f1_p3_face","one_factor",25,49,"x0.01","ML",1593395283,1.04203926026142,"nonpositive_curvature","converged",44,"ordinary-estimates","psd:ordinary-rejected",TRUE,"",1,FALSE,0.0463824544814138,0.0431678176367285,"psd_default:ok;psd_layered:ok;twostage_default:ok;twostage_layered_lbfgs:fail;witness:ok"
"twostage_layered_lbfgs","twostage_default","psd-ml","research47","test","r47_f1_p3_face","one_factor",25,49,"x100","ML",1593395283,1.0420392602614,"nonpositive_curvature","converged",43,"ordinary-estimates","psd:ordinary-rejected",TRUE,"",1,FALSE,0.0463824544814173,0.0431678176367356,"psd_default:ok;psd_layered:ok;twostage_default:ok;twostage_layered_lbfgs:fail;witness:ok"
"twostage_layered_lbfgs","twostage_default","psd-ml","research47","test","r47_f1_p3","one_factor",25,40,"mixed","ML",732703588,0.384736420519669,"nonpositive_curvature","converged",296,"ordinary-estimates","psd:ordinary-inadmissible",TRUE,"",1,FALSE,0.384386350674939,0.0615535951548978,"psd_default:ok;psd_layered:ok;twostage_default:ok;twostage_layered_lbfgs:fail;witness:ok"
"twostage_layered_lbfgs","twostage_default","psd-ml","research47","test","r47_f1_p3","one_factor",25,43,"mixed","ML",732703591,,"","",,"","psd:ordinary-inadmissible",,"OptimizerNonConvergence nlopt Sequential Quadratic Programming (SQP) (local  derivative): evaluation budget exhausted without convergence",,FALSE,0.337880234198665,0.0138790699384579,"psd_default:ok;psd_layered:ok;twostage_default:ok;twostage_layered_lbfgs:fail;witness:ok"
"twostage_layered_lbfgs","twostage_default","psd-ml","research47","test","r47_f2_r100","two_factor",25,7,"x0.01","ML",514113503,0.444169809249527,"available","converged",83,"ordinary-estimates","psd:ordinary-rejected",TRUE,"",1,FALSE,0.444080230606978,0.444080230606978,"psd_default:ok;psd_layered:fail;twostage_default:ok;twostage_layered_lbfgs:fail;witness:ok"
"twostage_layered_lbfgs","twostage_default","psd-ml","research47","test","r47_f2_r100","two_factor",25,7,"x100","ML",514113503,,"","",,"","psd:ordinary-rejected",,"OptimizerNonConvergence nlopt Sequential Quadratic Programming (SQP) (local  derivative): evaluation budget exhausted without convergence",,FALSE,0.444080230606978,0.444080230606975,"psd_default:ok;psd_layered:fail;twostage_default:ok;twostage_layered_lbfgs:fail;witness:ok"
"twostage_layered_lbfgs","twostage_default","psd-ml","research47","test","r47_f2_r90","two_factor",25,47,"native","ML",1969700415,,"","",,"","psd:ordinary-error",,"OptimizerNonConvergence nlopt Sequential Quadratic Programming (SQP) (local  derivative): evaluation budget exhausted without convergence",,FALSE,0.226096551971934,0.226096551971934,"psd_default:ok;psd_layered:fail;twostage_default:ok;twostage_layered_lbfgs:fail;witness:ok"
"twostage_layered_lbfgs","twostage_default","psd-ml","research47","test","r47_f2_r90","two_factor",25,47,"x0.01","ML",1969700415,,"","",,"","psd:ordinary-error",,"OptimizerNonConvergence nlopt Sequential Quadratic Programming (SQP) (local  derivative): evaluation budget exhausted without convergence",,FALSE,0.226096551971935,0.226096551971935,"psd_default:ok;psd_layered:fail;twostage_default:ok;twostage_layered_lbfgs:fail;witness:ok"
"twostage_layered_lbfgs","twostage_default","psd-ml","research47","test","r47_f2_r90","two_factor",25,47,"x100","ML",1969700415,,"","",,"","psd:ordinary-error",,"OptimizerNonConvergence nlopt Sequential Quadratic Programming (SQP) (local  derivative): evaluation budget exhausted without convergence",,FALSE,0.226096551971956,0.226096551971938,"psd_default:ok;psd_layered:fail;twostage_default:ok;twostage_layered_lbfgs:fail;witness:ok"
"twostage_layered_lbfgs","twostage_default","psd-ml","research47","test","r47_f2_r99","two_factor",25,33,"mixed","ML",1337252960,,"","",,"","psd:ordinary-error",,"OptimizerNonConvergence nlopt Sequential Quadratic Programming (SQP) (local  derivative): evaluation budget exhausted without convergence",,FALSE,0.386426428804198,0.386426428804198,"psd_default:ok;psd_layered:fail;twostage_default:ok;twostage_layered_lbfgs:fail;witness:ok"
"twostage_layered_lbfgs","twostage_default","psd-ml","research47","test","r47_f2_r99","two_factor",25,33,"native","ML",1337252960,,"","",,"","psd:ordinary-error",,"OptimizerNonConvergence nlopt Sequential Quadratic Programming (SQP) (local  derivative): evaluation budget exhausted without convergence",,FALSE,0.404494878524603,0.404494878524603,"psd_default:ok;psd_layered:fail;twostage_default:ok;twostage_layered_lbfgs:fail;witness:ok"
"twostage_layered_lbfgs","twostage_default","psd-ml","research47","test","r47_f2_r99","two_factor",25,33,"x0.01","ML",1337252960,,"","",,"","psd:ordinary-error",,"OptimizerNonConvergence nlopt Sequential Quadratic Programming (SQP) (local  derivative): evaluation budget exhausted without convergence",,FALSE,0.404494878524606,0.404494878524606,"psd_default:ok;psd_layered:fail;twostage_default:ok;twostage_layered_lbfgs:fail;witness:ok"
"twostage_layered_lbfgs","twostage_default","psd-ml","research47","test","r47_f2_r99","two_factor",25,33,"x100","ML",1337252960,,"","",,"","psd:ordinary-error",,"OptimizerNonConvergence nlopt Sequential Quadratic Programming (SQP) (local  derivative): evaluation budget exhausted without convergence",,FALSE,0.404494878524609,0.404494878524602,"psd_default:ok;psd_layered:fail;twostage_default:ok;twostage_layered_lbfgs:fail;witness:ok"
"twostage_layered_lbfgs","twostage_default","psd-ml","research47","test","r47_path_r2_100","path",25,15,"native","ML",970178277,,"","",,"","psd:ordinary-rejected",,"OptimizerNonConvergence nlopt Sequential Quadratic Programming (SQP) (local  derivative): evaluation budget exhausted without convergence",,FALSE,1.01187335794435,1.01187335794435,"psd_default:ok;psd_layered:fail;twostage_default:ok;twostage_layered_lbfgs:fail;witness:ok"
"twostage_layered_lbfgs","twostage_default","psd-ml","research47","test","r47_path_r2_100","path",25,15,"x0.01","ML",970178277,,"","",,"","psd:ordinary-rejected",,"OptimizerNonConvergence nlopt Sequential Quadratic Programming (SQP) (local  derivative): evaluation budget exhausted without convergence",,FALSE,1.01187335794434,1.01187335794433,"psd_default:ok;psd_layered:fail;twostage_default:ok;twostage_layered_lbfgs:fail;witness:ok"
"twostage_layered_lbfgs","twostage_default","psd-ml","research47","test","r47_path_r2_100","path",25,15,"x100","ML",970178277,,"","",,"","psd:ordinary-error",,"OptimizerNonConvergence nlopt Sequential Quadratic Programming (SQP) (local  derivative): evaluation budget exhausted without convergence",,FALSE,1.01187335794435,1.01187335794432,"psd_default:ok;psd_layered:fail;twostage_default:ok;twostage_layered_lbfgs:fail;witness:ok"
"twostage_layered_lbfgs","twostage_default","psd-ml","research47","test","r47_path_r2_100","path",25,18,"mixed","ML",970178280,,"","",,"","psd:ordinary-error",,"OptimizerNonConvergence nlopt Sequential Quadratic Programming (SQP) (local  derivative): evaluation budget exhausted without convergence",,FALSE,0.467518186675611,0.467518186675611,"psd_default:ok;psd_layered:fail;twostage_default:ok;twostage_layered_lbfgs:fail;witness:ok"
"twostage_layered_lbfgs","twostage_default","psd-ml","research47","test","r47_path_r2_100","path",25,18,"native","ML",970178280,,"","",,"","psd:ordinary-error",,"OptimizerNonConvergence nlopt Sequential Quadratic Programming (SQP) (local  derivative): evaluation budget exhausted without convergence",,FALSE,0.467518186675689,0.467518186675624,"psd_default:ok;psd_layered:fail;twostage_default:ok;twostage_layered_lbfgs:fail;witness:ok"
"twostage_layered_lbfgs","twostage_default","psd-ml","research47","test","r47_path_r2_100","path",25,18,"x0.01","ML",970178280,,"","",,"","psd:ordinary-error",,"OptimizerNonConvergence nlopt Sequential Quadratic Programming (SQP) (local  derivative): evaluation budget exhausted without convergence",,FALSE,0.467518186675626,0.467518186675612,"psd_default:ok;psd_layered:fail;twostage_default:ok;twostage_layered_lbfgs:fail;witness:ok"
"twostage_layered_lbfgs","twostage_default","psd-ml","research47","test","r47_path_r2_100","path",25,18,"x100","ML",970178280,,"","",,"","psd:ordinary-error",,"OptimizerNonConvergence nlopt Sequential Quadratic Programming (SQP) (local  derivative): evaluation budget exhausted without convergence",,FALSE,0.467518186675711,0.467518186675598,"psd_default:ok;psd_layered:fail;twostage_default:ok;twostage_layered_lbfgs:fail;witness:ok"
"twostage_layered_lbfgs","twostage_default","psd-ml","research47","test","r47_path_r2_90","path",25,11,"mixed","ML",1020381330,,"","",,"","psd:ordinary-error",,"OptimizerNonConvergence nlopt Sequential Quadratic Programming (SQP) (local  derivative): evaluation budget exhausted without convergence",,FALSE,1.12829256009208,1.12829256009208,"psd_default:ok;psd_layered:fail;twostage_default:ok;twostage_layered_lbfgs:fail;witness:ok"
"twostage_layered_lbfgs","twostage_default","psd-ml","research47","test","r47_path_r2_90","path",25,45,"native","ML",1020381727,1.13790775484095,"nonpositive_curvature","converged",91,"ordinary-estimates","psd:ordinary-rejected",TRUE,"",22.490440086559,FALSE,0.947889573128069,0.947889573128041,"psd_default:ok;psd_layered:ok;twostage_default:ok;twostage_layered_lbfgs:fail;witness:ok"
"twostage_layered_lbfgs","twostage_default","psd-ml","wolf","test","wolf_1f4i_l50","cfa",25,24,"mixed","ML",1542877196,0.163365375007859,"nonpositive_curvature","converged",60,"ordinary-estimates","psd:ordinary-inadmissible",TRUE,"",1,FALSE,0.0751803450903332,0.0751803450903328,"psd_default:ok;psd_layered:ok;twostage_default:ok;twostage_layered_lbfgs:fail;witness:ok"
"twostage_layered_lbfgs","twostage_default","psd-ml","wolf","test","wolf_1f4i_l50","cfa",25,50,"native","ML",1542877585,,"","",,"","psd:ordinary-inadmissible",,"OptimizerNonConvergence nlopt Sequential Quadratic Programming (SQP) (local  derivative): evaluation budget exhausted without convergence",,FALSE,0.157573667742187,0.157573667742187,"psd_default:ok;psd_layered:ok;twostage_default:ok;twostage_layered_lbfgs:fail;witness:ok"
"twostage_layered_lbfgs","twostage_default","psd-ml","wolf","test","wolf_1f6i_l50","cfa",25,37,"mixed","ML",1131857920,,"","",,"","psd:ordinary-inadmissible",,"OptimizerNonConvergence nlopt Sequential Quadratic Programming (SQP) (local  derivative): evaluation budget exhausted without convergence",,FALSE,0.176242281675017,0.176242281675006,"psd_default:ok;psd_layered:ok;twostage_default:ok;twostage_layered_lbfgs:fail;witness:ok"
"twostage_layered_lbfgs","twostage_default","psd-ml","wolf","test","wolf_1f8i_l50","cfa",25,36,"native","ML",720838509,,"","",,"","psd:ordinary-error",,"OptimizerNonConvergence nlopt Sequential Quadratic Programming (SQP) (local  derivative): evaluation budget exhausted without convergence",,FALSE,0.465347721879315,0.465347721879315,"psd_default:fail;psd_layered:fail;twostage_default:ok;twostage_layered_lbfgs:fail;witness:fail"
"twostage_layered_lbfgs","twostage_default","psd-ml","wolf","test","wolf_1f8i_l50","cfa",25,36,"x0.01","ML",720838509,,"","",,"","psd:ordinary-error",,"OptimizerNonConvergence nlopt Sequential Quadratic Programming (SQP) (local  derivative): evaluation budget exhausted without convergence",,FALSE,0.465347721879297,0.465347721879297,"psd_default:fail;psd_layered:fail;twostage_default:ok;twostage_layered_lbfgs:fail;witness:fail"
"twostage_layered_lbfgs","twostage_default","psd-ml","wolf","test","wolf_2f3i_l50","cfa",100,13,"x100","ML",653302726,,"","",,"","psd:ordinary-rejected",,"OptimizerNonConvergence nlopt Sequential Quadratic Programming (SQP) (local  derivative): evaluation budget exhausted without convergence",,FALSE,0.0361630737763114,0.0361630737763114,"psd_default:ok;psd_layered:ok;twostage_default:ok;twostage_layered_lbfgs:fail;witness:ok"
"twostage_layered_lbfgs","twostage_default","psd-ml","wolf","test","wolf_2f3i_l50","cfa",100,44,"mixed","ML",653303120,,"","",,"","psd:ordinary-error",,"OptimizerNonConvergence nlopt Sequential Quadratic Programming (SQP) (local  derivative): evaluation budget exhausted without convergence",,FALSE,0.0267608411356877,0.0267608411356877,"psd_default:ok;psd_layered:fail;twostage_default:ok;twostage_layered_lbfgs:fail;witness:ok"
"twostage_layered_lbfgs","twostage_default","psd-ml","wolf","test","wolf_2f3i_l50","cfa",100,44,"native","ML",653303120,,"","",,"","psd:ordinary-rejected",,"OptimizerNonConvergence nlopt Sequential Quadratic Programming (SQP) (local  derivative): evaluation budget exhausted without convergence",,FALSE,0.0267608411356872,0.0267608411356868,"psd_default:ok;psd_layered:fail;twostage_default:ok;twostage_layered_lbfgs:fail;witness:ok"
"twostage_layered_lbfgs","twostage_default","psd-ml","wolf","test","wolf_2f3i_l50","cfa",100,44,"x100","ML",653303120,0.0701094701956109,"nonpositive_curvature","converged",4618,"layered","psd:ordinary-error",TRUE,"",1,FALSE,0.0267608411356832,0.0267608411356832,"psd_default:ok;psd_layered:fail;twostage_default:ok;twostage_layered_lbfgs:fail;witness:ok"
"twostage_layered_lbfgs","twostage_default","psd-ml","wolf","test","wolf_2f3i_l50","cfa",25,11,"mixed","ML",1164458080,,"","",,"","psd:ordinary-error",,"OptimizerNonConvergence nlopt Sequential Quadratic Programming (SQP) (local  derivative): evaluation budget exhausted without convergence",,FALSE,0.274142722652906,0.274142722652901,"psd_default:ok;psd_layered:fail;twostage_default:ok;twostage_layered_lbfgs:fail;witness:ok"
"twostage_layered_lbfgs","twostage_default","psd-ml","wolf","test","wolf_2f3i_l50","cfa",25,11,"native","ML",1164458080,,"","",,"","psd:ordinary-error",,"OptimizerNonConvergence nlopt Sequential Quadratic Programming (SQP) (local  derivative): evaluation budget exhausted without convergence",,FALSE,0.274142722652909,0.274142722652901,"psd_default:ok;psd_layered:fail;twostage_default:ok;twostage_layered_lbfgs:fail;witness:ok"
"twostage_layered_lbfgs","twostage_default","psd-ml","wolf","test","wolf_2f3i_l50","cfa",25,11,"x100","ML",1164458080,,"","",,"","psd:ordinary-error",,"OptimizerNonConvergence nlopt Sequential Quadratic Programming (SQP) (local  derivative): evaluation budget exhausted without convergence",,FALSE,0.274142722652904,0.274142722652901,"psd_default:ok;psd_layered:fail;twostage_default:ok;twostage_layered_lbfgs:fail;witness:ok"
"twostage_layered_lbfgs","twostage_default","psd-ml","wolf","test","wolf_2f3i_l50","cfa",25,14,"x0.01","ML",1164458083,,"","",,"","psd:ordinary-inadmissible",,"OptimizerNonConvergence nlopt Sequential Quadratic Programming (SQP) (local  derivative): evaluation budget exhausted without convergence",,FALSE,0.139375770326708,0.139375770326708,"psd_default:ok;psd_layered:fail;twostage_default:ok;twostage_layered_lbfgs:fail;witness:ok"
"twostage_layered_lbfgs","twostage_default","psd-ml","wolf","test","wolf_2f3i_l50","cfa",25,17,"native","ML",1164458086,,"","",,"","psd:ordinary-inadmissible",,"OptimizerNonConvergence nlopt Sequential Quadratic Programming (SQP) (local  derivative): evaluation budget exhausted without convergence",,FALSE,0.130440059014342,0.130440059014342,"psd_default:ok;psd_layered:ok;twostage_default:ok;twostage_layered_lbfgs:fail;witness:ok"
"twostage_layered_lbfgs","twostage_default","psd-ml","wolf","test","wolf_2f3i_l50","cfa",25,17,"x100","ML",1164458086,,"","",,"","psd:ordinary-inadmissible",,"OptimizerNonConvergence nlopt Sequential Quadratic Programming (SQP) (local  derivative): evaluation budget exhausted without convergence",,FALSE,0.13044005901434,0.13044005901434,"psd_default:ok;psd_layered:ok;twostage_default:ok;twostage_layered_lbfgs:fail;witness:ok"
"twostage_layered_lbfgs","twostage_default","psd-ml","wolf","test","wolf_2f3i_l50","cfa",25,18,"native","ML",1164458087,,"","",,"","psd:ordinary-error",,"OptimizerNonConvergence nlopt Sequential Quadratic Programming (SQP) (local  derivative): evaluation budget exhausted without convergence",,FALSE,0.103928861998299,0.103928861998299,"psd_default:ok;psd_layered:fail;twostage_default:ok;twostage_layered_lbfgs:fail;witness:fail"
"twostage_layered_lbfgs","twostage_default","psd-ml","wolf","test","wolf_2f3i_l50","cfa",25,18,"x0.01","ML",1164458087,,"","",,"","psd:ordinary-error",,"OptimizerNonConvergence nlopt Sequential Quadratic Programming (SQP) (local  derivative): evaluation budget exhausted without convergence",,FALSE,0.103928861998305,0.103928861998305,"psd_default:fail;psd_layered:fail;twostage_default:ok;twostage_layered_lbfgs:fail;witness:fail"
"twostage_layered_lbfgs","twostage_default","psd-ml","wolf","test","wolf_2f3i_l50","cfa",25,18,"x100","ML",1164458087,,"","",,"","psd:ordinary-error",,"OptimizerNonConvergence nlopt Sequential Quadratic Programming (SQP) (local  derivative): evaluation budget exhausted without convergence",,FALSE,0.103928861998305,0.103928861998305,"psd_default:fail;psd_layered:fail;twostage_default:ok;twostage_layered_lbfgs:fail;witness:fail"
"twostage_layered_lbfgs","twostage_default","psd-ml","wolf","test","wolf_2f3i_l50","cfa",25,2,"native","ML",2123586613,0.150818824099596,"nonpositive_curvature","converged",4886,"ordinary-estimates","psd:ordinary-inadmissible",TRUE,"",1,FALSE,0.083096237251973,0.083096237251969,"psd_default:ok;psd_layered:fail;twostage_default:ok;twostage_layered_lbfgs:fail;witness:ok"
"twostage_layered_lbfgs","twostage_default","psd-ml","wolf","test","wolf_2f3i_l50","cfa",25,2,"x0.01","ML",2123586613,0.150820850456963,"nonpositive_curvature","converged",4012,"ordinary-estimates","psd:ordinary-inadmissible",TRUE,"",1,FALSE,0.0830962372519757,0.0830962372519686,"psd_default:ok;psd_layered:fail;twostage_default:ok;twostage_layered_lbfgs:fail;witness:ok"
"twostage_layered_lbfgs","twostage_default","psd-ml","wolf","test","wolf_2f3i_l50","cfa",25,22,"mixed","ML",1164458212,,"","",,"","psd:ordinary-error",,"OptimizerNonConvergence nlopt Sequential Quadratic Programming (SQP) (local  derivative): evaluation budget exhausted without convergence",,FALSE,0.100139468704707,0.100139468704707,"psd_default:ok;psd_layered:fail;twostage_default:ok;twostage_layered_lbfgs:fail;witness:ok"
"twostage_layered_lbfgs","twostage_default","psd-ml","wolf","test","wolf_2f3i_l50","cfa",25,22,"native","ML",1164458212,,"","",,"","psd:ordinary-error",,"OptimizerNonConvergence nlopt Sequential Quadratic Programming (SQP) (local  derivative): evaluation budget exhausted without convergence",,FALSE,0.100139468704708,0.100139468704707,"psd_default:ok;psd_layered:fail;twostage_default:ok;twostage_layered_lbfgs:fail;witness:ok"
"twostage_layered_lbfgs","twostage_default","psd-ml","wolf","test","wolf_2f3i_l50","cfa",25,22,"x100","ML",1164458212,,"","",,"","psd:ordinary-error",,"OptimizerNonConvergence nlopt Sequential Quadratic Programming (SQP) (local  derivative): evaluation budget exhausted without convergence",,FALSE,0.100139468704711,0.100139468704707,"psd_default:ok;psd_layered:fail;twostage_default:ok;twostage_layered_lbfgs:fail;witness:ok"
"twostage_layered_lbfgs","twostage_default","psd-ml","wolf","test","wolf_2f3i_l50","cfa",25,25,"native","ML",1164458215,,"","",,"","psd:ordinary-inadmissible",,"OptimizerNonConvergence nlopt Sequential Quadratic Programming (SQP) (local  derivative): evaluation budget exhausted without convergence",,FALSE,0.158382708740659,0.158382708740656,"psd_default:ok;psd_layered:fail;twostage_default:ok;twostage_layered_lbfgs:fail;witness:ok"
"twostage_layered_lbfgs","twostage_default","psd-ml","wolf","test","wolf_2f3i_l50","cfa",25,25,"x0.01","ML",1164458215,0.129745933875007,"ill_conditioned","converged",62,"ordinary-estimates","psd:ordinary-inadmissible",TRUE,"",1,FALSE,0.184155544324014,0.158382708740653,"psd_default:ok;psd_layered:fail;twostage_default:ok;twostage_layered_lbfgs:fail;witness:ok"
"twostage_layered_lbfgs","twostage_default","psd-ml","wolf","test","wolf_2f3i_l50","cfa",25,25,"x100","ML",1164458215,,"","",,"","psd:ordinary-inadmissible",,"OptimizerNonConvergence nlopt Sequential Quadratic Programming (SQP) (local  derivative): evaluation budget exhausted without convergence",,FALSE,0.129745933875014,0.129745933875007,"psd_default:ok;psd_layered:fail;twostage_default:ok;twostage_layered_lbfgs:fail;witness:ok"
"twostage_layered_lbfgs","twostage_default","psd-ml","wolf","test","wolf_2f3i_l50","cfa",25,29,"mixed","ML",1164458219,0.34122838029672,"nonpositive_curvature","converged",4079,"layered","psd:ordinary-error",TRUE,"",1,FALSE,0.312391211594926,0.257355472706041,"psd_default:ok;psd_layered:fail;twostage_default:ok;twostage_layered_lbfgs:fail;witness:ok"
"twostage_layered_lbfgs","twostage_default","psd-ml","wolf","test","wolf_2f3i_l50","cfa",25,29,"native","ML",1164458219,0.340746730452432,"nonpositive_curvature","converged",4129,"layered","psd:ordinary-error",TRUE,"",1,FALSE,0.312391211594926,0.257355472706041,"psd_default:ok;psd_layered:fail;twostage_default:ok;twostage_layered_lbfgs:fail;witness:ok"
"twostage_layered_lbfgs","twostage_default","psd-ml","wolf","test","wolf_2f3i_l50","cfa",25,29,"x0.01","ML",1164458219,0.340746731719232,"nonpositive_curvature","converged",3556,"layered","psd:ordinary-error",TRUE,"",1,FALSE,0.312391211594928,0.312391211594928,"psd_default:ok;psd_layered:fail;twostage_default:ok;twostage_layered_lbfgs:fail;witness:fail"
"twostage_layered_lbfgs","twostage_default","psd-ml","wolf","test","wolf_2f3i_l50","cfa",25,29,"x100","ML",1164458219,0.340746730871281,"nonpositive_curvature","converged",3901,"layered","psd:ordinary-error",TRUE,"",1,FALSE,0.257355472706045,0.257355472706045,"psd_default:ok;psd_layered:fail;twostage_default:ok;twostage_layered_lbfgs:fail;witness:ok"
"twostage_layered_lbfgs","twostage_default","psd-ml","wolf","test","wolf_2f3i_l50","cfa",25,31,"native","ML",1164458342,0.221718888839515,"nonpositive_curvature","converged",2007,"layered","psd:ordinary-error",TRUE,"",1,FALSE,0.158399287542897,0.158399287542864,"psd_default:ok;psd_layered:fail;twostage_default:ok;twostage_layered_lbfgs:fail;witness:fail"
"twostage_layered_lbfgs","twostage_default","psd-ml","wolf","test","wolf_2f3i_l50","cfa",25,33,"x100","ML",1164458344,,"","",,"","psd:ordinary-rejected",,"OptimizerNonConvergence nlopt Sequential Quadratic Programming (SQP) (local  derivative): evaluation budget exhausted without convergence",,FALSE,0.356293013337808,0.356293013337808,"psd_default:ok;psd_layered:ok;twostage_default:ok;twostage_layered_lbfgs:fail;witness:ok"
"twostage_layered_lbfgs","twostage_default","psd-ml","wolf","test","wolf_2f3i_l50","cfa",25,4,"native","ML",2123586615,,"","",,"","psd:ordinary-error",,"OptimizerNonConvergence nlopt Sequential Quadratic Programming (SQP) (local  derivative): evaluation budget exhausted without convergence",,FALSE,0.0940901852307925,0.0940901852307925,"psd_default:ok;psd_layered:fail;twostage_default:ok;twostage_layered_lbfgs:fail;witness:ok"
"twostage_layered_lbfgs","twostage_default","psd-ml","wolf","test","wolf_2f3i_l50","cfa",25,4,"x0.01","ML",2123586615,,"","",,"","psd:ordinary-error",,"OptimizerNonConvergence nlopt Sequential Quadratic Programming (SQP) (local  derivative): evaluation budget exhausted without convergence",,FALSE,0.0940901852307938,0.0940901852307938,"psd_default:ok;psd_layered:fail;twostage_default:ok;twostage_layered_lbfgs:fail;witness:ok"
"twostage_layered_lbfgs","twostage_default","psd-ml","wolf","test","wolf_2f3i_l50","cfa",25,4,"x100","ML",2123586615,,"","",,"","psd:ordinary-error",,"OptimizerNonConvergence nlopt Sequential Quadratic Programming (SQP) (local  derivative): evaluation budget exhausted without convergence",,FALSE,0.0940901852307938,0.0940901852307867,"psd_default:ok;psd_layered:fail;twostage_default:ok;twostage_layered_lbfgs:fail;witness:ok"
"twostage_layered_lbfgs","twostage_default","psd-ml","wolf","test","wolf_2f3i_l50","cfa",25,41,"native","ML",1164458473,,"","",,"","psd:ordinary-error",,"OptimizerNonConvergence nlopt Sequential Quadratic Programming (SQP) (local  derivative): evaluation budget exhausted without convergence",,FALSE,0.18204986612087,0.182049866120866,"psd_default:ok;psd_layered:fail;twostage_default:ok;twostage_layered_lbfgs:fail;witness:ok"
"twostage_layered_lbfgs","twostage_default","psd-ml","wolf","test","wolf_2f3i_l50","cfa",25,41,"x0.01","ML",1164458473,,"","",,"","psd:ordinary-error",,"OptimizerNonConvergence nlopt Sequential Quadratic Programming (SQP) (local  derivative): evaluation budget exhausted without convergence",,FALSE,0.182049866120867,0.182049866120863,"psd_default:ok;psd_layered:fail;twostage_default:ok;twostage_layered_lbfgs:fail;witness:ok"
"twostage_layered_lbfgs","twostage_default","psd-ml","wolf","test","wolf_2f3i_l50","cfa",25,41,"x100","ML",1164458473,,"","",,"","psd:ordinary-error",,"OptimizerNonConvergence nlopt Sequential Quadratic Programming (SQP) (local  derivative): evaluation budget exhausted without convergence",,FALSE,0.18204986612086,0.18204986612086,"psd_default:ok;psd_layered:fail;twostage_default:ok;twostage_layered_lbfgs:fail;witness:ok"
"twostage_layered_lbfgs","twostage_default","psd-ml","wolf","test","wolf_2f3i_l50","cfa",25,49,"native","ML",1164458481,,"","",,"","psd:ordinary-rejected",,"OptimizerNonConvergence nlopt Sequential Quadratic Programming (SQP) (local  derivative): evaluation budget exhausted without convergence",,FALSE,0.200710646232435,0.200710646232435,"psd_default:ok;psd_layered:fail;twostage_default:ok;twostage_layered_lbfgs:fail;witness:ok"
"twostage_layered_lbfgs","twostage_default","psd-ml","wolf","test","wolf_2f3i_l50","cfa",25,49,"x100","ML",1164458481,,"","",,"","psd:ordinary-rejected",,"OptimizerNonConvergence nlopt Sequential Quadratic Programming (SQP) (local  derivative): evaluation budget exhausted without convergence",,FALSE,0.200710646232441,0.200710646232434,"psd_default:ok;psd_layered:fail;twostage_default:ok;twostage_layered_lbfgs:fail;witness:ok"
"twostage_layered_lbfgs","twostage_default","psd-ml","wolf","test","wolf_2f3i_l50","cfa",25,8,"x0.01","ML",2123586619,,"","",,"","psd:ordinary-error",,"OptimizerNonConvergence nlopt Sequential Quadratic Programming (SQP) (local  derivative): evaluation budget exhausted without convergence",,FALSE,0.327150491267975,0.327150491267975,"psd_default:fail;psd_layered:fail;twostage_default:ok;twostage_layered_lbfgs:fail;witness:fail"
"twostage_layered_lbfgs","twostage_default","psd-ml","wolf","test","wolf_2f8i_l50","cfa",26,40,"x0.01","ML",139158038,,"","",,"","psd:ordinary-inadmissible",,"OptimizerNonConvergence nlopt Sequential Quadratic Programming (SQP) (local  derivative): evaluation budget exhausted without convergence",,FALSE,2.73694229632268,2.73694229632252,"psd_default:ok;psd_layered:ok;twostage_default:ok;twostage_layered_lbfgs:fail;witness:ok"
"twostage_layered_lbfgs","twostage_default","psd-ml","wolf","test","wolf_2f8i_l50","cfa",26,50,"mixed","ML",139158169,2.97734141764923,"available","converged",4270,"ordinary-estimates","psd:ordinary-inadmissible",TRUE,"",1,FALSE,2.7533797088563,2.7533797088563,"psd_default:ok;psd_layered:ok;twostage_default:ok;twostage_layered_lbfgs:fail;witness:ok"
"twostage_layered_lbfgs","twostage_default","psd-ml","wolf","test","wolf_2f8i_l50","cfa",26,50,"native","ML",139158169,2.97733566675794,"nonpositive_curvature","converged",3877,"ordinary-estimates","psd:ordinary-inadmissible",TRUE,"",1,FALSE,2.75337970885704,2.75337970885656,"psd_default:ok;psd_layered:ok;twostage_default:ok;twostage_layered_lbfgs:fail;witness:ok"
"twostage_layered_lbfgs","twostage_default","psd-ml","wolf","test","wolf_2f8i_l50","cfa",26,50,"x0.01","ML",139158169,2.97734103049616,"nonpositive_curvature","converged",4136,"ordinary-estimates","psd:ordinary-inadmissible",TRUE,"",1,FALSE,2.75337970885701,2.75337970885667,"psd_default:ok;psd_layered:ok;twostage_default:ok;twostage_layered_lbfgs:fail;witness:ok"
"twostage_layered_lbfgs","twostage_default","psd-ml","wolf","test","wolf_2f8i_l50","cfa",26,50,"x100","ML",139158169,2.97733747794268,"nonpositive_curvature","converged",3840,"ordinary-estimates","psd:ordinary-inadmissible",TRUE,"",1,FALSE,2.75337970885704,2.75337970885704,"psd_default:ok;psd_layered:ok;twostage_default:ok;twostage_layered_lbfgs:fail;witness:ok"
"twostage_layered_lbfgs","twostage_default","psd-ml","wolf","test","wolf_3f3i_l50","cfa",100,21,"mixed","ML",1468055502,,"","",,"","psd:ordinary-rejected",,"OptimizerNonConvergence nlopt Sequential Quadratic Programming (SQP) (local  derivative): evaluation budget exhausted without convergence",,FALSE,0.0845085524804032,0.0845085524804032,"psd_default:ok;psd_layered:ok;twostage_default:ok;twostage_layered_lbfgs:fail;witness:ok"
"twostage_layered_lbfgs","twostage_default","psd-ml","wolf","test","wolf_3f3i_l50","cfa",100,21,"x100","ML",1468055502,,"","",,"","psd:ordinary-rejected",,"OptimizerNonConvergence nlopt Sequential Quadratic Programming (SQP) (local  derivative): evaluation budget exhausted without convergence",,FALSE,0.0845085524804077,0.0845085524804006,"psd_default:ok;psd_layered:ok;twostage_default:ok;twostage_layered_lbfgs:fail;witness:ok"
"twostage_layered_lbfgs","twostage_default","psd-ml","wolf","test","wolf_3f3i_l50","cfa",100,8,"native","ML",273494613,,"","",,"","psd:ordinary-error",,"OptimizerNonConvergence nlopt Sequential Quadratic Programming (SQP) (local  derivative): evaluation budget exhausted without convergence",,FALSE,0.129956444779058,0.129956444779056,"psd_default:ok;psd_layered:fail;twostage_default:ok;twostage_layered_lbfgs:fail;witness:ok"
"twostage_layered_lbfgs","twostage_default","psd-ml","wolf","test","wolf_3f3i_l50","cfa",100,8,"x0.01","ML",273494613,,"","",,"","psd:ordinary-error",,"OptimizerNonConvergence nlopt Sequential Quadratic Programming (SQP) (local  derivative): evaluation budget exhausted without convergence",,FALSE,0.129956444779069,0.129956444779069,"psd_default:ok;psd_layered:fail;twostage_default:ok;twostage_layered_lbfgs:fail;witness:ok"
"twostage_layered_lbfgs","twostage_default","psd-ml","wolf","test","wolf_3f3i_l50","cfa",100,8,"x100","ML",273494613,,"","",,"","psd:ordinary-error",,"OptimizerNonConvergence nlopt Sequential Quadratic Programming (SQP) (local  derivative): evaluation budget exhausted without convergence",,FALSE,0.129956444779062,0.129956444779054,"psd_default:ok;psd_layered:fail;twostage_default:ok;twostage_layered_lbfgs:fail;witness:ok"
"twostage_layered_lbfgs","twostage_default","psd-ml","wolf","test","wolf_3f3i_l50","cfa",25,10,"native","ML",580529392,,"","",,"","psd:ordinary-inadmissible",,"OptimizerNonConvergence nlopt Sequential Quadratic Programming (SQP) (local  derivative): evaluation budget exhausted without convergence",,FALSE,0.397979223697896,0.397979223697896,"psd_default:ok;psd_layered:fail;twostage_default:ok;twostage_layered_lbfgs:fail;witness:ok"
"twostage_layered_lbfgs","twostage_default","psd-ml","wolf","test","wolf_3f3i_l50","cfa",25,10,"x0.01","ML",580529392,,"","",,"","psd:ordinary-inadmissible",,"OptimizerNonConvergence nlopt Sequential Quadratic Programming (SQP) (local  derivative): evaluation budget exhausted without convergence",,FALSE,0.39797922369786,0.39797922369786,"psd_default:ok;psd_layered:fail;twostage_default:ok;twostage_layered_lbfgs:fail;witness:ok"
"twostage_layered_lbfgs","twostage_default","psd-ml","wolf","test","wolf_3f3i_l50","cfa",25,10,"x100","ML",580529392,,"","",,"","psd:ordinary-inadmissible",,"OptimizerNonConvergence nlopt Sequential Quadratic Programming (SQP) (local  derivative): evaluation budget exhausted without convergence",,FALSE,0.397979223697867,0.39797922369786,"psd_default:ok;psd_layered:fail;twostage_default:ok;twostage_layered_lbfgs:fail;witness:ok"
"twostage_layered_lbfgs","twostage_default","psd-ml","wolf","test","wolf_3f3i_l50","cfa",25,11,"native","ML",580529393,0.483063015213386,"available","converged",4300,"layered","psd:ordinary-error",TRUE,"",1,FALSE,0.480838536645034,0.48083853664503,"psd_default:ok;psd_layered:fail;twostage_default:ok;twostage_layered_lbfgs:fail;witness:ok"
"twostage_layered_lbfgs","twostage_default","psd-ml","wolf","test","wolf_3f3i_l50","cfa",25,11,"x0.01","ML",580529393,,"","",,"","psd:ordinary-error",,"OptimizerNonConvergence nlopt Sequential Quadratic Programming (SQP) (local  derivative): evaluation budget exhausted without convergence",,FALSE,0.480838536645052,0.480838536645052,"psd_default:ok;psd_layered:fail;twostage_default:ok;twostage_layered_lbfgs:fail;witness:ok"
"twostage_layered_lbfgs","twostage_default","psd-ml","wolf","test","wolf_3f3i_l50","cfa",25,11,"x100","ML",580529393,,"","",,"","psd:ordinary-error",,"OptimizerNonConvergence nlopt Sequential Quadratic Programming (SQP) (local  derivative): evaluation budget exhausted without convergence",,FALSE,0.480838536645024,0.480838536645024,"psd_default:ok;psd_layered:fail;twostage_default:ok;twostage_layered_lbfgs:fail;witness:ok"
"twostage_layered_lbfgs","twostage_default","psd-ml","wolf","test","wolf_3f3i_l50","cfa",25,13,"x100","ML",580529395,,"","",,"","psd:ordinary-rejected",,"OptimizerNonConvergence nlopt Sequential Quadratic Programming (SQP) (local  derivative): evaluation budget exhausted without convergence",,FALSE,0.717341455949452,0.717341455949438,"psd_default:ok;psd_layered:ok;twostage_default:ok;twostage_layered_lbfgs:fail;witness:ok"
"twostage_layered_lbfgs","twostage_default","psd-ml","wolf","test","wolf_3f3i_l50","cfa",25,15,"native","ML",580529397,,"","",,"","psd:ordinary-error",,"OptimizerNonConvergence nlopt Sequential Quadratic Programming (SQP) (local  derivative): evaluation budget exhausted without convergence",,FALSE,0.574405884239746,0.574405884239726,"psd_default:ok;psd_layered:fail;twostage_default:ok;twostage_layered_lbfgs:fail;witness:ok"
"twostage_layered_lbfgs","twostage_default","psd-ml","wolf","test","wolf_3f3i_l50","cfa",25,15,"x0.01","ML",580529397,,"","",,"","psd:ordinary-error",,"OptimizerNonConvergence nlopt Sequential Quadratic Programming (SQP) (local  derivative): evaluation budget exhausted without convergence",,FALSE,0.574405884239809,0.57440588423971,"psd_default:ok;psd_layered:fail;twostage_default:ok;twostage_layered_lbfgs:fail;witness:ok"
"twostage_layered_lbfgs","twostage_default","psd-ml","wolf","test","wolf_3f3i_l50","cfa",25,17,"mixed","ML",580529399,,"","",,"","psd:ordinary-rejected",,"OptimizerNonConvergence nlopt Sequential Quadratic Programming (SQP) (local  derivative): evaluation budget exhausted without convergence",,FALSE,0.681473595597248,0.678553949323037,"psd_default:ok;psd_layered:ok;twostage_default:ok;twostage_layered_lbfgs:fail;witness:ok"
"twostage_layered_lbfgs","twostage_default","psd-ml","wolf","test","wolf_3f3i_l50","cfa",25,19,"mixed","ML",580529401,,"","",,"","psd:ordinary-rejected",,"OptimizerNonConvergence nlopt Sequential Quadratic Programming (SQP) (local  derivative): evaluation budget exhausted without convergence",,FALSE,0.531667029580073,0.53166702958007,"psd_default:ok;psd_layered:fail;twostage_default:ok;twostage_layered_lbfgs:fail;witness:ok"
"twostage_layered_lbfgs","twostage_default","psd-ml","wolf","test","wolf_3f3i_l50","cfa",25,20,"x0.01","ML",580529523,,"","",,"","psd:ordinary-error",,"OptimizerNonConvergence nlopt Sequential Quadratic Programming (SQP) (local  derivative): evaluation budget exhausted without convergence",,FALSE,0.462346108003274,0.462346108003274,"psd_default:fail;psd_layered:fail;twostage_default:ok;twostage_layered_lbfgs:fail;witness:fail"
"twostage_layered_lbfgs","twostage_default","psd-ml","wolf","test","wolf_3f3i_l50","cfa",25,25,"mixed","ML",580529528,,"","",,"","psd:ordinary-inadmissible",,"OptimizerNonConvergence nlopt Sequential Quadratic Programming (SQP) (local  derivative): evaluation budget exhausted without convergence",,FALSE,1.00760465018259,0.92659461769953,"psd_default:ok;psd_layered:fail;twostage_default:ok;twostage_layered_lbfgs:fail;witness:ok"
"twostage_layered_lbfgs","twostage_default","psd-ml","wolf","test","wolf_3f3i_l50","cfa",25,27,"x100","ML",580529530,,"","",,"","psd:ordinary-error",,"OptimizerNonConvergence nlopt Sequential Quadratic Programming (SQP) (local  derivative): evaluation budget exhausted without convergence",,FALSE,0.555417435143958,0.524290628378935,"psd_default:fail;psd_layered:fail;twostage_default:ok;twostage_layered_lbfgs:fail;witness:ok"
"twostage_layered_lbfgs","twostage_default","psd-ml","wolf","test","wolf_3f3i_l50","cfa",25,28,"native","ML",580529531,,"","",,"","psd:ordinary-rejected",,"OptimizerNonConvergence nlopt Sequential Quadratic Programming (SQP) (local  derivative): evaluation budget exhausted without convergence",,FALSE,0.619295512852014,0.583832285561259,"psd_default:ok;psd_layered:ok;twostage_default:ok;twostage_layered_lbfgs:fail;witness:ok"
"twostage_layered_lbfgs","twostage_default","psd-ml","wolf","test","wolf_3f3i_l50","cfa",25,28,"x0.01","ML",580529531,,"","",,"","psd:ordinary-rejected",,"OptimizerNonConvergence nlopt Sequential Quadratic Programming (SQP) (local  derivative): evaluation budget exhausted without convergence",,FALSE,0.585004214447764,0.583832285561265,"psd_default:ok;psd_layered:ok;twostage_default:ok;twostage_layered_lbfgs:fail;witness:ok"
"twostage_layered_lbfgs","twostage_default","psd-ml","wolf","test","wolf_3f3i_l50","cfa",25,3,"x0.01","ML",971618807,,"","",,"","psd:ordinary-error",,"OptimizerNonConvergence nlopt Sequential Quadratic Programming (SQP) (local  derivative): evaluation budget exhausted without convergence",,FALSE,0.520203746854698,0.520203746854698,"psd_default:fail;psd_layered:fail;twostage_default:ok;twostage_layered_lbfgs:fail;witness:fail"
"twostage_layered_lbfgs","twostage_default","psd-ml","wolf","test","wolf_3f3i_l50","cfa",25,30,"native","ML",580529654,,"","",,"","psd:ordinary-error",,"OptimizerNonConvergence nlopt Sequential Quadratic Programming (SQP) (local  derivative): evaluation budget exhausted without convergence",,FALSE,0.882717826469357,0.882717826469263,"psd_default:ok;psd_layered:fail;twostage_default:ok;twostage_layered_lbfgs:fail;witness:ok"
"twostage_layered_lbfgs","twostage_default","psd-ml","wolf","test","wolf_3f3i_l50","cfa",25,30,"x100","ML",580529654,,"","",,"","psd:ordinary-error",,"OptimizerNonConvergence nlopt Sequential Quadratic Programming (SQP) (local  derivative): evaluation budget exhausted without convergence",,FALSE,0.882717826469282,0.882717826469282,"psd_default:ok;psd_layered:fail;twostage_default:ok;twostage_layered_lbfgs:fail;witness:ok"
"twostage_layered_lbfgs","twostage_default","psd-ml","wolf","test","wolf_3f3i_l50","cfa",25,33,"mixed","ML",580529657,,"","",,"","psd:ordinary-error",,"OptimizerNonConvergence nlopt Sequential Quadratic Programming (SQP) (local  derivative): evaluation budget exhausted without convergence",,FALSE,0.538883895654126,0.538883895654126,"psd_default:ok;psd_layered:fail;twostage_default:ok;twostage_layered_lbfgs:fail;witness:fail"
"twostage_layered_lbfgs","twostage_default","psd-ml","wolf","test","wolf_3f3i_l50","cfa",25,35,"native","ML",580529659,,"","",,"","psd:ordinary-inadmissible",,"OptimizerNonConvergence nlopt Sequential Quadratic Programming (SQP) (local  derivative): evaluation budget exhausted without convergence",,FALSE,0.486445289991634,0.486445289991634,"psd_default:ok;psd_layered:fail;twostage_default:ok;twostage_layered_lbfgs:fail;witness:ok"
"twostage_layered_lbfgs","twostage_default","psd-ml","wolf","test","wolf_3f3i_l50","cfa",25,37,"x0.01","ML",580529661,0.636451563687714,"ill_conditioned","converged",330,"ordinary-estimates","psd:ordinary-inadmissible",TRUE,"",1,FALSE,0.694494624869442,0.694494624869442,"psd_default:fail;psd_layered:fail;twostage_default:ok;twostage_layered_lbfgs:fail;witness:fail"
"twostage_layered_lbfgs","twostage_default","psd-ml","wolf","test","wolf_3f3i_l50","cfa",25,38,"mixed","ML",580529662,,"","",,"","psd:ordinary-rejected",,"OptimizerNonConvergence nlopt Sequential Quadratic Programming (SQP) (local  derivative): evaluation budget exhausted without convergence",,FALSE,0.590613504205419,0.581172502176294,"psd_default:ok;psd_layered:ok;twostage_default:ok;twostage_layered_lbfgs:fail;witness:ok"
"twostage_layered_lbfgs","twostage_default","psd-ml","wolf","test","wolf_3f3i_l50","cfa",25,40,"native","ML",580529785,,"","",,"","psd:ordinary-error",,"OptimizerNonConvergence nlopt Sequential Quadratic Programming (SQP) (local  derivative): evaluation budget exhausted without convergence",,FALSE,0.594697582526978,0.562531635887059,"psd_default:ok;psd_layered:fail;twostage_default:ok;twostage_layered_lbfgs:fail;witness:ok"
"twostage_layered_lbfgs","twostage_default","psd-ml","wolf","test","wolf_3f3i_l50","cfa",25,40,"x0.01","ML",580529785,,"","",,"","psd:ordinary-error",,"OptimizerNonConvergence nlopt Sequential Quadratic Programming (SQP) (local  derivative): evaluation budget exhausted without convergence",,FALSE,0.562531635887055,0.562531635887055,"psd_default:ok;psd_layered:fail;twostage_default:ok;twostage_layered_lbfgs:fail;witness:ok"
"twostage_layered_lbfgs","twostage_default","psd-ml","wolf","test","wolf_3f3i_l50","cfa",25,40,"x100","ML",580529785,,"","",,"","psd:ordinary-error",,"OptimizerNonConvergence nlopt Sequential Quadratic Programming (SQP) (local  derivative): evaluation budget exhausted without convergence",,FALSE,0.594697582526983,0.562531635887048,"psd_default:ok;psd_layered:fail;twostage_default:ok;twostage_layered_lbfgs:fail;witness:ok"
"twostage_layered_lbfgs","twostage_default","psd-ml","wolf","test","wolf_3f3i_l50","cfa",25,48,"native","ML",580529793,,"","",,"","psd:ordinary-rejected",,"OptimizerNonConvergence nlopt Sequential Quadratic Programming (SQP) (local  derivative): evaluation budget exhausted without convergence",,FALSE,0.573348425827069,0.573348425827069,"psd_default:ok;psd_layered:fail;twostage_default:ok;twostage_layered_lbfgs:fail;witness:fail"
"twostage_layered_lbfgs","twostage_default","psd-ml","wolf","test","wolf_3f3i_l50","cfa",25,48,"x100","ML",580529793,,"","",,"","psd:ordinary-rejected",,"OptimizerNonConvergence nlopt Sequential Quadratic Programming (SQP) (local  derivative): evaluation budget exhausted without convergence",,FALSE,0.573348425827071,0.573348425827071,"psd_default:ok;psd_layered:fail;twostage_default:ok;twostage_layered_lbfgs:fail;witness:fail"
"twostage_layered_lbfgs","twostage_default","psd-ml","wolf","test","wolf_3f3i_l50","cfa",25,49,"native","ML",580529794,,"","",,"","psd:ordinary-inadmissible",,"OptimizerNonConvergence nlopt Sequential Quadratic Programming (SQP) (local  derivative): evaluation budget exhausted without convergence",,FALSE,0.579305331745344,0.579305331745344,"psd_default:ok;psd_layered:fail;twostage_default:ok;twostage_layered_lbfgs:fail;witness:ok"
"twostage_layered_lbfgs","twostage_default","psd-ml","wolf","test","wolf_3f3i_l50","cfa",25,49,"x0.01","ML",580529794,,"","",,"","psd:ordinary-inadmissible",,"OptimizerNonConvergence nlopt Sequential Quadratic Programming (SQP) (local  derivative): evaluation budget exhausted without convergence",,FALSE,0.57930533174536,0.579305331745331,"psd_default:ok;psd_layered:fail;twostage_default:ok;twostage_layered_lbfgs:fail;witness:ok"
"twostage_layered_lbfgs","twostage_default","psd-ml","wolf","test","wolf_3f6i_l50","cfa",28,11,"native","ML",2118228180,,"","",,"","psd:ordinary-error",,"OptimizerNonConvergence nlopt Sequential Quadratic Programming (SQP) (local  derivative): evaluation budget exhausted without convergence",,FALSE,4.38777431009658,4.38777431009658,"psd_default:fail;psd_layered:fail;twostage_default:ok;twostage_layered_lbfgs:fail;witness:ok"
"twostage_layered_lbfgs","twostage_default","psd-ml","wolf","test","wolf_3f6i_l50","cfa",28,11,"x0.01","ML",2118228180,4.38777431428015,"ill_conditioned","converged",4497,"layered","psd:ordinary-error",TRUE,"",1,FALSE,4.38777433025841,4.38777433025841,"psd_default:fail;psd_layered:fail;twostage_default:ok;twostage_layered_lbfgs:fail;witness:ok"
"twostage_layered_lbfgs","twostage_default","psd-ml","wolf","test","wolf_3f6i_l50","cfa",28,31,"mixed","ML",2118228442,,"","",,"","psd:ordinary-inadmissible",,"OptimizerNonConvergence nlopt Sequential Quadratic Programming (SQP) (local  derivative): evaluation budget exhausted without convergence",,FALSE,3.36814144737207,3.36814144737207,"psd_default:ok;psd_layered:ok;twostage_default:ok;twostage_layered_lbfgs:fail;witness:ok"
"twostage_layered_lbfgs","twostage_default","psd-ml","wolf","test","wolf_3f6i_l50","cfa",28,31,"x100","ML",2118228442,,"","",,"","psd:ordinary-inadmissible",,"OptimizerNonConvergence nlopt Sequential Quadratic Programming (SQP) (local  derivative): evaluation budget exhausted without convergence",,FALSE,3.40042663349119,3.36814144737211,"psd_default:ok;psd_layered:ok;twostage_default:ok;twostage_layered_lbfgs:fail;witness:ok"
