"candidate","baseline","lane","family","role","pop","model","n","rep","transform","estimator","seed","fmin","newton_status","optimizer_status","f_evals","start_policy","stage","admissible","message","fmin_baseline","best_known","arms"
"layered_port_ml","default","ml-gls","boomsma","test","boomsma_3CL","cfa",25,81,"x100","GLS",1316715006,0.183952233498256,"ill_conditioned","singular_convergence",1776,"",,FALSE,"",0.18138520144255,0.18138520144255,"default:ok;default_port:ok;layered_lbfgs:fail;layered_port:fail;layered_port_ml:fail;layered_port_budget:fail;witness:fail"
"layered_port_ml","default","ml-gls","boomsma","test","boomsma_3CM","cfa",25,19,"mixed","GLS",53395712,0.134625421752552,"ill_conditioned","singular_convergence",1276,"",,FALSE,"",0.131083597609928,0.131082501535967,"default:ok;default_port:ok;layered_lbfgs:fail;layered_port:fail;layered_port_ml:fail;layered_port_budget:fail;witness:ok"
"layered_port_ml","default","ml-gls","boomsma","test","boomsma_3CM","cfa",25,19,"native","GLS",53395712,0.134625441009166,"ill_conditioned","singular_convergence",1242,"",,FALSE,"",0.131082501535962,0.131082501535962,"default:ok;default_port:ok;layered_lbfgs:fail;layered_port:fail;layered_port_ml:fail;layered_port_budget:fail;witness:ok"
"layered_port_ml","default","ml-gls","boomsma","test","boomsma_3CM","cfa",25,19,"x0.01","GLS",53395712,0.134625439607828,"nonpositive_curvature","singular_convergence",1284,"",,FALSE,"",0.131082501535961,0.131082501535961,"default:ok;default_port:fail;layered_lbfgs:fail;layered_port:fail;layered_port_ml:fail;layered_port_budget:fail;witness:ok"
"layered_port_ml","default","ml-gls","boomsma","test","boomsma_3CM","cfa",25,19,"x100","GLS",53395712,0.134625464589245,"nonpositive_curvature","singular_convergence",1157,"",,FALSE,"",0.131082501536149,0.131082501535967,"default:ok;default_port:ok;layered_lbfgs:fail;layered_port:fail;layered_port_ml:fail;layered_port_budget:fail;witness:ok"
"layered_port_ml","default","ml-gls","boomsma","test","boomsma_3CM","cfa",25,24,"x100","GLS",53395838,0.180520838363715,"ill_conditioned","false_convergence",5000,"",,FALSE,"",0.16540492926467,0.16540492926467,"default:ok;default_port:ok;layered_lbfgs:fail;layered_port:fail;layered_port_ml:fail;layered_port_budget:fail;witness:fail"
"layered_port_ml","default","ml-gls","boomsma","test","boomsma_3CM","cfa",25,41,"native","GLS",53396097,0.0996113292727786,"ill_conditioned","line_search_salvaged",4899,"",,FALSE,"",0.0946828330987237,0.0946828330987237,"default:ok;default_port:ok;layered_lbfgs:fail;layered_port:fail;layered_port_ml:fail;layered_port_budget:fail;witness:ok"
"layered_port_ml","default","ml-gls","boomsma","test","boomsma_3CM","cfa",25,41,"native","ML",53396097,0.12750886663994,"ill_conditioned","singular_convergence",1423,"layered",,FALSE,"",0.127487934879451,0.127487934879451,"default:ok;default_port:ok;layered_lbfgs:fail;layered_port:fail;layered_port_ml:fail;layered_port_budget:fail;witness:ok"
"layered_port_ml","default","ml-gls","boomsma","test","boomsma_3CM","cfa",25,41,"x0.01","ML",53396097,0.127508869481179,"ill_conditioned","singular_convergence",1393,"layered",,FALSE,"",0.127510312243619,0.127487934879479,"default:ok;default_port:fail;layered_lbfgs:ok;layered_port:fail;layered_port_ml:fail;layered_port_budget:fail;witness:ok"
"layered_port_ml","default","ml-gls","boomsma","test","boomsma_3CM","cfa",25,41,"x100","GLS",53396097,0.0996133519882119,"ill_conditioned","line_search_salvaged",4365,"",,FALSE,"",0.094682833098724,0.094682833098724,"default:ok;default_port:ok;layered_lbfgs:fail;layered_port:fail;layered_port_ml:fail;layered_port_budget:fail;witness:ok"
"layered_port_ml","default","ml-gls","boomsma","test","boomsma_3CM","cfa",25,41,"x100","ML",53396097,0.127508866846323,"ill_conditioned","singular_convergence",1480,"layered",,FALSE,"",0.127487934879458,0.127487934879454,"default:ok;default_port:ok;layered_lbfgs:fail;layered_port:fail;layered_port_ml:fail;layered_port_budget:fail;witness:ok"
"layered_port_ml","default","ml-gls","boomsma","test","boomsma_3CM","cfa",25,49,"x0.01","ML",53396105,0.127957887417011,"available","noisy_objective",3393,"layered",,FALSE,"",0.178149702823223,0.177313232724241,"default:ok;default_port:fail;layered_lbfgs:fail;layered_port:fail;layered_port_ml:fail;layered_port_budget:fail;witness:ok"
"layered_port_ml","default","ml-gls","boomsma","test","boomsma_3CM","cfa",25,49,"x100","ML",53396105,0.12794138425701,"available","noisy_objective",4492,"layered",,FALSE,"",0.17731323272422,0.128071968867708,"default:ok;default_port:ok;layered_lbfgs:fail;layered_port:ok;layered_port_ml:fail;layered_port_budget:fail;witness:ok"
"layered_port_ml","default","ml-gls","boomsma","test","boomsma_3CM","cfa",25,69,"mixed","GLS",53396367,0.202732741326136,"nonpositive_curvature","false_convergence",5000,"",,TRUE,"",0.190216787497133,0.190216451427212,"default:ok;default_port:ok;layered_lbfgs:fail;layered_port:fail;layered_port_ml:fail;layered_port_budget:fail;witness:ok"
"layered_port_ml","default","ml-gls","boomsma","test","boomsma_3CM","cfa",25,69,"native","GLS",53396367,0.202731536839892,"ill_conditioned","false_convergence",5000,"",,FALSE,"",0.190216451427279,0.190216451427212,"default:ok;default_port:ok;layered_lbfgs:fail;layered_port:fail;layered_port_ml:fail;layered_port_budget:fail;witness:ok"
"layered_port_ml","default","ml-gls","boomsma","test","boomsma_3CM","cfa",25,69,"x0.01","GLS",53396367,0.202731814794521,"nonpositive_curvature","false_convergence",5000,"",,FALSE,"",0.190216451427211,0.190216451427211,"default:ok;default_port:fail;layered_lbfgs:fail;layered_port:fail;layered_port_ml:fail;layered_port_budget:fail;witness:ok"
"layered_port_ml","default","ml-gls","boomsma","test","boomsma_3CM","cfa",25,69,"x0.01","ML",53396367,0.292732795867764,"available","line_search_salvaged",4253,"layered",,FALSE,"",0.265118500627924,0.265117457995725,"default:ok;default_port:fail;layered_lbfgs:fail;layered_port:ok;layered_port_ml:fail;layered_port_budget:fail;witness:ok"
"layered_port_ml","default","ml-gls","boomsma","test","boomsma_3CM","cfa",25,69,"x100","GLS",53396367,0.202730929235086,"nonpositive_curvature","false_convergence",5000,"",,FALSE,"",0.190216451427214,0.190216451427212,"default:ok;default_port:ok;layered_lbfgs:fail;layered_port:fail;layered_port_ml:fail;layered_port_budget:fail;witness:ok"
"layered_port_ml","default","ml-gls","boomsma","test","boomsma_3CS","cfa",100,100,"native","GLS",934048463,0.0502186292741837,"nonpositive_curvature","false_convergence",5000,"",,FALSE,"",0.0336703744083314,0.0336703744083314,"default:ok;default_port:ok;layered_lbfgs:fail;layered_port:fail;layered_port_ml:fail;layered_port_budget:fail;witness:ok"
"layered_port_ml","default","ml-gls","boomsma","test","boomsma_3CS","cfa",100,100,"native","ML",934048463,0.0555662479462837,"nonpositive_curvature","false_convergence",5000,"layered",,FALSE,"",0.0353177754031995,0.0353177754031995,"default:ok;default_port:ok;layered_lbfgs:fail;layered_port:fail;layered_port_ml:fail;layered_port_budget:fail;witness:ok"
"layered_port_ml","default","ml-gls","boomsma","test","boomsma_3CS","cfa",100,100,"x100","GLS",934048463,0.0502188169797763,"nonpositive_curvature","false_convergence",5000,"",,FALSE,"",0.0336703744083013,0.0336703744083013,"default:ok;default_port:ok;layered_lbfgs:fail;layered_port:fail;layered_port_ml:fail;layered_port_budget:fail;witness:ok"
"layered_port_ml","default","ml-gls","boomsma","test","boomsma_3CS","cfa",100,100,"x100","ML",934048463,0.0555724947900131,"available","line_search_salvaged",4042,"layered",,FALSE,"",0.0353177754031933,0.0353177754031933,"default:ok;default_port:ok;layered_lbfgs:fail;layered_port:ok;layered_port_ml:fail;layered_port_budget:fail;witness:ok"
"layered_port_ml","default","ml-gls","boomsma","test","boomsma_3CS","cfa",100,14,"native","GLS",302204231,0.047855208441116,"ill_conditioned","singular_convergence",3238,"",,FALSE,"",0.0449611263447928,0.0449611263447928,"default:ok;default_port:ok;layered_lbfgs:fail;layered_port:fail;layered_port_ml:fail;layered_port_budget:fail;witness:ok"
"layered_port_ml","default","ml-gls","boomsma","test","boomsma_3CS","cfa",100,14,"x100","GLS",302204231,0.0478547992448892,"ill_conditioned","singular_convergence",3420,"",,FALSE,"",0.044961126344789,0.044961126344789,"default:ok;default_port:ok;layered_lbfgs:fail;layered_port:fail;layered_port_ml:fail;layered_port_budget:fail;witness:ok"
"layered_port_ml","default","ml-gls","boomsma","test","boomsma_3CS","cfa",100,26,"x100","ML",302204364,0.0509296916190287,"nonpositive_curvature","false_convergence",5000,"layered",,FALSE,"",0.0419030073679458,0.0419030073679458,"default:ok;default_port:ok;layered_lbfgs:fail;layered_port:ok;layered_port_ml:fail;layered_port_budget:fail;witness:ok"
"layered_port_ml","default","ml-gls","boomsma","test","boomsma_3CS","cfa",100,62,"native","GLS",302204884,0.0615886413624084,"ill_conditioned","singular_convergence",4076,"",,FALSE,"",0.0509020576325956,0.0509020576325956,"default:ok;default_port:ok;layered_lbfgs:fail;layered_port:fail;layered_port_ml:fail;layered_port_budget:fail;witness:ok"
"layered_port_ml","default","ml-gls","boomsma","test","boomsma_3CS","cfa",100,62,"native","ML",302204884,0.0681338856680105,"available","singular_convergence",1120,"layered",,FALSE,"",0.0543366816485009,0.0543366816485009,"default:ok;default_port:ok;layered_lbfgs:fail;layered_port:fail;layered_port_ml:fail;layered_port_budget:fail;witness:ok"
"layered_port_ml","default","ml-gls","boomsma","test","boomsma_3CS","cfa",100,62,"x100","GLS",302204884,0.0615876303578446,"ill_conditioned","singular_convergence",4903,"",,FALSE,"",0.0509020576325867,0.0509020576325867,"default:ok;default_port:ok;layered_lbfgs:fail;layered_port:fail;layered_port_ml:fail;layered_port_budget:fail;witness:ok"
"layered_port_ml","default","ml-gls","boomsma","test","boomsma_3CS","cfa",100,62,"x100","ML",302204884,0.0681461937822228,"available","singular_convergence",973,"layered",,FALSE,"",0.0543366816485005,0.0543366816485005,"default:ok;default_port:ok;layered_lbfgs:fail;layered_port:fail;layered_port_ml:fail;layered_port_budget:fail;witness:ok"
"layered_port_ml","default","ml-gls","boomsma","test","boomsma_3CS","cfa",100,9,"native","GLS",756385131,0.0622083321027036,"ill_conditioned","false_convergence",5000,"",,FALSE,"",0.0591996492749805,0.0591996492749805,"default:ok;default_port:ok;layered_lbfgs:fail;layered_port:fail;layered_port_ml:fail;layered_port_budget:fail;witness:ok"
"layered_port_ml","default","ml-gls","boomsma","test","boomsma_3CS","cfa",100,9,"native","ML",756385131,0.067536034109946,"ill_conditioned","false_convergence",5000,"layered",,FALSE,"",0.0620412816493956,0.0620412816493956,"default:ok;default_port:ok;layered_lbfgs:fail;layered_port:fail;layered_port_ml:fail;layered_port_budget:fail;witness:ok"
"layered_port_ml","default","ml-gls","boomsma","test","boomsma_3CS","cfa",100,9,"x100","GLS",756385131,0.0622087392984736,"ill_conditioned","false_convergence",5000,"",,FALSE,"",0.0591996492749803,0.0591996492749803,"default:ok;default_port:ok;layered_lbfgs:fail;layered_port:fail;layered_port_ml:fail;layered_port_budget:fail;witness:ok"
"layered_port_ml","default","ml-gls","boomsma","test","boomsma_3CS","cfa",100,9,"x100","ML",756385131,0.0675361404599464,"nonpositive_curvature","false_convergence",5000,"layered",,FALSE,"",0.0620412816494067,0.0620412816494067,"default:ok;default_port:ok;layered_lbfgs:fail;layered_port:fail;layered_port_ml:fail;layered_port_budget:fail;witness:ok"
"layered_port_ml","default","ml-gls","boomsma","test","boomsma_3CS","cfa",25,1,"x0.01","GLS",1483488141,0.114109854801703,"nonpositive_curvature","singular_convergence",2991,"",,FALSE,"",0.132201935922886,0.114083093159234,"default:ok;default_port:fail;layered_lbfgs:fail;layered_port:fail;layered_port_ml:fail;layered_port_budget:fail;witness:ok"
"layered_port_ml","default","ml-gls","boomsma","test","boomsma_3CS","cfa",25,12,"native","GLS",1063419911,0.15185585158719,"nonpositive_curvature","singular_convergence",1344,"",,FALSE,"",0.154366889333822,0.154366889333822,"default:ok;default_port:ok;layered_lbfgs:fail;layered_port:fail;layered_port_ml:fail;layered_port_budget:fail;witness:ok"
"layered_port_ml","default","ml-gls","boomsma","test","boomsma_3CS","cfa",25,12,"x100","GLS",1063419911,0.151868133244619,"nonpositive_curvature","singular_convergence",1291,"",,FALSE,"",0.154366889333818,0.154366889333818,"default:ok;default_port:ok;layered_lbfgs:fail;layered_port:fail;layered_port_ml:fail;layered_port_budget:fail;witness:ok"
"layered_port_ml","default","ml-gls","boomsma","test","boomsma_3CS","cfa",25,30,"native","GLS",1063420171,0.130932317098504,"ill_conditioned","singular_convergence",986,"",,FALSE,"",0.117596293379488,0.117596293379488,"default:ok;default_port:ok;layered_lbfgs:fail;layered_port:fail;layered_port_ml:fail;layered_port_budget:fail;witness:ok"
"layered_port_ml","default","ml-gls","boomsma","test","boomsma_3CS","cfa",25,30,"x100","GLS",1063420171,0.130932178311681,"nonpositive_curvature","singular_convergence",1138,"",,FALSE,"",0.117596293379493,0.117596293379493,"default:ok;default_port:ok;layered_lbfgs:fail;layered_port:fail;layered_port_ml:fail;layered_port_budget:fail;witness:ok"
"layered_port_ml","default","ml-gls","boomsma","test","boomsma_3CS","cfa",25,31,"native","GLS",1063420172,0.123141668918735,"ill_conditioned","false_convergence",5000,"",,FALSE,"",0.116701469519336,0.0893193854531132,"default:ok;default_port:ok;layered_lbfgs:fail;layered_port:fail;layered_port_ml:fail;layered_port_budget:fail;witness:ok"
"layered_port_ml","default","ml-gls","boomsma","test","boomsma_3CS","cfa",25,31,"x100","GLS",1063420172,0.123143191360409,"ill_conditioned","false_convergence",5000,"",,FALSE,"",0.116701469519314,0.0893193854531132,"default:ok;default_port:ok;layered_lbfgs:fail;layered_port:fail;layered_port_ml:fail;layered_port_budget:fail;witness:ok"
"layered_port_ml","default","ml-gls","boomsma","test","boomsma_3CS","cfa",25,32,"mixed","GLS",1063420173,0.0837946528575221,"nonpositive_curvature","false_convergence",5000,"",,FALSE,"",0.0698443741605982,0.0698443741605982,"default:ok;default_port:fail;layered_lbfgs:fail;layered_port:fail;layered_port_ml:fail;layered_port_budget:fail;witness:fail"
"layered_port_ml","default","ml-gls","boomsma","test","boomsma_3CS","cfa",25,38,"native","GLS",1063420179,0.20011220704739,"nonpositive_curvature","false_convergence",5000,"",,FALSE,"",0.121245988711447,0.121245988711447,"default:ok;default_port:ok;layered_lbfgs:fail;layered_port:fail;layered_port_ml:fail;layered_port_budget:fail;witness:ok"
"layered_port_ml","default","ml-gls","boomsma","test","boomsma_3CS","cfa",25,38,"x100","GLS",1063420179,0.20011227030773,"nonpositive_curvature","false_convergence",5000,"",,FALSE,"",0.12124598871144,0.12124598871144,"default:ok;default_port:ok;layered_lbfgs:fail;layered_port:fail;layered_port_ml:fail;layered_port_budget:fail;witness:ok"
"layered_port_ml","default","ml-gls","boomsma","test","boomsma_3CS","cfa",25,43,"native","GLS",1063420305,0.11884596012621,"ill_conditioned","false_convergence",5000,"",,FALSE,"",0.0996176620155768,0.0996176620155339,"default:ok;default_port:ok;layered_lbfgs:fail;layered_port:fail;layered_port_ml:fail;layered_port_budget:fail;witness:ok"
"layered_port_ml","default","ml-gls","boomsma","test","boomsma_3CS","cfa",25,43,"x100","GLS",1063420305,0.118846848231741,"ill_conditioned","false_convergence",5000,"",,FALSE,"",0.0996176620154853,0.0996176620154853,"default:ok;default_port:ok;layered_lbfgs:fail;layered_port:fail;layered_port_ml:fail;layered_port_budget:fail;witness:ok"
"layered_port_ml","default","ml-gls","boomsma","test","boomsma_3CS","cfa",25,43,"x100","ML",1063420305,0.162761516364174,"available","line_search_salvaged",4907,"layered",,FALSE,"",0.152698910799732,0.152698910799732,"default:ok;default_port:ok;layered_lbfgs:fail;layered_port:fail;layered_port_ml:fail;layered_port_budget:fail;witness:ok"
"layered_port_ml","default","ml-gls","boomsma","test","boomsma_3CS","cfa",25,45,"native","GLS",1063420307,0.153738133490719,"ill_conditioned","singular_convergence",1531,"",,FALSE,"",0.127127711887599,0.127127711887599,"default:ok;default_port:ok;layered_lbfgs:fail;layered_port:fail;layered_port_ml:fail;layered_port_budget:fail;witness:ok"
"layered_port_ml","default","ml-gls","boomsma","test","boomsma_3CS","cfa",25,45,"native","ML",1063420307,0.1633563231393,"ill_conditioned","singular_convergence",3010,"layered",,FALSE,"",0.133891457414015,0.133891457414015,"default:ok;default_port:ok;layered_lbfgs:fail;layered_port:fail;layered_port_ml:fail;layered_port_budget:fail;witness:ok"
"layered_port_ml","default","ml-gls","boomsma","test","boomsma_3CS","cfa",25,45,"x100","GLS",1063420307,0.153734820021982,"ill_conditioned","singular_convergence",1552,"",,FALSE,"",0.12712771188761,0.12712771188761,"default:ok;default_port:ok;layered_lbfgs:fail;layered_port:fail;layered_port_ml:fail;layered_port_budget:fail;witness:ok"
"layered_port_ml","default","ml-gls","boomsma","test","boomsma_3CS","cfa",25,45,"x100","ML",1063420307,0.163366807703113,"ill_conditioned","singular_convergence",2491,"layered",,FALSE,"",0.133891457414016,0.133891457414016,"default:ok;default_port:ok;layered_lbfgs:fail;layered_port:fail;layered_port_ml:fail;layered_port_budget:fail;witness:ok"
"layered_port_ml","default","ml-gls","boomsma","test","boomsma_3CS","cfa",25,54,"native","GLS",1063420437,0.0905663627477944,"ill_conditioned","singular_convergence",1180,"",,FALSE,"",0.0899902408602216,0.0899902408602216,"default:ok;default_port:ok;layered_lbfgs:fail;layered_port:fail;layered_port_ml:fail;layered_port_budget:fail;witness:ok"
"layered_port_ml","default","ml-gls","boomsma","test","boomsma_3CS","cfa",25,54,"native","ML",1063420437,0.111571821866874,"ill_conditioned","singular_convergence",984,"layered",,FALSE,"",0.110215733201907,0.110215733201907,"default:ok;default_port:ok;layered_lbfgs:fail;layered_port:fail;layered_port_ml:fail;layered_port_budget:fail;witness:ok"
"layered_port_ml","default","ml-gls","boomsma","test","boomsma_3CS","cfa",25,54,"x0.01","GLS",1063420437,0.0905663374665214,"ill_conditioned","singular_convergence",1272,"",,FALSE,"",0.0899902408602217,0.0899902408602172,"default:ok;default_port:ok;layered_lbfgs:fail;layered_port:fail;layered_port_ml:fail;layered_port_budget:fail;witness:ok"
"layered_port_ml","default","ml-gls","boomsma","test","boomsma_3CS","cfa",25,54,"x100","GLS",1063420437,0.0905663456882051,"ill_conditioned","singular_convergence",1264,"",,FALSE,"",0.0899902408602239,0.0899902408602239,"default:ok;default_port:ok;layered_lbfgs:fail;layered_port:fail;layered_port_ml:fail;layered_port_budget:fail;witness:ok"
"layered_port_ml","default","ml-gls","boomsma","test","boomsma_3CS","cfa",25,54,"x100","ML",1063420437,0.111571955522148,"ill_conditioned","line_search_salvaged",868,"layered",,FALSE,"",0.110215733201908,0.110215733201908,"default:ok;default_port:ok;layered_lbfgs:fail;layered_port:fail;layered_port_ml:fail;layered_port_budget:fail;witness:ok"
"layered_port_ml","default","ml-gls","boomsma","test","boomsma_3CS","cfa",25,57,"native","GLS",1063420440,0.290151057830077,"ill_conditioned","false_convergence",5000,"",,FALSE,"",0.168310362074435,0.168310362074435,"default:ok;default_port:ok;layered_lbfgs:fail;layered_port:fail;layered_port_ml:fail;layered_port_budget:fail;witness:ok"
"layered_port_ml","default","ml-gls","boomsma","test","boomsma_3CS","cfa",25,57,"native","ML",1063420440,0.352133950094375,"nonpositive_curvature","singular_convergence",1563,"layered",,TRUE,"",0.267134792715586,0.267134792715586,"default:ok;default_port:ok;layered_lbfgs:fail;layered_port:fail;layered_port_ml:fail;layered_port_budget:fail;witness:ok"
"layered_port_ml","default","ml-gls","boomsma","test","boomsma_3CS","cfa",25,57,"x100","GLS",1063420440,0.290150579997592,"nonpositive_curvature","false_convergence",5000,"",,FALSE,"",0.168310362074432,0.168310362074432,"default:ok;default_port:ok;layered_lbfgs:fail;layered_port:fail;layered_port_ml:fail;layered_port_budget:fail;witness:ok"
"layered_port_ml","default","ml-gls","boomsma","test","boomsma_3CS","cfa",25,57,"x100","ML",1063420440,0.352342513624237,"nonpositive_curvature","noisy_objective",811,"layered",,TRUE,"",0.267134792715591,0.267134792715591,"default:ok;default_port:ok;layered_lbfgs:fail;layered_port:fail;layered_port_ml:fail;layered_port_budget:fail;witness:ok"
"layered_port_ml","default","ml-gls","boomsma","test","boomsma_3CS","cfa",25,58,"native","GLS",1063420441,0.135911005338222,"ill_conditioned","false_convergence",5000,"",,FALSE,"",0.133899611446097,0.133899611446052,"default:ok;default_port:ok;layered_lbfgs:fail;layered_port:fail;layered_port_ml:fail;layered_port_budget:fail;witness:ok"
"layered_port_ml","default","ml-gls","boomsma","test","boomsma_3CS","cfa",25,58,"x100","GLS",1063420441,0.135910729752679,"ill_conditioned","false_convergence",5000,"",,FALSE,"",0.133899611446042,0.133899611446042,"default:ok;default_port:ok;layered_lbfgs:fail;layered_port:fail;layered_port_ml:fail;layered_port_budget:fail;witness:ok"
"layered_port_ml","default","ml-gls","boomsma","test","boomsma_3CS","cfa",25,59,"native","ML",1063420442,0.127431679499567,"available","line_search_salvaged",4684,"layered",,FALSE,"",0.131093426911804,0.127512461148898,"default:ok;default_port:ok;layered_lbfgs:fail;layered_port:ok;layered_port_ml:fail;layered_port_budget:fail;witness:ok"
"layered_port_ml","default","ml-gls","boomsma","test","boomsma_3CS","cfa",25,59,"x0.01","ML",1063420442,0.127432117263456,"available","line_search_salvaged",4616,"layered",,FALSE,"",0.131093426911811,0.127516153554105,"default:ok;default_port:ok;layered_lbfgs:fail;layered_port:ok;layered_port_ml:fail;layered_port_budget:fail;witness:ok"
"layered_port_ml","default","ml-gls","boomsma","test","boomsma_3CS","cfa",25,59,"x100","ML",1063420442,0.127442187021884,"available","line_search_salvaged",3689,"layered",,FALSE,"",0.131093426911804,0.127516736740393,"default:ok;default_port:ok;layered_lbfgs:fail;layered_port:ok;layered_port_ml:fail;layered_port_budget:fail;witness:ok"
"layered_port_ml","default","ml-gls","boomsma","test","boomsma_3CS","cfa",25,64,"mixed","GLS",1063420568,0.0547464542376079,"ill_conditioned","false_convergence",5000,"",,FALSE,"",0.0471673506407626,0.0471673506407626,"default:ok;default_port:fail;layered_lbfgs:fail;layered_port:fail;layered_port_ml:fail;layered_port_budget:fail;witness:fail"
"layered_port_ml","default","ml-gls","boomsma","test","boomsma_3CS","cfa",25,67,"native","ML",1063420571,0.119666308837538,"nonpositive_curvature","noisy_objective",479,"layered",,TRUE,"",0.0774984235702418,0.0774984235702418,"default:ok;default_port:ok;layered_lbfgs:fail;layered_port:fail;layered_port_ml:fail;layered_port_budget:fail;witness:fail"
"layered_port_ml","default","ml-gls","boomsma","test","boomsma_3CS","cfa",25,69,"x100","GLS",1063420573,0.175216859667452,"ill_conditioned","noisy_objective",672,"",,FALSE,"",0.159023153328231,0.159023153328231,"default:ok;default_port:fail;layered_lbfgs:fail;layered_port:fail;layered_port_ml:fail;layered_port_budget:fail;witness:fail"
"layered_port_ml","default","ml-gls","boomsma","test","boomsma_3CS","cfa",25,7,"native","GLS",1483488147,0.292715839744824,"ill_conditioned","false_convergence",5000,"",,FALSE,"",0.231254783641221,0.231254783641221,"default:ok;default_port:ok;layered_lbfgs:fail;layered_port:fail;layered_port_ml:fail;layered_port_budget:fail;witness:ok"
"layered_port_ml","default","ml-gls","boomsma","test","boomsma_3CS","cfa",25,7,"x100","GLS",1483488147,0.292716670125442,"ill_conditioned","false_convergence",5000,"",,FALSE,"",0.231254783641228,0.231254783641228,"default:ok;default_port:ok;layered_lbfgs:fail;layered_port:fail;layered_port_ml:fail;layered_port_budget:fail;witness:ok"
"layered_port_ml","default","ml-gls","boomsma","test","boomsma_3CS","cfa",25,8,"native","GLS",1483488148,0.170576892262032,"nonpositive_curvature","false_convergence",5000,"",,FALSE,"",0.117403602632954,0.117403602632954,"default:ok;default_port:ok;layered_lbfgs:fail;layered_port:fail;layered_port_ml:fail;layered_port_budget:fail;witness:ok"
"layered_port_ml","default","ml-gls","boomsma","test","boomsma_3CS","cfa",25,8,"native","ML",1483488148,0.305443832520641,"nonpositive_curvature","singular_convergence",1232,"layered",,TRUE,"",0.188798336460517,0.188798336460517,"default:ok;default_port:ok;layered_lbfgs:fail;layered_port:fail;layered_port_ml:fail;layered_port_budget:fail;witness:ok"
"layered_port_ml","default","ml-gls","boomsma","test","boomsma_3CS","cfa",25,8,"x100","GLS",1483488148,0.170576822237716,"ill_conditioned","false_convergence",5000,"",,FALSE,"",0.117403602632955,0.117403602632955,"default:ok;default_port:ok;layered_lbfgs:fail;layered_port:fail;layered_port_ml:fail;layered_port_budget:fail;witness:ok"
"layered_port_ml","default","ml-gls","boomsma","test","boomsma_3CS","cfa",25,8,"x100","ML",1483488148,0.30552934250565,"nonpositive_curvature","noisy_objective",601,"layered",,FALSE,"",0.188798336460515,0.188798336460515,"default:ok;default_port:ok;layered_lbfgs:fail;layered_port:fail;layered_port_ml:fail;layered_port_budget:fail;witness:ok"
"layered_port_ml","default","ml-gls","boomsma","test","boomsma_3CS","cfa",25,80,"native","GLS",1063420826,0.145293177777418,"available","singular_convergence",1447,"",,TRUE,"",0.138983464263775,0.138983464263775,"default:ok;default_port:ok;layered_lbfgs:fail;layered_port:fail;layered_port_ml:fail;layered_port_budget:fail;witness:ok"
"layered_port_ml","default","ml-gls","boomsma","test","boomsma_3CS","cfa",25,80,"native","ML",1063420826,0.246178704538221,"nonpositive_curvature","singular_convergence",510,"layered",,TRUE,"",0.1617494252298,0.1617494252298,"default:ok;default_port:ok;layered_lbfgs:fail;layered_port:fail;layered_port_ml:fail;layered_port_budget:fail;witness:ok"
"layered_port_ml","default","ml-gls","boomsma","test","boomsma_3CS","cfa",25,80,"x100","GLS",1063420826,0.145295947116233,"available","noisy_objective",910,"",,FALSE,"",0.138983464263761,0.138983464263761,"default:ok;default_port:ok;layered_lbfgs:fail;layered_port:fail;layered_port_ml:fail;layered_port_budget:fail;witness:ok"
"layered_port_ml","default","ml-gls","boomsma","test","boomsma_3CS","cfa",25,80,"x100","ML",1063420826,0.246177600955448,"nonpositive_curvature","singular_convergence",518,"layered",,TRUE,"",0.161749425229804,0.161749425229804,"default:ok;default_port:ok;layered_lbfgs:fail;layered_port:fail;layered_port_ml:fail;layered_port_budget:fail;witness:ok"
"layered_port_ml","default","ml-gls","boomsma","test","boomsma_3CS","cfa",25,82,"native","GLS",1063420828,0.22313716951747,"nonpositive_curvature","false_convergence",5000,"",,FALSE,"",0.139860843975612,0.139860843975612,"default:ok;default_port:ok;layered_lbfgs:fail;layered_port:fail;layered_port_ml:fail;layered_port_budget:fail;witness:ok"
"layered_port_ml","default","ml-gls","boomsma","test","boomsma_3CS","cfa",25,82,"x100","GLS",1063420828,0.223131224900692,"nonpositive_curvature","false_convergence",5000,"",,FALSE,"",0.139860843975615,0.139860843975615,"default:ok;default_port:ok;layered_lbfgs:fail;layered_port:fail;layered_port_ml:fail;layered_port_budget:fail;witness:ok"
"layered_port_ml","default","ml-gls","boomsma","test","boomsma_3CS","cfa",25,84,"native","GLS",1063420830,0.142337196868866,"ill_conditioned","false_convergence",5000,"",,FALSE,"",0.140430960370799,0.140430960370799,"default:ok;default_port:ok;layered_lbfgs:fail;layered_port:fail;layered_port_ml:fail;layered_port_budget:fail;witness:ok"
"layered_port_ml","default","ml-gls","boomsma","test","boomsma_3CS","cfa",25,84,"native","ML",1063420830,0.197173008159886,"available","noisy_objective",4677,"layered",,FALSE,"",0.195589350479409,0.195589350479409,"default:ok;default_port:ok;layered_lbfgs:fail;layered_port:ok;layered_port_ml:fail;layered_port_budget:fail;witness:ok"
"layered_port_ml","default","ml-gls","boomsma","test","boomsma_3CS","cfa",25,84,"x100","GLS",1063420830,0.142337258302761,"ill_conditioned","false_convergence",5000,"",,FALSE,"",0.140430960370784,0.140430960370784,"default:ok;default_port:ok;layered_lbfgs:fail;layered_port:fail;layered_port_ml:fail;layered_port_budget:fail;witness:ok"
"layered_port_ml","default","ml-gls","boomsma","test","boomsma_3CS","cfa",25,84,"x100","ML",1063420830,0.197182669071083,"available","noisy_objective",2650,"layered",,FALSE,"",0.195589350479409,0.195589350479409,"default:ok;default_port:ok;layered_lbfgs:fail;layered_port:ok;layered_port_ml:fail;layered_port_budget:fail;witness:ok"
"layered_port_ml","default","ml-gls","boomsma","test","boomsma_3CS","cfa",25,85,"native","GLS",1063420831,0.19694994812249,"available","singular_convergence",288,"",,FALSE,"",0.192001170135048,0.192001170135048,"default:ok;default_port:ok;layered_lbfgs:fail;layered_port:fail;layered_port_ml:fail;layered_port_budget:fail;witness:ok"
"layered_port_ml","default","ml-gls","boomsma","test","boomsma_3CS","cfa",25,85,"x100","GLS",1063420831,0.196950433450409,"nonpositive_curvature","singular_convergence",281,"",,FALSE,"",0.192001170135055,0.192001170135055,"default:ok;default_port:ok;layered_lbfgs:fail;layered_port:fail;layered_port_ml:fail;layered_port_budget:fail;witness:ok"
"layered_port_ml","default","ml-gls","boomsma","test","boomsma_3CS","cfa",25,94,"mixed","GLS",1063420961,0.105382321724085,"nonpositive_curvature","false_convergence",5000,"",,TRUE,"",0.0817762569305952,0.0817762569305952,"default:ok;default_port:ok;layered_lbfgs:fail;layered_port:fail;layered_port_ml:fail;layered_port_budget:fail;witness:ok"
"layered_port_ml","default","ml-gls","boomsma","test","boomsma_3CS","cfa",25,94,"native","ML",1063420961,0.126755917083728,"available","line_search_salvaged",4498,"layered",,FALSE,"",0.16647691151279,0.110573244196782,"default:ok;default_port:ok;layered_lbfgs:fail;layered_port:fail;layered_port_ml:fail;layered_port_budget:fail;witness:ok"
"layered_port_ml","default","ml-gls","boomsma","test","boomsma_3CS","cfa",25,94,"x100","ML",1063420961,0.126748347598411,"available","noisy_objective",4740,"layered",,FALSE,"",0.166476911512792,0.110573244196782,"default:ok;default_port:ok;layered_lbfgs:fail;layered_port:fail;layered_port_ml:fail;layered_port_budget:fail;witness:ok"
"layered_port_ml","default","ml-gls","boomsma","test","boomsma_3CS","cfa",25,97,"native","GLS",1063420964,0.138068645859906,"nonpositive_curvature","noisy_objective",3834,"",,FALSE,"",0.124406406272035,0.124406406272035,"default:ok;default_port:ok;layered_lbfgs:fail;layered_port:fail;layered_port_ml:fail;layered_port_budget:fail;witness:ok"
"layered_port_ml","default","ml-gls","boomsma","test","boomsma_3CS","cfa",25,97,"x100","GLS",1063420964,0.138067358824342,"nonpositive_curvature","noisy_objective",4483,"",,FALSE,"",0.124406406272034,0.124406406272034,"default:ok;default_port:ok;layered_lbfgs:fail;layered_port:fail;layered_port_ml:fail;layered_port_budget:fail;witness:ok"
"layered_port_ml","default","ml-gls","boomsma","test","boomsma_3UM","cfa",25,34,"mixed","GLS",1855921191,0.114863360823063,"ill_conditioned","false_convergence",5000,"",,FALSE,"",0.0846084977270758,0.0846084977270758,"default:ok;default_port:fail;layered_lbfgs:fail;layered_port:fail;layered_port_ml:fail;layered_port_budget:fail;witness:fail"
"layered_port_ml","default","ml-gls","boomsma","test","boomsma_3UM","cfa",25,51,"mixed","GLS",1855921450,0.111544459233896,"ill_conditioned","false_convergence",5000,"",,FALSE,"",0.0787873747742312,0.0787873747742312,"default:ok;default_port:fail;layered_lbfgs:fail;layered_port:fail;layered_port_ml:fail;layered_port_budget:fail;witness:fail"
"layered_port_ml","default","ml-gls","boomsma","test","boomsma_3UM","cfa",25,51,"x0.01","GLS",1855921450,0.111544540815194,"ill_conditioned","false_convergence",5000,"",,FALSE,"",0.0787873747742289,0.0787873747742289,"default:ok;default_port:fail;layered_lbfgs:fail;layered_port:fail;layered_port_ml:fail;layered_port_budget:fail;witness:fail"
"layered_port_ml","default","ml-gls","boomsma","test","boomsma_3UM","cfa",25,71,"mixed","GLS",1855921712,0.159748075587143,"ill_conditioned","false_convergence",5000,"",,FALSE,"",0.129219336085064,0.129219336085064,"default:ok;default_port:fail;layered_lbfgs:fail;layered_port:fail;layered_port_ml:fail;layered_port_budget:fail;witness:fail"
"layered_port_ml","default","ml-gls","boomsma","test","boomsma_3US","cfa",100,3,"mixed","ML",411426718,0.0484591456757588,"available","singular_convergence",1569,"layered",,FALSE,"",0.0455142740283532,0.0455142740283532,"default:ok;default_port:ok;layered_lbfgs:fail;layered_port:fail;layered_port_ml:fail;layered_port_budget:fail;witness:ok"
"layered_port_ml","default","ml-gls","boomsma","test","boomsma_3US","cfa",100,3,"native","ML",411426718,0.0484503225896344,"available","singular_convergence",1635,"layered",,FALSE,"",0.0455142740283541,0.0455142740283541,"default:ok;default_port:ok;layered_lbfgs:fail;layered_port:fail;layered_port_ml:fail;layered_port_budget:fail;witness:ok"
"layered_port_ml","default","ml-gls","boomsma","test","boomsma_3US","cfa",100,3,"x0.01","ML",411426718,0.0484739137675518,"available","singular_convergence",1319,"layered",,FALSE,"",0.0455142740283563,0.0455142740283563,"default:ok;default_port:ok;layered_lbfgs:fail;layered_port:fail;layered_port_ml:fail;layered_port_budget:fail;witness:ok"
"layered_port_ml","default","ml-gls","boomsma","test","boomsma_3US","cfa",100,3,"x100","ML",411426718,0.0484619156491775,"available","singular_convergence",1424,"layered",,FALSE,"",0.0455142740283598,0.0455142740283598,"default:ok;default_port:ok;layered_lbfgs:fail;layered_port:fail;layered_port_ml:fail;layered_port_budget:fail;witness:ok"
"layered_port_ml","default","ml-gls","boomsma","test","boomsma_3US","cfa",100,61,"native","GLS",209809775,0.0265063034389391,"ill_conditioned","false_convergence",5000,"",,FALSE,"",0.0261212408293432,0.0261212408293432,"default:ok;default_port:ok;layered_lbfgs:fail;layered_port:fail;layered_port_ml:fail;layered_port_budget:fail;witness:ok"
"layered_port_ml","default","ml-gls","boomsma","test","boomsma_3US","cfa",100,61,"native","ML",209809775,0.0271593607149287,"available","line_search_salvaged",3688,"layered",,FALSE,"",0.0266315956486238,0.0266315956486238,"default:ok;default_port:ok;layered_lbfgs:fail;layered_port:ok;layered_port_ml:fail;layered_port_budget:fail;witness:ok"
"layered_port_ml","default","ml-gls","boomsma","test","boomsma_3US","cfa",100,61,"x100","GLS",209809775,0.0265060671861871,"ill_conditioned","false_convergence",5000,"",,FALSE,"",0.0261212408293429,0.0261212408293429,"default:ok;default_port:ok;layered_lbfgs:fail;layered_port:fail;layered_port_ml:fail;layered_port_budget:fail;witness:ok"
"layered_port_ml","default","ml-gls","boomsma","test","boomsma_3US","cfa",100,61,"x100","ML",209809775,0.0271670630477026,"available","line_search_salvaged",2697,"layered",,FALSE,"",0.0266315956486309,0.0266315956486309,"default:ok;default_port:ok;layered_lbfgs:fail;layered_port:ok;layered_port_ml:fail;layered_port_budget:fail;witness:ok"
"layered_port_ml","default","ml-gls","boomsma","test","boomsma_3US","cfa",100,65,"native","GLS",209809779,0.0172309119571596,"ill_conditioned","false_convergence",5000,"",,FALSE,"",0.0171284988002507,0.0171284988001846,"default:ok;default_port:ok;layered_lbfgs:fail;layered_port:fail;layered_port_ml:fail;layered_port_budget:fail;witness:ok"
"layered_port_ml","default","ml-gls","boomsma","test","boomsma_3US","cfa",100,65,"native","ML",209809779,0.0177760347549665,"available","line_search_salvaged",4512,"layered",,FALSE,"",0.0177134143097533,0.0177134143097533,"default:ok;default_port:ok;layered_lbfgs:fail;layered_port:ok;layered_port_ml:fail;layered_port_budget:fail;witness:ok"
"layered_port_ml","default","ml-gls","boomsma","test","boomsma_3US","cfa",100,65,"x100","GLS",209809779,0.0172309021852755,"ill_conditioned","false_convergence",5000,"",,FALSE,"",0.0171284988001719,0.0171284988001719,"default:ok;default_port:ok;layered_lbfgs:fail;layered_port:fail;layered_port_ml:fail;layered_port_budget:fail;witness:ok"
"layered_port_ml","default","ml-gls","boomsma","test","boomsma_3US","cfa",100,65,"x100","ML",209809779,0.0177762517101954,"available","line_search_salvaged",4006,"layered",,FALSE,"",0.0177134143097533,0.0177134143097533,"default:ok;default_port:ok;layered_lbfgs:fail;layered_port:ok;layered_port_ml:fail;layered_port_budget:fail;witness:ok"
"layered_port_ml","default","ml-gls","boomsma","test","boomsma_3US","cfa",100,89,"mixed","GLS",209810045,0.0178178381213337,"ill_conditioned","singular_convergence",1756,"",,FALSE,"",0.0178156544406525,0.0178156544406521,"default:ok;default_port:ok;layered_lbfgs:fail;layered_port:fail;layered_port_ml:fail;layered_port_budget:fail;witness:ok"
"layered_port_ml","default","ml-gls","boomsma","test","boomsma_3US","cfa",100,89,"x0.01","GLS",209810045,0.0178178382032692,"nonpositive_curvature","singular_convergence",1854,"",,FALSE,"",0.0178156544406437,0.0178156544406437,"default:ok;default_port:ok;layered_lbfgs:fail;layered_port:fail;layered_port_ml:fail;layered_port_budget:fail;witness:ok"
"layered_port_ml","default","ml-gls","boomsma","test","boomsma_3US","cfa",100,9,"mixed","GLS",411426724,0.0323152610721844,"nonpositive_curvature","singular_convergence",1078,"",,FALSE,"",0.0309663163698526,0.0309663163698526,"default:ok;default_port:ok;layered_lbfgs:fail;layered_port:fail;layered_port_ml:fail;layered_port_budget:fail;witness:ok"
"layered_port_ml","default","ml-gls","boomsma","test","boomsma_3US","cfa",100,9,"native","GLS",411426724,0.0323152403338133,"ill_conditioned","singular_convergence",1164,"",,FALSE,"",0.0309663163698564,0.0309663163698564,"default:ok;default_port:ok;layered_lbfgs:fail;layered_port:fail;layered_port_ml:fail;layered_port_budget:fail;witness:ok"
"layered_port_ml","default","ml-gls","boomsma","test","boomsma_3US","cfa",100,9,"native","ML",411426724,0.0357399661633235,"nonpositive_curvature","singular_convergence",1026,"layered",,FALSE,"",0.0343980111406879,0.0343980111406879,"default:ok;default_port:ok;layered_lbfgs:fail;layered_port:fail;layered_port_ml:fail;layered_port_budget:fail;witness:ok"
"layered_port_ml","default","ml-gls","boomsma","test","boomsma_3US","cfa",100,9,"x0.01","GLS",411426724,0.0323152626334911,"ill_conditioned","singular_convergence",1125,"",,FALSE,"",0.0309663163698529,0.0309663163698529,"default:ok;default_port:ok;layered_lbfgs:fail;layered_port:fail;layered_port_ml:fail;layered_port_budget:fail;witness:ok"
"layered_port_ml","default","ml-gls","boomsma","test","boomsma_3US","cfa",100,9,"x100","GLS",411426724,0.032315242388364,"ill_conditioned","singular_convergence",1190,"",,FALSE,"",0.0309663163698526,0.0309663163698526,"default:ok;default_port:ok;layered_lbfgs:fail;layered_port:fail;layered_port_ml:fail;layered_port_budget:fail;witness:ok"
"layered_port_ml","default","ml-gls","boomsma","test","boomsma_3US","cfa",100,9,"x100","ML",411426724,0.0357399246572463,"ill_conditioned","singular_convergence",1126,"layered",,FALSE,"",0.0343980111406843,0.0343980111406843,"default:ok;default_port:ok;layered_lbfgs:fail;layered_port:fail;layered_port_ml:fail;layered_port_budget:fail;witness:ok"
"layered_port_ml","default","ml-gls","boomsma","test","boomsma_3US","cfa",100,92,"x0.01","GLS",209810169,0.100978643039539,"ill_conditioned","false_convergence",5000,"",,FALSE,"",0.0808135917939599,0.0808135917939599,"default:ok;default_port:fail;layered_lbfgs:fail;layered_port:fail;layered_port_ml:fail;layered_port_budget:fail;witness:fail"
"layered_port_ml","default","ml-gls","boomsma","test","boomsma_3US","cfa",100,98,"native","GLS",209810175,0.0634586323135754,"ill_conditioned","false_convergence",5000,"",,FALSE,"",0.0629563396098658,0.0629563396098658,"default:ok;default_port:ok;layered_lbfgs:fail;layered_port:fail;layered_port_ml:fail;layered_port_budget:fail;witness:ok"
"layered_port_ml","default","ml-gls","boomsma","test","boomsma_3US","cfa",100,98,"x100","GLS",209810175,0.0634587886007805,"nonpositive_curvature","false_convergence",5000,"",,FALSE,"",0.0629563396099053,0.0629563396098712,"default:ok;default_port:ok;layered_lbfgs:fail;layered_port:fail;layered_port_ml:fail;layered_port_budget:fail;witness:ok"
"layered_port_ml","default","ml-gls","boomsma","test","boomsma_3US","cfa",25,2,"mixed","GLS",218593502,0.145444275966745,"available","false_convergence",5000,"",,FALSE,"",0.204020382339428,0.204020382339428,"default:ok;default_port:fail;layered_lbfgs:fail;layered_port:fail;layered_port_ml:fail;layered_port_budget:fail;witness:fail"
"layered_port_ml","default","ml-gls","boomsma","test","boomsma_3US","cfa",25,24,"native","GLS",718461637,0.172435854735128,"nonpositive_curvature","false_convergence",5000,"",,FALSE,"",0.152919825127753,0.152919825127753,"default:ok;default_port:ok;layered_lbfgs:fail;layered_port:fail;layered_port_ml:fail;layered_port_budget:fail;witness:ok"
"layered_port_ml","default","ml-gls","boomsma","test","boomsma_3US","cfa",25,24,"native","ML",718461637,0.255989487423965,"available","false_convergence",5000,"layered",,FALSE,"",0.21852830243511,0.21852830243511,"default:ok;default_port:ok;layered_lbfgs:fail;layered_port:fail;layered_port_ml:fail;layered_port_budget:fail;witness:ok"
"layered_port_ml","default","ml-gls","boomsma","test","boomsma_3US","cfa",25,24,"x100","GLS",718461637,0.172367665691422,"nonpositive_curvature","false_convergence",5000,"",,FALSE,"",0.152919825127752,0.152919825127752,"default:ok;default_port:ok;layered_lbfgs:fail;layered_port:fail;layered_port_ml:fail;layered_port_budget:fail;witness:ok"
"layered_port_ml","default","ml-gls","boomsma","test","boomsma_3US","cfa",25,24,"x100","ML",718461637,0.255992569713335,"available","false_convergence",5000,"layered",,FALSE,"",0.218528302435104,0.218528302435104,"default:ok;default_port:ok;layered_lbfgs:fail;layered_port:fail;layered_port_ml:fail;layered_port_budget:fail;witness:ok"
"layered_port_ml","default","ml-gls","boomsma","test","boomsma_3US","cfa",25,32,"native","GLS",718461766,0.108834575729796,"nonpositive_curvature","noisy_objective",915,"",,TRUE,"",0.0852056420227791,0.0852056420227569,"default:ok;default_port:ok;layered_lbfgs:fail;layered_port:fail;layered_port_ml:fail;layered_port_budget:fail;witness:ok"
"layered_port_ml","default","ml-gls","boomsma","test","boomsma_3US","cfa",25,32,"native","ML",718461766,0.14200016366328,"nonpositive_curvature","noisy_objective",762,"layered",,TRUE,"",0.103187320954187,0.103187320954187,"default:ok;default_port:ok;layered_lbfgs:fail;layered_port:fail;layered_port_ml:fail;layered_port_budget:fail;witness:ok"
"layered_port_ml","default","ml-gls","boomsma","test","boomsma_3US","cfa",25,32,"x100","GLS",718461766,0.108823006502302,"nonpositive_curvature","singular_convergence",1137,"",,TRUE,"",0.0852056420227441,0.0852056420227441,"default:ok;default_port:ok;layered_lbfgs:fail;layered_port:fail;layered_port_ml:fail;layered_port_budget:fail;witness:ok"
"layered_port_ml","default","ml-gls","boomsma","test","boomsma_3US","cfa",25,32,"x100","ML",718461766,0.141998346042467,"nonpositive_curvature","noisy_objective",1123,"layered",,TRUE,"",0.103187320954191,0.103187320954191,"default:ok;default_port:ok;layered_lbfgs:fail;layered_port:fail;layered_port_ml:fail;layered_port_budget:fail;witness:ok"
"layered_port_ml","default","ml-gls","boomsma","test","boomsma_3US","cfa",25,37,"x100","GLS",718461771,0.123739543864487,"nonpositive_curvature","false_convergence",5000,"",,FALSE,"",0.11973155357267,0.119729366194113,"default:ok;default_port:ok;layered_lbfgs:fail;layered_port:fail;layered_port_ml:fail;layered_port_budget:fail;witness:ok"
"layered_port_ml","default","ml-gls","boomsma","test","boomsma_3US","cfa",25,38,"mixed","GLS",718461772,0.145792664453369,"ill_conditioned","false_convergence",5000,"",,FALSE,"",0.117156031527506,0.117156031527506,"default:ok;default_port:ok;layered_lbfgs:fail;layered_port:fail;layered_port_ml:fail;layered_port_budget:fail;witness:fail"
"layered_port_ml","default","ml-gls","boomsma","test","boomsma_3US","cfa",25,4,"mixed","GLS",218593504,0.131309183293468,"ill_conditioned","false_convergence",5000,"",,TRUE,"",0.107227341711767,0.107227341711767,"default:ok;default_port:ok;layered_lbfgs:fail;layered_port:fail;layered_port_ml:fail;layered_port_budget:fail;witness:ok"
"layered_port_ml","default","ml-gls","boomsma","test","boomsma_3US","cfa",25,4,"native","GLS",218593504,0.13130932370135,"ill_conditioned","false_convergence",5000,"",,FALSE,"",0.107227341711767,0.107227341711767,"default:ok;default_port:ok;layered_lbfgs:fail;layered_port:fail;layered_port_ml:fail;layered_port_budget:fail;witness:ok"
"layered_port_ml","default","ml-gls","boomsma","test","boomsma_3US","cfa",25,4,"x0.01","GLS",218593504,0.131309275594606,"nonpositive_curvature","false_convergence",5000,"",,FALSE,"",0.107227341711767,0.107227341711767,"default:ok;default_port:ok;layered_lbfgs:fail;layered_port:fail;layered_port_ml:fail;layered_port_budget:fail;witness:ok"
"layered_port_ml","default","ml-gls","boomsma","test","boomsma_3US","cfa",25,4,"x100","GLS",218593504,0.131308810902621,"ill_conditioned","false_convergence",5000,"",,FALSE,"",0.107227341711767,0.107227341711767,"default:ok;default_port:ok;layered_lbfgs:fail;layered_port:fail;layered_port_ml:fail;layered_port_budget:fail;witness:ok"
"layered_port_ml","default","ml-gls","boomsma","test","boomsma_3US","cfa",25,42,"mixed","GLS",718461897,0.131975683712367,"ill_conditioned","false_convergence",5000,"",,FALSE,"",0.157305426300256,0.157305426300256,"default:ok;default_port:fail;layered_lbfgs:fail;layered_port:fail;layered_port_ml:fail;layered_port_budget:fail;witness:fail"
"layered_port_ml","default","ml-gls","boomsma","test","boomsma_3US","cfa",25,49,"mixed","GLS",718461904,0.146554588306232,"nonpositive_curvature","false_convergence",5000,"",,FALSE,"",0.126521104617756,0.126521104617756,"default:ok;default_port:fail;layered_lbfgs:fail;layered_port:fail;layered_port_ml:fail;layered_port_budget:fail;witness:ok"
"layered_port_ml","default","ml-gls","boomsma","test","boomsma_3US","cfa",25,50,"native","GLS",718462026,0.19825964328757,"ill_conditioned","noisy_objective",4346,"",,FALSE,"",0.178875593569143,0.178875593569143,"default:ok;default_port:ok;layered_lbfgs:fail;layered_port:fail;layered_port_ml:fail;layered_port_budget:fail;witness:ok"
"layered_port_ml","default","ml-gls","boomsma","test","boomsma_3US","cfa",25,50,"x100","GLS",718462026,0.198265105180253,"ill_conditioned","noisy_objective",3860,"",,FALSE,"",0.17887559356926,0.178875593569231,"default:ok;default_port:ok;layered_lbfgs:fail;layered_port:fail;layered_port_ml:fail;layered_port_budget:fail;witness:ok"
"layered_port_ml","default","ml-gls","boomsma","test","boomsma_3US","cfa",25,50,"x100","ML",718462026,0.281528511200761,"available","noisy_objective",4787,"layered",,FALSE,"",0.273417874028468,0.273417874028468,"default:ok;default_port:ok;layered_lbfgs:fail;layered_port:ok;layered_port_ml:fail;layered_port_budget:fail;witness:ok"
"layered_port_ml","default","ml-gls","boomsma","test","boomsma_3US","cfa",25,53,"native","GLS",718462029,0.0980115159902984,"ill_conditioned","false_convergence",5000,"",,FALSE,"",0.0804617352633487,0.0804617352633487,"default:ok;default_port:ok;layered_lbfgs:fail;layered_port:fail;layered_port_ml:fail;layered_port_budget:fail;witness:ok"
"layered_port_ml","default","ml-gls","boomsma","test","boomsma_3US","cfa",25,53,"x100","GLS",718462029,0.0980184318434143,"nonpositive_curvature","false_convergence",5000,"",,FALSE,"",0.0804617352633652,0.0804617352633652,"default:ok;default_port:ok;layered_lbfgs:fail;layered_port:fail;layered_port_ml:fail;layered_port_budget:fail;witness:ok"
"layered_port_ml","default","ml-gls","boomsma","test","boomsma_3US","cfa",25,61,"mixed","GLS",718462158,0.134192876250737,"ill_conditioned","singular_convergence",681,"",,FALSE,"",0.0765589354936613,0.0765589354936613,"default:ok;default_port:ok;layered_lbfgs:fail;layered_port:fail;layered_port_ml:fail;layered_port_budget:fail;witness:ok"
"layered_port_ml","default","ml-gls","boomsma","test","boomsma_3US","cfa",25,61,"native","GLS",718462158,0.134192872990539,"ill_conditioned","noisy_objective",760,"",,FALSE,"",0.0765589354936613,0.0765589354936613,"default:ok;default_port:ok;layered_lbfgs:fail;layered_port:fail;layered_port_ml:fail;layered_port_budget:fail;witness:ok"
"layered_port_ml","default","ml-gls","boomsma","test","boomsma_3US","cfa",25,61,"x0.01","GLS",718462158,0.134192871837303,"ill_conditioned","singular_convergence",686,"",,FALSE,"",0.0765589354936613,0.0765589354936613,"default:ok;default_port:ok;layered_lbfgs:fail;layered_port:fail;layered_port_ml:fail;layered_port_budget:fail;witness:ok"
"layered_port_ml","default","ml-gls","boomsma","test","boomsma_3US","cfa",25,61,"x100","GLS",718462158,0.134192625852993,"ill_conditioned","singular_convergence",955,"",,FALSE,"",0.0765589354936678,0.0765589354936678,"default:ok;default_port:ok;layered_lbfgs:fail;layered_port:fail;layered_port_ml:fail;layered_port_budget:fail;witness:ok"
"layered_port_ml","default","ml-gls","boomsma","test","boomsma_3US","cfa",25,66,"x100","GLS",718462163,0.101042547323968,"ill_conditioned","singular_convergence",1474,"",,FALSE,"",0.0837765935260817,0.0837765935260817,"default:ok;default_port:ok;layered_lbfgs:fail;layered_port:fail;layered_port_ml:fail;layered_port_budget:fail;witness:fail"
"layered_port_ml","default","ml-gls","boomsma","test","boomsma_3US","cfa",25,68,"native","GLS",718462165,0.117677564512693,"available","noisy_objective",2407,"",,FALSE,"",0.125886395800715,0.125886395800715,"default:ok;default_port:ok;layered_lbfgs:fail;layered_port:fail;layered_port_ml:fail;layered_port_budget:fail;witness:ok"
"layered_port_ml","default","ml-gls","boomsma","test","boomsma_3US","cfa",25,68,"x100","GLS",718462165,0.117678581368387,"available","noisy_objective",2284,"",,FALSE,"",0.125886395800703,0.125886395800703,"default:ok;default_port:ok;layered_lbfgs:fail;layered_port:fail;layered_port_ml:fail;layered_port_budget:fail;witness:ok"
"layered_port_ml","default","ml-gls","boomsma","test","boomsma_3US","cfa",25,7,"native","GLS",218593507,0.0673993123536789,"ill_conditioned","singular_convergence",1239,"",,FALSE,"",0.0642584814403885,0.0642584814403885,"default:ok;default_port:ok;layered_lbfgs:fail;layered_port:fail;layered_port_ml:fail;layered_port_budget:fail;witness:ok"
"layered_port_ml","default","ml-gls","boomsma","test","boomsma_3US","cfa",25,7,"native","ML",218593507,0.0778495448912997,"ill_conditioned","singular_convergence",1132,"layered",,FALSE,"",0.0752395313208423,0.0752395313208423,"default:ok;default_port:ok;layered_lbfgs:fail;layered_port:fail;layered_port_ml:fail;layered_port_budget:fail;witness:ok"
"layered_port_ml","default","ml-gls","boomsma","test","boomsma_3US","cfa",25,7,"x100","GLS",218593507,0.0673993197037814,"ill_conditioned","singular_convergence",1366,"",,FALSE,"",0.0642584814403875,0.0642584814403875,"default:ok;default_port:ok;layered_lbfgs:fail;layered_port:fail;layered_port_ml:fail;layered_port_budget:fail;witness:ok"
"layered_port_ml","default","ml-gls","boomsma","test","boomsma_3US","cfa",25,7,"x100","ML",218593507,0.0778500235363531,"ill_conditioned","line_search_salvaged",741,"layered",,FALSE,"",0.0752395313208467,0.0752395313208467,"default:ok;default_port:ok;layered_lbfgs:fail;layered_port:fail;layered_port_ml:fail;layered_port_budget:fail;witness:ok"
"layered_port_ml","default","ml-gls","boomsma","test","boomsma_3US","cfa",25,71,"native","GLS",718462289,0.126179547844259,"nonpositive_curvature","noisy_objective",936,"",,TRUE,"",0.124238443683009,0.124238443683009,"default:ok;default_port:ok;layered_lbfgs:fail;layered_port:fail;layered_port_ml:fail;layered_port_budget:fail;witness:ok"
"layered_port_ml","default","ml-gls","boomsma","test","boomsma_3US","cfa",25,71,"x100","GLS",718462289,0.126179289668872,"nonpositive_curvature","noisy_objective",1353,"",,TRUE,"",0.124238443682998,0.124238443682998,"default:ok;default_port:ok;layered_lbfgs:fail;layered_port:fail;layered_port_ml:fail;layered_port_budget:fail;witness:ok"
"layered_port_ml","default","ml-gls","boomsma","test","boomsma_3US","cfa",25,74,"native","GLS",718462292,0.133369993538013,"available","singular_convergence",288,"",,FALSE,"",0.131958819780919,0.131958819780919,"default:ok;default_port:ok;layered_lbfgs:fail;layered_port:fail;layered_port_ml:fail;layered_port_budget:fail;witness:ok"
"layered_port_ml","default","ml-gls","boomsma","test","boomsma_3US","cfa",25,74,"x100","GLS",718462292,0.133370951490672,"available","singular_convergence",289,"",,FALSE,"",0.131958819780929,0.131958819780929,"default:ok;default_port:ok;layered_lbfgs:fail;layered_port:fail;layered_port_ml:fail;layered_port_budget:fail;witness:ok"
"layered_port_ml","default","ml-gls","boomsma","test","boomsma_3US","cfa",25,77,"x100","ML",718462295,0.164346634333981,"available","noisy_objective",2791,"layered",,FALSE,"",0.107193637256977,0.107193637256977,"default:ok;default_port:ok;layered_lbfgs:fail;layered_port:fail;layered_port_ml:fail;layered_port_budget:fail;witness:fail"
"layered_port_ml","default","ml-gls","boomsma","test","boomsma_3US","cfa",25,78,"mixed","ML",718462296,0.279153019986676,"nonpositive_curvature","false_convergence",5000,"layered",,TRUE,"",0.246257684183748,0.246257684183748,"default:ok;default_port:fail;layered_lbfgs:fail;layered_port:ok;layered_port_ml:fail;layered_port_budget:fail;witness:ok"
"layered_port_ml","default","ml-gls","boomsma","test","boomsma_3US","cfa",25,78,"native","ML",718462296,0.279164398052798,"available","line_search_salvaged",4621,"layered",,FALSE,"",0.246257684183748,0.246257684183748,"default:ok;default_port:ok;layered_lbfgs:fail;layered_port:fail;layered_port_ml:fail;layered_port_budget:fail;witness:ok"
"layered_port_ml","default","ml-gls","boomsma","test","boomsma_3US","cfa",25,78,"x100","ML",718462296,0.279153552745445,"nonpositive_curvature","false_convergence",5000,"layered",,FALSE,"",0.24625768418375,0.24625768418375,"default:ok;default_port:ok;layered_lbfgs:fail;layered_port:fail;layered_port_ml:fail;layered_port_budget:fail;witness:ok"
"layered_port_ml","default","ml-gls","boomsma","test","boomsma_3US","cfa",25,83,"native","GLS",718462422,0.169457068617445,"ill_conditioned","false_convergence",5000,"",,FALSE,"",0.206077545627162,0.206077545627162,"default:ok;default_port:ok;layered_lbfgs:fail;layered_port:fail;layered_port_ml:fail;layered_port_budget:fail;witness:ok"
"layered_port_ml","default","ml-gls","boomsma","test","boomsma_3US","cfa",25,83,"native","ML",718462422,0.196982961673231,"available","line_search_salvaged",4203,"layered",,FALSE,"",0.218127768813726,0.197058860970416,"default:ok;default_port:ok;layered_lbfgs:fail;layered_port:ok;layered_port_ml:fail;layered_port_budget:fail;witness:ok"
"layered_port_ml","default","ml-gls","boomsma","test","boomsma_3US","cfa",25,83,"x100","GLS",718462422,0.169456701448014,"ill_conditioned","false_convergence",5000,"",,FALSE,"",0.206077545627264,0.20607754562725,"default:ok;default_port:ok;layered_lbfgs:fail;layered_port:fail;layered_port_ml:fail;layered_port_budget:fail;witness:ok"
"layered_port_ml","default","ml-gls","boomsma","test","boomsma_3US","cfa",25,83,"x100","ML",718462422,0.196996647522486,"available","noisy_objective",3123,"layered",,FALSE,"",0.218127768813723,0.197060440738888,"default:ok;default_port:ok;layered_lbfgs:fail;layered_port:ok;layered_port_ml:fail;layered_port_budget:fail;witness:ok"
"layered_port_ml","default","ml-gls","boomsma","test","boomsma_3US","cfa",25,85,"x0.01","GLS",718462424,0.0902803235625212,"ill_conditioned","singular_convergence",1197,"",,FALSE,"",0.152866127009916,0.152866127009916,"default:ok;default_port:fail;layered_lbfgs:fail;layered_port:fail;layered_port_ml:fail;layered_port_budget:fail;witness:fail"
"layered_port_ml","default","ml-gls","boomsma","test","boomsma_3US","cfa",25,93,"native","GLS",718462553,0.0951785315216787,"nonpositive_curvature","false_convergence",5000,"",,FALSE,"",0.0824304398260185,0.0824304398260185,"default:ok;default_port:ok;layered_lbfgs:fail;layered_port:fail;layered_port_ml:fail;layered_port_budget:fail;witness:ok"
"layered_port_ml","default","ml-gls","boomsma","test","boomsma_3US","cfa",25,93,"native","ML",718462553,0.117430707029085,"available","line_search_salvaged",3619,"layered",,FALSE,"",0.114947156281234,0.114947156281234,"default:ok;default_port:ok;layered_lbfgs:fail;layered_port:ok;layered_port_ml:fail;layered_port_budget:fail;witness:ok"
"layered_port_ml","default","ml-gls","boomsma","test","boomsma_3US","cfa",25,93,"x0.01","GLS",718462553,0.095178830511965,"nonpositive_curvature","false_convergence",5000,"",,FALSE,"",0.0824304398260189,0.0824304398260189,"default:ok;default_port:ok;layered_lbfgs:fail;layered_port:fail;layered_port_ml:fail;layered_port_budget:fail;witness:ok"
"layered_port_ml","default","ml-gls","boomsma","test","boomsma_3US","cfa",25,93,"x100","GLS",718462553,0.095178925240435,"nonpositive_curvature","false_convergence",5000,"",,FALSE,"",0.082430439826019,0.082430439826019,"default:ok;default_port:ok;layered_lbfgs:fail;layered_port:fail;layered_port_ml:fail;layered_port_budget:fail;witness:ok"
"layered_port_ml","default","ml-gls","boomsma","test","boomsma_3US","cfa",25,93,"x100","ML",718462553,0.117439950469578,"available","noisy_objective",2636,"layered",,FALSE,"",0.114947156281232,0.114947156281232,"default:ok;default_port:ok;layered_lbfgs:fail;layered_port:fail;layered_port_ml:fail;layered_port_budget:fail;witness:ok"
"layered_port_ml","default","ml-gls","boomsma","test","boomsma_3US","cfa",25,96,"native","GLS",718462556,0.251108125286075,"ill_conditioned","singular_convergence",1173,"",,FALSE,"",0.2476651309944,0.2476651309944,"default:ok;default_port:ok;layered_lbfgs:fail;layered_port:fail;layered_port_ml:fail;layered_port_budget:fail;witness:ok"
"layered_port_ml","default","ml-gls","boomsma","test","boomsma_3US","cfa",25,96,"x100","GLS",718462556,0.251107609561337,"nonpositive_curvature","singular_convergence",1315,"",,FALSE,"",0.247665130994299,0.247665130994299,"default:ok;default_port:ok;layered_lbfgs:fail;layered_port:fail;layered_port_ml:fail;layered_port_budget:fail;witness:ok"
"layered_port_ml","default","ml-gls","boomsma","test","boomsma_4CL","cfa",25,73,"mixed","GLS",357144647,0.439892073230543,"nonpositive_curvature","false_convergence",5000,"",,FALSE,"",0.428419637963261,0.428419637963261,"default:ok;default_port:fail;layered_lbfgs:fail;layered_port:fail;layered_port_ml:fail;layered_port_budget:fail;witness:fail"
"layered_port_ml","default","ml-gls","boomsma","test","boomsma_4CL","cfa",25,73,"native","GLS",357144647,0.439894716662088,"nonpositive_curvature","false_convergence",5000,"",,FALSE,"",0.42841963796332,0.42841963796332,"default:ok;default_port:fail;layered_lbfgs:fail;layered_port:fail;layered_port_ml:fail;layered_port_budget:fail;witness:fail"
"layered_port_ml","default","ml-gls","boomsma","test","boomsma_4CL","cfa",25,73,"x100","GLS",357144647,0.439894530231674,"nonpositive_curvature","false_convergence",5000,"",,FALSE,"",0.428419637963261,0.428419637963261,"default:ok;default_port:fail;layered_lbfgs:fail;layered_port:fail;layered_port_ml:fail;layered_port_budget:fail;witness:fail"
"layered_port_ml","default","ml-gls","boomsma","test","boomsma_4CM","cfa",25,41,"mixed","GLS",1241309496,0.317666044949026,"ill_conditioned","false_convergence",5000,"",,FALSE,"",0.363421823872129,0.363421823872129,"default:ok;default_port:ok;layered_lbfgs:fail;layered_port:fail;layered_port_ml:fail;layered_port_budget:fail;witness:fail"
"layered_port_ml","default","ml-gls","boomsma","test","boomsma_4CM","cfa",25,41,"native","GLS",1241309496,0.317666304779341,"ill_conditioned","false_convergence",5000,"",,FALSE,"",0.363421823873123,0.363421823873123,"default:ok;default_port:ok;layered_lbfgs:fail;layered_port:fail;layered_port_ml:fail;layered_port_budget:fail;witness:fail"
"layered_port_ml","default","ml-gls","boomsma","test","boomsma_4CM","cfa",25,41,"x100","GLS",1241309496,0.317665424878175,"nonpositive_curvature","false_convergence",5000,"",,FALSE,"",0.363421823872129,0.363421823872129,"default:ok;default_port:ok;layered_lbfgs:fail;layered_port:fail;layered_port_ml:fail;layered_port_budget:fail;witness:fail"
"layered_port_ml","default","ml-gls","boomsma","test","boomsma_4CM","cfa",25,62,"native","GLS",1241309759,0.487492621377156,"nonpositive_curvature","singular_convergence",44,"",,TRUE,"",0.413811590878117,0.413811590878117,"default:ok;default_port:fail;layered_lbfgs:fail;layered_port:fail;layered_port_ml:fail;layered_port_budget:fail;witness:fail"
"layered_port_ml","default","ml-gls","boomsma","test","boomsma_4CS","cfa",25,1,"mixed","GLS",1345019139,0.284518970618967,"ill_conditioned","singular_convergence",1437,"",,FALSE,"",0.282069301344683,0.282069301344683,"default:ok;default_port:ok;layered_lbfgs:fail;layered_port:fail;layered_port_ml:fail;layered_port_budget:fail;witness:fail"
"layered_port_ml","default","ml-gls","boomsma","test","boomsma_4CS","cfa",25,1,"native","GLS",1345019139,0.284518878058258,"ill_conditioned","noisy_objective",1458,"",,FALSE,"",0.282069301347407,0.282069301345139,"default:ok;default_port:ok;layered_lbfgs:fail;layered_port:fail;layered_port_ml:fail;layered_port_budget:fail;witness:fail"
"layered_port_ml","default","ml-gls","boomsma","test","boomsma_4CS","cfa",25,1,"x100","GLS",1345019139,0.284518882547311,"ill_conditioned","noisy_objective",1439,"",,FALSE,"",0.282069301344633,0.282069301344633,"default:ok;default_port:ok;layered_lbfgs:fail;layered_port:fail;layered_port_ml:fail;layered_port_budget:fail;witness:fail"
"layered_port_ml","default","ml-gls","boomsma","test","boomsma_4CS","cfa",25,10,"mixed","GLS",103849679,0.3230301548478,"ill_conditioned","false_convergence",5000,"",,FALSE,"",0.307111298866114,0.307111298866114,"default:ok;default_port:ok;layered_lbfgs:fail;layered_port:fail;layered_port_ml:fail;layered_port_budget:fail;witness:fail"
"layered_port_ml","default","ml-gls","boomsma","test","boomsma_4CS","cfa",25,10,"x100","GLS",103849679,0.323030366327478,"ill_conditioned","false_convergence",5000,"",,FALSE,"",0.307111298866114,0.307111298866114,"default:ok;default_port:ok;layered_lbfgs:fail;layered_port:fail;layered_port_ml:fail;layered_port_budget:fail;witness:fail"
"layered_port_ml","default","ml-gls","boomsma","test","boomsma_4CS","cfa",25,22,"native","GLS",103849812,0.226556379490329,"nonpositive_curvature","noisy_objective",3072,"",,FALSE,"",0.214274888701153,0.214271800405083,"default:ok;default_port:ok;layered_lbfgs:fail;layered_port:fail;layered_port_ml:fail;layered_port_budget:fail;witness:ok"
"layered_port_ml","default","ml-gls","boomsma","test","boomsma_4CS","cfa",25,32,"mixed","GLS",103849943,0.24913299308457,"ill_conditioned","false_convergence",5000,"",,FALSE,"",0.214240713904732,0.214240713904732,"default:ok;default_port:ok;layered_lbfgs:fail;layered_port:fail;layered_port_ml:fail;layered_port_budget:fail;witness:fail"
"layered_port_ml","default","ml-gls","boomsma","test","boomsma_4CS","cfa",25,32,"x100","GLS",103849943,0.249133291984558,"ill_conditioned","false_convergence",5000,"",,FALSE,"",0.214240713904741,0.214240713904741,"default:ok;default_port:ok;layered_lbfgs:fail;layered_port:fail;layered_port_ml:fail;layered_port_budget:fail;witness:fail"
"layered_port_ml","default","ml-gls","boomsma","test","boomsma_4CS","cfa",25,34,"native","ML",103849945,0.462876558653538,"available","line_search_salvaged",4305,"layered",,FALSE,"",0.460062951354049,0.460062951354049,"default:ok;default_port:ok;layered_lbfgs:fail;layered_port:fail;layered_port_ml:fail;layered_port_budget:fail;witness:ok"
"layered_port_ml","default","ml-gls","boomsma","test","boomsma_4CS","cfa",25,34,"x0.01","ML",103849945,0.462900337901488,"available","noisy_objective",3190,"layered",,FALSE,"",0.460062951354033,0.460062951354033,"default:ok;default_port:ok;layered_lbfgs:fail;layered_port:ok;layered_port_ml:fail;layered_port_budget:fail;witness:ok"
"layered_port_ml","default","ml-gls","boomsma","test","boomsma_4CS","cfa",25,34,"x100","ML",103849945,0.462875867697804,"available","noisy_objective",4304,"layered",,FALSE,"",0.460062951354054,0.460062951354054,"default:ok;default_port:ok;layered_lbfgs:fail;layered_port:ok;layered_port_ml:fail;layered_port_budget:fail;witness:ok"
"layered_port_ml","default","ml-gls","boomsma","test","boomsma_4CS","cfa",25,51,"mixed","GLS",103850204,0.333571347018087,"ill_conditioned","false_convergence",5000,"",,FALSE,"",0.264841479285102,0.264841479285102,"default:ok;default_port:ok;layered_lbfgs:fail;layered_port:fail;layered_port_ml:fail;layered_port_budget:fail;witness:fail"
"layered_port_ml","default","ml-gls","boomsma","test","boomsma_4CS","cfa",25,51,"native","GLS",103850204,0.333569011419952,"nonpositive_curvature","false_convergence",5000,"",,FALSE,"",0.264841479285102,0.264841479285102,"default:ok;default_port:ok;layered_lbfgs:fail;layered_port:fail;layered_port_ml:fail;layered_port_budget:fail;witness:fail"
"layered_port_ml","default","ml-gls","boomsma","test","boomsma_4CS","cfa",25,51,"x100","GLS",103850204,0.333570908562642,"nonpositive_curvature","false_convergence",5000,"",,FALSE,"",0.264841479285102,0.264841479285102,"default:ok;default_port:ok;layered_lbfgs:fail;layered_port:fail;layered_port_ml:fail;layered_port_budget:fail;witness:fail"
"layered_port_ml","default","ml-gls","boomsma","test","boomsma_4CS","cfa",25,64,"mixed","GLS",103850338,0.220579470556319,"nonpositive_curvature","false_convergence",5000,"",,FALSE,"",0.19715042571872,0.197150425718624,"default:ok;default_port:ok;layered_lbfgs:fail;layered_port:fail;layered_port_ml:fail;layered_port_budget:fail;witness:ok"
"layered_port_ml","default","ml-gls","boomsma","test","boomsma_4CS","cfa",25,64,"x100","GLS",103850338,0.220579299966661,"ill_conditioned","false_convergence",5000,"",,FALSE,"",0.19715042571872,0.197150425718624,"default:ok;default_port:ok;layered_lbfgs:fail;layered_port:fail;layered_port_ml:fail;layered_port_budget:fail;witness:ok"
"layered_port_ml","default","ml-gls","boomsma","test","boomsma_4CS","cfa",25,99,"mixed","GLS",103850736,0.399129950801954,"ill_conditioned","singular_convergence",1457,"",,FALSE,"",0.398639188277892,0.398639188277892,"default:ok;default_port:ok;layered_lbfgs:fail;layered_port:fail;layered_port_ml:fail;layered_port_budget:fail;witness:fail"
"layered_port_ml","default","ml-gls","boomsma","test","boomsma_4CS","cfa",25,99,"x100","GLS",103850736,0.399129862167197,"ill_conditioned","singular_convergence",1549,"",,FALSE,"",0.39863918827789,0.39863918827789,"default:ok;default_port:ok;layered_lbfgs:fail;layered_port:fail;layered_port_ml:fail;layered_port_budget:fail;witness:fail"
"layered_port_ml","default","ml-gls","boomsma","test","boomsma_4US","cfa",25,15,"mixed","ML",1906374906,0.414063603342084,"available","singular_convergence",1008,"layered",,FALSE,"",0.482447129744491,0.482447129744491,"default:ok;default_port:ok;layered_lbfgs:fail;layered_port:fail;layered_port_ml:fail;layered_port_budget:fail;witness:fail"
"layered_port_ml","default","ml-gls","boomsma","test","boomsma_4US","cfa",25,15,"native","ML",1906374906,0.414098134500524,"available","singular_convergence",953,"layered",,FALSE,"",0.482447129744493,0.482447129744493,"default:ok;default_port:ok;layered_lbfgs:fail;layered_port:fail;layered_port_ml:fail;layered_port_budget:fail;witness:fail"
"layered_port_ml","default","ml-gls","boomsma","test","boomsma_4US","cfa",25,15,"x0.01","ML",1906374906,0.414021131444308,"available","singular_convergence",1019,"layered",,FALSE,"",0.482447129744493,0.482447129744493,"default:ok;default_port:ok;layered_lbfgs:fail;layered_port:fail;layered_port_ml:fail;layered_port_budget:fail;witness:fail"
"layered_port_ml","default","ml-gls","boomsma","test","boomsma_4US","cfa",25,15,"x100","ML",1906374906,0.414016816585331,"available","singular_convergence",1034,"layered",,FALSE,"",0.482447129744493,0.482447129744493,"default:ok;default_port:ok;layered_lbfgs:fail;layered_port:fail;layered_port_ml:fail;layered_port_budget:fail;witness:fail"
"layered_port_ml","default","ml-gls","boomsma","test","boomsma_4US","cfa",25,18,"native","GLS",1906374909,0.335769941495298,"nonpositive_curvature","false_convergence",5000,"",,FALSE,"",0.294490184723761,0.294490184723761,"default:ok;default_port:ok;layered_lbfgs:fail;layered_port:fail;layered_port_ml:fail;layered_port_budget:fail;witness:fail"
"layered_port_ml","default","ml-gls","boomsma","test","boomsma_4US","cfa",25,34,"mixed","GLS",1906375167,0.338811895782863,"ill_conditioned","singular_convergence",1055,"",,FALSE,"",0.339270009340646,0.339270009340646,"default:ok;default_port:ok;layered_lbfgs:ok;layered_port:fail;layered_port_ml:fail;layered_port_budget:fail;witness:ok"
"layered_port_ml","default","ml-gls","boomsma","test","boomsma_4US","cfa",25,34,"native","GLS",1906375167,0.33881186986851,"ill_conditioned","singular_convergence",1082,"",,FALSE,"",0.347162618262429,0.347162618262429,"default:ok;default_port:ok;layered_lbfgs:ok;layered_port:fail;layered_port_ml:fail;layered_port_budget:fail;witness:ok"
"layered_port_ml","default","ml-gls","boomsma","test","boomsma_4US","cfa",25,34,"x100","GLS",1906375167,0.338811802652513,"ill_conditioned","singular_convergence",1177,"",,FALSE,"",0.339270009340646,0.339270009340646,"default:ok;default_port:ok;layered_lbfgs:ok;layered_port:fail;layered_port_ml:fail;layered_port_budget:fail;witness:ok"
"layered_port_ml","default","ml-gls","boomsma","test","boomsma_4US","cfa",25,75,"mixed","GLS",1906375692,0.46194788191783,"ill_conditioned","singular_convergence",1467,"",,FALSE,"",0.383365250911102,0.383365250911102,"default:ok;default_port:ok;layered_lbfgs:fail;layered_port:fail;layered_port_ml:fail;layered_port_budget:fail;witness:fail"
"layered_port_ml","default","ml-gls","boomsma","test","boomsma_4US","cfa",25,75,"native","GLS",1906375692,0.461947968943223,"ill_conditioned","singular_convergence",1318,"",,FALSE,"",0.383365250910972,0.383365250910972,"default:ok;default_port:ok;layered_lbfgs:fail;layered_port:fail;layered_port_ml:fail;layered_port_budget:fail;witness:fail"
"layered_port_ml","default","ml-gls","boomsma","test","boomsma_4US","cfa",25,75,"x100","GLS",1906375692,0.461947744911744,"nonpositive_curvature","singular_convergence",1403,"",,FALSE,"",0.383365250910956,0.383365250910956,"default:ok;default_port:ok;layered_lbfgs:fail;layered_port:fail;layered_port_ml:fail;layered_port_budget:fail;witness:fail"
"layered_port_ml","default","ml-gls","boomsma","test","boomsma_4US","cfa",25,8,"mixed","GLS",80124506,0.376747947059473,"ill_conditioned","singular_convergence",628,"",,FALSE,"",0.364050050815265,0.364050050815265,"default:ok;default_port:ok;layered_lbfgs:fail;layered_port:fail;layered_port_ml:fail;layered_port_budget:fail;witness:ok"
"layered_port_ml","default","ml-gls","boomsma","test","boomsma_4US","cfa",25,8,"x100","GLS",80124506,0.37674802666919,"ill_conditioned","singular_convergence",526,"",,FALSE,"",0.364050050815265,0.364050050815265,"default:ok;default_port:ok;layered_lbfgs:fail;layered_port:fail;layered_port_ml:fail;layered_port_budget:fail;witness:ok"
"layered_port_ml","default","ml-gls","boomsma","test","boomsma_4US","cfa",25,80,"mixed","GLS",1906375818,0.353725879582235,"available","singular_convergence",2001,"",,FALSE,"",0.364775729509853,0.364775729509853,"default:ok;default_port:fail;layered_lbfgs:fail;layered_port:fail;layered_port_ml:fail;layered_port_budget:fail;witness:fail"
"layered_port_ml","default","ml-gls","boomsma","test","boomsma_4US","cfa",25,80,"x100","GLS",1906375818,0.353723815166801,"available","singular_convergence",2081,"",,FALSE,"",0.364775729509853,0.364775729509853,"default:ok;default_port:fail;layered_lbfgs:fail;layered_port:fail;layered_port_ml:fail;layered_port_budget:fail;witness:fail"
"layered_port_ml","default","ml-gls","chen","test","chen_2001","m0",25,44,"native","GLS",768165987,0.434277277254674,"ill_conditioned","singular_convergence",1227,"",,FALSE,"",0.42686283078213,0.42686283078213,"default:ok;default_port:ok;layered_lbfgs:fail;layered_port:fail;layered_port_ml:fail;layered_port_budget:fail;witness:ok"
"layered_port_ml","default","ml-gls","chen","test","chen_2001","m0",25,44,"x100","GLS",768165987,0.434280023944646,"nonpositive_curvature","singular_convergence",1210,"",,FALSE,"",0.426862830781713,0.426862830781713,"default:ok;default_port:ok;layered_lbfgs:fail;layered_port:fail;layered_port_ml:fail;layered_port_budget:fail;witness:ok"
"layered_port_ml","default","ml-gls","chen","test","chen_2001","m1",25,25,"x100","GLS",768165726,0.472862297158382,"available","singular_convergence",2437,"",,FALSE,"",0.46189860012609,0.46189860012609,"default:ok;default_port:fail;layered_lbfgs:fail;layered_port:fail;layered_port_ml:fail;layered_port_budget:fail;witness:fail"
"layered_port_ml","default","ml-gls","chen","test","chen_2001","m1",25,59,"mixed","ML",768166123,0.752407067039175,"ill_conditioned","singular_convergence",1524,"layered",,FALSE,"",0.788522509879431,0.788522509879431,"default:ok;default_port:ok;layered_lbfgs:fail;layered_port:fail;layered_port_ml:fail;layered_port_budget:fail;witness:ok"
"layered_port_ml","default","ml-gls","chen","test","chen_2001","m1",25,59,"native","ML",768166123,0.752407202728249,"nonpositive_curvature","singular_convergence",1467,"layered",,FALSE,"",0.788522509879436,0.788522509879436,"default:ok;default_port:ok;layered_lbfgs:fail;layered_port:fail;layered_port_ml:fail;layered_port_budget:fail;witness:ok"
"layered_port_ml","default","ml-gls","chen","test","chen_2001","m1",25,59,"x0.01","ML",768166123,0.752407106159161,"ill_conditioned","singular_convergence",1513,"layered",,FALSE,"",0.788522509879428,0.788522509879428,"default:ok;default_port:ok;layered_lbfgs:fail;layered_port:fail;layered_port_ml:fail;layered_port_budget:fail;witness:ok"
"layered_port_ml","default","ml-gls","chen","test","chen_2001","m2",25,10,"x0.01","GLS",768165590,0.464641178323753,"available","noisy_objective",980,"",,FALSE,"",0.402604182045471,0.402604182045471,"default:ok;default_port:ok;layered_lbfgs:fail;layered_port:fail;layered_port_ml:fail;layered_port_budget:fail;witness:fail"
"layered_port_ml","default","ml-gls","chen","test","chen_2001","m2",25,54,"native","GLS",768166118,0.551944090248255,"nonpositive_curvature","singular_convergence",1002,"",,FALSE,"",0.464300483440548,0.464300483440548,"default:ok;default_port:fail;layered_lbfgs:fail;layered_port:fail;layered_port_ml:fail;layered_port_budget:fail;witness:fail"
"layered_port_ml","default","ml-gls","chen","test","chen_2001","m3",25,35,"native","GLS",768165857,0.457626907016448,"available","line_search_salvaged",3001,"",,FALSE,"",0.511796363195304,0.511796363195304,"default:ok;default_port:fail;layered_lbfgs:fail;layered_port:fail;layered_port_ml:fail;layered_port_budget:fail;witness:fail"
"layered_port_ml","default","ml-gls","chen","test","chen_2001","m3",25,51,"x0.01","GLS",768166115,0.480826162246545,"ill_conditioned","singular_convergence",1601,"",,FALSE,"",0.479979330632393,0.479979330632393,"default:ok;default_port:fail;layered_lbfgs:fail;layered_port:fail;layered_port_ml:fail;layered_port_budget:fail;witness:fail"
"layered_port_ml","default","ml-gls","chen","test","chen_2001","m3",25,51,"x100","GLS",768166115,0.480826264987461,"ill_conditioned","singular_convergence",1515,"",,FALSE,"",0.479979330629446,0.479979330629446,"default:ok;default_port:fail;layered_lbfgs:fail;layered_port:fail;layered_port_ml:fail;layered_port_budget:fail;witness:fail"
"layered_port_ml","default","ml-gls","constrained","test","eqcfa_l40","equal_loadings_residuals",25,19,"native","ML",1452485744,0.845721845036175,"nonpositive_curvature","singular_convergence",58,"layered",,FALSE,"",0.845704791184451,0.845704791184451,"default:ok;default_port:fail;layered_lbfgs:ok;layered_port:fail;layered_port_ml:fail;layered_port_budget:fail;witness:fail"
"layered_port_ml","default","ml-gls","constrained","test","eqcfa_l40","equal_loadings_residuals",25,22,"native","ML",1452485868,0.896147982123299,"nonpositive_curvature","singular_convergence",295,"layered",,FALSE,"",0.895786478567512,0.895785648392861,"default:ok;default_port:fail;layered_lbfgs:ok;layered_port:fail;layered_port_ml:fail;layered_port_budget:fail;witness:fail"
"layered_port_ml","default","ml-gls","constrained","test","eqcfa_l40","equal_loadings_residuals",25,22,"x100","ML",1452485868,0.896148290762646,"nonpositive_curvature","line_search_salvaged",269,"layered",,FALSE,"",0.895784762006969,0.895784762006969,"default:ok;default_port:fail;layered_lbfgs:ok;layered_port:fail;layered_port_ml:fail;layered_port_budget:fail;witness:fail"
"layered_port_ml","default","ml-gls","constrained","test","eqcfa_l40","equal_loadings_residuals",25,29,"native","ML",1452485875,0.733901922098974,"available","singular_convergence",426,"layered",,FALSE,"",0.733905104953418,0.733904901975475,"default:ok;default_port:fail;layered_lbfgs:ok;layered_port:fail;layered_port_ml:fail;layered_port_budget:fail;witness:fail"
"layered_port_ml","default","ml-gls","constrained","test","eqcfa_l40","equal_loadings_residuals",25,33,"native","ML",1452486000,0.951721510270322,"nonpositive_curvature","singular_convergence",361,"layered",,FALSE,"",0.950904233411024,0.950903966619667,"default:ok;default_port:fail;layered_lbfgs:ok;layered_port:fail;layered_port_ml:fail;layered_port_budget:fail;witness:fail"
"layered_port_ml","default","ml-gls","constrained","test","eqcfa_l40","equal_loadings_residuals",25,33,"x0.01","ML",1452486000,0.951721673553969,"nonpositive_curvature","singular_convergence",318,"layered",,FALSE,"",0.950904233349966,0.950903966589799,"default:ok;default_port:fail;layered_lbfgs:ok;layered_port:fail;layered_port_ml:fail;layered_port_budget:fail;witness:fail"
"layered_port_ml","default","ml-gls","constrained","test","eqcfa_l40","equal_loadings_residuals",25,33,"x100","ML",1452486000,0.951722370595469,"nonpositive_curvature","line_search_salvaged",240,"layered",,FALSE,"",0.950904233411592,0.95090396658545,"default:ok;default_port:fail;layered_lbfgs:ok;layered_port:fail;layered_port_ml:fail;layered_port_budget:fail;witness:fail"
"layered_port_ml","default","ml-gls","constrained","test","eqcfa_l40","equal_loadings_residuals",25,39,"native","ML",1452486006,1.18801315371574,"available","singular_convergence",674,"layered",,FALSE,"",1.18801491911474,1.18801008371691,"default:ok;default_port:ok;layered_lbfgs:fail;layered_port:fail;layered_port_ml:fail;layered_port_budget:fail;witness:fail"
"layered_port_ml","default","ml-gls","constrained","test","eqcfa_l40","equal_loadings_residuals",25,41,"native","ML",1452486129,0.912542981870436,"nonpositive_curvature","singular_convergence",371,"layered",,FALSE,"",0.911815989491084,0.911815081493479,"default:ok;default_port:fail;layered_lbfgs:ok;layered_port:fail;layered_port_ml:fail;layered_port_budget:fail;witness:fail"
"layered_port_ml","default","ml-gls","constrained","test","eqcfa_l40","equal_loadings_residuals",25,41,"x100","ML",1452486129,0.912549686232417,"nonpositive_curvature","singular_convergence",383,"layered",,FALSE,"",0.911816279324881,0.911815997751887,"default:ok;default_port:fail;layered_lbfgs:ok;layered_port:fail;layered_port_ml:fail;layered_port_budget:fail;witness:fail"
"layered_port_ml","default","ml-gls","constrained","test","eqcfa_l40","equal_loadings_residuals",25,46,"native","ML",1452486134,0.93288980688264,"nonpositive_curvature","singular_convergence",393,"layered",,FALSE,"",0.932735345364796,0.932734187531881,"default:ok;default_port:fail;layered_lbfgs:ok;layered_port:fail;layered_port_ml:fail;layered_port_budget:fail;witness:fail"
"layered_port_ml","default","ml-gls","constrained","test","eqcfa_l40","equal_loadings_residuals",25,50,"x100","ML",1452486259,0.894948944954812,"nonpositive_curvature","singular_convergence",462,"layered",,FALSE,"",0.894816880439592,0.894811327274496,"default:ok;default_port:ok;layered_lbfgs:fail;layered_port:fail;layered_port_ml:fail;layered_port_budget:fail;witness:fail"
"layered_port_ml","default","ml-gls","constrained","test","eqcfa_l40","equal_loadings_residuals",25,59,"native","GLS",1452486268,0.561794117722691,"nonpositive_curvature","singular_convergence",809,"",,FALSE,"",0.559055270178403,0.559055270178403,"default:ok;default_port:ok;layered_lbfgs:fail;layered_port:fail;layered_port_ml:fail;layered_port_budget:fail;witness:ok"
"layered_port_ml","default","ml-gls","constrained","test","eqcfa_l40","equal_loadings_residuals",25,93,"native","ML",1452486786,1.15538879739972,"available","singular_convergence",307,"layered",,FALSE,"",1.15525238356836,1.15525123079509,"default:ok;default_port:fail;layered_lbfgs:ok;layered_port:fail;layered_port_ml:fail;layered_port_budget:fail;witness:fail"
"layered_port_ml","default","ml-gls","constrained","test","eqcfa_l40","equal_loadings_residuals",25,93,"x0.01","ML",1452486786,1.15539576628757,"nonpositive_curvature","line_search_salvaged",171,"layered",,FALSE,"",1.15525238360404,1.15525123080572,"default:ok;default_port:fail;layered_lbfgs:ok;layered_port:fail;layered_port_ml:fail;layered_port_budget:fail;witness:fail"
"layered_port_ml","default","ml-gls","constrained","test","eqcfa_l40","equal_loadings_residuals",25,93,"x100","ML",1452486786,1.15538825562193,"nonpositive_curvature","singular_convergence",311,"layered",,FALSE,"",1.15525238287614,1.15525123080239,"default:ok;default_port:fail;layered_lbfgs:ok;layered_port:fail;layered_port_ml:fail;layered_port_budget:fail;witness:fail"
"layered_port_ml","default","ml-gls","constrained","test","eqcfa_l40","equal_loadings",25,29,"native","ML",1452485875,0.673357669643728,"nonpositive_curvature","line_search_salvaged",319,"layered",,FALSE,"",0.673327679082428,0.673327679082428,"default:ok;default_port:fail;layered_lbfgs:ok;layered_port:fail;layered_port_ml:fail;layered_port_budget:fail;witness:fail"
"layered_port_ml","default","ml-gls","constrained","test","eqcfa_l40","equal_loadings",25,29,"x100","ML",1452485875,0.673357459933783,"nonpositive_curvature","singular_convergence",446,"layered",,FALSE,"",0.673328190247652,0.673327189432399,"default:ok;default_port:fail;layered_lbfgs:ok;layered_port:fail;layered_port_ml:fail;layered_port_budget:fail;witness:fail"
"layered_port_ml","default","ml-gls","constrained","test","eqcfa_l40","equal_loadings",25,33,"native","ML",1452486000,0.829622571921282,"nonpositive_curvature","singular_convergence",425,"layered",,FALSE,"",0.829517960161669,0.829517888029153,"default:ok;default_port:fail;layered_lbfgs:ok;layered_port:fail;layered_port_ml:fail;layered_port_budget:fail;witness:fail"
"layered_port_ml","default","ml-gls","constrained","test","eqcfa_l40","equal_loadings",25,46,"native","ML",1452486134,0.810356114144763,"nonpositive_curvature","singular_convergence",451,"layered",,FALSE,"",0.810011682682545,0.810011682682545,"default:ok;default_port:fail;layered_lbfgs:ok;layered_port:fail;layered_port_ml:fail;layered_port_budget:fail;witness:fail"
"layered_port_ml","default","ml-gls","constrained","test","eqcfa_l40","equal_loadings",25,46,"x0.01","ML",1452486134,0.810355860430967,"nonpositive_curvature","singular_convergence",401,"layered",,FALSE,"",0.810011682703625,0.810011682703625,"default:ok;default_port:fail;layered_lbfgs:ok;layered_port:fail;layered_port_ml:fail;layered_port_budget:fail;witness:fail"
"layered_port_ml","default","ml-gls","constrained","test","eqcfa_l40","equal_loadings",25,46,"x100","ML",1452486134,0.81035619639259,"nonpositive_curvature","line_search_salvaged",301,"layered",,FALSE,"",0.810011682662669,0.810011682662669,"default:ok;default_port:fail;layered_lbfgs:ok;layered_port:fail;layered_port_ml:fail;layered_port_budget:fail;witness:fail"
"layered_port_ml","default","ml-gls","constrained","test","eqcfa_l40","equal_loadings",25,93,"x100","ML",1452486786,0.997822584039028,"nonpositive_curvature","line_search_salvaged",387,"layered",,FALSE,"",0.997825576001553,0.997825576001553,"default:ok;default_port:fail;layered_lbfgs:fail;layered_port:fail;layered_port_ml:fail;layered_port_budget:fail;witness:fail"
"layered_port_ml","default","ml-gls","constrained","test","eqcfa_l40","equal_loadings",25,94,"native","GLS",1452486787,0.606257948446325,"ill_conditioned","singular_convergence",456,"",,FALSE,"",0.589507827218558,0.589507827218558,"default:ok;default_port:ok;layered_lbfgs:ok;layered_port:fail;layered_port_ml:fail;layered_port_budget:fail;witness:ok"
"layered_port_ml","default","ml-gls","constrained","test","eqcfa_l40","equal_loadings",25,94,"x100","GLS",1452486787,0.606257944896182,"ill_conditioned","singular_convergence",380,"",,FALSE,"",0.58950782721863,0.58950782721858,"default:ok;default_port:ok;layered_lbfgs:ok;layered_port:fail;layered_port_ml:fail;layered_port_budget:fail;witness:ok"
"layered_port_ml","default","ml-gls","constrained","test","eqchain_b20","equal_paths_disturbances",25,26,"native","GLS",682771321,0.852059757155328,"ill_conditioned","singular_convergence",1249,"",,FALSE,"",0.847830821387536,0.847830821387536,"default:ok;default_port:ok;layered_lbfgs:fail;layered_port:fail;layered_port_ml:fail;layered_port_budget:fail;witness:fail"
"layered_port_ml","default","ml-gls","constrained","test","eqchain_b20","equal_paths_disturbances",25,26,"x100","GLS",682771321,0.852060367874799,"ill_conditioned","singular_convergence",1079,"",,FALSE,"",0.847830821387205,0.847830821387205,"default:ok;default_port:ok;layered_lbfgs:fail;layered_port:fail;layered_port_ml:fail;layered_port_budget:fail;witness:fail"
"layered_port_ml","default","ml-gls","constrained","test","eqchain_b20","equal_paths_disturbances",25,27,"x0.01","ML",682771322,1.27978779792052,"nonpositive_curvature","singular_convergence",868,"layered",,FALSE,"",1.27979137060521,1.27979137060521,"default:ok;default_port:fail;layered_lbfgs:fail;layered_port:fail;layered_port_ml:fail;layered_port_budget:fail;witness:fail"
"layered_port_ml","default","ml-gls","constrained","test","eqchain_b20","equal_paths_disturbances",25,67,"native","GLS",682771846,0.752825145600158,"ill_conditioned","line_search_salvaged",4590,"",,FALSE,"",0.711885021440345,0.711885021440345,"default:ok;default_port:ok;layered_lbfgs:fail;layered_port:fail;layered_port_ml:fail;layered_port_budget:fail;witness:ok"
"layered_port_ml","default","ml-gls","constrained","test","eqchain_b20","equal_paths_disturbances",25,67,"x100","GLS",682771846,0.75282805339233,"ill_conditioned","line_search_salvaged",4238,"",,FALSE,"",0.711885021441325,0.711885021441325,"default:ok;default_port:ok;layered_lbfgs:fail;layered_port:fail;layered_port_ml:fail;layered_port_budget:fail;witness:ok"
"layered_port_ml","default","ml-gls","constrained","test","eqchain_b20","equal_paths_disturbances",25,9,"native","GLS",2103516616,0.906890272005887,"ill_conditioned","singular_convergence",1082,"",,FALSE,"",0.880919168352112,0.880919168352112,"default:ok;default_port:ok;layered_lbfgs:fail;layered_port:fail;layered_port_ml:fail;layered_port_budget:fail;witness:ok"
"layered_port_ml","default","ml-gls","constrained","test","eqchain_b20","equal_paths_disturbances",25,9,"x100","GLS",2103516616,0.906889182641775,"ill_conditioned","singular_convergence",1274,"",,FALSE,"",0.880919168352126,0.880919168352126,"default:ok;default_port:ok;layered_lbfgs:fail;layered_port:fail;layered_port_ml:fail;layered_port_budget:fail;witness:ok"
"layered_port_ml","default","ml-gls","constrained","test","eqchain_b20","equal_paths_disturbances",25,90,"native","GLS",682772232,0.602689291716896,"ill_conditioned","false_convergence",5000,"",,FALSE,"",0.558129160028712,0.558129160028712,"default:ok;default_port:ok;layered_lbfgs:fail;layered_port:fail;layered_port_ml:fail;layered_port_budget:fail;witness:ok"
"layered_port_ml","default","ml-gls","constrained","test","eqchain_b20","equal_paths_disturbances",25,90,"native","ML",682772232,0.740351226185187,"available","line_search_salvaged",4335,"layered",,FALSE,"",0.727320984569424,0.727320984569424,"default:ok;default_port:ok;layered_lbfgs:fail;layered_port:ok;layered_port_ml:fail;layered_port_budget:fail;witness:ok"
"layered_port_ml","default","ml-gls","constrained","test","eqchain_b20","equal_paths_disturbances",25,90,"x0.01","ML",682772232,0.74036301115818,"available","line_search_salvaged",3026,"layered",,FALSE,"",0.727320984569431,0.727320984569431,"default:ok;default_port:fail;layered_lbfgs:fail;layered_port:ok;layered_port_ml:fail;layered_port_budget:fail;witness:ok"
"layered_port_ml","default","ml-gls","constrained","test","eqchain_b20","equal_paths_disturbances",25,90,"x100","GLS",682772232,0.601770987271281,"ill_conditioned","singular_convergence",3674,"",,FALSE,"",0.558129160028691,0.558129160028691,"default:ok;default_port:ok;layered_lbfgs:fail;layered_port:fail;layered_port_ml:fail;layered_port_budget:fail;witness:ok"
"layered_port_ml","default","ml-gls","constrained","test","eqchain_b20","equal_paths_disturbances",25,90,"x100","ML",682772232,0.740367291742551,"available","line_search_salvaged",2531,"layered",,FALSE,"",0.727320984569417,0.727320984569417,"default:ok;default_port:ok;layered_lbfgs:fail;layered_port:ok;layered_port_ml:fail;layered_port_budget:fail;witness:ok"
"layered_port_ml","default","ml-gls","constrained","test","eqchain_b20","equal_paths",25,46,"native","GLS",682771583,0.907576315620267,"available","line_search_salvaged",3474,"",,FALSE,"",0.864285393441614,0.864285393441614,"default:ok;default_port:fail;layered_lbfgs:fail;layered_port:fail;layered_port_ml:fail;layered_port_budget:fail;witness:fail"
"layered_port_ml","default","ml-gls","constrained","test","eqchain_b20","equal_paths",25,53,"x100","GLS",682771711,0.93875723997893,"ill_conditioned","line_search_salvaged",3592,"",,FALSE,"",0.935954666248752,0.935954666248752,"default:ok;default_port:ok;layered_lbfgs:fail;layered_port:fail;layered_port_ml:fail;layered_port_budget:fail;witness:fail"
"layered_port_ml","default","ml-gls","constrained","test","eqchain_b20","equal_paths",25,55,"native","ML",682771713,2.02352507014862,"available","singular_convergence",148,"layered",,FALSE,"",2.06921566700205,2.02351779587912,"default:ok;default_port:ok;layered_lbfgs:ok;layered_port:fail;layered_port_ml:fail;layered_port_budget:fail;witness:ok"
"layered_port_ml","default","ml-gls","constrained","test","eqchain_b20","equal_paths",25,55,"x100","ML",682771713,2.02352501663501,"available","singular_convergence",145,"layered",,FALSE,"",2.06921566700204,2.02351792168452,"default:ok;default_port:ok;layered_lbfgs:ok;layered_port:fail;layered_port_ml:fail;layered_port_budget:fail;witness:ok"
"layered_port_ml","default","ml-gls","constrained","test","eqchain_b20","equal_paths",25,56,"x0.01","ML",682771714,1.45320030570034,"ill_conditioned","singular_convergence",686,"layered",,FALSE,"",1.45320297570746,1.4532001542894,"default:ok;default_port:fail;layered_lbfgs:fail;layered_port:fail;layered_port_ml:fail;layered_port_budget:fail;witness:ok"
"layered_port_ml","default","ml-gls","constrained","test","eqchain_b20","equal_paths",25,68,"native","ML",682771847,1.42282114432579,"ill_conditioned","singular_convergence",751,"layered",,FALSE,"",1.43220568031276,1.42223869712022,"default:ok;default_port:ok;layered_lbfgs:ok;layered_port:fail;layered_port_ml:fail;layered_port_budget:fail;witness:ok"
"layered_port_ml","default","ml-gls","constrained","test","eqchain_b20","equal_paths",25,68,"x100","ML",682771847,1.42282049809632,"ill_conditioned","singular_convergence",925,"layered",,FALSE,"",1.43220568031276,1.42223869712004,"default:ok;default_port:ok;layered_lbfgs:ok;layered_port:fail;layered_port_ml:fail;layered_port_budget:fail;witness:ok"
"layered_port_ml","default","ml-gls","constrained","test","eqchain_b20","equal_paths",25,73,"native","GLS",682771973,0.892668207470794,"available","noisy_objective",545,"",,FALSE,"",0.883651938636435,0.883651938636435,"default:ok;default_port:fail;layered_lbfgs:fail;layered_port:fail;layered_port_ml:fail;layered_port_budget:fail;witness:fail"
"layered_port_ml","default","ml-gls","constrained","test","eqchain_b20","equal_paths",25,73,"x100","GLS",682771973,0.892651303001368,"nonpositive_curvature","singular_convergence",937,"",,FALSE,"",0.883651938635342,0.883651938635342,"default:ok;default_port:ok;layered_lbfgs:fail;layered_port:fail;layered_port_ml:fail;layered_port_budget:fail;witness:fail"
"layered_port_ml","default","ml-gls","constrained","test","eqchain_b20","equal_paths",25,81,"native","GLS",682772102,0.869600587741147,"ill_conditioned","false_convergence",5000,"",,FALSE,"",0.865020325512024,0.865020325512024,"default:ok;default_port:ok;layered_lbfgs:fail;layered_port:fail;layered_port_ml:fail;layered_port_budget:fail;witness:ok"
"layered_port_ml","default","ml-gls","constrained","test","eqchain_b20","equal_paths",25,81,"x100","GLS",682772102,0.869599176483542,"ill_conditioned","false_convergence",5000,"",,FALSE,"",0.865020325512296,0.865020325512296,"default:ok;default_port:ok;layered_lbfgs:fail;layered_port:fail;layered_port_ml:fail;layered_port_budget:fail;witness:ok"
"layered_port_ml","default","ml-gls","constrained","test","eqchain_b20","equal_paths",25,90,"native","GLS",682772232,0.571007131710829,"ill_conditioned","false_convergence",5000,"",,FALSE,"",0.526141346774332,0.526141346774332,"default:ok;default_port:ok;layered_lbfgs:fail;layered_port:fail;layered_port_ml:fail;layered_port_budget:fail;witness:ok"
"layered_port_ml","default","ml-gls","constrained","test","eqchain_b20","equal_paths",25,90,"x0.01","GLS",682772232,0.571009174668811,"nonpositive_curvature","false_convergence",5000,"",,FALSE,"",0.52614134677428,0.52614134677428,"default:ok;default_port:fail;layered_lbfgs:fail;layered_port:fail;layered_port_ml:fail;layered_port_budget:fail;witness:ok"
"layered_port_ml","default","ml-gls","constrained","test","eqchain_b20","equal_paths",25,90,"x100","GLS",682772232,0.57101508846773,"nonpositive_curvature","singular_convergence",4207,"",,FALSE,"",0.526141346774269,0.526141346774269,"default:ok;default_port:ok;layered_lbfgs:fail;layered_port:fail;layered_port_ml:fail;layered_port_budget:fail;witness:ok"
"layered_port_ml","default","ml-gls","constrained","test","eqchain_b50","equal_paths_disturbances",25,22,"native","GLS",267364311,0.848885239030838,"ill_conditioned","false_convergence",5000,"",,FALSE,"",0.794634376871297,0.794634376871297,"default:ok;default_port:ok;layered_lbfgs:fail;layered_port:fail;layered_port_ml:fail;layered_port_budget:fail;witness:ok"
"layered_port_ml","default","ml-gls","constrained","test","eqchain_b50","equal_paths_disturbances",25,22,"x100","GLS",267364311,0.848885556325758,"ill_conditioned","false_convergence",5000,"",,FALSE,"",0.794634376871033,0.794634376871033,"default:ok;default_port:ok;layered_lbfgs:fail;layered_port:fail;layered_port_ml:fail;layered_port_budget:fail;witness:ok"
"layered_port_ml","default","ml-gls","constrained","test","eqchain_b50","equal_paths_disturbances",25,77,"native","GLS",267364971,0.957698195317039,"ill_conditioned","false_convergence",5000,"",,FALSE,"",0.950220314186503,0.950220314186503,"default:ok;default_port:fail;layered_lbfgs:fail;layered_port:fail;layered_port_ml:fail;layered_port_budget:fail;witness:fail"
"layered_port_ml","default","ml-gls","constrained","test","eqchain_b50","equal_paths",25,43,"x0.01","GLS",267364574,0.86157346417933,"available","singular_convergence",3628,"",,FALSE,"",0.911166307004498,0.911166307004498,"default:ok;default_port:fail;layered_lbfgs:fail;layered_port:fail;layered_port_ml:fail;layered_port_budget:fail;witness:fail"
"layered_port_ml","default","ml-gls","constrained","test","eqchain_b50","equal_paths",25,48,"native","GLS",267364579,1.06030333401626,"nonpositive_curvature","singular_convergence",144,"",,FALSE,"",1.00997641925818,0.988632872270555,"default:ok;default_port:ok;layered_lbfgs:fail;layered_port:fail;layered_port_ml:fail;layered_port_budget:fail;witness:ok"
"layered_port_ml","default","ml-gls","constrained","test","eqchain_b50","equal_paths",25,48,"native","ML",267364579,1.93808847694944,"ill_conditioned","singular_convergence",573,"layered",,FALSE,"",1.93300873462898,1.93300873462898,"default:ok;default_port:ok;layered_lbfgs:ok;layered_port:fail;layered_port_ml:fail;layered_port_budget:fail;witness:ok"
"layered_port_ml","default","ml-gls","constrained","test","eqchain_b50","equal_paths",25,48,"x100","GLS",267364579,1.05905438602924,"ill_conditioned","singular_convergence",1299,"",,FALSE,"",1.00997641909979,0.988632872270556,"default:ok;default_port:ok;layered_lbfgs:fail;layered_port:fail;layered_port_ml:fail;layered_port_budget:fail;witness:ok"
"layered_port_ml","default","ml-gls","constrained","test","eqchain_b50","equal_paths",25,53,"native","GLS",267364705,0.835813845316521,"ill_conditioned","singular_convergence",721,"",,FALSE,"",0.877053474464629,0.877053474464629,"default:ok;default_port:fail;layered_lbfgs:fail;layered_port:fail;layered_port_ml:fail;layered_port_budget:fail;witness:fail"
"layered_port_ml","default","ml-gls","constrained","test","eqchain_b50","equal_paths",25,53,"x100","GLS",267364705,0.835813805055924,"ill_conditioned","singular_convergence",761,"",,FALSE,"",0.877053474465382,0.877053474465382,"default:ok;default_port:ok;layered_lbfgs:fail;layered_port:fail;layered_port_ml:fail;layered_port_budget:fail;witness:fail"
"layered_port_ml","default","ml-gls","constrained","test","eqchain_b50","equal_paths",25,65,"x100","GLS",267364838,0.894112705856518,"ill_conditioned","singular_convergence",2076,"",,FALSE,"",0.891239693713201,0.891239693713201,"default:ok;default_port:fail;layered_lbfgs:fail;layered_port:fail;layered_port_ml:fail;layered_port_budget:fail;witness:fail"
"layered_port_ml","default","ml-gls","constrained","test","eqchain_b50","equal_paths",25,68,"native","GLS",267364841,0.915539977080881,"ill_conditioned","singular_convergence",4682,"",,FALSE,"",0.887306391100277,0.887306391100277,"default:ok;default_port:ok;layered_lbfgs:ok;layered_port:fail;layered_port_ml:fail;layered_port_budget:fail;witness:ok"
"layered_port_ml","default","ml-gls","constrained","test","eqchain_b50","equal_paths",25,68,"x100","GLS",267364841,0.915544438600383,"ill_conditioned","singular_convergence",4187,"",,FALSE,"",0.887306391100341,0.887306391100341,"default:ok;default_port:ok;layered_lbfgs:ok;layered_port:fail;layered_port_ml:fail;layered_port_budget:fail;witness:ok"
"layered_port_ml","default","ml-gls","constrained","test","eqchain_b50","equal_paths",25,7,"native","GLS",461045088,0.78662495119463,"ill_conditioned","false_convergence",5000,"",,FALSE,"",0.802304053652304,0.802304053651976,"default:ok;default_port:ok;layered_lbfgs:fail;layered_port:fail;layered_port_ml:fail;layered_port_budget:fail;witness:ok"
"layered_port_ml","default","ml-gls","constrained","test","eqchain_b50","equal_paths",25,7,"x100","GLS",461045088,0.786625816282814,"ill_conditioned","false_convergence",5000,"",,FALSE,"",0.802304053652293,0.802304053652293,"default:ok;default_port:ok;layered_lbfgs:fail;layered_port:fail;layered_port_ml:fail;layered_port_budget:fail;witness:ok"
"layered_port_ml","default","ml-gls","constrained","test","eqchain_b50","equal_paths",25,70,"native","ML",267364964,1.87566324950428,"ill_conditioned","singular_convergence",679,"layered",,FALSE,"",1.70825523373239,1.70825523373239,"default:ok;default_port:ok;layered_lbfgs:fail;layered_port:fail;layered_port_ml:fail;layered_port_budget:fail;witness:ok"
"layered_port_ml","default","ml-gls","constrained","test","eqchain_b50","equal_paths",25,70,"x100","ML",267364964,1.87566308681053,"ill_conditioned","singular_convergence",707,"layered",,FALSE,"",1.70825523373243,1.70825523373243,"default:ok;default_port:ok;layered_lbfgs:fail;layered_port:fail;layered_port_ml:fail;layered_port_budget:fail;witness:ok"
"layered_port_ml","default","ml-gls","constrained","test","eqmean","equal_intercepts_residuals",100,33,"native","GLS",2079687798,0.201265194400353,"available","noisy_objective",1135,"",,TRUE,"",0.199739456862721,0.199739456862651,"default:ok;default_port:ok;layered_lbfgs:fail;layered_port:fail;layered_port_ml:fail;layered_port_budget:fail;witness:ok"
"layered_port_ml","default","ml-gls","constrained","test","eqmean","equal_intercepts_residuals",100,33,"x100","GLS",2079687798,0.201265857162858,"nonpositive_curvature","noisy_objective",886,"",,TRUE,"",0.199739456863656,0.199739456862652,"default:ok;default_port:ok;layered_lbfgs:fail;layered_port:fail;layered_port_ml:fail;layered_port_budget:fail;witness:ok"
"layered_port_ml","default","ml-gls","constrained","test","eqmean","equal_intercepts_residuals",100,53,"native","GLS",2079688060,0.103046742590121,"available","singular_convergence",812,"",,TRUE,"",0.0987883445051283,0.0987883445051283,"default:ok;default_port:ok;layered_lbfgs:fail;layered_port:fail;layered_port_ml:fail;layered_port_budget:fail;witness:ok"
"layered_port_ml","default","ml-gls","constrained","test","eqmean","equal_intercepts_residuals",100,53,"x100","GLS",2079688060,0.103046723732827,"available","singular_convergence",898,"",,TRUE,"",0.0987883445051701,0.0987883445051701,"default:ok;default_port:ok;layered_lbfgs:fail;layered_port:fail;layered_port_ml:fail;layered_port_budget:fail;witness:ok"
"layered_port_ml","default","ml-gls","constrained","test","eqmean","equal_intercepts_residuals",25,13,"native","GLS",486840314,0.914710364714072,"available","singular_convergence",1349,"",,TRUE,"",0.912925459773263,0.912925459773263,"default:ok;default_port:ok;layered_lbfgs:fail;layered_port:fail;layered_port_ml:fail;layered_port_budget:fail;witness:fail"
"layered_port_ml","default","ml-gls","constrained","test","eqmean","equal_intercepts_residuals",25,15,"x0.01","GLS",486840316,0.590661196104498,"nonpositive_curvature","singular_convergence",806,"",,FALSE,"",0.563644700294154,0.563644700294154,"default:ok;default_port:fail;layered_lbfgs:ok;layered_port:fail;layered_port_ml:fail;layered_port_budget:fail;witness:ok"
"layered_port_ml","default","ml-gls","constrained","test","eqmean","equal_intercepts_residuals",25,20,"native","GLS",486840442,0.620485887106838,"available","noisy_objective",1057,"",,FALSE,"",0.616821021566579,0.616821021566579,"default:ok;default_port:ok;layered_lbfgs:fail;layered_port:fail;layered_port_ml:fail;layered_port_budget:fail;witness:ok"
"layered_port_ml","default","ml-gls","constrained","test","eqmean","equal_intercepts_residuals",25,20,"x0.01","GLS",486840442,0.620481269478579,"available","noisy_objective",1160,"",,FALSE,"",0.623494621037167,0.623494621037167,"default:ok;default_port:fail;layered_lbfgs:fail;layered_port:fail;layered_port_ml:fail;layered_port_budget:fail;witness:ok"
"layered_port_ml","default","ml-gls","constrained","test","eqmean","equal_intercepts_residuals",25,20,"x100","GLS",486840442,0.620477485010994,"available","noisy_objective",1609,"",,FALSE,"",0.616821021569455,0.616821021569455,"default:ok;default_port:ok;layered_lbfgs:fail;layered_port:fail;layered_port_ml:fail;layered_port_budget:fail;witness:ok"
"layered_port_ml","default","ml-gls","constrained","test","eqmean","equal_intercepts_residuals",25,23,"native","GLS",486840445,0.505962235503896,"available","singular_convergence",1580,"",,FALSE,"",0.591159315165481,0.591159315165481,"default:ok;default_port:ok;layered_lbfgs:fail;layered_port:fail;layered_port_ml:fail;layered_port_budget:fail;witness:ok"
"layered_port_ml","default","ml-gls","constrained","test","eqmean","equal_intercepts_residuals",25,23,"x100","GLS",486840445,0.505962231951291,"available","singular_convergence",1637,"",,FALSE,"",0.591159315165292,0.591159315165292,"default:ok;default_port:ok;layered_lbfgs:fail;layered_port:fail;layered_port_ml:fail;layered_port_budget:fail;witness:ok"
"layered_port_ml","default","ml-gls","constrained","test","eqmean","equal_intercepts_residuals",25,26,"x0.01","GLS",486840448,0.65720546139007,"available","singular_convergence",1469,"",,TRUE,"",0.509050603379679,0.509050603379679,"default:ok;default_port:fail;layered_lbfgs:fail;layered_port:fail;layered_port_ml:fail;layered_port_budget:fail;witness:ok"
"layered_port_ml","default","ml-gls","constrained","test","eqmean","equal_intercepts_residuals",25,29,"x0.01","ML",486840451,1.62205622962019,"available","singular_convergence",640,"layered",,TRUE,"",1.53194917201501,1.53194917201501,"default:ok;default_port:ok;layered_lbfgs:fail;layered_port:fail;layered_port_ml:fail;layered_port_budget:fail;witness:fail"
"layered_port_ml","default","ml-gls","constrained","test","eqmean","equal_intercepts_residuals",25,35,"native","GLS",486840578,0.491767529936639,"nonpositive_curvature","singular_convergence",903,"",,TRUE,"",0.493415957385349,0.493415957385203,"default:ok;default_port:ok;layered_lbfgs:fail;layered_port:fail;layered_port_ml:fail;layered_port_budget:fail;witness:ok"
"layered_port_ml","default","ml-gls","constrained","test","eqmean","equal_intercepts_residuals",25,35,"x100","GLS",486840578,0.491288593861824,"nonpositive_curvature","singular_convergence",928,"",,TRUE,"",0.493415957383957,0.493415957383957,"default:ok;default_port:ok;layered_lbfgs:fail;layered_port:fail;layered_port_ml:fail;layered_port_budget:fail;witness:ok"
"layered_port_ml","default","ml-gls","constrained","test","eqmean","equal_intercepts_residuals",25,38,"x100","ML",486840581,0.528186567539482,"nonpositive_curvature","noisy_objective",1272,"layered",,FALSE,"",0.742705124953584,0.742705124953584,"default:ok;default_port:ok;layered_lbfgs:fail;layered_port:fail;layered_port_ml:fail;layered_port_budget:fail;witness:ok"
"layered_port_ml","default","ml-gls","constrained","test","eqmean","equal_intercepts_residuals",25,50,"x0.01","GLS",486840835,0.550310918406417,"available","singular_convergence",1108,"",,FALSE,"",0.470871451112363,0.470871451112363,"default:ok;default_port:fail;layered_lbfgs:ok;layered_port:fail;layered_port_ml:fail;layered_port_budget:fail;witness:fail"
"layered_port_ml","default","ml-gls","constrained","test","eqmean","equal_intercepts_residuals",25,6,"native","GLS",1233191703,0.518562055040872,"available","singular_convergence",1479,"",,TRUE,"",0.511773027973608,0.511773027973608,"default:ok;default_port:ok;layered_lbfgs:fail;layered_port:fail;layered_port_ml:fail;layered_port_budget:fail;witness:ok"
"layered_port_ml","default","ml-gls","constrained","test","eqmean","equal_intercepts_residuals",25,6,"x100","GLS",1233191703,0.518547576661382,"available","singular_convergence",1712,"",,TRUE,"",0.511773027972746,0.511773027972746,"default:ok;default_port:ok;layered_lbfgs:fail;layered_port:fail;layered_port_ml:fail;layered_port_budget:fail;witness:ok"
"layered_port_ml","default","ml-gls","constrained","test","eqmean","equal_intercepts_residuals",25,62,"x0.01","GLS",486840968,0.571342850365874,"available","singular_convergence",858,"",,TRUE,"",0.562836249063102,0.562836249063102,"default:ok;default_port:fail;layered_lbfgs:fail;layered_port:fail;layered_port_ml:fail;layered_port_budget:fail;witness:ok"
"layered_port_ml","default","ml-gls","constrained","test","eqmean","equal_intercepts_residuals",25,63,"native","GLS",486840969,0.744075172489827,"available","noisy_objective",1558,"",,FALSE,"",0.747511490155852,0.747511490155852,"default:ok;default_port:ok;layered_lbfgs:fail;layered_port:fail;layered_port_ml:fail;layered_port_budget:fail;witness:ok"
"layered_port_ml","default","ml-gls","constrained","test","eqmean","equal_intercepts_residuals",25,63,"x0.01","GLS",486840969,0.744076156656546,"available","noisy_objective",1055,"",,FALSE,"",0.667051091440086,0.667051091440086,"default:ok;default_port:fail;layered_lbfgs:fail;layered_port:fail;layered_port_ml:fail;layered_port_budget:fail;witness:ok"
"layered_port_ml","default","ml-gls","constrained","test","eqmean","equal_intercepts_residuals",25,63,"x100","GLS",486840969,0.744075545601634,"available","noisy_objective",1232,"",,FALSE,"",0.747511490158973,0.747511490157181,"default:ok;default_port:ok;layered_lbfgs:fail;layered_port:fail;layered_port_ml:fail;layered_port_budget:fail;witness:ok"
"layered_port_ml","default","ml-gls","constrained","test","eqmean","equal_intercepts_residuals",25,64,"native","GLS",486840970,0.619160198025512,"available","noisy_objective",1004,"",,FALSE,"",0.819952183273985,0.819952183273929,"default:ok;default_port:fail;layered_lbfgs:ok;layered_port:fail;layered_port_ml:fail;layered_port_budget:fail;witness:ok"
"layered_port_ml","default","ml-gls","constrained","test","eqmean","equal_intercepts_residuals",25,64,"x0.01","GLS",486840970,0.619177375121848,"available","noisy_objective",684,"",,FALSE,"",0.819952183274062,0.819952183273928,"default:ok;default_port:fail;layered_lbfgs:ok;layered_port:fail;layered_port_ml:fail;layered_port_budget:fail;witness:ok"
"layered_port_ml","default","ml-gls","constrained","test","eqmean","equal_intercepts_residuals",25,68,"x100","GLS",486840974,0.678713282355444,"available","singular_convergence",1238,"",,TRUE,"",0.649755808263648,0.649755808263648,"default:ok;default_port:ok;layered_lbfgs:fail;layered_port:fail;layered_port_ml:fail;layered_port_budget:fail;witness:fail"
"layered_port_ml","default","ml-gls","constrained","test","eqmean","equal_intercepts_residuals",25,71,"native","GLS",486841098,0.881530198854093,"nonpositive_curvature","noisy_objective",601,"",,TRUE,"",0.833527255573653,0.833527255573653,"default:ok;default_port:ok;layered_lbfgs:fail;layered_port:fail;layered_port_ml:fail;layered_port_budget:fail;witness:ok"
"layered_port_ml","default","ml-gls","constrained","test","eqmean","equal_intercepts_residuals",25,71,"x0.01","GLS",486841098,0.88153321501288,"available","singular_convergence",569,"",,TRUE,"",0.8335272555736,0.8335272555736,"default:ok;default_port:fail;layered_lbfgs:fail;layered_port:fail;layered_port_ml:fail;layered_port_budget:fail;witness:ok"
"layered_port_ml","default","ml-gls","constrained","test","eqmean","equal_intercepts_residuals",25,71,"x100","GLS",486841098,0.881540273662018,"available","singular_convergence",547,"",,TRUE,"",0.833527255573604,0.833527255573604,"default:ok;default_port:ok;layered_lbfgs:fail;layered_port:fail;layered_port_ml:fail;layered_port_budget:fail;witness:ok"
"layered_port_ml","default","ml-gls","constrained","test","eqmean","equal_intercepts_residuals",25,73,"native","GLS",486841100,0.929132472240758,"available","noisy_objective",909,"",,FALSE,"",0.928572686176722,0.921227695281466,"default:ok;default_port:ok;layered_lbfgs:fail;layered_port:fail;layered_port_ml:fail;layered_port_budget:fail;witness:ok"
"layered_port_ml","default","ml-gls","constrained","test","eqmean","equal_intercepts_residuals",25,73,"x100","GLS",486841100,0.929133021884626,"available","noisy_objective",995,"",,FALSE,"",0.928572686176497,0.921227695281466,"default:ok;default_port:ok;layered_lbfgs:fail;layered_port:fail;layered_port_ml:fail;layered_port_budget:fail;witness:ok"
"layered_port_ml","default","ml-gls","constrained","test","eqmean","equal_intercepts_residuals",25,79,"native","GLS",486841106,0.619597439003504,"nonpositive_curvature","noisy_objective",482,"",,FALSE,"",0.612580677025928,0.612580677025817,"default:ok;default_port:ok;layered_lbfgs:fail;layered_port:fail;layered_port_ml:fail;layered_port_budget:fail;witness:ok"
"layered_port_ml","default","ml-gls","constrained","test","eqmean","equal_intercepts_residuals",25,79,"x0.01","GLS",486841106,0.619550731956522,"nonpositive_curvature","noisy_objective",787,"",,FALSE,"",0.619922946201391,0.612580677028754,"default:ok;default_port:fail;layered_lbfgs:fail;layered_port:fail;layered_port_ml:fail;layered_port_budget:fail;witness:ok"
"layered_port_ml","default","ml-gls","constrained","test","eqmean","equal_intercepts_residuals",25,79,"x100","GLS",486841106,0.619621907455471,"nonpositive_curvature","singular_convergence",802,"",,FALSE,"",0.612580677026189,0.612580677026189,"default:ok;default_port:ok;layered_lbfgs:fail;layered_port:fail;layered_port_ml:fail;layered_port_budget:fail;witness:ok"
"layered_port_ml","default","ml-gls","constrained","test","eqmean","equal_intercepts_residuals",25,80,"native","GLS",486841228,0.691798394294351,"nonpositive_curvature","noisy_objective",776,"",,TRUE,"",0.725435696885652,0.666362359676189,"default:ok;default_port:ok;layered_lbfgs:ok;layered_port:fail;layered_port_ml:fail;layered_port_budget:fail;witness:ok"
"layered_port_ml","default","ml-gls","constrained","test","eqmean","equal_intercepts_residuals",25,80,"x0.01","GLS",486841228,0.691807021931426,"nonpositive_curvature","noisy_objective",460,"",,TRUE,"",0.725435696885624,0.666362359676116,"default:ok;default_port:ok;layered_lbfgs:ok;layered_port:fail;layered_port_ml:fail;layered_port_budget:fail;witness:ok"
"layered_port_ml","default","ml-gls","constrained","test","eqmean","equal_intercepts_residuals",25,80,"x100","GLS",486841228,0.692664845001277,"nonpositive_curvature","noisy_objective",659,"",,TRUE,"",0.725435696885704,0.66636235967613,"default:ok;default_port:ok;layered_lbfgs:ok;layered_port:fail;layered_port_ml:fail;layered_port_budget:fail;witness:ok"
"layered_port_ml","default","ml-gls","constrained","test","eqmean","equal_intercepts_residuals",25,85,"native","GLS",486841233,0.667350096011508,"available","singular_convergence",1007,"",,FALSE,"",0.734747057242276,0.734747057242276,"default:ok;default_port:ok;layered_lbfgs:fail;layered_port:fail;layered_port_ml:fail;layered_port_budget:fail;witness:ok"
"layered_port_ml","default","ml-gls","constrained","test","eqmean","equal_intercepts_residuals",25,85,"x100","GLS",486841233,0.667350091976036,"available","singular_convergence",1025,"",,FALSE,"",0.734747057242136,0.734747057242136,"default:ok;default_port:ok;layered_lbfgs:fail;layered_port:fail;layered_port_ml:fail;layered_port_budget:fail;witness:ok"
"layered_port_ml","default","ml-gls","constrained","test","eqmean","equal_intercepts_residuals",25,86,"native","GLS",486841234,0.824583365561788,"available","singular_convergence",779,"",,FALSE,"",0.898316111899182,0.883779857537012,"default:ok;default_port:ok;layered_lbfgs:fail;layered_port:fail;layered_port_ml:fail;layered_port_budget:fail;witness:ok"
"layered_port_ml","default","ml-gls","constrained","test","eqmean","equal_intercepts_residuals",25,86,"x100","GLS",486841234,0.824590686594031,"nonpositive_curvature","singular_convergence",634,"",,FALSE,"",0.898316111899278,0.883779857537012,"default:ok;default_port:ok;layered_lbfgs:fail;layered_port:fail;layered_port_ml:fail;layered_port_budget:fail;witness:ok"
"layered_port_ml","default","ml-gls","constrained","test","eqmean","equal_intercepts_residuals",25,95,"native","GLS",486841364,0.830447182315761,"available","noisy_objective",922,"",,FALSE,"",0.812963244428946,0.811214698569111,"default:ok;default_port:ok;layered_lbfgs:fail;layered_port:fail;layered_port_ml:fail;layered_port_budget:fail;witness:ok"
"layered_port_ml","default","ml-gls","constrained","test","eqmean","equal_intercepts_residuals",25,95,"x0.01","GLS",486841364,0.830445929524473,"available","noisy_objective",1072,"",,FALSE,"",0.811214698567751,0.811214698567751,"default:ok;default_port:fail;layered_lbfgs:fail;layered_port:fail;layered_port_ml:fail;layered_port_budget:fail;witness:ok"
"layered_port_ml","default","ml-gls","constrained","test","eqmean","equal_intercepts_residuals",25,95,"x100","GLS",486841364,0.83044704151328,"available","noisy_objective",962,"",,FALSE,"",0.812963244428928,0.811214698569111,"default:ok;default_port:fail;layered_lbfgs:fail;layered_port:fail;layered_port_ml:fail;layered_port_budget:fail;witness:ok"
"layered_port_ml","default","ml-gls","constrained","test","eqmean","equal_intercepts_residuals",25,96,"x0.01","GLS",486841365,0.419934667245885,"available","noisy_objective",1037,"",,FALSE,"",0.462945479942835,0.462945479942835,"default:ok;default_port:fail;layered_lbfgs:fail;layered_port:fail;layered_port_ml:fail;layered_port_budget:fail;witness:fail"
"layered_port_ml","default","ml-gls","constrained","test","eqmean","equal_intercepts_residuals",25,98,"x0.01","ML",486841367,0.569875245586753,"available","noisy_objective",622,"layered",,TRUE,"",0.543691454284062,0.537026150845604,"default:ok;default_port:fail;layered_lbfgs:fail;layered_port:fail;layered_port_ml:fail;layered_port_budget:fail;witness:ok"
"layered_port_ml","default","ml-gls","constrained","test","eqmean","equal_intercepts",100,33,"native","GLS",2079687798,0.170978984077448,"nonpositive_curvature","false_convergence",5000,"",,FALSE,"",0.158593402241064,0.158593402241064,"default:ok;default_port:ok;layered_lbfgs:fail;layered_port:fail;layered_port_ml:fail;layered_port_budget:fail;witness:ok"
"layered_port_ml","default","ml-gls","constrained","test","eqmean","equal_intercepts",100,33,"native","ML",2079687798,0.179959569225069,"nonpositive_curvature","false_convergence",5000,"layered",,FALSE,"",0.17200477204536,0.17200477204536,"default:ok;default_port:ok;layered_lbfgs:fail;layered_port:fail;layered_port_ml:fail;layered_port_budget:fail;witness:ok"
"layered_port_ml","default","ml-gls","constrained","test","eqmean","equal_intercepts",100,33,"x100","GLS",2079687798,0.170978699086435,"nonpositive_curvature","false_convergence",5000,"",,FALSE,"",0.158593402241486,0.158593402241457,"default:ok;default_port:ok;layered_lbfgs:fail;layered_port:fail;layered_port_ml:fail;layered_port_budget:fail;witness:ok"
"layered_port_ml","default","ml-gls","constrained","test","eqmean","equal_intercepts",100,33,"x100","ML",2079687798,0.179959182304495,"nonpositive_curvature","false_convergence",5000,"layered",,FALSE,"",0.172004772045399,0.172004772045399,"default:ok;default_port:ok;layered_lbfgs:fail;layered_port:fail;layered_port_ml:fail;layered_port_budget:fail;witness:ok"
"layered_port_ml","default","ml-gls","constrained","test","eqmean","equal_intercepts",100,53,"native","GLS",2079688060,0.0963673325011899,"ill_conditioned","false_convergence",5000,"",,FALSE,"",0.0929441153593155,0.0929441153591684,"default:ok;default_port:ok;layered_lbfgs:fail;layered_port:fail;layered_port_ml:fail;layered_port_budget:fail;witness:ok"
"layered_port_ml","default","ml-gls","constrained","test","eqmean","equal_intercepts",100,53,"native","ML",2079688060,0.0986214995288119,"available","line_search_salvaged",4223,"layered",,FALSE,"",0.0964826369131876,0.0964826369131876,"default:ok;default_port:ok;layered_lbfgs:fail;layered_port:fail;layered_port_ml:fail;layered_port_budget:fail;witness:ok"
"layered_port_ml","default","ml-gls","constrained","test","eqmean","equal_intercepts",100,53,"x0.01","GLS",2079688060,0.0963672521667586,"ill_conditioned","false_convergence",5000,"",,TRUE,"",0.0929441175008776,0.0929441153591684,"default:ok;default_port:fail;layered_lbfgs:fail;layered_port:fail;layered_port_ml:fail;layered_port_budget:fail;witness:ok"
"layered_port_ml","default","ml-gls","constrained","test","eqmean","equal_intercepts",100,53,"x100","GLS",2079688060,0.096367139937031,"nonpositive_curvature","false_convergence",5000,"",,FALSE,"",0.0929441153588967,0.0929441153588967,"default:ok;default_port:ok;layered_lbfgs:fail;layered_port:fail;layered_port_ml:fail;layered_port_budget:fail;witness:ok"
"layered_port_ml","default","ml-gls","constrained","test","eqmean","equal_intercepts",100,53,"x100","ML",2079688060,0.0986231399016977,"available","line_search_salvaged",3674,"layered",,FALSE,"",0.0964826369131776,0.0964826369131776,"default:ok;default_port:ok;layered_lbfgs:fail;layered_port:fail;layered_port_ml:fail;layered_port_budget:fail;witness:ok"
"layered_port_ml","default","ml-gls","constrained","test","eqmean","equal_intercepts",100,62,"native","GLS",2079688190,0.140023429972204,"ill_conditioned","false_convergence",5000,"",,FALSE,"",0.125038183186622,0.125038183186622,"default:ok;default_port:ok;layered_lbfgs:fail;layered_port:fail;layered_port_ml:fail;layered_port_budget:fail;witness:ok"
"layered_port_ml","default","ml-gls","constrained","test","eqmean","equal_intercepts",100,62,"native","ML",2079688190,0.148149995940872,"nonpositive_curvature","false_convergence",5000,"layered",,FALSE,"",0.136347036583903,0.136347036410973,"default:ok;default_port:ok;layered_lbfgs:fail;layered_port:fail;layered_port_ml:fail;layered_port_budget:fail;witness:ok"
"layered_port_ml","default","ml-gls","constrained","test","eqmean","equal_intercepts",100,62,"x0.01","ML",2079688190,0.148150748397803,"ill_conditioned","false_convergence",5000,"layered",,FALSE,"",0.136347036410393,0.136347036410393,"default:ok;default_port:fail;layered_lbfgs:fail;layered_port:fail;layered_port_ml:fail;layered_port_budget:fail;witness:ok"
"layered_port_ml","default","ml-gls","constrained","test","eqmean","equal_intercepts",100,62,"x100","GLS",2079688190,0.140024580458534,"nonpositive_curvature","false_convergence",5000,"",,FALSE,"",0.125038183186699,0.125038183186699,"default:ok;default_port:ok;layered_lbfgs:fail;layered_port:fail;layered_port_ml:fail;layered_port_budget:fail;witness:ok"
"layered_port_ml","default","ml-gls","constrained","test","eqmean","equal_intercepts",100,62,"x100","ML",2079688190,0.148150330741594,"ill_conditioned","false_convergence",5000,"layered",,FALSE,"",0.136347038756601,0.136347036410898,"default:ok;default_port:ok;layered_lbfgs:fail;layered_port:fail;layered_port_ml:fail;layered_port_budget:fail;witness:ok"
"layered_port_ml","default","ml-gls","constrained","test","eqmean","equal_intercepts",100,68,"native","ML",2079688196,0.17811990200736,"ill_conditioned","singular_convergence",858,"layered",,FALSE,"",0.170142969054383,0.170142969054383,"default:ok;default_port:ok;layered_lbfgs:fail;layered_port:fail;layered_port_ml:fail;layered_port_budget:fail;witness:ok"
"layered_port_ml","default","ml-gls","constrained","test","eqmean","equal_intercepts",100,68,"x100","ML",2079688196,0.178120388054721,"ill_conditioned","line_search_salvaged",540,"layered",,FALSE,"",0.170142969054381,0.170142969054381,"default:ok;default_port:ok;layered_lbfgs:fail;layered_port:fail;layered_port_ml:fail;layered_port_budget:fail;witness:ok"
"layered_port_ml","default","ml-gls","constrained","test","eqmean","equal_intercepts",25,10,"x100","GLS",486840311,0.793817383818844,"ill_conditioned","false_convergence",5000,"",,FALSE,"",0.676622698677154,0.676622698677154,"default:ok;default_port:ok;layered_lbfgs:fail;layered_port:fail;layered_port_ml:fail;layered_port_budget:fail;witness:fail"
"layered_port_ml","default","ml-gls","constrained","test","eqmean","equal_intercepts",25,18,"native","GLS",486840319,0.437289681868101,"ill_conditioned","false_convergence",5000,"",,FALSE,"",0.428454990271597,0.428454990271597,"default:ok;default_port:ok;layered_lbfgs:fail;layered_port:fail;layered_port_ml:fail;layered_port_budget:fail;witness:ok"
"layered_port_ml","default","ml-gls","constrained","test","eqmean","equal_intercepts",25,27,"native","ML",486840449,0.597614305711992,"ill_conditioned","singular_convergence",1132,"layered",,FALSE,"",0.591456147834294,0.591456147834294,"default:ok;default_port:ok;layered_lbfgs:fail;layered_port:fail;layered_port_ml:fail;layered_port_budget:fail;witness:ok"
"layered_port_ml","default","ml-gls","constrained","test","eqmean","equal_intercepts",25,27,"x0.01","ML",486840449,0.597614500989981,"ill_conditioned","singular_convergence",1012,"layered",,FALSE,"",0.624009126927201,0.591456147836368,"default:ok;default_port:fail;layered_lbfgs:fail;layered_port:fail;layered_port_ml:fail;layered_port_budget:fail;witness:ok"
"layered_port_ml","default","ml-gls","constrained","test","eqmean","equal_intercepts",25,27,"x100","ML",486840449,0.597614644591148,"ill_conditioned","singular_convergence",1048,"layered",,FALSE,"",0.591456147834491,0.591456147834491,"default:ok;default_port:ok;layered_lbfgs:fail;layered_port:fail;layered_port_ml:fail;layered_port_budget:fail;witness:ok"
"layered_port_ml","default","ml-gls","constrained","test","eqmean","equal_intercepts",25,29,"native","GLS",486840451,1.51790271786695,"ill_conditioned","false_convergence",5000,"",,FALSE,"",1.49388795564977,1.49388795564977,"default:ok;default_port:ok;layered_lbfgs:fail;layered_port:fail;layered_port_ml:fail;layered_port_budget:fail;witness:fail"
"layered_port_ml","default","ml-gls","constrained","test","eqmean","equal_intercepts",25,29,"x100","GLS",486840451,1.51789038867239,"ill_conditioned","singular_convergence",4230,"",,FALSE,"",1.49388795564996,1.49388795564996,"default:ok;default_port:ok;layered_lbfgs:fail;layered_port:fail;layered_port_ml:fail;layered_port_budget:fail;witness:fail"
"layered_port_ml","default","ml-gls","constrained","test","eqmean","equal_intercepts",25,3,"native","GLS",1233191700,0.475174813954957,"ill_conditioned","singular_convergence",1459,"",,FALSE,"",0.466035551329584,0.466035551329584,"default:ok;default_port:ok;layered_lbfgs:fail;layered_port:fail;layered_port_ml:fail;layered_port_budget:fail;witness:ok"
"layered_port_ml","default","ml-gls","constrained","test","eqmean","equal_intercepts",25,3,"x0.01","GLS",1233191700,0.475174601001251,"ill_conditioned","singular_convergence",1404,"",,FALSE,"",0.466035551329541,0.466035551329541,"default:ok;default_port:fail;layered_lbfgs:fail;layered_port:fail;layered_port_ml:fail;layered_port_budget:fail;witness:ok"
"layered_port_ml","default","ml-gls","constrained","test","eqmean","equal_intercepts",25,3,"x100","GLS",1233191700,0.475174319467967,"ill_conditioned","singular_convergence",1574,"",,FALSE,"",0.466035551330787,0.466035551330787,"default:ok;default_port:ok;layered_lbfgs:fail;layered_port:fail;layered_port_ml:fail;layered_port_budget:fail;witness:ok"
"layered_port_ml","default","ml-gls","constrained","test","eqmean","equal_intercepts",25,30,"native","GLS",486840573,0.499561455299857,"nonpositive_curvature","false_convergence",5000,"",,FALSE,"",0.436038034362126,0.436036710579204,"default:ok;default_port:ok;layered_lbfgs:fail;layered_port:fail;layered_port_ml:fail;layered_port_budget:fail;witness:ok"
"layered_port_ml","default","ml-gls","constrained","test","eqmean","equal_intercepts",25,30,"x100","GLS",486840573,0.499561110992938,"ill_conditioned","false_convergence",5000,"",,FALSE,"",0.436038972855403,0.436036710581072,"default:ok;default_port:ok;layered_lbfgs:fail;layered_port:fail;layered_port_ml:fail;layered_port_budget:fail;witness:ok"
"layered_port_ml","default","ml-gls","constrained","test","eqmean","equal_intercepts",25,32,"native","GLS",486840575,0.42566287344262,"ill_conditioned","false_convergence",5000,"",,FALSE,"",0.416569125050421,0.416569125050421,"default:ok;default_port:ok;layered_lbfgs:fail;layered_port:fail;layered_port_ml:fail;layered_port_budget:fail;witness:ok"
"layered_port_ml","default","ml-gls","constrained","test","eqmean","equal_intercepts",25,32,"native","ML",486840575,0.543050906516098,"ill_conditioned","singular_convergence",809,"layered",,FALSE,"",0.574574476950035,0.574574476950035,"default:ok;default_port:ok;layered_lbfgs:fail;layered_port:fail;layered_port_ml:fail;layered_port_budget:fail;witness:ok"
"layered_port_ml","default","ml-gls","constrained","test","eqmean","equal_intercepts",25,32,"x0.01","GLS",486840575,0.425660757867534,"nonpositive_curvature","false_convergence",5000,"",,FALSE,"",0.416569125050519,0.416569125050519,"default:ok;default_port:fail;layered_lbfgs:fail;layered_port:fail;layered_port_ml:fail;layered_port_budget:fail;witness:ok"
"layered_port_ml","default","ml-gls","constrained","test","eqmean","equal_intercepts",25,32,"x100","GLS",486840575,0.42566142322529,"ill_conditioned","false_convergence",5000,"",,FALSE,"",0.416569125050387,0.416569125050387,"default:ok;default_port:ok;layered_lbfgs:fail;layered_port:fail;layered_port_ml:fail;layered_port_budget:fail;witness:ok"
"layered_port_ml","default","ml-gls","constrained","test","eqmean","equal_intercepts",25,32,"x100","ML",486840575,0.543051206832735,"ill_conditioned","singular_convergence",614,"layered",,FALSE,"",0.574574476950032,0.574574476950032,"default:ok;default_port:ok;layered_lbfgs:fail;layered_port:fail;layered_port_ml:fail;layered_port_budget:fail;witness:ok"
"layered_port_ml","default","ml-gls","constrained","test","eqmean","equal_intercepts",25,38,"native","ML",486840581,0.490604274614259,"available","singular_convergence",1048,"layered",,FALSE,"",0.608473747346028,0.608473747346028,"default:ok;default_port:ok;layered_lbfgs:fail;layered_port:fail;layered_port_ml:fail;layered_port_budget:fail;witness:ok"
"layered_port_ml","default","ml-gls","constrained","test","eqmean","equal_intercepts",25,38,"x100","ML",486840581,0.490572931644803,"available","singular_convergence",2083,"layered",,FALSE,"",0.608473747346024,0.608473747346024,"default:ok;default_port:ok;layered_lbfgs:fail;layered_port:fail;layered_port_ml:fail;layered_port_budget:fail;witness:ok"
"layered_port_ml","default","ml-gls","constrained","test","eqmean","equal_intercepts",25,39,"native","GLS",486840582,0.614518685813655,"ill_conditioned","false_convergence",5000,"",,FALSE,"",0.579283402129615,0.5792834021281,"default:ok;default_port:ok;layered_lbfgs:fail;layered_port:fail;layered_port_ml:fail;layered_port_budget:fail;witness:ok"
"layered_port_ml","default","ml-gls","constrained","test","eqmean","equal_intercepts",25,39,"x100","GLS",486840582,0.614517759526879,"nonpositive_curvature","false_convergence",5000,"",,FALSE,"",0.579283402128021,0.579283402128021,"default:ok;default_port:ok;layered_lbfgs:fail;layered_port:fail;layered_port_ml:fail;layered_port_budget:fail;witness:ok"
"layered_port_ml","default","ml-gls","constrained","test","eqmean","equal_intercepts",25,40,"x100","ML",486840704,0.744038894576792,"available","noisy_objective",4244,"layered",,FALSE,"",0.729475237856068,0.729475237856068,"default:ok;default_port:ok;layered_lbfgs:fail;layered_port:ok;layered_port_ml:fail;layered_port_budget:fail;witness:ok"
"layered_port_ml","default","ml-gls","constrained","test","eqmean","equal_intercepts",25,42,"native","ML",486840706,0.515619480688455,"ill_conditioned","singular_convergence",888,"layered",,FALSE,"",0.486285296090273,0.486285296090273,"default:ok;default_port:ok;layered_lbfgs:fail;layered_port:fail;layered_port_ml:fail;layered_port_budget:fail;witness:ok"
"layered_port_ml","default","ml-gls","constrained","test","eqmean","equal_intercepts",25,42,"x0.01","ML",486840706,0.515618199164166,"ill_conditioned","singular_convergence",1052,"layered",,FALSE,"",0.486285296090273,0.486285296090273,"default:ok;default_port:fail;layered_lbfgs:fail;layered_port:fail;layered_port_ml:fail;layered_port_budget:fail;witness:ok"
"layered_port_ml","default","ml-gls","constrained","test","eqmean","equal_intercepts",25,42,"x100","ML",486840706,0.515618417888144,"ill_conditioned","singular_convergence",897,"layered",,FALSE,"",0.486285296090275,0.486285296090275,"default:ok;default_port:ok;layered_lbfgs:fail;layered_port:fail;layered_port_ml:fail;layered_port_budget:fail;witness:ok"
"layered_port_ml","default","ml-gls","constrained","test","eqmean","equal_intercepts",25,65,"native","GLS",486840971,0.56319722583024,"ill_conditioned","singular_convergence",792,"",,FALSE,"",0.54123948117433,0.54123948117433,"default:ok;default_port:ok;layered_lbfgs:fail;layered_port:fail;layered_port_ml:fail;layered_port_budget:fail;witness:ok"
"layered_port_ml","default","ml-gls","constrained","test","eqmean","equal_intercepts",25,65,"native","ML",486840971,0.708841577197833,"ill_conditioned","singular_convergence",1164,"layered",,FALSE,"",0.712196615108372,0.712196615108372,"default:ok;default_port:ok;layered_lbfgs:fail;layered_port:fail;layered_port_ml:fail;layered_port_budget:fail;witness:ok"
"layered_port_ml","default","ml-gls","constrained","test","eqmean","equal_intercepts",25,65,"x0.01","ML",486840971,0.708859252432662,"available","singular_convergence",524,"layered",,FALSE,"",0.708192522629426,0.708192522629426,"default:ok;default_port:fail;layered_lbfgs:fail;layered_port:fail;layered_port_ml:fail;layered_port_budget:fail;witness:ok"
"layered_port_ml","default","ml-gls","constrained","test","eqmean","equal_intercepts",25,65,"x100","GLS",486840971,0.56319729449415,"ill_conditioned","singular_convergence",770,"",,FALSE,"",0.541239481173173,0.541239481173173,"default:ok;default_port:ok;layered_lbfgs:fail;layered_port:fail;layered_port_ml:fail;layered_port_budget:fail;witness:ok"
"layered_port_ml","default","ml-gls","constrained","test","eqmean","equal_intercepts",25,65,"x100","ML",486840971,0.708841027718051,"ill_conditioned","singular_convergence",1328,"layered",,FALSE,"",0.71219661510838,0.71219661510838,"default:ok;default_port:ok;layered_lbfgs:fail;layered_port:fail;layered_port_ml:fail;layered_port_budget:fail;witness:ok"
"layered_port_ml","default","ml-gls","constrained","test","eqmean","equal_intercepts",25,71,"native","GLS",486841098,0.765118338154788,"nonpositive_curvature","false_convergence",5000,"",,FALSE,"",0.715547751751832,0.71554775165487,"default:ok;default_port:ok;layered_lbfgs:fail;layered_port:fail;layered_port_ml:fail;layered_port_budget:fail;witness:ok"
"layered_port_ml","default","ml-gls","constrained","test","eqmean","equal_intercepts",25,71,"native","ML",486841098,0.782027616012032,"available","line_search_salvaged",3253,"layered",,FALSE,"",0.781252593968324,0.781252593968324,"default:ok;default_port:ok;layered_lbfgs:fail;layered_port:ok;layered_port_ml:fail;layered_port_budget:fail;witness:ok"
"layered_port_ml","default","ml-gls","constrained","test","eqmean","equal_intercepts",25,71,"x100","GLS",486841098,0.765117457954338,"ill_conditioned","false_convergence",5000,"",,FALSE,"",0.715547751653399,0.715547751653399,"default:ok;default_port:ok;layered_lbfgs:fail;layered_port:fail;layered_port_ml:fail;layered_port_budget:fail;witness:ok"
"layered_port_ml","default","ml-gls","constrained","test","eqmean","equal_intercepts",25,71,"x100","ML",486841098,0.782033809391656,"available","line_search_salvaged",2800,"layered",,FALSE,"",0.78125259396832,0.78125259396832,"default:ok;default_port:ok;layered_lbfgs:fail;layered_port:ok;layered_port_ml:fail;layered_port_budget:fail;witness:ok"
"layered_port_ml","default","ml-gls","constrained","test","eqmean","equal_intercepts",25,94,"native","GLS",486841363,0.502239839292868,"ill_conditioned","singular_convergence",780,"",,FALSE,"",0.473046232810079,0.473046232810079,"default:ok;default_port:ok;layered_lbfgs:fail;layered_port:fail;layered_port_ml:fail;layered_port_budget:fail;witness:fail"
"layered_port_ml","default","ml-gls","constrained","test","eqmean","equal_intercepts",25,94,"x100","GLS",486841363,0.50224014136271,"ill_conditioned","singular_convergence",681,"",,FALSE,"",0.473046232810654,0.473046232810654,"default:ok;default_port:ok;layered_lbfgs:fail;layered_port:fail;layered_port_ml:fail;layered_port_budget:fail;witness:fail"
"layered_port_ml","default","ml-gls","constrained","test","eqmean","equal_intercepts",25,95,"native","ML",486841364,0.745312890563165,"available","singular_convergence",1512,"layered",,FALSE,"",0.801285080902049,0.801285080902049,"default:ok;default_port:ok;layered_lbfgs:fail;layered_port:fail;layered_port_ml:fail;layered_port_budget:fail;witness:fail"
"layered_port_ml","default","ml-gls","constrained","test","eqmean","equal_intercepts",25,95,"x100","ML",486841364,0.745587575081178,"available","singular_convergence",1120,"layered",,FALSE,"",0.80128508090204,0.80128508090204,"default:ok;default_port:ok;layered_lbfgs:fail;layered_port:fail;layered_port_ml:fail;layered_port_budget:fail;witness:fail"
"layered_port_ml","default","ml-gls","constrained","test","eqmean","equal_intercepts",25,98,"native","ML",486841367,0.390518620496376,"nonpositive_curvature","false_convergence",5000,"layered",,FALSE,"",0.387421424456161,0.387421419992363,"default:ok;default_port:ok;layered_lbfgs:fail;layered_port:fail;layered_port_ml:fail;layered_port_budget:fail;witness:ok"
"layered_port_ml","default","ml-gls","constrained","test","eqmean","equal_intercepts",25,98,"x100","ML",486841367,0.390521845752962,"available","false_convergence",5000,"layered",,FALSE,"",0.387421970329611,0.387421419988416,"default:ok;default_port:ok;layered_lbfgs:fail;layered_port:fail;layered_port_ml:fail;layered_port_budget:fail;witness:ok"
"layered_port_ml","default","ml-gls","engineering15","test","high_r2","sem",25,13,"native","GLS",263473084,0.250109721780044,"available","singular_convergence",430,"",,FALSE,"",0.206236962174251,0.206236962174251,"default:ok;default_port:ok;layered_lbfgs:fail;layered_port:fail;layered_port_ml:fail;layered_port_budget:fail;witness:ok"
"layered_port_ml","default","ml-gls","engineering15","test","high_r2","sem",25,13,"native","ML",263473084,0.340318372946174,"ill_conditioned","singular_convergence",1003,"layered",,FALSE,"",0.287719966089104,0.287719966089104,"default:ok;default_port:ok;layered_lbfgs:fail;layered_port:fail;layered_port_ml:fail;layered_port_budget:fail;witness:ok"
"layered_port_ml","default","ml-gls","engineering15","test","high_r2","sem",25,13,"x0.01","GLS",263473084,0.249976834555946,"available","singular_convergence",425,"",,FALSE,"",0.206236962174249,0.206236962174249,"default:ok;default_port:fail;layered_lbfgs:fail;layered_port:fail;layered_port_ml:fail;layered_port_budget:fail;witness:ok"
"layered_port_ml","default","ml-gls","engineering15","test","high_r2","sem",25,13,"x0.01","ML",263473084,0.340318414611765,"ill_conditioned","singular_convergence",1033,"layered",,FALSE,"",0.287719966089103,0.287719966089103,"default:ok;default_port:ok;layered_lbfgs:fail;layered_port:fail;layered_port_ml:fail;layered_port_budget:fail;witness:ok"
"layered_port_ml","default","ml-gls","engineering15","test","high_r2","sem",25,13,"x100","GLS",263473084,0.250019981729905,"available","singular_convergence",433,"",,FALSE,"",0.206236962174252,0.206236962174252,"default:ok;default_port:ok;layered_lbfgs:fail;layered_port:fail;layered_port_ml:fail;layered_port_budget:fail;witness:ok"
"layered_port_ml","default","ml-gls","engineering15","test","high_r2","sem",25,13,"x100","ML",263473084,0.340318526224543,"ill_conditioned","singular_convergence",964,"layered",,FALSE,"",0.287719966089103,0.287719966089103,"default:ok;default_port:ok;layered_lbfgs:fail;layered_port:fail;layered_port_ml:fail;layered_port_budget:fail;witness:ok"
"layered_port_ml","default","ml-gls","engineering15","test","high_r2","sem",25,25,"native","GLS",263473217,0.186563545935434,"ill_conditioned","false_convergence",5000,"",,FALSE,"",0.131313685101139,0.131313685101139,"default:ok;default_port:ok;layered_lbfgs:fail;layered_port:fail;layered_port_ml:fail;layered_port_budget:fail;witness:ok"
"layered_port_ml","default","ml-gls","engineering15","test","high_r2","sem",25,25,"x0.01","GLS",263473217,0.186562821366599,"nonpositive_curvature","false_convergence",5000,"",,FALSE,"",0.131313685101144,0.131313685101144,"default:ok;default_port:ok;layered_lbfgs:fail;layered_port:fail;layered_port_ml:fail;layered_port_budget:fail;witness:ok"
"layered_port_ml","default","ml-gls","engineering15","test","high_r2","sem",25,25,"x100","GLS",263473217,0.186563250406664,"ill_conditioned","false_convergence",5000,"",,FALSE,"",0.13131368510116,0.13131368510116,"default:ok;default_port:ok;layered_lbfgs:fail;layered_port:fail;layered_port_ml:fail;layered_port_budget:fail;witness:ok"
"layered_port_ml","default","ml-gls","engineering15","test","high_r2","sem",25,29,"native","ML",263473221,0.56436251269148,"available","singular_convergence",2597,"layered",,FALSE,"",0.401849137198527,0.401849137198527,"default:ok;default_port:ok;layered_lbfgs:fail;layered_port:fail;layered_port_ml:fail;layered_port_budget:fail;witness:ok"
"layered_port_ml","default","ml-gls","engineering15","test","high_r2","sem",25,29,"x100","ML",263473221,0.564420847821271,"available","singular_convergence",2027,"layered",,FALSE,"",0.401849137198536,0.401849137198536,"default:ok;default_port:ok;layered_lbfgs:fail;layered_port:fail;layered_port_ml:fail;layered_port_budget:fail;witness:ok"
"layered_port_ml","default","ml-gls","engineering15","test","high_r2","sem",25,39,"x0.01","GLS",263473352,0.199867612929151,"nonpositive_curvature","false_convergence",5000,"",,FALSE,"",0.278387684654129,0.278387684654129,"default:ok;default_port:fail;layered_lbfgs:fail;layered_port:fail;layered_port_ml:fail;layered_port_budget:fail;witness:ok"
"layered_port_ml","default","ml-gls","engineering15","test","high_r2","sem",25,42,"native","ML",263473476,0.427112350894236,"available","noisy_objective",930,"layered",,TRUE,"",0.173196619634798,0.173196619634798,"default:ok;default_port:ok;layered_lbfgs:fail;layered_port:fail;layered_port_ml:fail;layered_port_budget:fail;witness:ok"
"layered_port_ml","default","ml-gls","engineering15","test","high_r2","sem",25,42,"x100","ML",263473476,0.427178602220962,"available","noisy_objective",586,"layered",,FALSE,"",0.173196619634801,0.173196619634801,"default:ok;default_port:ok;layered_lbfgs:fail;layered_port:fail;layered_port_ml:fail;layered_port_budget:fail;witness:ok"
"layered_port_ml","default","ml-gls","engineering15","test","high_r2","sem",25,63,"native","ML",263473739,0.236058653705926,"nonpositive_curvature","noisy_objective",2586,"layered",,FALSE,"",0.172922277395083,0.172922277395083,"default:ok;default_port:ok;layered_lbfgs:fail;layered_port:fail;layered_port_ml:fail;layered_port_budget:fail;witness:ok"
"layered_port_ml","default","ml-gls","engineering15","test","high_r2","sem",25,63,"x100","ML",263473739,0.238443490496351,"nonpositive_curvature","line_search_salvaged",1727,"layered",,FALSE,"",0.172922277395088,0.172922277395088,"default:ok;default_port:ok;layered_lbfgs:fail;layered_port:fail;layered_port_ml:fail;layered_port_budget:fail;witness:ok"
"layered_port_ml","default","ml-gls","engineering15","test","high_r2","sem",25,66,"native","ML",263473742,0.212546415246855,"available","noisy_objective",528,"layered",,TRUE,"",0.156662217821069,0.156662217821069,"default:ok;default_port:ok;layered_lbfgs:fail;layered_port:fail;layered_port_ml:fail;layered_port_budget:fail;witness:ok"
"layered_port_ml","default","ml-gls","engineering15","test","high_r2","sem",25,66,"x100","ML",263473742,0.212597041914105,"nonpositive_curvature","noisy_objective",610,"layered",,TRUE,"",0.156662217821065,0.156662217821065,"default:ok;default_port:ok;layered_lbfgs:fail;layered_port:fail;layered_port_ml:fail;layered_port_budget:fail;witness:ok"
"layered_port_ml","default","ml-gls","engineering15","test","high_r2","sem",25,81,"x0.01","ML",263473999,0.305525717031163,"nonpositive_curvature","false_convergence",5000,"layered",,FALSE,"",0.208457596474588,0.208457596474588,"default:ok;default_port:ok;layered_lbfgs:fail;layered_port:fail;layered_port_ml:fail;layered_port_budget:fail;witness:ok"
"layered_port_ml","default","ml-gls","engineering15","test","high_r2","sem",25,81,"x100","ML",263473999,0.305525867069203,"available","false_convergence",5000,"layered",,FALSE,"",0.208457596474581,0.208457596474581,"default:ok;default_port:ok;layered_lbfgs:fail;layered_port:fail;layered_port_ml:fail;layered_port_budget:fail;witness:ok"
"layered_port_ml","default","ml-gls","engineering15","test","high_r2","sem",25,85,"native","GLS",263474003,0.190560253138786,"ill_conditioned","singular_convergence",853,"",,FALSE,"",0.112395732912796,0.112395732912796,"default:ok;default_port:ok;layered_lbfgs:fail;layered_port:fail;layered_port_ml:fail;layered_port_budget:fail;witness:ok"
"layered_port_ml","default","ml-gls","engineering15","test","high_r2","sem",25,85,"x0.01","GLS",263474003,0.19056028592408,"nonpositive_curvature","noisy_objective",988,"",,FALSE,"",0.112395732912789,0.112395732912789,"default:ok;default_port:ok;layered_lbfgs:fail;layered_port:fail;layered_port_ml:fail;layered_port_budget:fail;witness:ok"
"layered_port_ml","default","ml-gls","engineering15","test","high_r2","sem",25,85,"x100","GLS",263474003,0.190560409245336,"ill_conditioned","singular_convergence",814,"",,FALSE,"",0.112395732912788,0.112395732912788,"default:ok;default_port:ok;layered_lbfgs:fail;layered_port:fail;layered_port_ml:fail;layered_port_budget:fail;witness:ok"
"layered_port_ml","default","ml-gls","engineering15","test","high_r2","sem",25,95,"native","GLS",263474134,0.152737201275164,"ill_conditioned","singular_convergence",640,"",,FALSE,"",0.057354109234654,0.057354109234654,"default:ok;default_port:ok;layered_lbfgs:fail;layered_port:fail;layered_port_ml:fail;layered_port_budget:fail;witness:ok"
"layered_port_ml","default","ml-gls","engineering15","test","high_r2","sem",25,95,"x0.01","GLS",263474134,0.152736757559595,"ill_conditioned","singular_convergence",714,"",,FALSE,"",0.0573541092346391,0.0573541092346391,"default:ok;default_port:ok;layered_lbfgs:fail;layered_port:fail;layered_port_ml:fail;layered_port_budget:fail;witness:ok"
"layered_port_ml","default","ml-gls","engineering15","test","high_r2","sem",25,95,"x100","GLS",263474134,0.152736484745909,"ill_conditioned","noisy_objective",875,"",,FALSE,"",0.0573541092346427,0.0573541092346427,"default:ok;default_port:ok;layered_lbfgs:fail;layered_port:fail;layered_port_ml:fail;layered_port_budget:fail;witness:ok"
"layered_port_ml","default","ml-gls","engineering15","test","weak_marker","sem",100,26,"native","ML",1901200859,0.0338009751631501,"available","line_search_salvaged",2231,"layered",,FALSE,"",0.0336887436394,0.0336885468597212,"default:ok;default_port:ok;layered_lbfgs:fail;layered_port:ok;layered_port_ml:fail;layered_port_budget:fail;witness:fail"
"layered_port_ml","default","ml-gls","engineering15","test","weak_marker","sem",100,26,"x100","ML",1901200859,0.0337983372379114,"available","line_search_salvaged",2686,"layered",,FALSE,"",0.033688609619329,0.033688609619329,"default:ok;default_port:fail;layered_lbfgs:fail;layered_port:fail;layered_port_ml:fail;layered_port_budget:fail;witness:fail"
"layered_port_ml","default","ml-gls","engineering15","test","weak_marker","sem",100,28,"native","ML",1901200861,0.0831039718853557,"nonpositive_curvature","noisy_objective",2703,"layered",,FALSE,"",0.0649778127466121,0.0649778127466121,"default:ok;default_port:ok;layered_lbfgs:fail;layered_port:fail;layered_port_ml:fail;layered_port_budget:fail;witness:fail"
"layered_port_ml","default","ml-gls","engineering15","test","weak_marker","sem",100,28,"x100","ML",1901200861,0.0830877656098785,"nonpositive_curvature","noisy_objective",2664,"layered",,FALSE,"",0.0649778127466121,0.0649778127466121,"default:ok;default_port:fail;layered_lbfgs:fail;layered_port:fail;layered_port_ml:fail;layered_port_budget:fail;witness:fail"
"layered_port_ml","default","ml-gls","engineering15","test","weak_marker","sem",100,34,"x100","GLS",1901200988,0.0136975170712699,"ill_conditioned","false_convergence",5000,"",,FALSE,"",0.0136147736525517,0.0136144665600757,"default:ok;default_port:ok;layered_lbfgs:fail;layered_port:fail;layered_port_ml:fail;layered_port_budget:fail;witness:fail"
"layered_port_ml","default","ml-gls","engineering15","test","weak_marker","sem",100,35,"native","GLS",1901200989,0.0458466328458393,"available","noisy_objective",1349,"",,FALSE,"",0.0315471340169831,0.0315471340169831,"default:ok;default_port:ok;layered_lbfgs:fail;layered_port:fail;layered_port_ml:fail;layered_port_budget:fail;witness:ok"
"layered_port_ml","default","ml-gls","engineering15","test","weak_marker","sem",100,35,"x100","GLS",1901200989,0.0458554030731676,"available","noisy_objective",1211,"",,FALSE,"",0.0315471340169844,0.0315471340169844,"default:ok;default_port:ok;layered_lbfgs:fail;layered_port:fail;layered_port_ml:fail;layered_port_budget:fail;witness:ok"
"layered_port_ml","default","ml-gls","engineering15","test","weak_marker","sem",100,43,"native","GLS",1901201118,0.0450137528284648,"ill_conditioned","false_convergence",5000,"",,FALSE,"",0.0435164887417366,0.0435164887417366,"default:ok;default_port:ok;layered_lbfgs:fail;layered_port:fail;layered_port_ml:fail;layered_port_budget:fail;witness:ok"
"layered_port_ml","default","ml-gls","engineering15","test","weak_marker","sem",100,43,"native","ML",1901201118,0.050799242256419,"available","line_search_salvaged",4701,"layered",,FALSE,"",0.0505177764863824,0.0505177764710281,"default:ok;default_port:ok;layered_lbfgs:fail;layered_port:ok;layered_port_ml:fail;layered_port_budget:fail;witness:ok"
"layered_port_ml","default","ml-gls","engineering15","test","weak_marker","sem",100,43,"x100","GLS",1901201118,0.045013509901199,"ill_conditioned","false_convergence",5000,"",,FALSE,"",0.0435164887417364,0.0435164887417364,"default:ok;default_port:ok;layered_lbfgs:fail;layered_port:fail;layered_port_ml:fail;layered_port_budget:fail;witness:ok"
"layered_port_ml","default","ml-gls","engineering15","test","weak_marker","sem",100,43,"x100","ML",1901201118,0.050806411228983,"available","line_search_salvaged",2466,"layered",,FALSE,"",0.0505177764780811,0.050517776470965,"default:ok;default_port:ok;layered_lbfgs:fail;layered_port:ok;layered_port_ml:fail;layered_port_budget:fail;witness:ok"
"layered_port_ml","default","ml-gls","engineering15","test","weak_marker","sem",100,44,"native","ML",1901201119,0.0357727299496271,"available","line_search_salvaged",2592,"layered",,FALSE,"",0.0354656532095623,0.0354656532095623,"default:ok;default_port:ok;layered_lbfgs:fail;layered_port:fail;layered_port_ml:fail;layered_port_budget:fail;witness:ok"
"layered_port_ml","default","ml-gls","engineering15","test","weak_marker","sem",100,44,"x100","ML",1901201119,0.0357845377337469,"available","line_search_salvaged",1277,"layered",,FALSE,"",0.0354656532095561,0.0354656532095561,"default:ok;default_port:ok;layered_lbfgs:fail;layered_port:fail;layered_port_ml:fail;layered_port_budget:fail;witness:ok"
"layered_port_ml","default","ml-gls","engineering15","test","weak_marker","sem",100,45,"x100","GLS",1901201120,0.0413458205245012,"nonpositive_curvature","singular_convergence",1409,"",,FALSE,"",0.0349935793819291,0.034993526359633,"default:ok;default_port:ok;layered_lbfgs:fail;layered_port:fail;layered_port_ml:fail;layered_port_budget:fail;witness:ok"
"layered_port_ml","default","ml-gls","engineering15","test","weak_marker","sem",100,45,"x100","ML",1901201120,0.0453550800073259,"nonpositive_curvature","singular_convergence",1422,"layered",,FALSE,"",0.0396361207414415,0.0396360005761132,"default:ok;default_port:ok;layered_lbfgs:fail;layered_port:fail;layered_port_ml:fail;layered_port_budget:fail;witness:ok"
"layered_port_ml","default","ml-gls","engineering15","test","weak_marker","sem",100,5,"native","GLS",1686599476,0.0662595432388977,"nonpositive_curvature","false_convergence",5000,"",,FALSE,"",0.0437722687363744,0.0437722687363744,"default:ok;default_port:ok;layered_lbfgs:fail;layered_port:fail;layered_port_ml:fail;layered_port_budget:fail;witness:ok"
"layered_port_ml","default","ml-gls","engineering15","test","weak_marker","sem",100,5,"x100","GLS",1686599476,0.0662588934388737,"ill_conditioned","false_convergence",5000,"",,FALSE,"",0.0437722687363744,0.0437722687363744,"default:ok;default_port:ok;layered_lbfgs:fail;layered_port:fail;layered_port_ml:fail;layered_port_budget:fail;witness:ok"
"layered_port_ml","default","ml-gls","engineering15","test","weak_marker","sem",100,50,"native","GLS",1901201246,0.05251146307495,"nonpositive_curvature","noisy_objective",973,"",,FALSE,"",0.0447268362130496,0.0447266137426003,"default:ok;default_port:ok;layered_lbfgs:fail;layered_port:fail;layered_port_ml:fail;layered_port_budget:fail;witness:ok"
"layered_port_ml","default","ml-gls","engineering15","test","weak_marker","sem",100,50,"native","ML",1901201246,0.0546275752607741,"nonpositive_curvature","false_convergence",5000,"layered",,FALSE,"",0.0525487522767882,0.0525487521148742,"default:ok;default_port:ok;layered_lbfgs:fail;layered_port:fail;layered_port_ml:fail;layered_port_budget:fail;witness:ok"
"layered_port_ml","default","ml-gls","engineering15","test","weak_marker","sem",100,50,"x100","GLS",1901201246,0.0526632065347385,"nonpositive_curvature","noisy_objective",911,"",,FALSE,"",0.0447266137426504,0.0447266137426069,"default:ok;default_port:ok;layered_lbfgs:fail;layered_port:fail;layered_port_ml:fail;layered_port_budget:fail;witness:ok"
"layered_port_ml","default","ml-gls","engineering15","test","weak_marker","sem",100,50,"x100","ML",1901201246,0.0546274822895967,"nonpositive_curvature","false_convergence",5000,"layered",,FALSE,"",0.0525487521147951,0.0525487521147951,"default:ok;default_port:ok;layered_lbfgs:fail;layered_port:fail;layered_port_ml:fail;layered_port_budget:fail;witness:ok"
"layered_port_ml","default","ml-gls","engineering15","test","weak_marker","sem",100,55,"native","GLS",1901201251,0.0414276004554808,"nonpositive_curvature","noisy_objective",670,"",,TRUE,"",0.0268365353544741,0.0268365353544741,"default:ok;default_port:ok;layered_lbfgs:fail;layered_port:fail;layered_port_ml:fail;layered_port_budget:fail;witness:fail"
"layered_port_ml","default","ml-gls","engineering15","test","weak_marker","sem",100,55,"native","ML",1901201251,0.0405148231639254,"nonpositive_curvature","noisy_objective",604,"layered",,TRUE,"",0.0273075000224923,0.0273075000224923,"default:ok;default_port:ok;layered_lbfgs:fail;layered_port:fail;layered_port_ml:fail;layered_port_budget:fail;witness:fail"
"layered_port_ml","default","ml-gls","engineering15","test","weak_marker","sem",100,55,"x100","GLS",1901201251,0.0414234644538041,"nonpositive_curvature","noisy_objective",1052,"",,TRUE,"",0.0268365353544728,0.0268365353544728,"default:ok;default_port:ok;layered_lbfgs:fail;layered_port:fail;layered_port_ml:fail;layered_port_budget:fail;witness:fail"
"layered_port_ml","default","ml-gls","engineering15","test","weak_marker","sem",100,55,"x100","ML",1901201251,0.0405123637087001,"nonpositive_curvature","noisy_objective",1193,"layered",,TRUE,"",0.0273075000224914,0.0273075000224914,"default:ok;default_port:ok;layered_lbfgs:fail;layered_port:fail;layered_port_ml:fail;layered_port_budget:fail;witness:fail"
"layered_port_ml","default","ml-gls","engineering15","test","weak_marker","sem",100,57,"native","GLS",1901201253,0.0349825389441899,"ill_conditioned","false_convergence",5000,"",,FALSE,"",0.0341070652806475,0.0341070652806475,"default:ok;default_port:ok;layered_lbfgs:fail;layered_port:fail;layered_port_ml:fail;layered_port_budget:fail;witness:ok"
"layered_port_ml","default","ml-gls","engineering15","test","weak_marker","sem",100,57,"x100","GLS",1901201253,0.0349817908541533,"ill_conditioned","false_convergence",5000,"",,FALSE,"",0.0341070652806721,0.0341070652806585,"default:ok;default_port:ok;layered_lbfgs:fail;layered_port:fail;layered_port_ml:fail;layered_port_budget:fail;witness:ok"
"layered_port_ml","default","ml-gls","engineering15","test","weak_marker","sem",100,63,"native","GLS",1901201380,0.0324548869786841,"ill_conditioned","false_convergence",5000,"",,FALSE,"",0.029386547616977,0.029386547616977,"default:ok;default_port:ok;layered_lbfgs:fail;layered_port:fail;layered_port_ml:fail;layered_port_budget:fail;witness:ok"
"layered_port_ml","default","ml-gls","engineering15","test","weak_marker","sem",100,63,"native","ML",1901201380,0.035293177791301,"nonpositive_curvature","false_convergence",5000,"layered",,FALSE,"",0.0311636170232479,0.0311636170232479,"default:ok;default_port:ok;layered_lbfgs:fail;layered_port:fail;layered_port_ml:fail;layered_port_budget:fail;witness:ok"
"layered_port_ml","default","ml-gls","engineering15","test","weak_marker","sem",100,63,"x100","GLS",1901201380,0.0324551173642947,"nonpositive_curvature","false_convergence",5000,"",,FALSE,"",0.0293865476169824,0.0293865476169824,"default:ok;default_port:ok;layered_lbfgs:fail;layered_port:fail;layered_port_ml:fail;layered_port_budget:fail;witness:ok"
"layered_port_ml","default","ml-gls","engineering15","test","weak_marker","sem",100,63,"x100","ML",1901201380,0.0352929655688108,"nonpositive_curvature","false_convergence",5000,"layered",,FALSE,"",0.0311636170232497,0.0311636170232497,"default:ok;default_port:ok;layered_lbfgs:fail;layered_port:fail;layered_port_ml:fail;layered_port_budget:fail;witness:ok"
"layered_port_ml","default","ml-gls","engineering15","test","weak_marker","sem",100,68,"native","GLS",1901201385,0.0573345996501437,"nonpositive_curvature","singular_convergence",3524,"",,FALSE,"",0.030095735462207,0.030095735462207,"default:ok;default_port:ok;layered_lbfgs:fail;layered_port:fail;layered_port_ml:fail;layered_port_budget:fail;witness:fail"
"layered_port_ml","default","ml-gls","engineering15","test","weak_marker","sem",100,68,"x100","GLS",1901201385,0.0573284912878024,"nonpositive_curvature","singular_convergence",4058,"",,FALSE,"",0.0300957354622088,0.0300957354622088,"default:ok;default_port:ok;layered_lbfgs:fail;layered_port:fail;layered_port_ml:fail;layered_port_budget:fail;witness:fail"
"layered_port_ml","default","ml-gls","engineering15","test","weak_marker","sem",100,7,"native","GLS",1686599478,0.0537320813605508,"ill_conditioned","singular_convergence",3846,"",,FALSE,"",0.0294186752953155,0.0294185005599641,"default:ok;default_port:ok;layered_lbfgs:fail;layered_port:fail;layered_port_ml:fail;layered_port_budget:fail;witness:ok"
"layered_port_ml","default","ml-gls","engineering15","test","weak_marker","sem",100,75,"native","GLS",1901201513,0.0490789517732498,"ill_conditioned","singular_convergence",1265,"",,FALSE,"",0.0279811866356093,0.0279811866356093,"default:ok;default_port:ok;layered_lbfgs:fail;layered_port:fail;layered_port_ml:fail;layered_port_budget:fail;witness:ok"
"layered_port_ml","default","ml-gls","engineering15","test","weak_marker","sem",100,75,"native","ML",1901201513,0.0490574863685085,"available","singular_convergence",1662,"layered",,FALSE,"",0.0283691476221044,0.0283691476221044,"default:ok;default_port:ok;layered_lbfgs:fail;layered_port:fail;layered_port_ml:fail;layered_port_budget:fail;witness:ok"
"layered_port_ml","default","ml-gls","engineering15","test","weak_marker","sem",100,75,"x100","GLS",1901201513,0.0490831908734188,"ill_conditioned","singular_convergence",1290,"",,FALSE,"",0.0279811866356082,0.0279811866356082,"default:ok;default_port:ok;layered_lbfgs:fail;layered_port:fail;layered_port_ml:fail;layered_port_budget:fail;witness:ok"
"layered_port_ml","default","ml-gls","engineering15","test","weak_marker","sem",100,75,"x100","ML",1901201513,0.049060705459766,"available","singular_convergence",1709,"layered",,FALSE,"",0.028369147622108,0.028369147622108,"default:ok;default_port:ok;layered_lbfgs:fail;layered_port:fail;layered_port_ml:fail;layered_port_budget:fail;witness:ok"
"layered_port_ml","default","ml-gls","engineering15","test","weak_marker","sem",100,90,"native","ML",1901201770,0.0384401332178443,"available","line_search_salvaged",3392,"layered",,FALSE,"",0.0305343584027384,0.0305342580595274,"default:ok;default_port:ok;layered_lbfgs:fail;layered_port:ok;layered_port_ml:fail;layered_port_budget:fail;witness:ok"
"layered_port_ml","default","ml-gls","engineering15","test","weak_marker","sem",100,90,"x100","ML",1901201770,0.0384431429382737,"available","line_search_salvaged",2479,"layered",,FALSE,"",0.0305342740853725,0.0305342580595038,"default:ok;default_port:ok;layered_lbfgs:fail;layered_port:fail;layered_port_ml:fail;layered_port_budget:fail;witness:ok"
"layered_port_ml","default","ml-gls","engineering15","test","weak_marker","sem",100,94,"native","GLS",1901201774,0.0345425364844933,"nonpositive_curvature","false_convergence",5000,"",,FALSE,"",0.0175552135466643,0.0175552135466643,"default:ok;default_port:ok;layered_lbfgs:fail;layered_port:fail;layered_port_ml:fail;layered_port_budget:fail;witness:ok"
"layered_port_ml","default","ml-gls","engineering15","test","weak_marker","sem",100,94,"native","ML",1901201774,0.0397028987595869,"nonpositive_curvature","false_convergence",5000,"layered",,FALSE,"",0.018142467949775,0.018142467949775,"default:ok;default_port:ok;layered_lbfgs:fail;layered_port:fail;layered_port_ml:fail;layered_port_budget:fail;witness:ok"
"layered_port_ml","default","ml-gls","engineering15","test","weak_marker","sem",100,94,"x100","GLS",1901201774,0.0345362721093194,"nonpositive_curvature","false_convergence",5000,"",,FALSE,"",0.0175552135466659,0.0175552135466659,"default:ok;default_port:ok;layered_lbfgs:fail;layered_port:fail;layered_port_ml:fail;layered_port_budget:fail;witness:ok"
"layered_port_ml","default","ml-gls","engineering15","test","weak_marker","sem",100,94,"x100","ML",1901201774,0.0397218115291302,"available","noisy_objective",3815,"layered",,FALSE,"",0.0181424679497759,0.0181424679497759,"default:ok;default_port:ok;layered_lbfgs:fail;layered_port:fail;layered_port_ml:fail;layered_port_budget:fail;witness:ok"
"layered_port_ml","default","ml-gls","engineering15","test","weak_marker","sem",100,95,"x100","ML",1901201775,0.0288351626675016,"nonpositive_curvature","false_convergence",5000,"layered",,FALSE,"",0.0275520512787359,0.0275520512787359,"default:ok;default_port:ok;layered_lbfgs:fail;layered_port:fail;layered_port_ml:fail;layered_port_budget:fail;witness:ok"
"layered_port_ml","default","ml-gls","engineering15","test","weak_marker","sem",100,98,"native","GLS",1901201778,0.0331932219675709,"nonpositive_curvature","false_convergence",5000,"",,FALSE,"",0.0311225100841938,0.0311225100841938,"default:ok;default_port:ok;layered_lbfgs:fail;layered_port:fail;layered_port_ml:fail;layered_port_budget:fail;witness:fail"
"layered_port_ml","default","ml-gls","engineering15","test","weak_marker","sem",100,98,"x100","GLS",1901201778,0.0331932373895477,"nonpositive_curvature","false_convergence",5000,"",,FALSE,"",0.0311225100841941,0.0311225100841941,"default:ok;default_port:ok;layered_lbfgs:fail;layered_port:fail;layered_port_ml:fail;layered_port_budget:fail;witness:fail"
"layered_port_ml","default","ml-gls","engineering15","test","weak_marker","sem",25,19,"mixed","ML",1993634267,0.396661728846471,"available","singular_convergence",1834,"layered",,FALSE,"",0.473003614396147,0.473003614396147,"default:ok;default_port:ok;layered_lbfgs:fail;layered_port:fail;layered_port_ml:fail;layered_port_budget:fail;witness:fail"
"layered_port_ml","default","ml-gls","engineering15","test","weak_marker","sem",25,19,"native","ML",1993634267,0.396860356442331,"nonpositive_curvature","noisy_objective",1863,"layered",,FALSE,"",0.473003614396147,0.473003614396147,"default:ok;default_port:ok;layered_lbfgs:fail;layered_port:fail;layered_port_ml:fail;layered_port_budget:fail;witness:fail"
"layered_port_ml","default","ml-gls","engineering15","test","weak_marker","sem",25,19,"x0.01","ML",1993634267,0.396609753190994,"nonpositive_curvature","noisy_objective",2246,"layered",,FALSE,"",0.473003614396152,0.473003614396152,"default:ok;default_port:ok;layered_lbfgs:fail;layered_port:fail;layered_port_ml:fail;layered_port_budget:fail;witness:fail"
"layered_port_ml","default","ml-gls","engineering15","test","weak_marker","sem",25,19,"x100","ML",1993634267,0.396533559207512,"nonpositive_curvature","noisy_objective",2009,"layered",,FALSE,"",0.473003614396148,0.473003614396148,"default:ok;default_port:ok;layered_lbfgs:fail;layered_port:fail;layered_port_ml:fail;layered_port_budget:fail;witness:fail"
"layered_port_ml","default","ml-gls","engineering15","test","weak_marker","sem",25,2,"native","ML",490615722,0.219706471328228,"nonpositive_curvature","noisy_objective",1791,"layered",,FALSE,"",0.187133366141082,0.187133366141082,"default:ok;default_port:ok;layered_lbfgs:fail;layered_port:fail;layered_port_ml:fail;layered_port_budget:fail;witness:ok"
"layered_port_ml","default","ml-gls","engineering15","test","weak_marker","sem",25,2,"x100","ML",490615722,0.219154112366841,"nonpositive_curvature","noisy_objective",2326,"layered",,TRUE,"",0.187133366141079,0.187133366141079,"default:ok;default_port:ok;layered_lbfgs:fail;layered_port:fail;layered_port_ml:fail;layered_port_budget:fail;witness:ok"
"layered_port_ml","default","ml-gls","engineering15","test","weak_marker","sem",25,4,"native","GLS",490615724,0.135865301017026,"ill_conditioned","line_search_salvaged",4472,"",,FALSE,"",0.134147223560587,0.134147223560587,"default:ok;default_port:ok;layered_lbfgs:fail;layered_port:fail;layered_port_ml:fail;layered_port_budget:fail;witness:ok"
"layered_port_ml","default","ml-gls","engineering15","test","weak_marker","sem",25,4,"native","ML",490615724,0.179740150679159,"available","line_search_salvaged",2796,"layered",,FALSE,"",0.177858090435285,0.177858090435285,"default:ok;default_port:ok;layered_lbfgs:fail;layered_port:fail;layered_port_ml:fail;layered_port_budget:fail;witness:ok"
"layered_port_ml","default","ml-gls","engineering15","test","weak_marker","sem",25,4,"x100","GLS",490615724,0.135867081278595,"ill_conditioned","line_search_salvaged",3738,"",,FALSE,"",0.134147223560547,0.134147223560547,"default:ok;default_port:ok;layered_lbfgs:fail;layered_port:fail;layered_port_ml:fail;layered_port_budget:fail;witness:ok"
"layered_port_ml","default","ml-gls","engineering15","test","weak_marker","sem",25,4,"x100","ML",490615724,0.179749438596502,"available","line_search_salvaged",1689,"layered",,FALSE,"",0.177858090435286,0.177858090435286,"default:ok;default_port:ok;layered_lbfgs:fail;layered_port:ok;layered_port_ml:fail;layered_port_budget:fail;witness:ok"
"layered_port_ml","default","ml-gls","engineering15","test","weak_marker","sem",25,47,"native","ML",1993634658,0.111146578381419,"available","singular_convergence",1802,"layered",,FALSE,"",0.0954658634698893,0.0954658634698893,"default:ok;default_port:ok;layered_lbfgs:fail;layered_port:fail;layered_port_ml:fail;layered_port_budget:fail;witness:ok"
"layered_port_ml","default","ml-gls","engineering15","test","weak_marker","sem",25,47,"x100","GLS",1993634658,0.103167056697462,"available","singular_convergence",2031,"",,FALSE,"",0.0778098368501705,0.0778098262625949,"default:ok;default_port:ok;layered_lbfgs:fail;layered_port:fail;layered_port_ml:fail;layered_port_budget:fail;witness:ok"
"layered_port_ml","default","ml-gls","engineering15","test","weak_marker","sem",25,47,"x100","ML",1993634658,0.111198648316904,"available","singular_convergence",1450,"layered",,FALSE,"",0.0954658634698902,0.0954658634698902,"default:ok;default_port:ok;layered_lbfgs:fail;layered_port:fail;layered_port_ml:fail;layered_port_budget:fail;witness:ok"
"layered_port_ml","default","ml-gls","engineering15","test","weak_marker","sem",25,68,"native","GLS",1993634921,0.223611683929709,"available","singular_convergence",1788,"",,FALSE,"",0.174325509747587,0.158084295204029,"default:ok;default_port:ok;layered_lbfgs:fail;layered_port:fail;layered_port_ml:fail;layered_port_budget:fail;witness:ok"
"layered_port_ml","default","ml-gls","engineering15","test","weak_marker","sem",25,71,"native","GLS",1993635045,0.126677866111537,"nonpositive_curvature","false_convergence",5000,"",,FALSE,"",0.126987239885687,0.126987239885687,"default:ok;default_port:ok;layered_lbfgs:fail;layered_port:fail;layered_port_ml:fail;layered_port_budget:fail;witness:fail"
"layered_port_ml","default","ml-gls","engineering15","test","weak_marker","sem",25,71,"x100","GLS",1993635045,0.126676240699506,"ill_conditioned","false_convergence",5000,"",,FALSE,"",0.126987239885693,0.126987239885693,"default:ok;default_port:ok;layered_lbfgs:fail;layered_port:fail;layered_port_ml:fail;layered_port_budget:fail;witness:fail"
"layered_port_ml","default","ml-gls","engineering15","test","weak_marker","sem",25,71,"x100","ML",1993635045,0.175284157290694,"available","noisy_objective",3134,"layered",,FALSE,"",0.161055565061744,0.161055565061744,"default:ok;default_port:ok;layered_lbfgs:fail;layered_port:ok;layered_port_ml:fail;layered_port_budget:fail;witness:fail"
"layered_port_ml","default","ml-gls","engineering15","test","weak_marker","sem",25,80,"mixed","GLS",1993635175,0.0796488680256628,"ill_conditioned","singular_convergence",741,"",,FALSE,"",0.0791232656974271,0.0791232656974271,"default:ok;default_port:fail;layered_lbfgs:fail;layered_port:fail;layered_port_ml:fail;layered_port_budget:fail;witness:ok"
"layered_port_ml","default","ml-gls","engineering15","test","weak_marker","sem",25,84,"native","GLS",1993635179,0.146402876273,"ill_conditioned","singular_convergence",1051,"",,FALSE,"",0.108055516287936,0.108055516287936,"default:ok;default_port:ok;layered_lbfgs:fail;layered_port:fail;layered_port_ml:fail;layered_port_budget:fail;witness:fail"
"layered_port_ml","default","ml-gls","engineering15","test","weak_marker","sem",25,84,"native","ML",1993635179,0.216895431996456,"nonpositive_curvature","false_convergence",5000,"layered",,FALSE,"",0.154566895093918,0.154566895093918,"default:ok;default_port:ok;layered_lbfgs:fail;layered_port:fail;layered_port_ml:fail;layered_port_budget:fail;witness:ok"
"layered_port_ml","default","ml-gls","engineering15","test","weak_marker","sem",25,84,"x100","GLS",1993635179,0.146403339656193,"ill_conditioned","singular_convergence",718,"",,FALSE,"",0.108055516288077,0.108055516288075,"default:ok;default_port:ok;layered_lbfgs:fail;layered_port:fail;layered_port_ml:fail;layered_port_budget:fail;witness:fail"
"layered_port_ml","default","ml-gls","engineering15","test","weak_marker","sem",25,90,"native","GLS",1993635306,0.159017634908442,"ill_conditioned","false_convergence",5000,"",,FALSE,"",0.147405053509152,0.147405053509152,"default:ok;default_port:ok;layered_lbfgs:fail;layered_port:fail;layered_port_ml:fail;layered_port_budget:fail;witness:fail"
"layered_port_ml","default","ml-gls","engineering15","test","weak_marker","sem",25,90,"native","ML",1993635306,0.204858849494229,"nonpositive_curvature","noisy_objective",991,"layered",,TRUE,"",0.169210681352442,0.169210681352442,"default:ok;default_port:ok;layered_lbfgs:fail;layered_port:fail;layered_port_ml:fail;layered_port_budget:fail;witness:ok"
"layered_port_ml","default","ml-gls","engineering15","test","weak_marker","sem",25,90,"x100","GLS",1993635306,0.159017819889126,"nonpositive_curvature","false_convergence",5000,"",,FALSE,"",0.147405053509246,0.147405053509246,"default:ok;default_port:ok;layered_lbfgs:fail;layered_port:fail;layered_port_ml:fail;layered_port_budget:fail;witness:fail"
"layered_port_ml","default","ml-gls","ernst","control","ernst","sem",25,22,"native","ML",1883903036,0.187577663287804,"ill_conditioned","singular_convergence",1340,"layered",,FALSE,"",0.180813682393964,0.180813682393964,"default:ok;default_port:ok;layered_lbfgs:fail;layered_port:fail;layered_port_ml:fail;layered_port_budget:fail;witness:ok"
"layered_port_ml","default","ml-gls","ernst","control","ernst","sem",25,22,"x0.01","GLS",1883903036,0.135441980943861,"ill_conditioned","singular_convergence",1331,"",,FALSE,"",0.117514414072338,0.117514413885594,"default:ok;default_port:ok;layered_lbfgs:fail;layered_port:fail;layered_port_ml:fail;layered_port_budget:fail;witness:ok"
"layered_port_ml","default","ml-gls","ernst","control","ernst","sem",25,22,"x100","ML",1883903036,0.187577497950706,"ill_conditioned","singular_convergence",1571,"layered",,FALSE,"",0.180813682393964,0.180813682393964,"default:ok;default_port:ok;layered_lbfgs:fail;layered_port:fail;layered_port_ml:fail;layered_port_budget:fail;witness:ok"
"layered_port_ml","default","ml-gls","ernst","control","ernst","sem",25,44,"native","GLS",1883903300,0.0910638379702401,"ill_conditioned","singular_convergence",1663,"",,FALSE,"",0.0716018227696602,0.0716018227696403,"default:ok;default_port:ok;layered_lbfgs:fail;layered_port:fail;layered_port_ml:fail;layered_port_budget:fail;witness:ok"
"layered_port_ml","default","ml-gls","ernst","control","ernst","sem",25,44,"x100","GLS",1883903300,0.0910637306778838,"ill_conditioned","singular_convergence",1789,"",,FALSE,"",0.0716018227698481,0.0716018227697734,"default:ok;default_port:ok;layered_lbfgs:fail;layered_port:fail;layered_port_ml:fail;layered_port_budget:fail;witness:ok"
"layered_port_ml","default","ml-gls","ernst","control","ernst","sem",25,51,"native","ML",1883903428,0.131801852843098,"available","line_search_salvaged",4553,"layered",,FALSE,"",0.125421358998402,0.125421358998402,"default:ok;default_port:ok;layered_lbfgs:fail;layered_port:ok;layered_port_ml:fail;layered_port_budget:fail;witness:ok"
"layered_port_ml","default","ml-gls","ernst","control","ernst","sem",25,51,"x100","ML",1883903428,0.131799887747814,"nonpositive_curvature","false_convergence",5000,"layered",,FALSE,"",0.125421358998402,0.125421358998402,"default:ok;default_port:ok;layered_lbfgs:fail;layered_port:fail;layered_port_ml:fail;layered_port_budget:fail;witness:ok"
"layered_port_ml","default","ml-gls","ernst","control","ernst","sem",25,96,"native","GLS",1883903957,0.157192280446799,"ill_conditioned","singular_convergence",1803,"",,FALSE,"",0.154953538934787,0.154953538934787,"default:ok;default_port:ok;layered_lbfgs:fail;layered_port:fail;layered_port_ml:fail;layered_port_budget:fail;witness:ok"
"layered_port_ml","default","ml-gls","ernst","control","ernst","sem",25,96,"x0.01","GLS",1883903957,0.157181116176615,"ill_conditioned","singular_convergence",2200,"",,FALSE,"",0.154953538934781,0.154953538934781,"default:ok;default_port:ok;layered_lbfgs:fail;layered_port:fail;layered_port_ml:fail;layered_port_budget:fail;witness:ok"
"layered_port_ml","default","ml-gls","ernst","control","ernst","sem",25,96,"x100","GLS",1883903957,0.157172313366299,"ill_conditioned","singular_convergence",2575,"",,FALSE,"",0.154953538934779,0.154953538934779,"default:ok;default_port:ok;layered_lbfgs:fail;layered_port:fail;layered_port_ml:fail;layered_port_budget:fail;witness:ok"
"layered_port_ml","default","ml-gls","research47","test","r47_f2_r90","two_factor",25,24,"native","GLS",2142401530,0.207462067026477,"ill_conditioned","false_convergence",5000,"",,FALSE,"",0.0823347577453497,0.0823347577453497,"default:ok;default_port:ok;layered_lbfgs:fail;layered_port:fail;layered_port_ml:fail;layered_port_budget:fail;witness:ok"
"layered_port_ml","default","ml-gls","research47","test","r47_f2_r90","two_factor",25,24,"x100","GLS",2142401530,0.207462284685972,"ill_conditioned","line_search_salvaged",4921,"",,FALSE,"",0.0823347577453544,0.0823347577453544,"default:ok;default_port:ok;layered_lbfgs:fail;layered_port:fail;layered_port_ml:fail;layered_port_budget:fail;witness:ok"
"layered_port_ml","default","ml-gls","research47","test","r47_f2_r90","two_factor",25,38,"x100","ML",2142401665,0.344861760072764,"available","line_search_salvaged",4565,"layered",,FALSE,"",0.283809172982121,0.283809172982121,"default:ok;default_port:ok;layered_lbfgs:fail;layered_port:fail;layered_port_ml:fail;layered_port_budget:fail;witness:ok"
"layered_port_ml","default","ml-gls","research47","test","r47_f2_r90","two_factor",25,4,"native","GLS",491751351,0.142037155684313,"ill_conditioned","false_convergence",5000,"",,FALSE,"",0.141088672586107,0.141088672586107,"default:ok;default_port:ok;layered_lbfgs:fail;layered_port:fail;layered_port_ml:fail;layered_port_budget:fail;witness:ok"
"layered_port_ml","default","ml-gls","research47","test","r47_f2_r90","two_factor",25,4,"x100","GLS",491751351,0.142036548463224,"ill_conditioned","false_convergence",5000,"",,FALSE,"",0.141088672589127,0.141088672586174,"default:ok;default_port:ok;layered_lbfgs:fail;layered_port:fail;layered_port_ml:fail;layered_port_budget:fail;witness:ok"
"layered_port_ml","default","ml-gls","research47","test","r47_f2_r90","two_factor",25,4,"x100","ML",491751351,0.178026777831313,"available","line_search_salvaged",2738,"layered",,FALSE,"",0.176550900330948,0.176550900330948,"default:ok;default_port:ok;layered_lbfgs:fail;layered_port:fail;layered_port_ml:fail;layered_port_budget:fail;witness:ok"
"layered_port_ml","default","ml-gls","research47","test","r47_f2_r90","two_factor",25,74,"mixed","ML",2142402185,0.33399286604135,"nonpositive_curvature","false_convergence",5000,"layered",,TRUE,"",0.282481087458732,0.282481087458732,"default:ok;default_port:fail;layered_lbfgs:fail;layered_port:fail;layered_port_ml:fail;layered_port_budget:fail;witness:ok"
"layered_port_ml","default","ml-gls","research47","test","r47_f2_r90","two_factor",25,74,"x100","ML",2142402185,0.334002188883673,"available","line_search_salvaged",4568,"layered",,FALSE,"",0.282481087458734,0.282481087458734,"default:ok;default_port:ok;layered_lbfgs:fail;layered_port:ok;layered_port_ml:fail;layered_port_budget:fail;witness:ok"
"layered_port_ml","default","ml-gls","research47","test","r47_f2_r90","two_factor",25,81,"native","GLS",2142402313,0.174572525778645,"ill_conditioned","singular_convergence",1072,"",,FALSE,"",0.0985915681754432,0.0985915681754432,"default:ok;default_port:ok;layered_lbfgs:fail;layered_port:fail;layered_port_ml:fail;layered_port_budget:fail;witness:ok"
"layered_port_ml","default","ml-gls","research47","test","r47_f2_r90","two_factor",25,81,"native","ML",2142402313,0.239150566438492,"available","singular_convergence",1819,"layered",,FALSE,"",0.121386081207417,0.121386081207417,"default:ok;default_port:ok;layered_lbfgs:fail;layered_port:fail;layered_port_ml:fail;layered_port_budget:fail;witness:ok"
"layered_port_ml","default","ml-gls","research47","test","r47_f2_r90","two_factor",25,81,"x100","GLS",2142402313,0.174572627816667,"ill_conditioned","singular_convergence",1035,"",,FALSE,"",0.098591568175445,0.098591568175445,"default:ok;default_port:ok;layered_lbfgs:fail;layered_port:fail;layered_port_ml:fail;layered_port_budget:fail;witness:ok"
"layered_port_ml","default","ml-gls","research47","test","r47_imp_f2_r103","two_factor",25,20,"native","GLS",1956275412,0.214337466213308,"nonpositive_curvature","noisy_objective",1394,"",,FALSE,"",0.235158468110332,0.235158468110332,"default:ok;default_port:ok;layered_lbfgs:fail;layered_port:fail;layered_port_ml:fail;layered_port_budget:fail;witness:fail"
"layered_port_ml","default","ml-gls","research47","test","r47_imp_f2_r103","two_factor",25,20,"x0.01","GLS",1956275412,0.214339008212049,"ill_conditioned","noisy_objective",1289,"",,FALSE,"",0.237801463349649,0.237801463349649,"default:ok;default_port:fail;layered_lbfgs:fail;layered_port:fail;layered_port_ml:fail;layered_port_budget:fail;witness:fail"
"layered_port_ml","default","ml-gls","research47","test","r47_imp_f2_r103","two_factor",25,20,"x100","GLS",1956275412,0.214338389691818,"ill_conditioned","noisy_objective",1194,"",,FALSE,"",0.235158468110347,0.235158468110347,"default:ok;default_port:ok;layered_lbfgs:fail;layered_port:fail;layered_port_ml:fail;layered_port_budget:fail;witness:fail"
"layered_port_ml","default","ml-gls","research47","test","r47_mis_f2_resid","two_factor",25,61,"native","GLS",1317493266,0.313853405416073,"nonpositive_curvature","false_convergence",5000,"",,FALSE,"",0.246156631073767,0.246156631073767,"default:ok;default_port:ok;layered_lbfgs:fail;layered_port:fail;layered_port_ml:fail;layered_port_budget:fail;witness:ok"
"layered_port_ml","default","ml-gls","research47","test","r47_mis_f2_resid","two_factor",25,61,"native","ML",1317493266,0.606574959337758,"nonpositive_curvature","noisy_objective",4293,"layered",,FALSE,"",0.434199452949033,0.434199452949033,"default:ok;default_port:ok;layered_lbfgs:fail;layered_port:fail;layered_port_ml:fail;layered_port_budget:fail;witness:ok"
"layered_port_ml","default","ml-gls","research47","test","r47_mis_f2_resid","two_factor",25,61,"x100","GLS",1317493266,0.313847778986508,"ill_conditioned","false_convergence",5000,"",,FALSE,"",0.246156631073887,0.246156631073887,"default:ok;default_port:ok;layered_lbfgs:fail;layered_port:fail;layered_port_ml:fail;layered_port_budget:fail;witness:ok"
"layered_port_ml","default","ml-gls","research47","test","r47_mis_f2_resid","two_factor",25,61,"x100","ML",1317493266,0.606652496904619,"available","line_search_salvaged",1792,"layered",,FALSE,"",0.434199452949031,0.434199452949031,"default:ok;default_port:ok;layered_lbfgs:fail;layered_port:fail;layered_port_ml:fail;layered_port_budget:fail;witness:ok"
"layered_port_ml","default","ml-gls","research47","test","r47_mis_f2_resid","two_factor",25,67,"mixed","ML",1317493272,0.309810122873953,"nonpositive_curvature","singular_convergence",962,"layered",,TRUE,"",0.159142790256692,0.159142790256692,"default:ok;default_port:fail;layered_lbfgs:fail;layered_port:fail;layered_port_ml:fail;layered_port_budget:fail;witness:ok"
"layered_port_ml","default","ml-gls","research47","test","r47_mis_f2_resid","two_factor",25,67,"native","GLS",1317493272,0.169188273876103,"available","singular_convergence",1125,"",,TRUE,"",0.0968390680054043,0.0968390680053829,"default:ok;default_port:ok;layered_lbfgs:fail;layered_port:fail;layered_port_ml:fail;layered_port_budget:fail;witness:ok"
"layered_port_ml","default","ml-gls","research47","test","r47_mis_f2_resid","two_factor",25,67,"native","ML",1317493272,0.309663881796627,"nonpositive_curvature","singular_convergence",1018,"layered",,TRUE,"",0.159142790256692,0.159142790256692,"default:ok;default_port:ok;layered_lbfgs:fail;layered_port:fail;layered_port_ml:fail;layered_port_budget:fail;witness:ok"
"layered_port_ml","default","ml-gls","research47","test","r47_mis_f2_resid","two_factor",25,67,"x0.01","ML",1317493272,0.309685516069585,"nonpositive_curvature","singular_convergence",941,"layered",,TRUE,"",0.159142790256688,0.159142790256688,"default:ok;default_port:fail;layered_lbfgs:fail;layered_port:fail;layered_port_ml:fail;layered_port_budget:fail;witness:ok"
"layered_port_ml","default","ml-gls","research47","test","r47_mis_f2_resid","two_factor",25,67,"x100","GLS",1317493272,0.169188310014941,"available","singular_convergence",1079,"",,TRUE,"",0.09683906800537,0.09683906800537,"default:ok;default_port:ok;layered_lbfgs:fail;layered_port:fail;layered_port_ml:fail;layered_port_budget:fail;witness:ok"
"layered_port_ml","default","ml-gls","research47","test","r47_mis_f2_resid","two_factor",25,67,"x100","ML",1317493272,0.309897874886595,"nonpositive_curvature","singular_convergence",916,"layered",,TRUE,"",0.159142790256695,0.159142790256695,"default:ok;default_port:ok;layered_lbfgs:fail;layered_port:fail;layered_port_ml:fail;layered_port_budget:fail;witness:ok"
"layered_port_ml","default","ml-gls","research47","test","r47_mis_f2_resid","two_factor",25,82,"native","GLS",1317493529,0.242687775319016,"ill_conditioned","false_convergence",5000,"",,FALSE,"",0.20437124813945,0.20437124813945,"default:ok;default_port:ok;layered_lbfgs:fail;layered_port:fail;layered_port_ml:fail;layered_port_budget:fail;witness:ok"
"layered_port_ml","default","ml-gls","research47","test","r47_mis_f2_resid","two_factor",25,82,"x100","GLS",1317493529,0.242687247460531,"ill_conditioned","line_search_salvaged",5000,"",,FALSE,"",0.204371248139397,0.204371248139397,"default:ok;default_port:ok;layered_lbfgs:fail;layered_port:fail;layered_port_ml:fail;layered_port_budget:fail;witness:ok"
"layered_port_ml","default","ml-gls","research47","test","r47_path_r2_100","path",25,13,"x0.01","ML",89801525,0.745963709905851,"available","false_convergence",5000,"layered",,FALSE,"",0.70909934960423,0.70909934960423,"default:ok;default_port:ok;layered_lbfgs:fail;layered_port:fail;layered_port_ml:fail;layered_port_budget:fail;witness:ok"
"layered_port_ml","default","ml-gls","research47","test","r47_path_r2_100","path",25,23,"native","GLS",89801656,0.352586938921818,"ill_conditioned","singular_convergence",584,"",,FALSE,"",0.316731921778562,0.316731921778562,"default:ok;default_port:ok;layered_lbfgs:fail;layered_port:fail;layered_port_ml:fail;layered_port_budget:fail;witness:ok"
"layered_port_ml","default","ml-gls","research47","test","r47_path_r2_100","path",25,23,"native","ML",89801656,0.458995018412647,"ill_conditioned","singular_convergence",489,"layered",,FALSE,"",0.434919856047056,0.434919856047056,"default:ok;default_port:ok;layered_lbfgs:fail;layered_port:fail;layered_port_ml:fail;layered_port_budget:fail;witness:ok"
"layered_port_ml","default","ml-gls","research47","test","r47_path_r2_100","path",25,23,"x100","GLS",89801656,0.35258665175378,"ill_conditioned","singular_convergence",652,"",,FALSE,"",0.316731921778587,0.316731921778564,"default:ok;default_port:ok;layered_lbfgs:fail;layered_port:fail;layered_port_ml:fail;layered_port_budget:fail;witness:ok"
"layered_port_ml","default","ml-gls","research47","test","r47_path_r2_100","path",25,23,"x100","ML",89801656,0.458995077610268,"ill_conditioned","singular_convergence",523,"layered",,FALSE,"",0.434919856047046,0.434919856047046,"default:ok;default_port:ok;layered_lbfgs:fail;layered_port:fail;layered_port_ml:fail;layered_port_budget:fail;witness:ok"
"layered_port_ml","default","ml-gls","research47","test","r47_path_r2_100","path",25,49,"mixed","ML",89801924,0.616114886583111,"available","line_search_salvaged",1952,"layered",,FALSE,"",0.61468052691918,0.61468052691918,"default:ok;default_port:ok;layered_lbfgs:fail;layered_port:fail;layered_port_ml:fail;layered_port_budget:fail;witness:ok"
"layered_port_ml","default","ml-gls","research47","test","r47_path_r2_100","path",25,49,"native","ML",89801924,0.616109835926276,"available","line_search_salvaged",2755,"layered",,FALSE,"",0.614680526919182,0.614680526919182,"default:ok;default_port:ok;layered_lbfgs:fail;layered_port:fail;layered_port_ml:fail;layered_port_budget:fail;witness:ok"
"layered_port_ml","default","ml-gls","research47","test","r47_path_r2_100","path",25,49,"x0.01","ML",89801924,0.616113658363375,"available","noisy_objective",2177,"layered",,FALSE,"",0.614680526919194,0.614680526919194,"default:ok;default_port:ok;layered_lbfgs:fail;layered_port:ok;layered_port_ml:fail;layered_port_budget:fail;witness:ok"
"layered_port_ml","default","ml-gls","research47","test","r47_path_r2_100","path",25,49,"x100","ML",89801924,0.616125708224892,"available","line_search_salvaged",1308,"layered",,FALSE,"",0.61468052691918,0.61468052691918,"default:ok;default_port:ok;layered_lbfgs:fail;layered_port:ok;layered_port_ml:fail;layered_port_budget:fail;witness:ok"
"layered_port_ml","default","ml-gls","research47","test","r47_path_r2_100","path",25,52,"x100","GLS",89802048,0.381158155742773,"ill_conditioned","false_convergence",5000,"",,FALSE,"",0.374569227302873,0.374569227302873,"default:ok;default_port:ok;layered_lbfgs:fail;layered_port:fail;layered_port_ml:fail;layered_port_budget:fail;witness:ok"
"layered_port_ml","default","ml-gls","research47","test","r47_path_r2_100","path",25,54,"native","GLS",89802050,0.367335161340417,"ill_conditioned","line_search_salvaged",2311,"",,FALSE,"",0.359697147796726,0.359697147796726,"default:ok;default_port:ok;layered_lbfgs:fail;layered_port:fail;layered_port_ml:fail;layered_port_budget:fail;witness:ok"
"layered_port_ml","default","ml-gls","research47","test","r47_path_r2_100","path",25,54,"x100","GLS",89802050,0.367322587859429,"ill_conditioned","noisy_objective",4553,"",,FALSE,"",0.35969714779677,0.35969714779677,"default:ok;default_port:ok;layered_lbfgs:fail;layered_port:fail;layered_port_ml:fail;layered_port_budget:fail;witness:ok"
"layered_port_ml","default","ml-gls","research47","test","r47_path_r2_100","path",25,62,"native","ML",89802179,0.55086881157952,"nonpositive_curvature","false_convergence",5000,"layered",,FALSE,"",0.539858276821169,0.539858276821169,"default:ok;default_port:ok;layered_lbfgs:fail;layered_port:fail;layered_port_ml:fail;layered_port_budget:fail;witness:ok"
"layered_port_ml","default","ml-gls","research47","test","r47_path_r2_100","path",25,62,"x0.01","ML",89802179,0.550868697116456,"nonpositive_curvature","false_convergence",5000,"layered",,FALSE,"",0.539858276821171,0.539858276821171,"default:ok;default_port:ok;layered_lbfgs:fail;layered_port:ok;layered_port_ml:fail;layered_port_budget:fail;witness:ok"
"layered_port_ml","default","ml-gls","research47","test","r47_path_r2_100","path",25,69,"mixed","ML",89802186,0.720639245435572,"available","singular_convergence",1455,"layered",,TRUE,"",0.604029708619221,0.604029708619221,"default:ok;default_port:fail;layered_lbfgs:fail;layered_port:fail;layered_port_ml:fail;layered_port_budget:fail;witness:ok"
"layered_port_ml","default","ml-gls","research47","test","r47_path_r2_100","path",25,69,"native","GLS",89802186,0.37642277743199,"nonpositive_curvature","false_convergence",5000,"",,FALSE,"",0.347955895879877,0.347955895879877,"default:ok;default_port:ok;layered_lbfgs:fail;layered_port:fail;layered_port_ml:fail;layered_port_budget:fail;witness:ok"
"layered_port_ml","default","ml-gls","research47","test","r47_path_r2_100","path",25,69,"native","ML",89802186,0.720602844941803,"available","singular_convergence",1665,"layered",,FALSE,"",0.604029708619222,0.604029708619222,"default:ok;default_port:ok;layered_lbfgs:fail;layered_port:fail;layered_port_ml:fail;layered_port_budget:fail;witness:ok"
"layered_port_ml","default","ml-gls","research47","test","r47_path_r2_100","path",25,69,"x0.01","ML",89802186,0.720646195161834,"available","singular_convergence",1459,"layered",,TRUE,"",0.604029708619223,0.604029708619223,"default:ok;default_port:ok;layered_lbfgs:fail;layered_port:fail;layered_port_ml:fail;layered_port_budget:fail;witness:ok"
"layered_port_ml","default","ml-gls","research47","test","r47_path_r2_100","path",25,69,"x100","GLS",89802186,0.376423090857886,"nonpositive_curvature","false_convergence",5000,"",,FALSE,"",0.347955895879796,0.347955895879796,"default:ok;default_port:ok;layered_lbfgs:fail;layered_port:fail;layered_port_ml:fail;layered_port_budget:fail;witness:ok"
"layered_port_ml","default","ml-gls","research47","test","r47_path_r2_100","path",25,69,"x100","ML",89802186,0.720579056174429,"available","singular_convergence",1779,"layered",,FALSE,"",0.60402970861923,0.60402970861923,"default:ok;default_port:ok;layered_lbfgs:fail;layered_port:fail;layered_port_ml:fail;layered_port_budget:fail;witness:ok"
"layered_port_ml","default","ml-gls","research47","test","r47_path_r2_100","path",25,81,"x100","GLS",89802440,0.376158552185922,"nonpositive_curvature","false_convergence",5000,"",,FALSE,"",0.375233568149192,0.375233568149192,"default:ok;default_port:ok;layered_lbfgs:fail;layered_port:fail;layered_port_ml:fail;layered_port_budget:fail;witness:fail"
"layered_port_ml","default","ml-gls","research47","test","r47_path_r2_100","path",25,99,"x0.01","ML",89802579,0.661639640901321,"nonpositive_curvature","noisy_objective",4099,"layered",,FALSE,"",0.648960231175622,0.648960231175622,"default:ok;default_port:ok;layered_lbfgs:fail;layered_port:fail;layered_port_ml:fail;layered_port_budget:fail;witness:ok"
"layered_port_ml","default","ml-gls","research47","test","r47_path_r2_100","path",25,99,"x100","ML",89802579,0.661646276977585,"available","line_search_salvaged",3512,"layered",,FALSE,"",0.648960231175622,0.648960231175622,"default:ok;default_port:ok;layered_lbfgs:fail;layered_port:fail;layered_port_ml:fail;layered_port_budget:fail;witness:ok"
"layered_port_ml","default","ml-gls","research47","test","r47_path_r2_90","path",25,41,"native","GLS",1079233309,0.472332638122359,"ill_conditioned","singular_convergence",1798,"",,FALSE,"",0.472342472061478,0.472338444848115,"default:ok;default_port:fail;layered_lbfgs:ok;layered_port:fail;layered_port_ml:fail;layered_port_budget:fail;witness:fail"
"layered_port_ml","default","ml-gls","research47","test","r47_path_r2_90","path",25,41,"x100","GLS",1079233309,0.472332638343688,"ill_conditioned","singular_convergence",1774,"",,FALSE,"",0.472345756742854,0.472338149052447,"default:ok;default_port:fail;layered_lbfgs:ok;layered_port:fail;layered_port_ml:fail;layered_port_budget:fail;witness:fail"
"layered_port_ml","default","ml-gls","research47","test","r47_path_r2_90","path",25,49,"native","GLS",1079233317,0.37089975002412,"ill_conditioned","false_convergence",5000,"",,FALSE,"",0.358498988349989,0.358498988349989,"default:ok;default_port:ok;layered_lbfgs:fail;layered_port:fail;layered_port_ml:fail;layered_port_budget:fail;witness:fail"
"layered_port_ml","default","ml-gls","research47","test","r47_path_r2_90","path",25,49,"x100","GLS",1079233317,0.37089787234389,"ill_conditioned","false_convergence",5000,"",,FALSE,"",0.358498988349445,0.358498988349445,"default:ok;default_port:ok;layered_lbfgs:fail;layered_port:fail;layered_port_ml:fail;layered_port_budget:fail;witness:fail"
"layered_port_ml","default","ml-gls","research47","test","r47_path_r2_90","path",25,67,"native","ML",1079233577,0.826764049785861,"nonpositive_curvature","noisy_objective",1223,"layered",,FALSE,"",0.701602282314614,0.701602282314614,"default:ok;default_port:ok;layered_lbfgs:fail;layered_port:fail;layered_port_ml:fail;layered_port_budget:fail;witness:ok"
"layered_port_ml","default","ml-gls","research47","test","r47_path_r2_90","path",25,67,"x100","ML",1079233577,0.826741936487899,"nonpositive_curvature","singular_convergence",1366,"layered",,FALSE,"",0.701602282314639,0.701602282314639,"default:ok;default_port:ok;layered_lbfgs:fail;layered_port:fail;layered_port_ml:fail;layered_port_budget:fail;witness:ok"
"layered_port_ml","default","ml-gls","research47","test","r47_path_r2_90","path",25,73,"native","GLS",1079233704,0.338607409529294,"ill_conditioned","false_convergence",5000,"",,FALSE,"",0.329438207883198,0.329438207883035,"default:ok;default_port:ok;layered_lbfgs:fail;layered_port:fail;layered_port_ml:fail;layered_port_budget:fail;witness:ok"
"layered_port_ml","default","ml-gls","research47","test","r47_path_r2_90","path",25,73,"x0.01","ML",1079233704,0.516704599911186,"available","noisy_objective",4061,"layered",,TRUE,"",0.472225439356201,0.472225357989799,"default:ok;default_port:ok;layered_lbfgs:fail;layered_port:fail;layered_port_ml:fail;layered_port_budget:fail;witness:ok"
"layered_port_ml","default","ml-gls","research47","test","r47_path_r2_90","path",25,73,"x100","GLS",1079233704,0.338606601631941,"ill_conditioned","false_convergence",5000,"",,FALSE,"",0.329438207882612,0.329438207882612,"default:ok;default_port:ok;layered_lbfgs:fail;layered_port:fail;layered_port_ml:fail;layered_port_budget:fail;witness:ok"
"layered_port_ml","default","ml-gls","wolf","test","wolf_1f4i_l50","cfa",25,13,"x0.01","ML",2100688476,0.00600753841214186,"available","line_search_salvaged",2888,"layered",,FALSE,"",0.00477542721737123,0.00477542721737123,"default:ok;default_port:ok;layered_lbfgs:fail;layered_port:fail;layered_port_ml:fail;layered_port_budget:fail;witness:fail"
"layered_port_ml","default","ml-gls","wolf","test","wolf_1f4i_l50","cfa",25,13,"x100","ML",2100688476,0.00600630169710215,"available","noisy_objective",2976,"layered",,FALSE,"",0.00477542721737478,0.00477542721737478,"default:ok;default_port:ok;layered_lbfgs:fail;layered_port:ok;layered_port_ml:fail;layered_port_budget:fail;witness:fail"
"layered_port_ml","default","ml-gls","wolf","test","wolf_1f4i_l50","cfa",25,26,"mixed","ML",2100688610,0.00795287234828645,"available","line_search_salvaged",2907,"layered",,FALSE,"",0.00680225307384319,0.00680225307384319,"default:ok;default_port:ok;layered_lbfgs:fail;layered_port:ok;layered_port_ml:fail;layered_port_budget:fail;witness:ok"
"layered_port_ml","default","ml-gls","wolf","test","wolf_1f4i_l50","cfa",25,26,"native","ML",2100688610,0.00794028904451283,"available","line_search_salvaged",4304,"layered",,FALSE,"",0.00680225307384319,0.00680225307384319,"default:ok;default_port:ok;layered_lbfgs:fail;layered_port:ok;layered_port_ml:fail;layered_port_budget:fail;witness:ok"
"layered_port_ml","default","ml-gls","wolf","test","wolf_1f4i_l50","cfa",25,26,"x0.01","ML",2100688610,0.00796033080031577,"available","line_search_salvaged",2471,"layered",,FALSE,"",0.00680225307383608,0.00680225307383608,"default:ok;default_port:ok;layered_lbfgs:fail;layered_port:ok;layered_port_ml:fail;layered_port_budget:fail;witness:ok"
"layered_port_ml","default","ml-gls","wolf","test","wolf_1f4i_l50","cfa",25,26,"x100","ML",2100688610,0.00797354595167121,"available","noisy_objective",1739,"layered",,FALSE,"",0.00680225307384319,0.00680225307384319,"default:ok;default_port:ok;layered_lbfgs:fail;layered_port:ok;layered_port_ml:fail;layered_port_budget:fail;witness:ok"
"layered_port_ml","default","ml-gls","wolf","test","wolf_1f6i_l50","cfa",25,11,"mixed","GLS",1689669064,0.237122237286157,"ill_conditioned","false_convergence",5000,"",,FALSE,"",0.227268589450777,0.227268589450777,"default:ok;default_port:ok;layered_lbfgs:fail;layered_port:fail;layered_port_ml:fail;layered_port_budget:fail;witness:fail"
"layered_port_ml","default","ml-gls","wolf","test","wolf_1f6i_l50","cfa",25,11,"x100","GLS",1689669064,0.237123871240682,"nonpositive_curvature","false_convergence",5000,"",,FALSE,"",0.227268589450763,0.227268589450763,"default:ok;default_port:ok;layered_lbfgs:fail;layered_port:fail;layered_port_ml:fail;layered_port_budget:fail;witness:fail"
"layered_port_ml","default","ml-gls","wolf","test","wolf_1f6i_l50","cfa",25,19,"mixed","GLS",1689669072,0.145192552139058,"available","line_search_salvaged",3105,"",,FALSE,"",0.109649389938313,0.109649389938313,"default:ok;default_port:ok;layered_lbfgs:fail;layered_port:fail;layered_port_ml:fail;layered_port_budget:fail;witness:ok"
"layered_port_ml","default","ml-gls","wolf","test","wolf_1f6i_l50","cfa",25,19,"x100","GLS",1689669072,0.145192368119778,"available","line_search_salvaged",3184,"",,FALSE,"",0.109649389938322,0.109649389938322,"default:ok;default_port:ok;layered_lbfgs:fail;layered_port:fail;layered_port_ml:fail;layered_port_budget:fail;witness:ok"
"layered_port_ml","default","ml-gls","wolf","test","wolf_1f6i_l50","cfa",25,30,"mixed","GLS",1689669325,0.189923873645468,"ill_conditioned","false_convergence",5000,"",,FALSE,"",0.128863068304887,0.128863068304887,"default:ok;default_port:ok;layered_lbfgs:fail;layered_port:fail;layered_port_ml:fail;layered_port_budget:fail;witness:fail"
"layered_port_ml","default","ml-gls","wolf","test","wolf_1f6i_l50","cfa",25,30,"native","GLS",1689669325,0.18992470400543,"nonpositive_curvature","false_convergence",5000,"",,FALSE,"",0.128863068304914,0.128863068304914,"default:ok;default_port:ok;layered_lbfgs:fail;layered_port:fail;layered_port_ml:fail;layered_port_budget:fail;witness:fail"
"layered_port_ml","default","ml-gls","wolf","test","wolf_1f6i_l50","cfa",25,30,"x100","GLS",1689669325,0.189929915362825,"nonpositive_curvature","noisy_objective",4866,"",,FALSE,"",0.128863068304892,0.128863068304892,"default:ok;default_port:ok;layered_lbfgs:fail;layered_port:fail;layered_port_ml:fail;layered_port_budget:fail;witness:fail"
"layered_port_ml","default","ml-gls","wolf","test","wolf_1f6i_l50","cfa",25,75,"mixed","GLS",1689669854,0.192996207320615,"ill_conditioned","singular_convergence",1484,"",,FALSE,"",0.181499123005221,0.181499123005221,"default:ok;default_port:ok;layered_lbfgs:fail;layered_port:fail;layered_port_ml:fail;layered_port_budget:fail;witness:fail"
"layered_port_ml","default","ml-gls","wolf","test","wolf_1f6i_l50","cfa",25,75,"x100","GLS",1689669854,0.192996289922096,"ill_conditioned","singular_convergence",1414,"",,FALSE,"",0.181499123005221,0.181499123005221,"default:ok;default_port:ok;layered_lbfgs:fail;layered_port:fail;layered_port_ml:fail;layered_port_budget:fail;witness:fail"
"layered_port_ml","default","ml-gls","wolf","test","wolf_1f6i_l50","cfa",25,77,"mixed","ML",1689669856,0.156801356990508,"nonpositive_curvature","false_convergence",5000,"layered",,FALSE,"",0.114865198056838,0.114865198056838,"default:ok;default_port:ok;layered_lbfgs:fail;layered_port:fail;layered_port_ml:fail;layered_port_budget:fail;witness:fail"
"layered_port_ml","default","ml-gls","wolf","test","wolf_1f6i_l50","cfa",25,77,"native","ML",1689669856,0.156802297699142,"nonpositive_curvature","false_convergence",5000,"layered",,FALSE,"",0.114865198056838,0.114865198056838,"default:ok;default_port:ok;layered_lbfgs:fail;layered_port:fail;layered_port_ml:fail;layered_port_budget:fail;witness:fail"
"layered_port_ml","default","ml-gls","wolf","test","wolf_1f6i_l50","cfa",25,77,"x0.01","ML",1689669856,0.156802757772578,"nonpositive_curvature","false_convergence",5000,"layered",,TRUE,"",0.114865198056837,0.114865198056837,"default:ok;default_port:ok;layered_lbfgs:fail;layered_port:fail;layered_port_ml:fail;layered_port_budget:ok;witness:fail"
"layered_port_ml","default","ml-gls","wolf","test","wolf_1f6i_l50","cfa",25,99,"native","ML",1689670120,0.288130780045668,"available","line_search_salvaged",4955,"layered",,FALSE,"",0.192869488484227,0.192869488484227,"default:ok;default_port:ok;layered_lbfgs:fail;layered_port:fail;layered_port_ml:fail;layered_port_budget:fail;witness:ok"
"layered_port_ml","default","ml-gls","wolf","test","wolf_1f6i_l50","cfa",25,99,"x0.01","ML",1689670120,0.288167804907211,"available","line_search_salvaged",3411,"layered",,FALSE,"",0.192869488484227,0.192869488484227,"default:ok;default_port:ok;layered_lbfgs:fail;layered_port:fail;layered_port_ml:fail;layered_port_budget:fail;witness:ok"
"layered_port_ml","default","ml-gls","wolf","test","wolf_1f8i_l50","cfa",25,21,"mixed","GLS",1278649785,0.409991103217083,"ill_conditioned","singular_convergence",1227,"",,FALSE,"",0.303728026080588,0.303728026080588,"default:ok;default_port:ok;layered_lbfgs:fail;layered_port:fail;layered_port_ml:fail;layered_port_budget:fail;witness:fail"
"layered_port_ml","default","ml-gls","wolf","test","wolf_1f8i_l50","cfa",25,21,"native","GLS",1278649785,0.409990058672661,"ill_conditioned","noisy_objective",1370,"",,FALSE,"",0.303728026080586,0.303728026080586,"default:ok;default_port:ok;layered_lbfgs:fail;layered_port:fail;layered_port_ml:fail;layered_port_budget:fail;witness:fail"
"layered_port_ml","default","ml-gls","wolf","test","wolf_1f8i_l50","cfa",25,21,"x100","GLS",1278649785,0.409990226391044,"ill_conditioned","singular_convergence",1253,"",,FALSE,"",0.303728026080588,0.303728026080588,"default:ok;default_port:ok;layered_lbfgs:fail;layered_port:fail;layered_port_ml:fail;layered_port_budget:fail;witness:fail"
"layered_port_ml","default","ml-gls","wolf","test","wolf_1f8i_l50","cfa",25,24,"mixed","GLS",1278649788,0.364041639389808,"nonpositive_curvature","noisy_objective",1473,"",,FALSE,"",0.354437125461226,0.354437125461226,"default:ok;default_port:ok;layered_lbfgs:fail;layered_port:fail;layered_port_ml:fail;layered_port_budget:fail;witness:fail"
"layered_port_ml","default","ml-gls","wolf","test","wolf_1f8i_l50","cfa",25,24,"x100","GLS",1278649788,0.363944606922189,"nonpositive_curvature","noisy_objective",2452,"",,FALSE,"",0.354437125461226,0.354437125461226,"default:ok;default_port:ok;layered_lbfgs:fail;layered_port:fail;layered_port_ml:fail;layered_port_budget:fail;witness:fail"
"layered_port_ml","default","ml-gls","wolf","test","wolf_1f8i_l50","cfa",25,26,"mixed","GLS",1278649790,0.301065453758666,"ill_conditioned","noisy_objective",1240,"",,FALSE,"",0.267088567448264,0.267088567447728,"default:ok;default_port:ok;layered_lbfgs:fail;layered_port:fail;layered_port_ml:fail;layered_port_budget:fail;witness:fail"
"layered_port_ml","default","ml-gls","wolf","test","wolf_1f8i_l50","cfa",25,26,"native","GLS",1278649790,0.30106480853699,"ill_conditioned","singular_convergence",1544,"",,FALSE,"",0.267088567447863,0.267088567447863,"default:ok;default_port:ok;layered_lbfgs:fail;layered_port:fail;layered_port_ml:fail;layered_port_budget:fail;witness:fail"
"layered_port_ml","default","ml-gls","wolf","test","wolf_1f8i_l50","cfa",25,26,"x100","GLS",1278649790,0.301065274891183,"ill_conditioned","singular_convergence",1354,"",,FALSE,"",0.267088567448264,0.267088567447728,"default:ok;default_port:ok;layered_lbfgs:fail;layered_port:fail;layered_port_ml:fail;layered_port_budget:fail;witness:fail"
"layered_port_ml","default","ml-gls","wolf","test","wolf_1f8i_l50","cfa",25,43,"mixed","GLS",1278650049,0.481978018817631,"nonpositive_curvature","noisy_objective",1619,"",,FALSE,"",0.378117265574025,0.378117265574025,"default:ok;default_port:ok;layered_lbfgs:fail;layered_port:fail;layered_port_ml:fail;layered_port_budget:fail;witness:fail"
"layered_port_ml","default","ml-gls","wolf","test","wolf_1f8i_l50","cfa",25,43,"x100","GLS",1278650049,0.481904839220039,"nonpositive_curvature","noisy_objective",1473,"",,FALSE,"",0.378117265574025,0.378117265574025,"default:ok;default_port:ok;layered_lbfgs:fail;layered_port:fail;layered_port_ml:fail;layered_port_budget:fail;witness:fail"
"layered_port_ml","default","ml-gls","wolf","test","wolf_1f8i_l50","cfa",25,49,"mixed","GLS",1278650055,0.371743061130239,"available","noisy_objective",866,"",,FALSE,"",0.335847059400124,0.335847059400124,"default:ok;default_port:ok;layered_lbfgs:fail;layered_port:fail;layered_port_ml:fail;layered_port_budget:fail;witness:fail"
"layered_port_ml","default","ml-gls","wolf","test","wolf_1f8i_l50","cfa",25,49,"x100","GLS",1278650055,0.371490009305394,"available","noisy_objective",992,"",,FALSE,"",0.33584705940011,0.33584705940011,"default:ok;default_port:ok;layered_lbfgs:fail;layered_port:fail;layered_port_ml:fail;layered_port_budget:fail;witness:fail"
"layered_port_ml","default","ml-gls","wolf","test","wolf_1f8i_l50","cfa",25,51,"mixed","ML",1278650178,0.69328004894596,"nonpositive_curvature","noisy_objective",1561,"layered",,FALSE,"",0.722657192542841,0.722657192542841,"default:ok;default_port:ok;layered_lbfgs:fail;layered_port:fail;layered_port_ml:fail;layered_port_budget:fail;witness:ok"
"layered_port_ml","default","ml-gls","wolf","test","wolf_1f8i_l50","cfa",25,51,"native","ML",1278650178,0.693279609356043,"ill_conditioned","singular_convergence",1700,"layered",,FALSE,"",0.722657192542839,0.722657192542839,"default:ok;default_port:ok;layered_lbfgs:fail;layered_port:fail;layered_port_ml:fail;layered_port_budget:fail;witness:ok"
"layered_port_ml","default","ml-gls","wolf","test","wolf_1f8i_l50","cfa",25,51,"x0.01","ML",1278650178,0.693279918373264,"ill_conditioned","singular_convergence",1538,"layered",,FALSE,"",0.722657192542847,0.722657192542847,"default:ok;default_port:ok;layered_lbfgs:fail;layered_port:fail;layered_port_ml:fail;layered_port_budget:fail;witness:ok"
"layered_port_ml","default","ml-gls","wolf","test","wolf_1f8i_l50","cfa",25,51,"x100","ML",1278650178,0.693279485955998,"ill_conditioned","singular_convergence",1746,"layered",,FALSE,"",0.72265719254284,0.72265719254284,"default:ok;default_port:ok;layered_lbfgs:fail;layered_port:fail;layered_port_ml:fail;layered_port_budget:fail;witness:ok"
"layered_port_ml","default","ml-gls","wolf","test","wolf_1f8i_l50","cfa",25,52,"mixed","GLS",1278650179,0.257494843839093,"nonpositive_curvature","false_convergence",5000,"",,FALSE,"",0.241074130584537,0.241074130584537,"default:ok;default_port:ok;layered_lbfgs:fail;layered_port:fail;layered_port_ml:fail;layered_port_budget:fail;witness:fail"
"layered_port_ml","default","ml-gls","wolf","test","wolf_1f8i_l50","cfa",25,52,"x100","GLS",1278650179,0.257485936585283,"ill_conditioned","false_convergence",5000,"",,FALSE,"",0.241074130584537,0.241074130584537,"default:ok;default_port:ok;layered_lbfgs:fail;layered_port:fail;layered_port_ml:fail;layered_port_budget:fail;witness:fail"
"layered_port_ml","default","ml-gls","wolf","test","wolf_1f8i_l50","cfa",25,53,"mixed","GLS",1278650180,0.317955752690861,"nonpositive_curvature","false_convergence",5000,"",,FALSE,"",0.28145281368588,0.28145281368588,"default:ok;default_port:ok;layered_lbfgs:fail;layered_port:fail;layered_port_ml:fail;layered_port_budget:fail;witness:fail"
"layered_port_ml","default","ml-gls","wolf","test","wolf_1f8i_l50","cfa",25,53,"native","GLS",1278650180,0.317953287220695,"nonpositive_curvature","false_convergence",5000,"",,FALSE,"",0.281452813685962,0.281452813685962,"default:ok;default_port:ok;layered_lbfgs:fail;layered_port:fail;layered_port_ml:fail;layered_port_budget:fail;witness:fail"
"layered_port_ml","default","ml-gls","wolf","test","wolf_1f8i_l50","cfa",25,53,"x100","GLS",1278650180,0.317957561051592,"nonpositive_curvature","false_convergence",5000,"",,FALSE,"",0.28145281368588,0.28145281368588,"default:ok;default_port:ok;layered_lbfgs:fail;layered_port:fail;layered_port_ml:fail;layered_port_budget:fail;witness:fail"
"layered_port_ml","default","ml-gls","wolf","test","wolf_2f3i_l50","cfa",100,29,"x0.01","GLS",712154449,0.0254830777698696,"nonpositive_curvature","false_convergence",5000,"",,FALSE,"",0.0233946674980516,0.0233946674980516,"default:ok;default_port:ok;layered_lbfgs:fail;layered_port:fail;layered_port_ml:fail;layered_port_budget:fail;witness:ok"
"layered_port_ml","default","ml-gls","wolf","test","wolf_2f3i_l50","cfa",100,99,"native","GLS",712155366,0.0611736456732219,"ill_conditioned","false_convergence",5000,"",,FALSE,"",0.0565316625050435,0.0565316625050033,"default:ok;default_port:ok;layered_lbfgs:fail;layered_port:fail;layered_port_ml:fail;layered_port_budget:fail;witness:ok"
"layered_port_ml","default","ml-gls","wolf","test","wolf_2f3i_l50","cfa",100,99,"native","ML",712155366,0.0694968326535266,"available","line_search_salvaged",2719,"layered",,FALSE,"",0.0684178768331005,0.0684178768331005,"default:ok;default_port:ok;layered_lbfgs:fail;layered_port:ok;layered_port_ml:fail;layered_port_budget:fail;witness:ok"
"layered_port_ml","default","ml-gls","wolf","test","wolf_2f3i_l50","cfa",100,99,"x100","GLS",712155366,0.0611740016316491,"ill_conditioned","false_convergence",5000,"",,FALSE,"",0.056531662505032,0.0565316625050033,"default:ok;default_port:ok;layered_lbfgs:fail;layered_port:fail;layered_port_ml:fail;layered_port_budget:fail;witness:ok"
"layered_port_ml","default","ml-gls","wolf","test","wolf_2f3i_l50","cfa",100,99,"x100","ML",712155366,0.0695002730224239,"available","line_search_salvaged",2323,"layered",,FALSE,"",0.0684178768330987,0.0684178768330987,"default:ok;default_port:ok;layered_lbfgs:fail;layered_port:ok;layered_port_ml:fail;layered_port_budget:fail;witness:ok"
"layered_port_ml","default","ml-gls","wolf","test","wolf_2f3i_l50","cfa",25,2,"x0.01","GLS",177077144,0.131647816502634,"ill_conditioned","singular_convergence",1380,"",,FALSE,"",0.0871302370147862,0.0871302370147862,"default:ok;default_port:fail;layered_lbfgs:fail;layered_port:fail;layered_port_ml:fail;layered_port_budget:fail;witness:fail"
"layered_port_ml","default","ml-gls","wolf","test","wolf_2f3i_l50","cfa",25,22,"native","ML",1722269624,0.112020655039292,"available","line_search_salvaged",2280,"layered",,FALSE,"",0.111536157044097,0.111536157044097,"default:ok;default_port:ok;layered_lbfgs:fail;layered_port:ok;layered_port_ml:fail;layered_port_budget:fail;witness:ok"
"layered_port_ml","default","ml-gls","wolf","test","wolf_2f3i_l50","cfa",25,22,"x100","GLS",1722269624,0.0941917909026809,"nonpositive_curvature","noisy_objective",817,"",,FALSE,"",0.0926017785696729,0.0926017785696729,"default:ok;default_port:ok;layered_lbfgs:fail;layered_port:fail;layered_port_ml:fail;layered_port_budget:fail;witness:ok"
"layered_port_ml","default","ml-gls","wolf","test","wolf_2f3i_l50","cfa",25,22,"x100","ML",1722269624,0.112023157554315,"available","line_search_salvaged",1946,"layered",,FALSE,"",0.111536157044096,0.111536157044096,"default:ok;default_port:ok;layered_lbfgs:fail;layered_port:ok;layered_port_ml:fail;layered_port_budget:fail;witness:ok"
"layered_port_ml","default","ml-gls","wolf","test","wolf_2f3i_l50","cfa",25,25,"native","GLS",1722269627,0.17840624453841,"nonpositive_curvature","noisy_objective",1469,"",,FALSE,"",0.157502679233827,0.157502679233827,"default:ok;default_port:ok;layered_lbfgs:fail;layered_port:fail;layered_port_ml:fail;layered_port_budget:fail;witness:ok"
"layered_port_ml","default","ml-gls","wolf","test","wolf_2f3i_l50","cfa",25,25,"x0.01","GLS",1722269627,0.178329991676659,"available","singular_convergence",1489,"",,TRUE,"",0.157502679233797,0.157502679233797,"default:ok;default_port:ok;layered_lbfgs:fail;layered_port:fail;layered_port_ml:fail;layered_port_budget:fail;witness:ok"
"layered_port_ml","default","ml-gls","wolf","test","wolf_2f3i_l50","cfa",25,25,"x100","GLS",1722269627,0.178391027628052,"available","singular_convergence",1028,"",,FALSE,"",0.157502679233808,0.157502679233808,"default:ok;default_port:ok;layered_lbfgs:fail;layered_port:fail;layered_port_ml:fail;layered_port_budget:fail;witness:ok"
"layered_port_ml","default","ml-gls","wolf","test","wolf_2f3i_l50","cfa",25,3,"native","GLS",177077145,0.17443947749391,"nonpositive_curvature","false_convergence",5000,"",,FALSE,"",0.116774974871874,0.116774974871874,"default:ok;default_port:ok;layered_lbfgs:fail;layered_port:fail;layered_port_ml:fail;layered_port_budget:fail;witness:ok"
"layered_port_ml","default","ml-gls","wolf","test","wolf_2f3i_l50","cfa",25,3,"native","ML",177077145,0.274241203623219,"ill_conditioned","false_convergence",5000,"layered",,FALSE,"",0.140694303764585,0.140694303764585,"default:ok;default_port:ok;layered_lbfgs:fail;layered_port:fail;layered_port_ml:fail;layered_port_budget:fail;witness:ok"
"layered_port_ml","default","ml-gls","wolf","test","wolf_2f3i_l50","cfa",25,3,"x100","GLS",177077145,0.174441119039063,"nonpositive_curvature","false_convergence",5000,"",,FALSE,"",0.116774974871839,0.116774974871839,"default:ok;default_port:ok;layered_lbfgs:fail;layered_port:fail;layered_port_ml:fail;layered_port_budget:fail;witness:ok"
"layered_port_ml","default","ml-gls","wolf","test","wolf_2f3i_l50","cfa",25,3,"x100","ML",177077145,0.274241118297113,"ill_conditioned","false_convergence",5000,"layered",,FALSE,"",0.140694303764583,0.140694303764583,"default:ok;default_port:ok;layered_lbfgs:fail;layered_port:fail;layered_port_ml:fail;layered_port_budget:fail;witness:ok"
"layered_port_ml","default","ml-gls","wolf","test","wolf_2f3i_l50","cfa",25,33,"native","GLS",1722269756,0.111672457100498,"ill_conditioned","false_convergence",5000,"",,FALSE,"",0.0633106488972692,0.0633106488972692,"default:ok;default_port:ok;layered_lbfgs:fail;layered_port:fail;layered_port_ml:fail;layered_port_budget:fail;witness:ok"
"layered_port_ml","default","ml-gls","wolf","test","wolf_2f3i_l50","cfa",25,33,"native","ML",1722269756,0.133470469690011,"ill_conditioned","false_convergence",5000,"layered",,FALSE,"",0.0649592705919297,0.0649592705919297,"default:ok;default_port:ok;layered_lbfgs:fail;layered_port:fail;layered_port_ml:fail;layered_port_budget:fail;witness:ok"
"layered_port_ml","default","ml-gls","wolf","test","wolf_2f3i_l50","cfa",25,33,"x100","GLS",1722269756,0.11167394095767,"ill_conditioned","false_convergence",5000,"",,FALSE,"",0.0633106488972712,0.0633106488972712,"default:ok;default_port:ok;layered_lbfgs:fail;layered_port:fail;layered_port_ml:fail;layered_port_budget:fail;witness:ok"
"layered_port_ml","default","ml-gls","wolf","test","wolf_2f3i_l50","cfa",25,33,"x100","ML",1722269756,0.133481917884378,"available","noisy_objective",3805,"layered",,FALSE,"",0.0649592705919311,0.0649592705919311,"default:ok;default_port:ok;layered_lbfgs:fail;layered_port:fail;layered_port_ml:fail;layered_port_budget:fail;witness:ok"
"layered_port_ml","default","ml-gls","wolf","test","wolf_2f3i_l50","cfa",25,45,"native","GLS",1722269889,0.129994215374474,"nonpositive_curvature","noisy_objective",964,"",,FALSE,"",0.151728832086137,0.151728832086137,"default:ok;default_port:ok;layered_lbfgs:fail;layered_port:fail;layered_port_ml:fail;layered_port_budget:fail;witness:ok"
"layered_port_ml","default","ml-gls","wolf","test","wolf_2f3i_l50","cfa",25,45,"x100","GLS",1722269889,0.129688972732025,"nonpositive_curvature","noisy_objective",961,"",,FALSE,"",0.15172883208614,0.15172883208614,"default:ok;default_port:ok;layered_lbfgs:fail;layered_port:fail;layered_port_ml:fail;layered_port_budget:fail;witness:ok"
"layered_port_ml","default","ml-gls","wolf","test","wolf_2f3i_l50","cfa",25,48,"native","GLS",1722269892,0.150387556031933,"ill_conditioned","singular_convergence",595,"",,FALSE,"",0.086425565870431,0.086425565605747,"default:ok;default_port:ok;layered_lbfgs:fail;layered_port:fail;layered_port_ml:fail;layered_port_budget:fail;witness:ok"
"layered_port_ml","default","ml-gls","wolf","test","wolf_2f3i_l50","cfa",25,48,"native","ML",1722269892,0.217303344233978,"ill_conditioned","singular_convergence",959,"layered",,FALSE,"",0.0934612818876763,0.0934607585759002,"default:ok;default_port:ok;layered_lbfgs:fail;layered_port:fail;layered_port_ml:fail;layered_port_budget:fail;witness:ok"
"layered_port_ml","default","ml-gls","wolf","test","wolf_2f3i_l50","cfa",25,48,"x100","GLS",1722269892,0.150387356904395,"ill_conditioned","singular_convergence",718,"",,FALSE,"",0.0864255656055757,0.0864255656055757,"default:ok;default_port:ok;layered_lbfgs:fail;layered_port:fail;layered_port_ml:fail;layered_port_budget:fail;witness:ok"
"layered_port_ml","default","ml-gls","wolf","test","wolf_2f3i_l50","cfa",25,48,"x100","ML",1722269892,0.21730362199154,"ill_conditioned","line_search_salvaged",803,"layered",,FALSE,"",0.0934608370111931,0.0934607585761213,"default:ok;default_port:ok;layered_lbfgs:fail;layered_port:fail;layered_port_ml:fail;layered_port_budget:fail;witness:ok"
"layered_port_ml","default","ml-gls","wolf","test","wolf_2f3i_l50","cfa",25,49,"native","GLS",1722269893,0.117131683712225,"ill_conditioned","false_convergence",5000,"",,FALSE,"",0.086367639867657,0.086367639867657,"default:ok;default_port:ok;layered_lbfgs:fail;layered_port:fail;layered_port_ml:fail;layered_port_budget:fail;witness:ok"
"layered_port_ml","default","ml-gls","wolf","test","wolf_2f3i_l50","cfa",25,49,"x100","GLS",1722269893,0.117131059338272,"nonpositive_curvature","false_convergence",5000,"",,FALSE,"",0.0863676398676553,0.0863676398676553,"default:ok;default_port:ok;layered_lbfgs:fail;layered_port:fail;layered_port_ml:fail;layered_port_budget:fail;witness:ok"
"layered_port_ml","default","ml-gls","wolf","test","wolf_2f3i_l50","cfa",25,49,"x100","ML",1722269893,0.127679123902983,"nonpositive_curvature","false_convergence",5000,"layered",,FALSE,"",0.11334935604075,0.11334935604075,"default:ok;default_port:ok;layered_lbfgs:fail;layered_port:fail;layered_port_ml:fail;layered_port_budget:fail;witness:ok"
"layered_port_ml","default","ml-gls","wolf","test","wolf_2f3i_l50","cfa",25,53,"mixed","GLS",1722270018,0.104535504525979,"nonpositive_curvature","singular_convergence",628,"",,FALSE,"",0.0738063264956696,0.0738063264956696,"default:ok;default_port:ok;layered_lbfgs:fail;layered_port:fail;layered_port_ml:fail;layered_port_budget:fail;witness:ok"
"layered_port_ml","default","ml-gls","wolf","test","wolf_2f3i_l50","cfa",25,53,"native","GLS",1722270018,0.104535322632521,"ill_conditioned","noisy_objective",694,"",,FALSE,"",0.0738063264956696,0.0738063264956696,"default:ok;default_port:ok;layered_lbfgs:fail;layered_port:fail;layered_port_ml:fail;layered_port_budget:fail;witness:ok"
"layered_port_ml","default","ml-gls","wolf","test","wolf_2f3i_l50","cfa",25,53,"native","ML",1722270018,0.107800037257033,"ill_conditioned","noisy_objective",641,"layered",,FALSE,"",0.085921533890255,0.085921533890255,"default:ok;default_port:ok;layered_lbfgs:fail;layered_port:fail;layered_port_ml:fail;layered_port_budget:fail;witness:ok"
"layered_port_ml","default","ml-gls","wolf","test","wolf_2f3i_l50","cfa",25,53,"x100","GLS",1722270018,0.104535532391433,"ill_conditioned","noisy_objective",636,"",,FALSE,"",0.0738063264956728,0.0738063264956728,"default:ok;default_port:ok;layered_lbfgs:fail;layered_port:fail;layered_port_ml:fail;layered_port_budget:fail;witness:ok"
"layered_port_ml","default","ml-gls","wolf","test","wolf_2f3i_l50","cfa",25,53,"x100","ML",1722270018,0.107799489856056,"ill_conditioned","singular_convergence",895,"layered",,FALSE,"",0.0859215338902537,0.0859215338902537,"default:ok;default_port:ok;layered_lbfgs:fail;layered_port:fail;layered_port_ml:fail;layered_port_budget:fail;witness:ok"
"layered_port_ml","default","ml-gls","wolf","test","wolf_2f3i_l50","cfa",25,63,"native","GLS",1722270149,0.159424638606417,"ill_conditioned","singular_convergence",726,"",,FALSE,"",0.154273590190865,0.154273590190865,"default:ok;default_port:ok;layered_lbfgs:fail;layered_port:fail;layered_port_ml:fail;layered_port_budget:fail;witness:ok"
"layered_port_ml","default","ml-gls","wolf","test","wolf_2f3i_l50","cfa",25,63,"x100","GLS",1722270149,0.159424619941579,"ill_conditioned","singular_convergence",774,"",,FALSE,"",0.154273590190848,0.154273590190848,"default:ok;default_port:ok;layered_lbfgs:fail;layered_port:fail;layered_port_ml:fail;layered_port_budget:fail;witness:ok"
"layered_port_ml","default","ml-gls","wolf","test","wolf_2f3i_l50","cfa",25,68,"native","ML",1722270154,0.140092388663041,"available","line_search_salvaged",3383,"layered",,FALSE,"",0.139556331014166,0.139556284484086,"default:ok;default_port:ok;layered_lbfgs:fail;layered_port:ok;layered_port_ml:fail;layered_port_budget:fail;witness:ok"
"layered_port_ml","default","ml-gls","wolf","test","wolf_2f3i_l50","cfa",25,68,"x100","ML",1722270154,0.140084910131954,"available","line_search_salvaged",4966,"layered",,FALSE,"",0.155164426808987,0.139556284484453,"default:ok;default_port:ok;layered_lbfgs:fail;layered_port:ok;layered_port_ml:fail;layered_port_budget:fail;witness:ok"
"layered_port_ml","default","ml-gls","wolf","test","wolf_2f3i_l50","cfa",25,74,"native","GLS",1722270281,0.0634998632721924,"ill_conditioned","false_convergence",5000,"",,FALSE,"",0.0554100092107971,0.0554100092107971,"default:ok;default_port:ok;layered_lbfgs:fail;layered_port:fail;layered_port_ml:fail;layered_port_budget:fail;witness:fail"
"layered_port_ml","default","ml-gls","wolf","test","wolf_2f3i_l50","cfa",25,74,"native","ML",1722270281,0.0758376089496888,"available","noisy_objective",4397,"layered",,FALSE,"",0.0698474267896847,0.0698474267896847,"default:ok;default_port:ok;layered_lbfgs:fail;layered_port:fail;layered_port_ml:fail;layered_port_budget:fail;witness:fail"
"layered_port_ml","default","ml-gls","wolf","test","wolf_2f3i_l50","cfa",25,74,"x100","GLS",1722270281,0.0634993762873465,"ill_conditioned","false_convergence",5000,"",,FALSE,"",0.0554100092108031,0.0554100092108031,"default:ok;default_port:ok;layered_lbfgs:fail;layered_port:fail;layered_port_ml:fail;layered_port_budget:fail;witness:fail"
"layered_port_ml","default","ml-gls","wolf","test","wolf_2f3i_l50","cfa",25,77,"x100","ML",1722270284,0.241309944735452,"nonpositive_curvature","false_convergence",5000,"layered",,FALSE,"",0.142330432084563,0.142330432084563,"default:ok;default_port:ok;layered_lbfgs:fail;layered_port:fail;layered_port_ml:fail;layered_port_budget:fail;witness:ok"
"layered_port_ml","default","ml-gls","wolf","test","wolf_2f3i_l50","cfa",25,81,"native","GLS",1722270409,0.135232922740647,"nonpositive_curvature","false_convergence",5000,"",,FALSE,"",0.129418120518178,0.129418120518178,"default:ok;default_port:ok;layered_lbfgs:fail;layered_port:fail;layered_port_ml:fail;layered_port_budget:fail;witness:ok"
"layered_port_ml","default","ml-gls","wolf","test","wolf_2f3i_l50","cfa",25,81,"native","ML",1722270409,0.198494241206391,"nonpositive_curvature","false_convergence",5000,"layered",,FALSE,"",0.195419977595821,0.195419977595821,"default:ok;default_port:ok;layered_lbfgs:fail;layered_port:fail;layered_port_ml:fail;layered_port_budget:fail;witness:ok"
"layered_port_ml","default","ml-gls","wolf","test","wolf_2f3i_l50","cfa",25,81,"x100","GLS",1722270409,0.135232621541811,"ill_conditioned","false_convergence",5000,"",,FALSE,"",0.129418120518176,0.129418120518176,"default:ok;default_port:ok;layered_lbfgs:fail;layered_port:fail;layered_port_ml:fail;layered_port_budget:fail;witness:ok"
"layered_port_ml","default","ml-gls","wolf","test","wolf_2f3i_l50","cfa",25,87,"native","GLS",1722270415,0.208943866684734,"available","singular_convergence",909,"",,FALSE,"",0.14414751884754,0.144147518847434,"default:ok;default_port:ok;layered_lbfgs:fail;layered_port:fail;layered_port_ml:fail;layered_port_budget:fail;witness:ok"
"layered_port_ml","default","ml-gls","wolf","test","wolf_2f3i_l50","cfa",25,87,"native","ML",1722270415,0.345746672241414,"nonpositive_curvature","false_convergence",5000,"layered",,FALSE,"",0.319016465810098,0.319016465810098,"default:ok;default_port:ok;layered_lbfgs:fail;layered_port:fail;layered_port_ml:fail;layered_port_budget:fail;witness:ok"
"layered_port_ml","default","ml-gls","wolf","test","wolf_2f3i_l50","cfa",25,87,"x100","GLS",1722270415,0.208744694607996,"ill_conditioned","singular_convergence",1405,"",,FALSE,"",0.144147518847432,0.144147518847432,"default:ok;default_port:ok;layered_lbfgs:fail;layered_port:fail;layered_port_ml:fail;layered_port_budget:fail;witness:ok"
"layered_port_ml","default","ml-gls","wolf","test","wolf_2f3i_l50","cfa",25,87,"x100","ML",1722270415,0.345747850863951,"nonpositive_curvature","false_convergence",5000,"layered",,FALSE,"",0.319016465810101,0.319016465810101,"default:ok;default_port:ok;layered_lbfgs:fail;layered_port:fail;layered_port_ml:fail;layered_port_budget:fail;witness:ok"
"layered_port_ml","default","ml-gls","wolf","test","wolf_2f3i_l50","cfa",25,9,"native","GLS",177077151,0.171062291311346,"available","singular_convergence",1125,"",,FALSE,"",0.164474964918448,0.164474530786384,"default:ok;default_port:ok;layered_lbfgs:fail;layered_port:fail;layered_port_ml:fail;layered_port_budget:fail;witness:ok"
"layered_port_ml","default","ml-gls","wolf","test","wolf_2f3i_l50","cfa",25,9,"x100","GLS",177077151,0.171081412821997,"available","singular_convergence",1023,"",,FALSE,"",0.164474627601365,0.164474530786649,"default:ok;default_port:ok;layered_lbfgs:fail;layered_port:fail;layered_port_ml:fail;layered_port_budget:fail;witness:ok"
"layered_port_ml","default","ml-gls","wolf","test","wolf_2f3i_l50","cfa",25,94,"x100","ML",1722270543,0.217242656686132,"available","noisy_objective",4033,"layered",,FALSE,"",0.216928141494211,0.216927845923735,"default:ok;default_port:ok;layered_lbfgs:fail;layered_port:ok;layered_port_ml:fail;layered_port_budget:fail;witness:ok"
"layered_port_ml","default","ml-gls","wolf","test","wolf_2f3i_l50","cfa",25,97,"native","GLS",1722270546,0.0636742765670002,"ill_conditioned","false_convergence",5000,"",,FALSE,"",0.0634818127207218,0.0634811721994791,"default:ok;default_port:ok;layered_lbfgs:fail;layered_port:fail;layered_port_ml:fail;layered_port_budget:fail;witness:ok"
"layered_port_ml","default","ml-gls","wolf","test","wolf_2f3i_l50","cfa",25,97,"native","ML",1722270546,0.0695959881422734,"available","line_search_salvaged",4819,"layered",,FALSE,"",0.0682184543035298,0.0682184543035298,"default:ok;default_port:ok;layered_lbfgs:fail;layered_port:ok;layered_port_ml:fail;layered_port_budget:fail;witness:ok"
"layered_port_ml","default","ml-gls","wolf","test","wolf_2f3i_l50","cfa",25,97,"x100","GLS",1722270546,0.0636742552017831,"ill_conditioned","false_convergence",5000,"",,FALSE,"",0.0634813765623354,0.063481172199503,"default:ok;default_port:ok;layered_lbfgs:fail;layered_port:fail;layered_port_ml:fail;layered_port_budget:fail;witness:ok"
"layered_port_ml","default","ml-gls","wolf","test","wolf_2f3i_l50","cfa",25,98,"native","ML",1722270547,0.155213629068179,"available","line_search_salvaged",5000,"layered",,FALSE,"",0.158880863835399,0.155352899137639,"default:ok;default_port:ok;layered_lbfgs:fail;layered_port:ok;layered_port_ml:fail;layered_port_budget:fail;witness:ok"
"layered_port_ml","default","ml-gls","wolf","test","wolf_2f3i_l50","cfa",25,98,"x100","ML",1722270547,0.155227324062352,"available","line_search_salvaged",4086,"layered",,FALSE,"",0.1588808638354,0.155359165376016,"default:ok;default_port:ok;layered_lbfgs:fail;layered_port:ok;layered_port_ml:fail;layered_port_budget:fail;witness:ok"
"layered_port_ml","default","ml-gls","wolf","test","wolf_2f6i_l50","cfa",25,16,"mixed","GLS",1105740382,0.730143479790259,"ill_conditioned","singular_convergence",1850,"",,FALSE,"",0.700403790496524,0.700403790496524,"default:ok;default_port:ok;layered_lbfgs:ok;layered_port:fail;layered_port_ml:fail;layered_port_budget:fail;witness:fail"
"layered_port_ml","default","ml-gls","wolf","test","wolf_2f6i_l50","cfa",25,16,"native","GLS",1105740382,0.73014337937229,"ill_conditioned","singular_convergence",1771,"",,FALSE,"",0.700403790495935,0.700403790495935,"default:ok;default_port:fail;layered_lbfgs:ok;layered_port:fail;layered_port_ml:fail;layered_port_budget:fail;witness:fail"
"layered_port_ml","default","ml-gls","wolf","test","wolf_2f6i_l50","cfa",25,16,"x100","GLS",1105740382,0.730143066185496,"ill_conditioned","singular_convergence",2042,"",,FALSE,"",0.700403790496545,0.700403790495882,"default:ok;default_port:ok;layered_lbfgs:ok;layered_port:fail;layered_port_ml:fail;layered_port_budget:fail;witness:fail"
"layered_port_ml","default","ml-gls","wolf","test","wolf_2f6i_l50","cfa",25,20,"mixed","ML",1105740507,1.23872118625047,"available","singular_convergence",1777,"layered",,FALSE,"",1.20381405044198,1.20381405044198,"default:ok;default_port:ok;layered_lbfgs:fail;layered_port:fail;layered_port_ml:fail;layered_port_budget:fail;witness:ok"
"layered_port_ml","default","ml-gls","wolf","test","wolf_2f6i_l50","cfa",25,20,"native","ML",1105740507,1.2389104329775,"available","singular_convergence",1185,"layered",,FALSE,"",1.20381405044199,1.20381405044199,"default:ok;default_port:ok;layered_lbfgs:fail;layered_port:fail;layered_port_ml:fail;layered_port_budget:fail;witness:ok"
"layered_port_ml","default","ml-gls","wolf","test","wolf_2f6i_l50","cfa",25,20,"x0.01","ML",1105740507,1.23890519860971,"available","singular_convergence",1045,"layered",,TRUE,"",1.203814050442,1.203814050442,"default:ok;default_port:ok;layered_lbfgs:fail;layered_port:fail;layered_port_ml:fail;layered_port_budget:fail;witness:ok"
"layered_port_ml","default","ml-gls","wolf","test","wolf_2f6i_l50","cfa",25,20,"x100","ML",1105740507,1.23876936377098,"available","singular_convergence",1177,"layered",,FALSE,"",1.20381405044198,1.20381405044198,"default:ok;default_port:ok;layered_lbfgs:fail;layered_port:fail;layered_port_ml:fail;layered_port_budget:fail;witness:ok"
"layered_port_ml","default","ml-gls","wolf","test","wolf_2f6i_l50","cfa",25,3,"mixed","GLS",1483811200,0.722863101991897,"ill_conditioned","singular_convergence",1426,"",,FALSE,"",0.724082688012719,0.724082688012719,"default:ok;default_port:ok;layered_lbfgs:fail;layered_port:fail;layered_port_ml:fail;layered_port_budget:fail;witness:fail"
"layered_port_ml","default","ml-gls","wolf","test","wolf_2f6i_l50","cfa",25,3,"native","GLS",1483811200,0.722868321311195,"ill_conditioned","singular_convergence",1508,"",,FALSE,"",0.724082688016343,0.72408268801627,"default:ok;default_port:ok;layered_lbfgs:fail;layered_port:fail;layered_port_ml:fail;layered_port_budget:fail;witness:fail"
"layered_port_ml","default","ml-gls","wolf","test","wolf_2f6i_l50","cfa",25,3,"x100","GLS",1483811200,0.722886024089404,"nonpositive_curvature","singular_convergence",715,"",,FALSE,"",0.724082688012718,0.724082688012718,"default:ok;default_port:ok;layered_lbfgs:fail;layered_port:fail;layered_port_ml:fail;layered_port_budget:fail;witness:fail"
"layered_port_ml","default","ml-gls","wolf","test","wolf_2f6i_l50","cfa",25,31,"mixed","GLS",1105740639,1.09785782083786,"nonpositive_curvature","false_convergence",5000,"",,FALSE,"",1.01983742142252,1.01983742142252,"default:ok;default_port:ok;layered_lbfgs:fail;layered_port:fail;layered_port_ml:fail;layered_port_budget:fail;witness:fail"
"layered_port_ml","default","ml-gls","wolf","test","wolf_2f6i_l50","cfa",25,31,"x100","GLS",1105740639,1.09785692523166,"ill_conditioned","false_convergence",5000,"",,FALSE,"",1.01983742142266,1.01983742142266,"default:ok;default_port:ok;layered_lbfgs:fail;layered_port:fail;layered_port_ml:fail;layered_port_budget:fail;witness:fail"
"layered_port_ml","default","ml-gls","wolf","test","wolf_2f6i_l50","cfa",25,32,"mixed","GLS",1105740640,0.930957315980768,"ill_conditioned","singular_convergence",3444,"",,FALSE,"",0.969534428830995,0.969534428830995,"default:ok;default_port:ok;layered_lbfgs:fail;layered_port:fail;layered_port_ml:fail;layered_port_budget:fail;witness:fail"
"layered_port_ml","default","ml-gls","wolf","test","wolf_2f6i_l50","cfa",25,32,"native","GLS",1105740640,0.930966776290401,"ill_conditioned","singular_convergence",3324,"",,FALSE,"",0.969534428829014,0.969534428829014,"default:ok;default_port:fail;layered_lbfgs:fail;layered_port:fail;layered_port_ml:fail;layered_port_budget:fail;witness:fail"
"layered_port_ml","default","ml-gls","wolf","test","wolf_2f6i_l50","cfa",25,32,"x100","GLS",1105740640,0.931004703390881,"ill_conditioned","singular_convergence",2657,"",,FALSE,"",0.969534428830381,0.969534428829637,"default:ok;default_port:ok;layered_lbfgs:fail;layered_port:fail;layered_port_ml:fail;layered_port_budget:fail;witness:fail"
"layered_port_ml","default","ml-gls","wolf","test","wolf_2f6i_l50","cfa",25,45,"mixed","GLS",1105740774,0.784506041330833,"ill_conditioned","singular_convergence",1361,"",,FALSE,"",0.761427566172705,0.761427566172705,"default:ok;default_port:ok;layered_lbfgs:fail;layered_port:fail;layered_port_ml:fail;layered_port_budget:fail;witness:fail"
"layered_port_ml","default","ml-gls","wolf","test","wolf_2f6i_l50","cfa",25,45,"native","GLS",1105740774,0.784506563039801,"ill_conditioned","singular_convergence",1229,"",,FALSE,"",0.761427566172185,0.761427566172185,"default:ok;default_port:ok;layered_lbfgs:fail;layered_port:fail;layered_port_ml:fail;layered_port_budget:fail;witness:fail"
"layered_port_ml","default","ml-gls","wolf","test","wolf_2f6i_l50","cfa",25,45,"x100","GLS",1105740774,0.784505714850357,"ill_conditioned","singular_convergence",1560,"",,FALSE,"",0.761427566172706,0.761427566172706,"default:ok;default_port:ok;layered_lbfgs:fail;layered_port:fail;layered_port_ml:fail;layered_port_budget:fail;witness:fail"
"layered_port_ml","default","ml-gls","wolf","test","wolf_2f6i_l50","cfa",25,62,"mixed","GLS",1105741033,0.994859354336509,"nonpositive_curvature","false_convergence",5000,"",,FALSE,"",0.893463193093876,0.893463193026371,"default:ok;default_port:ok;layered_lbfgs:ok;layered_port:fail;layered_port_ml:fail;layered_port_budget:fail;witness:fail"
"layered_port_ml","default","ml-gls","wolf","test","wolf_2f6i_l50","cfa",25,62,"native","GLS",1105741033,0.994859014954441,"ill_conditioned","false_convergence",5000,"",,FALSE,"",0.893463193026791,0.893463193026333,"default:ok;default_port:ok;layered_lbfgs:ok;layered_port:fail;layered_port_ml:fail;layered_port_budget:fail;witness:fail"
"layered_port_ml","default","ml-gls","wolf","test","wolf_2f6i_l50","cfa",25,62,"x100","GLS",1105741033,0.994859259623562,"nonpositive_curvature","false_convergence",5000,"",,FALSE,"",0.893463193026393,0.893463193026393,"default:ok;default_port:ok;layered_lbfgs:ok;layered_port:fail;layered_port_ml:fail;layered_port_budget:fail;witness:fail"
"layered_port_ml","default","ml-gls","wolf","test","wolf_2f6i_l50","cfa",25,64,"mixed","GLS",1105741035,0.85024483637142,"nonpositive_curvature","noisy_objective",1834,"",,FALSE,"",0.868944510765892,0.868944510765892,"default:ok;default_port:ok;layered_lbfgs:fail;layered_port:fail;layered_port_ml:fail;layered_port_budget:fail;witness:ok"
"layered_port_ml","default","ml-gls","wolf","test","wolf_2f6i_l50","cfa",25,64,"native","GLS",1105741035,0.850174873882901,"nonpositive_curvature","singular_convergence",2149,"",,FALSE,"",0.868944510765177,0.868944510765177,"default:ok;default_port:ok;layered_lbfgs:fail;layered_port:fail;layered_port_ml:fail;layered_port_budget:fail;witness:ok"
"layered_port_ml","default","ml-gls","wolf","test","wolf_2f6i_l50","cfa",25,64,"x100","GLS",1105741035,0.850167164111961,"nonpositive_curvature","singular_convergence",2225,"",,FALSE,"",0.868944510765892,0.868944510765892,"default:ok;default_port:ok;layered_lbfgs:fail;layered_port:fail;layered_port_ml:fail;layered_port_budget:fail;witness:ok"
"layered_port_ml","default","ml-gls","wolf","test","wolf_2f6i_l50","cfa",25,80,"mixed","GLS",1105741293,0.842680060330703,"ill_conditioned","false_convergence",5000,"",,FALSE,"",0.809073540527108,0.808557957975953,"default:ok;default_port:ok;layered_lbfgs:ok;layered_port:fail;layered_port_ml:fail;layered_port_budget:fail;witness:fail"
"layered_port_ml","default","ml-gls","wolf","test","wolf_2f6i_l50","cfa",25,80,"native","GLS",1105741293,0.842679057146539,"ill_conditioned","false_convergence",5000,"",,FALSE,"",0.809073540527167,0.808557957975956,"default:ok;default_port:ok;layered_lbfgs:ok;layered_port:fail;layered_port_ml:fail;layered_port_budget:fail;witness:fail"
"layered_port_ml","default","ml-gls","wolf","test","wolf_2f6i_l50","cfa",25,80,"x100","GLS",1105741293,0.842678237780664,"ill_conditioned","false_convergence",5000,"",,FALSE,"",0.809073540527107,0.808557957975954,"default:ok;default_port:ok;layered_lbfgs:ok;layered_port:fail;layered_port_ml:fail;layered_port_budget:fail;witness:fail"
"layered_port_ml","default","ml-gls","wolf","test","wolf_2f6i_l50","cfa",25,98,"mixed","GLS",1105741432,1.11993256616622,"available","singular_convergence",3473,"",,FALSE,"",0.90785523399916,0.907854807727192,"default:ok;default_port:ok;layered_lbfgs:fail;layered_port:fail;layered_port_ml:fail;layered_port_budget:fail;witness:fail"
"layered_port_ml","default","ml-gls","wolf","test","wolf_2f6i_l50","cfa",25,98,"x100","GLS",1105741432,1.12112873389074,"nonpositive_curvature","noisy_objective",2074,"",,FALSE,"",0.907856586480813,0.907854807726766,"default:ok;default_port:ok;layered_lbfgs:fail;layered_port:fail;layered_port_ml:fail;layered_port_budget:fail;witness:fail"
"layered_port_ml","default","ml-gls","wolf","test","wolf_2f6i_l80","cfa",25,24,"mixed","GLS",690333505,0.919318407689461,"available","noisy_objective",1051,"",,FALSE,"",0.911028728110661,0.911028728110661,"default:ok;default_port:ok;layered_lbfgs:fail;layered_port:fail;layered_port_ml:fail;layered_port_budget:fail;witness:fail"
"layered_port_ml","default","ml-gls","wolf","test","wolf_2f6i_l80","cfa",25,24,"x100","GLS",690333505,0.919331291084789,"available","noisy_objective",945,"",,FALSE,"",0.91102872811066,0.91102872811066,"default:ok;default_port:ok;layered_lbfgs:fail;layered_port:fail;layered_port_ml:fail;layered_port_budget:fail;witness:fail"
"layered_port_ml","default","ml-gls","wolf","test","wolf_2f6i_l80","cfa",25,39,"mixed","GLS",690333641,0.886218546159178,"available","line_search_salvaged",4817,"",,FALSE,"",0.852289073817845,0.852289073817845,"default:ok;default_port:ok;layered_lbfgs:fail;layered_port:fail;layered_port_ml:fail;layered_port_budget:fail;witness:fail"
"layered_port_ml","default","ml-gls","wolf","test","wolf_2f6i_l80","cfa",25,39,"x100","GLS",690333641,0.886213464201194,"nonpositive_curvature","false_convergence",5000,"",,FALSE,"",0.852289073815108,0.852289073815108,"default:ok;default_port:ok;layered_lbfgs:fail;layered_port:fail;layered_port_ml:fail;layered_port_budget:fail;witness:fail"
"layered_port_ml","default","ml-gls","wolf","test","wolf_2f6i_l80","cfa",25,55,"mixed","GLS",690333899,0.957166850247705,"ill_conditioned","singular_convergence",1503,"",,FALSE,"",0.903153816267552,0.903153816267552,"default:ok;default_port:ok;layered_lbfgs:fail;layered_port:fail;layered_port_ml:fail;layered_port_budget:fail;witness:fail"
"layered_port_ml","default","ml-gls","wolf","test","wolf_2f6i_l80","cfa",25,55,"x100","GLS",690333899,0.957166677438401,"ill_conditioned","singular_convergence",1428,"",,FALSE,"",0.903153816267229,0.903153816267229,"default:ok;default_port:ok;layered_lbfgs:fail;layered_port:fail;layered_port_ml:fail;layered_port_budget:fail;witness:fail"
"layered_port_ml","default","ml-gls","wolf","test","wolf_2f6i_l80","cfa",25,79,"mixed","GLS",690334165,0.802237925900435,"ill_conditioned","singular_convergence",2528,"",,FALSE,"",0.958384174581029,0.958384174581029,"default:ok;default_port:ok;layered_lbfgs:ok;layered_port:fail;layered_port_ml:fail;layered_port_budget:fail;witness:ok"
"layered_port_ml","default","ml-gls","wolf","test","wolf_2f6i_l80","cfa",25,79,"native","GLS",690334165,0.802138905283684,"ill_conditioned","singular_convergence",3119,"",,FALSE,"",0.958384174581336,0.958384174581336,"default:ok;default_port:ok;layered_lbfgs:ok;layered_port:fail;layered_port_ml:fail;layered_port_budget:fail;witness:ok"
"layered_port_ml","default","ml-gls","wolf","test","wolf_2f6i_l80","cfa",25,79,"x100","GLS",690334165,0.802135840975359,"ill_conditioned","singular_convergence",3245,"",,FALSE,"",0.958384174581029,0.958384174581029,"default:ok;default_port:ok;layered_lbfgs:ok;layered_port:fail;layered_port_ml:fail;layered_port_budget:fail;witness:ok"
"layered_port_ml","default","ml-gls","wolf","test","wolf_2f6i_l80","cfa",25,83,"native","GLS",690334290,1.00228901428681,"available","line_search_salvaged",3579,"",,FALSE,"",0.968707586068589,0.968707586068589,"default:ok;default_port:ok;layered_lbfgs:ok;layered_port:fail;layered_port_ml:fail;layered_port_budget:fail;witness:ok"
"layered_port_ml","default","ml-gls","wolf","test","wolf_2f6i_l80","cfa",25,83,"x0.01","GLS",690334290,1.00229056751782,"available","line_search_salvaged",3348,"",,FALSE,"",1.09945687343484,0.968707586068761,"default:ok;default_port:fail;layered_lbfgs:ok;layered_port:fail;layered_port_ml:fail;layered_port_budget:fail;witness:ok"
"layered_port_ml","default","ml-gls","wolf","test","wolf_2f8i_l50","cfa",26,16,"mixed","GLS",696969063,1.68645671086137,"ill_conditioned","singular_convergence",1491,"",,FALSE,"",1.54840318640152,1.54840318640152,"default:ok;default_port:fail;layered_lbfgs:fail;layered_port:fail;layered_port_ml:fail;layered_port_budget:fail;witness:fail"
"layered_port_ml","default","ml-gls","wolf","test","wolf_2f8i_l50","cfa",26,16,"x100","GLS",696969063,1.68645784206192,"ill_conditioned","singular_convergence",1223,"",,FALSE,"",1.54840318640123,1.54840318640123,"default:ok;default_port:fail;layered_lbfgs:fail;layered_port:fail;layered_port_ml:fail;layered_port_budget:fail;witness:fail"
"layered_port_ml","default","ml-gls","wolf","test","wolf_2f8i_l50","cfa",26,17,"mixed","GLS",696969064,1.41808392193653,"nonpositive_curvature","singular_convergence",1540,"",,FALSE,"",1.26107399075302,1.26107399073401,"default:ok;default_port:ok;layered_lbfgs:fail;layered_port:fail;layered_port_ml:fail;layered_port_budget:fail;witness:fail"
"layered_port_ml","default","ml-gls","wolf","test","wolf_2f8i_l50","cfa",26,17,"native","GLS",696969064,1.41814244832584,"nonpositive_curvature","singular_convergence",1530,"",,FALSE,"",1.26107399087861,1.26107399087861,"default:ok;default_port:fail;layered_lbfgs:fail;layered_port:fail;layered_port_ml:fail;layered_port_budget:fail;witness:fail"
"layered_port_ml","default","ml-gls","wolf","test","wolf_2f8i_l50","cfa",26,17,"x100","GLS",696969064,1.41804206820078,"nonpositive_curvature","singular_convergence",1589,"",,FALSE,"",1.26107399075304,1.26107399073401,"default:ok;default_port:ok;layered_lbfgs:fail;layered_port:fail;layered_port_ml:fail;layered_port_budget:fail;witness:fail"
"layered_port_ml","default","ml-gls","wolf","test","wolf_2f8i_l50","cfa",26,2,"mixed","GLS",923328644,1.59832966022743,"nonpositive_curvature","singular_convergence",2240,"",,FALSE,"",1.38593832401776,1.38593832401776,"default:ok;default_port:ok;layered_lbfgs:fail;layered_port:fail;layered_port_ml:fail;layered_port_budget:fail;witness:fail"
"layered_port_ml","default","ml-gls","wolf","test","wolf_2f8i_l50","cfa",26,2,"x100","GLS",923328644,1.59637112671842,"nonpositive_curvature","noisy_objective",2049,"",,FALSE,"",1.38593832401746,1.38593832401746,"default:ok;default_port:ok;layered_lbfgs:fail;layered_port:fail;layered_port_ml:fail;layered_port_budget:fail;witness:fail"
"layered_port_ml","default","ml-gls","wolf","test","wolf_2f8i_l50","cfa",26,26,"mixed","GLS",696969194,1.48999784279314,"nonpositive_curvature","singular_convergence",1142,"",,FALSE,"",1.47262149230692,1.47262120821581,"default:ok;default_port:ok;layered_lbfgs:fail;layered_port:fail;layered_port_ml:fail;layered_port_budget:fail;witness:fail"
"layered_port_ml","default","ml-gls","wolf","test","wolf_2f8i_l50","cfa",26,26,"x100","GLS",696969194,1.48989982146445,"nonpositive_curvature","singular_convergence",1216,"",,FALSE,"",1.47262172048518,1.47262120821095,"default:ok;default_port:ok;layered_lbfgs:fail;layered_port:fail;layered_port_ml:fail;layered_port_budget:fail;witness:fail"
"layered_port_ml","default","ml-gls","wolf","test","wolf_2f8i_l50","cfa",26,29,"mixed","GLS",696969197,1.31296395593142,"available","singular_convergence",1189,"",,FALSE,"",1.24917277031346,1.24917277031346,"default:ok;default_port:ok;layered_lbfgs:fail;layered_port:fail;layered_port_ml:fail;layered_port_budget:fail;witness:fail"
"layered_port_ml","default","ml-gls","wolf","test","wolf_2f8i_l50","cfa",26,29,"x100","GLS",696969197,1.31295357827618,"available","singular_convergence",1223,"",,FALSE,"",1.24917277031346,1.24917277031346,"default:ok;default_port:ok;layered_lbfgs:fail;layered_port:fail;layered_port_ml:fail;layered_port_budget:fail;witness:fail"
"layered_port_ml","default","ml-gls","wolf","test","wolf_2f8i_l50","cfa",26,38,"mixed","GLS",696969327,1.76017167918454,"nonpositive_curvature","singular_convergence",1199,"",,FALSE,"",1.60627740939405,1.60627740939405,"default:ok;default_port:ok;layered_lbfgs:fail;layered_port:fail;layered_port_ml:fail;layered_port_budget:fail;witness:fail"
"layered_port_ml","default","ml-gls","wolf","test","wolf_2f8i_l50","cfa",26,38,"x100","GLS",696969327,1.77642850389805,"nonpositive_curvature","noisy_objective",972,"",,FALSE,"",1.60627740939439,1.60627740939439,"default:ok;default_port:ok;layered_lbfgs:fail;layered_port:fail;layered_port_ml:fail;layered_port_budget:fail;witness:fail"
"layered_port_ml","default","ml-gls","wolf","test","wolf_2f8i_l50","cfa",26,41,"mixed","GLS",696969451,1.87863668556446,"ill_conditioned","singular_convergence",1894,"",,FALSE,"",1.82967673771924,1.82967673771924,"default:ok;default_port:ok;layered_lbfgs:fail;layered_port:fail;layered_port_ml:fail;layered_port_budget:fail;witness:fail"
"layered_port_ml","default","ml-gls","wolf","test","wolf_2f8i_l50","cfa",26,41,"native","GLS",696969451,1.87863679359511,"ill_conditioned","singular_convergence",1925,"",,FALSE,"",1.82967673771936,1.82967673771936,"default:ok;default_port:fail;layered_lbfgs:fail;layered_port:fail;layered_port_ml:fail;layered_port_budget:fail;witness:fail"
"layered_port_ml","default","ml-gls","wolf","test","wolf_2f8i_l50","cfa",26,41,"x100","GLS",696969451,1.87863669583092,"nonpositive_curvature","singular_convergence",1952,"",,FALSE,"",1.82967687119629,1.82967673773614,"default:ok;default_port:ok;layered_lbfgs:fail;layered_port:fail;layered_port_ml:fail;layered_port_budget:fail;witness:fail"
"layered_port_ml","default","ml-gls","wolf","test","wolf_2f8i_l50","cfa",26,43,"native","GLS",696969453,1.68985870923571,"ill_conditioned","false_convergence",5000,"",,FALSE,"",1.72474274263871,1.72474274263871,"default:ok;default_port:fail;layered_lbfgs:fail;layered_port:fail;layered_port_ml:fail;layered_port_budget:fail;witness:fail"
"layered_port_ml","default","ml-gls","wolf","test","wolf_2f8i_l50","cfa",26,5,"mixed","GLS",923328647,1.58447958925947,"nonpositive_curvature","false_convergence",5000,"",,FALSE,"",1.37827383721504,1.37827383721504,"default:ok;default_port:fail;layered_lbfgs:fail;layered_port:fail;layered_port_ml:fail;layered_port_budget:fail;witness:fail"
"layered_port_ml","default","ml-gls","wolf","test","wolf_2f8i_l50","cfa",26,5,"x100","GLS",923328647,1.58448361161378,"nonpositive_curvature","false_convergence",5000,"",,FALSE,"",1.37827383721682,1.37827383721682,"default:ok;default_port:fail;layered_lbfgs:fail;layered_port:fail;layered_port_ml:fail;layered_port_budget:fail;witness:fail"
"layered_port_ml","default","ml-gls","wolf","test","wolf_2f8i_l50","cfa",26,6,"mixed","GLS",923328648,1.65517332001317,"available","singular_convergence",253,"",,FALSE,"",1.68028698549178,1.68028698537232,"default:ok;default_port:ok;layered_lbfgs:fail;layered_port:fail;layered_port_ml:fail;layered_port_budget:fail;witness:fail"
"layered_port_ml","default","ml-gls","wolf","test","wolf_2f8i_l50","cfa",26,6,"x100","GLS",923328648,1.65517677358499,"available","singular_convergence",252,"",,FALSE,"",1.68028698531813,1.68028698531813,"default:ok;default_port:ok;layered_lbfgs:fail;layered_port:fail;layered_port_ml:fail;layered_port_budget:fail;witness:fail"
"layered_port_ml","default","ml-gls","wolf","test","wolf_2f8i_l50","cfa",26,61,"mixed","GLS",696969713,1.63797487322065,"ill_conditioned","false_convergence",5000,"",,FALSE,"",1.65453105564316,1.65453105564316,"default:ok;default_port:ok;layered_lbfgs:fail;layered_port:fail;layered_port_ml:fail;layered_port_budget:fail;witness:fail"
"layered_port_ml","default","ml-gls","wolf","test","wolf_2f8i_l50","cfa",26,61,"native","GLS",696969713,1.63797369715521,"nonpositive_curvature","false_convergence",5000,"",,FALSE,"",1.65453105564341,1.65453105564341,"default:ok;default_port:ok;layered_lbfgs:fail;layered_port:fail;layered_port_ml:fail;layered_port_budget:fail;witness:fail"
"layered_port_ml","default","ml-gls","wolf","test","wolf_2f8i_l50","cfa",26,61,"x100","GLS",696969713,1.6379759358734,"nonpositive_curvature","false_convergence",5000,"",,FALSE,"",1.65453105564316,1.65453105564316,"default:ok;default_port:ok;layered_lbfgs:fail;layered_port:fail;layered_port_ml:fail;layered_port_budget:fail;witness:fail"
"layered_port_ml","default","ml-gls","wolf","test","wolf_2f8i_l50","cfa",26,64,"native","GLS",696969716,1.71794869880378,"ill_conditioned","false_convergence",5000,"",,FALSE,"",1.69028752109857,1.69028752109857,"default:ok;default_port:fail;layered_lbfgs:fail;layered_port:fail;layered_port_ml:fail;layered_port_budget:fail;witness:fail"
"layered_port_ml","default","ml-gls","wolf","test","wolf_2f8i_l50","cfa",26,7,"x100","GLS",923328649,1.53256981227174,"nonpositive_curvature","singular_convergence",1454,"",,FALSE,"",1.53101802813864,1.43055208286512,"default:ok;default_port:ok;layered_lbfgs:fail;layered_port:fail;layered_port_ml:fail;layered_port_budget:fail;witness:fail"
"layered_port_ml","default","ml-gls","wolf","test","wolf_2f8i_l50","cfa",26,75,"mixed","GLS",696969848,1.55990323215635,"available","noisy_objective",866,"",,FALSE,"",1.53133417431548,1.53133417421128,"default:ok;default_port:ok;layered_lbfgs:fail;layered_port:fail;layered_port_ml:fail;layered_port_budget:fail;witness:fail"
"layered_port_ml","default","ml-gls","wolf","test","wolf_2f8i_l50","cfa",26,75,"native","GLS",696969848,1.55995198269019,"available","noisy_objective",1017,"",,FALSE,"",1.53133417420123,1.53133417420123,"default:ok;default_port:ok;layered_lbfgs:fail;layered_port:fail;layered_port_ml:fail;layered_port_budget:fail;witness:fail"
"layered_port_ml","default","ml-gls","wolf","test","wolf_2f8i_l50","cfa",26,75,"x100","GLS",696969848,1.55994560192412,"available","singular_convergence",1190,"",,FALSE,"",1.53133417431545,1.53133417421128,"default:ok;default_port:ok;layered_lbfgs:fail;layered_port:fail;layered_port_ml:fail;layered_port_budget:fail;witness:fail"
"layered_port_ml","default","ml-gls","wolf","test","wolf_2f8i_l50","cfa",26,8,"mixed","GLS",923328650,1.58546841316375,"ill_conditioned","singular_convergence",2130,"",,FALSE,"",1.28628773943032,1.28628773943032,"default:ok;default_port:ok;layered_lbfgs:fail;layered_port:fail;layered_port_ml:fail;layered_port_budget:fail;witness:fail"
"layered_port_ml","default","ml-gls","wolf","test","wolf_2f8i_l50","cfa",26,8,"x100","GLS",923328650,1.58546841718051,"ill_conditioned","singular_convergence",2157,"",,FALSE,"",1.28628773942805,1.28628773942805,"default:ok;default_port:ok;layered_lbfgs:fail;layered_port:fail;layered_port_ml:fail;layered_port_budget:fail;witness:fail"
"layered_port_ml","default","ml-gls","wolf","test","wolf_2f8i_l50","cfa",26,82,"mixed","GLS",696969976,1.56485940989071,"ill_conditioned","singular_convergence",1399,"",,FALSE,"",1.44916374499589,1.44916374499589,"default:ok;default_port:fail;layered_lbfgs:fail;layered_port:fail;layered_port_ml:fail;layered_port_budget:fail;witness:fail"
"layered_port_ml","default","ml-gls","wolf","test","wolf_2f8i_l50","cfa",26,82,"x100","GLS",696969976,1.56485956251733,"ill_conditioned","singular_convergence",1349,"",,FALSE,"",1.44916374499357,1.44916374499357,"default:ok;default_port:fail;layered_lbfgs:fail;layered_port:fail;layered_port_ml:fail;layered_port_budget:fail;witness:fail"
"layered_port_ml","default","ml-gls","wolf","test","wolf_2f8i_l50","cfa",26,86,"mixed","GLS",696969980,1.70753081999559,"ill_conditioned","singular_convergence",1350,"",,FALSE,"",1.70443068415855,1.70443068389539,"default:ok;default_port:ok;layered_lbfgs:fail;layered_port:fail;layered_port_ml:fail;layered_port_budget:fail;witness:fail"
"layered_port_ml","default","ml-gls","wolf","test","wolf_2f8i_l50","cfa",26,86,"native","GLS",696969980,1.70753062683551,"ill_conditioned","singular_convergence",1401,"",,FALSE,"",1.70443068415739,1.70443068415739,"default:ok;default_port:fail;layered_lbfgs:fail;layered_port:fail;layered_port_ml:fail;layered_port_budget:fail;witness:fail"
"layered_port_ml","default","ml-gls","wolf","test","wolf_2f8i_l50","cfa",26,86,"x100","GLS",696969980,1.70753029695069,"ill_conditioned","singular_convergence",1471,"",,FALSE,"",1.70443068415856,1.70443068389539,"default:ok;default_port:ok;layered_lbfgs:fail;layered_port:fail;layered_port_ml:fail;layered_port_budget:fail;witness:fail"
"layered_port_ml","default","ml-gls","wolf","test","wolf_2f8i_l50","cfa",26,9,"native","GLS",923328651,1.76440246029838,"nonpositive_curvature","false_convergence",5000,"",,FALSE,"",1.75747753366619,1.74067763095221,"default:ok;default_port:fail;layered_lbfgs:fail;layered_port:fail;layered_port_ml:fail;layered_port_budget:fail;witness:ok"
"layered_port_ml","default","ml-gls","wolf","test","wolf_2f8i_l50","cfa",26,95,"mixed","GLS",696970110,1.97859963905561,"nonpositive_curvature","noisy_objective",2113,"",,FALSE,"",1.79782082712532,1.79782082712532,"default:ok;default_port:ok;layered_lbfgs:fail;layered_port:fail;layered_port_ml:fail;layered_port_budget:fail;witness:fail"
"layered_port_ml","default","ml-gls","wolf","test","wolf_2f8i_l50","cfa",26,95,"x100","GLS",696970110,1.97833742171745,"nonpositive_curvature","noisy_objective",1212,"",,FALSE,"",1.79782082712532,1.79782082712532,"default:ok;default_port:ok;layered_lbfgs:fail;layered_port:fail;layered_port_ml:fail;layered_port_budget:fail;witness:fail"
"layered_port_ml","default","ml-gls","wolf","test","wolf_2f8i_l50","cfa",26,96,"native","GLS",696970111,1.77883767694788,"available","singular_convergence",552,"",,FALSE,"",1.77052250708414,1.77052250708414,"default:ok;default_port:fail;layered_lbfgs:fail;layered_port:fail;layered_port_ml:fail;layered_port_budget:fail;witness:ok"
"layered_port_ml","default","ml-gls","wolf","test","wolf_2f8i_l80","cfa",26,100,"mixed","GLS",377407036,1.40385420782967,"ill_conditioned","singular_convergence",3033,"",,FALSE,"",1.36718734215999,1.36718734215999,"default:ok;default_port:ok;layered_lbfgs:fail;layered_port:fail;layered_port_ml:fail;layered_port_budget:fail;witness:fail"
"layered_port_ml","default","ml-gls","wolf","test","wolf_2f8i_l80","cfa",26,100,"x100","GLS",377407036,1.40386829813185,"ill_conditioned","singular_convergence",2916,"",,FALSE,"",1.36718761135246,1.36718734216698,"default:ok;default_port:ok;layered_lbfgs:fail;layered_port:fail;layered_port_ml:fail;layered_port_budget:fail;witness:fail"
"layered_port_ml","default","ml-gls","wolf","test","wolf_2f8i_l80","cfa",26,35,"native","GLS",281562318,1.76389324239037,"nonpositive_curvature","noisy_objective",1972,"",,FALSE,"",1.74171292739477,1.74171292739477,"default:ok;default_port:fail;layered_lbfgs:fail;layered_port:fail;layered_port_ml:fail;layered_port_budget:fail;witness:fail"
"layered_port_ml","default","ml-gls","wolf","test","wolf_2f8i_l80","cfa",26,48,"mixed","GLS",281562452,1.86357658128577,"nonpositive_curvature","singular_convergence",984,"",,FALSE,"",1.88044290158865,1.88044290158865,"default:ok;default_port:fail;layered_lbfgs:fail;layered_port:fail;layered_port_ml:fail;layered_port_budget:fail;witness:fail"
"layered_port_ml","default","ml-gls","wolf","test","wolf_2f8i_l80","cfa",26,48,"x100","GLS",281562452,1.86330848218195,"nonpositive_curvature","singular_convergence",1005,"",,FALSE,"",1.88044289971899,1.88044289971899,"default:ok;default_port:fail;layered_lbfgs:fail;layered_port:fail;layered_port_ml:fail;layered_port_budget:fail;witness:fail"
"layered_port_ml","default","ml-gls","wolf","test","wolf_2f8i_l80","cfa",26,62,"mixed","GLS",281562708,1.59895339742095,"nonpositive_curvature","singular_convergence",2885,"",,FALSE,"",1.70873699226357,1.70873699226357,"default:ok;default_port:fail;layered_lbfgs:fail;layered_port:fail;layered_port_ml:fail;layered_port_budget:fail;witness:fail"
"layered_port_ml","default","ml-gls","wolf","test","wolf_2f8i_l80","cfa",26,62,"x100","GLS",281562708,1.59909631353786,"nonpositive_curvature","singular_convergence",2330,"",,FALSE,"",1.70873699282037,1.70873699282037,"default:ok;default_port:fail;layered_lbfgs:fail;layered_port:fail;layered_port_ml:fail;layered_port_budget:fail;witness:fail"
"layered_port_ml","default","ml-gls","wolf","test","wolf_2f8i_l80","cfa",26,63,"mixed","GLS",281562709,1.71281324659902,"nonpositive_curvature","singular_convergence",1225,"",,FALSE,"",1.64983112757788,1.64983112757788,"default:ok;default_port:ok;layered_lbfgs:ok;layered_port:fail;layered_port_ml:fail;layered_port_budget:fail;witness:ok"
"layered_port_ml","default","ml-gls","wolf","test","wolf_2f8i_l80","cfa",26,63,"native","GLS",281562709,1.71281256467608,"ill_conditioned","singular_convergence",1365,"",,FALSE,"",1.67055664778481,1.67055664778481,"default:ok;default_port:fail;layered_lbfgs:ok;layered_port:fail;layered_port_ml:fail;layered_port_budget:fail;witness:ok"
"layered_port_ml","default","ml-gls","wolf","test","wolf_2f8i_l80","cfa",26,63,"x100","GLS",281562709,1.71281290882129,"ill_conditioned","singular_convergence",1280,"",,FALSE,"",1.64983112757787,1.64983112757787,"default:ok;default_port:ok;layered_lbfgs:ok;layered_port:fail;layered_port_ml:fail;layered_port_budget:fail;witness:ok"
"layered_port_ml","default","ml-gls","wolf","test","wolf_2f8i_l80","cfa",26,90,"mixed","GLS",281563099,1.6036697109766,"available","singular_convergence",760,"",,FALSE,"",1.53615326853543,1.53615326853543,"default:ok;default_port:fail;layered_lbfgs:fail;layered_port:fail;layered_port_ml:fail;layered_port_budget:fail;witness:fail"
"layered_port_ml","default","ml-gls","wolf","test","wolf_2f8i_l80","cfa",26,90,"x100","GLS",281563099,1.60286857999688,"ill_conditioned","singular_convergence",3686,"",,FALSE,"",1.53615326853443,1.53615326853443,"default:ok;default_port:fail;layered_lbfgs:fail;layered_port:fail;layered_port_ml:fail;layered_port_budget:fail;witness:fail"
"layered_port_ml","default","ml-gls","wolf","test","wolf_3f3i_l50","cfa",100,14,"mixed","GLS",1526906960,0.0908572614815669,"ill_conditioned","false_convergence",5000,"",,FALSE,"",0.0865112667766189,0.0865112667766189,"default:ok;default_port:fail;layered_lbfgs:fail;layered_port:fail;layered_port_ml:fail;layered_port_budget:fail;witness:fail"
"layered_port_ml","default","ml-gls","wolf","test","wolf_3f3i_l50","cfa",100,4,"mixed","GLS",831306021,0.103930657249306,"available","singular_convergence",1117,"",,FALSE,"",0.0943917712585724,0.0943917712585724,"default:ok;default_port:fail;layered_lbfgs:fail;layered_port:fail;layered_port_ml:fail;layered_port_budget:fail;witness:fail"
"layered_port_ml","default","ml-gls","wolf","test","wolf_3f3i_l50","cfa",100,66,"native","GLS",1526907617,0.168047048090971,"ill_conditioned","line_search_salvaged",4243,"",,FALSE,"",0.162359988150487,0.162359988150487,"default:ok;default_port:ok;layered_lbfgs:fail;layered_port:fail;layered_port_ml:fail;layered_port_budget:fail;witness:ok"
"layered_port_ml","default","ml-gls","wolf","test","wolf_3f3i_l50","cfa",100,66,"native","ML",1526907617,0.1980185562128,"ill_conditioned","singular_convergence",868,"layered",,FALSE,"",0.188568876892074,0.188568876892074,"default:ok;default_port:ok;layered_lbfgs:fail;layered_port:fail;layered_port_ml:fail;layered_port_budget:fail;witness:ok"
"layered_port_ml","default","ml-gls","wolf","test","wolf_3f3i_l50","cfa",100,66,"x100","GLS",1526907617,0.168045476666429,"ill_conditioned","false_convergence",5000,"",,FALSE,"",0.162359988150426,0.162359988150426,"default:ok;default_port:ok;layered_lbfgs:fail;layered_port:fail;layered_port_ml:fail;layered_port_budget:fail;witness:ok"
"layered_port_ml","default","ml-gls","wolf","test","wolf_3f3i_l50","cfa",100,66,"x100","ML",1526907617,0.198018492871256,"ill_conditioned","singular_convergence",990,"layered",,FALSE,"",0.188568876892077,0.188568876892077,"default:ok;default_port:ok;layered_lbfgs:fail;layered_port:fail;layered_port_ml:fail;layered_port_budget:fail;witness:ok"
"layered_port_ml","default","ml-gls","wolf","test","wolf_3f3i_l50","cfa",100,67,"native","GLS",1526907618,0.195696010382553,"ill_conditioned","false_convergence",5000,"",,FALSE,"",0.190124734454835,0.190124734454835,"default:ok;default_port:ok;layered_lbfgs:fail;layered_port:fail;layered_port_ml:fail;layered_port_budget:fail;witness:ok"
"layered_port_ml","default","ml-gls","wolf","test","wolf_3f3i_l50","cfa",100,67,"x100","GLS",1526907618,0.195695839509518,"ill_conditioned","false_convergence",5000,"",,FALSE,"",0.190124734455219,0.190124734455219,"default:ok;default_port:ok;layered_lbfgs:fail;layered_port:fail;layered_port_ml:fail;layered_port_budget:fail;witness:ok"
"layered_port_ml","default","ml-gls","wolf","test","wolf_3f3i_l50","cfa",25,10,"native","GLS",1138340804,0.377194924396134,"nonpositive_curvature","singular_convergence",1851,"",,FALSE,"",0.375885826529868,0.371225531643563,"default:ok;default_port:ok;layered_lbfgs:fail;layered_port:fail;layered_port_ml:fail;layered_port_budget:fail;witness:fail"
"layered_port_ml","default","ml-gls","wolf","test","wolf_3f3i_l50","cfa",25,12,"native","GLS",1138340806,0.390310674068374,"ill_conditioned","singular_convergence",566,"",,FALSE,"",0.387865097058044,0.387865097058044,"default:ok;default_port:ok;layered_lbfgs:fail;layered_port:fail;layered_port_ml:fail;layered_port_budget:fail;witness:ok"
"layered_port_ml","default","ml-gls","wolf","test","wolf_3f3i_l50","cfa",25,12,"native","ML",1138340806,0.476025630138707,"ill_conditioned","singular_convergence",414,"layered",,FALSE,"",0.473516842690183,0.473516842690183,"default:ok;default_port:ok;layered_lbfgs:fail;layered_port:fail;layered_port_ml:fail;layered_port_budget:fail;witness:ok"
"layered_port_ml","default","ml-gls","wolf","test","wolf_3f3i_l50","cfa",25,12,"x100","GLS",1138340806,0.39031083920428,"ill_conditioned","singular_convergence",485,"",,FALSE,"",0.387865097057905,0.387865097057905,"default:ok;default_port:ok;layered_lbfgs:fail;layered_port:fail;layered_port_ml:fail;layered_port_budget:fail;witness:ok"
"layered_port_ml","default","ml-gls","wolf","test","wolf_3f3i_l50","cfa",25,12,"x100","ML",1138340806,0.476025304779597,"ill_conditioned","singular_convergence",458,"layered",,FALSE,"",0.473516842690181,0.473516842690181,"default:ok;default_port:ok;layered_lbfgs:fail;layered_port:fail;layered_port_ml:fail;layered_port_budget:fail;witness:ok"
"layered_port_ml","default","ml-gls","wolf","test","wolf_3f3i_l50","cfa",25,13,"native","GLS",1138340807,0.377241506049645,"ill_conditioned","singular_convergence",894,"",,FALSE,"",0.329006368686265,0.329006368684663,"default:ok;default_port:ok;layered_lbfgs:fail;layered_port:fail;layered_port_ml:fail;layered_port_budget:fail;witness:ok"
"layered_port_ml","default","ml-gls","wolf","test","wolf_3f3i_l50","cfa",25,13,"x100","GLS",1138340807,0.377241677317317,"ill_conditioned","singular_convergence",757,"",,FALSE,"",0.329006368684518,0.329006368684518,"default:ok;default_port:ok;layered_lbfgs:fail;layered_port:fail;layered_port_ml:fail;layered_port_budget:fail;witness:ok"
"layered_port_ml","default","ml-gls","wolf","test","wolf_3f3i_l50","cfa",25,24,"native","ML",1138340939,0.287900301802187,"available","noisy_objective",2930,"layered",,FALSE,"",0.419215324002241,0.419215324002241,"default:ok;default_port:ok;layered_lbfgs:fail;layered_port:fail;layered_port_ml:fail;layered_port_budget:fail;witness:fail"
"layered_port_ml","default","ml-gls","wolf","test","wolf_3f3i_l50","cfa",25,29,"native","GLS",1138340944,0.337955120894671,"ill_conditioned","singular_convergence",4368,"",,FALSE,"",0.308873418989286,0.308873418989286,"default:ok;default_port:fail;layered_lbfgs:fail;layered_port:fail;layered_port_ml:fail;layered_port_budget:fail;witness:ok"
"layered_port_ml","default","ml-gls","wolf","test","wolf_3f3i_l50","cfa",25,3,"native","GLS",1172592967,0.483033729040113,"nonpositive_curvature","singular_convergence",4500,"",,FALSE,"",0.407164476681236,0.407164296648843,"default:ok;default_port:ok;layered_lbfgs:ok;layered_port:fail;layered_port_ml:fail;layered_port_budget:fail;witness:ok"
"layered_port_ml","default","ml-gls","wolf","test","wolf_3f3i_l50","cfa",25,3,"x100","GLS",1172592967,0.483009904207048,"nonpositive_curvature","false_convergence",5000,"",,FALSE,"",0.40716429664952,0.40716429664805,"default:ok;default_port:ok;layered_lbfgs:fail;layered_port:fail;layered_port_ml:fail;layered_port_budget:fail;witness:ok"
"layered_port_ml","default","ml-gls","wolf","test","wolf_3f3i_l50","cfa",25,37,"native","GLS",1138341073,0.351476304115723,"nonpositive_curvature","false_convergence",5000,"",,FALSE,"",0.332426882283651,0.332424350818392,"default:ok;default_port:ok;layered_lbfgs:fail;layered_port:fail;layered_port_ml:fail;layered_port_budget:fail;witness:ok"
"layered_port_ml","default","ml-gls","wolf","test","wolf_3f3i_l50","cfa",25,37,"native","ML",1138341073,0.469380304687697,"available","line_search_salvaged",3784,"layered",,FALSE,"",0.469159589040883,0.469158633592574,"default:ok;default_port:ok;layered_lbfgs:fail;layered_port:ok;layered_port_ml:fail;layered_port_budget:fail;witness:ok"
"layered_port_ml","default","ml-gls","wolf","test","wolf_3f3i_l50","cfa",25,37,"x100","GLS",1138341073,0.351476386286104,"ill_conditioned","false_convergence",5000,"",,FALSE,"",0.332424784417802,0.332424350762447,"default:ok;default_port:ok;layered_lbfgs:fail;layered_port:fail;layered_port_ml:fail;layered_port_budget:fail;witness:ok"
"layered_port_ml","default","ml-gls","wolf","test","wolf_3f3i_l50","cfa",25,37,"x100","ML",1138341073,0.469380214036576,"available","line_search_salvaged",3906,"layered",,FALSE,"",0.469158882344594,0.469158633592862,"default:ok;default_port:ok;layered_lbfgs:fail;layered_port:ok;layered_port_ml:fail;layered_port_budget:fail;witness:ok"
"layered_port_ml","default","ml-gls","wolf","test","wolf_3f3i_l50","cfa",25,4,"native","GLS",1172592968,0.326285893084843,"available","singular_convergence",791,"",,FALSE,"",0.294008799421387,0.294008799421387,"default:ok;default_port:ok;layered_lbfgs:fail;layered_port:fail;layered_port_ml:fail;layered_port_budget:fail;witness:ok"
"layered_port_ml","default","ml-gls","wolf","test","wolf_3f3i_l50","cfa",25,4,"x100","GLS",1172592968,0.326294705032618,"available","singular_convergence",840,"",,FALSE,"",0.294008799421961,0.29400879942186,"default:ok;default_port:ok;layered_lbfgs:fail;layered_port:fail;layered_port_ml:fail;layered_port_budget:fail;witness:ok"
"layered_port_ml","default","ml-gls","wolf","test","wolf_3f3i_l50","cfa",25,43,"native","ML",1138341200,0.467765759465761,"available","singular_convergence",1730,"layered",,FALSE,"",0.48686187817116,0.486861705321653,"default:ok;default_port:ok;layered_lbfgs:fail;layered_port:fail;layered_port_ml:fail;layered_port_budget:fail;witness:ok"
"layered_port_ml","default","ml-gls","wolf","test","wolf_3f3i_l50","cfa",25,43,"x100","ML",1138341200,0.467759851463519,"available","singular_convergence",2360,"layered",,FALSE,"",0.486861740017865,0.486861705318518,"default:ok;default_port:ok;layered_lbfgs:fail;layered_port:fail;layered_port_ml:fail;layered_port_budget:fail;witness:ok"
"layered_port_ml","default","ml-gls","wolf","test","wolf_3f3i_l50","cfa",25,45,"x0.01","GLS",1138341202,0.414454905892068,"available","singular_convergence",843,"",,FALSE,"",0.439130846454144,0.439130846454144,"default:ok;default_port:ok;layered_lbfgs:fail;layered_port:fail;layered_port_ml:fail;layered_port_budget:fail;witness:fail"
"layered_port_ml","default","ml-gls","wolf","test","wolf_3f3i_l50","cfa",25,46,"native","GLS",1138341203,0.337206602709864,"ill_conditioned","singular_convergence",736,"",,FALSE,"",0.210456907642732,0.210456907642131,"default:ok;default_port:ok;layered_lbfgs:ok;layered_port:fail;layered_port_ml:fail;layered_port_budget:fail;witness:ok"
"layered_port_ml","default","ml-gls","wolf","test","wolf_3f3i_l50","cfa",25,46,"x100","GLS",1138341203,0.337206727667198,"ill_conditioned","singular_convergence",659,"",,FALSE,"",0.210456907644094,0.210456907642131,"default:ok;default_port:ok;layered_lbfgs:ok;layered_port:fail;layered_port_ml:fail;layered_port_budget:fail;witness:ok"
"layered_port_ml","default","ml-gls","wolf","test","wolf_3f3i_l50","cfa",25,48,"native","GLS",1138341205,0.290426742834368,"ill_conditioned","singular_convergence",904,"",,FALSE,"",0.255445508152969,0.255445508152969,"default:ok;default_port:ok;layered_lbfgs:fail;layered_port:fail;layered_port_ml:fail;layered_port_budget:fail;witness:fail"
"layered_port_ml","default","ml-gls","wolf","test","wolf_3f3i_l50","cfa",25,48,"native","ML",1138341205,0.389707315107434,"ill_conditioned","singular_convergence",832,"layered",,FALSE,"",0.351357273313958,0.351357273313958,"default:ok;default_port:ok;layered_lbfgs:fail;layered_port:fail;layered_port_ml:fail;layered_port_budget:fail;witness:ok"
"layered_port_ml","default","ml-gls","wolf","test","wolf_3f3i_l50","cfa",25,48,"x100","ML",1138341205,0.389707302520087,"ill_conditioned","singular_convergence",769,"layered",,FALSE,"",0.351357273313965,0.351357273313965,"default:ok;default_port:ok;layered_lbfgs:fail;layered_port:fail;layered_port_ml:fail;layered_port_budget:fail;witness:ok"
"layered_port_ml","default","ml-gls","wolf","test","wolf_3f3i_l50","cfa",25,49,"native","ML",1138341206,0.333150512855829,"available","noisy_objective",3293,"layered",,FALSE,"",0.374372092144625,0.332381882820442,"default:ok;default_port:ok;layered_lbfgs:fail;layered_port:fail;layered_port_ml:fail;layered_port_budget:fail;witness:ok"
"layered_port_ml","default","ml-gls","wolf","test","wolf_3f3i_l50","cfa",25,53,"native","GLS",1138341331,0.42223430747254,"nonpositive_curvature","false_convergence",5000,"",,FALSE,"",0.38328784708338,0.38328784708338,"default:ok;default_port:ok;layered_lbfgs:fail;layered_port:fail;layered_port_ml:fail;layered_port_budget:fail;witness:ok"
"layered_port_ml","default","ml-gls","wolf","test","wolf_3f3i_l50","cfa",25,53,"x100","GLS",1138341331,0.422234255897543,"ill_conditioned","false_convergence",5000,"",,FALSE,"",0.383287847083512,0.383287847083468,"default:ok;default_port:ok;layered_lbfgs:fail;layered_port:fail;layered_port_ml:fail;layered_port_budget:fail;witness:ok"
"layered_port_ml","default","ml-gls","wolf","test","wolf_3f3i_l50","cfa",25,54,"native","ML",1138341332,0.47950995392477,"ill_conditioned","singular_convergence",1003,"layered",,FALSE,"",0.473157374363067,0.473157374363067,"default:ok;default_port:ok;layered_lbfgs:fail;layered_port:fail;layered_port_ml:fail;layered_port_budget:fail;witness:ok"
"layered_port_ml","default","ml-gls","wolf","test","wolf_3f3i_l50","cfa",25,54,"x100","ML",1138341332,0.479509979918568,"ill_conditioned","singular_convergence",1006,"layered",,FALSE,"",0.473157374363076,0.473157374363076,"default:ok;default_port:ok;layered_lbfgs:fail;layered_port:fail;layered_port_ml:fail;layered_port_budget:fail;witness:ok"
"layered_port_ml","default","ml-gls","wolf","test","wolf_3f3i_l50","cfa",25,75,"x100","GLS",1138341595,0.292068503767597,"nonpositive_curvature","singular_convergence",569,"",,FALSE,"",0.290085905703518,0.290085905692793,"default:ok;default_port:ok;layered_lbfgs:ok;layered_port:fail;layered_port_ml:fail;layered_port_budget:fail;witness:ok"
"layered_port_ml","default","ml-gls","wolf","test","wolf_3f3i_l50","cfa",25,78,"x100","GLS",1138341598,0.438478697750925,"nonpositive_curvature","singular_convergence",654,"",,FALSE,"",0.405845812607143,0.405845812607143,"default:ok;default_port:ok;layered_lbfgs:fail;layered_port:fail;layered_port_ml:fail;layered_port_budget:fail;witness:fail"
"layered_port_ml","default","ml-gls","wolf","test","wolf_3f3i_l50","cfa",25,81,"x100","GLS",1138341722,0.385220881107348,"ill_conditioned","singular_convergence",1595,"",,FALSE,"",0.430699567850432,0.430699133977283,"default:ok;default_port:ok;layered_lbfgs:fail;layered_port:fail;layered_port_ml:fail;layered_port_budget:fail;witness:fail"
"layered_port_ml","default","ml-gls","wolf","test","wolf_3f3i_l50","cfa",25,83,"native","GLS",1138341724,0.520415233115931,"ill_conditioned","singular_convergence",866,"",,FALSE,"",0.511408128987529,0.511408128987479,"default:ok;default_port:ok;layered_lbfgs:fail;layered_port:fail;layered_port_ml:fail;layered_port_budget:fail;witness:ok"
"layered_port_ml","default","ml-gls","wolf","test","wolf_3f3i_l50","cfa",25,90,"x100","GLS",1138341852,0.329419234358156,"ill_conditioned","singular_convergence",846,"",,FALSE,"",0.321762619507032,0.321762619505984,"default:ok;default_port:ok;layered_lbfgs:fail;layered_port:fail;layered_port_ml:fail;layered_port_budget:fail;witness:ok"
"layered_port_ml","default","ml-gls","wolf","test","wolf_3f3i_l50","cfa",25,93,"native","GLS",1138341855,0.388508277036964,"ill_conditioned","singular_convergence",960,"",,FALSE,"",0.368570430409026,0.368570430408559,"default:ok;default_port:ok;layered_lbfgs:fail;layered_port:fail;layered_port_ml:fail;layered_port_budget:fail;witness:ok"
"layered_port_ml","default","ml-gls","wolf","test","wolf_3f3i_l50","cfa",25,93,"native","ML",1138341855,0.545275089151851,"available","singular_convergence",1428,"layered",,FALSE,"",0.496188721319069,0.496188721319069,"default:ok;default_port:ok;layered_lbfgs:fail;layered_port:fail;layered_port_ml:fail;layered_port_budget:fail;witness:ok"
"layered_port_ml","default","ml-gls","wolf","test","wolf_3f3i_l50","cfa",25,93,"x100","GLS",1138341855,0.388508360579567,"ill_conditioned","singular_convergence",966,"",,FALSE,"",0.368570430408556,0.368570430408556,"default:ok;default_port:ok;layered_lbfgs:fail;layered_port:fail;layered_port_ml:fail;layered_port_budget:fail;witness:ok"
"layered_port_ml","default","ml-gls","wolf","test","wolf_3f3i_l80","cfa",25,30,"native","GLS",722934060,0.552107690053685,"ill_conditioned","false_convergence",5000,"",,FALSE,"",0.537472529277493,0.537472529277493,"default:ok;default_port:ok;layered_lbfgs:fail;layered_port:fail;layered_port_ml:fail;layered_port_budget:fail;witness:ok"
"layered_port_ml","default","ml-gls","wolf","test","wolf_3f3i_l80","cfa",25,30,"x100","GLS",722934060,0.552116631229203,"ill_conditioned","line_search_salvaged",3972,"",,FALSE,"",0.537472529277211,0.537472529277211,"default:ok;default_port:ok;layered_lbfgs:fail;layered_port:fail;layered_port_ml:fail;layered_port_budget:fail;witness:ok"
"layered_port_ml","default","ml-gls","wolf","test","wolf_3f3i_l80","cfa",25,57,"native","GLS",722934329,0.430540326550093,"available","singular_convergence",1288,"",,FALSE,"",0.457577986320404,0.457577986319715,"default:ok;default_port:ok;layered_lbfgs:fail;layered_port:fail;layered_port_ml:fail;layered_port_budget:fail;witness:fail"
"layered_port_ml","default","ml-gls","wolf","test","wolf_3f3i_l80","cfa",25,57,"x100","GLS",722934329,0.430450680077987,"nonpositive_curvature","noisy_objective",1967,"",,FALSE,"",0.457577986319722,0.457577986319722,"default:ok;default_port:ok;layered_lbfgs:fail;layered_port:fail;layered_port_ml:fail;layered_port_budget:fail;witness:fail"
"layered_port_ml","default","ml-gls","wolf","test","wolf_3f6i_l50","cfa",28,13,"x100","ML",528555965,3.18245900801318,"available","noisy_objective",4029,"layered",,FALSE,"",3.04230830696662,3.04230830696662,"default:ok;default_port:ok;layered_lbfgs:fail;layered_port:fail;layered_port_ml:fail;layered_port_budget:fail;witness:fail"
"layered_port_ml","default","ml-gls","wolf","test","wolf_3f6i_l50","cfa",28,22,"mixed","GLS",528556095,2.15539585160808,"nonpositive_curvature","singular_convergence",1204,"",,FALSE,"",1.87428779902902,1.87428779902902,"default:ok;default_port:ok;layered_lbfgs:fail;layered_port:fail;layered_port_ml:fail;layered_port_budget:fail;witness:fail"
"layered_port_ml","default","ml-gls","wolf","test","wolf_3f6i_l50","cfa",28,22,"native","GLS",528556095,2.15683347178809,"nonpositive_curvature","singular_convergence",1560,"",,FALSE,"",1.87428810228585,1.87428801379167,"default:ok;default_port:ok;layered_lbfgs:fail;layered_port:fail;layered_port_ml:fail;layered_port_budget:fail;witness:fail"
"layered_port_ml","default","ml-gls","wolf","test","wolf_3f6i_l50","cfa",28,22,"x100","GLS",528556095,2.15927145717323,"nonpositive_curvature","singular_convergence",1071,"",,FALSE,"",1.87428779903516,1.87428779903516,"default:ok;default_port:ok;layered_lbfgs:fail;layered_port:fail;layered_port_ml:fail;layered_port_budget:fail;witness:fail"
"layered_port_ml","default","ml-gls","wolf","test","wolf_3f6i_l50","cfa",28,23,"mixed","GLS",528556096,1.67430203399233,"available","singular_convergence",1185,"",,FALSE,"",1.59357800727731,1.59357800462308,"default:ok;default_port:ok;layered_lbfgs:fail;layered_port:fail;layered_port_ml:fail;layered_port_budget:fail;witness:fail"
"layered_port_ml","default","ml-gls","wolf","test","wolf_3f6i_l50","cfa",28,23,"native","GLS",528556096,1.67461119849672,"nonpositive_curvature","noisy_objective",902,"",,FALSE,"",1.59357800541494,1.59357800461595,"default:ok;default_port:ok;layered_lbfgs:fail;layered_port:fail;layered_port_ml:fail;layered_port_budget:fail;witness:fail"
"layered_port_ml","default","ml-gls","wolf","test","wolf_3f6i_l50","cfa",28,23,"x100","GLS",528556096,1.67443893660503,"available","noisy_objective",1079,"",,FALSE,"",1.5935780073179,1.59357800462308,"default:ok;default_port:ok;layered_lbfgs:fail;layered_port:fail;layered_port_ml:fail;layered_port_budget:fail;witness:fail"
"layered_port_ml","default","ml-gls","wolf","test","wolf_3f6i_l50","cfa",28,33,"mixed","ML",528556227,3.03941508823962,"available","singular_convergence",1645,"layered",,FALSE,"",2.99609796449366,2.99609796449366,"default:ok;default_port:ok;layered_lbfgs:fail;layered_port:fail;layered_port_ml:fail;layered_port_budget:fail;witness:fail"
"layered_port_ml","default","ml-gls","wolf","test","wolf_3f6i_l50","cfa",28,33,"native","ML",528556227,3.0402896583801,"nonpositive_curvature","noisy_objective",1436,"layered",,FALSE,"",2.99609796450168,2.99609796450168,"default:ok;default_port:ok;layered_lbfgs:fail;layered_port:fail;layered_port_ml:fail;layered_port_budget:fail;witness:fail"
"layered_port_ml","default","ml-gls","wolf","test","wolf_3f6i_l50","cfa",28,33,"x0.01","ML",528556227,3.03968346617029,"nonpositive_curvature","noisy_objective",1709,"layered",,TRUE,"",2.99609796449286,2.99609796449286,"default:ok;default_port:ok;layered_lbfgs:fail;layered_port:fail;layered_port_ml:fail;layered_port_budget:fail;witness:fail"
"layered_port_ml","default","ml-gls","wolf","test","wolf_3f6i_l50","cfa",28,33,"x100","ML",528556227,3.04106303931324,"available","singular_convergence",1013,"layered",,FALSE,"",2.99609796449273,2.99609796449273,"default:ok;default_port:ok;layered_lbfgs:fail;layered_port:fail;layered_port_ml:fail;layered_port_budget:fail;witness:fail"
"layered_port_ml","default","ml-gls","wolf","test","wolf_3f6i_l50","cfa",28,44,"mixed","GLS",528556359,1.76138332597158,"nonpositive_curvature","false_convergence",5000,"",,FALSE,"",1.73599549700815,1.73599477851952,"default:ok;default_port:ok;layered_lbfgs:fail;layered_port:fail;layered_port_ml:fail;layered_port_budget:fail;witness:fail"
"layered_port_ml","default","ml-gls","wolf","test","wolf_3f6i_l50","cfa",28,44,"native","GLS",528556359,1.76138498625457,"nonpositive_curvature","false_convergence",5000,"",,FALSE,"",1.76747831424143,1.73599477850383,"default:ok;default_port:ok;layered_lbfgs:fail;layered_port:fail;layered_port_ml:fail;layered_port_budget:fail;witness:fail"
"layered_port_ml","default","ml-gls","wolf","test","wolf_3f6i_l50","cfa",28,57,"mixed","GLS",528556493,1.76983510263726,"nonpositive_curvature","false_convergence",5000,"",,FALSE,"",1.73341735000957,1.73341735000957,"default:ok;default_port:ok;layered_lbfgs:fail;layered_port:fail;layered_port_ml:fail;layered_port_budget:fail;witness:fail"
"layered_port_ml","default","ml-gls","wolf","test","wolf_3f6i_l50","cfa",28,57,"x100","GLS",528556493,1.76983598865801,"ill_conditioned","false_convergence",5000,"",,FALSE,"",1.73341735000973,1.73341735000973,"default:ok;default_port:ok;layered_lbfgs:fail;layered_port:fail;layered_port_ml:fail;layered_port_budget:fail;witness:fail"
"layered_port_ml","default","ml-gls","wolf","test","wolf_3f6i_l50","cfa",28,59,"native","GLS",528556495,1.55306583471229,"nonpositive_curvature","singular_convergence",1641,"",,FALSE,"",1.59136285226259,1.59136285226259,"default:ok;default_port:fail;layered_lbfgs:fail;layered_port:fail;layered_port_ml:fail;layered_port_budget:fail;witness:fail"
"layered_port_ml","default","ml-gls","wolf","test","wolf_3f6i_l50","cfa",28,62,"native","GLS",528556619,1.94499654807398,"ill_conditioned","singular_convergence",1553,"",,FALSE,"",1.90363704796932,1.90363704796932,"default:ok;default_port:fail;layered_lbfgs:fail;layered_port:fail;layered_port_ml:fail;layered_port_budget:fail;witness:fail"
"layered_port_ml","default","ml-gls","wolf","test","wolf_3f6i_l50","cfa",28,64,"mixed","GLS",528556621,1.99947359450488,"nonpositive_curvature","false_convergence",5000,"",,FALSE,"",2.01214065768096,2.01214065768096,"default:ok;default_port:fail;layered_lbfgs:fail;layered_port:fail;layered_port_ml:fail;layered_port_budget:fail;witness:fail"
"layered_port_ml","default","ml-gls","wolf","test","wolf_3f6i_l50","cfa",28,64,"x100","GLS",528556621,1.99955304836608,"ill_conditioned","singular_convergence",3596,"",,FALSE,"",2.01214065768077,2.01214065768077,"default:ok;default_port:fail;layered_lbfgs:fail;layered_port:fail;layered_port_ml:fail;layered_port_budget:fail;witness:fail"
"layered_port_ml","default","ml-gls","wolf","test","wolf_3f6i_l50","cfa",28,75,"mixed","GLS",528556753,1.81722532297681,"ill_conditioned","false_convergence",5000,"",,FALSE,"",1.79053224179184,1.79053224179181,"default:ok;default_port:fail;layered_lbfgs:ok;layered_port:fail;layered_port_ml:fail;layered_port_budget:fail;witness:fail"
"layered_port_ml","default","ml-gls","wolf","test","wolf_3f6i_l50","cfa",28,75,"native","GLS",528556753,1.81722444522156,"ill_conditioned","false_convergence",5000,"",,FALSE,"",1.79053224179545,1.79053224179181,"default:ok;default_port:fail;layered_lbfgs:ok;layered_port:fail;layered_port_ml:fail;layered_port_budget:fail;witness:fail"
"layered_port_ml","default","ml-gls","wolf","test","wolf_3f6i_l50","cfa",28,75,"x100","GLS",528556753,1.81722420887654,"nonpositive_curvature","false_convergence",5000,"",,FALSE,"",1.79053224179157,1.79053224179157,"default:ok;default_port:fail;layered_lbfgs:ok;layered_port:fail;layered_port_ml:fail;layered_port_budget:fail;witness:fail"
"layered_port_ml","default","ml-gls","wolf","test","wolf_3f6i_l50","cfa",28,8,"mixed","GLS",331894881,1.74800588067005,"ill_conditioned","singular_convergence",1401,"",,FALSE,"",1.70706038709791,1.70706038709791,"default:ok;default_port:fail;layered_lbfgs:fail;layered_port:fail;layered_port_ml:fail;layered_port_budget:fail;witness:fail"
"layered_port_ml","default","ml-gls","wolf","test","wolf_3f6i_l50","cfa",28,8,"x100","GLS",331894881,1.74800365992422,"ill_conditioned","singular_convergence",1659,"",,FALSE,"",1.70706038709862,1.70706038709862,"default:ok;default_port:fail;layered_lbfgs:fail;layered_port:fail;layered_port_ml:fail;layered_port_budget:fail;witness:fail"
"layered_port_ml","default","ml-gls","wolf","test","wolf_3f6i_l50","cfa",28,82,"mixed","GLS",528556881,1.91757634623171,"nonpositive_curvature","singular_convergence",1588,"",,FALSE,"",1.90783613896671,1.90783613896671,"default:ok;default_port:fail;layered_lbfgs:fail;layered_port:fail;layered_port_ml:fail;layered_port_budget:fail;witness:ok"
"layered_port_ml","default","ml-gls","wolf","test","wolf_3f6i_l50","cfa",28,82,"native","GLS",528556881,1.91134645949794,"ill_conditioned","noisy_objective",962,"",,FALSE,"",1.90783613896675,1.90783613896675,"default:ok;default_port:fail;layered_lbfgs:fail;layered_port:fail;layered_port_ml:fail;layered_port_budget:fail;witness:ok"
"layered_port_ml","default","ml-gls","wolf","test","wolf_3f6i_l50","cfa",28,82,"x100","GLS",528556881,1.91551470286836,"nonpositive_curvature","noisy_objective",954,"",,FALSE,"",1.90783613896677,1.90783613896677,"default:ok;default_port:fail;layered_lbfgs:fail;layered_port:fail;layered_port_ml:fail;layered_port_budget:fail;witness:ok"
"layered_port_ml","default","ml-gls","wolf","test","wolf_3f6i_l50","cfa",28,84,"mixed","GLS",528556883,1.67569990594702,"available","singular_convergence",1169,"",,FALSE,"",1.67162146747222,1.67162146747222,"default:ok;default_port:ok;layered_lbfgs:fail;layered_port:fail;layered_port_ml:fail;layered_port_budget:fail;witness:fail"
"layered_port_ml","default","ml-gls","wolf","test","wolf_3f6i_l50","cfa",28,84,"x100","GLS",528556883,1.67573721180217,"available","singular_convergence",1003,"",,FALSE,"",1.67162146747216,1.67162146747216,"default:ok;default_port:ok;layered_lbfgs:fail;layered_port:fail;layered_port_ml:fail;layered_port_budget:fail;witness:fail"
"layered_port_ml","default","ml-gls","wolf","test","wolf_3f6i_l50","cfa",28,9,"mixed","GLS",331894882,1.76819817830948,"ill_conditioned","singular_convergence",1560,"",,FALSE,"",1.75580108606981,1.75580108606981,"default:ok;default_port:ok;layered_lbfgs:fail;layered_port:fail;layered_port_ml:fail;layered_port_budget:fail;witness:fail"
"layered_port_ml","default","ml-gls","wolf","test","wolf_3f6i_l50","cfa",28,9,"mixed","ML",331894882,3.24569011471078,"available","noisy_objective",827,"layered",,TRUE,"",3.24065223672791,3.24065223672791,"default:ok;default_port:ok;layered_lbfgs:fail;layered_port:fail;layered_port_ml:fail;layered_port_budget:fail;witness:ok"
"layered_port_ml","default","ml-gls","wolf","test","wolf_3f6i_l50","cfa",28,9,"native","GLS",331894882,1.76819890722841,"nonpositive_curvature","singular_convergence",1951,"",,FALSE,"",1.75580108606977,1.75580108606977,"default:ok;default_port:fail;layered_lbfgs:fail;layered_port:fail;layered_port_ml:fail;layered_port_budget:fail;witness:fail"
"layered_port_ml","default","ml-gls","wolf","test","wolf_3f6i_l50","cfa",28,9,"native","ML",331894882,3.24569358614622,"available","noisy_objective",748,"layered",,TRUE,"",3.24065223672904,3.24065223672904,"default:ok;default_port:ok;layered_lbfgs:fail;layered_port:fail;layered_port_ml:fail;layered_port_budget:fail;witness:ok"
"layered_port_ml","default","ml-gls","wolf","test","wolf_3f6i_l50","cfa",28,9,"x0.01","ML",331894882,3.24568944779233,"available","singular_convergence",1008,"layered",,TRUE,"",3.24065223673229,3.24065223673229,"default:ok;default_port:ok;layered_lbfgs:fail;layered_port:fail;layered_port_ml:fail;layered_port_budget:fail;witness:ok"
"layered_port_ml","default","ml-gls","wolf","test","wolf_3f6i_l50","cfa",28,9,"x100","GLS",331894882,1.76819845434977,"ill_conditioned","singular_convergence",1456,"",,FALSE,"",1.75580110322617,1.75580108607992,"default:ok;default_port:ok;layered_lbfgs:fail;layered_port:fail;layered_port_ml:fail;layered_port_budget:fail;witness:fail"
"layered_port_ml","default","ml-gls","wolf","test","wolf_3f6i_l50","cfa",28,9,"x100","ML",331894882,3.24568747890021,"available","noisy_objective",998,"layered",,TRUE,"",3.2406522367306,3.2406522367306,"default:ok;default_port:ok;layered_lbfgs:fail;layered_port:fail;layered_port_ml:fail;layered_port_budget:fail;witness:ok"
"layered_port_ml","default","ml-gls","wolf","test","wolf_3f6i_l50","cfa",28,90,"mixed","GLS",528557010,1.80508876244219,"available","singular_convergence",3204,"",,FALSE,"",1.71498307778893,1.71498307778893,"default:ok;default_port:ok;layered_lbfgs:fail;layered_port:fail;layered_port_ml:fail;layered_port_budget:fail;witness:fail"
"layered_port_ml","default","ml-gls","wolf","test","wolf_3f6i_l50","cfa",28,90,"x100","GLS",528557010,1.80508147788113,"nonpositive_curvature","singular_convergence",3568,"",,FALSE,"",1.71498307779196,1.71498307779196,"default:ok;default_port:ok;layered_lbfgs:fail;layered_port:fail;layered_port_ml:fail;layered_port_budget:fail;witness:fail"
"layered_port_ml","default","ml-gls","wolf","test","wolf_3f6i_l50","cfa",28,93,"mixed","GLS",528557013,1.68253220908086,"ill_conditioned","false_convergence",5000,"",,FALSE,"",1.61593097863723,1.61593096518496,"default:ok;default_port:ok;layered_lbfgs:fail;layered_port:fail;layered_port_ml:fail;layered_port_budget:fail;witness:fail"
"layered_port_ml","default","ml-gls","wolf","test","wolf_3f6i_l50","cfa",28,93,"x100","GLS",528557013,1.68253222051822,"ill_conditioned","false_convergence",5000,"",,FALSE,"",1.61593096820587,1.61593096518496,"default:ok;default_port:ok;layered_lbfgs:fail;layered_port:fail;layered_port_ml:fail;layered_port_budget:fail;witness:fail"
"layered_port_ml","default","ml-gls","wolf","test","wolf_3f6i_l50","cfa",28,95,"native","GLS",528557015,2.18301516393528,"available","singular_convergence",1219,"",,FALSE,"",2.1664661676523,2.1664661676523,"default:ok;default_port:fail;layered_lbfgs:fail;layered_port:fail;layered_port_ml:fail;layered_port_budget:fail;witness:fail"
"layered_port_ml","default","ml-gls","wolf","test","wolf_3f6i_l50","cfa",28,98,"mixed","GLS",528557018,1.80245052024551,"ill_conditioned","false_convergence",5000,"",,FALSE,"",1.78969667166892,1.78969667166892,"default:ok;default_port:ok;layered_lbfgs:fail;layered_port:fail;layered_port_ml:fail;layered_port_budget:fail;witness:fail"
"layered_port_ml","default","ml-gls","wolf","test","wolf_3f6i_l50","cfa",28,98,"x100","GLS",528557018,1.80245573225874,"nonpositive_curvature","singular_convergence",4481,"",,FALSE,"",1.78969667168821,1.78969667168821,"default:ok;default_port:ok;layered_lbfgs:fail;layered_port:fail;layered_port_ml:fail;layered_port_budget:fail;witness:fail"
"layered_port_ml","default","ml-gls","wolf","test","wolf_3f6i_l80","cfa",28,16,"mixed","GLS",113148962,1.82202898216941,"nonpositive_curvature","noisy_objective",1167,"",,FALSE,"",1.82717040499405,1.82717040499405,"default:ok;default_port:ok;layered_lbfgs:fail;layered_port:fail;layered_port_ml:fail;layered_port_budget:fail;witness:fail"
"layered_port_ml","default","ml-gls","wolf","test","wolf_3f6i_l80","cfa",28,16,"native","GLS",113148962,1.82133444706679,"nonpositive_curvature","noisy_objective",1717,"",,FALSE,"",1.82717040503183,1.82717040503183,"default:ok;default_port:fail;layered_lbfgs:fail;layered_port:fail;layered_port_ml:fail;layered_port_budget:fail;witness:fail"
"layered_port_ml","default","ml-gls","wolf","test","wolf_3f6i_l80","cfa",28,16,"x100","GLS",113148962,1.82035984584104,"available","singular_convergence",3384,"",,FALSE,"",1.82717040499406,1.82717040499406,"default:ok;default_port:ok;layered_lbfgs:fail;layered_port:fail;layered_port_ml:fail;layered_port_budget:fail;witness:fail"
"layered_port_ml","default","ml-gls","wolf","test","wolf_3f6i_l80","cfa",28,21,"mixed","GLS",113149088,1.76588661060922,"available","singular_convergence",1252,"",,TRUE,"",1.81145365998301,1.81145365996948,"default:ok;default_port:ok;layered_lbfgs:fail;layered_port:fail;layered_port_ml:fail;layered_port_budget:fail;witness:fail"
"layered_port_ml","default","ml-gls","wolf","test","wolf_3f6i_l80","cfa",28,21,"x100","GLS",113149088,1.76593141692557,"available","noisy_objective",723,"",,FALSE,"",1.8114536599506,1.8114536599506,"default:ok;default_port:ok;layered_lbfgs:fail;layered_port:fail;layered_port_ml:fail;layered_port_budget:fail;witness:fail"
"layered_port_ml","default","ml-gls","wolf","test","wolf_3f6i_l80","cfa",28,23,"mixed","GLS",113149090,1.74422335040851,"nonpositive_curvature","singular_convergence",1250,"",,FALSE,"",1.69633926599374,1.69633926599374,"default:ok;default_port:ok;layered_lbfgs:fail;layered_port:fail;layered_port_ml:fail;layered_port_budget:fail;witness:fail"
"layered_port_ml","default","ml-gls","wolf","test","wolf_3f6i_l80","cfa",28,23,"x100","GLS",113149090,1.74445631589581,"nonpositive_curvature","noisy_objective",1041,"",,FALSE,"",1.69633926599374,1.69633926599374,"default:ok;default_port:ok;layered_lbfgs:fail;layered_port:fail;layered_port_ml:fail;layered_port_budget:fail;witness:fail"
"layered_port_ml","default","ml-gls","wolf","test","wolf_3f6i_l80","cfa",28,29,"mixed","GLS",113149096,1.57794276019208,"ill_conditioned","false_convergence",5000,"",,FALSE,"",1.551180124931,1.55118012489476,"default:ok;default_port:ok;layered_lbfgs:fail;layered_port:fail;layered_port_ml:fail;layered_port_budget:fail;witness:fail"
"layered_port_ml","default","ml-gls","wolf","test","wolf_3f6i_l80","cfa",28,29,"x100","GLS",113149096,1.57794316859227,"ill_conditioned","false_convergence",5000,"",,FALSE,"",1.55118012495527,1.55118012489476,"default:ok;default_port:ok;layered_lbfgs:fail;layered_port:fail;layered_port_ml:fail;layered_port_budget:fail;witness:fail"
"layered_port_ml","default","ml-gls","wolf","test","wolf_3f6i_l80","cfa",28,35,"mixed","GLS",113149223,1.79781678567234,"ill_conditioned","singular_convergence",1617,"",,FALSE,"",1.77189602460979,1.77189602460979,"default:ok;default_port:ok;layered_lbfgs:fail;layered_port:fail;layered_port_ml:fail;layered_port_budget:fail;witness:fail"
"layered_port_ml","default","ml-gls","wolf","test","wolf_3f6i_l80","cfa",28,35,"x100","GLS",113149223,1.79754199014112,"nonpositive_curvature","singular_convergence",4710,"",,FALSE,"",1.77189602461617,1.77189602461617,"default:ok;default_port:ok;layered_lbfgs:fail;layered_port:fail;layered_port_ml:fail;layered_port_budget:fail;witness:fail"
"layered_port_ml","default","ml-gls","wolf","test","wolf_3f6i_l80","cfa",28,39,"native","GLS",113149227,1.68710551726921,"available","singular_convergence",1184,"",,FALSE,"",1.69092697087098,1.69092697087098,"default:ok;default_port:fail;layered_lbfgs:fail;layered_port:fail;layered_port_ml:fail;layered_port_budget:fail;witness:fail"
"layered_port_ml","default","ml-gls","wolf","test","wolf_3f6i_l80","cfa",28,4,"mixed","GLS",836906980,2.05024970926424,"nonpositive_curvature","noisy_objective",757,"",,FALSE,"",1.93198176414383,1.93198176414383,"default:ok;default_port:fail;layered_lbfgs:fail;layered_port:fail;layered_port_ml:fail;layered_port_budget:fail;witness:fail"
"layered_port_ml","default","ml-gls","wolf","test","wolf_3f6i_l80","cfa",28,4,"x100","GLS",836906980,2.04963159389839,"nonpositive_curvature","noisy_objective",930,"",,FALSE,"",1.93198176414299,1.93198176414299,"default:ok;default_port:fail;layered_lbfgs:fail;layered_port:fail;layered_port_ml:fail;layered_port_budget:fail;witness:fail"
"layered_port_ml","default","ml-gls","wolf","test","wolf_3f6i_l80","cfa",28,40,"native","GLS",113149349,2.05309879468295,"nonpositive_curvature","noisy_objective",3061,"",,FALSE,"",2.22590165255011,2.22590165255011,"default:ok;default_port:fail;layered_lbfgs:ok;layered_port:fail;layered_port_ml:fail;layered_port_budget:fail;witness:ok"
"layered_port_ml","default","ml-gls","wolf","test","wolf_3f6i_l80","cfa",28,49,"mixed","GLS",113149358,2.09265714920758,"nonpositive_curvature","false_convergence",5000,"",,FALSE,"",2.08287718423052,2.08287718423052,"default:ok;default_port:fail;layered_lbfgs:fail;layered_port:fail;layered_port_ml:fail;layered_port_budget:fail;witness:fail"
"layered_port_ml","default","ml-gls","wolf","test","wolf_3f6i_l80","cfa",28,49,"x100","GLS",113149358,2.09266325467579,"nonpositive_curvature","false_convergence",5000,"",,FALSE,"",2.08287718422887,2.08287718422887,"default:ok;default_port:fail;layered_lbfgs:fail;layered_port:fail;layered_port_ml:fail;layered_port_budget:fail;witness:fail"
"layered_port_ml","default","ml-gls","wolf","test","wolf_3f6i_l80","cfa",28,54,"mixed","GLS",113149484,1.59073717313128,"nonpositive_curvature","singular_convergence",1535,"",,FALSE,"",1.60595972684907,1.60595972684907,"default:ok;default_port:ok;layered_lbfgs:fail;layered_port:fail;layered_port_ml:fail;layered_port_budget:fail;witness:fail"
"layered_port_ml","default","ml-gls","wolf","test","wolf_3f6i_l80","cfa",28,54,"x100","GLS",113149484,1.59073727482815,"ill_conditioned","singular_convergence",1382,"",,FALSE,"",1.60595972684907,1.60595972684907,"default:ok;default_port:ok;layered_lbfgs:fail;layered_port:fail;layered_port_ml:fail;layered_port_budget:fail;witness:fail"
"layered_port_ml","default","ml-gls","wolf","test","wolf_3f6i_l80","cfa",28,68,"mixed","GLS",113149619,1.78038528251212,"nonpositive_curvature","false_convergence",5000,"",,FALSE,"",1.70025271657251,1.70025271657251,"default:ok;default_port:fail;layered_lbfgs:fail;layered_port:fail;layered_port_ml:fail;layered_port_budget:fail;witness:fail"
"layered_port_ml","default","ml-gls","wolf","test","wolf_3f6i_l80","cfa",28,68,"x100","GLS",113149619,1.78038838036548,"nonpositive_curvature","false_convergence",5000,"",,FALSE,"",1.70025271657222,1.70025271657222,"default:ok;default_port:fail;layered_lbfgs:fail;layered_port:fail;layered_port_ml:fail;layered_port_budget:fail;witness:fail"
"layered_port_ml","default","ml-gls","wolf","test","wolf_3f6i_l80","cfa",28,91,"mixed","GLS",113150005,1.90959240616673,"nonpositive_curvature","noisy_objective",2373,"",,FALSE,"",1.97059555225062,1.97059555225062,"default:ok;default_port:fail;layered_lbfgs:fail;layered_port:fail;layered_port_ml:fail;layered_port_budget:fail;witness:fail"
"layered_port_ml","default","ml-gls","wolf","test","wolf_3f6i_l80","cfa",28,91,"x100","GLS",113150005,1.90969080914731,"nonpositive_curvature","noisy_objective",2280,"",,FALSE,"",1.97059832590313,1.97059832590313,"default:ok;default_port:fail;layered_lbfgs:fail;layered_port:fail;layered_port_ml:fail;layered_port_budget:fail;witness:fail"
"layered_port_ml","default","ml-gls","wolf","test","wolf_3f8i_l50","cfa",34,31,"mixed","GLS",403044372,3.00268779005776,"nonpositive_curvature","singular_convergence",3683,"",,FALSE,"",2.94441898562101,2.94441898562101,"default:ok;default_port:ok;layered_lbfgs:fail;layered_port:fail;layered_port_ml:fail;layered_port_budget:fail;witness:fail"
"layered_port_ml","default","ml-gls","wolf","test","wolf_3f8i_l50","cfa",34,31,"x100","GLS",403044372,3.0034047426337,"nonpositive_curvature","noisy_objective",2602,"",,FALSE,"",2.94441898561831,2.94441898561831,"default:ok;default_port:ok;layered_lbfgs:fail;layered_port:fail;layered_port_ml:fail;layered_port_budget:fail;witness:fail"
"layered_port_ml","default","ml-gls","wolf","test","wolf_3f8i_l50","cfa",34,34,"x100","GLS",403044375,2.99014799543487,"nonpositive_curvature","singular_convergence",2007,"",,FALSE,"",2.97353589772113,2.97353589772113,"default:ok;default_port:fail;layered_lbfgs:fail;layered_port:fail;layered_port_ml:fail;layered_port_budget:fail;witness:fail"
"layered_port_ml","default","ml-gls","wolf","test","wolf_3f8i_l50","cfa",34,35,"mixed","GLS",403044376,2.93010301324814,"nonpositive_curvature","false_convergence",5000,"",,FALSE,"",2.83746579748065,2.83746572415501,"default:ok;default_port:ok;layered_lbfgs:fail;layered_port:fail;layered_port_ml:fail;layered_port_budget:fail;witness:fail"
"layered_port_ml","default","ml-gls","wolf","test","wolf_3f8i_l50","cfa",34,35,"x100","GLS",403044376,2.93010224688116,"nonpositive_curvature","false_convergence",5000,"",,FALSE,"",2.83746609218914,2.83746572420245,"default:ok;default_port:ok;layered_lbfgs:fail;layered_port:fail;layered_port_ml:fail;layered_port_budget:fail;witness:fail"
"layered_port_ml","default","ml-gls","wolf","test","wolf_3f8i_l50","cfa",34,37,"mixed","GLS",403044378,2.80440696448359,"nonpositive_curvature","singular_convergence",1562,"",,FALSE,"",2.77497453032886,2.77497453032886,"default:ok;default_port:fail;layered_lbfgs:fail;layered_port:fail;layered_port_ml:fail;layered_port_budget:fail;witness:fail"
"layered_port_ml","default","ml-gls","wolf","test","wolf_3f8i_l50","cfa",34,37,"x100","GLS",403044378,2.80442462432248,"nonpositive_curvature","singular_convergence",1578,"",,FALSE,"",2.77497453032649,2.77497453032649,"default:ok;default_port:fail;layered_lbfgs:fail;layered_port:fail;layered_port_ml:fail;layered_port_budget:fail;witness:fail"
"layered_port_ml","default","ml-gls","wolf","test","wolf_3f8i_l50","cfa",34,4,"mixed","GLS",1921058237,2.85729195741724,"nonpositive_curvature","false_convergence",5000,"",,FALSE,"",2.76210189986999,2.76210189986999,"default:ok;default_port:ok;layered_lbfgs:fail;layered_port:fail;layered_port_ml:fail;layered_port_budget:fail;witness:fail"
"layered_port_ml","default","ml-gls","wolf","test","wolf_3f8i_l50","cfa",34,4,"native","GLS",1921058237,2.85729183687577,"nonpositive_curvature","false_convergence",5000,"",,FALSE,"",2.85875414720873,2.85875414720873,"default:ok;default_port:fail;layered_lbfgs:fail;layered_port:fail;layered_port_ml:fail;layered_port_budget:fail;witness:fail"
"layered_port_ml","default","ml-gls","wolf","test","wolf_3f8i_l50","cfa",34,4,"x100","GLS",1921058237,2.85729159466353,"nonpositive_curvature","false_convergence",5000,"",,FALSE,"",2.76210189986455,2.76210189986455,"default:ok;default_port:ok;layered_lbfgs:fail;layered_port:fail;layered_port_ml:fail;layered_port_budget:fail;witness:fail"
"layered_port_ml","default","ml-gls","wolf","test","wolf_3f8i_l50","cfa",34,49,"mixed","GLS",403044511,2.90804158682135,"ill_conditioned","singular_convergence",3303,"",,FALSE,"",2.86315513325825,2.86315513325825,"default:ok;default_port:fail;layered_lbfgs:fail;layered_port:fail;layered_port_ml:fail;layered_port_budget:fail;witness:fail"
"layered_port_ml","default","ml-gls","wolf","test","wolf_3f8i_l50","cfa",34,49,"x100","GLS",403044511,2.90806332600046,"ill_conditioned","singular_convergence",3144,"",,FALSE,"",2.86315513325359,2.86315513325359,"default:ok;default_port:fail;layered_lbfgs:fail;layered_port:fail;layered_port_ml:fail;layered_port_budget:fail;witness:fail"
"layered_port_ml","default","ml-gls","wolf","test","wolf_3f8i_l50","cfa",34,68,"native","GLS",403044772,2.80604112993914,"available","singular_convergence",2497,"",,FALSE,"",2.77670418683063,2.7767041867731,"default:ok;default_port:fail;layered_lbfgs:ok;layered_port:fail;layered_port_ml:fail;layered_port_budget:fail;witness:fail"
"layered_port_ml","default","ml-gls","wolf","test","wolf_3f8i_l50","cfa",34,71,"native","GLS",403044896,2.92171156328876,"nonpositive_curvature","singular_convergence",1539,"",,FALSE,"",2.83252041327692,2.82252617651647,"default:ok;default_port:ok;layered_lbfgs:fail;layered_port:fail;layered_port_ml:fail;layered_port_budget:fail;witness:fail"
"layered_port_ml","default","ml-gls","wolf","test","wolf_3f8i_l50","cfa",34,72,"native","GLS",403044897,2.86825481054696,"nonpositive_curvature","singular_convergence",1279,"",,FALSE,"",2.85420673218177,2.85420673218177,"default:ok;default_port:fail;layered_lbfgs:fail;layered_port:fail;layered_port_ml:fail;layered_port_budget:fail;witness:fail"
"layered_port_ml","default","ml-gls","wolf","test","wolf_3f8i_l50","cfa",34,78,"mixed","GLS",403044903,3.04171040309871,"nonpositive_curvature","singular_convergence",2800,"",,FALSE,"",2.87754607558833,2.87754607558833,"default:ok;default_port:ok;layered_lbfgs:fail;layered_port:fail;layered_port_ml:fail;layered_port_budget:fail;witness:fail"
"layered_port_ml","default","ml-gls","wolf","test","wolf_3f8i_l50","cfa",34,78,"x100","GLS",403044903,3.04074633733499,"nonpositive_curvature","singular_convergence",3342,"",,FALSE,"",2.87754607565508,2.87754607565508,"default:ok;default_port:ok;layered_lbfgs:fail;layered_port:fail;layered_port_ml:fail;layered_port_budget:fail;witness:fail"
"layered_port_ml","default","ml-gls","wolf","test","wolf_3f8i_l50","cfa",34,83,"x100","GLS",403045029,2.87860365266269,"nonpositive_curvature","singular_convergence",2580,"",,FALSE,"",2.86215908076794,2.86215886794906,"default:ok;default_port:ok;layered_lbfgs:fail;layered_port:fail;layered_port_ml:fail;layered_port_budget:fail;witness:ok"
"layered_port_ml","default","ml-gls","wolf","test","wolf_3f8i_l50","cfa",34,98,"native","GLS",403045165,2.86978733739597,"ill_conditioned","singular_convergence",1265,"",,FALSE,"",2.86340465349704,2.86340465347416,"default:ok;default_port:ok;layered_lbfgs:fail;layered_port:fail;layered_port_ml:fail;layered_port_budget:fail;witness:fail"
"layered_port_ml","default","ml-gls","wolf","test","wolf_3f8i_l80","cfa",34,10,"mixed","GLS",2135120732,2.97000828440601,"available","singular_convergence",1638,"",,FALSE,"",2.9575427263038,2.9575427263038,"default:ok;default_port:fail;layered_lbfgs:fail;layered_port:fail;layered_port_ml:fail;layered_port_budget:fail;witness:fail"
"layered_port_ml","default","ml-gls","wolf","test","wolf_3f8i_l80","cfa",34,10,"x100","GLS",2135120732,2.97008762560746,"available","singular_convergence",1253,"",,FALSE,"",2.95754272630199,2.95754272630199,"default:ok;default_port:fail;layered_lbfgs:fail;layered_port:fail;layered_port_ml:fail;layered_port_budget:fail;witness:fail"
"layered_port_ml","default","ml-gls","wolf","test","wolf_3f8i_l80","cfa",34,16,"mixed","GLS",2135120738,2.85740235193164,"ill_conditioned","singular_convergence",1555,"",,FALSE,"",2.85558178681322,2.85558178681322,"default:ok;default_port:ok;layered_lbfgs:fail;layered_port:fail;layered_port_ml:fail;layered_port_budget:fail;witness:fail"
"layered_port_ml","default","ml-gls","wolf","test","wolf_3f8i_l80","cfa",34,16,"x100","GLS",2135120738,2.85740257132993,"ill_conditioned","singular_convergence",1478,"",,FALSE,"",2.85558178681566,2.85558178681566,"default:ok;default_port:ok;layered_lbfgs:fail;layered_port:fail;layered_port_ml:fail;layered_port_budget:fail;witness:fail"
"layered_port_ml","default","ml-gls","wolf","test","wolf_3f8i_l80","cfa",34,17,"native","GLS",2135120739,2.91244635163442,"available","singular_convergence",1414,"",,FALSE,"",2.89464991786943,2.89464991786943,"default:ok;default_port:fail;layered_lbfgs:fail;layered_port:fail;layered_port_ml:fail;layered_port_budget:fail;witness:fail"
"layered_port_ml","default","ml-gls","wolf","test","wolf_3f8i_l80","cfa",34,20,"mixed","GLS",2135120863,2.68191636913482,"ill_conditioned","singular_convergence",1127,"",,FALSE,"",2.70007283788259,2.70007283788259,"default:ok;default_port:ok;layered_lbfgs:fail;layered_port:fail;layered_port_ml:fail;layered_port_budget:fail;witness:fail"
"layered_port_ml","default","ml-gls","wolf","test","wolf_3f8i_l80","cfa",34,20,"native","GLS",2135120863,2.68191638582724,"ill_conditioned","singular_convergence",1104,"",,FALSE,"",2.7210369281916,2.7210369281916,"default:ok;default_port:ok;layered_lbfgs:fail;layered_port:fail;layered_port_ml:fail;layered_port_budget:fail;witness:fail"
"layered_port_ml","default","ml-gls","wolf","test","wolf_3f8i_l80","cfa",34,20,"x100","GLS",2135120863,2.68191739464638,"ill_conditioned","singular_convergence",964,"",,FALSE,"",2.70007283788055,2.70007283788055,"default:ok;default_port:ok;layered_lbfgs:fail;layered_port:fail;layered_port_ml:fail;layered_port_budget:fail;witness:fail"
"layered_port_ml","default","ml-gls","wolf","test","wolf_3f8i_l80","cfa",34,5,"mixed","GLS",278586712,2.81227013850452,"nonpositive_curvature","singular_convergence",3158,"",,FALSE,"",2.7596136387911,2.7596136387911,"default:ok;default_port:ok;layered_lbfgs:fail;layered_port:fail;layered_port_ml:fail;layered_port_budget:fail;witness:fail"
"layered_port_ml","default","ml-gls","wolf","test","wolf_3f8i_l80","cfa",34,5,"native","GLS",278586712,2.81268993074753,"nonpositive_curvature","singular_convergence",2297,"",,FALSE,"",2.75961363879102,2.75961363879102,"default:ok;default_port:fail;layered_lbfgs:fail;layered_port:fail;layered_port_ml:fail;layered_port_budget:fail;witness:fail"
"layered_port_ml","default","ml-gls","wolf","test","wolf_3f8i_l80","cfa",34,5,"x100","GLS",278586712,2.81235878079546,"nonpositive_curvature","singular_convergence",2912,"",,FALSE,"",2.75961363895921,2.759613638798,"default:ok;default_port:ok;layered_lbfgs:fail;layered_port:fail;layered_port_ml:fail;layered_port_budget:fail;witness:fail"
"layered_port_ml","default","ml-gls","wolf","test","wolf_3f8i_l80","cfa",34,60,"mixed","GLS",2135121387,2.73576962880682,"available","singular_convergence",1258,"",,FALSE,"",2.70808940107257,2.70808940107257,"default:ok;default_port:fail;layered_lbfgs:fail;layered_port:fail;layered_port_ml:fail;layered_port_budget:fail;witness:fail"
"layered_port_ml","default","ml-gls","wolf","test","wolf_3f8i_l80","cfa",34,60,"native","GLS",2135121387,2.73596523188327,"available","singular_convergence",1200,"",,FALSE,"",2.70808940107097,2.69826496770254,"default:ok;default_port:ok;layered_lbfgs:fail;layered_port:fail;layered_port_ml:fail;layered_port_budget:fail;witness:fail"
"layered_port_ml","default","ml-gls","wolf","test","wolf_3f8i_l80","cfa",34,60,"x100","GLS",2135121387,2.73551857552679,"nonpositive_curvature","singular_convergence",2181,"",,FALSE,"",2.70808940106947,2.70808940106947,"default:ok;default_port:fail;layered_lbfgs:fail;layered_port:fail;layered_port_ml:fail;layered_port_budget:fail;witness:fail"
"layered_port_ml","default","ml-gls","wolf","test","wolf_3f8i_l80","cfa",34,63,"x100","GLS",2135121390,3.01245566837603,"available","singular_convergence",1807,"",,FALSE,"",2.99293176281924,2.99293176281924,"default:ok;default_port:fail;layered_lbfgs:fail;layered_port:fail;layered_port_ml:fail;layered_port_budget:fail;witness:fail"
"layered_port_ml","default","ml-gls","wolf","test","wolf_3f8i_l80","cfa",34,79,"mixed","GLS",2135121527,2.86253723098499,"nonpositive_curvature","singular_convergence",518,"",,FALSE,"",2.72437971204911,2.72437971204911,"default:ok;default_port:fail;layered_lbfgs:fail;layered_port:fail;layered_port_ml:fail;layered_port_budget:fail;witness:fail"
"layered_port_ml","default","ml-gls","wolf","test","wolf_3f8i_l80","cfa",34,79,"x100","GLS",2135121527,2.86247202049282,"ill_conditioned","singular_convergence",1766,"",,FALSE,"",2.72437971205275,2.72437971205275,"default:ok;default_port:fail;layered_lbfgs:fail;layered_port:fail;layered_port_ml:fail;layered_port_budget:fail;witness:fail"
"layered_port_ml","default","ml-gls","wolf","test","wolf_3f8i_l80","cfa",34,89,"mixed","GLS",2135121658,2.69209787811734,"nonpositive_curvature","singular_convergence",1002,"",,FALSE,"",2.69228706280614,2.69034511866214,"default:ok;default_port:ok;layered_lbfgs:fail;layered_port:fail;layered_port_ml:fail;layered_port_budget:fail;witness:ok"
"layered_port_ml","default","ml-gls","wolf","test","wolf_3f8i_l80","cfa",34,89,"x100","GLS",2135121658,2.6922299543295,"nonpositive_curvature","singular_convergence",711,"",,FALSE,"",2.69228701006213,2.69034511866214,"default:ok;default_port:ok;layered_lbfgs:fail;layered_port:fail;layered_port_ml:fail;layered_port_budget:fail;witness:ok"
"layered_port_ml","default","ml-gls","wolf","test","wolf_3f8i_l80","cfa",34,98,"native","GLS",2135121788,2.75484240172872,"nonpositive_curvature","singular_convergence",1272,"",,FALSE,"",2.68498353933413,2.68498353933413,"default:ok;default_port:fail;layered_lbfgs:fail;layered_port:fail;layered_port_ml:fail;layered_port_budget:fail;witness:fail"
"layered_port_ml","default","ml-gls","wolf","test","wolf_3f8i_l80","cfa",34,99,"native","GLS",2135121789,2.93539823983386,"available","singular_convergence",1274,"",,FALSE,"",2.87901596270765,2.85044056197422,"default:ok;default_port:fail;layered_lbfgs:ok;layered_port:fail;layered_port_ml:fail;layered_port_budget:fail;witness:fail"
