"lane","role","family","pop","model","n","estimator","arm","problems","attainable","success","best","success_unattainable","median_seconds","total_seconds","median_evals_success"
"ml-gls","control","ernst","ernst","sem",25,"GLS","default",400,314,206,196,0,0.00100000000000477,0.384000000000128,47
"ml-gls","control","ernst","ernst","sem",25,"GLS","default_port",400,314,208,201,0,0.00100000000000477,0.815000000000068,53
"ml-gls","control","ernst","ernst","sem",25,"GLS","layered_lbfgs",400,314,280,270,0,0.000999999999990564,0.287999999999897,34
"ml-gls","control","ernst","ernst","sem",25,"GLS","layered_port",400,314,292,288,0,0.00100000000000477,0.710999999999898,35
"ml-gls","control","ernst","ernst","sem",25,"GLS","layered_port_budget",400,314,292,288,0,0.00100000000000477,1.432,35
"ml-gls","control","ernst","ernst","sem",25,"GLS","layered_port_ml",400,314,292,288,0,0.00100000000000477,1.42299999999983,35
"ml-gls","control","ernst","ernst","sem",25,"ML","default",400,345,279,279,0,0.000999999999990564,0.836000000000041,30
"ml-gls","control","ernst","ernst","sem",25,"ML","default_port",400,345,307,296,0,0.00100000000000477,0.92699999999985,33
"ml-gls","control","ernst","ernst","sem",25,"ML","layered_lbfgs",400,345,302,302,0,0.00100000000000477,0.728000000000079,30
"ml-gls","control","ernst","ernst","sem",25,"ML","layered_port",400,345,328,321,0,0.000999999999990564,0.85299999999988,32
"ml-gls","control","ernst","ernst","sem",25,"ML","layered_port_budget",400,345,315,313,0,0.00100000000000477,1.62500000000008,31
"ml-gls","control","ernst","ernst","sem",25,"ML","layered_port_ml",400,345,315,313,0,0.00100000000000477,1.60700000000011,31
"ml-gls","control","ernst","ernst","sem",100,"GLS","default",400,400,357,357,0,0.000999999999990564,0.307000000000215,31
"ml-gls","control","ernst","ernst","sem",100,"GLS","default_port",400,400,303,303,0,0.00100000000000477,0.596000000000131,37
"ml-gls","control","ernst","ernst","sem",100,"GLS","layered_lbfgs",400,400,400,400,0,0,0.189999999999912,23
"ml-gls","control","ernst","ernst","sem",100,"GLS","layered_port",400,400,400,400,0,0.000999999999990564,0.213000000000022,22.5
"ml-gls","control","ernst","ernst","sem",100,"GLS","layered_port_budget",400,400,400,400,0,0.000999999999990564,0.224999999999795,22.5
"ml-gls","control","ernst","ernst","sem",100,"GLS","layered_port_ml",400,400,400,400,0,0.000999999999990564,0.216000000000178,22.5
"ml-gls","control","ernst","ernst","sem",100,"ML","default",400,400,400,400,0,0.000999999999990564,0.298999999999992,24
"ml-gls","control","ernst","ernst","sem",100,"ML","default_port",400,400,400,400,0,0.000999999999990564,0.242000000000046,24
"ml-gls","control","ernst","ernst","sem",100,"ML","layered_lbfgs",400,400,400,400,0,0.000999999999990564,0.215999999999979,22
"ml-gls","control","ernst","ernst","sem",100,"ML","layered_port",400,400,400,400,0,0.000999999999990564,0.234999999999885,21
"ml-gls","control","ernst","ernst","sem",100,"ML","layered_port_budget",400,400,400,400,0,0.000999999999990564,0.228999999999927,21
"ml-gls","control","ernst","ernst","sem",100,"ML","layered_port_ml",400,400,400,400,0,0.000999999999990564,0.220000000000183,21
"ml-gls","test","boomsma","boomsma_3CL","cfa",25,"GLS","default",400,398,342,341,0,0.00100000000000477,0.277999999999991,39
"ml-gls","test","boomsma","boomsma_3CL","cfa",25,"GLS","default_port",400,398,360,360,0,0.00100000000000477,0.329999999999727,39
"ml-gls","test","boomsma","boomsma_3CL","cfa",25,"GLS","layered_lbfgs",400,398,396,396,0,0,0.181999999999987,24
"ml-gls","test","boomsma","boomsma_3CL","cfa",25,"GLS","layered_port",400,398,396,396,0,0,0.214000000000225,22
"ml-gls","test","boomsma","boomsma_3CL","cfa",25,"GLS","layered_port_budget",400,398,396,396,0,0.000999999999976353,0.247000000000127,22
"ml-gls","test","boomsma","boomsma_3CL","cfa",25,"GLS","layered_port_ml",400,398,396,396,0,0.000999999999976353,0.245000000000004,22
"ml-gls","test","boomsma","boomsma_3CL","cfa",25,"ML","default",400,400,400,400,0,0,0.193000000000011,29
"ml-gls","test","boomsma","boomsma_3CL","cfa",25,"ML","default_port",400,400,400,400,0,0.000999999999976353,0.211999999999846,28.5
"ml-gls","test","boomsma","boomsma_3CL","cfa",25,"ML","layered_lbfgs",400,400,400,400,0,0,0.189000000000049,21
"ml-gls","test","boomsma","boomsma_3CL","cfa",25,"ML","layered_port",400,400,400,400,0,0.000499999999988176,0.199999999999931,19
"ml-gls","test","boomsma","boomsma_3CL","cfa",25,"ML","layered_port_budget",400,400,400,400,0,0.000999999999976353,0.206999999999851,19
"ml-gls","test","boomsma","boomsma_3CL","cfa",25,"ML","layered_port_ml",400,400,400,400,0,0.000999999999976353,0.201999999999941,19
"ml-gls","test","boomsma","boomsma_3CL","cfa",100,"GLS","default",400,400,383,383,0,0.000999999999976353,0.237999999999885,36
"ml-gls","test","boomsma","boomsma_3CL","cfa",100,"GLS","default_port",400,400,390,390,0,0.00100000000000477,0.266000000000331,34
"ml-gls","test","boomsma","boomsma_3CL","cfa",100,"GLS","layered_lbfgs",400,400,400,400,0,0,0.150000000000176,19.5
"ml-gls","test","boomsma","boomsma_3CL","cfa",100,"GLS","layered_port",400,400,400,400,0,0,0.167000000000029,18
"ml-gls","test","boomsma","boomsma_3CL","cfa",100,"GLS","layered_port_budget",400,400,400,400,0,0,0.182000000000016,18
"ml-gls","test","boomsma","boomsma_3CL","cfa",100,"GLS","layered_port_ml",400,400,400,400,0,0,0.156000000000147,18
"ml-gls","test","boomsma","boomsma_3CL","cfa",100,"ML","default",400,400,400,400,0,0,0.167999999999977,25
"ml-gls","test","boomsma","boomsma_3CL","cfa",100,"ML","default_port",400,400,400,400,0,0,0.173999999999949,24
"ml-gls","test","boomsma","boomsma_3CL","cfa",100,"ML","layered_lbfgs",400,400,400,400,0,0,0.166000000000167,19
"ml-gls","test","boomsma","boomsma_3CL","cfa",100,"ML","layered_port",400,400,400,400,0,0,0.178999999999774,16
"ml-gls","test","boomsma","boomsma_3CL","cfa",100,"ML","layered_port_budget",400,400,400,400,0,0,0.181999999999987,16
"ml-gls","test","boomsma","boomsma_3CL","cfa",100,"ML","layered_port_ml",400,400,400,400,0,0,0.178000000000053,16
"ml-gls","test","boomsma","boomsma_3CM","cfa",25,"GLS","default",400,361,227,226,0,0.00100000000000477,0.293999999999726,42
"ml-gls","test","boomsma","boomsma_3CM","cfa",25,"GLS","default_port",400,361,241,238,0,0.00100000000000477,0.517999999999886,48
"ml-gls","test","boomsma","boomsma_3CM","cfa",25,"GLS","layered_lbfgs",400,361,328,327,0,0.000999999999976353,0.295999999999991,32
"ml-gls","test","boomsma","boomsma_3CM","cfa",25,"GLS","layered_port",400,361,340,335,0,0.00100000000000477,0.521999999999706,31
"ml-gls","test","boomsma","boomsma_3CM","cfa",25,"GLS","layered_port_budget",400,361,340,335,0,0.00100000000000477,1.15600000000012,31
"ml-gls","test","boomsma","boomsma_3CM","cfa",25,"GLS","layered_port_ml",400,361,340,335,0,0.00100000000000477,1.15399999999977,31
"ml-gls","test","boomsma","boomsma_3CM","cfa",25,"ML","default",400,375,345,341,0,0.000999999999976353,0.694000000000044,33
"ml-gls","test","boomsma","boomsma_3CM","cfa",25,"ML","default_port",400,375,356,350,0,0.00100000000000477,0.613999999999634,34
"ml-gls","test","boomsma","boomsma_3CM","cfa",25,"ML","layered_lbfgs",400,375,347,345,0,0.000999999999990561,0.414000000000186,29
"ml-gls","test","boomsma","boomsma_3CM","cfa",25,"ML","layered_port",400,375,362,354,0,0.00100000000000477,0.644000000000062,30
"ml-gls","test","boomsma","boomsma_3CM","cfa",25,"ML","layered_port_budget",400,375,363,360,0,0.000999999999990561,1.22300000000007,30
"ml-gls","test","boomsma","boomsma_3CM","cfa",25,"ML","layered_port_ml",400,375,363,360,0,0.00100000000000477,1.25399999999991,30
"ml-gls","test","boomsma","boomsma_3CM","cfa",100,"GLS","default",400,400,330,330,0,0.00100000000000477,0.269999999999839,32
"ml-gls","test","boomsma","boomsma_3CM","cfa",100,"GLS","default_port",400,400,339,339,0,0.00100000000000477,0.349999999999908,41
"ml-gls","test","boomsma","boomsma_3CM","cfa",100,"GLS","layered_lbfgs",400,400,400,400,0,0,0.199000000000182,25
"ml-gls","test","boomsma","boomsma_3CM","cfa",100,"GLS","layered_port",400,400,400,400,0,0.000999999999976353,0.205999999999903,24
"ml-gls","test","boomsma","boomsma_3CM","cfa",100,"GLS","layered_port_budget",400,400,400,400,0,0,0.198999999999869,24
"ml-gls","test","boomsma","boomsma_3CM","cfa",100,"GLS","layered_port_ml",400,400,400,400,0,0.000999999999976353,0.214000000000111,24
"ml-gls","test","boomsma","boomsma_3CM","cfa",100,"ML","default",400,400,400,400,0,0.000999999999976353,0.21100000000041,27
"ml-gls","test","boomsma","boomsma_3CM","cfa",100,"ML","default_port",400,400,400,400,0,0.000999999999976353,0.221000000000116,26
"ml-gls","test","boomsma","boomsma_3CM","cfa",100,"ML","layered_lbfgs",400,400,400,400,0,0,0.183000000000077,24
"ml-gls","test","boomsma","boomsma_3CM","cfa",100,"ML","layered_port",400,400,400,400,0,0.000999999999976353,0.205999999999988,23
"ml-gls","test","boomsma","boomsma_3CM","cfa",100,"ML","layered_port_budget",400,400,400,400,0,0.000999999999976353,0.216000000000121,23
"ml-gls","test","boomsma","boomsma_3CM","cfa",100,"ML","layered_port_ml",400,400,400,400,0,0.000999999999976353,0.218999999999851,23
"ml-gls","test","boomsma","boomsma_3CS","cfa",25,"GLS","default",400,284,116,111,0,0.00100000000000477,0.404999999999773,57
"ml-gls","test","boomsma","boomsma_3CS","cfa",25,"GLS","default_port",400,284,132,126,0,0.00100000000000477,0.949000000000324,71
"ml-gls","test","boomsma","boomsma_3CS","cfa",25,"GLS","layered_lbfgs",400,284,157,144,0,0.00100000000000477,0.456000000000414,56
"ml-gls","test","boomsma","boomsma_3CS","cfa",25,"GLS","layered_port",400,284,179,167,0,0.00399999999999068,1.39899999999969,59
"ml-gls","test","boomsma","boomsma_3CS","cfa",25,"GLS","layered_port_budget",400,284,183,171,0,0.00499999999999545,3.70700000000002,59
"ml-gls","test","boomsma","boomsma_3CS","cfa",25,"GLS","layered_port_ml",400,284,183,171,0,0.00499999999999545,3.6949999999998,59
"ml-gls","test","boomsma","boomsma_3CS","cfa",25,"ML","default",400,344,175,168,0,0.00100000000000477,1.74000000000009,49
"ml-gls","test","boomsma","boomsma_3CS","cfa",25,"ML","default_port",400,344,219,186,0,0.00300000000001432,1.86900000000017,62
"ml-gls","test","boomsma","boomsma_3CS","cfa",25,"ML","layered_lbfgs",400,344,203,202,0,0.00100000000000477,1.37799999999982,56
"ml-gls","test","boomsma","boomsma_3CS","cfa",25,"ML","layered_port",400,344,263,235,0,0.00200000000000955,1.74299999999985,70
"ml-gls","test","boomsma","boomsma_3CS","cfa",25,"ML","layered_port_budget",400,344,258,242,0,0.00200000000000955,4.17800000000068,70
"ml-gls","test","boomsma","boomsma_3CS","cfa",25,"ML","layered_port_ml",400,344,258,242,0,0.00200000000000955,4.17299999999983,70
"ml-gls","test","boomsma","boomsma_3CS","cfa",100,"GLS","default",400,345,201,201,0,0.00100000000000477,0.320999999999827,45
"ml-gls","test","boomsma","boomsma_3CS","cfa",100,"GLS","default_port",400,345,214,212,0,0.00100000000000477,0.588000000000135,61
"ml-gls","test","boomsma","boomsma_3CS","cfa",100,"GLS","layered_lbfgs",400,345,321,320,0,0.00100000000000477,0.291000000000195,41
"ml-gls","test","boomsma","boomsma_3CS","cfa",100,"GLS","layered_port",400,345,327,326,0,0.00100000000000477,0.628999999999876,44
"ml-gls","test","boomsma","boomsma_3CS","cfa",100,"GLS","layered_port_budget",400,345,328,327,0,0.00100000000000477,1.39399999999966,44.5
"ml-gls","test","boomsma","boomsma_3CS","cfa",100,"GLS","layered_port_ml",400,345,328,327,0,0.00100000000000477,1.39600000000021,44.5
"ml-gls","test","boomsma","boomsma_3CS","cfa",100,"ML","default",400,367,300,294,0,0.00100000000000477,1.27900000000002,39
"ml-gls","test","boomsma","boomsma_3CS","cfa",100,"ML","default_port",400,367,330,315,0,0.00100000000000477,0.931000000000153,49
"ml-gls","test","boomsma","boomsma_3CS","cfa",100,"ML","layered_lbfgs",400,367,304,300,0,0.00100000000000477,0.987999999999971,40
"ml-gls","test","boomsma","boomsma_3CS","cfa",100,"ML","layered_port",400,367,340,332,0,0.00100000000000477,0.956000000000329,46
"ml-gls","test","boomsma","boomsma_3CS","cfa",100,"ML","layered_port_budget",400,367,321,315,0,0.00100000000000477,1.82199999999963,45
"ml-gls","test","boomsma","boomsma_3CS","cfa",100,"ML","layered_port_ml",400,367,322,315,0,0.00100000000000477,1.81099999999998,45
"ml-gls","test","boomsma","boomsma_3UL","cfa",25,"GLS","default",400,400,339,339,0,0.000999999999990561,0.245000000000146,39
"ml-gls","test","boomsma","boomsma_3UL","cfa",25,"GLS","default_port",400,400,345,342,0,0.00100000000000477,0.357999999999747,38
"ml-gls","test","boomsma","boomsma_3UL","cfa",25,"GLS","layered_lbfgs",400,400,400,400,0,0,0.155000000000086,23
"ml-gls","test","boomsma","boomsma_3UL","cfa",25,"GLS","layered_port",400,400,400,400,0,0,0.181999999999959,21
"ml-gls","test","boomsma","boomsma_3UL","cfa",25,"GLS","layered_port_budget",400,400,400,400,0,0,0.178000000000252,21
"ml-gls","test","boomsma","boomsma_3UL","cfa",25,"GLS","layered_port_ml",400,400,400,400,0,0,0.175999999999731,21
"ml-gls","test","boomsma","boomsma_3UL","cfa",25,"ML","default",400,400,396,396,0,0,0.177000000000162,28
"ml-gls","test","boomsma","boomsma_3UL","cfa",25,"ML","default_port",400,400,400,400,0,0.000999999999976353,0.209000000000173,26
"ml-gls","test","boomsma","boomsma_3UL","cfa",25,"ML","layered_lbfgs",400,400,396,396,0,0,0.187999999999789,20
"ml-gls","test","boomsma","boomsma_3UL","cfa",25,"ML","layered_port",400,400,400,400,0,0,0.202000000000026,18
"ml-gls","test","boomsma","boomsma_3UL","cfa",25,"ML","layered_port_budget",400,400,400,400,0,0,0.197999999999978,18
"ml-gls","test","boomsma","boomsma_3UL","cfa",25,"ML","layered_port_ml",400,400,400,400,0,0,0.187000000000267,18
"ml-gls","test","boomsma","boomsma_3UL","cfa",100,"GLS","default",400,400,372,372,0,0.000999999999976353,0.225000000000079,36
"ml-gls","test","boomsma","boomsma_3UL","cfa",100,"GLS","default_port",400,400,356,356,0,0.00100000000000477,0.343999999999851,34
"ml-gls","test","boomsma","boomsma_3UL","cfa",100,"GLS","layered_lbfgs",400,400,400,400,0,0,0.173000000000058,19
"ml-gls","test","boomsma","boomsma_3UL","cfa",100,"GLS","layered_port",400,400,400,400,0,0,0.166000000000195,17.5
"ml-gls","test","boomsma","boomsma_3UL","cfa",100,"GLS","layered_port_budget",400,400,400,400,0,0,0.171999999999797,17.5
"ml-gls","test","boomsma","boomsma_3UL","cfa",100,"GLS","layered_port_ml",400,400,400,400,0,0,0.175999999999959,17.5
"ml-gls","test","boomsma","boomsma_3UL","cfa",100,"ML","default",400,400,400,400,0,0,0.180999999999897,24
"ml-gls","test","boomsma","boomsma_3UL","cfa",100,"ML","default_port",400,400,400,400,0,0,0.1790000000002,23
"ml-gls","test","boomsma","boomsma_3UL","cfa",100,"ML","layered_lbfgs",400,400,400,400,0,0,0.163000000000067,18
"ml-gls","test","boomsma","boomsma_3UL","cfa",100,"ML","layered_port",400,400,400,400,0,0,0.170999999999878,14
"ml-gls","test","boomsma","boomsma_3UL","cfa",100,"ML","layered_port_budget",400,400,400,400,0,0,0.184000000000196,14
"ml-gls","test","boomsma","boomsma_3UL","cfa",100,"ML","layered_port_ml",400,400,400,400,0,0,0.176999999999992,14
"ml-gls","test","boomsma","boomsma_3UM","cfa",25,"GLS","default",400,349,222,209,0,0.00100000000000477,0.294000000000351,45
"ml-gls","test","boomsma","boomsma_3UM","cfa",25,"GLS","default_port",400,349,249,235,0,0.00100000000000477,0.537999999999953,52
"ml-gls","test","boomsma","boomsma_3UM","cfa",25,"GLS","layered_lbfgs",400,349,324,316,0,0.000999999999976353,0.279000000000081,31
"ml-gls","test","boomsma","boomsma_3UM","cfa",25,"GLS","layered_port",400,349,342,332,0,0.00100000000000477,0.553000000000423,32
"ml-gls","test","boomsma","boomsma_3UM","cfa",25,"GLS","layered_port_budget",400,349,344,336,0,0.00100000000000477,1.26100000000008,32.5
"ml-gls","test","boomsma","boomsma_3UM","cfa",25,"GLS","layered_port_ml",400,349,344,336,0,0.00100000000000477,1.2780000000003,32.5
"ml-gls","test","boomsma","boomsma_3UM","cfa",25,"ML","default",400,386,332,328,0,0.00100000000000477,0.684999999999973,33
"ml-gls","test","boomsma","boomsma_3UM","cfa",25,"ML","default_port",400,386,369,344,0,0.00100000000000477,0.674999999999869,36
"ml-gls","test","boomsma","boomsma_3UM","cfa",25,"ML","layered_lbfgs",400,386,345,332,0,0.000999999999976353,0.510000000000076,30
"ml-gls","test","boomsma","boomsma_3UM","cfa",25,"ML","layered_port",400,386,371,347,0,0.00100000000000477,0.628000000000042,31
"ml-gls","test","boomsma","boomsma_3UM","cfa",25,"ML","layered_port_budget",400,386,358,346,0,0.00100000000000477,1.22100000000003,29
"ml-gls","test","boomsma","boomsma_3UM","cfa",25,"ML","layered_port_ml",400,386,358,346,0,0.00100000000000477,1.22400000000005,29
"ml-gls","test","boomsma","boomsma_3UM","cfa",100,"GLS","default",400,400,334,334,0,0.00100000000000477,0.259000000000213,32
"ml-gls","test","boomsma","boomsma_3UM","cfa",100,"GLS","default_port",400,400,323,323,0,0.00100000000000477,0.424000000000148,40
"ml-gls","test","boomsma","boomsma_3UM","cfa",100,"GLS","layered_lbfgs",400,400,396,396,0,0,0.184000000000281,25
"ml-gls","test","boomsma","boomsma_3UM","cfa",100,"GLS","layered_port",400,400,400,400,0,0,0.209999999999922,23
"ml-gls","test","boomsma","boomsma_3UM","cfa",100,"GLS","layered_port_budget",400,400,400,400,0,0.000999999999976353,0.213000000000078,23
"ml-gls","test","boomsma","boomsma_3UM","cfa",100,"GLS","layered_port_ml",400,400,400,400,0,0,0.199000000000012,23
"ml-gls","test","boomsma","boomsma_3UM","cfa",100,"ML","default",400,400,396,396,0,0,0.259000000000156,26
"ml-gls","test","boomsma","boomsma_3UM","cfa",100,"ML","default_port",400,400,400,399,0,0.000999999999976353,0.2589999999999,25
"ml-gls","test","boomsma","boomsma_3UM","cfa",100,"ML","layered_lbfgs",400,400,396,396,0,0.000999999999976353,0.249999999999658,23
"ml-gls","test","boomsma","boomsma_3UM","cfa",100,"ML","layered_port",400,400,399,398,0,0.000999999999976353,0.258000000000179,22
"ml-gls","test","boomsma","boomsma_3UM","cfa",100,"ML","layered_port_budget",400,400,396,396,0,0,0.330000000000239,22
"ml-gls","test","boomsma","boomsma_3UM","cfa",100,"ML","layered_port_ml",400,400,396,396,0,0.000999999999976353,0.335999999999927,22
"ml-gls","test","boomsma","boomsma_3US","cfa",25,"GLS","default",400,256,98,93,0,0.00100000000000477,0.436999999999784,60
"ml-gls","test","boomsma","boomsma_3US","cfa",25,"GLS","default_port",400,256,109,104,0,0.00100000000000477,1.06999999999985,71
"ml-gls","test","boomsma","boomsma_3US","cfa",25,"GLS","layered_lbfgs",400,256,147,143,0,0.00100000000000477,0.487999999999857,50
"ml-gls","test","boomsma","boomsma_3US","cfa",25,"GLS","layered_port",400,256,160,152,0,0.0040000000000191,1.46599999999998,50.5
"ml-gls","test","boomsma","boomsma_3US","cfa",25,"GLS","layered_port_budget",400,256,160,156,0,0.00499999999999545,3.56900000000033,50.5
"ml-gls","test","boomsma","boomsma_3US","cfa",25,"GLS","layered_port_ml",400,256,160,156,0,0.00499999999999545,3.60100000000009,50.5
"ml-gls","test","boomsma","boomsma_3US","cfa",25,"ML","default",400,321,133,119,0,0.00200000000000955,2.61699999999996,43
"ml-gls","test","boomsma","boomsma_3US","cfa",25,"ML","default_port",400,321,188,146,0,0.00600000000000023,2.1940000000001,61.5
"ml-gls","test","boomsma","boomsma_3US","cfa",25,"ML","layered_lbfgs",400,321,186,182,0,0.00199999999998113,1.24000000000009,51
"ml-gls","test","boomsma","boomsma_3US","cfa",25,"ML","layered_port",400,321,252,218,0,0.00400000000000489,1.86299999999971,76
"ml-gls","test","boomsma","boomsma_3US","cfa",25,"ML","layered_port_budget",400,321,244,225,0,0.0040000000000191,4.20400000000006,74
"ml-gls","test","boomsma","boomsma_3US","cfa",25,"ML","layered_port_ml",400,321,244,225,0,0.0040000000000191,4.21899999999999,74
"ml-gls","test","boomsma","boomsma_3US","cfa",100,"GLS","default",400,329,167,164,0,0.00100000000000477,0.326999999999997,44
"ml-gls","test","boomsma","boomsma_3US","cfa",100,"GLS","default_port",400,329,186,183,0,0.00100000000000477,0.759999999999734,62
"ml-gls","test","boomsma","boomsma_3US","cfa",100,"GLS","layered_lbfgs",400,329,285,285,0,0.00100000000000477,0.330999999999931,41
"ml-gls","test","boomsma","boomsma_3US","cfa",100,"GLS","layered_port",400,329,296,296,0,0.00100000000000477,0.795999999999935,45
"ml-gls","test","boomsma","boomsma_3US","cfa",100,"GLS","layered_port_budget",400,329,296,296,0,0.00100000000000477,2.1149999999999,45
"ml-gls","test","boomsma","boomsma_3US","cfa",100,"GLS","layered_port_ml",400,329,296,296,0,0.00100000000000477,2.10300000000029,45
"ml-gls","test","boomsma","boomsma_3US","cfa",100,"ML","default",400,377,268,266,0,0.00100000000000477,1.56000000000014,39.5
"ml-gls","test","boomsma","boomsma_3US","cfa",100,"ML","default_port",400,377,325,298,0,0.00100000000000477,1.20699999999996,48
"ml-gls","test","boomsma","boomsma_3US","cfa",100,"ML","layered_lbfgs",400,377,302,302,0,0.00100000000000477,1.24599999999995,40
"ml-gls","test","boomsma","boomsma_3US","cfa",100,"ML","layered_port",400,377,351,335,0,0.00100000000000477,1.00400000000002,46
"ml-gls","test","boomsma","boomsma_3US","cfa",100,"ML","layered_port_budget",400,377,315,314,0,0.00100000000000477,2.30399999999997,43
"ml-gls","test","boomsma","boomsma_3US","cfa",100,"ML","layered_port_ml",400,377,315,314,0,0.00100000000000477,2.29399999999981,43
"ml-gls","test","boomsma","boomsma_4CL","cfa",25,"GLS","default",400,388,372,370,0,0.000999999999976353,0.320999999999515,43
"ml-gls","test","boomsma","boomsma_4CL","cfa",25,"GLS","default_port",400,388,351,343,0,0.000999999999976353,0.474999999999057,41
"ml-gls","test","boomsma","boomsma_4CL","cfa",25,"GLS","layered_lbfgs",400,388,380,380,0,0.000999999999976353,0.275000000000717,28
"ml-gls","test","boomsma","boomsma_4CL","cfa",25,"GLS","layered_port",400,388,384,384,0,0.000999999999976353,0.379999999999427,27
"ml-gls","test","boomsma","boomsma_4CL","cfa",25,"GLS","layered_port_budget",400,388,385,385,0,0.000999999999976353,0.645000000000266,27
"ml-gls","test","boomsma","boomsma_4CL","cfa",25,"GLS","layered_port_ml",400,388,385,385,0,0.000999999999976353,0.655000000000996,27
"ml-gls","test","boomsma","boomsma_4CL","cfa",25,"ML","default",400,400,400,400,0,0.000999999999976353,0.254999999999825,33
"ml-gls","test","boomsma","boomsma_4CL","cfa",25,"ML","default_port",400,400,400,400,0,0.000999999999976353,0.302000000001101,34
"ml-gls","test","boomsma","boomsma_4CL","cfa",25,"ML","layered_lbfgs",400,400,400,400,0,0.000999999999976353,0.228999999999815,22
"ml-gls","test","boomsma","boomsma_4CL","cfa",25,"ML","layered_port",400,400,400,400,0,0.000999999999976353,0.26400000000001,23
"ml-gls","test","boomsma","boomsma_4CL","cfa",25,"ML","layered_port_budget",400,400,400,400,0,0.000999999999976353,0.254999999999825,23
"ml-gls","test","boomsma","boomsma_4CL","cfa",25,"ML","layered_port_ml",400,400,400,400,0,0.000999999999976353,0.27900000000011,23
"ml-gls","test","boomsma","boomsma_4CL","cfa",100,"GLS","default",400,400,400,400,0,0.000999999999976353,0.302999999999657,36
"ml-gls","test","boomsma","boomsma_4CL","cfa",100,"GLS","default_port",400,400,366,366,0,0.000999999999976353,0.349000000000274,33
"ml-gls","test","boomsma","boomsma_4CL","cfa",100,"GLS","layered_lbfgs",400,400,400,400,0,0.000999999999976353,0.239999999999782,20
"ml-gls","test","boomsma","boomsma_4CL","cfa",100,"GLS","layered_port",400,400,400,400,0,0.000999999999976353,0.279999999999575,18
"ml-gls","test","boomsma","boomsma_4CL","cfa",100,"GLS","layered_port_budget",400,400,400,400,0,0.000999999999976353,0.271999999999935,18
"ml-gls","test","boomsma","boomsma_4CL","cfa",100,"GLS","layered_port_ml",400,400,400,400,0,0.000999999999976353,0.26299999999992,18
"ml-gls","test","boomsma","boomsma_4CL","cfa",100,"ML","default",400,400,400,400,0,0.000999999999976353,0.256000000000143,28
"ml-gls","test","boomsma","boomsma_4CL","cfa",100,"ML","default_port",400,400,400,400,0,0.000999999999976353,0.301000000000102,25
"ml-gls","test","boomsma","boomsma_4CL","cfa",100,"ML","layered_lbfgs",400,400,400,400,0,0.000999999999976353,0.269999999999414,20
"ml-gls","test","boomsma","boomsma_4CL","cfa",100,"ML","layered_port",400,400,400,400,0,0.000999999999976353,0.255999999999745,16
"ml-gls","test","boomsma","boomsma_4CL","cfa",100,"ML","layered_port_budget",400,400,400,400,0,0.000999999999976353,0.271000000000072,16
"ml-gls","test","boomsma","boomsma_4CL","cfa",100,"ML","layered_port_ml",400,400,400,400,0,0.000999999999976353,0.268000000000143,16
"ml-gls","test","boomsma","boomsma_4CM","cfa",25,"GLS","default",400,354,296,292,0,0.000999999999976353,0.391999999999769,43
"ml-gls","test","boomsma","boomsma_4CM","cfa",25,"GLS","default_port",400,354,301,299,0,0.000999999999976353,0.696999999999662,45
"ml-gls","test","boomsma","boomsma_4CM","cfa",25,"GLS","layered_lbfgs",400,354,331,325,0,0.000999999999976353,0.379000000000701,33
"ml-gls","test","boomsma","boomsma_4CM","cfa",25,"GLS","layered_port",400,354,348,344,0,0.000999999999976353,0.669000000000267,32
"ml-gls","test","boomsma","boomsma_4CM","cfa",25,"GLS","layered_port_budget",400,354,348,344,0,0.000999999999976353,1.0980000000003,32
"ml-gls","test","boomsma","boomsma_4CM","cfa",25,"GLS","layered_port_ml",400,354,348,344,0,0.000999999999976353,1.10299999999955,32
"ml-gls","test","boomsma","boomsma_4CM","cfa",25,"ML","default",400,396,388,384,0,0.000999999999976353,0.323000000000434,31
"ml-gls","test","boomsma","boomsma_4CM","cfa",25,"ML","default_port",400,396,396,388,0,0.000999999999976353,0.406000000000234,33
"ml-gls","test","boomsma","boomsma_4CM","cfa",25,"ML","layered_lbfgs",400,396,392,388,0,0.000999999999976353,0.321999999999833,28
"ml-gls","test","boomsma","boomsma_4CM","cfa",25,"ML","layered_port",400,396,396,392,0,0.000999999999976353,0.369999999999607,28
"ml-gls","test","boomsma","boomsma_4CM","cfa",25,"ML","layered_port_budget",400,396,396,392,0,0.000999999999976353,0.376999999999612,28
"ml-gls","test","boomsma","boomsma_4CM","cfa",25,"ML","layered_port_ml",400,396,396,392,0,0.000999999999976353,0.391000000000077,28
"ml-gls","test","boomsma","boomsma_4CM","cfa",100,"GLS","default",400,400,392,392,0,0.000999999999976353,0.32700000000051,33
"ml-gls","test","boomsma","boomsma_4CM","cfa",100,"GLS","default_port",400,400,353,353,0,0.000999999999976353,0.390999999999508,38
"ml-gls","test","boomsma","boomsma_4CM","cfa",100,"GLS","layered_lbfgs",400,400,400,400,0,0.000999999999976353,0.261999999999489,24.5
"ml-gls","test","boomsma","boomsma_4CM","cfa",100,"GLS","layered_port",400,400,400,400,0,0.000999999999976353,0.29299999999995,24
"ml-gls","test","boomsma","boomsma_4CM","cfa",100,"GLS","layered_port_budget",400,400,400,400,0,0.000999999999976353,0.299000000000661,24
"ml-gls","test","boomsma","boomsma_4CM","cfa",100,"GLS","layered_port_ml",400,400,400,400,0,0.000999999999976353,0.285000000000366,24
"ml-gls","test","boomsma","boomsma_4CM","cfa",100,"ML","default",400,400,400,400,0,0.000999999999976353,0.246000000001004,26
"ml-gls","test","boomsma","boomsma_4CM","cfa",100,"ML","default_port",400,400,400,400,0,0.000999999999976353,0.298999999999581,25
"ml-gls","test","boomsma","boomsma_4CM","cfa",100,"ML","layered_lbfgs",400,400,400,400,0,0.000999999999976353,0.274000000000001,24
"ml-gls","test","boomsma","boomsma_4CM","cfa",100,"ML","layered_port",400,400,400,400,0,0.000999999999976353,0.295999999999424,22
"ml-gls","test","boomsma","boomsma_4CM","cfa",100,"ML","layered_port_budget",400,400,400,400,0,0.000999999999976353,0.295000000000698,22
"ml-gls","test","boomsma","boomsma_4CM","cfa",100,"ML","layered_port_ml",400,400,400,400,0,0.000999999999976353,0.306999999999676,22
"ml-gls","test","boomsma","boomsma_4CS","cfa",25,"GLS","default",400,262,166,157,0,0.00100000000000477,0.48399999999927,62
"ml-gls","test","boomsma","boomsma_4CS","cfa",25,"GLS","default_port",400,262,181,175,0,0.0010000000000332,1.24899999999957,69
"ml-gls","test","boomsma","boomsma_4CS","cfa",25,"GLS","layered_lbfgs",400,262,198,188,0,0.0010000000000332,0.537000000000177,54
"ml-gls","test","boomsma","boomsma_4CS","cfa",25,"GLS","layered_port",400,262,212,204,0,0.00200000000000955,1.55999999999992,54
"ml-gls","test","boomsma","boomsma_4CS","cfa",25,"GLS","layered_port_budget",400,262,212,204,0,0.00200000000000955,3.8839999999997,54
"ml-gls","test","boomsma","boomsma_4CS","cfa",25,"GLS","layered_port_ml",400,262,212,204,0,0.00200000000000955,3.84999999999951,54
"ml-gls","test","boomsma","boomsma_4CS","cfa",25,"ML","default",400,361,272,252,0,0.00100000000000477,1.04999999999976,47
"ml-gls","test","boomsma","boomsma_4CS","cfa",25,"ML","default_port",400,361,306,265,0,0.0010000000000332,1.6190000000002,54
"ml-gls","test","boomsma","boomsma_4CS","cfa",25,"ML","layered_lbfgs",400,361,284,257,0,0.00100000000000477,0.940999999999804,44
"ml-gls","test","boomsma","boomsma_4CS","cfa",25,"ML","layered_port",400,361,324,276,0,0.0010000000000332,1.46899999999974,52
"ml-gls","test","boomsma","boomsma_4CS","cfa",25,"ML","layered_port_budget",400,361,314,282,0,0.00100000000001899,3.20199999999966,49
"ml-gls","test","boomsma","boomsma_4CS","cfa",25,"ML","layered_port_ml",400,361,314,282,0,0.0010000000000332,3.19400000000093,49
"ml-gls","test","boomsma","boomsma_4CS","cfa",100,"GLS","default",400,400,323,323,0,0.000999999999976353,0.344000000000421,37
"ml-gls","test","boomsma","boomsma_4CS","cfa",100,"GLS","default_port",400,400,317,317,0,0.00100000000000477,0.496000000000038,54
"ml-gls","test","boomsma","boomsma_4CS","cfa",100,"GLS","layered_lbfgs",400,400,396,396,0,0.000999999999976353,0.299999999999642,39
"ml-gls","test","boomsma","boomsma_4CS","cfa",100,"GLS","layered_port",400,400,396,396,0,0.000999999999976353,0.411000000000542,40
"ml-gls","test","boomsma","boomsma_4CS","cfa",100,"GLS","layered_port_budget",400,400,396,396,0,0.000999999999976353,0.563000000000159,40
"ml-gls","test","boomsma","boomsma_4CS","cfa",100,"GLS","layered_port_ml",400,400,396,396,0,0.000999999999976353,0.545999999999424,40
"ml-gls","test","boomsma","boomsma_4CS","cfa",100,"ML","default",400,400,400,396,0,0.000999999999976353,0.298999999999268,37
"ml-gls","test","boomsma","boomsma_4CS","cfa",100,"ML","default_port",400,400,400,396,0,0.000999999999990561,0.390999999999878,44
"ml-gls","test","boomsma","boomsma_4CS","cfa",100,"ML","layered_lbfgs",400,400,400,396,0,0.000999999999976353,0.309000000000367,36
"ml-gls","test","boomsma","boomsma_4CS","cfa",100,"ML","layered_port",400,400,400,396,0,0.000999999999976353,0.378999999999991,39
"ml-gls","test","boomsma","boomsma_4CS","cfa",100,"ML","layered_port_budget",400,400,400,396,0,0.000999999999976353,0.415000000000447,39
"ml-gls","test","boomsma","boomsma_4CS","cfa",100,"ML","layered_port_ml",400,400,400,396,0,0.000999999999976353,0.392999999999859,39
"ml-gls","test","boomsma","boomsma_4UL","cfa",25,"GLS","default",400,388,371,370,0,0.00100000000000477,0.322000000000314,42
"ml-gls","test","boomsma","boomsma_4UL","cfa",25,"GLS","default_port",400,388,350,348,0,0.00100000000000477,0.443999999999533,40
"ml-gls","test","boomsma","boomsma_4UL","cfa",25,"GLS","layered_lbfgs",400,388,388,388,0,0.000999999999976353,0.222000000000377,28
"ml-gls","test","boomsma","boomsma_4UL","cfa",25,"GLS","layered_port",400,388,388,388,0,0.000999999999976353,0.320999999999741,26
"ml-gls","test","boomsma","boomsma_4UL","cfa",25,"GLS","layered_port_budget",400,388,388,388,0,0.00100000000000477,0.346999999999865,26
"ml-gls","test","boomsma","boomsma_4UL","cfa",25,"GLS","layered_port_ml",400,388,388,388,0,0.00100000000000477,0.348000000000183,26
"ml-gls","test","boomsma","boomsma_4UL","cfa",25,"ML","default",400,400,400,400,0,0.000999999999976353,0.236000000000074,32
"ml-gls","test","boomsma","boomsma_4UL","cfa",25,"ML","default_port",400,400,400,400,0,0.00100000000000477,0.263999999999725,33
"ml-gls","test","boomsma","boomsma_4UL","cfa",25,"ML","layered_lbfgs",400,400,400,400,0,0.000999999999976353,0.202000000000253,22
"ml-gls","test","boomsma","boomsma_4UL","cfa",25,"ML","layered_port",400,400,400,400,0,0.00100000000000477,0.247999999999904,21
"ml-gls","test","boomsma","boomsma_4UL","cfa",25,"ML","layered_port_budget",400,400,400,400,0,0.000999999999976353,0.218999999999965,21
"ml-gls","test","boomsma","boomsma_4UL","cfa",25,"ML","layered_port_ml",400,400,400,400,0,0.00100000000000477,0.252000000000151,21
"ml-gls","test","boomsma","boomsma_4UL","cfa",100,"GLS","default",400,400,400,400,0,0.00100000000000477,0.255999999999914,38
"ml-gls","test","boomsma","boomsma_4UL","cfa",100,"GLS","default_port",400,400,363,363,0,0.00100000000000477,0.305000000000233,34
"ml-gls","test","boomsma","boomsma_4UL","cfa",100,"GLS","layered_lbfgs",400,400,400,400,0,0.000999999999976353,0.201000000000106,19
"ml-gls","test","boomsma","boomsma_4UL","cfa",100,"GLS","layered_port",400,400,400,400,0,0.000999999999976353,0.219000000000135,18
"ml-gls","test","boomsma","boomsma_4UL","cfa",100,"GLS","layered_port_budget",400,400,400,400,0,0.000999999999976353,0.226999999999975,18
"ml-gls","test","boomsma","boomsma_4UL","cfa",100,"GLS","layered_port_ml",400,400,400,400,0,0.000999999999976353,0.233999999999781,18
"ml-gls","test","boomsma","boomsma_4UL","cfa",100,"ML","default",400,400,400,400,0,0.000999999999976353,0.211000000000154,27
"ml-gls","test","boomsma","boomsma_4UL","cfa",100,"ML","default_port",400,400,400,400,0,0.000999999999976353,0.24299999999988,24
"ml-gls","test","boomsma","boomsma_4UL","cfa",100,"ML","layered_lbfgs",400,400,400,400,0,0.000999999999976353,0.219000000000192,19
"ml-gls","test","boomsma","boomsma_4UL","cfa",100,"ML","layered_port",400,400,400,400,0,0.00100000000000477,0.246000000000236,16
"ml-gls","test","boomsma","boomsma_4UL","cfa",100,"ML","layered_port_budget",400,400,400,400,0,0.000999999999976353,0.216999999999614,16
"ml-gls","test","boomsma","boomsma_4UL","cfa",100,"ML","layered_port_ml",400,400,400,400,0,0.000999999999976353,0.225000000000221,16
"ml-gls","test","boomsma","boomsma_4UM","cfa",25,"GLS","default",400,372,307,304,0,0.00100000000000477,0.340999999999808,41
"ml-gls","test","boomsma","boomsma_4UM","cfa",25,"GLS","default_port",400,372,307,304,0,0.00100000000000477,0.607999999999918,45
"ml-gls","test","boomsma","boomsma_4UM","cfa",25,"GLS","layered_lbfgs",400,372,356,350,0,0.00100000000000477,0.299999999999954,33
"ml-gls","test","boomsma","boomsma_4UM","cfa",25,"GLS","layered_port",400,372,367,361,0,0.00100000000000477,0.569000000000073,33
"ml-gls","test","boomsma","boomsma_4UM","cfa",25,"GLS","layered_port_budget",400,372,368,362,0,0.00100000000000477,0.941000000000229,33
"ml-gls","test","boomsma","boomsma_4UM","cfa",25,"GLS","layered_port_ml",400,372,368,362,0,0.00100000000000477,0.946000000000253,33
"ml-gls","test","boomsma","boomsma_4UM","cfa",25,"ML","default",400,400,392,392,0,0.000999999999976353,0.274999999999891,30
"ml-gls","test","boomsma","boomsma_4UM","cfa",25,"ML","default_port",400,400,399,395,0,0.00100000000000477,0.325000000000187,33
"ml-gls","test","boomsma","boomsma_4UM","cfa",25,"ML","layered_lbfgs",400,400,392,392,0,0.000999999999976353,0.269999999999981,27
"ml-gls","test","boomsma","boomsma_4UM","cfa",25,"ML","layered_port",400,400,394,394,0,0.00100000000000477,0.359999999999757,28
"ml-gls","test","boomsma","boomsma_4UM","cfa",25,"ML","layered_port_budget",400,400,394,392,0,0.00100000000000477,0.49599999999998,28
"ml-gls","test","boomsma","boomsma_4UM","cfa",25,"ML","layered_port_ml",400,400,394,392,0,0.00100000000000477,0.504000000000132,28
"ml-gls","test","boomsma","boomsma_4UM","cfa",100,"GLS","default",400,400,379,379,0,0.00100000000000477,0.279000000000194,34
"ml-gls","test","boomsma","boomsma_4UM","cfa",100,"GLS","default_port",400,400,344,344,0,0.00100000000000477,0.3449999999996,38
"ml-gls","test","boomsma","boomsma_4UM","cfa",100,"GLS","layered_lbfgs",400,400,400,400,0,0.000999999999976353,0.226000000000027,24
"ml-gls","test","boomsma","boomsma_4UM","cfa",100,"GLS","layered_port",400,400,400,400,0,0.00100000000000477,0.244000000000027,24
"ml-gls","test","boomsma","boomsma_4UM","cfa",100,"GLS","layered_port_budget",400,400,400,400,0,0.00100000000000477,0.246000000000008,24
"ml-gls","test","boomsma","boomsma_4UM","cfa",100,"GLS","layered_port_ml",400,400,400,400,0,0.00100000000000477,0.245000000000117,24
"ml-gls","test","boomsma","boomsma_4UM","cfa",100,"ML","default",400,400,400,400,0,0.000999999999976353,0.226000000000226,25.5
"ml-gls","test","boomsma","boomsma_4UM","cfa",100,"ML","default_port",400,400,400,400,0,0.000999999999976353,0.248999999999824,25
"ml-gls","test","boomsma","boomsma_4UM","cfa",100,"ML","layered_lbfgs",400,400,400,400,0,0.000999999999976353,0.229000000000183,24
"ml-gls","test","boomsma","boomsma_4UM","cfa",100,"ML","layered_port",400,400,400,400,0,0.00100000000000477,0.25500000000008,22
"ml-gls","test","boomsma","boomsma_4UM","cfa",100,"ML","layered_port_budget",400,400,400,400,0,0.00100000000000477,0.263000000000061,22
"ml-gls","test","boomsma","boomsma_4UM","cfa",100,"ML","layered_port_ml",400,400,400,400,0,0.000999999999976353,0.251999999999554,22
"ml-gls","test","boomsma","boomsma_4US","cfa",25,"GLS","default",400,294,188,180,0,0.00100000000000477,0.494000000000311,75
"ml-gls","test","boomsma","boomsma_4US","cfa",25,"GLS","default_port",400,294,201,191,0,0.00100000000000477,1.14599999999956,82
"ml-gls","test","boomsma","boomsma_4US","cfa",25,"GLS","layered_lbfgs",400,294,236,216,0,0.00100000000000477,0.523000000000052,65
"ml-gls","test","boomsma","boomsma_4US","cfa",25,"GLS","layered_port",400,294,256,242,0,0.00100000000000477,1.20100000000031,69
"ml-gls","test","boomsma","boomsma_4US","cfa",25,"GLS","layered_port_budget",400,294,256,242,0,0.00100000000000477,2.73700000000028,69
"ml-gls","test","boomsma","boomsma_4US","cfa",25,"GLS","layered_port_ml",400,294,256,242,0,0.00100000000000477,2.7769999999999,69
"ml-gls","test","boomsma","boomsma_4US","cfa",25,"ML","default",400,353,221,218,0,0.00100000000000477,1.29700000000008,46
"ml-gls","test","boomsma","boomsma_4US","cfa",25,"ML","default_port",400,353,298,269,0,0.00199999999998113,1.739,69
"ml-gls","test","boomsma","boomsma_4US","cfa",25,"ML","layered_lbfgs",400,353,233,232,0,0.00100000000000477,1.08100000000013,44
"ml-gls","test","boomsma","boomsma_4US","cfa",25,"ML","layered_port",400,353,298,278,0,0.00100000000000477,1.71799999999982,61
"ml-gls","test","boomsma","boomsma_4US","cfa",25,"ML","layered_port_budget",400,353,302,295,0,0.00100000000000477,3.90300000000008,61
"ml-gls","test","boomsma","boomsma_4US","cfa",25,"ML","layered_port_ml",400,353,302,295,0,0.00100000000000477,3.92999999999984,61
"ml-gls","test","boomsma","boomsma_4US","cfa",100,"GLS","default",400,400,333,330,0,0.00100000000000477,0.350999999999913,36
"ml-gls","test","boomsma","boomsma_4US","cfa",100,"GLS","default_port",400,400,325,322,0,0.00100000000000477,0.480000000000074,55
"ml-gls","test","boomsma","boomsma_4US","cfa",100,"GLS","layered_lbfgs",400,400,392,387,0,0.00100000000000477,0.30099999999993,37.5
"ml-gls","test","boomsma","boomsma_4US","cfa",100,"GLS","layered_port",400,400,396,391,0,0.00100000000000477,0.401000000000038,39
"ml-gls","test","boomsma","boomsma_4US","cfa",100,"GLS","layered_port_budget",400,400,396,391,0,0.00100000000000477,0.5209999999999,39
"ml-gls","test","boomsma","boomsma_4US","cfa",100,"GLS","layered_port_ml",400,400,396,391,0,0.00100000000000477,0.523000000000307,39
"ml-gls","test","boomsma","boomsma_4US","cfa",100,"ML","default",400,400,396,396,0,0.00100000000000477,0.358999999999866,37
"ml-gls","test","boomsma","boomsma_4US","cfa",100,"ML","default_port",400,400,396,396,0,0.00100000000000477,0.461999999999704,43
"ml-gls","test","boomsma","boomsma_4US","cfa",100,"ML","layered_lbfgs",400,400,396,392,0,0.00100000000000477,0.350000000000078,36
"ml-gls","test","boomsma","boomsma_4US","cfa",100,"ML","layered_port",400,400,396,392,0,0.00100000000000477,0.442999999999954,37
"ml-gls","test","boomsma","boomsma_4US","cfa",100,"ML","layered_port_budget",400,400,397,392,0,0.00100000000000477,0.607000000000169,37
"ml-gls","test","boomsma","boomsma_4US","cfa",100,"ML","layered_port_ml",400,400,397,392,0,0.00100000000000477,0.594999999999912,37
"ml-gls","test","chen","chen_2001","m0",25,"GLS","default",400,389,138,129,0,0.00300000000004275,1.43799999999737,84
"ml-gls","test","chen","chen_2001","m0",25,"GLS","default_port",400,389,135,122,0,0.00499999999999545,2.61999999999989,67
"ml-gls","test","chen","chen_2001","m0",25,"GLS","layered_lbfgs",400,389,376,369,0,0.000999999999976353,0.517000000001644,41.5
"ml-gls","test","chen","chen_2001","m0",25,"GLS","layered_port",400,389,384,373,0,0.000999999999976353,0.685999999999467,43
"ml-gls","test","chen","chen_2001","m0",25,"GLS","layered_port_budget",400,389,384,373,0,0.000999999999976353,0.811999999998079,43
"ml-gls","test","chen","chen_2001","m0",25,"GLS","layered_port_ml",400,389,384,373,0,0.000999999999976353,0.821999999999548,43
"ml-gls","test","chen","chen_2001","m0",25,"ML","default",400,400,400,400,0,0.000999999999976353,0.402000000001294,51
"ml-gls","test","chen","chen_2001","m0",25,"ML","default_port",400,400,400,400,0,0.00199999999995271,0.670999999999595,70
"ml-gls","test","chen","chen_2001","m0",25,"ML","layered_lbfgs",400,400,400,400,0,0.000999999999976353,0.415999999998803,32
"ml-gls","test","chen","chen_2001","m0",25,"ML","layered_port",400,400,400,400,0,0.000999999999976353,0.486999999998488,32
"ml-gls","test","chen","chen_2001","m0",25,"ML","layered_port_budget",400,400,400,400,0,0.000999999999976353,0.489999999999668,32
"ml-gls","test","chen","chen_2001","m0",25,"ML","layered_port_ml",400,400,400,400,0,0.000999999999976353,0.486000000001127,32
"ml-gls","test","chen","chen_2001","m0",100,"GLS","default",400,400,293,293,0,0.00199999999995271,0.919000000000779,45
"ml-gls","test","chen","chen_2001","m0",100,"GLS","default_port",400,400,220,220,0,0.00200000000006639,1.47699999999975,42.5
"ml-gls","test","chen","chen_2001","m0",100,"GLS","layered_lbfgs",400,400,400,400,0,0.000999999999976353,0.385999999999285,25
"ml-gls","test","chen","chen_2001","m0",100,"GLS","layered_port",400,400,400,400,0,0.000999999999976353,0.460999999999899,23
"ml-gls","test","chen","chen_2001","m0",100,"GLS","layered_port_budget",400,400,400,400,0,0.000999999999976353,0.442999999998619,23
"ml-gls","test","chen","chen_2001","m0",100,"GLS","layered_port_ml",400,400,400,400,0,0.000999999999976353,0.443999999999392,23
"ml-gls","test","chen","chen_2001","m0",100,"ML","default",400,400,400,400,0,0.000999999999976353,0.418999999999301,44
"ml-gls","test","chen","chen_2001","m0",100,"ML","default_port",400,400,400,400,0,0.00100000000009004,0.578000000001225,48
"ml-gls","test","chen","chen_2001","m0",100,"ML","layered_lbfgs",400,400,400,400,0,0.000999999999976353,0.402999999999224,25
"ml-gls","test","chen","chen_2001","m0",100,"ML","layered_port",400,400,400,400,0,0.000999999999976353,0.443000000001007,22
"ml-gls","test","chen","chen_2001","m0",100,"ML","layered_port_budget",400,400,400,400,0,0.000999999999976353,0.460000000000264,22
"ml-gls","test","chen","chen_2001","m0",100,"ML","layered_port_ml",400,400,400,400,0,0.000999999999976353,0.449999999999136,22
"ml-gls","test","chen","chen_2001","m1",25,"GLS","default",400,391,155,143,0,0.00299999999992906,1.30200000000025,86
"ml-gls","test","chen","chen_2001","m1",25,"GLS","default_port",400,391,140,134,0,0.0040000000000191,2.33900000000119,69
"ml-gls","test","chen","chen_2001","m1",25,"GLS","layered_lbfgs",400,391,385,379,0,0.000999999999976353,0.484999999999332,40
"ml-gls","test","chen","chen_2001","m1",25,"GLS","layered_port",400,391,388,382,0,0.000999999999976353,0.598000000001094,39
"ml-gls","test","chen","chen_2001","m1",25,"GLS","layered_port_budget",400,391,388,382,0,0.000999999999976353,0.853999999998905,39
"ml-gls","test","chen","chen_2001","m1",25,"GLS","layered_port_ml",400,391,388,382,0,0.000999999999976353,0.847000000000207,39
"ml-gls","test","chen","chen_2001","m1",25,"ML","default",400,400,400,399,0,0.000999999999976353,0.373000000000843,47
"ml-gls","test","chen","chen_2001","m1",25,"ML","default_port",400,400,400,399,0,0.00100000000009004,0.581000000000927,63
"ml-gls","test","chen","chen_2001","m1",25,"ML","layered_lbfgs",400,400,396,396,0,0.000999999999976353,0.385999999998489,28
"ml-gls","test","chen","chen_2001","m1",25,"ML","layered_port",400,400,397,397,0,0.000999999999976353,0.488999999999692,29
"ml-gls","test","chen","chen_2001","m1",25,"ML","layered_port_budget",400,400,397,397,0,0.000999999999976353,0.507999999999584,29
"ml-gls","test","chen","chen_2001","m1",25,"ML","layered_port_ml",400,400,397,397,0,0.000999999999976353,0.500000000000227,29
"ml-gls","test","chen","chen_2001","m1",100,"GLS","default",400,400,297,297,0,0.00100000000009004,0.821000000000595,43
"ml-gls","test","chen","chen_2001","m1",100,"GLS","default_port",400,400,240,240,0,0.00199999999995271,1.28600000000063,42
"ml-gls","test","chen","chen_2001","m1",100,"GLS","layered_lbfgs",400,400,400,400,0,0.000999999999976353,0.369999999998413,25
"ml-gls","test","chen","chen_2001","m1",100,"GLS","layered_port",400,400,400,400,0,0.000999999999976353,0.428999999999974,23
"ml-gls","test","chen","chen_2001","m1",100,"GLS","layered_port_budget",400,400,400,400,0,0.000999999999976353,0.432999999999311,23
"ml-gls","test","chen","chen_2001","m1",100,"GLS","layered_port_ml",400,400,400,400,0,0.000999999999976353,0.441000000001623,23
"ml-gls","test","chen","chen_2001","m1",100,"ML","default",400,400,400,400,0,0.000999999999976353,0.386999999998693,40
"ml-gls","test","chen","chen_2001","m1",100,"ML","default_port",400,400,400,400,0,0.000999999999976353,0.520999999999958,43
"ml-gls","test","chen","chen_2001","m1",100,"ML","layered_lbfgs",400,400,400,400,0,0.000999999999976353,0.389000000000351,23
"ml-gls","test","chen","chen_2001","m1",100,"ML","layered_port",400,400,400,400,0,0.000999999999976353,0.433000000000106,20
"ml-gls","test","chen","chen_2001","m1",100,"ML","layered_port_budget",400,400,400,400,0,0.000999999999976353,0.41999999999905,20
"ml-gls","test","chen","chen_2001","m1",100,"ML","layered_port_ml",400,400,400,400,0,0.000999999999976353,0.405000000001678,20
"ml-gls","test","chen","chen_2001","m2",25,"GLS","default",400,384,154,143,0,0.00299999999992906,1.20900000000017,67.5
"ml-gls","test","chen","chen_2001","m2",25,"GLS","default_port",400,384,162,143,0,0.00300000000004275,2.07200000000034,61
"ml-gls","test","chen","chen_2001","m2",25,"GLS","layered_lbfgs",400,384,376,356,0,0.000999999999976353,0.482000000000767,36
"ml-gls","test","chen","chen_2001","m2",25,"GLS","layered_port",400,384,380,356,0,0.000999999999976353,0.674999999999386,35
"ml-gls","test","chen","chen_2001","m2",25,"GLS","layered_port_budget",400,384,380,356,0,0.000999999999976353,0.818999999999505,35
"ml-gls","test","chen","chen_2001","m2",25,"GLS","layered_port_ml",400,384,380,356,0,0.000999999999976353,0.833000000000425,35
"ml-gls","test","chen","chen_2001","m2",25,"ML","default",400,400,400,396,0,0.000999999999976353,0.340999999998758,46
"ml-gls","test","chen","chen_2001","m2",25,"ML","default_port",400,400,400,396,0,0.000999999999976353,0.539000000000556,57
"ml-gls","test","chen","chen_2001","m2",25,"ML","layered_lbfgs",400,400,400,400,0,0.000999999999976353,0.36300000000017,28
"ml-gls","test","chen","chen_2001","m2",25,"ML","layered_port",400,400,400,400,0,0.000999999999976353,0.436000000000377,29
"ml-gls","test","chen","chen_2001","m2",25,"ML","layered_port_budget",400,400,400,400,0,0.000999999999976353,0.434000000001106,29
"ml-gls","test","chen","chen_2001","m2",25,"ML","layered_port_ml",400,400,400,400,0,0.000999999999976353,0.419999999999618,29
"ml-gls","test","chen","chen_2001","m2",100,"GLS","default",400,400,295,293,0,0.00100000000009004,0.752000000000521,42
"ml-gls","test","chen","chen_2001","m2",100,"GLS","default_port",400,400,265,265,0,0.00199999999995271,1.15499999999997,40
"ml-gls","test","chen","chen_2001","m2",100,"GLS","layered_lbfgs",400,400,400,400,0,0.000999999999976353,0.369000000000256,24
"ml-gls","test","chen","chen_2001","m2",100,"GLS","layered_port",400,400,400,400,0,0.000999999999976353,0.397999999999683,22
"ml-gls","test","chen","chen_2001","m2",100,"GLS","layered_port_budget",400,400,400,400,0,0.000999999999976353,0.414000000002147,22
"ml-gls","test","chen","chen_2001","m2",100,"GLS","layered_port_ml",400,400,400,400,0,0.000999999999976353,0.418999999998505,22
"ml-gls","test","chen","chen_2001","m2",100,"ML","default",400,400,400,400,0,0.000999999999976353,0.360999999998967,39
"ml-gls","test","chen","chen_2001","m2",100,"ML","default_port",400,400,400,400,0,0.000999999999976353,0.48700000000008,40
"ml-gls","test","chen","chen_2001","m2",100,"ML","layered_lbfgs",400,400,400,400,0,0.000999999999976353,0.36300000000017,23
"ml-gls","test","chen","chen_2001","m2",100,"ML","layered_port",400,400,400,400,0,0.000999999999976353,0.410999999999717,20
"ml-gls","test","chen","chen_2001","m2",100,"ML","layered_port_budget",400,400,400,400,0,0.000999999999976353,0.405999999998926,20
"ml-gls","test","chen","chen_2001","m2",100,"ML","layered_port_ml",400,400,400,400,0,0.000999999999976353,0.400000000000546,20
"ml-gls","test","chen","chen_2001","m3",25,"GLS","default",400,361,171,153,0,0.00200000000000955,1.09099999999933,57
"ml-gls","test","chen","chen_2001","m3",25,"GLS","default_port",400,361,182,165,0,0.00200000000006639,1.64799999999934,57.5
"ml-gls","test","chen","chen_2001","m3",25,"GLS","layered_lbfgs",400,361,353,331,0,0.000999999999976353,0.469000000000506,37
"ml-gls","test","chen","chen_2001","m3",25,"GLS","layered_port",400,361,348,319,0,0.000999999999976353,0.8810000000002,34
"ml-gls","test","chen","chen_2001","m3",25,"GLS","layered_port_budget",400,361,348,319,0,0.000999999999976353,1.195999999999,34
"ml-gls","test","chen","chen_2001","m3",25,"GLS","layered_port_ml",400,361,348,319,0,0.000999999999976353,1.22399999999959,34
"ml-gls","test","chen","chen_2001","m3",25,"ML","default",400,400,400,400,0,0.000999999999976353,0.32800000000077,40.5
"ml-gls","test","chen","chen_2001","m3",25,"ML","default_port",400,400,400,400,0,0.000999999999976353,0.49300000000062,51.5
"ml-gls","test","chen","chen_2001","m3",25,"ML","layered_lbfgs",400,400,400,400,0,0.000999999999976353,0.32399999999916,25.5
"ml-gls","test","chen","chen_2001","m3",25,"ML","layered_port",400,400,400,400,0,0.000999999999976353,0.396000000000072,27
"ml-gls","test","chen","chen_2001","m3",25,"ML","layered_port_budget",400,400,400,400,0,0.000999999999976353,0.416000000001759,27
"ml-gls","test","chen","chen_2001","m3",25,"ML","layered_port_ml",400,400,400,400,0,0.000999999999976353,0.388999999999555,27
"ml-gls","test","chen","chen_2001","m3",100,"GLS","default",400,400,298,295,0,0.00100000000009004,0.893999999999551,43
"ml-gls","test","chen","chen_2001","m3",100,"GLS","default_port",400,400,275,272,0,0.00199999999995271,0.894000000001256,43
"ml-gls","test","chen","chen_2001","m3",100,"GLS","layered_lbfgs",400,400,400,400,0,0.000999999999976353,0.31899999999996,24
"ml-gls","test","chen","chen_2001","m3",100,"GLS","layered_port",400,400,400,400,0,0.000999999999976353,0.392999999999233,22
"ml-gls","test","chen","chen_2001","m3",100,"GLS","layered_port_budget",400,400,400,400,0,0.000999999999976353,0.365000000000691,22
"ml-gls","test","chen","chen_2001","m3",100,"GLS","layered_port_ml",400,400,400,400,0,0.000999999999976353,0.372000000001094,22
"ml-gls","test","chen","chen_2001","m3",100,"ML","default",400,400,400,400,0,0.000999999999976353,0.344999999999345,35
"ml-gls","test","chen","chen_2001","m3",100,"ML","default_port",400,400,400,400,0,0.000999999999976353,0.430000000000746,35
"ml-gls","test","chen","chen_2001","m3",100,"ML","layered_lbfgs",400,400,400,400,0,0.000999999999976353,0.343999999999937,21
"ml-gls","test","chen","chen_2001","m3",100,"ML","layered_port",400,400,400,400,0,0.000999999999976353,0.365999999999872,18
"ml-gls","test","chen","chen_2001","m3",100,"ML","layered_port_budget",400,400,400,400,0,0.000999999999976353,0.38600000000099,18
"ml-gls","test","chen","chen_2001","m3",100,"ML","layered_port_ml",400,400,400,400,0,0.000999999999976353,0.369000000000256,18
"ml-gls","test","constrained","eqcfa_l40","equal_loadings",25,"GLS","default",300,228,174,174,0,0.000999999999976353,0.311000000000377,28
"ml-gls","test","constrained","eqcfa_l40","equal_loadings",25,"GLS","default_port",300,228,174,174,0,0.000999999999976353,0.54399999999896,29
"ml-gls","test","constrained","eqcfa_l40","equal_loadings",25,"GLS","layered_lbfgs",300,228,228,228,0,0.000999999999976353,0.290000000000873,31
"ml-gls","test","constrained","eqcfa_l40","equal_loadings",25,"GLS","layered_port",300,228,225,225,0,0.000999999999976353,0.578999999999951,29
"ml-gls","test","constrained","eqcfa_l40","equal_loadings",25,"GLS","layered_port_budget",300,228,225,225,0,0.000999999999976353,0.599000000000388,29
"ml-gls","test","constrained","eqcfa_l40","equal_loadings",25,"GLS","layered_port_ml",300,228,225,225,0,0.000999999999976353,0.598000000000298,29
"ml-gls","test","constrained","eqcfa_l40","equal_loadings",25,"ML","default",300,280,200,187,0,0.00100000000009004,1.01900000000023,29
"ml-gls","test","constrained","eqcfa_l40","equal_loadings",25,"ML","default_port",300,280,185,181,0,0.000999999999976353,0.684999999999832,34
"ml-gls","test","constrained","eqcfa_l40","equal_loadings",25,"ML","layered_lbfgs",300,280,241,225,0,0.000999999999976353,0.40800000000047,31
"ml-gls","test","constrained","eqcfa_l40","equal_loadings",25,"ML","layered_port",300,280,271,271,0,0.000999999999976353,0.881000000000086,36
"ml-gls","test","constrained","eqcfa_l40","equal_loadings",25,"ML","layered_port_budget",300,280,271,271,0,0.000999999999976353,0.901999999999589,36
"ml-gls","test","constrained","eqcfa_l40","equal_loadings",25,"ML","layered_port_ml",300,280,271,271,0,0.000999999999976353,0.890000000000441,36
"ml-gls","test","constrained","eqcfa_l40","equal_loadings",100,"GLS","default",300,300,268,268,0,0.000999999999976353,0.242000000000075,18
"ml-gls","test","constrained","eqcfa_l40","equal_loadings",100,"GLS","default_port",300,300,269,269,0,0.000999999999976353,0.289000000000328,23
"ml-gls","test","constrained","eqcfa_l40","equal_loadings",100,"GLS","layered_lbfgs",300,300,300,300,0,0.000999999999976353,0.244000000000028,21
"ml-gls","test","constrained","eqcfa_l40","equal_loadings",100,"GLS","layered_port",300,300,300,300,0,0.000999999999976353,0.295000000000869,24
"ml-gls","test","constrained","eqcfa_l40","equal_loadings",100,"GLS","layered_port_budget",300,300,300,300,0,0.000999999999976353,0.304000000000428,24
"ml-gls","test","constrained","eqcfa_l40","equal_loadings",100,"GLS","layered_port_ml",300,300,300,300,0,0.000999999999976353,0.303999999999178,24
"ml-gls","test","constrained","eqcfa_l40","equal_loadings",100,"ML","default",300,300,273,273,0,0.000999999999976353,0.493999999999233,21
"ml-gls","test","constrained","eqcfa_l40","equal_loadings",100,"ML","default_port",300,300,267,267,0,0.000999999999976353,0.270999999999844,24
"ml-gls","test","constrained","eqcfa_l40","equal_loadings",100,"ML","layered_lbfgs",300,300,300,300,0,0.000999999999976353,0.255000000000223,22
"ml-gls","test","constrained","eqcfa_l40","equal_loadings",100,"ML","layered_port",300,300,300,300,0,0.000999999999976353,0.310999999998558,25
"ml-gls","test","constrained","eqcfa_l40","equal_loadings",100,"ML","layered_port_budget",300,300,300,300,0,0.000999999999976353,0.327000000000567,25
"ml-gls","test","constrained","eqcfa_l40","equal_loadings",100,"ML","layered_port_ml",300,300,300,300,0,0.000999999999976353,0.319000000000415,25
"ml-gls","test","constrained","eqcfa_l40","equal_loadings_residuals",25,"GLS","default",300,231,177,177,0,0.000999999999976353,0.243999999998437,26
"ml-gls","test","constrained","eqcfa_l40","equal_loadings_residuals",25,"GLS","default_port",300,231,176,176,0,0.000999999999976353,0.455000000000268,27
"ml-gls","test","constrained","eqcfa_l40","equal_loadings_residuals",25,"GLS","layered_lbfgs",300,231,228,228,0,0.000999999999976353,0.245000000001369,26.5
"ml-gls","test","constrained","eqcfa_l40","equal_loadings_residuals",25,"GLS","layered_port",300,231,228,228,0,0.000999999999976353,0.557999999999879,27
"ml-gls","test","constrained","eqcfa_l40","equal_loadings_residuals",25,"GLS","layered_port_budget",300,231,228,228,0,0.000999999999976353,0.555000000000746,27
"ml-gls","test","constrained","eqcfa_l40","equal_loadings_residuals",25,"GLS","layered_port_ml",300,231,228,228,0,0.000999999999976353,0.569999999999936,27
"ml-gls","test","constrained","eqcfa_l40","equal_loadings_residuals",25,"ML","default",300,285,203,195,0,0.000999999999976353,0.706999999999312,24
"ml-gls","test","constrained","eqcfa_l40","equal_loadings_residuals",25,"ML","default_port",300,285,186,184,0,0.000999999999976353,0.585000000000491,31.5
"ml-gls","test","constrained","eqcfa_l40","equal_loadings_residuals",25,"ML","layered_lbfgs",300,285,258,244,0,0.000999999999976353,0.287000000000035,25
"ml-gls","test","constrained","eqcfa_l40","equal_loadings_residuals",25,"ML","layered_port",300,285,254,254,0,0.000999999999976353,0.693999999999619,31
"ml-gls","test","constrained","eqcfa_l40","equal_loadings_residuals",25,"ML","layered_port_budget",300,285,254,254,0,0.000999999999976353,0.677000000001726,31
"ml-gls","test","constrained","eqcfa_l40","equal_loadings_residuals",25,"ML","layered_port_ml",300,285,254,254,0,0.000999999999976353,0.680999999999927,31
"ml-gls","test","constrained","eqcfa_l40","equal_loadings_residuals",100,"GLS","default",300,300,268,268,0,0.000999999999976353,0.221000000000231,17
"ml-gls","test","constrained","eqcfa_l40","equal_loadings_residuals",100,"GLS","default_port",300,300,268,268,0,0.000999999999976353,0.245999999998617,22
"ml-gls","test","constrained","eqcfa_l40","equal_loadings_residuals",100,"GLS","layered_lbfgs",300,300,300,300,0,0.000999999999976353,0.227999999999611,18
"ml-gls","test","constrained","eqcfa_l40","equal_loadings_residuals",100,"GLS","layered_port",300,300,300,300,0,0.000999999999976353,0.25999999999965,21
"ml-gls","test","constrained","eqcfa_l40","equal_loadings_residuals",100,"GLS","layered_port_budget",300,300,300,300,0,0.000999999999976353,0.250000000000227,21
"ml-gls","test","constrained","eqcfa_l40","equal_loadings_residuals",100,"GLS","layered_port_ml",300,300,300,300,0,0.000999999999976353,0.253999999998996,21
"ml-gls","test","constrained","eqcfa_l40","equal_loadings_residuals",100,"ML","default",300,300,272,272,0,0.000999999999976353,0.372999999998797,19
"ml-gls","test","constrained","eqcfa_l40","equal_loadings_residuals",100,"ML","default_port",300,300,267,267,0,0.000999999999976353,0.276000000000181,24
"ml-gls","test","constrained","eqcfa_l40","equal_loadings_residuals",100,"ML","layered_lbfgs",300,300,300,300,0,0.000999999999976353,0.22999999999945,18.5
"ml-gls","test","constrained","eqcfa_l40","equal_loadings_residuals",100,"ML","layered_port",300,300,300,300,0,0.000999999999976353,0.296000000000618,22
"ml-gls","test","constrained","eqcfa_l40","equal_loadings_residuals",100,"ML","layered_port_budget",300,300,300,300,0,0.000999999999976353,0.294000000000324,22
"ml-gls","test","constrained","eqcfa_l40","equal_loadings_residuals",100,"ML","layered_port_ml",300,300,300,300,0,0.000999999999976353,0.302000000000476,22
"ml-gls","test","constrained","eqcfa_l60","equal_loadings",25,"GLS","default",300,291,278,278,0,0.000999999999976353,0.222999999999388,22
"ml-gls","test","constrained","eqcfa_l60","equal_loadings",25,"GLS","default_port",300,291,278,278,0,0.000999999999976353,0.299000000000774,21
"ml-gls","test","constrained","eqcfa_l60","equal_loadings",25,"GLS","layered_lbfgs",300,291,291,291,0,0.000999999999976353,0.230000000000359,22
"ml-gls","test","constrained","eqcfa_l60","equal_loadings",25,"GLS","layered_port",300,291,291,291,0,0.000999999999976353,0.318999999999278,21
"ml-gls","test","constrained","eqcfa_l60","equal_loadings",25,"GLS","layered_port_budget",300,291,291,291,0,0.000999999999976353,0.313000000001011,21
"ml-gls","test","constrained","eqcfa_l60","equal_loadings",25,"GLS","layered_port_ml",300,291,291,291,0,0.000999999999976353,0.324000000000751,21
"ml-gls","test","constrained","eqcfa_l60","equal_loadings",25,"ML","default",300,300,287,287,0,0.000999999999976353,0.280999999999381,20
"ml-gls","test","constrained","eqcfa_l60","equal_loadings",25,"ML","default_port",300,300,286,286,0,0.000999999999976353,0.242000000000075,21
"ml-gls","test","constrained","eqcfa_l60","equal_loadings",25,"ML","layered_lbfgs",300,300,300,300,0,0.000999999999976353,0.234999999999559,22
"ml-gls","test","constrained","eqcfa_l60","equal_loadings",25,"ML","layered_port",300,300,300,300,0,0.000999999999976353,0.277000000000385,22.5
"ml-gls","test","constrained","eqcfa_l60","equal_loadings",25,"ML","layered_port_budget",300,300,300,300,0,0.000999999999976353,0.275999999999271,22.5
"ml-gls","test","constrained","eqcfa_l60","equal_loadings",25,"ML","layered_port_ml",300,300,300,300,0,0.000999999999976353,0.274000000000456,22.5
"ml-gls","test","constrained","eqcfa_l60","equal_loadings",100,"GLS","default",300,300,300,300,0,0.000999999999976353,0.223999999999819,14
"ml-gls","test","constrained","eqcfa_l60","equal_loadings",100,"GLS","default_port",300,300,300,300,0,0.000999999999976353,0.212000000000216,14
"ml-gls","test","constrained","eqcfa_l60","equal_loadings",100,"GLS","layered_lbfgs",300,300,300,300,0,0.000999999999976353,0.237999999999261,13
"ml-gls","test","constrained","eqcfa_l60","equal_loadings",100,"GLS","layered_port",300,300,300,300,0,0.000999999999976353,0.24099999999919,13
"ml-gls","test","constrained","eqcfa_l60","equal_loadings",100,"GLS","layered_port_budget",300,300,300,300,0,0.000999999999976353,0.248999999998887,13
"ml-gls","test","constrained","eqcfa_l60","equal_loadings",100,"GLS","layered_port_ml",300,300,300,300,0,0.000999999999976353,0.258000000000834,13
"ml-gls","test","constrained","eqcfa_l60","equal_loadings",100,"ML","default",300,300,300,300,0,0.000999999999976353,0.212999999999624,15
"ml-gls","test","constrained","eqcfa_l60","equal_loadings",100,"ML","default_port",300,300,300,300,0,0.000999999999976353,0.225999999999999,14
"ml-gls","test","constrained","eqcfa_l60","equal_loadings",100,"ML","layered_lbfgs",300,300,300,300,0,0.000999999999976353,0.247000000000867,14
"ml-gls","test","constrained","eqcfa_l60","equal_loadings",100,"ML","layered_port",300,300,300,300,0,0.000999999999976353,0.260999999999854,13
"ml-gls","test","constrained","eqcfa_l60","equal_loadings",100,"ML","layered_port_budget",300,300,300,300,0,0.000999999999976353,0.261000000001445,13
"ml-gls","test","constrained","eqcfa_l60","equal_loadings",100,"ML","layered_port_ml",300,300,300,300,0,0.000999999999976353,0.25799999999856,13
"ml-gls","test","constrained","eqcfa_l60","equal_loadings_residuals",25,"GLS","default",300,285,272,272,0,0.000999999999976353,0.224999999999682,22
"ml-gls","test","constrained","eqcfa_l60","equal_loadings_residuals",25,"GLS","default_port",300,285,272,272,0,0.000999999999976353,0.264999999999986,20
"ml-gls","test","constrained","eqcfa_l60","equal_loadings_residuals",25,"GLS","layered_lbfgs",300,285,285,285,0,0.000999999999976353,0.228999999999019,19
"ml-gls","test","constrained","eqcfa_l60","equal_loadings_residuals",25,"GLS","layered_port",300,285,285,285,0,0.000999999999976353,0.295999999999594,17
"ml-gls","test","constrained","eqcfa_l60","equal_loadings_residuals",25,"GLS","layered_port_budget",300,285,285,285,0,0.000999999999976353,0.297000000000253,17
"ml-gls","test","constrained","eqcfa_l60","equal_loadings_residuals",25,"GLS","layered_port_ml",300,285,285,285,0,0.000999999999976353,0.296999999999457,17
"ml-gls","test","constrained","eqcfa_l60","equal_loadings_residuals",25,"ML","default",300,300,288,288,0,0.000999999999976353,0.229000000000155,16
"ml-gls","test","constrained","eqcfa_l60","equal_loadings_residuals",25,"ML","default_port",300,300,286,286,0,0.000999999999976353,0.209999999999354,19
"ml-gls","test","constrained","eqcfa_l60","equal_loadings_residuals",25,"ML","layered_lbfgs",300,300,300,300,0,0.000999999999976353,0.210999999998876,15
"ml-gls","test","constrained","eqcfa_l60","equal_loadings_residuals",25,"ML","layered_port",300,300,300,300,0,0.000999999999976353,0.228000000000179,16
"ml-gls","test","constrained","eqcfa_l60","equal_loadings_residuals",25,"ML","layered_port_budget",300,300,300,300,0,0.000999999999976353,0.240999999999644,16
"ml-gls","test","constrained","eqcfa_l60","equal_loadings_residuals",25,"ML","layered_port_ml",300,300,300,300,0,0.000999999999976353,0.218999999999824,16
"ml-gls","test","constrained","eqcfa_l60","equal_loadings_residuals",100,"GLS","default",300,300,300,300,0,0.000999999999976353,0.202000000000567,14
"ml-gls","test","constrained","eqcfa_l60","equal_loadings_residuals",100,"GLS","default_port",300,300,300,300,0,0.000999999999976353,0.212000000000444,14
"ml-gls","test","constrained","eqcfa_l60","equal_loadings_residuals",100,"GLS","layered_lbfgs",300,300,300,300,0,0.000999999999976353,0.210000000001173,12
"ml-gls","test","constrained","eqcfa_l60","equal_loadings_residuals",100,"GLS","layered_port",300,300,300,300,0,0.000999999999976353,0.228000000000634,12
"ml-gls","test","constrained","eqcfa_l60","equal_loadings_residuals",100,"GLS","layered_port_budget",300,300,300,300,0,0.000999999999976353,0.232000000000426,12
"ml-gls","test","constrained","eqcfa_l60","equal_loadings_residuals",100,"GLS","layered_port_ml",300,300,300,300,0,0.000999999999976353,0.225999999999885,12
"ml-gls","test","constrained","eqcfa_l60","equal_loadings_residuals",100,"ML","default",300,300,300,300,0,0.000999999999976353,0.195000000000618,14
"ml-gls","test","constrained","eqcfa_l60","equal_loadings_residuals",100,"ML","default_port",300,300,300,300,0,0.000999999999976353,0.206999999999994,13
"ml-gls","test","constrained","eqcfa_l60","equal_loadings_residuals",100,"ML","layered_lbfgs",300,300,300,300,0,0.000999999999976353,0.220999999999549,12
"ml-gls","test","constrained","eqcfa_l60","equal_loadings_residuals",100,"ML","layered_port",300,300,300,300,0,0.000999999999976353,0.238000000000397,11
"ml-gls","test","constrained","eqcfa_l60","equal_loadings_residuals",100,"ML","layered_port_budget",300,300,300,300,0,0.000999999999976353,0.223999999999023,11
"ml-gls","test","constrained","eqcfa_l60","equal_loadings_residuals",100,"ML","layered_port_ml",300,300,300,300,0,0.000999999999976353,0.226000000001591,11
"ml-gls","test","constrained","eqchain_b20","equal_paths",25,"GLS","default",300,207,117,103,0,0.00200000000006639,0.911000000000286,66
"ml-gls","test","constrained","eqchain_b20","equal_paths",25,"GLS","default_port",300,207,120,108,0,0.00300000000004275,1.77500000000066,71
"ml-gls","test","constrained","eqchain_b20","equal_paths",25,"GLS","layered_lbfgs",300,207,165,153,0,0.00200000000006639,0.861999999999284,66
"ml-gls","test","constrained","eqchain_b20","equal_paths",25,"GLS","layered_port",300,207,180,166,0,0.00300000000004275,2.03399999999977,66.5
"ml-gls","test","constrained","eqchain_b20","equal_paths",25,"GLS","layered_port_budget",300,207,183,167,0,0.00300000000004275,4.65499999999997,67
"ml-gls","test","constrained","eqchain_b20","equal_paths",25,"GLS","layered_port_ml",300,207,183,167,0,0.00300000000004275,4.67800000000045,67
"ml-gls","test","constrained","eqchain_b20","equal_paths",25,"ML","default",300,284,249,240,0,0.00200000000006639,2.02599999999939,57
"ml-gls","test","constrained","eqchain_b20","equal_paths",25,"ML","default_port",300,284,198,190,0,0.00300000000004275,2.26200000000074,66.5
"ml-gls","test","constrained","eqchain_b20","equal_paths",25,"ML","layered_lbfgs",300,284,270,266,0,0.000999999999976353,0.937999999999647,40
"ml-gls","test","constrained","eqchain_b20","equal_paths",25,"ML","layered_port",300,284,272,263,0,0.00199999999995271,1.06699999999944,51
"ml-gls","test","constrained","eqchain_b20","equal_paths",25,"ML","layered_port_budget",300,284,275,264,0,0.00199999999995271,1.45899999999756,51
"ml-gls","test","constrained","eqchain_b20","equal_paths",25,"ML","layered_port_ml",300,284,275,264,0,0.00199999999995271,1.52200000000062,51
"ml-gls","test","constrained","eqchain_b20","equal_paths",100,"GLS","default",300,300,248,248,0,0.00100000000009004,0.513000000000716,40
"ml-gls","test","constrained","eqchain_b20","equal_paths",100,"GLS","default_port",300,300,202,202,0,0.00199999999995271,0.610999999999422,45
"ml-gls","test","constrained","eqchain_b20","equal_paths",100,"GLS","layered_lbfgs",300,300,300,300,0,0.000999999999976353,0.360999999999308,31
"ml-gls","test","constrained","eqchain_b20","equal_paths",100,"GLS","layered_port",300,300,300,300,0,0.00100000000009004,0.428999999998155,30
"ml-gls","test","constrained","eqchain_b20","equal_paths",100,"GLS","layered_port_budget",300,300,300,300,0,0.00100000000009004,0.427000000001499,30
"ml-gls","test","constrained","eqchain_b20","equal_paths",100,"GLS","layered_port_ml",300,300,300,300,0,0.00100000000009004,0.422000000000026,30
"ml-gls","test","constrained","eqchain_b20","equal_paths",100,"ML","default",300,300,297,297,0,0.00199999999995271,0.896000000000754,45
"ml-gls","test","constrained","eqchain_b20","equal_paths",100,"ML","default_port",300,300,202,202,0,0.00200000000006639,1.13500000000045,47
"ml-gls","test","constrained","eqchain_b20","equal_paths",100,"ML","layered_lbfgs",300,300,300,300,0,0.000999999999976353,0.386999999999148,29
"ml-gls","test","constrained","eqchain_b20","equal_paths",100,"ML","layered_port",300,300,300,300,0,0.00100000000009004,0.435000000000969,25
"ml-gls","test","constrained","eqchain_b20","equal_paths",100,"ML","layered_port_budget",300,300,300,300,0,0.00100000000009004,0.429000000001224,25
"ml-gls","test","constrained","eqchain_b20","equal_paths",100,"ML","layered_port_ml",300,300,300,300,0,0.00100000000009004,0.434999999997786,25
"ml-gls","test","constrained","eqchain_b20","equal_paths_disturbances",25,"GLS","default",300,271,180,158,0,0.00100000000009004,0.579999999999359,58
"ml-gls","test","constrained","eqchain_b20","equal_paths_disturbances",25,"GLS","default_port",300,271,179,161,0,0.00199999999995271,0.962999999999966,61
"ml-gls","test","constrained","eqchain_b20","equal_paths_disturbances",25,"GLS","layered_lbfgs",300,271,240,229,0,0.00100000000009004,0.646999999999594,56.5
"ml-gls","test","constrained","eqchain_b20","equal_paths_disturbances",25,"GLS","layered_port",300,271,251,232,0,0.00199999999995271,1.23500000000036,55
"ml-gls","test","constrained","eqchain_b20","equal_paths_disturbances",25,"GLS","layered_port_budget",300,271,251,232,0,0.00199999999995271,2.86699999999962,55
"ml-gls","test","constrained","eqchain_b20","equal_paths_disturbances",25,"GLS","layered_port_ml",300,271,251,232,0,0.00199999999995271,2.87699999999984,55
"ml-gls","test","constrained","eqchain_b20","equal_paths_disturbances",25,"ML","default",300,297,277,272,0,0.00100000000009004,1.60399999999981,48
"ml-gls","test","constrained","eqchain_b20","equal_paths_disturbances",25,"ML","default_port",300,297,206,202,0,0.00200000000006639,1.63199999999995,54
"ml-gls","test","constrained","eqchain_b20","equal_paths_disturbances",25,"ML","layered_lbfgs",300,297,291,291,0,0.000999999999976353,0.484000000001174,36
"ml-gls","test","constrained","eqchain_b20","equal_paths_disturbances",25,"ML","layered_port",300,297,296,287,0,0.00199999999995271,0.65300000000002,44
"ml-gls","test","constrained","eqchain_b20","equal_paths_disturbances",25,"ML","layered_port_budget",300,297,293,287,0,0.00150000000002138,0.730999999999881,43
"ml-gls","test","constrained","eqchain_b20","equal_paths_disturbances",25,"ML","layered_port_ml",300,297,293,287,0,0.00199999999995271,0.736999999999967,43
"ml-gls","test","constrained","eqchain_b20","equal_paths_disturbances",100,"GLS","default",300,300,268,268,0,0.00100000000009004,0.444000000001893,32
"ml-gls","test","constrained","eqchain_b20","equal_paths_disturbances",100,"GLS","default_port",300,300,201,201,0,0.00199999999995271,0.532999999999902,35
"ml-gls","test","constrained","eqchain_b20","equal_paths_disturbances",100,"GLS","layered_lbfgs",300,300,300,300,0,0.000999999999976353,0.347999999999161,26
"ml-gls","test","constrained","eqchain_b20","equal_paths_disturbances",100,"GLS","layered_port",300,300,300,300,0,0.00100000000009004,0.41600000000085,26
"ml-gls","test","constrained","eqchain_b20","equal_paths_disturbances",100,"GLS","layered_port_budget",300,300,300,300,0,0.000999999999976353,0.4099999999994,26
"ml-gls","test","constrained","eqchain_b20","equal_paths_disturbances",100,"GLS","layered_port_ml",300,300,300,300,0,0.000999999999976353,0.405999999999608,26
"ml-gls","test","constrained","eqchain_b20","equal_paths_disturbances",100,"ML","default",300,300,299,299,0,0.00100000000009004,0.697000000000003,36
"ml-gls","test","constrained","eqchain_b20","equal_paths_disturbances",100,"ML","default_port",300,300,202,202,0,0.00199999999995271,0.845999999999435,36
"ml-gls","test","constrained","eqchain_b20","equal_paths_disturbances",100,"ML","layered_lbfgs",300,300,300,300,0,0.000999999999976353,0.360000000000355,25
"ml-gls","test","constrained","eqchain_b20","equal_paths_disturbances",100,"ML","layered_port",300,300,300,300,0,0.000999999999976353,0.410000000000878,22
"ml-gls","test","constrained","eqchain_b20","equal_paths_disturbances",100,"ML","layered_port_budget",300,300,300,300,0,0.000999999999976353,0.409999999999059,22
"ml-gls","test","constrained","eqchain_b20","equal_paths_disturbances",100,"ML","layered_port_ml",300,300,300,300,0,0.00100000000009004,0.416000000000963,22
"ml-gls","test","constrained","eqchain_b50","equal_paths",25,"GLS","default",300,210,96,81,0,0.00200000000006639,0.972000000000208,73
"ml-gls","test","constrained","eqchain_b50","equal_paths",25,"GLS","default_port",300,210,100,84,0,0.00299999999992906,2.12300000000028,74
"ml-gls","test","constrained","eqchain_b50","equal_paths",25,"GLS","layered_lbfgs",300,210,168,155,0,0.00200000000006639,0.966000000001714,69
"ml-gls","test","constrained","eqchain_b50","equal_paths",25,"GLS","layered_port",300,210,175,150,0,0.00299999999992906,2.27699999999936,67
"ml-gls","test","constrained","eqchain_b50","equal_paths",25,"GLS","layered_port_budget",300,210,175,150,0,0.00300000000004275,5.67400000000055,67
"ml-gls","test","constrained","eqchain_b50","equal_paths",25,"GLS","layered_port_ml",300,210,175,150,0,0.00299999999992906,5.6230000000013,67
"ml-gls","test","constrained","eqchain_b50","equal_paths",25,"ML","default",300,296,258,250,0,0.00199999999995271,1.91499999999905,53
"ml-gls","test","constrained","eqchain_b50","equal_paths",25,"ML","default_port",300,296,213,203,0,0.00200000000006639,1.93899999999894,60
"ml-gls","test","constrained","eqchain_b50","equal_paths",25,"ML","layered_lbfgs",300,296,280,270,0,0.000999999999976353,0.630000000001019,39
"ml-gls","test","constrained","eqchain_b50","equal_paths",25,"ML","layered_port",300,296,289,278,0,0.00199999999995271,0.861999999999853,48
"ml-gls","test","constrained","eqchain_b50","equal_paths",25,"ML","layered_port_budget",300,296,282,272,0,0.00199999999995271,1.18800000000147,48
"ml-gls","test","constrained","eqchain_b50","equal_paths",25,"ML","layered_port_ml",300,296,282,272,0,0.00199999999995271,1.18199999999865,48
"ml-gls","test","constrained","eqchain_b50","equal_paths",100,"GLS","default",300,300,268,267,0,0.00100000000009004,0.513000000000147,40
"ml-gls","test","constrained","eqchain_b50","equal_paths",100,"GLS","default_port",300,300,202,202,0,0.00199999999995271,0.595000000000482,43
"ml-gls","test","constrained","eqchain_b50","equal_paths",100,"GLS","layered_lbfgs",300,300,300,300,0,0.000999999999976353,0.362999999999488,28
"ml-gls","test","constrained","eqchain_b50","equal_paths",100,"GLS","layered_port",300,300,300,300,0,0.000999999999976353,0.411000000001195,27
"ml-gls","test","constrained","eqchain_b50","equal_paths",100,"GLS","layered_port_budget",300,300,300,300,0,0.000999999999976353,0.404999999999404,27
"ml-gls","test","constrained","eqchain_b50","equal_paths",100,"GLS","layered_port_ml",300,300,300,300,0,0.000999999999976353,0.409999999999968,27
"ml-gls","test","constrained","eqchain_b50","equal_paths",100,"ML","default",300,300,298,298,0,0.00100000000009004,0.866999999999166,41
"ml-gls","test","constrained","eqchain_b50","equal_paths",100,"ML","default_port",300,300,201,201,0,0.00199999999995271,1.09800000000007,41
"ml-gls","test","constrained","eqchain_b50","equal_paths",100,"ML","layered_lbfgs",300,300,300,300,0,0.000999999999976353,0.362999999999602,27
"ml-gls","test","constrained","eqchain_b50","equal_paths",100,"ML","layered_port",300,300,300,300,0,0.000999999999976353,0.414000000000215,23.5
"ml-gls","test","constrained","eqchain_b50","equal_paths",100,"ML","layered_port_budget",300,300,300,300,0,0.000999999999976353,0.406999999999016,23.5
"ml-gls","test","constrained","eqchain_b50","equal_paths",100,"ML","layered_port_ml",300,300,300,300,0,0.000999999999976353,0.408000000000925,23.5
"ml-gls","test","constrained","eqchain_b50","equal_paths_disturbances",25,"GLS","default",300,243,133,115,0,0.00100000000009004,0.71000000000015,55
"ml-gls","test","constrained","eqchain_b50","equal_paths_disturbances",25,"GLS","default_port",300,243,139,122,0,0.00199999999995271,1.52699999999902,61
"ml-gls","test","constrained","eqchain_b50","equal_paths_disturbances",25,"GLS","layered_lbfgs",300,243,203,182,0,0.00199999999995271,0.737999999999488,52
"ml-gls","test","constrained","eqchain_b50","equal_paths_disturbances",25,"GLS","layered_port",300,243,222,206,0,0.00199999999995271,1.5970000000001,58.5
"ml-gls","test","constrained","eqchain_b50","equal_paths_disturbances",25,"GLS","layered_port_budget",300,243,222,206,0,0.00199999999995271,3.73600000000011,58.5
"ml-gls","test","constrained","eqchain_b50","equal_paths_disturbances",25,"GLS","layered_port_ml",300,243,222,206,0,0.00200000000006639,3.84300000000042,58.5
"ml-gls","test","constrained","eqchain_b50","equal_paths_disturbances",25,"ML","default",300,297,271,270,0,0.00100000000009004,1.75100000000043,44
"ml-gls","test","constrained","eqchain_b50","equal_paths_disturbances",25,"ML","default_port",300,297,221,216,0,0.00199999999995271,1.69799999999918,51
"ml-gls","test","constrained","eqchain_b50","equal_paths_disturbances",25,"ML","layered_lbfgs",300,297,290,289,0,0.000999999999976353,0.441000000000258,35
"ml-gls","test","constrained","eqchain_b50","equal_paths_disturbances",25,"ML","layered_port",300,297,297,293,0,0.00199999999995271,0.640000000002147,42
"ml-gls","test","constrained","eqchain_b50","equal_paths_disturbances",25,"ML","layered_port_budget",300,297,293,292,0,0.00100000000009004,0.739000000001624,42
"ml-gls","test","constrained","eqchain_b50","equal_paths_disturbances",25,"ML","layered_port_ml",300,297,293,292,0,0.00199999999995271,0.756999999999835,42
"ml-gls","test","constrained","eqchain_b50","equal_paths_disturbances",100,"GLS","default",300,300,260,260,0,0.000999999999976353,0.4449999999988,33
"ml-gls","test","constrained","eqchain_b50","equal_paths_disturbances",100,"GLS","default_port",300,300,201,201,0,0.00199999999995271,0.56199999999842,36
"ml-gls","test","constrained","eqchain_b50","equal_paths_disturbances",100,"GLS","layered_lbfgs",300,300,300,300,0,0.000999999999976353,0.335000000000264,25
"ml-gls","test","constrained","eqchain_b50","equal_paths_disturbances",100,"GLS","layered_port",300,300,300,300,0,0.000999999999976353,0.39700000000073,24
"ml-gls","test","constrained","eqchain_b50","equal_paths_disturbances",100,"GLS","layered_port_budget",300,300,300,300,0,0.000999999999976353,0.397999999999343,24
"ml-gls","test","constrained","eqchain_b50","equal_paths_disturbances",100,"GLS","layered_port_ml",300,300,300,300,0,0.00100000000009004,0.404000000000792,24
"ml-gls","test","constrained","eqchain_b50","equal_paths_disturbances",100,"ML","default",300,300,298,298,0,0.00100000000009004,0.814999999999145,32
"ml-gls","test","constrained","eqchain_b50","equal_paths_disturbances",100,"ML","default_port",300,300,205,205,0,0.00199999999995271,0.965999999999895,32
"ml-gls","test","constrained","eqchain_b50","equal_paths_disturbances",100,"ML","layered_lbfgs",300,300,300,300,0,0.000999999999976353,0.338000000001216,23
"ml-gls","test","constrained","eqchain_b50","equal_paths_disturbances",100,"ML","layered_port",300,300,300,300,0,0.000999999999976353,0.395000000000323,21
"ml-gls","test","constrained","eqchain_b50","equal_paths_disturbances",100,"ML","layered_port_budget",300,300,300,300,0,0.000999999999976353,0.393000000001166,21
"ml-gls","test","constrained","eqchain_b50","equal_paths_disturbances",100,"ML","layered_port_ml",300,300,300,300,0,0.000999999999976353,0.401000000000522,21
"ml-gls","test","constrained","eqmean","equal_intercepts",25,"GLS","default",300,168,67,60,0,0.00200000000006639,0.887999999999693,77
"ml-gls","test","constrained","eqmean","equal_intercepts",25,"GLS","default_port",300,168,68,62,0,0.00599999999997181,2.15399999999954,81.5
"ml-gls","test","constrained","eqmean","equal_intercepts",25,"GLS","layered_lbfgs",300,168,94,90,0,0.00300000000004275,1.123999999999,89
"ml-gls","test","constrained","eqmean","equal_intercepts",25,"GLS","layered_port",300,168,117,111,0,0.00900000000001455,2.51500000000022,96
"ml-gls","test","constrained","eqmean","equal_intercepts",25,"GLS","layered_port_budget",300,168,119,113,0,0.00999999999999091,6.56899999999905,96
"ml-gls","test","constrained","eqmean","equal_intercepts",25,"GLS","layered_port_ml",300,168,119,113,0,0.00950000000000273,6.56299999999999,96
"ml-gls","test","constrained","eqmean","equal_intercepts",25,"ML","default",300,217,90,83,0,0.01400000000001,6.20200000000068,92
"ml-gls","test","constrained","eqmean","equal_intercepts",25,"ML","default_port",300,217,105,85,0,0.0149999999999864,4.01199999999881,102
"ml-gls","test","constrained","eqmean","equal_intercepts",25,"ML","layered_lbfgs",300,217,115,108,0,0.00499999999999545,3.06000000000063,83
"ml-gls","test","constrained","eqmean","equal_intercepts",25,"ML","layered_port",300,217,152,116,0,0.0109999999999673,3.39299999999867,91.5
"ml-gls","test","constrained","eqmean","equal_intercepts",25,"ML","layered_port_budget",300,217,162,139,0,0.0114999999999554,7.59900000000039,104.5
"ml-gls","test","constrained","eqmean","equal_intercepts",25,"ML","layered_port_ml",300,217,162,139,0,0.0110000000000809,7.63900000000103,104.5
"ml-gls","test","constrained","eqmean","equal_intercepts",100,"GLS","default",300,264,191,191,0,0.00100000000009004,0.566000000000145,45
"ml-gls","test","constrained","eqmean","equal_intercepts",100,"GLS","default_port",300,264,181,181,0,0.00199999999995271,0.921000000000277,64
"ml-gls","test","constrained","eqmean","equal_intercepts",100,"GLS","layered_lbfgs",300,264,245,244,0,0.00100000000009004,0.534000000001356,43
"ml-gls","test","constrained","eqmean","equal_intercepts",100,"GLS","layered_port",300,264,249,248,0,0.00199999999995271,1.07200000000046,46
"ml-gls","test","constrained","eqmean","equal_intercepts",100,"GLS","layered_port_budget",300,264,249,248,0,0.00199999999995271,2.2580000000014,46
"ml-gls","test","constrained","eqmean","equal_intercepts",100,"GLS","layered_port_ml",300,264,249,248,0,0.00199999999995271,2.27099999999996,46
"ml-gls","test","constrained","eqmean","equal_intercepts",100,"ML","default",300,296,241,240,0,0.00199999999995271,3.26900000000001,47
"ml-gls","test","constrained","eqmean","equal_intercepts",100,"ML","default_port",300,296,201,199,0,0.00299999999992906,2.08099999999956,66
"ml-gls","test","constrained","eqmean","equal_intercepts",100,"ML","layered_lbfgs",300,296,271,270,0,0.00100000000009004,1.52799999999957,43
"ml-gls","test","constrained","eqmean","equal_intercepts",100,"ML","layered_port",300,296,283,281,0,0.00199999999995271,1.08999999999878,44
"ml-gls","test","constrained","eqmean","equal_intercepts",100,"ML","layered_port_budget",300,296,274,273,0,0.00199999999995271,2.25299999999993,44
"ml-gls","test","constrained","eqmean","equal_intercepts",100,"ML","layered_port_ml",300,296,274,273,0,0.00199999999995271,2.24599999999873,44
"ml-gls","test","constrained","eqmean","equal_intercepts_residuals",25,"GLS","default",300,261,173,129,0,0.00100000000009004,0.489999999999213,64
"ml-gls","test","constrained","eqmean","equal_intercepts_residuals",25,"GLS","default_port",300,261,162,119,0,0.00199999999995271,0.967999999999961,70
"ml-gls","test","constrained","eqmean","equal_intercepts_residuals",25,"GLS","layered_lbfgs",300,261,199,151,0,0.00100000000009004,0.492000000000303,57
"ml-gls","test","constrained","eqmean","equal_intercepts_residuals",25,"GLS","layered_port",300,261,192,151,0,0.00199999999995271,1.22000000000003,60
"ml-gls","test","constrained","eqmean","equal_intercepts_residuals",25,"GLS","layered_port_budget",300,261,192,151,0,0.00199999999995271,1.32099999999969,60
"ml-gls","test","constrained","eqmean","equal_intercepts_residuals",25,"GLS","layered_port_ml",300,261,192,151,0,0.00199999999995271,1.31100000000083,60
"ml-gls","test","constrained","eqmean","equal_intercepts_residuals",25,"ML","default",300,291,214,159,0,0.00200000000006639,2.94400000000133,51
"ml-gls","test","constrained","eqmean","equal_intercepts_residuals",25,"ML","default_port",300,291,196,143,0,0.00300000000004275,2.09799999999973,70
"ml-gls","test","constrained","eqmean","equal_intercepts_residuals",25,"ML","layered_lbfgs",300,291,241,204,0,0.00100000000009004,0.667000000001281,46
"ml-gls","test","constrained","eqmean","equal_intercepts_residuals",25,"ML","layered_port",300,291,279,229,0,0.00199999999995271,1.09400000000039,61
"ml-gls","test","constrained","eqmean","equal_intercepts_residuals",25,"ML","layered_port_budget",300,291,282,229,0,0.00199999999995271,1.1709999999996,61
"ml-gls","test","constrained","eqmean","equal_intercepts_residuals",25,"ML","layered_port_ml",300,291,282,229,0,0.00199999999995271,1.18000000000018,61
"ml-gls","test","constrained","eqmean","equal_intercepts_residuals",100,"GLS","default",300,300,243,233,0,0.000999999999976353,0.344999999999118,36
"ml-gls","test","constrained","eqmean","equal_intercepts_residuals",100,"GLS","default_port",300,300,221,213,0,0.00100000000009004,0.466000000000804,55
"ml-gls","test","constrained","eqmean","equal_intercepts_residuals",100,"GLS","layered_lbfgs",300,300,294,287,0,0.000999999999976353,0.290999999999372,36.5
"ml-gls","test","constrained","eqmean","equal_intercepts_residuals",100,"GLS","layered_port",300,300,294,287,0,0.000999999999976353,0.432000000000016,38
"ml-gls","test","constrained","eqmean","equal_intercepts_residuals",100,"GLS","layered_port_budget",300,300,294,287,0,0.000999999999976353,0.42199999999832,38
"ml-gls","test","constrained","eqmean","equal_intercepts_residuals",100,"GLS","layered_port_ml",300,300,294,287,0,0.000999999999976353,0.411000000001423,38
"ml-gls","test","constrained","eqmean","equal_intercepts_residuals",100,"ML","default",300,300,283,269,0,0.000999999999976353,1.90499999999918,38
"ml-gls","test","constrained","eqmean","equal_intercepts_residuals",100,"ML","default_port",300,300,218,209,0,0.00200000000006639,1.38499999999988,53
"ml-gls","test","constrained","eqmean","equal_intercepts_residuals",100,"ML","layered_lbfgs",300,300,294,288,0,0.000999999999976353,0.441000000000031,36
"ml-gls","test","constrained","eqmean","equal_intercepts_residuals",100,"ML","layered_port",300,300,300,288,0,0.00100000000009004,0.527000000000499,36
"ml-gls","test","constrained","eqmean","equal_intercepts_residuals",100,"ML","layered_port_budget",300,300,300,288,0,0.00100000000009004,0.516000000000304,36
"ml-gls","test","constrained","eqmean","equal_intercepts_residuals",100,"ML","layered_port_ml",300,300,300,288,0,0.00100000000009004,0.518000000001166,36
"ml-gls","test","engineering15","high_r2","sem",25,"GLS","default",400,364,187,184,0,0.00100000000000477,0.488000000000056,47
"ml-gls","test","engineering15","high_r2","sem",25,"GLS","default_port",400,364,182,182,0,0.00100000000000477,0.913999999999901,46
"ml-gls","test","engineering15","high_r2","sem",25,"GLS","layered_lbfgs",400,364,312,311,0,0.000999999999976353,0.254999999999796,30
"ml-gls","test","engineering15","high_r2","sem",25,"GLS","layered_port",400,364,316,311,0,0.00100000000000477,0.636999999999915,28
"ml-gls","test","engineering15","high_r2","sem",25,"GLS","layered_port_budget",400,364,319,314,0,0.00100000000000477,1.27899999999991,28
"ml-gls","test","engineering15","high_r2","sem",25,"GLS","layered_port_ml",400,364,319,314,0,0.00100000000000477,1.28700000000001,28
"ml-gls","test","engineering15","high_r2","sem",25,"ML","default",400,392,373,358,0,0,0.363000000000056,32
"ml-gls","test","engineering15","high_r2","sem",25,"ML","default_port",400,392,376,361,0,0.00100000000000477,0.364000000000259,36
"ml-gls","test","engineering15","high_r2","sem",25,"ML","layered_lbfgs",400,392,368,352,0,0.000999999999976353,0.301000000000015,28
"ml-gls","test","engineering15","high_r2","sem",25,"ML","layered_port",400,392,368,352,0,0.000999999999976353,0.463999999999941,27
"ml-gls","test","engineering15","high_r2","sem",25,"ML","layered_port_budget",400,392,369,352,0,0.000999999999990561,0.705999999999988,27
"ml-gls","test","engineering15","high_r2","sem",25,"ML","layered_port_ml",400,392,369,352,0,0.000999999999976353,0.714999999999889,27
"ml-gls","test","engineering15","high_r2","sem",100,"GLS","default",400,400,285,285,0,0.00100000000000477,0.362000000000136,34
"ml-gls","test","engineering15","high_r2","sem",100,"GLS","default_port",400,400,274,274,0,0.00100000000000477,0.652999999999564,39
"ml-gls","test","engineering15","high_r2","sem",100,"GLS","layered_lbfgs",400,400,400,400,0,0,0.170999999999963,21
"ml-gls","test","engineering15","high_r2","sem",100,"GLS","layered_port",400,400,400,400,0,0,0.178000000000082,20
"ml-gls","test","engineering15","high_r2","sem",100,"GLS","layered_port_budget",400,400,400,400,0,0,0.160000000000138,20
"ml-gls","test","engineering15","high_r2","sem",100,"GLS","layered_port_ml",400,400,400,400,0,0,0.187999999999874,20
"ml-gls","test","engineering15","high_r2","sem",100,"ML","default",400,400,400,400,0,0,0.178000000000053,25
"ml-gls","test","engineering15","high_r2","sem",100,"ML","default_port",400,400,400,400,0,0.000999999999976353,0.204000000000206,25.5
"ml-gls","test","engineering15","high_r2","sem",100,"ML","layered_lbfgs",400,400,400,400,0,0,0.189999999999912,20
"ml-gls","test","engineering15","high_r2","sem",100,"ML","layered_port",400,400,400,400,0,0,0.196000000000082,20
"ml-gls","test","engineering15","high_r2","sem",100,"ML","layered_port_budget",400,400,400,400,0,0,0.198000000000007,20
"ml-gls","test","engineering15","high_r2","sem",100,"ML","layered_port_ml",400,400,400,400,0,0,0.186999999999926,20
"ml-gls","test","engineering15","weak_marker","sem",25,"GLS","default",400,144,41,40,0,0.00100000000000477,0.494000000000155,64
"ml-gls","test","engineering15","weak_marker","sem",25,"GLS","default_port",400,144,50,49,0,0.00200000000000955,1.27400000000003,86.5
"ml-gls","test","engineering15","weak_marker","sem",25,"GLS","layered_lbfgs",400,144,84,84,0,0.00100000000000477,0.63600000000018,58
"ml-gls","test","engineering15","weak_marker","sem",25,"GLS","layered_port",400,144,112,112,0,0.00499999999999545,1.73700000000019,94
"ml-gls","test","engineering15","weak_marker","sem",25,"GLS","layered_port_budget",400,144,112,112,0,0.0105000000000004,4.70900000000035,94
"ml-gls","test","engineering15","weak_marker","sem",25,"GLS","layered_port_ml",400,144,112,112,0,0.0105000000000004,4.70299999999995,94
"ml-gls","test","engineering15","weak_marker","sem",25,"ML","default",400,259,74,73,0,0.00200000000000955,1.741,45
"ml-gls","test","engineering15","weak_marker","sem",25,"ML","default_port",400,259,125,110,0,0.00699999999999079,2.49400000000006,100
"ml-gls","test","engineering15","weak_marker","sem",25,"ML","layered_lbfgs",400,259,106,104,0,0.00300000000000011,1.78899999999973,71.5
"ml-gls","test","engineering15","weak_marker","sem",25,"ML","layered_port",400,259,159,138,0,0.007000000000005,2.52400000000014,119
"ml-gls","test","engineering15","weak_marker","sem",25,"ML","layered_port_budget",400,259,170,165,0,0.01400000000001,6.42399999999991,138
"ml-gls","test","engineering15","weak_marker","sem",25,"ML","layered_port_ml",400,259,170,165,0,0.0139999999999816,6.35799999999993,138
"ml-gls","test","engineering15","weak_marker","sem",100,"GLS","default",400,241,84,82,0,0.00100000000000477,0.443999999999647,65.5
"ml-gls","test","engineering15","weak_marker","sem",100,"GLS","default_port",400,241,119,113,0,0.00100000000000477,0.968999999999979,102
"ml-gls","test","engineering15","weak_marker","sem",100,"GLS","layered_lbfgs",400,241,128,120,0,0.00100000000000477,0.597000000000306,59.5
"ml-gls","test","engineering15","weak_marker","sem",100,"GLS","layered_port",400,241,169,161,0,0.00499999999999545,1.65499999999999,97
"ml-gls","test","engineering15","weak_marker","sem",100,"GLS","layered_port_budget",400,241,170,162,0,0.00699999999999079,3.9409999999997,97
"ml-gls","test","engineering15","weak_marker","sem",100,"GLS","layered_port_ml",400,241,170,162,0,0.0069999999999979,3.93600000000009,97
"ml-gls","test","engineering15","weak_marker","sem",100,"ML","default",400,330,145,145,0,0.00199999999999534,1.63499999999986,73
"ml-gls","test","engineering15","weak_marker","sem",100,"ML","default_port",400,330,211,197,0,0.00400000000000489,2.06999999999971,109
"ml-gls","test","engineering15","weak_marker","sem",100,"ML","layered_lbfgs",400,330,153,149,0,0.00499999999999545,3.09899999999996,72
"ml-gls","test","engineering15","weak_marker","sem",100,"ML","layered_port",400,330,222,200,0,0.00600000000000023,2.29099999999978,117
"ml-gls","test","engineering15","weak_marker","sem",100,"ML","layered_port_budget",400,330,221,203,0,0.00699999999997658,5.07399999999984,117
"ml-gls","test","engineering15","weak_marker","sem",100,"ML","layered_port_ml",400,330,221,203,0,0.00600000000000023,5.08400000000044,117
"ml-gls","test","research47","r47_f1_p3","one_factor",25,"GLS","default",400,400,339,339,0,0,0.158,28
"ml-gls","test","research47","r47_f1_p3","one_factor",25,"GLS","default_port",400,400,342,340,0,0,0.18,29
"ml-gls","test","research47","r47_f1_p3","one_factor",25,"GLS","layered_lbfgs",400,400,392,392,0,0,0.163999999999999,18
"ml-gls","test","research47","r47_f1_p3","one_factor",25,"GLS","layered_port",400,400,400,396,0,0,0.159000000000004,19
"ml-gls","test","research47","r47_f1_p3","one_factor",25,"GLS","layered_port_budget",400,400,400,400,0,0,0.176000000000002,19
"ml-gls","test","research47","r47_f1_p3","one_factor",25,"GLS","layered_port_ml",400,400,400,400,0,0,0.156000000000001,20.5
"ml-gls","test","research47","r47_f1_p3","one_factor",25,"ML","default",400,400,380,376,0,0,0.258000000000001,29
"ml-gls","test","research47","r47_f1_p3","one_factor",25,"ML","default_port",400,400,391,376,0,0,0.247999999999998,30
"ml-gls","test","research47","r47_f1_p3","one_factor",25,"ML","layered_lbfgs",400,400,400,396,0,0,0.230999999999998,19
"ml-gls","test","research47","r47_f1_p3","one_factor",25,"ML","layered_port",400,400,400,396,0,0,0.179000000000003,19
"ml-gls","test","research47","r47_f1_p3","one_factor",25,"ML","layered_port_budget",400,400,400,400,0,0,0.200999999999998,19
"ml-gls","test","research47","r47_f1_p3","one_factor",25,"ML","layered_port_ml",400,400,400,400,0,0,0.198000000000001,21
"ml-gls","test","research47","r47_f1_p3","one_factor",100,"GLS","default",400,400,379,379,0,0,0.124000000000003,26
"ml-gls","test","research47","r47_f1_p3","one_factor",100,"GLS","default_port",400,400,375,375,0,0,0.123000000000001,26
"ml-gls","test","research47","r47_f1_p3","one_factor",100,"GLS","layered_lbfgs",400,400,397,397,0,0,0.112999999999998,15
"ml-gls","test","research47","r47_f1_p3","one_factor",100,"GLS","layered_port",400,400,400,400,0,0,0.0970000000000027,16
"ml-gls","test","research47","r47_f1_p3","one_factor",100,"GLS","layered_port_budget",400,400,400,400,0,0,0.112999999999999,16
"ml-gls","test","research47","r47_f1_p3","one_factor",100,"GLS","layered_port_ml",400,400,400,400,0,0,0.118000000000003,17
"ml-gls","test","research47","r47_f1_p3","one_factor",100,"ML","default",400,400,396,396,0,0,0.131999999999999,24
"ml-gls","test","research47","r47_f1_p3","one_factor",100,"ML","default_port",400,400,399,396,0,0,0.124000000000004,26
"ml-gls","test","research47","r47_f1_p3","one_factor",100,"ML","layered_lbfgs",400,400,400,400,0,0,0.109,16
"ml-gls","test","research47","r47_f1_p3","one_factor",100,"ML","layered_port",400,400,400,400,0,0,0.117000000000003,16
"ml-gls","test","research47","r47_f1_p3","one_factor",100,"ML","layered_port_budget",400,400,400,400,0,0,0.113999999999999,16
"ml-gls","test","research47","r47_f1_p3","one_factor",100,"ML","layered_port_ml",400,400,400,400,0,0,0.11,16
"ml-gls","test","research47","r47_f1_p3_face","one_factor",25,"GLS","default",400,396,314,314,0,0,0.212999999999964,31
"ml-gls","test","research47","r47_f1_p3_face","one_factor",25,"GLS","default_port",400,396,331,331,0,0,0.248999999999981,32
"ml-gls","test","research47","r47_f1_p3_face","one_factor",25,"GLS","layered_lbfgs",400,396,384,383,0,0,0.190000000000003,22
"ml-gls","test","research47","r47_f1_p3_face","one_factor",25,"GLS","layered_port",400,396,395,395,0,0,0.14000000000002,24
"ml-gls","test","research47","r47_f1_p3_face","one_factor",25,"GLS","layered_port_budget",400,396,392,392,0,0,0.223999999999986,24
"ml-gls","test","research47","r47_f1_p3_face","one_factor",25,"GLS","layered_port_ml",400,396,392,392,0,0,0.210999999999991,24.5
"ml-gls","test","research47","r47_f1_p3_face","one_factor",25,"ML","default",400,400,381,380,0,0,0.255999999999998,35
"ml-gls","test","research47","r47_f1_p3_face","one_factor",25,"ML","default_port",400,400,391,382,0,0,0.217,35
"ml-gls","test","research47","r47_f1_p3_face","one_factor",25,"ML","layered_lbfgs",400,400,396,392,0,0,0.207999999999995,25.5
"ml-gls","test","research47","r47_f1_p3_face","one_factor",25,"ML","layered_port",400,400,398,398,0,0,0.190999999999994,25
"ml-gls","test","research47","r47_f1_p3_face","one_factor",25,"ML","layered_port_budget",400,400,395,395,0,0,0.243000000000018,25
"ml-gls","test","research47","r47_f1_p3_face","one_factor",25,"ML","layered_port_ml",400,400,395,395,0,0,0.233000000000008,30
"ml-gls","test","research47","r47_f1_p3_face","one_factor",100,"GLS","default",400,400,386,386,0,0,0.12999999999999,27
"ml-gls","test","research47","r47_f1_p3_face","one_factor",100,"GLS","default_port",400,400,369,369,0,0,0.129000000000005,28
"ml-gls","test","research47","r47_f1_p3_face","one_factor",100,"GLS","layered_lbfgs",400,400,396,396,0,0,0.127000000000004,18
"ml-gls","test","research47","r47_f1_p3_face","one_factor",100,"GLS","layered_port",400,400,396,396,0,0,0.131000000000013,18
"ml-gls","test","research47","r47_f1_p3_face","one_factor",100,"GLS","layered_port_budget",400,400,400,400,0,0,0.146000000000013,18
"ml-gls","test","research47","r47_f1_p3_face","one_factor",100,"GLS","layered_port_ml",400,400,400,400,0,0,0.159999999999986,19
"ml-gls","test","research47","r47_f1_p3_face","one_factor",100,"ML","default",400,400,396,396,0,0,0.131000000000002,31
"ml-gls","test","research47","r47_f1_p3_face","one_factor",100,"ML","default_port",400,400,397,396,0,0,0.138999999999987,33
"ml-gls","test","research47","r47_f1_p3_face","one_factor",100,"ML","layered_lbfgs",400,400,396,396,0,0,0.163999999999994,19.5
"ml-gls","test","research47","r47_f1_p3_face","one_factor",100,"ML","layered_port",400,400,399,396,0,0,0.128000000000007,18
"ml-gls","test","research47","r47_f1_p3_face","one_factor",100,"ML","layered_port_budget",400,400,400,400,0,0,0.165999999999991,18
"ml-gls","test","research47","r47_f1_p3_face","one_factor",100,"ML","layered_port_ml",400,400,400,400,0,0,0.168999999999983,21
"ml-gls","test","research47","r47_f1_p5","one_factor",25,"GLS","default",400,400,399,399,0,0,0.151000000000004,28
"ml-gls","test","research47","r47_f1_p5","one_factor",25,"GLS","default_port",400,400,395,389,0,0,0.169999999999999,27
"ml-gls","test","research47","r47_f1_p5","one_factor",25,"GLS","layered_lbfgs",400,400,400,400,0,0,0.137000000000003,15
"ml-gls","test","research47","r47_f1_p5","one_factor",25,"GLS","layered_port",400,400,400,400,0,0,0.124999999999984,15
"ml-gls","test","research47","r47_f1_p5","one_factor",25,"GLS","layered_port_budget",400,400,400,400,0,0,0.126000000000016,15
"ml-gls","test","research47","r47_f1_p5","one_factor",25,"GLS","layered_port_ml",400,400,400,400,0,0,0.130000000000008,15
"ml-gls","test","research47","r47_f1_p5","one_factor",25,"ML","default",400,400,400,400,0,0,0.149000000000007,26
"ml-gls","test","research47","r47_f1_p5","one_factor",25,"ML","default_port",400,400,400,400,0,0,0.152000000000003,24
"ml-gls","test","research47","r47_f1_p5","one_factor",25,"ML","layered_lbfgs",400,400,400,400,0,0,0.138999999999986,14
"ml-gls","test","research47","r47_f1_p5","one_factor",25,"ML","layered_port",400,400,400,400,0,0,0.131999999999996,13
"ml-gls","test","research47","r47_f1_p5","one_factor",25,"ML","layered_port_budget",400,400,400,400,0,0,0.120999999999999,13
"ml-gls","test","research47","r47_f1_p5","one_factor",25,"ML","layered_port_ml",400,400,400,400,0,0,0.111999999999999,13
"ml-gls","test","research47","r47_f1_p5","one_factor",100,"GLS","default",400,400,400,400,0,0,0.134000000000016,25
"ml-gls","test","research47","r47_f1_p5","one_factor",100,"GLS","default_port",400,400,398,398,0,0,0.160000000000003,24
"ml-gls","test","research47","r47_f1_p5","one_factor",100,"GLS","layered_lbfgs",400,400,400,400,0,0,0.124000000000008,13
"ml-gls","test","research47","r47_f1_p5","one_factor",100,"GLS","layered_port",400,400,400,400,0,0,0.130999999999989,12
"ml-gls","test","research47","r47_f1_p5","one_factor",100,"GLS","layered_port_budget",400,400,400,400,0,0,0.143000000000009,12
"ml-gls","test","research47","r47_f1_p5","one_factor",100,"GLS","layered_port_ml",400,400,400,400,0,0,0.125999999999987,12
"ml-gls","test","research47","r47_f1_p5","one_factor",100,"ML","default",400,400,400,400,0,0,0.145999999999995,24
"ml-gls","test","research47","r47_f1_p5","one_factor",100,"ML","default_port",400,400,400,400,0,0,0.145000000000009,22
"ml-gls","test","research47","r47_f1_p5","one_factor",100,"ML","layered_lbfgs",400,400,400,400,0,0,0.134000000000024,13
"ml-gls","test","research47","r47_f1_p5","one_factor",100,"ML","layered_port",400,400,400,400,0,0,0.132999999999995,11
"ml-gls","test","research47","r47_f1_p5","one_factor",100,"ML","layered_port_budget",400,400,400,400,0,0,0.100999999999996,11
"ml-gls","test","research47","r47_f1_p5","one_factor",100,"ML","layered_port_ml",400,400,400,400,0,0,0.112999999999999,11
"ml-gls","test","research47","r47_f1_p5_face","one_factor",25,"GLS","default",400,400,393,390,0,0,0.147999999999978,30
"ml-gls","test","research47","r47_f1_p5_face","one_factor",25,"GLS","default_port",400,400,389,381,0,0,0.169999999999987,28
"ml-gls","test","research47","r47_f1_p5_face","one_factor",25,"GLS","layered_lbfgs",400,400,400,400,0,0,0.133000000000049,17
"ml-gls","test","research47","r47_f1_p5_face","one_factor",25,"GLS","layered_port",400,400,400,400,0,0,0.146999999999988,16
"ml-gls","test","research47","r47_f1_p5_face","one_factor",25,"GLS","layered_port_budget",400,400,400,400,0,0,0.174000000000028,16
"ml-gls","test","research47","r47_f1_p5_face","one_factor",25,"GLS","layered_port_ml",400,400,400,400,0,0,0.154000000000003,16
"ml-gls","test","research47","r47_f1_p5_face","one_factor",25,"ML","default",400,400,400,400,0,0,0.164999999999963,36
"ml-gls","test","research47","r47_f1_p5_face","one_factor",25,"ML","default_port",400,400,400,400,0,0,0.185000000000002,36
"ml-gls","test","research47","r47_f1_p5_face","one_factor",25,"ML","layered_lbfgs",400,400,400,400,0,0,0.144000000000037,16
"ml-gls","test","research47","r47_f1_p5_face","one_factor",25,"ML","layered_port",400,400,400,400,0,0,0.126999999999977,14.5
"ml-gls","test","research47","r47_f1_p5_face","one_factor",25,"ML","layered_port_budget",400,400,400,400,0,0,0.143999999999987,14.5
"ml-gls","test","research47","r47_f1_p5_face","one_factor",25,"ML","layered_port_ml",400,400,400,400,0,0,0.172999999999998,14.5
"ml-gls","test","research47","r47_f1_p5_face","one_factor",100,"GLS","default",400,400,400,400,0,0,0.132000000000008,27
"ml-gls","test","research47","r47_f1_p5_face","one_factor",100,"GLS","default_port",400,400,390,390,0,0,0.159000000000024,26
"ml-gls","test","research47","r47_f1_p5_face","one_factor",100,"GLS","layered_lbfgs",400,400,400,400,0,0,0.142000000000003,15
"ml-gls","test","research47","r47_f1_p5_face","one_factor",100,"GLS","layered_port",400,400,400,400,0,0,0.138999999999996,13
"ml-gls","test","research47","r47_f1_p5_face","one_factor",100,"GLS","layered_port_budget",400,400,400,400,0,0,0.169999999999962,13
"ml-gls","test","research47","r47_f1_p5_face","one_factor",100,"GLS","layered_port_ml",400,400,400,400,0,0,0.151000000000035,13
"ml-gls","test","research47","r47_f1_p5_face","one_factor",100,"ML","default",400,400,400,400,0,0,0.175000000000057,33
"ml-gls","test","research47","r47_f1_p5_face","one_factor",100,"ML","default_port",400,400,400,400,0,0,0.191999999999975,34
"ml-gls","test","research47","r47_f1_p5_face","one_factor",100,"ML","layered_lbfgs",400,400,400,400,0,0,0.162999999999979,15
"ml-gls","test","research47","r47_f1_p5_face","one_factor",100,"ML","layered_port",400,400,400,400,0,0,0.147000000000016,13
"ml-gls","test","research47","r47_f1_p5_face","one_factor",100,"ML","layered_port_budget",400,400,400,400,0,0,0.148999999999965,13
"ml-gls","test","research47","r47_f1_p5_face","one_factor",100,"ML","layered_port_ml",400,400,400,400,0,0,0.20000000000001,13
"ml-gls","test","research47","r47_f2_r100","two_factor",25,"GLS","default",400,380,202,197,0,0.000999999999997669,0.287999999999961,38
"ml-gls","test","research47","r47_f2_r100","two_factor",25,"GLS","default_port",400,380,240,230,0,0.000999999999997669,0.478999999999999,40.5
"ml-gls","test","research47","r47_f2_r100","two_factor",25,"GLS","layered_lbfgs",400,380,376,367,0,0,0.195000000000028,31
"ml-gls","test","research47","r47_f2_r100","two_factor",25,"GLS","layered_port",400,380,380,367,0,0.000999999999997669,0.334999999999965,31
"ml-gls","test","research47","r47_f2_r100","two_factor",25,"GLS","layered_port_budget",400,380,380,367,0,0.000999999999997669,0.530000000000022,31
"ml-gls","test","research47","r47_f2_r100","two_factor",25,"GLS","layered_port_ml",400,380,380,367,0,0.000999999999997669,0.532000000000018,31
"ml-gls","test","research47","r47_f2_r100","two_factor",25,"ML","default",400,400,399,399,0,0.000999999999997669,0.399999999999892,38
"ml-gls","test","research47","r47_f2_r100","two_factor",25,"ML","default_port",400,400,398,398,0,0.000999999999997669,0.261000000000002,42
"ml-gls","test","research47","r47_f2_r100","two_factor",25,"ML","layered_lbfgs",400,400,400,400,0,0,0.196000000000054,31
"ml-gls","test","research47","r47_f2_r100","two_factor",25,"ML","layered_port",400,400,400,400,0,0.000999999999997669,0.230000000000011,31
"ml-gls","test","research47","r47_f2_r100","two_factor",25,"ML","layered_port_budget",400,400,400,400,0,0.000999999999997669,0.228000000000022,31
"ml-gls","test","research47","r47_f2_r100","two_factor",25,"ML","layered_port_ml",400,400,400,400,0,0.000999999999997669,0.233999999999902,31
"ml-gls","test","research47","r47_f2_r100","two_factor",100,"GLS","default",400,400,254,254,0,0.000999999999997669,0.238000000000006,28
"ml-gls","test","research47","r47_f2_r100","two_factor",100,"GLS","default_port",400,400,325,324,0,0.000999999999997669,0.296999999999989,29
"ml-gls","test","research47","r47_f2_r100","two_factor",100,"GLS","layered_lbfgs",400,400,400,400,0,0,0.17499999999999,24
"ml-gls","test","research47","r47_f2_r100","two_factor",100,"GLS","layered_port",400,400,400,400,0,0,0.184000000000061,22
"ml-gls","test","research47","r47_f2_r100","two_factor",100,"GLS","layered_port_budget",400,400,400,400,0,0,0.180000000000006,22
"ml-gls","test","research47","r47_f2_r100","two_factor",100,"GLS","layered_port_ml",400,400,400,400,0,0,0.178999999999931,22
"ml-gls","test","research47","r47_f2_r100","two_factor",100,"ML","default",400,400,400,400,0,0,0.195999999999983,33
"ml-gls","test","research47","r47_f2_r100","two_factor",100,"ML","default_port",400,400,400,400,0,0.000999999999997669,0.214000000000069,32
"ml-gls","test","research47","r47_f2_r100","two_factor",100,"ML","layered_lbfgs",400,400,400,400,0,0,0.170999999999978,24
"ml-gls","test","research47","r47_f2_r100","two_factor",100,"ML","layered_port",400,400,400,400,0,0,0.195000000000071,22
"ml-gls","test","research47","r47_f2_r100","two_factor",100,"ML","layered_port_budget",400,400,400,400,0,0,0.176000000000016,22
"ml-gls","test","research47","r47_f2_r100","two_factor",100,"ML","layered_port_ml",400,400,400,400,0,0,0.182999999999992,22
"ml-gls","test","research47","r47_f2_r90","two_factor",25,"GLS","default",400,388,222,217,0,0.000999999999997669,0.238999999999983,38
"ml-gls","test","research47","r47_f2_r90","two_factor",25,"GLS","default_port",400,388,273,267,0,0.000999999999997669,0.329999999999998,41
"ml-gls","test","research47","r47_f2_r90","two_factor",25,"GLS","layered_lbfgs",400,388,372,372,0,0,0.202000000000012,30
"ml-gls","test","research47","r47_f2_r90","two_factor",25,"GLS","layered_port",400,388,372,372,0,0,0.31600000000002,28
"ml-gls","test","research47","r47_f2_r90","two_factor",25,"GLS","layered_port_budget",400,388,372,372,0,0,0.618999999999982,28
"ml-gls","test","research47","r47_f2_r90","two_factor",25,"GLS","layered_port_ml",400,388,372,372,0,0,0.618000000000076,28
"ml-gls","test","research47","r47_f2_r90","two_factor",25,"ML","default",400,397,389,389,0,0,1.22099999999998,34
"ml-gls","test","research47","r47_f2_r90","two_factor",25,"ML","default_port",400,397,386,386,0,0.000999999999997669,0.311000000000035,38
"ml-gls","test","research47","r47_f2_r90","two_factor",25,"ML","layered_lbfgs",400,397,376,376,0,0,0.27199999999998,28
"ml-gls","test","research47","r47_f2_r90","two_factor",25,"ML","layered_port",400,397,387,376,0,0.000999999999997669,0.39500000000002,28
"ml-gls","test","research47","r47_f2_r90","two_factor",25,"ML","layered_port_budget",400,397,389,377,0,0.000999999999997669,0.684000000000054,28
"ml-gls","test","research47","r47_f2_r90","two_factor",25,"ML","layered_port_ml",400,397,389,377,0,0.000999999999997669,0.690000000000012,28
"ml-gls","test","research47","r47_f2_r90","two_factor",100,"GLS","default",400,400,306,306,0,0.000999999999997669,0.234000000000005,28
"ml-gls","test","research47","r47_f2_r90","two_factor",100,"GLS","default_port",400,400,371,371,0,0.000999999999997669,0.262,32
"ml-gls","test","research47","r47_f2_r90","two_factor",100,"GLS","layered_lbfgs",400,400,400,400,0,0,0.153000000000027,23
"ml-gls","test","research47","r47_f2_r90","two_factor",100,"GLS","layered_port",400,400,400,400,0,0,0.189999999999969,22
"ml-gls","test","research47","r47_f2_r90","two_factor",100,"GLS","layered_port_budget",400,400,400,400,0,0,0.179999999999964,22
"ml-gls","test","research47","r47_f2_r90","two_factor",100,"GLS","layered_port_ml",400,400,400,400,0,0,0.196000000000033,22
"ml-gls","test","research47","r47_f2_r90","two_factor",100,"ML","default",400,400,400,400,0,0.000499999999998834,0.200000000000038,29
"ml-gls","test","research47","r47_f2_r90","two_factor",100,"ML","default_port",400,400,400,400,0,0.000999999999997669,0.216999999999981,29
"ml-gls","test","research47","r47_f2_r90","two_factor",100,"ML","layered_lbfgs",400,400,400,400,0,0,0.176999999999992,23
"ml-gls","test","research47","r47_f2_r90","two_factor",100,"ML","layered_port",400,400,400,400,0,0,0.18400000000004,21
"ml-gls","test","research47","r47_f2_r90","two_factor",100,"ML","layered_port_budget",400,400,400,400,0,0,0.152000000000001,21
"ml-gls","test","research47","r47_f2_r90","two_factor",100,"ML","layered_port_ml",400,400,400,400,0,0,0.164000000000008,21
"ml-gls","test","research47","r47_f2_r97","two_factor",25,"GLS","default",400,372,201,192,0,0.000999999999997669,0.285999999999994,39
"ml-gls","test","research47","r47_f2_r97","two_factor",25,"GLS","default_port",400,372,240,232,0,0.000999999999997669,0.465999999999972,41
"ml-gls","test","research47","r47_f2_r97","two_factor",25,"GLS","layered_lbfgs",400,372,368,364,0,0.000999999999997669,0.232999999999975,30
"ml-gls","test","research47","r47_f2_r97","two_factor",25,"GLS","layered_port",400,372,368,364,0,0.000999999999997669,0.387999999999998,29
"ml-gls","test","research47","r47_f2_r97","two_factor",25,"GLS","layered_port_budget",400,372,372,368,0,0.000999999999997669,0.547000000000075,29
"ml-gls","test","research47","r47_f2_r97","two_factor",25,"GLS","layered_port_ml",400,372,372,368,0,0.000999999999997669,0.549000000000063,29
"ml-gls","test","research47","r47_f2_r97","two_factor",25,"ML","default",400,400,398,398,0,0.000999999999997669,0.276999999999965,37
"ml-gls","test","research47","r47_f2_r97","two_factor",25,"ML","default_port",400,400,398,398,0,0.000999999999997669,0.252999999999957,40
"ml-gls","test","research47","r47_f2_r97","two_factor",25,"ML","layered_lbfgs",400,400,400,400,0,0,0.19300000000004,29
"ml-gls","test","research47","r47_f2_r97","two_factor",25,"ML","layered_port",400,400,400,400,0,0.000999999999997669,0.217999999999989,28.5
"ml-gls","test","research47","r47_f2_r97","two_factor",25,"ML","layered_port_budget",400,400,400,400,0,0.000999999999997669,0.232000000000063,28.5
"ml-gls","test","research47","r47_f2_r97","two_factor",25,"ML","layered_port_ml",400,400,400,400,0,0.000999999999997669,0.215999999999944,28.5
"ml-gls","test","research47","r47_f2_r97","two_factor",100,"GLS","default",400,400,266,266,0,0.000999999999997669,0.208000000000055,28
"ml-gls","test","research47","r47_f2_r97","two_factor",100,"GLS","default_port",400,400,345,345,0,0.000999999999997669,0.245000000000025,30
"ml-gls","test","research47","r47_f2_r97","two_factor",100,"GLS","layered_lbfgs",400,400,400,400,0,0,0.148999999999986,23
"ml-gls","test","research47","r47_f2_r97","two_factor",100,"GLS","layered_port",400,400,400,400,0,0,0.163000000000032,22
"ml-gls","test","research47","r47_f2_r97","two_factor",100,"GLS","layered_port_budget",400,400,400,400,0,0,0.158999999999992,22
"ml-gls","test","research47","r47_f2_r97","two_factor",100,"GLS","layered_port_ml",400,400,400,400,0,0,0.167999999999978,22
"ml-gls","test","research47","r47_f2_r97","two_factor",100,"ML","default",400,400,400,400,0,0,0.144999999999967,31
"ml-gls","test","research47","r47_f2_r97","two_factor",100,"ML","default_port",400,400,400,400,0,0,0.158999999999977,31
"ml-gls","test","research47","r47_f2_r97","two_factor",100,"ML","layered_lbfgs",400,400,400,400,0,0,0.149999999999991,24
"ml-gls","test","research47","r47_f2_r97","two_factor",100,"ML","layered_port",400,400,400,400,0,0,0.15899999999997,21
"ml-gls","test","research47","r47_f2_r97","two_factor",100,"ML","layered_port_budget",400,400,400,400,0,0,0.171999999999954,21
"ml-gls","test","research47","r47_f2_r97","two_factor",100,"ML","layered_port_ml",400,400,400,400,0,0,0.160000000000046,21
"ml-gls","test","research47","r47_f2_r99","two_factor",25,"GLS","default",400,392,215,215,0,0.000999999999997669,0.252000000000009,39
"ml-gls","test","research47","r47_f2_r99","two_factor",25,"GLS","default_port",400,392,259,257,0,0.000999999999997669,0.354999999999933,43
"ml-gls","test","research47","r47_f2_r99","two_factor",25,"GLS","layered_lbfgs",400,392,392,390,0,0,0.182000000000016,30
"ml-gls","test","research47","r47_f2_r99","two_factor",25,"GLS","layered_port",400,392,392,390,0,0.000999999999997669,0.235999999999975,30
"ml-gls","test","research47","r47_f2_r99","two_factor",25,"GLS","layered_port_budget",400,392,392,390,0,0.000999999999997669,0.255999999999943,30
"ml-gls","test","research47","r47_f2_r99","two_factor",25,"GLS","layered_port_ml",400,392,392,390,0,0.000999999999997669,0.256000000000007,30
"ml-gls","test","research47","r47_f2_r99","two_factor",25,"ML","default",400,400,392,392,0,0,0.239000000000018,39
"ml-gls","test","research47","r47_f2_r99","two_factor",25,"ML","default_port",400,400,399,399,0,0.000999999999997669,0.285999999999951,41
"ml-gls","test","research47","r47_f2_r99","two_factor",25,"ML","layered_lbfgs",400,400,394,392,0,0,0.211999999999967,31
"ml-gls","test","research47","r47_f2_r99","two_factor",25,"ML","layered_port",400,400,399,399,0,0.000999999999997669,0.262000000000071,30
"ml-gls","test","research47","r47_f2_r99","two_factor",25,"ML","layered_port_budget",400,400,396,396,0,0.000999999999997669,0.331999999999922,30
"ml-gls","test","research47","r47_f2_r99","two_factor",25,"ML","layered_port_ml",400,400,396,396,0,0.000999999999997669,0.345000000000034,30
"ml-gls","test","research47","r47_f2_r99","two_factor",100,"GLS","default",400,400,256,256,0,0.000999999999997669,0.257000000000061,28
"ml-gls","test","research47","r47_f2_r99","two_factor",100,"GLS","default_port",400,400,338,338,0,0.000999999999997669,0.285999999999923,29
"ml-gls","test","research47","r47_f2_r99","two_factor",100,"GLS","layered_lbfgs",400,400,400,400,0,0,0.205000000000019,23
"ml-gls","test","research47","r47_f2_r99","two_factor",100,"GLS","layered_port",400,400,400,400,0,0,0.166000000000039,22
"ml-gls","test","research47","r47_f2_r99","two_factor",100,"GLS","layered_port_budget",400,400,400,400,0,0,0.186000000000021,22
"ml-gls","test","research47","r47_f2_r99","two_factor",100,"GLS","layered_port_ml",400,400,400,400,0,0,0.195000000000028,22
"ml-gls","test","research47","r47_f2_r99","two_factor",100,"ML","default",400,400,400,400,0,0,0.194000000000038,32
"ml-gls","test","research47","r47_f2_r99","two_factor",100,"ML","default_port",400,400,400,400,0,0,0.19299999999999,32
"ml-gls","test","research47","r47_f2_r99","two_factor",100,"ML","layered_lbfgs",400,400,400,400,0,0,0.162000000000041,24
"ml-gls","test","research47","r47_f2_r99","two_factor",100,"ML","layered_port",400,400,400,400,0,0,0.183000000000021,22
"ml-gls","test","research47","r47_f2_r99","two_factor",100,"ML","layered_port_budget",400,400,400,400,0,0,0.192000000000057,22
"ml-gls","test","research47","r47_f2_r99","two_factor",100,"ML","layered_port_ml",400,400,400,400,0,0,0.190999999999988,22
"ml-gls","test","research47","r47_imp_f1_p5","one_factor",25,"GLS","default",400,400,309,301,0,0.000999999999997669,0.251999999999995,45
"ml-gls","test","research47","r47_imp_f1_p5","one_factor",25,"GLS","default_port",400,400,302,277,0,0.000999999999997669,0.524000000000008,43.5
"ml-gls","test","research47","r47_imp_f1_p5","one_factor",25,"GLS","layered_lbfgs",400,400,372,372,0,0,0.166999999999937,24
"ml-gls","test","research47","r47_imp_f1_p5","one_factor",25,"GLS","layered_port",400,400,400,400,0,0,0.142000000000045,18.5
"ml-gls","test","research47","r47_imp_f1_p5","one_factor",25,"GLS","layered_port_budget",400,400,400,400,0,0,0.158000000000026,18.5
"ml-gls","test","research47","r47_imp_f1_p5","one_factor",25,"GLS","layered_port_ml",400,400,400,400,0,0,0.147999999999985,18.5
"ml-gls","test","research47","r47_imp_f1_p5","one_factor",25,"ML","default",400,400,400,400,0,0,0.180000000000021,46
"ml-gls","test","research47","r47_imp_f1_p5","one_factor",25,"ML","default_port",400,400,400,400,0,0,0.19399999999997,49
"ml-gls","test","research47","r47_imp_f1_p5","one_factor",25,"ML","layered_lbfgs",400,400,400,400,0,0,0.147999999999989,23
"ml-gls","test","research47","r47_imp_f1_p5","one_factor",25,"ML","layered_port",400,400,400,400,0,0,0.151000000000017,21
"ml-gls","test","research47","r47_imp_f1_p5","one_factor",25,"ML","layered_port_budget",400,400,400,400,0,0,0.207000000000001,21
"ml-gls","test","research47","r47_imp_f1_p5","one_factor",25,"ML","layered_port_ml",400,400,400,400,0,0,0.159999999999975,21
"ml-gls","test","research47","r47_imp_f1_p5","one_factor",100,"GLS","default",400,400,347,347,0,0,0.223000000000013,37
"ml-gls","test","research47","r47_imp_f1_p5","one_factor",100,"GLS","default_port",400,400,335,335,0,0.000999999999997669,0.411999999999985,37
"ml-gls","test","research47","r47_imp_f1_p5","one_factor",100,"GLS","layered_lbfgs",400,400,400,400,0,0,0.142999999999986,24
"ml-gls","test","research47","r47_imp_f1_p5","one_factor",100,"GLS","layered_port",400,400,400,400,0,0,0.126999999999999,17
"ml-gls","test","research47","r47_imp_f1_p5","one_factor",100,"GLS","layered_port_budget",400,400,400,400,0,0,0.146000000000001,17
"ml-gls","test","research47","r47_imp_f1_p5","one_factor",100,"GLS","layered_port_ml",400,400,400,400,0,0,0.133000000000027,17
"ml-gls","test","research47","r47_imp_f1_p5","one_factor",100,"ML","default",400,400,400,400,0,0,0.190999999999988,43
"ml-gls","test","research47","r47_imp_f1_p5","one_factor",100,"ML","default_port",400,400,400,400,0,0.000999999999997669,0.221000000000025,44
"ml-gls","test","research47","r47_imp_f1_p5","one_factor",100,"ML","layered_lbfgs",400,400,400,400,0,0,0.169999999999955,24
"ml-gls","test","research47","r47_imp_f1_p5","one_factor",100,"ML","layered_port",400,400,400,400,0,0,0.164000000000026,20
"ml-gls","test","research47","r47_imp_f1_p5","one_factor",100,"ML","layered_port_budget",400,400,400,400,0,0,0.16800000000001,20
"ml-gls","test","research47","r47_imp_f1_p5","one_factor",100,"ML","layered_port_ml",400,400,400,400,0,0,0.155999999999988,20
"ml-gls","test","research47","r47_imp_f2_r103","two_factor",25,"GLS","default",400,391,207,205,0,0.000999999999997669,0.273000000000003,38
"ml-gls","test","research47","r47_imp_f2_r103","two_factor",25,"GLS","default_port",400,391,248,246,0,0.000999999999997669,0.348999999999947,41
"ml-gls","test","research47","r47_imp_f2_r103","two_factor",25,"GLS","layered_lbfgs",400,391,384,384,0,0,0.201,30
"ml-gls","test","research47","r47_imp_f2_r103","two_factor",25,"GLS","layered_port",400,391,384,384,0,0.000999999999997669,0.269000000000048,29
"ml-gls","test","research47","r47_imp_f2_r103","two_factor",25,"GLS","layered_port_budget",400,391,384,384,0,0.000999999999997669,0.305000000000049,29
"ml-gls","test","research47","r47_imp_f2_r103","two_factor",25,"GLS","layered_port_ml",400,391,384,384,0,0.000999999999997669,0.302999999999947,29
"ml-gls","test","research47","r47_imp_f2_r103","two_factor",25,"ML","default",400,400,394,394,0,0.000999999999997669,0.937000000000004,39
"ml-gls","test","research47","r47_imp_f2_r103","two_factor",25,"ML","default_port",400,400,394,394,0,0.000999999999997669,0.281000000000055,43
"ml-gls","test","research47","r47_imp_f2_r103","two_factor",25,"ML","layered_lbfgs",400,400,400,400,0,0,0.196000000000033,30
"ml-gls","test","research47","r47_imp_f2_r103","two_factor",25,"ML","layered_port",400,400,400,400,0,0.000999999999997669,0.209999999999993,30
"ml-gls","test","research47","r47_imp_f2_r103","two_factor",25,"ML","layered_port_budget",400,400,400,400,0,0.000999999999997669,0.229000000000112,30
"ml-gls","test","research47","r47_imp_f2_r103","two_factor",25,"ML","layered_port_ml",400,400,400,400,0,0.000999999999997669,0.22100000000001,30
"ml-gls","test","research47","r47_imp_f2_r103","two_factor",100,"GLS","default",400,400,236,235,0,0.000999999999997669,0.253999999999955,28
"ml-gls","test","research47","r47_imp_f2_r103","two_factor",100,"GLS","default_port",400,400,308,308,0,0.000999999999997669,0.283999999999991,28
"ml-gls","test","research47","r47_imp_f2_r103","two_factor",100,"GLS","layered_lbfgs",400,400,400,400,0,0,0.168999999999997,24
"ml-gls","test","research47","r47_imp_f2_r103","two_factor",100,"GLS","layered_port",400,400,400,400,0,0,0.183999999999962,23
"ml-gls","test","research47","r47_imp_f2_r103","two_factor",100,"GLS","layered_port_budget",400,400,400,400,0,0,0.194000000000045,23
"ml-gls","test","research47","r47_imp_f2_r103","two_factor",100,"GLS","layered_port_ml",400,400,400,400,0,0,0.182000000000023,23
"ml-gls","test","research47","r47_imp_f2_r103","two_factor",100,"ML","default",400,400,400,400,0,0.000999999999990564,0.203999999999936,35
"ml-gls","test","research47","r47_imp_f2_r103","two_factor",100,"ML","default_port",400,400,400,400,0,0.000999999999997669,0.231000000000001,34
"ml-gls","test","research47","r47_imp_f2_r103","two_factor",100,"ML","layered_lbfgs",400,400,400,400,0,0,0.193999999999981,25
"ml-gls","test","research47","r47_imp_f2_r103","two_factor",100,"ML","layered_port",400,400,400,400,0,0.000999999999997669,0.204000000000007,22
"ml-gls","test","research47","r47_imp_f2_r103","two_factor",100,"ML","layered_port_budget",400,400,400,400,0,0,0.198000000000057,22
"ml-gls","test","research47","r47_imp_f2_r103","two_factor",100,"ML","layered_port_ml",400,400,400,400,0,0.000999999999997669,0.207000000000029,22
"ml-gls","test","research47","r47_mis_f2_resid","two_factor",25,"GLS","default",400,383,204,202,0,0.000999999999990564,0.27899999999991,42
"ml-gls","test","research47","r47_mis_f2_resid","two_factor",25,"GLS","default_port",400,383,227,226,0,0.000999999999990564,0.420999999999992,44
"ml-gls","test","research47","r47_mis_f2_resid","two_factor",25,"GLS","layered_lbfgs",400,383,364,359,0,0,0.220999999999889,31
"ml-gls","test","research47","r47_mis_f2_resid","two_factor",25,"GLS","layered_port",400,383,364,363,0,0.000999999999990564,0.396000000000029,31
"ml-gls","test","research47","r47_mis_f2_resid","two_factor",25,"GLS","layered_port_budget",400,383,367,366,0,0.000999999999990564,0.72100000000006,31
"ml-gls","test","research47","r47_mis_f2_resid","two_factor",25,"GLS","layered_port_ml",400,383,367,366,0,0.000999999999990564,0.70200000000004,31
"ml-gls","test","research47","r47_mis_f2_resid","two_factor",25,"ML","default",400,400,396,396,0,0.000999999999990564,0.963999999999955,40
"ml-gls","test","research47","r47_mis_f2_resid","two_factor",25,"ML","default_port",400,400,394,394,0,0.000999999999990564,0.295999999999991,44
"ml-gls","test","research47","r47_mis_f2_resid","two_factor",25,"ML","layered_lbfgs",400,400,388,388,0,0,0.212000000000074,31
"ml-gls","test","research47","r47_mis_f2_resid","two_factor",25,"ML","layered_port",400,400,389,388,0,0.000999999999990564,0.326999999999941,32
"ml-gls","test","research47","r47_mis_f2_resid","two_factor",25,"ML","layered_port_budget",400,400,391,388,0,0.000999999999990564,0.469000000000065,32
"ml-gls","test","research47","r47_mis_f2_resid","two_factor",25,"ML","layered_port_ml",400,400,391,388,0,0.000999999999990564,0.479999999999918,32
"ml-gls","test","research47","r47_mis_f2_resid","two_factor",100,"GLS","default",400,400,273,271,0,0.000999999999990564,0.245000000000032,29
"ml-gls","test","research47","r47_mis_f2_resid","two_factor",100,"GLS","default_port",400,400,328,328,0,0.000999999999990564,0.298999999999878,29
"ml-gls","test","research47","r47_mis_f2_resid","two_factor",100,"GLS","layered_lbfgs",400,400,400,400,0,0,0.159000000000105,24
"ml-gls","test","research47","r47_mis_f2_resid","two_factor",100,"GLS","layered_port",400,400,400,400,0,0,0.170999999999878,23
"ml-gls","test","research47","r47_mis_f2_resid","two_factor",100,"GLS","layered_port_budget",400,400,400,400,0,0,0.18599999999995,23
"ml-gls","test","research47","r47_mis_f2_resid","two_factor",100,"GLS","layered_port_ml",400,400,400,400,0,0,0.186000000000021,23
"ml-gls","test","research47","r47_mis_f2_resid","two_factor",100,"ML","default",400,400,400,400,0,0,0.195999999999983,34
"ml-gls","test","research47","r47_mis_f2_resid","two_factor",100,"ML","default_port",400,400,400,400,0,0.000999999999990564,0.231999999999928,33
"ml-gls","test","research47","r47_mis_f2_resid","two_factor",100,"ML","layered_lbfgs",400,400,400,400,0,0,0.193000000000026,24
"ml-gls","test","research47","r47_mis_f2_resid","two_factor",100,"ML","layered_port",400,400,400,400,0,0,0.245999999999909,21
"ml-gls","test","research47","r47_mis_f2_resid","two_factor",100,"ML","layered_port_budget",400,400,400,400,0,0.000999999999990564,0.205999999999875,21
"ml-gls","test","research47","r47_mis_f2_resid","two_factor",100,"ML","layered_port_ml",400,400,400,400,0,0.000999999999990564,0.216000000000022,21
"ml-gls","test","research47","r47_path_r2_100","path",25,"GLS","default",400,318,106,104,0,0.00100000000000477,0.812999999999789,61.5
"ml-gls","test","research47","r47_path_r2_100","path",25,"GLS","default_port",400,318,112,110,0,0.00300000000000011,1.72600000000021,66
"ml-gls","test","research47","r47_path_r2_100","path",25,"GLS","layered_lbfgs",400,318,275,272,0,0.00100000000000477,0.570000000000007,51
"ml-gls","test","research47","r47_path_r2_100","path",25,"GLS","layered_port",400,318,296,289,0,0.00100000000000477,1.24700000000014,49
"ml-gls","test","research47","r47_path_r2_100","path",25,"GLS","layered_port_budget",400,318,296,289,0,0.00100000000000477,2.77800000000008,49
"ml-gls","test","research47","r47_path_r2_100","path",25,"GLS","layered_port_ml",400,318,296,289,0,0.00100000000000477,2.791,49
"ml-gls","test","research47","r47_path_r2_100","path",25,"ML","default",400,399,376,370,0,0.00100000000000477,0.679999999999892,46
"ml-gls","test","research47","r47_path_r2_100","path",25,"ML","default_port",400,399,389,377,0,0.00100000000000477,0.686000000000049,58
"ml-gls","test","research47","r47_path_r2_100","path",25,"ML","layered_lbfgs",400,399,360,356,0,0.000999999999997667,0.781999999999967,36
"ml-gls","test","research47","r47_path_r2_100","path",25,"ML","layered_port",400,399,374,359,0,0.00100000000000477,0.867000000000004,40
"ml-gls","test","research47","r47_path_r2_100","path",25,"ML","layered_port_budget",400,399,373,362,0,0.00100000000000477,1.66599999999984,40
"ml-gls","test","research47","r47_path_r2_100","path",25,"ML","layered_port_ml",400,399,373,362,0,0.00100000000000477,1.68900000000008,40
"ml-gls","test","research47","r47_path_r2_100","path",100,"GLS","default",400,400,220,220,0,0.00100000000000477,0.840000000000074,42
"ml-gls","test","research47","r47_path_r2_100","path",100,"GLS","default_port",400,400,209,209,0,0.00199999999999534,1.08400000000002,45
"ml-gls","test","research47","r47_path_r2_100","path",100,"GLS","layered_lbfgs",400,400,400,400,0,0.00100000000000477,0.329999999999955,27
"ml-gls","test","research47","r47_path_r2_100","path",100,"GLS","layered_port",400,400,400,400,0,0.00100000000000477,0.375999999999819,27
"ml-gls","test","research47","r47_path_r2_100","path",100,"GLS","layered_port_budget",400,400,400,400,0,0.00100000000000477,0.363000000000041,27
"ml-gls","test","research47","r47_path_r2_100","path",100,"GLS","layered_port_ml",400,400,400,400,0,0.00100000000000477,0.384000000000198,27
"ml-gls","test","research47","r47_path_r2_100","path",100,"ML","default",400,400,400,400,0,0.00100000000000477,0.33500000000005,35
"ml-gls","test","research47","r47_path_r2_100","path",100,"ML","default_port",400,400,400,400,0,0.00100000000000477,0.407000000000166,36
"ml-gls","test","research47","r47_path_r2_100","path",100,"ML","layered_lbfgs",400,400,400,400,0,0.00100000000000477,0.35399999999987,27
"ml-gls","test","research47","r47_path_r2_100","path",100,"ML","layered_port",400,400,400,400,0,0.00100000000000477,0.389999999999957,25
"ml-gls","test","research47","r47_path_r2_100","path",100,"ML","layered_port_budget",400,400,400,400,0,0.00100000000000477,0.389000000000066,25
"ml-gls","test","research47","r47_path_r2_100","path",100,"ML","layered_port_ml",400,400,400,400,0,0.00100000000000477,0.385999999999881,25
"ml-gls","test","research47","r47_path_r2_90","path",25,"GLS","default",400,275,101,97,0,0.00199999999999534,0.885999999999881,61
"ml-gls","test","research47","r47_path_r2_90","path",25,"GLS","default_port",400,275,105,101,0,0.00300000000000011,1.95800000000008,64
"ml-gls","test","research47","r47_path_r2_90","path",25,"GLS","layered_lbfgs",400,275,244,244,0,0.00100000000000477,0.659999999999826,49
"ml-gls","test","research47","r47_path_r2_90","path",25,"GLS","layered_port",400,275,240,240,0,0.00100000000000477,1.73300000000006,45
"ml-gls","test","research47","r47_path_r2_90","path",25,"GLS","layered_port_budget",400,275,240,240,0,0.00100000000000477,4.25099999999988,45
"ml-gls","test","research47","r47_path_r2_90","path",25,"GLS","layered_port_ml",400,275,240,240,0,0.00100000000000477,4.32199999999989,45
"ml-gls","test","research47","r47_path_r2_90","path",25,"ML","default",400,399,380,372,0,0.000999999999990564,0.585999999999898,45
"ml-gls","test","research47","r47_path_r2_90","path",25,"ML","default_port",400,399,385,374,0,0.00100000000000477,0.595999999999747,55
"ml-gls","test","research47","r47_path_r2_90","path",25,"ML","layered_lbfgs",400,399,377,368,0,0.00100000000000477,0.522000000000019,36
"ml-gls","test","research47","r47_path_r2_90","path",25,"ML","layered_port",400,399,387,375,0,0.00100000000000477,0.649999999999906,40
"ml-gls","test","research47","r47_path_r2_90","path",25,"ML","layered_port_budget",400,399,391,376,0,0.00100000000000477,1.07999999999987,40
"ml-gls","test","research47","r47_path_r2_90","path",25,"ML","layered_port_ml",400,399,391,376,0,0.00100000000000477,1.0830000000001,40
"ml-gls","test","research47","r47_path_r2_90","path",100,"GLS","default",400,400,225,225,0,0.00100000000000477,0.744000000000099,41
"ml-gls","test","research47","r47_path_r2_90","path",100,"GLS","default_port",400,400,212,212,0,0.00100000000000477,0.96499999999996,45
"ml-gls","test","research47","r47_path_r2_90","path",100,"GLS","layered_lbfgs",400,400,400,400,0,0.000999999999990564,0.278999999999811,28
"ml-gls","test","research47","r47_path_r2_90","path",100,"GLS","layered_port",400,400,400,400,0,0.000999999999990564,0.326999999999656,27
"ml-gls","test","research47","r47_path_r2_90","path",100,"GLS","layered_port_budget",400,400,400,400,0,0.00100000000000477,0.340000000000173,27
"ml-gls","test","research47","r47_path_r2_90","path",100,"GLS","layered_port_ml",400,400,400,400,0,0.00100000000000477,0.327000000000011,27
"ml-gls","test","research47","r47_path_r2_90","path",100,"ML","default",400,400,400,400,0,0.000999999999990564,0.29400000000001,34
"ml-gls","test","research47","r47_path_r2_90","path",100,"ML","default_port",400,400,400,400,0,0.00100000000000477,0.353999999999984,35
"ml-gls","test","research47","r47_path_r2_90","path",100,"ML","layered_lbfgs",400,400,400,400,0,0.000999999999990564,0.303999999999973,27
"ml-gls","test","research47","r47_path_r2_90","path",100,"ML","layered_port",400,400,400,400,0,0.00100000000000477,0.330999999999888,25
"ml-gls","test","research47","r47_path_r2_90","path",100,"ML","layered_port_budget",400,400,400,400,0,0.00100000000000477,0.329999999999969,25
"ml-gls","test","research47","r47_path_r2_90","path",100,"ML","layered_port_ml",400,400,400,400,0,0.00100000000000477,0.325999999999964,25
"ml-gls","test","wolf","wolf_1f4i_l50","cfa",25,"GLS","default",400,377,317,314,0,0,0.178000000000168,27
"ml-gls","test","wolf","wolf_1f4i_l50","cfa",25,"GLS","default_port",400,377,341,341,0,0,0.26999999999947,33
"ml-gls","test","wolf","wolf_1f4i_l50","cfa",25,"GLS","layered_lbfgs",400,377,352,349,0,0,0.187999999999534,22
"ml-gls","test","wolf","wolf_1f4i_l50","cfa",25,"GLS","layered_port",400,377,368,368,0,0,0.3029999999996,23
"ml-gls","test","wolf","wolf_1f4i_l50","cfa",25,"GLS","layered_port_budget",400,377,368,368,0,0,0.534999999999969,23
"ml-gls","test","wolf","wolf_1f4i_l50","cfa",25,"GLS","layered_port_ml",400,377,368,368,0,0,0.559999999999833,23
"ml-gls","test","wolf","wolf_1f4i_l50","cfa",25,"ML","default",400,396,357,356,0,0,0.299999999999955,24
"ml-gls","test","wolf","wolf_1f4i_l50","cfa",25,"ML","default_port",400,396,380,371,0,0,0.373000000000388,28
"ml-gls","test","wolf","wolf_1f4i_l50","cfa",25,"ML","layered_lbfgs",400,396,368,368,0,0,0.248000000000218,24
"ml-gls","test","wolf","wolf_1f4i_l50","cfa",25,"ML","layered_port",400,396,394,383,0,0,0.334000000000799,25
"ml-gls","test","wolf","wolf_1f4i_l50","cfa",25,"ML","layered_port_budget",400,396,382,381,0,0.000999999999976353,0.496999999998991,24
"ml-gls","test","wolf","wolf_1f4i_l50","cfa",25,"ML","layered_port_ml",400,396,382,381,0,0,0.483000000000289,24
"ml-gls","test","wolf","wolf_1f4i_l50","cfa",100,"GLS","default",400,397,383,383,0,0,0.153999999999997,22
"ml-gls","test","wolf","wolf_1f4i_l50","cfa",100,"GLS","default_port",400,397,362,362,0,0,0.176000000000272,31
"ml-gls","test","wolf","wolf_1f4i_l50","cfa",100,"GLS","layered_lbfgs",400,397,396,396,0,0,0.145999999999504,19
"ml-gls","test","wolf","wolf_1f4i_l50","cfa",100,"GLS","layered_port",400,397,396,396,0,0,0.183000000000448,19
"ml-gls","test","wolf","wolf_1f4i_l50","cfa",100,"GLS","layered_port_budget",400,397,396,396,0,0,0.151999999999646,19
"ml-gls","test","wolf","wolf_1f4i_l50","cfa",100,"GLS","layered_port_ml",400,397,396,396,0,0,0.158999999999935,19
"ml-gls","test","wolf","wolf_1f4i_l50","cfa",100,"ML","default",400,399,396,396,0,0,0.131000000000029,21
"ml-gls","test","wolf","wolf_1f4i_l50","cfa",100,"ML","default_port",400,399,396,396,0,0,0.181999999999846,24.5
"ml-gls","test","wolf","wolf_1f4i_l50","cfa",100,"ML","layered_lbfgs",400,399,396,396,0,0,0.179999999999154,19
"ml-gls","test","wolf","wolf_1f4i_l50","cfa",100,"ML","layered_port",400,399,396,396,0,0,0.193000000000041,19
"ml-gls","test","wolf","wolf_1f4i_l50","cfa",100,"ML","layered_port_budget",400,399,396,396,0,0,0.1700000000003,19
"ml-gls","test","wolf","wolf_1f4i_l50","cfa",100,"ML","layered_port_ml",400,399,396,396,0,0,0.169000000000608,19
"ml-gls","test","wolf","wolf_1f4i_l80","cfa",25,"GLS","default",400,400,397,397,0,0,0.136000000000024,23
"ml-gls","test","wolf","wolf_1f4i_l80","cfa",25,"GLS","default_port",400,400,398,397,0,0,0.146999999999935,22
"ml-gls","test","wolf","wolf_1f4i_l80","cfa",25,"GLS","layered_lbfgs",400,400,400,400,0,0,0.130999999999517,14
"ml-gls","test","wolf","wolf_1f4i_l80","cfa",25,"GLS","layered_port",400,400,400,400,0,0,0.135000000000105,13
"ml-gls","test","wolf","wolf_1f4i_l80","cfa",25,"GLS","layered_port_budget",400,400,400,400,0,0,0.149000000000001,13
"ml-gls","test","wolf","wolf_1f4i_l80","cfa",25,"GLS","layered_port_ml",400,400,400,400,0,0,0.141999999999371,13
"ml-gls","test","wolf","wolf_1f4i_l80","cfa",25,"ML","default",400,400,400,400,0,0,0.137000000000001,19
"ml-gls","test","wolf","wolf_1f4i_l80","cfa",25,"ML","default_port",400,400,400,400,0,0,0.141999999999826,17
"ml-gls","test","wolf","wolf_1f4i_l80","cfa",25,"ML","layered_lbfgs",400,400,400,400,0,0,0.151000000000238,14
"ml-gls","test","wolf","wolf_1f4i_l80","cfa",25,"ML","layered_port",400,400,400,400,0,0,0.139000000000294,12
"ml-gls","test","wolf","wolf_1f4i_l80","cfa",25,"ML","layered_port_budget",400,400,400,400,0,0,0.144999999999868,12
"ml-gls","test","wolf","wolf_1f4i_l80","cfa",25,"ML","layered_port_ml",400,400,400,400,0,0,0.131000000000086,12
"ml-gls","test","wolf","wolf_1f4i_l80","cfa",100,"GLS","default",400,400,400,400,0,0,0.150999999999954,22
"ml-gls","test","wolf","wolf_1f4i_l80","cfa",100,"GLS","default_port",400,400,387,387,0,0,0.152999999999907,20
"ml-gls","test","wolf","wolf_1f4i_l80","cfa",100,"GLS","layered_lbfgs",400,400,400,400,0,0,0.136999999999773,13
"ml-gls","test","wolf","wolf_1f4i_l80","cfa",100,"GLS","layered_port",400,400,400,400,0,0,0.142999999999631,12
"ml-gls","test","wolf","wolf_1f4i_l80","cfa",100,"GLS","layered_port_budget",400,400,400,400,0,0,0.152000000000669,12
"ml-gls","test","wolf","wolf_1f4i_l80","cfa",100,"GLS","layered_port_ml",400,400,400,400,0,0,0.154000000000053,12
"ml-gls","test","wolf","wolf_1f4i_l80","cfa",100,"ML","default",400,400,400,400,0,0,0.143999999999949,17
"ml-gls","test","wolf","wolf_1f4i_l80","cfa",100,"ML","default_port",400,400,400,400,0,0,0.154999999999404,16
"ml-gls","test","wolf","wolf_1f4i_l80","cfa",100,"ML","layered_lbfgs",400,400,400,400,0,0,0.152999999999907,13
"ml-gls","test","wolf","wolf_1f4i_l80","cfa",100,"ML","layered_port",400,400,400,400,0,0,0.152000000000442,11
"ml-gls","test","wolf","wolf_1f4i_l80","cfa",100,"ML","layered_port_budget",400,400,400,400,0,0,0.135999999999285,11
"ml-gls","test","wolf","wolf_1f4i_l80","cfa",100,"ML","layered_port_ml",400,400,400,400,0,0,0.145999999999674,11
"ml-gls","test","wolf","wolf_1f6i_l50","cfa",25,"GLS","default",400,360,320,312,0,0.000999999999976353,0.253999999999906,32
"ml-gls","test","wolf","wolf_1f6i_l50","cfa",25,"GLS","default_port",400,360,321,309,0,0.000999999999976353,0.433000000000789,39
"ml-gls","test","wolf","wolf_1f6i_l50","cfa",25,"GLS","layered_lbfgs",400,360,337,331,0,0.000999999999976353,0.276000000000181,29
"ml-gls","test","wolf","wolf_1f6i_l50","cfa",25,"GLS","layered_port",400,360,348,342,0,0.000999999999976353,0.479999999999791,28
"ml-gls","test","wolf","wolf_1f6i_l50","cfa",25,"GLS","layered_port_budget",400,360,348,342,0,0.000999999999976353,1.06800000000016,28
"ml-gls","test","wolf","wolf_1f6i_l50","cfa",25,"GLS","layered_port_ml",400,360,348,342,0,0.000999999999976353,1.09599999999949,28
"ml-gls","test","wolf","wolf_1f6i_l50","cfa",25,"ML","default",400,389,359,355,0,0,0.292999999999268,25
"ml-gls","test","wolf","wolf_1f6i_l50","cfa",25,"ML","default_port",400,389,375,364,0,0.000999999999976353,0.429999999999325,28
"ml-gls","test","wolf","wolf_1f6i_l50","cfa",25,"ML","layered_lbfgs",400,389,360,360,0,0.000999999999976353,0.276000000000181,24.5
"ml-gls","test","wolf","wolf_1f6i_l50","cfa",25,"ML","layered_port",400,389,373,367,0,0.000999999999976353,0.452999999999804,26
"ml-gls","test","wolf","wolf_1f6i_l50","cfa",25,"ML","layered_port_budget",400,389,372,366,0,0.000999999999976353,0.948000000000492,26
"ml-gls","test","wolf","wolf_1f6i_l50","cfa",25,"ML","layered_port_ml",400,389,371,366,0,0.000999999999976353,0.945999999999572,26
"ml-gls","test","wolf","wolf_1f6i_l50","cfa",100,"GLS","default",400,400,387,385,0,0.000999999999976353,0.210999999999445,24
"ml-gls","test","wolf","wolf_1f6i_l50","cfa",100,"GLS","default_port",400,400,345,343,0,0.000999999999976353,0.257999999998731,34
"ml-gls","test","wolf","wolf_1f6i_l50","cfa",100,"GLS","layered_lbfgs",400,400,400,400,0,0,0.184000000000197,21.5
"ml-gls","test","wolf","wolf_1f6i_l50","cfa",100,"GLS","layered_port",400,400,400,400,0,0.000999999999976353,0.220999999999663,25
"ml-gls","test","wolf","wolf_1f6i_l50","cfa",100,"GLS","layered_port_budget",400,400,400,400,0,0.000999999999976353,0.221999999999355,25
"ml-gls","test","wolf","wolf_1f6i_l50","cfa",100,"GLS","layered_port_ml",400,400,400,400,0,0.000999999999976353,0.224999999999966,25
"ml-gls","test","wolf","wolf_1f6i_l50","cfa",100,"ML","default",400,400,400,400,0,0.000499999999988176,0.199999999999875,21
"ml-gls","test","wolf","wolf_1f6i_l50","cfa",100,"ML","default_port",400,400,400,400,0,0.000999999999976353,0.253000000000043,26
"ml-gls","test","wolf","wolf_1f6i_l50","cfa",100,"ML","layered_lbfgs",400,400,400,400,0,0.000999999999976353,0.207000000000278,22
"ml-gls","test","wolf","wolf_1f6i_l50","cfa",100,"ML","layered_port",400,400,400,400,0,0.000999999999976353,0.205999999999449,23
"ml-gls","test","wolf","wolf_1f6i_l50","cfa",100,"ML","layered_port_budget",400,400,400,400,0,0.000999999999976353,0.250000000000455,23
"ml-gls","test","wolf","wolf_1f6i_l50","cfa",100,"ML","layered_port_ml",400,400,400,400,0,0.000999999999976353,0.237999999999772,23
"ml-gls","test","wolf","wolf_1f6i_l80","cfa",25,"GLS","default",400,392,388,387,0,0,0.194000000000131,29
"ml-gls","test","wolf","wolf_1f6i_l80","cfa",25,"GLS","default_port",400,392,377,368,0,0.000999999999976353,0.25599999999929,28
"ml-gls","test","wolf","wolf_1f6i_l80","cfa",25,"GLS","layered_lbfgs",400,392,388,386,0,0,0.174000000000149,19
"ml-gls","test","wolf","wolf_1f6i_l80","cfa",25,"GLS","layered_port",400,392,392,390,0,0,0.215999999999838,18
"ml-gls","test","wolf","wolf_1f6i_l80","cfa",25,"GLS","layered_port_budget",400,392,392,390,0,0.000499999999988176,0.302999999999998,18
"ml-gls","test","wolf","wolf_1f6i_l80","cfa",25,"GLS","layered_port_ml",400,392,392,390,0,0,0.303000000000566,18
"ml-gls","test","wolf","wolf_1f6i_l80","cfa",25,"ML","default",400,400,400,400,0,0,0.188999999999624,21
"ml-gls","test","wolf","wolf_1f6i_l80","cfa",25,"ML","default_port",400,400,400,400,0,0,0.182000000000699,19
"ml-gls","test","wolf","wolf_1f6i_l80","cfa",25,"ML","layered_lbfgs",400,400,400,400,0,0,0.186999999999898,17
"ml-gls","test","wolf","wolf_1f6i_l80","cfa",25,"ML","layered_port",400,400,400,400,0,0.000499999999988176,0.199999999999932,15
"ml-gls","test","wolf","wolf_1f6i_l80","cfa",25,"ML","layered_port_budget",400,400,400,400,0,0.000999999999976353,0.202999999999975,15
"ml-gls","test","wolf","wolf_1f6i_l80","cfa",25,"ML","layered_port_ml",400,400,400,400,0,0,0.175000000000466,15
"ml-gls","test","wolf","wolf_1f6i_l80","cfa",100,"GLS","default",400,400,398,398,0,0,0.198999999999671,24
"ml-gls","test","wolf","wolf_1f6i_l80","cfa",100,"GLS","default_port",400,400,364,364,0,0.000999999999976353,0.219999999999857,22
"ml-gls","test","wolf","wolf_1f6i_l80","cfa",100,"GLS","layered_lbfgs",400,400,400,400,0,0,0.172000000000253,14
"ml-gls","test","wolf","wolf_1f6i_l80","cfa",100,"GLS","layered_port",400,400,400,400,0,0,0.172999999999377,12
"ml-gls","test","wolf","wolf_1f6i_l80","cfa",100,"GLS","layered_port_budget",400,400,400,400,0,0,0.199000000000581,12
"ml-gls","test","wolf","wolf_1f6i_l80","cfa",100,"GLS","layered_port_ml",400,400,400,400,0,0,0.183000000000334,12
"ml-gls","test","wolf","wolf_1f6i_l80","cfa",100,"ML","default",400,400,400,400,0,0,0.182999999999481,18
"ml-gls","test","wolf","wolf_1f6i_l80","cfa",100,"ML","default_port",400,400,400,400,0,0,0.176000000000102,15
"ml-gls","test","wolf","wolf_1f6i_l80","cfa",100,"ML","layered_lbfgs",400,400,400,400,0,0,0.181000000000495,13
"ml-gls","test","wolf","wolf_1f6i_l80","cfa",100,"ML","layered_port",400,400,400,400,0,0,0.17100000000039,11
"ml-gls","test","wolf","wolf_1f6i_l80","cfa",100,"ML","layered_port_budget",400,400,400,400,0,0,0.188999999999737,11
"ml-gls","test","wolf","wolf_1f6i_l80","cfa",100,"ML","layered_port_ml",400,400,400,400,0,0,0.185000000000116,11
"ml-gls","test","wolf","wolf_1f8i_l50","cfa",25,"GLS","default",400,366,314,305,0,0.000999999999976353,0.349999999999739,40
"ml-gls","test","wolf","wolf_1f8i_l50","cfa",25,"GLS","default_port",400,366,308,299,0,0.000999999999976353,0.552000000000078,42
"ml-gls","test","wolf","wolf_1f8i_l50","cfa",25,"GLS","layered_lbfgs",400,366,324,316,0,0.000999999999976353,0.350999999999829,40
"ml-gls","test","wolf","wolf_1f8i_l50","cfa",25,"GLS","layered_port",400,366,347,339,0,0.000999999999976353,0.65900000000039,37
"ml-gls","test","wolf","wolf_1f8i_l50","cfa",25,"GLS","layered_port_budget",400,366,348,340,0,0.000999999999976353,1.02699999999953,37
"ml-gls","test","wolf","wolf_1f8i_l50","cfa",25,"GLS","layered_port_ml",400,366,348,340,0,0.000999999999976353,1.04100000000085,37
"ml-gls","test","wolf","wolf_1f8i_l50","cfa",25,"ML","default",400,394,380,366,0,0.000999999999976353,0.360999999999251,28
"ml-gls","test","wolf","wolf_1f8i_l50","cfa",25,"ML","default_port",400,394,392,376,0,0.000999999999976353,0.465999999999042,31.5
"ml-gls","test","wolf","wolf_1f8i_l50","cfa",25,"ML","layered_lbfgs",400,394,375,362,0,0.000999999999976353,0.379999999999541,27
"ml-gls","test","wolf","wolf_1f8i_l50","cfa",25,"ML","layered_port",400,394,387,371,0,0.000999999999976353,0.494999999999607,31
"ml-gls","test","wolf","wolf_1f8i_l50","cfa",25,"ML","layered_port_budget",400,394,382,370,0,0.000999999999976353,0.624999999999944,31
"ml-gls","test","wolf","wolf_1f8i_l50","cfa",25,"ML","layered_port_ml",400,394,382,370,0,0.000999999999976353,0.598000000000241,31
"ml-gls","test","wolf","wolf_1f8i_l50","cfa",100,"GLS","default",400,400,381,381,0,0.000999999999976353,0.28100000000012,26
"ml-gls","test","wolf","wolf_1f8i_l50","cfa",100,"GLS","default_port",400,400,314,314,0,0.000999999999976353,0.358000000000232,35
"ml-gls","test","wolf","wolf_1f8i_l50","cfa",100,"GLS","layered_lbfgs",400,400,400,400,0,0.000999999999976353,0.244999999999607,24
"ml-gls","test","wolf","wolf_1f8i_l50","cfa",100,"GLS","layered_port",400,400,400,400,0,0.000999999999976353,0.281000000000632,26
"ml-gls","test","wolf","wolf_1f8i_l50","cfa",100,"GLS","layered_port_budget",400,400,400,400,0,0.000999999999976353,0.282000000000551,26
"ml-gls","test","wolf","wolf_1f8i_l50","cfa",100,"GLS","layered_port_ml",400,400,400,400,0,0.000999999999976353,0.296999999999912,26
"ml-gls","test","wolf","wolf_1f8i_l50","cfa",100,"ML","default",400,400,400,400,0,0.000999999999976353,0.245999999999583,21
"ml-gls","test","wolf","wolf_1f8i_l50","cfa",100,"ML","default_port",400,400,400,400,0,0.000999999999976353,0.294000000001006,25
"ml-gls","test","wolf","wolf_1f8i_l50","cfa",100,"ML","layered_lbfgs",400,400,400,400,0,0.000999999999976353,0.252999999999645,23
"ml-gls","test","wolf","wolf_1f8i_l50","cfa",100,"ML","layered_port",400,400,400,400,0,0.000999999999976353,0.281000000000518,22.5
"ml-gls","test","wolf","wolf_1f8i_l50","cfa",100,"ML","layered_port_budget",400,400,400,400,0,0.000999999999976353,0.282000000000551,22.5
"ml-gls","test","wolf","wolf_1f8i_l50","cfa",100,"ML","layered_port_ml",400,400,400,400,0,0.000999999999976353,0.284999999999343,22.5
"ml-gls","test","wolf","wolf_1f8i_l80","cfa",25,"GLS","default",400,388,372,368,0,0.000999999999976353,0.313999999999794,37
"ml-gls","test","wolf","wolf_1f8i_l80","cfa",25,"GLS","default_port",400,388,337,326,0,0.000999999999976353,0.489000000000147,35
"ml-gls","test","wolf","wolf_1f8i_l80","cfa",25,"GLS","layered_lbfgs",400,388,372,372,0,0.000999999999976353,0.275999999999613,26
"ml-gls","test","wolf","wolf_1f8i_l80","cfa",25,"GLS","layered_port",400,388,388,386,0,0.000999999999976353,0.344999999999687,25
"ml-gls","test","wolf","wolf_1f8i_l80","cfa",25,"GLS","layered_port_budget",400,388,388,386,0,0.000999999999976353,0.456999999998687,25
"ml-gls","test","wolf","wolf_1f8i_l80","cfa",25,"GLS","layered_port_ml",400,388,388,386,0,0.000999999999976353,0.482000000000369,25
"ml-gls","test","wolf","wolf_1f8i_l80","cfa",25,"ML","default",400,400,400,400,0,0.000999999999976353,0.231999999999744,22
"ml-gls","test","wolf","wolf_1f8i_l80","cfa",25,"ML","default_port",400,400,400,400,0,0.000999999999976353,0.2560000000002,23
"ml-gls","test","wolf","wolf_1f8i_l80","cfa",25,"ML","layered_lbfgs",400,400,400,400,0,0.000999999999976353,0.22900000000027,19
"ml-gls","test","wolf","wolf_1f8i_l80","cfa",25,"ML","layered_port",400,400,400,400,0,0.000999999999976353,0.279999999999746,18
"ml-gls","test","wolf","wolf_1f8i_l80","cfa",25,"ML","layered_port_budget",400,400,400,400,0,0.000999999999976353,0.265999999999395,18
"ml-gls","test","wolf","wolf_1f8i_l80","cfa",25,"ML","layered_port_ml",400,400,400,400,0,0.000999999999976353,0.247000000000014,18
"ml-gls","test","wolf","wolf_1f8i_l80","cfa",100,"GLS","default",400,400,391,391,0,0.000999999999976353,0.278999999999371,26
"ml-gls","test","wolf","wolf_1f8i_l80","cfa",100,"GLS","default_port",400,400,342,342,0,0.000999999999976353,0.300999999999988,23
"ml-gls","test","wolf","wolf_1f8i_l80","cfa",100,"GLS","layered_lbfgs",400,400,400,400,0,0.000999999999976353,0.226999999999578,16
"ml-gls","test","wolf","wolf_1f8i_l80","cfa",100,"GLS","layered_port",400,400,400,400,0,0.000999999999976353,0.248999999999456,14
"ml-gls","test","wolf","wolf_1f8i_l80","cfa",100,"GLS","layered_port_budget",400,400,400,400,0,0.000999999999976353,0.236000000000161,14
"ml-gls","test","wolf","wolf_1f8i_l80","cfa",100,"GLS","layered_port_ml",400,400,400,400,0,0.000999999999976353,0.246000000000095,14
"ml-gls","test","wolf","wolf_1f8i_l80","cfa",100,"ML","default",400,400,400,400,0,0.000999999999976353,0.238000000000057,18
"ml-gls","test","wolf","wolf_1f8i_l80","cfa",100,"ML","default_port",400,400,400,400,0,0.000999999999976353,0.250999999999806,16
"ml-gls","test","wolf","wolf_1f8i_l80","cfa",100,"ML","layered_lbfgs",400,400,400,400,0,0.000999999999976353,0.240000000000294,14
"ml-gls","test","wolf","wolf_1f8i_l80","cfa",100,"ML","layered_port",400,400,400,400,0,0.000999999999976353,0.253999999999508,11
"ml-gls","test","wolf","wolf_1f8i_l80","cfa",100,"ML","layered_port_budget",400,400,400,400,0,0.000999999999976353,0.235999999999081,11
"ml-gls","test","wolf","wolf_1f8i_l80","cfa",100,"ML","layered_port_ml",400,400,400,400,0,0.000999999999976353,0.226999999999805,11
"ml-gls","test","wolf","wolf_2f3i_l50","cfa",25,"GLS","default",400,261,102,100,0,0.000999999999976353,0.41599999999977,56
"ml-gls","test","wolf","wolf_2f3i_l50","cfa",25,"GLS","default_port",400,261,119,115,0,0.0010000000000332,0.965999999998872,69
"ml-gls","test","wolf","wolf_2f3i_l50","cfa",25,"GLS","layered_lbfgs",400,261,169,158,0,0.0010000000000332,0.469000000000449,59
"ml-gls","test","wolf","wolf_2f3i_l50","cfa",25,"GLS","layered_port",400,261,184,177,0,0.00399999999996226,1.3370000000001,59
"ml-gls","test","wolf","wolf_2f3i_l50","cfa",25,"GLS","layered_port_budget",400,261,188,181,0,0.00399999999996226,3.24199999999962,61
"ml-gls","test","wolf","wolf_2f3i_l50","cfa",25,"GLS","layered_port_ml",400,261,188,181,0,0.00399999999996226,3.26599999999945,61
"ml-gls","test","wolf","wolf_2f3i_l50","cfa",25,"ML","default",400,343,180,171,0,0.0010000000000332,1.73800000000017,45
"ml-gls","test","wolf","wolf_2f3i_l50","cfa",25,"ML","default_port",400,343,217,189,0,0.0029999999999859,1.7530000000009,53
"ml-gls","test","wolf","wolf_2f3i_l50","cfa",25,"ML","layered_lbfgs",400,343,208,204,0,0.0010000000000332,1.18199999999996,52
"ml-gls","test","wolf","wolf_2f3i_l50","cfa",25,"ML","layered_port",400,343,278,240,0,0.0010000000000332,1.68399999999986,61
"ml-gls","test","wolf","wolf_2f3i_l50","cfa",25,"ML","layered_port_budget",400,343,265,242,0,0.0010000000000332,4.02599999999956,58
"ml-gls","test","wolf","wolf_2f3i_l50","cfa",25,"ML","layered_port_ml",400,343,265,242,0,0.0010000000000332,4.0030000000005,58
"ml-gls","test","wolf","wolf_2f3i_l50","cfa",100,"GLS","default",400,389,280,280,0,0.000999999999976353,0.353000000000464,36
"ml-gls","test","wolf","wolf_2f3i_l50","cfa",100,"GLS","default_port",400,389,282,280,0,0.000999999999976353,0.605999999999825,51
"ml-gls","test","wolf","wolf_2f3i_l50","cfa",100,"GLS","layered_lbfgs",400,389,372,366,0,0.000999999999976353,0.269999999999925,31
"ml-gls","test","wolf","wolf_2f3i_l50","cfa",100,"GLS","layered_port",400,389,377,371,0,0.000999999999976353,0.502000000000237,32
"ml-gls","test","wolf","wolf_2f3i_l50","cfa",100,"GLS","layered_port_budget",400,389,380,374,0,0.000999999999976353,0.96300000000008,32
"ml-gls","test","wolf","wolf_2f3i_l50","cfa",100,"GLS","layered_port_ml",400,389,380,374,0,0.000999999999976353,0.92500000000058,32
"ml-gls","test","wolf","wolf_2f3i_l50","cfa",100,"ML","default",400,392,374,374,0,0.000999999999976353,0.617999999999882,31
"ml-gls","test","wolf","wolf_2f3i_l50","cfa",100,"ML","default_port",400,392,383,380,0,0.000999999999976353,0.607000000000597,35
"ml-gls","test","wolf","wolf_2f3i_l50","cfa",100,"ML","layered_lbfgs",400,392,380,380,0,0.000999999999976353,0.484999999998991,29
"ml-gls","test","wolf","wolf_2f3i_l50","cfa",100,"ML","layered_port",400,392,390,386,0,0.000999999999976353,0.538999999999931,30
"ml-gls","test","wolf","wolf_2f3i_l50","cfa",100,"ML","layered_port_budget",400,392,384,384,0,0.000999999999976353,0.742000000000304,30
"ml-gls","test","wolf","wolf_2f3i_l50","cfa",100,"ML","layered_port_ml",400,392,384,384,0,0.000999999999976353,0.767999999999177,30
"ml-gls","test","wolf","wolf_2f3i_l80","cfa",25,"GLS","default",400,388,332,328,0,0.000999999999976353,0.284000000001243,38.5
"ml-gls","test","wolf","wolf_2f3i_l80","cfa",25,"GLS","default_port",400,388,347,340,0,0.000999999999976353,0.39999999999958,40
"ml-gls","test","wolf","wolf_2f3i_l80","cfa",25,"GLS","layered_lbfgs",400,388,388,388,0,0.000499999999988176,0.21100000000024,23
"ml-gls","test","wolf","wolf_2f3i_l80","cfa",25,"GLS","layered_port",400,388,388,388,0,0.000999999999976353,0.282999999999504,22
"ml-gls","test","wolf","wolf_2f3i_l80","cfa",25,"GLS","layered_port_budget",400,388,388,388,0,0,0.418999999999471,22
"ml-gls","test","wolf","wolf_2f3i_l80","cfa",25,"GLS","layered_port_ml",400,388,388,388,0,0,0.427999999999429,22
"ml-gls","test","wolf","wolf_2f3i_l80","cfa",25,"ML","default",400,400,396,396,0,0,0.209999999999525,27
"ml-gls","test","wolf","wolf_2f3i_l80","cfa",25,"ML","default_port",400,400,400,396,0,0.000999999999976353,0.247000000000583,26
"ml-gls","test","wolf","wolf_2f3i_l80","cfa",25,"ML","layered_lbfgs",400,400,396,396,0,0,0.229999999999564,21
"ml-gls","test","wolf","wolf_2f3i_l80","cfa",25,"ML","layered_port",400,400,400,398,0,0,0.232999999999891,19
"ml-gls","test","wolf","wolf_2f3i_l80","cfa",25,"ML","layered_port_budget",400,400,398,398,0,0.000999999999976353,0.320999999999743,19
"ml-gls","test","wolf","wolf_2f3i_l80","cfa",25,"ML","layered_port_ml",400,400,398,398,0,0.000999999999976353,0.337999999999909,19
"ml-gls","test","wolf","wolf_2f3i_l80","cfa",100,"GLS","default",400,400,381,381,0,0.000999999999976353,0.249000000000365,33
"ml-gls","test","wolf","wolf_2f3i_l80","cfa",100,"GLS","default_port",400,400,383,383,0,0.000999999999976353,0.292000000000428,32
"ml-gls","test","wolf","wolf_2f3i_l80","cfa",100,"GLS","layered_lbfgs",400,400,400,400,0,0,0.194000000000188,19
"ml-gls","test","wolf","wolf_2f3i_l80","cfa",100,"GLS","layered_port",400,400,400,400,0,0,0.191000000000657,17
"ml-gls","test","wolf","wolf_2f3i_l80","cfa",100,"GLS","layered_port_budget",400,400,400,400,0,0,0.185999999999865,17
"ml-gls","test","wolf","wolf_2f3i_l80","cfa",100,"GLS","layered_port_ml",400,400,400,400,0,0.000999999999976353,0.203000000000202,17
"ml-gls","test","wolf","wolf_2f3i_l80","cfa",100,"ML","default",400,400,400,400,0,0,0.186000000000206,22
"ml-gls","test","wolf","wolf_2f3i_l80","cfa",100,"ML","default_port",400,400,400,400,0,0,0.198000000000264,20
"ml-gls","test","wolf","wolf_2f3i_l80","cfa",100,"ML","layered_lbfgs",400,400,400,400,0,0,0.178000000000168,18
"ml-gls","test","wolf","wolf_2f3i_l80","cfa",100,"ML","layered_port",400,400,400,400,0,0,0.19099999999952,15
"ml-gls","test","wolf","wolf_2f3i_l80","cfa",100,"ML","layered_port_budget",400,400,400,400,0,0,0.193000000000041,15
"ml-gls","test","wolf","wolf_2f3i_l80","cfa",100,"ML","layered_port_ml",400,400,400,400,0,0,0.191000000000031,15
"ml-gls","test","wolf","wolf_2f6i_l50","cfa",25,"GLS","default",400,262,141,120,0,0.00200000000000955,1.15999999999997,97
"ml-gls","test","wolf","wolf_2f6i_l50","cfa",25,"GLS","default_port",400,262,134,114,0,0.0040000000000191,2.57600000000008,96
"ml-gls","test","wolf","wolf_2f6i_l50","cfa",25,"GLS","layered_lbfgs",400,262,136,117,0,0.0029999999999859,1.22299999999922,78
"ml-gls","test","wolf","wolf_2f6i_l50","cfa",25,"GLS","layered_port",400,262,177,147,0,0.00899999999998613,2.83199999999914,81
"ml-gls","test","wolf","wolf_2f6i_l50","cfa",25,"GLS","layered_port_budget",400,262,177,147,0,0.00900000000001455,6.22400000000022,81
"ml-gls","test","wolf","wolf_2f6i_l50","cfa",25,"GLS","layered_port_ml",400,262,177,147,0,0.00900000000001455,6.32000000000028,81
"ml-gls","test","wolf","wolf_2f6i_l50","cfa",25,"ML","default",400,357,289,281,0,0.0010000000000332,1.74099999999982,41
"ml-gls","test","wolf","wolf_2f6i_l50","cfa",25,"ML","default_port",400,357,324,306,0,0.00199999999998113,2.18299999999914,54
"ml-gls","test","wolf","wolf_2f6i_l50","cfa",25,"ML","layered_lbfgs",400,357,298,286,0,0.0010000000000332,1.57700000000062,40
"ml-gls","test","wolf","wolf_2f6i_l50","cfa",25,"ML","layered_port",400,357,330,305,0,0.00200000000000955,2.13400000000013,54
"ml-gls","test","wolf","wolf_2f6i_l50","cfa",25,"ML","layered_port_budget",400,357,322,309,0,0.00200000000000955,4.4410000000002,52
"ml-gls","test","wolf","wolf_2f6i_l50","cfa",25,"ML","layered_port_ml",400,357,322,309,0,0.00199999999995271,4.51199999999972,52
"ml-gls","test","wolf","wolf_2f6i_l50","cfa",100,"GLS","default",400,400,343,343,0,0.0010000000000332,0.558999999999628,35
"ml-gls","test","wolf","wolf_2f6i_l50","cfa",100,"GLS","default_port",400,400,305,305,0,0.00199999999995271,0.726999999999862,52
"ml-gls","test","wolf","wolf_2f6i_l50","cfa",100,"GLS","layered_lbfgs",400,400,400,400,0,0.000999999999976353,0.406000000000177,36
"ml-gls","test","wolf","wolf_2f6i_l50","cfa",100,"GLS","layered_port",400,400,400,400,0,0.0010000000000332,0.526999999999476,40
"ml-gls","test","wolf","wolf_2f6i_l50","cfa",100,"GLS","layered_port_budget",400,400,400,400,0,0.0010000000000332,0.512000000000399,40
"ml-gls","test","wolf","wolf_2f6i_l50","cfa",100,"GLS","layered_port_ml",400,400,400,400,0,0.0010000000000332,0.526000000000579,40
"ml-gls","test","wolf","wolf_2f6i_l50","cfa",100,"ML","default",400,400,400,400,0,0.000999999999976353,0.397999999999286,29.5
"ml-gls","test","wolf","wolf_2f6i_l50","cfa",100,"ML","default_port",400,400,400,400,0,0.0010000000000332,0.525000000000205,34
"ml-gls","test","wolf","wolf_2f6i_l50","cfa",100,"ML","layered_lbfgs",400,400,400,400,0,0.000999999999976353,0.402999999999452,30
"ml-gls","test","wolf","wolf_2f6i_l50","cfa",100,"ML","layered_port",400,400,400,400,0,0.0010000000000332,0.50999999999948,31.5
"ml-gls","test","wolf","wolf_2f6i_l50","cfa",100,"ML","layered_port_budget",400,400,400,400,0,0.0010000000000332,0.519000000000233,31.5
"ml-gls","test","wolf","wolf_2f6i_l50","cfa",100,"ML","layered_port_ml",400,400,400,400,0,0.0010000000000332,0.529999999999518,31.5
"ml-gls","test","wolf","wolf_2f6i_l80","cfa",25,"GLS","default",400,330,244,232,0,0.00200000000000955,1.0030000000001,55
"ml-gls","test","wolf","wolf_2f6i_l80","cfa",25,"GLS","default_port",400,330,229,222,0,0.00200000000000955,1.91800000000007,55
"ml-gls","test","wolf","wolf_2f6i_l80","cfa",25,"GLS","layered_lbfgs",400,330,285,275,0,0.0010000000000332,0.870999999999583,50
"ml-gls","test","wolf","wolf_2f6i_l80","cfa",25,"GLS","layered_port",400,330,312,305,0,0.0010000000000332,1.72400000000067,48
"ml-gls","test","wolf","wolf_2f6i_l80","cfa",25,"GLS","layered_port_budget",400,330,314,307,0,0.0010000000000332,2.87700000000064,48
"ml-gls","test","wolf","wolf_2f6i_l80","cfa",25,"GLS","layered_port_ml",400,330,314,307,0,0.0010000000000332,2.83800000000037,48
"ml-gls","test","wolf","wolf_2f6i_l80","cfa",25,"ML","default",400,400,400,400,0,0.000999999999976353,0.363000000000171,31
"ml-gls","test","wolf","wolf_2f6i_l80","cfa",25,"ML","default_port",400,400,400,400,0,0.0010000000000332,0.503999999999565,39
"ml-gls","test","wolf","wolf_2f6i_l80","cfa",25,"ML","layered_lbfgs",400,400,400,400,0,0.000999999999976353,0.344999999999516,25
"ml-gls","test","wolf","wolf_2f6i_l80","cfa",25,"ML","layered_port",400,400,400,400,0,0.00100000000000478,0.468999999999881,31
"ml-gls","test","wolf","wolf_2f6i_l80","cfa",25,"ML","layered_port_budget",400,400,400,400,0,0.0010000000000332,0.463000000000307,31
"ml-gls","test","wolf","wolf_2f6i_l80","cfa",25,"ML","layered_port_ml",400,400,400,400,0,0.0010000000000332,0.456000000000416,31
"ml-gls","test","wolf","wolf_2f6i_l80","cfa",100,"GLS","default",400,400,387,387,0,0.0010000000000332,0.550000000000069,39
"ml-gls","test","wolf","wolf_2f6i_l80","cfa",100,"GLS","default_port",400,400,305,305,0,0.00199999999995271,0.679000000000088,36
"ml-gls","test","wolf","wolf_2f6i_l80","cfa",100,"GLS","layered_lbfgs",400,400,400,400,0,0.000999999999976353,0.376000000000432,21
"ml-gls","test","wolf","wolf_2f6i_l80","cfa",100,"GLS","layered_port",400,400,400,400,0,0.00100000000000478,0.459999999999525,20
"ml-gls","test","wolf","wolf_2f6i_l80","cfa",100,"GLS","layered_port_budget",400,400,400,400,0,0.0010000000000332,0.456000000000757,20
"ml-gls","test","wolf","wolf_2f6i_l80","cfa",100,"GLS","layered_port_ml",400,400,400,400,0,0.0010000000000332,0.467000000000667,20
"ml-gls","test","wolf","wolf_2f6i_l80","cfa",100,"ML","default",400,400,400,400,0,0.000999999999976353,0.402999999999338,24
"ml-gls","test","wolf","wolf_2f6i_l80","cfa",100,"ML","default_port",400,400,400,400,0,0.000999999999976353,0.461999999999364,21
"ml-gls","test","wolf","wolf_2f6i_l80","cfa",100,"ML","layered_lbfgs",400,400,400,400,0,0.000999999999976353,0.400000000000148,18
"ml-gls","test","wolf","wolf_2f6i_l80","cfa",100,"ML","layered_port",400,400,400,400,0,0.000999999999976353,0.422999999999832,16
"ml-gls","test","wolf","wolf_2f6i_l80","cfa",100,"ML","layered_port_budget",400,400,400,400,0,0.0010000000000332,0.433000000001073,16
"ml-gls","test","wolf","wolf_2f6i_l80","cfa",100,"ML","layered_port_ml",400,400,400,400,0,0.000999999999976353,0.422999999999434,16
"ml-gls","test","wolf","wolf_2f8i_l50","cfa",26,"GLS","default",400,198,89,80,0,0.00499999999999545,2.50599999999997,131
"ml-gls","test","wolf","wolf_2f8i_l50","cfa",26,"GLS","default_port",400,198,111,100,0,0.0135000000000218,4.78000000000032,119
"ml-gls","test","wolf","wolf_2f8i_l50","cfa",26,"GLS","layered_lbfgs",400,198,68,54,0,0.00600000000002865,2.81400000000105,116
"ml-gls","test","wolf","wolf_2f8i_l50","cfa",26,"GLS","layered_port",400,198,121,100,0,0.0169999999999959,5.54899999999993,139
"ml-gls","test","wolf","wolf_2f8i_l50","cfa",26,"GLS","layered_port_budget",400,198,121,100,0,0.0199999999999818,11.4940000000003,139
"ml-gls","test","wolf","wolf_2f8i_l50","cfa",26,"GLS","layered_port_ml",400,198,121,100,0,0.0190000000000055,11.5380000000002,139
"ml-gls","test","wolf","wolf_2f8i_l50","cfa",26,"ML","default",400,383,364,360,0,0.00199999999995271,1.43900000000099,48
"ml-gls","test","wolf","wolf_2f8i_l50","cfa",26,"ML","default_port",400,383,373,369,0,0.0029999999999859,2.04099999999994,81
"ml-gls","test","wolf","wolf_2f8i_l50","cfa",26,"ML","layered_lbfgs",400,383,365,361,0,0.00199999999995271,1.51799999999986,47
"ml-gls","test","wolf","wolf_2f8i_l50","cfa",26,"ML","layered_port",400,383,373,369,0,0.0029999999999859,2.04499999999985,78
"ml-gls","test","wolf","wolf_2f8i_l50","cfa",26,"ML","layered_port_budget",400,383,376,372,0,0.0029999999999859,2.77799999999991,79.5
"ml-gls","test","wolf","wolf_2f8i_l50","cfa",26,"ML","layered_port_ml",400,383,376,372,0,0.0029999999999859,2.77400000000017,79.5
"ml-gls","test","wolf","wolf_2f8i_l50","cfa",100,"GLS","default",400,396,318,318,0,0.00200000000000955,1.05599999999924,41
"ml-gls","test","wolf","wolf_2f8i_l50","cfa",100,"GLS","default_port",400,396,297,297,0,0.0029999999999859,1.44700000000051,59
"ml-gls","test","wolf","wolf_2f8i_l50","cfa",100,"GLS","layered_lbfgs",400,396,396,396,0,0.00200000000000955,0.771999999999366,40
"ml-gls","test","wolf","wolf_2f8i_l50","cfa",100,"GLS","layered_port",400,396,396,396,0,0.00200000000000955,1.07400000000001,44
"ml-gls","test","wolf","wolf_2f8i_l50","cfa",100,"GLS","layered_port_budget",400,396,396,396,0,0.00200000000000955,1.12500000000006,44
"ml-gls","test","wolf","wolf_2f8i_l50","cfa",100,"GLS","layered_port_ml",400,396,396,396,0,0.00200000000000955,1.12600000000106,44
"ml-gls","test","wolf","wolf_2f8i_l50","cfa",100,"ML","default",400,400,400,400,0,0.00199999999995271,0.624000000000081,30
"ml-gls","test","wolf","wolf_2f8i_l50","cfa",100,"ML","default_port",400,400,400,400,0,0.00200000000000955,0.876000000000147,34
"ml-gls","test","wolf","wolf_2f8i_l50","cfa",100,"ML","layered_lbfgs",400,400,400,400,0,0.00199999999995271,0.652999999999566,30
"ml-gls","test","wolf","wolf_2f8i_l50","cfa",100,"ML","layered_port",400,400,400,400,0,0.00200000000000955,0.865000000000066,31.5
"ml-gls","test","wolf","wolf_2f8i_l50","cfa",100,"ML","layered_port_budget",400,400,400,400,0,0.00200000000000955,0.875000000001024,31.5
"ml-gls","test","wolf","wolf_2f8i_l50","cfa",100,"ML","layered_port_ml",400,400,400,400,0,0.00200000000000955,0.85899999999981,31.5
"ml-gls","test","wolf","wolf_2f8i_l80","cfa",26,"GLS","default",400,264,139,126,0,0.00499999999999545,2.36999999999995,83
"ml-gls","test","wolf","wolf_2f8i_l80","cfa",26,"GLS","default_port",400,264,134,119,0,0.00999999999999091,4.86800000000023,99.5
"ml-gls","test","wolf","wolf_2f8i_l80","cfa",26,"GLS","layered_lbfgs",400,264,162,134,0,0.0040000000000191,2.21500000000032,87
"ml-gls","test","wolf","wolf_2f8i_l80","cfa",26,"GLS","layered_port",400,264,222,192,0,0.00550000000001206,4.35399999999936,95
"ml-gls","test","wolf","wolf_2f8i_l80","cfa",26,"GLS","layered_port_budget",400,264,222,192,0,0.00599999999997181,7.27099999999985,95
"ml-gls","test","wolf","wolf_2f8i_l80","cfa",26,"GLS","layered_port_ml",400,264,222,192,0,0.00550000000001206,7.36000000000041,95
"ml-gls","test","wolf","wolf_2f8i_l80","cfa",26,"ML","default",400,400,400,400,0,0.0010000000000332,0.564999999999316,36
"ml-gls","test","wolf","wolf_2f8i_l80","cfa",26,"ML","default_port",400,400,400,400,0,0.00200000000000955,1.02300000000071,59
"ml-gls","test","wolf","wolf_2f8i_l80","cfa",26,"ML","layered_lbfgs",400,400,400,400,0,0.0010000000000332,0.552999999999657,31
"ml-gls","test","wolf","wolf_2f8i_l80","cfa",26,"ML","layered_port",400,400,400,400,0,0.00200000000000955,0.921999999999798,48
"ml-gls","test","wolf","wolf_2f8i_l80","cfa",26,"ML","layered_port_budget",400,400,400,400,0,0.00200000000000955,0.926000000000215,48
"ml-gls","test","wolf","wolf_2f8i_l80","cfa",26,"ML","layered_port_ml",400,400,400,400,0,0.00200000000000955,0.928999999999633,48
"ml-gls","test","wolf","wolf_2f8i_l80","cfa",100,"GLS","default",400,400,358,358,0,0.00200000000000955,0.855000000000416,44
"ml-gls","test","wolf","wolf_2f8i_l80","cfa",100,"GLS","default_port",400,400,300,300,0,0.00200000000000955,1.08799999999991,41
"ml-gls","test","wolf","wolf_2f8i_l80","cfa",100,"GLS","layered_lbfgs",400,400,400,400,0,0.0010000000000332,0.604000000000042,24
"ml-gls","test","wolf","wolf_2f8i_l80","cfa",100,"GLS","layered_port",400,400,400,400,0,0.00200000000000955,0.726999999999805,24
"ml-gls","test","wolf","wolf_2f8i_l80","cfa",100,"GLS","layered_port_budget",400,400,400,400,0,0.00200000000000955,0.737000000000194,24
"ml-gls","test","wolf","wolf_2f8i_l80","cfa",100,"GLS","layered_port_ml",400,400,400,400,0,0.00200000000000955,0.739000000000488,24
"ml-gls","test","wolf","wolf_2f8i_l80","cfa",100,"ML","default",400,400,400,400,0,0.0010000000000332,0.600000000000819,24
"ml-gls","test","wolf","wolf_2f8i_l80","cfa",100,"ML","default_port",400,400,400,400,0,0.00199999999995271,0.67300000000023,22
"ml-gls","test","wolf","wolf_2f8i_l80","cfa",100,"ML","layered_lbfgs",400,400,400,400,0,0.0010000000000332,0.552000000000419,19
"ml-gls","test","wolf","wolf_2f8i_l80","cfa",100,"ML","layered_port",400,400,400,400,0,0.00199999999995271,0.639000000000238,17
"ml-gls","test","wolf","wolf_2f8i_l80","cfa",100,"ML","layered_port_budget",400,400,400,400,0,0.0010000000000332,0.632000000000062,17
"ml-gls","test","wolf","wolf_2f8i_l80","cfa",100,"ML","layered_port_ml",400,400,400,400,0,0.0010000000000332,0.637999999999636,17
"ml-gls","test","wolf","wolf_3f3i_l50","cfa",25,"GLS","default",400,195,74,69,0,0.00200000000000955,0.83700000000124,99
"ml-gls","test","wolf","wolf_3f3i_l50","cfa",25,"GLS","default_port",400,195,81,78,0,0.0029999999999859,1.90299999999974,107
"ml-gls","test","wolf","wolf_3f3i_l50","cfa",25,"GLS","layered_lbfgs",400,195,131,118,0,0.00200000000000955,0.978999999999189,101
"ml-gls","test","wolf","wolf_3f3i_l50","cfa",25,"GLS","layered_port",400,195,126,113,0,0.00799999999998136,2.62200000000013,93
"ml-gls","test","wolf","wolf_3f3i_l50","cfa",25,"GLS","layered_port_budget",400,195,126,113,0,0.00899999999998613,6.24499999999921,93
"ml-gls","test","wolf","wolf_3f3i_l50","cfa",25,"GLS","layered_port_ml",400,195,126,113,0,0.00899999999995771,6.21199999999925,93
"ml-gls","test","wolf","wolf_3f3i_l50","cfa",25,"ML","default",400,296,108,103,0,0.00399999999996226,5.131000000001,61
"ml-gls","test","wolf","wolf_3f3i_l50","cfa",25,"ML","default_port",400,296,154,128,0,0.0110000000000241,3.66600000000034,81
"ml-gls","test","wolf","wolf_3f3i_l50","cfa",25,"ML","layered_lbfgs",400,296,148,138,0,0.0040000000000191,3.25099999999975,73
"ml-gls","test","wolf","wolf_3f3i_l50","cfa",25,"ML","layered_port",400,296,217,172,0,0.00999999999999091,3.38499999999954,101
"ml-gls","test","wolf","wolf_3f3i_l50","cfa",25,"ML","layered_port_budget",400,296,204,172,0,0.00999999999999091,6.89499999999959,92
"ml-gls","test","wolf","wolf_3f3i_l50","cfa",25,"ML","layered_port_ml",400,296,205,173,0,0.00999999999999091,6.92599999999971,92
"ml-gls","test","wolf","wolf_3f3i_l50","cfa",100,"GLS","default",400,362,205,205,0,0.0010000000000332,0.87800000000027,47
"ml-gls","test","wolf","wolf_3f3i_l50","cfa",100,"GLS","default_port",400,362,220,220,0,0.00200000000000955,1.35600000000022,69
"ml-gls","test","wolf","wolf_3f3i_l50","cfa",100,"GLS","layered_lbfgs",400,362,332,331,0,0.000999999999976353,0.626999999998816,46
"ml-gls","test","wolf","wolf_3f3i_l50","cfa",100,"GLS","layered_port",400,362,347,346,0,0.0010000000000332,1.21399999999983,48
"ml-gls","test","wolf","wolf_3f3i_l50","cfa",100,"GLS","layered_port_budget",400,362,348,347,0,0.0010000000000332,2.42599999999919,48
"ml-gls","test","wolf","wolf_3f3i_l50","cfa",100,"GLS","layered_port_ml",400,362,348,347,0,0.0010000000000332,2.42499999999922,48
"ml-gls","test","wolf","wolf_3f3i_l50","cfa",100,"ML","default",400,379,351,351,0,0.0010000000000332,1.59300000000008,42
"ml-gls","test","wolf","wolf_3f3i_l50","cfa",100,"ML","default_port",400,379,361,354,0,0.0010000000000332,1.24800000000067,48
"ml-gls","test","wolf","wolf_3f3i_l50","cfa",100,"ML","layered_lbfgs",400,379,364,360,0,0.000999999999976353,1.29199999999958,42
"ml-gls","test","wolf","wolf_3f3i_l50","cfa",100,"ML","layered_port",400,379,372,363,0,0.0010000000000332,1.12500000000068,44
"ml-gls","test","wolf","wolf_3f3i_l50","cfa",100,"ML","layered_port_budget",400,379,371,367,0,0.0010000000000332,1.99999999999966,44
"ml-gls","test","wolf","wolf_3f3i_l50","cfa",100,"ML","layered_port_ml",400,379,371,367,0,0.0010000000000332,1.99300000000028,44
"ml-gls","test","wolf","wolf_3f3i_l80","cfa",25,"GLS","default",400,377,251,244,0,0.0010000000000332,0.697000000000287,55
"ml-gls","test","wolf","wolf_3f3i_l80","cfa",25,"GLS","default_port",400,377,284,277,0,0.00149999999999296,0.959000000000686,58
"ml-gls","test","wolf","wolf_3f3i_l80","cfa",25,"GLS","layered_lbfgs",400,377,360,352,0,0.000999999999976353,0.429000000000201,40.5
"ml-gls","test","wolf","wolf_3f3i_l80","cfa",25,"GLS","layered_port",400,377,364,356,0,0.000999999999976353,0.70399999999961,40
"ml-gls","test","wolf","wolf_3f3i_l80","cfa",25,"GLS","layered_port_budget",400,377,364,356,0,0.000999999999976353,1.41599999999988,40
"ml-gls","test","wolf","wolf_3f3i_l80","cfa",25,"GLS","layered_port_ml",400,377,364,356,0,0.000999999999976353,1.46299999999934,40
"ml-gls","test","wolf","wolf_3f3i_l80","cfa",25,"ML","default",400,400,388,388,0,0.000999999999976353,0.467000000000895,36
"ml-gls","test","wolf","wolf_3f3i_l80","cfa",25,"ML","default_port",400,400,398,398,0,0.000999999999976353,0.542000000000087,39
"ml-gls","test","wolf","wolf_3f3i_l80","cfa",25,"ML","layered_lbfgs",400,400,388,388,0,0.000999999999976353,0.459999999999412,29
"ml-gls","test","wolf","wolf_3f3i_l80","cfa",25,"ML","layered_port",400,400,398,396,0,0.000999999999976353,0.488999999999976,32
"ml-gls","test","wolf","wolf_3f3i_l80","cfa",25,"ML","layered_port_budget",400,400,392,392,0,0.000999999999976353,0.70800000000071,32
"ml-gls","test","wolf","wolf_3f3i_l80","cfa",25,"ML","layered_port_ml",400,400,392,392,0,0.000999999999976353,0.694000000000529,32
"ml-gls","test","wolf","wolf_3f3i_l80","cfa",100,"GLS","default",400,400,348,348,0,0.0010000000000332,0.57300000000032,45
"ml-gls","test","wolf","wolf_3f3i_l80","cfa",100,"GLS","default_port",400,400,310,310,0,0.0010000000000332,0.676999999999908,45
"ml-gls","test","wolf","wolf_3f3i_l80","cfa",100,"GLS","layered_lbfgs",400,400,400,400,0,0.000999999999976353,0.307000000000017,24
"ml-gls","test","wolf","wolf_3f3i_l80","cfa",100,"GLS","layered_port",400,400,400,400,0,0.000999999999976353,0.345999999999834,22
"ml-gls","test","wolf","wolf_3f3i_l80","cfa",100,"GLS","layered_port_budget",400,400,400,400,0,0.000999999999976353,0.343999999998858,22
"ml-gls","test","wolf","wolf_3f3i_l80","cfa",100,"GLS","layered_port_ml",400,400,400,400,0,0.000999999999976353,0.339999999999748,22
"ml-gls","test","wolf","wolf_3f3i_l80","cfa",100,"ML","default",400,400,400,400,0,0.000999999999976353,0.31200000000041,27
"ml-gls","test","wolf","wolf_3f3i_l80","cfa",100,"ML","default_port",400,400,400,400,0,0.000999999999976353,0.318999999999676,24
"ml-gls","test","wolf","wolf_3f3i_l80","cfa",100,"ML","layered_lbfgs",400,400,400,400,0,0.000999999999976353,0.311000000000434,23
"ml-gls","test","wolf","wolf_3f3i_l80","cfa",100,"ML","layered_port",400,400,400,400,0,0.000999999999976353,0.323000000000321,18
"ml-gls","test","wolf","wolf_3f3i_l80","cfa",100,"ML","layered_port_budget",400,400,400,400,0,0.000999999999976353,0.323000000000207,18
"ml-gls","test","wolf","wolf_3f3i_l80","cfa",100,"ML","layered_port_ml",400,400,400,400,0,0.000999999999976353,0.326000000000477,18
"ml-gls","test","wolf","wolf_3f6i_l50","cfa",28,"GLS","default",400,216,57,54,0,0.00999999999999091,4.18799999999829,198
"ml-gls","test","wolf","wolf_3f6i_l50","cfa",28,"GLS","default_port",400,216,83,73,0,0.0230000000000246,7.2500000000004,204
"ml-gls","test","wolf","wolf_3f6i_l50","cfa",28,"GLS","layered_lbfgs",400,216,67,63,0,0.00999999999999091,4.30899999999975,197
"ml-gls","test","wolf","wolf_3f6i_l50","cfa",28,"GLS","layered_port",400,216,104,88,0,0.0240000000000009,8.3679999999996,166
"ml-gls","test","wolf","wolf_3f6i_l50","cfa",28,"GLS","layered_port_budget",400,216,109,93,0,0.03449999999998,18.2179999999983,168
"ml-gls","test","wolf","wolf_3f6i_l50","cfa",28,"GLS","layered_port_ml",400,216,109,93,0,0.0349999999999966,18.5539999999998,168
"ml-gls","test","wolf","wolf_3f6i_l50","cfa",28,"ML","default",400,362,301,285,0,0.0029999999999859,4.02399999999977,66
"ml-gls","test","wolf","wolf_3f6i_l50","cfa",28,"ML","default_port",400,362,322,305,0,0.00499999999999545,4.78900000000101,106
"ml-gls","test","wolf","wolf_3f6i_l50","cfa",28,"ML","layered_lbfgs",400,362,301,301,0,0.0029999999999859,3.67000000000127,64
"ml-gls","test","wolf","wolf_3f6i_l50","cfa",28,"ML","layered_port",400,362,324,318,0,0.00499999999999545,4.65700000000021,98
"ml-gls","test","wolf","wolf_3f6i_l50","cfa",28,"ML","layered_port_budget",400,362,329,324,0,0.00499999999999545,5.87400000000173,99
"ml-gls","test","wolf","wolf_3f6i_l50","cfa",28,"ML","layered_port_ml",400,362,329,324,0,0.00499999999999545,5.86999999999938,99
"ml-gls","test","wolf","wolf_3f6i_l50","cfa",100,"GLS","default",400,388,290,290,0,0.0040000000000191,2.0469999999998,51
"ml-gls","test","wolf","wolf_3f6i_l50","cfa",100,"GLS","default_port",400,388,289,288,0,0.00599999999997181,2.97699999999964,75
"ml-gls","test","wolf","wolf_3f6i_l50","cfa",100,"GLS","layered_lbfgs",400,388,384,384,0,0.00399999999990541,1.58000000000072,50
"ml-gls","test","wolf","wolf_3f6i_l50","cfa",100,"GLS","layered_port",400,388,387,384,0,0.00499999999999545,2.39000000000027,54
"ml-gls","test","wolf","wolf_3f6i_l50","cfa",100,"GLS","layered_port_budget",400,388,388,388,0,0.00499999999999545,3.07299999999839,54
"ml-gls","test","wolf","wolf_3f6i_l50","cfa",100,"GLS","layered_port_ml",400,388,388,388,0,0.00499999999999545,3.05100000000107,54
"ml-gls","test","wolf","wolf_3f6i_l50","cfa",100,"ML","default",400,400,400,400,0,0.00299999999992906,1.10000000000053,38
"ml-gls","test","wolf","wolf_3f6i_l50","cfa",100,"ML","default_port",400,400,400,400,0,0.0040000000000191,1.62100000000078,42
"ml-gls","test","wolf","wolf_3f6i_l50","cfa",100,"ML","layered_lbfgs",400,400,400,400,0,0.00299999999992906,1.12599999999861,38
"ml-gls","test","wolf","wolf_3f6i_l50","cfa",100,"ML","layered_port",400,400,400,400,0,0.0040000000000191,1.59600000000052,40
"ml-gls","test","wolf","wolf_3f6i_l50","cfa",100,"ML","layered_port_budget",400,400,400,400,0,0.0040000000000191,1.59899999999914,40
"ml-gls","test","wolf","wolf_3f6i_l50","cfa",100,"ML","layered_port_ml",400,400,400,400,0,0.0040000000000191,1.61299999999903,40
"ml-gls","test","wolf","wolf_3f6i_l80","cfa",28,"GLS","default",400,235,99,87,0,0.0080000000000382,3.97899999999993,136
"ml-gls","test","wolf","wolf_3f6i_l80","cfa",28,"GLS","default_port",400,235,118,101,0,0.0165000000000078,6.97399999999721,116.5
"ml-gls","test","wolf","wolf_3f6i_l80","cfa",28,"GLS","layered_lbfgs",400,235,163,132,0,0.00700000000006185,3.525000000001,101
"ml-gls","test","wolf","wolf_3f6i_l80","cfa",28,"GLS","layered_port",400,235,177,143,0,0.0209999999999582,6.96199999999999,113
"ml-gls","test","wolf","wolf_3f6i_l80","cfa",28,"GLS","layered_port_budget",400,235,177,143,0,0.0209999999999582,13.2949999999997,113
"ml-gls","test","wolf","wolf_3f6i_l80","cfa",28,"GLS","layered_port_ml",400,235,177,143,0,0.0210000000000719,13.3829999999992,113
"ml-gls","test","wolf","wolf_3f6i_l80","cfa",28,"ML","default",400,400,400,400,0,0.00199999999995271,0.781000000001541,42
"ml-gls","test","wolf","wolf_3f6i_l80","cfa",28,"ML","default_port",400,400,400,400,0,0.00300000000004275,1.54399999999998,70.5
"ml-gls","test","wolf","wolf_3f6i_l80","cfa",28,"ML","layered_lbfgs",400,400,400,400,0,0.00199999999995271,0.756000000000541,35
"ml-gls","test","wolf","wolf_3f6i_l80","cfa",28,"ML","layered_port",400,400,400,400,0,0.00300000000004275,1.35299999999904,58
"ml-gls","test","wolf","wolf_3f6i_l80","cfa",28,"ML","layered_port_budget",400,400,400,400,0,0.00300000000004275,1.3590000000014,58
"ml-gls","test","wolf","wolf_3f6i_l80","cfa",28,"ML","layered_port_ml",400,400,400,400,0,0.00300000000004275,1.37300000000073,58
"ml-gls","test","wolf","wolf_3f6i_l80","cfa",100,"GLS","default",400,400,336,336,0,0.0040000000000191,1.65199999999902,59
"ml-gls","test","wolf","wolf_3f6i_l80","cfa",100,"GLS","default_port",400,400,300,300,0,0.00499999999999545,2.15700000000106,57
"ml-gls","test","wolf","wolf_3f6i_l80","cfa",100,"GLS","layered_lbfgs",400,400,400,400,0,0.00299999999992906,1.12100000000169,30
"ml-gls","test","wolf","wolf_3f6i_l80","cfa",100,"GLS","layered_port",400,400,400,400,0,0.0040000000000191,1.38400000000058,29
"ml-gls","test","wolf","wolf_3f6i_l80","cfa",100,"GLS","layered_port_budget",400,400,400,400,0,0.00399999999990541,1.38099999999838,29
"ml-gls","test","wolf","wolf_3f6i_l80","cfa",100,"GLS","layered_port_ml",400,400,400,400,0,0.0040000000000191,1.39400000000137,29
"ml-gls","test","wolf","wolf_3f6i_l80","cfa",100,"ML","default",400,400,400,400,0,0.00299999999992906,0.984999999999787,29
"ml-gls","test","wolf","wolf_3f6i_l80","cfa",100,"ML","default_port",400,400,400,400,0,0.00300000000004275,1.23999999999819,26
"ml-gls","test","wolf","wolf_3f6i_l80","cfa",100,"ML","layered_lbfgs",400,400,400,400,0,0.00299999999992906,0.964000000000511,22
"ml-gls","test","wolf","wolf_3f6i_l80","cfa",100,"ML","layered_port",400,400,400,400,0,0.00299999999992906,1.14599999999825,20
"ml-gls","test","wolf","wolf_3f6i_l80","cfa",100,"ML","layered_port_budget",400,400,400,400,0,0.00299999999992906,1.14199999999914,20
"ml-gls","test","wolf","wolf_3f6i_l80","cfa",100,"ML","layered_port_ml",400,400,400,400,0,0.00299999999992906,1.15500000000043,20
"ml-gls","test","wolf","wolf_3f8i_l50","cfa",34,"GLS","default",400,135,36,30,0,0.0209999999999582,9.21399999999972,266
"ml-gls","test","wolf","wolf_3f8i_l50","cfa",34,"GLS","default_port",400,135,66,51,0,0.0399999999999636,14.2599999999982,253
"ml-gls","test","wolf","wolf_3f8i_l50","cfa",34,"GLS","layered_lbfgs",400,135,16,16,0,0.0229999999999678,9.81199999999968,160
"ml-gls","test","wolf","wolf_3f8i_l50","cfa",34,"GLS","layered_port",400,135,72,61,0,0.0430000000000064,16.8559999999999,205
"ml-gls","test","wolf","wolf_3f8i_l50","cfa",34,"GLS","layered_port_budget",400,135,72,61,0,0.0670000000000073,35.0939999999986,205
"ml-gls","test","wolf","wolf_3f8i_l50","cfa",34,"GLS","layered_port_ml",400,135,72,61,0,0.0665000000000191,35.6349999999978,205
"ml-gls","test","wolf","wolf_3f8i_l50","cfa",34,"ML","default",400,386,356,355,0,0.0040000000000191,5.23699999999894,63
"ml-gls","test","wolf","wolf_3f8i_l50","cfa",34,"ML","default_port",400,386,371,369,0,0.00999999999999091,5.92399999999873,130
"ml-gls","test","wolf","wolf_3f8i_l50","cfa",34,"ML","layered_lbfgs",400,386,368,365,0,0.0040000000000191,4.27399999999727,62.5
"ml-gls","test","wolf","wolf_3f8i_l50","cfa",34,"ML","layered_port",400,386,381,378,0,0.00999999999999091,5.77499999999987,122
"ml-gls","test","wolf","wolf_3f8i_l50","cfa",34,"ML","layered_port_budget",400,386,379,376,0,0.00999999999999091,7.1960000000006,122
"ml-gls","test","wolf","wolf_3f8i_l50","cfa",34,"ML","layered_port_ml",400,386,379,376,0,0.00999999999999091,7.27700000000005,122
"ml-gls","test","wolf","wolf_3f8i_l50","cfa",100,"GLS","default",400,364,270,270,0,0.0080000000000382,3.96600000000012,59
"ml-gls","test","wolf","wolf_3f8i_l50","cfa",100,"GLS","default_port",400,364,271,271,0,0.0109999999999673,6.29600000000062,85
"ml-gls","test","wolf","wolf_3f8i_l50","cfa",100,"GLS","layered_lbfgs",400,364,352,352,0,0.00499999999999545,3.6570000000014,58.5
"ml-gls","test","wolf","wolf_3f8i_l50","cfa",100,"GLS","layered_port",400,364,364,364,0,0.00699999999994816,5.6949999999988,64
"ml-gls","test","wolf","wolf_3f8i_l50","cfa",100,"GLS","layered_port_budget",400,364,364,364,0,0.00700000000006185,9.89300000000071,64
"ml-gls","test","wolf","wolf_3f8i_l50","cfa",100,"GLS","layered_port_ml",400,364,364,364,0,0.00699999999994816,9.88799999999981,64
"ml-gls","test","wolf","wolf_3f8i_l50","cfa",100,"ML","default",400,400,400,400,0,0.0040000000000191,1.80399999999941,37
"ml-gls","test","wolf","wolf_3f8i_l50","cfa",100,"ML","default_port",400,400,400,400,0,0.00499999999999545,2.53300000000047,41
"ml-gls","test","wolf","wolf_3f8i_l50","cfa",100,"ML","layered_lbfgs",400,400,400,400,0,0.0040000000000191,1.82899999999972,36
"ml-gls","test","wolf","wolf_3f8i_l50","cfa",100,"ML","layered_port",400,400,400,400,0,0.00499999999999545,2.4830000000012,38.5
"ml-gls","test","wolf","wolf_3f8i_l50","cfa",100,"ML","layered_port_budget",400,400,400,400,0,0.00499999999999545,2.50500000000022,38.5
"ml-gls","test","wolf","wolf_3f8i_l50","cfa",100,"ML","layered_port_ml",400,400,400,400,0,0.00499999999999545,2.49699999999939,38.5
"ml-gls","test","wolf","wolf_3f8i_l80","cfa",34,"GLS","default",400,177,53,38,0,0.0199999999999818,8.48800000000074,263
"ml-gls","test","wolf","wolf_3f8i_l80","cfa",34,"GLS","default_port",400,177,65,57,0,0.0399999999999636,13.6980000000001,211
"ml-gls","test","wolf","wolf_3f8i_l80","cfa",34,"GLS","layered_lbfgs",400,177,88,80,0,0.0180000000000291,7.60300000000064,182
"ml-gls","test","wolf","wolf_3f8i_l80","cfa",34,"GLS","layered_port",400,177,103,95,0,0.04099999999994,14.528000000001,163
"ml-gls","test","wolf","wolf_3f8i_l80","cfa",34,"GLS","layered_port_budget",400,177,104,96,0,0.0529999999999973,25.4130000000007,165
"ml-gls","test","wolf","wolf_3f8i_l80","cfa",34,"GLS","layered_port_ml",400,177,104,96,0,0.0529999999999973,25.5289999999993,165
"ml-gls","test","wolf","wolf_3f8i_l80","cfa",34,"ML","default",400,400,400,400,0,0.00300000000004275,1.42800000000113,45
"ml-gls","test","wolf","wolf_3f8i_l80","cfa",34,"ML","default_port",400,400,400,400,0,0.00700000000006185,3.12899999999854,91
"ml-gls","test","wolf","wolf_3f8i_l80","cfa",34,"ML","layered_lbfgs",400,400,400,400,0,0.00300000000004275,1.38300000000038,38
"ml-gls","test","wolf","wolf_3f8i_l80","cfa",34,"ML","layered_port",400,400,400,400,0,0.00599999999997181,2.72800000000143,73.5
"ml-gls","test","wolf","wolf_3f8i_l80","cfa",34,"ML","layered_port_budget",400,400,400,400,0,0.00599999999997181,2.7439999999998,73.5
"ml-gls","test","wolf","wolf_3f8i_l80","cfa",34,"ML","layered_port_ml",400,400,400,400,0,0.00600000000008549,2.75200000000041,73.5
"ml-gls","test","wolf","wolf_3f8i_l80","cfa",100,"GLS","default",400,400,316,316,0,0.00799999999992451,3.1610000000012,67
"ml-gls","test","wolf","wolf_3f8i_l80","cfa",100,"GLS","default_port",400,400,300,300,0,0.00999999999999091,4.02400000000046,65
"ml-gls","test","wolf","wolf_3f8i_l80","cfa",100,"GLS","layered_lbfgs",400,400,400,400,0,0.0040000000000191,2.20500000000061,36.5
"ml-gls","test","wolf","wolf_3f8i_l80","cfa",100,"GLS","layered_port",400,400,400,400,0,0.00499999999999545,2.73999999999955,37.5
"ml-gls","test","wolf","wolf_3f8i_l80","cfa",100,"GLS","layered_port_budget",400,400,400,400,0,0.00500000000010914,2.76500000000021,37.5
"ml-gls","test","wolf","wolf_3f8i_l80","cfa",100,"GLS","layered_port_ml",400,400,400,400,0,0.00499999999999545,2.7570000000004,37.5
"ml-gls","test","wolf","wolf_3f8i_l80","cfa",100,"ML","default",400,400,400,400,0,0.00399999999990541,1.72500000000127,30
"ml-gls","test","wolf","wolf_3f8i_l80","cfa",100,"ML","default_port",400,400,400,400,0,0.0040000000000191,2.21100000000104,28
"ml-gls","test","wolf","wolf_3f8i_l80","cfa",100,"ML","layered_lbfgs",400,400,400,400,0,0.0040000000000191,1.70600000000104,24
"ml-gls","test","wolf","wolf_3f8i_l80","cfa",100,"ML","layered_port",400,400,400,400,0,0.0040000000000191,2.05000000000018,23
"ml-gls","test","wolf","wolf_3f8i_l80","cfa",100,"ML","layered_port_budget",400,400,400,400,0,0.0040000000000191,2.05899999999929,23
"ml-gls","test","wolf","wolf_3f8i_l80","cfa",100,"ML","layered_port_ml",400,400,400,400,0,0.0040000000000191,2.04100000000017,23
