"lane","role","family","pop","model","n","estimator","arm","problems","attainable","success","best","success_unattainable","median_seconds","total_seconds","median_evals_success"
"ml-gls","control","ernst","ernst","sem",25,"GLS","default",400,301,204,192,0,0.00100000000000477,0.460999999999842,50
"ml-gls","control","ernst","ernst","sem",25,"GLS","default_port",400,301,201,190,0,0.00100000000000477,1.0030000000001,53
"ml-gls","control","ernst","ernst","sem",25,"GLS","layered_lbfgs",400,301,287,275,0,0.000999999999990564,0.315999999999902,35
"ml-gls","control","ernst","ernst","sem",25,"GLS","layered_port",400,301,288,276,0,0.00100000000000477,0.837000000000031,35
"ml-gls","control","ernst","ernst","sem",25,"ML","default",400,326,300,295,0,0.00100000000000477,0.782000000000209,31
"ml-gls","control","ernst","ernst","sem",25,"ML","default_port",400,326,306,301,0,0.00100000000000477,0.938999999999907,32
"ml-gls","control","ernst","ernst","sem",25,"ML","layered_lbfgs",400,326,300,296,0,0.00100000000000477,0.74800000000009,28
"ml-gls","control","ernst","ernst","sem",25,"ML","layered_port",400,326,302,298,0,0.00100000000000477,0.976999999999847,27
"ml-gls","control","ernst","ernst","sem",100,"GLS","default",400,396,350,350,0,0.00100000000000477,0.344000000000107,30
"ml-gls","control","ernst","ernst","sem",100,"GLS","default_port",400,396,299,298,0,0.00100000000000477,0.560000000000272,38
"ml-gls","control","ernst","ernst","sem",100,"GLS","layered_lbfgs",400,396,396,396,0,0.000999999999990564,0.212000000000145,23
"ml-gls","control","ernst","ernst","sem",100,"GLS","layered_port",400,396,396,396,0,0.000999999999990564,0.243000000000222,23
"ml-gls","control","ernst","ernst","sem",100,"ML","default",400,396,396,396,0,0.000999999999990564,0.246000000000051,24.5
"ml-gls","control","ernst","ernst","sem",100,"ML","default_port",400,396,396,396,0,0.000999999999990564,0.249000000000066,25
"ml-gls","control","ernst","ernst","sem",100,"ML","layered_lbfgs",400,396,396,396,0,0.000999999999990564,0.227999999999965,22
"ml-gls","control","ernst","ernst","sem",100,"ML","layered_port",400,396,396,396,0,0.000999999999990564,0.270999999999744,21
"ml-gls","test","boomsma","boomsma_3CL","cfa",25,"GLS","default",400,400,327,319,0,0.00100000000000477,0.301999999999992,39
"ml-gls","test","boomsma","boomsma_3CL","cfa",25,"GLS","default_port",400,400,364,359,0,0.00100000000000477,0.37999999999971,43
"ml-gls","test","boomsma","boomsma_3CL","cfa",25,"GLS","layered_lbfgs",400,400,400,398,0,0.000999999999976353,0.217000000000069,24
"ml-gls","test","boomsma","boomsma_3CL","cfa",25,"GLS","layered_port",400,400,400,398,0,0.000999999999976353,0.22599999999997,24
"ml-gls","test","boomsma","boomsma_3CL","cfa",25,"ML","default",400,396,396,396,0,0.000999999999976353,0.222000000000036,29
"ml-gls","test","boomsma","boomsma_3CL","cfa",25,"ML","default_port",400,396,396,396,0,0.00100000000000477,0.26800000000017,29
"ml-gls","test","boomsma","boomsma_3CL","cfa",25,"ML","layered_lbfgs",400,396,396,396,0,0.000999999999976353,0.225999999999941,21
"ml-gls","test","boomsma","boomsma_3CL","cfa",25,"ML","layered_port",400,396,396,396,0,0.00100000000000477,0.271999999999877,20
"ml-gls","test","boomsma","boomsma_3CL","cfa",100,"GLS","default",400,400,389,389,0,0.00100000000000477,0.281999999999896,35
"ml-gls","test","boomsma","boomsma_3CL","cfa",100,"GLS","default_port",400,400,384,384,0,0.00100000000000477,0.308999999999712,34
"ml-gls","test","boomsma","boomsma_3CL","cfa",100,"GLS","layered_lbfgs",400,400,400,400,0,0,0.193000000000182,20
"ml-gls","test","boomsma","boomsma_3CL","cfa",100,"GLS","layered_port",400,400,400,400,0,0.000999999999976353,0.205999999999874,18
"ml-gls","test","boomsma","boomsma_3CL","cfa",100,"ML","default",400,400,400,400,0,0,0.19199999999995,25
"ml-gls","test","boomsma","boomsma_3CL","cfa",100,"ML","default_port",400,400,400,400,0,0.000999999999976353,0.212999999999936,24
"ml-gls","test","boomsma","boomsma_3CL","cfa",100,"ML","layered_lbfgs",400,400,400,400,0,0.000999999999976353,0.211000000000069,19
"ml-gls","test","boomsma","boomsma_3CL","cfa",100,"ML","layered_port",400,400,400,400,0,0.000999999999976353,0.202000000000168,17
"ml-gls","test","boomsma","boomsma_3CM","cfa",25,"GLS","default",400,368,233,229,0,0.00100000000000477,0.330999999999846,41
"ml-gls","test","boomsma","boomsma_3CM","cfa",25,"GLS","default_port",400,368,253,248,0,0.00100000000000477,0.564999999999855,50
"ml-gls","test","boomsma","boomsma_3CM","cfa",25,"GLS","layered_lbfgs",400,368,347,338,0,0.00100000000000477,0.280000000000284,32
"ml-gls","test","boomsma","boomsma_3CM","cfa",25,"GLS","layered_port",400,368,356,350,0,0.00100000000000477,0.52199999999982,30
"ml-gls","test","boomsma","boomsma_3CM","cfa",25,"ML","default",400,375,349,349,0,0.000999999999976353,0.661000000000058,31
"ml-gls","test","boomsma","boomsma_3CM","cfa",25,"ML","default_port",400,375,354,354,0,0.00100000000000477,0.597000000000207,32
"ml-gls","test","boomsma","boomsma_3CM","cfa",25,"ML","layered_lbfgs",400,375,357,356,0,0.00100000000000477,0.414000000000015,28
"ml-gls","test","boomsma","boomsma_3CM","cfa",25,"ML","layered_port",400,375,360,360,0,0.00100000000000477,0.577999999999974,26
"ml-gls","test","boomsma","boomsma_3CM","cfa",100,"GLS","default",400,400,344,344,0,0.00100000000000477,0.333999999999974,33
"ml-gls","test","boomsma","boomsma_3CM","cfa",100,"GLS","default_port",400,400,355,355,0,0.00100000000000477,0.393999999999862,41
"ml-gls","test","boomsma","boomsma_3CM","cfa",100,"GLS","layered_lbfgs",400,400,400,398,0,0.000999999999976353,0.222000000000093,25
"ml-gls","test","boomsma","boomsma_3CM","cfa",100,"GLS","layered_port",400,400,400,398,0,0.000999999999976353,0.2349999999997,24
"ml-gls","test","boomsma","boomsma_3CM","cfa",100,"ML","default",400,400,400,400,0,0.000999999999976353,0.223000000000126,26
"ml-gls","test","boomsma","boomsma_3CM","cfa",100,"ML","default_port",400,400,400,400,0,0.00100000000000477,0.259000000000042,26
"ml-gls","test","boomsma","boomsma_3CM","cfa",100,"ML","layered_lbfgs",400,400,400,400,0,0.000999999999976353,0.236999999999994,24
"ml-gls","test","boomsma","boomsma_3CM","cfa",100,"ML","layered_port",400,400,400,400,0,0.00100000000000477,0.261999999999943,22.5
"ml-gls","test","boomsma","boomsma_3CS","cfa",25,"GLS","default",400,249,94,90,0,0.00100000000000477,0.495000000000203,57.5
"ml-gls","test","boomsma","boomsma_3CS","cfa",25,"GLS","default_port",400,249,105,102,0,0.00100000000000477,1.19799999999984,69
"ml-gls","test","boomsma","boomsma_3CS","cfa",25,"GLS","layered_lbfgs",400,249,187,178,0,0.00100000000000477,0.507000000000089,56
"ml-gls","test","boomsma","boomsma_3CS","cfa",25,"GLS","layered_port",400,249,192,184,0,0.0029999999999859,1.47899999999956,55
"ml-gls","test","boomsma","boomsma_3CS","cfa",25,"ML","default",400,281,156,154,0,0.00200000000000955,2.23999999999984,42.5
"ml-gls","test","boomsma","boomsma_3CS","cfa",25,"ML","default_port",400,281,164,161,0,0.007000000000005,2.327,47
"ml-gls","test","boomsma","boomsma_3CS","cfa",25,"ML","layered_lbfgs",400,281,210,206,0,0.00100000000000477,1.4090000000003,47
"ml-gls","test","boomsma","boomsma_3CS","cfa",25,"ML","layered_port",400,281,218,214,0,0.00199999999998113,1.94499999999996,48
"ml-gls","test","boomsma","boomsma_3CS","cfa",100,"GLS","default",400,348,208,206,0,0.00100000000000477,0.420000000000015,43
"ml-gls","test","boomsma","boomsma_3CS","cfa",100,"GLS","default_port",400,348,210,210,0,0.00100000000000477,0.799000000000119,56
"ml-gls","test","boomsma","boomsma_3CS","cfa",100,"GLS","layered_lbfgs",400,348,313,305,0,0.00100000000000477,0.388999999999952,37
"ml-gls","test","boomsma","boomsma_3CS","cfa",100,"GLS","layered_port",400,348,320,312,0,0.00100000000000477,0.861000000000188,39.5
"ml-gls","test","boomsma","boomsma_3CS","cfa",100,"ML","default",400,344,302,302,0,0.00100000000000477,1.34199999999964,37
"ml-gls","test","boomsma","boomsma_3CS","cfa",100,"ML","default_port",400,344,309,305,0,0.00100000000000477,1.32500000000016,42
"ml-gls","test","boomsma","boomsma_3CS","cfa",100,"ML","layered_lbfgs",400,344,308,308,0,0.00100000000000477,1.48499999999979,36
"ml-gls","test","boomsma","boomsma_3CS","cfa",100,"ML","layered_port",400,344,314,314,0,0.00100000000000477,1.30999999999986,37
"ml-gls","test","boomsma","boomsma_3UL","cfa",25,"GLS","default",400,396,332,330,0,0.00100000000000477,0.337000000000443,38
"ml-gls","test","boomsma","boomsma_3UL","cfa",25,"GLS","default_port",400,396,345,343,0,0.00100000000000477,0.493000000000022,39
"ml-gls","test","boomsma","boomsma_3UL","cfa",25,"GLS","layered_lbfgs",400,396,396,396,0,0.000999999999976353,0.242000000000018,23
"ml-gls","test","boomsma","boomsma_3UL","cfa",25,"GLS","layered_port",400,396,396,396,0,0.00100000000000477,0.277000000000014,21
"ml-gls","test","boomsma","boomsma_3UL","cfa",25,"ML","default",400,400,400,400,0,0.000999999999976353,0.244999999999663,28
"ml-gls","test","boomsma","boomsma_3UL","cfa",25,"ML","default_port",400,400,400,400,0,0.00100000000000477,0.264000000000123,27
"ml-gls","test","boomsma","boomsma_3UL","cfa",25,"ML","layered_lbfgs",400,400,400,400,0,0.00100000000000477,0.249000000000023,21
"ml-gls","test","boomsma","boomsma_3UL","cfa",25,"ML","layered_port",400,400,400,400,0,0.00100000000000477,0.245000000000146,19
"ml-gls","test","boomsma","boomsma_3UL","cfa",100,"GLS","default",400,400,372,372,0,0.00100000000000477,0.250000000000084,36
"ml-gls","test","boomsma","boomsma_3UL","cfa",100,"GLS","default_port",400,400,364,364,0,0.00100000000000477,0.400999999999754,34
"ml-gls","test","boomsma","boomsma_3UL","cfa",100,"GLS","layered_lbfgs",400,400,400,400,0,0,0.195999999999912,19
"ml-gls","test","boomsma","boomsma_3UL","cfa",100,"GLS","layered_port",400,400,400,400,0,0.000999999999976353,0.224000000000131,17
"ml-gls","test","boomsma","boomsma_3UL","cfa",100,"ML","default",400,400,400,400,0,0.000999999999976353,0.204000000000007,24
"ml-gls","test","boomsma","boomsma_3UL","cfa",100,"ML","default_port",400,400,400,400,0,0.000999999999976353,0.22000000000014,23
"ml-gls","test","boomsma","boomsma_3UL","cfa",100,"ML","layered_lbfgs",400,400,400,400,0,0.000999999999976353,0.203999999999552,18
"ml-gls","test","boomsma","boomsma_3UL","cfa",100,"ML","layered_port",400,400,400,400,0,0.000999999999976353,0.208000000000083,14
"ml-gls","test","boomsma","boomsma_3UM","cfa",25,"GLS","default",400,328,214,207,0,0.00100000000000477,0.366999999999563,41.5
"ml-gls","test","boomsma","boomsma_3UM","cfa",25,"GLS","default_port",400,328,231,226,0,0.00100000000000477,0.692000000000035,48
"ml-gls","test","boomsma","boomsma_3UM","cfa",25,"GLS","layered_lbfgs",400,328,304,296,0,0.00100000000000477,0.331999999999964,30
"ml-gls","test","boomsma","boomsma_3UM","cfa",25,"GLS","layered_port",400,328,308,300,0,0.00100000000000477,0.750999999999947,29
"ml-gls","test","boomsma","boomsma_3UM","cfa",25,"ML","default",400,333,319,319,0,0.00100000000000477,0.767000000000166,32
"ml-gls","test","boomsma","boomsma_3UM","cfa",25,"ML","default_port",400,333,320,320,0,0.00100000000000477,0.893,34
"ml-gls","test","boomsma","boomsma_3UM","cfa",25,"ML","layered_lbfgs",400,333,329,329,0,0.00100000000000477,0.626999999999639,30
"ml-gls","test","boomsma","boomsma_3UM","cfa",25,"ML","layered_port",400,333,331,331,0,0.00100000000000477,0.796000000000219,29
"ml-gls","test","boomsma","boomsma_3UM","cfa",100,"GLS","default",400,400,321,321,0,0.00100000000000477,0.299999999999755,32
"ml-gls","test","boomsma","boomsma_3UM","cfa",100,"GLS","default_port",400,400,319,319,0,0.00100000000000477,0.514000000000236,40
"ml-gls","test","boomsma","boomsma_3UM","cfa",100,"GLS","layered_lbfgs",400,400,400,400,0,0.000999999999976353,0.240999999999899,25
"ml-gls","test","boomsma","boomsma_3UM","cfa",100,"GLS","layered_port",400,400,400,400,0,0.000999999999976353,0.257999999999668,24
"ml-gls","test","boomsma","boomsma_3UM","cfa",100,"ML","default",400,400,400,400,0,0.000999999999976353,0.218000000000131,26
"ml-gls","test","boomsma","boomsma_3UM","cfa",100,"ML","default_port",400,400,400,400,0,0.00100000000000477,0.280999999999948,25
"ml-gls","test","boomsma","boomsma_3UM","cfa",100,"ML","layered_lbfgs",400,400,400,400,0,0.000999999999976353,0.233999999999866,24
"ml-gls","test","boomsma","boomsma_3UM","cfa",100,"ML","layered_port",400,400,400,400,0,0.00100000000000477,0.269999999999952,22
"ml-gls","test","boomsma","boomsma_3US","cfa",25,"GLS","default",400,248,90,83,0,0.00100000000000477,0.466999999999842,56
"ml-gls","test","boomsma","boomsma_3US","cfa",25,"GLS","default_port",400,248,111,106,0,0.00100000000000477,1.09400000000006,76
"ml-gls","test","boomsma","boomsma_3US","cfa",25,"GLS","layered_lbfgs",400,248,172,172,0,0.00100000000000477,0.487999999999999,55
"ml-gls","test","boomsma","boomsma_3US","cfa",25,"GLS","layered_port",400,248,184,184,0,0.00400000000000489,1.45599999999999,57.5
"ml-gls","test","boomsma","boomsma_3US","cfa",25,"ML","default",400,239,138,134,0,0.00200000000000955,2.15400000000001,42
"ml-gls","test","boomsma","boomsma_3US","cfa",25,"ML","default_port",400,239,149,142,0,0.007000000000005,2.29199999999994,49
"ml-gls","test","boomsma","boomsma_3US","cfa",25,"ML","layered_lbfgs",400,239,185,173,0,0.00199999999999534,1.41699999999957,56
"ml-gls","test","boomsma","boomsma_3US","cfa",25,"ML","layered_port",400,239,188,176,0,0.00500000000000255,2.12000000000009,56
"ml-gls","test","boomsma","boomsma_3US","cfa",100,"GLS","default",400,342,190,190,0,0.00100000000000477,0.396999999999863,40.5
"ml-gls","test","boomsma","boomsma_3US","cfa",100,"GLS","default_port",400,342,193,193,0,0.00100000000000477,0.772999999999825,55
"ml-gls","test","boomsma","boomsma_3US","cfa",100,"GLS","layered_lbfgs",400,342,325,323,0,0.00100000000000477,0.392000000000066,39
"ml-gls","test","boomsma","boomsma_3US","cfa",100,"GLS","layered_port",400,342,330,329,0,0.00100000000000477,0.75999999999982,42
"ml-gls","test","boomsma","boomsma_3US","cfa",100,"ML","default",400,328,302,302,0,0.00100000000000477,1.48799999999998,39.5
"ml-gls","test","boomsma","boomsma_3US","cfa",100,"ML","default_port",400,328,302,302,0,0.00100000000000477,1.22500000000004,43
"ml-gls","test","boomsma","boomsma_3US","cfa",100,"ML","layered_lbfgs",400,328,324,324,0,0.00100000000000477,1.12999999999995,39
"ml-gls","test","boomsma","boomsma_3US","cfa",100,"ML","layered_port",400,328,324,324,0,0.00100000000000477,1.06000000000002,42
"ml-gls","test","boomsma","boomsma_4CL","cfa",25,"GLS","default",400,392,378,372,0,0.00100000000000477,0.390999999999791,43
"ml-gls","test","boomsma","boomsma_4CL","cfa",25,"GLS","default_port",400,392,363,360,0,0.00100000000000477,0.494000000000425,41
"ml-gls","test","boomsma","boomsma_4CL","cfa",25,"GLS","layered_lbfgs",400,392,388,378,0,0.00100000000000477,0.30000000000001,27
"ml-gls","test","boomsma","boomsma_4CL","cfa",25,"GLS","layered_port",400,392,392,382,0,0.00100000000000477,0.406999999999867,26
"ml-gls","test","boomsma","boomsma_4CL","cfa",25,"ML","default",400,400,400,400,0,0.00100000000000477,0.282000000000322,33
"ml-gls","test","boomsma","boomsma_4CL","cfa",25,"ML","default_port",400,400,400,400,0,0.00100000000000477,0.351999999999917,33
"ml-gls","test","boomsma","boomsma_4CL","cfa",25,"ML","layered_lbfgs",400,400,400,400,0,0.00100000000000477,0.307999999999707,23
"ml-gls","test","boomsma","boomsma_4CL","cfa",25,"ML","layered_port",400,400,400,400,0,0.00100000000000477,0.343000000000443,22
"ml-gls","test","boomsma","boomsma_4CL","cfa",100,"GLS","default",400,400,398,398,0,0.00100000000000477,0.314999999999997,36
"ml-gls","test","boomsma","boomsma_4CL","cfa",100,"GLS","default_port",400,400,373,373,0,0.00100000000000477,0.384999999999876,33
"ml-gls","test","boomsma","boomsma_4CL","cfa",100,"GLS","layered_lbfgs",400,400,400,400,0,0.00100000000000477,0.273000000000052,20
"ml-gls","test","boomsma","boomsma_4CL","cfa",100,"GLS","layered_port",400,400,400,400,0,0.00100000000000477,0.306999999999873,18
"ml-gls","test","boomsma","boomsma_4CL","cfa",100,"ML","default",400,400,400,400,0,0.00100000000000477,0.261999999999829,28
"ml-gls","test","boomsma","boomsma_4CL","cfa",100,"ML","default_port",400,400,400,400,0,0.00100000000000477,0.299999999999811,26
"ml-gls","test","boomsma","boomsma_4CL","cfa",100,"ML","layered_lbfgs",400,400,400,400,0,0.00100000000000477,0.269000000000317,19
"ml-gls","test","boomsma","boomsma_4CL","cfa",100,"ML","layered_port",400,400,400,400,0,0.00100000000000477,0.289000000000242,16
"ml-gls","test","boomsma","boomsma_4CM","cfa",25,"GLS","default",400,372,300,289,0,0.00100000000000477,0.44000000000011,44
"ml-gls","test","boomsma","boomsma_4CM","cfa",25,"GLS","default_port",400,372,305,299,0,0.00100000000000477,0.735999999999535,47
"ml-gls","test","boomsma","boomsma_4CM","cfa",25,"GLS","layered_lbfgs",400,372,360,353,0,0.00100000000000477,0.413000000000209,37.5
"ml-gls","test","boomsma","boomsma_4CM","cfa",25,"GLS","layered_port",400,372,360,353,0,0.00100000000000477,0.726000000000197,36
"ml-gls","test","boomsma","boomsma_4CM","cfa",25,"ML","default",400,398,384,383,0,0.00100000000000477,0.455000000000296,32
"ml-gls","test","boomsma","boomsma_4CM","cfa",25,"ML","default_port",400,398,388,383,0,0.00100000000000477,0.548999999999892,34
"ml-gls","test","boomsma","boomsma_4CM","cfa",25,"ML","layered_lbfgs",400,398,388,388,0,0.00100000000000477,0.377999999999956,28
"ml-gls","test","boomsma","boomsma_4CM","cfa",25,"ML","layered_port",400,398,388,388,0,0.00100000000000477,0.504999999999739,29
"ml-gls","test","boomsma","boomsma_4CM","cfa",100,"GLS","default",400,400,391,391,0,0.00100000000000477,0.318999999999931,33
"ml-gls","test","boomsma","boomsma_4CM","cfa",100,"GLS","default_port",400,400,348,348,0,0.00100000000000477,0.382000000000288,37
"ml-gls","test","boomsma","boomsma_4CM","cfa",100,"GLS","layered_lbfgs",400,400,400,400,0,0.00100000000000477,0.255999999999772,24
"ml-gls","test","boomsma","boomsma_4CM","cfa",100,"GLS","layered_port",400,400,400,400,0,0.00100000000000477,0.280999999999976,24
"ml-gls","test","boomsma","boomsma_4CM","cfa",100,"ML","default",400,400,400,400,0,0.00100000000000477,0.259999999999763,26
"ml-gls","test","boomsma","boomsma_4CM","cfa",100,"ML","default_port",400,400,400,400,0,0.00100000000000477,0.275000000000005,25
"ml-gls","test","boomsma","boomsma_4CM","cfa",100,"ML","layered_lbfgs",400,400,400,400,0,0.00100000000000477,0.273999999999488,23
"ml-gls","test","boomsma","boomsma_4CM","cfa",100,"ML","layered_port",400,400,400,400,0,0.00100000000000477,0.278000000000303,22
"ml-gls","test","boomsma","boomsma_4CS","cfa",25,"GLS","default",400,283,158,152,0,0.00100000000000477,0.558999999999997,66
"ml-gls","test","boomsma","boomsma_4CS","cfa",25,"GLS","default_port",400,283,170,160,0,0.00199999999998113,1.4459999999998,73
"ml-gls","test","boomsma","boomsma_4CS","cfa",25,"GLS","layered_lbfgs",400,283,228,216,0,0.00100000000000477,0.608000000000089,57
"ml-gls","test","boomsma","boomsma_4CS","cfa",25,"GLS","layered_port",400,283,231,223,0,0.00199999999998113,1.56700000000023,58
"ml-gls","test","boomsma","boomsma_4CS","cfa",25,"ML","default",400,324,251,239,0,0.00100000000000477,1.34299999999999,54
"ml-gls","test","boomsma","boomsma_4CS","cfa",25,"ML","default_port",400,324,273,255,0,0.00100000000000477,1.82800000000017,56
"ml-gls","test","boomsma","boomsma_4CS","cfa",25,"ML","layered_lbfgs",400,324,288,273,0,0.00100000000000477,0.941000000000002,55
"ml-gls","test","boomsma","boomsma_4CS","cfa",25,"ML","layered_port",400,324,297,281,0,0.00100000000000477,1.58799999999968,56
"ml-gls","test","boomsma","boomsma_4CS","cfa",100,"GLS","default",400,400,330,330,0,0.00100000000000477,0.355000000000216,36
"ml-gls","test","boomsma","boomsma_4CS","cfa",100,"GLS","default_port",400,400,318,318,0,0.00100000000000477,0.490000000000093,54
"ml-gls","test","boomsma","boomsma_4CS","cfa",100,"GLS","layered_lbfgs",400,400,392,392,0,0.00100000000000477,0.319999999999708,37
"ml-gls","test","boomsma","boomsma_4CS","cfa",100,"GLS","layered_port",400,400,392,392,0,0.00100000000000477,0.428000000000195,39
"ml-gls","test","boomsma","boomsma_4CS","cfa",100,"ML","default",400,392,392,392,0,0.00100000000000477,0.395999999999986,36
"ml-gls","test","boomsma","boomsma_4CS","cfa",100,"ML","default_port",400,392,392,392,0,0.00100000000000477,0.521999999999934,42
"ml-gls","test","boomsma","boomsma_4CS","cfa",100,"ML","layered_lbfgs",400,392,392,392,0,0.00100000000000477,0.393000000000085,36
"ml-gls","test","boomsma","boomsma_4CS","cfa",100,"ML","layered_port",400,392,392,392,0,0.00100000000000477,0.5029999999999,37.5
"ml-gls","test","boomsma","boomsma_4UL","cfa",25,"GLS","default",400,388,375,371,0,0.00100000000000477,0.369000000000027,42
"ml-gls","test","boomsma","boomsma_4UL","cfa",25,"GLS","default_port",400,388,346,345,0,0.00100000000000477,0.524,40
"ml-gls","test","boomsma","boomsma_4UL","cfa",25,"GLS","layered_lbfgs",400,388,385,384,0,0.00100000000000477,0.279999999999915,27
"ml-gls","test","boomsma","boomsma_4UL","cfa",25,"GLS","layered_port",400,388,388,388,0,0.00100000000000477,0.371999999999985,26
"ml-gls","test","boomsma","boomsma_4UL","cfa",25,"ML","default",400,400,400,400,0,0.00100000000000477,0.272999999999654,32
"ml-gls","test","boomsma","boomsma_4UL","cfa",25,"ML","default_port",400,400,400,400,0,0.00100000000000477,0.334999999999637,33
"ml-gls","test","boomsma","boomsma_4UL","cfa",25,"ML","layered_lbfgs",400,400,400,400,0,0.00100000000000477,0.261000000000165,23
"ml-gls","test","boomsma","boomsma_4UL","cfa",25,"ML","layered_port",400,400,400,400,0,0.00100000000000477,0.299999999999897,22
"ml-gls","test","boomsma","boomsma_4UL","cfa",100,"GLS","default",400,400,399,399,0,0.00100000000000477,0.309999999999916,38
"ml-gls","test","boomsma","boomsma_4UL","cfa",100,"GLS","default_port",400,400,368,368,0,0.00100000000000477,0.359000000000292,34
"ml-gls","test","boomsma","boomsma_4UL","cfa",100,"GLS","layered_lbfgs",400,400,400,400,0,0.00100000000000477,0.249000000000136,19
"ml-gls","test","boomsma","boomsma_4UL","cfa",100,"GLS","layered_port",400,400,400,400,0,0.00100000000000477,0.270999999999815,18
"ml-gls","test","boomsma","boomsma_4UL","cfa",100,"ML","default",400,400,400,400,0,0.00100000000000477,0.248000000000046,26
"ml-gls","test","boomsma","boomsma_4UL","cfa",100,"ML","default_port",400,400,400,400,0,0.00100000000000477,0.292999999999352,24
"ml-gls","test","boomsma","boomsma_4UL","cfa",100,"ML","layered_lbfgs",400,400,400,400,0,0.00100000000000477,0.260999999999966,19
"ml-gls","test","boomsma","boomsma_4UL","cfa",100,"ML","layered_port",400,400,400,400,0,0.00100000000000477,0.25600000000017,16
"ml-gls","test","boomsma","boomsma_4UM","cfa",25,"GLS","default",400,336,278,277,0,0.00100000000000477,0.454999999999955,41
"ml-gls","test","boomsma","boomsma_4UM","cfa",25,"GLS","default_port",400,336,282,275,0,0.00100000000000477,0.885999999999569,45
"ml-gls","test","boomsma","boomsma_4UM","cfa",25,"GLS","layered_lbfgs",400,336,328,326,0,0.00100000000000477,0.407999999999958,34
"ml-gls","test","boomsma","boomsma_4UM","cfa",25,"GLS","layered_port",400,336,328,326,0,0.00100000000000477,0.842000000000438,32.5
"ml-gls","test","boomsma","boomsma_4UM","cfa",25,"ML","default",400,376,372,368,0,0.00100000000000477,0.410999999999773,31
"ml-gls","test","boomsma","boomsma_4UM","cfa",25,"ML","default_port",400,376,375,371,0,0.00100000000000477,0.602000000000117,32
"ml-gls","test","boomsma","boomsma_4UM","cfa",25,"ML","layered_lbfgs",400,376,372,368,0,0.00100000000000477,0.411999999999892,28
"ml-gls","test","boomsma","boomsma_4UM","cfa",25,"ML","layered_port",400,376,372,368,0,0.00100000000000477,0.619999999999919,28
"ml-gls","test","boomsma","boomsma_4UM","cfa",100,"GLS","default",400,400,383,383,0,0.00100000000000477,0.321999999999831,34
"ml-gls","test","boomsma","boomsma_4UM","cfa",100,"GLS","default_port",400,400,350,350,0,0.00100000000000477,0.421000000000332,38
"ml-gls","test","boomsma","boomsma_4UM","cfa",100,"GLS","layered_lbfgs",400,400,400,400,0,0.00100000000000477,0.26699999999991,24
"ml-gls","test","boomsma","boomsma_4UM","cfa",100,"GLS","layered_port",400,400,400,400,0,0.00100000000000477,0.323000000000205,24
"ml-gls","test","boomsma","boomsma_4UM","cfa",100,"ML","default",400,400,400,400,0,0.00100000000000477,0.273999999999915,26
"ml-gls","test","boomsma","boomsma_4UM","cfa",100,"ML","default_port",400,400,400,400,0,0.00100000000000477,0.315000000000167,25
"ml-gls","test","boomsma","boomsma_4UM","cfa",100,"ML","layered_lbfgs",400,400,400,400,0,0.00100000000000477,0.283999999999877,24
"ml-gls","test","boomsma","boomsma_4UM","cfa",100,"ML","layered_port",400,400,400,400,0,0.00100000000000477,0.32299999999958,22
"ml-gls","test","boomsma","boomsma_4US","cfa",25,"GLS","default",400,253,154,145,0,0.00100000000000477,0.627999999999758,61
"ml-gls","test","boomsma","boomsma_4US","cfa",25,"GLS","default_port",400,253,167,159,0,0.00199999999998113,1.45299999999995,68
"ml-gls","test","boomsma","boomsma_4US","cfa",25,"GLS","layered_lbfgs",400,253,173,169,0,0.00100000000000477,0.665999999999712,48
"ml-gls","test","boomsma","boomsma_4US","cfa",25,"GLS","layered_port",400,253,192,188,0,0.00399999999999068,1.74999999999983,52
"ml-gls","test","boomsma","boomsma_4US","cfa",25,"ML","default",400,305,221,217,0,0.00100000000000477,1.36299999999991,45
"ml-gls","test","boomsma","boomsma_4US","cfa",25,"ML","default_port",400,305,246,238,0,0.00199999999999534,2.07700000000006,51
"ml-gls","test","boomsma","boomsma_4US","cfa",25,"ML","layered_lbfgs",400,305,247,246,0,0.00100000000000477,1.26599999999988,47
"ml-gls","test","boomsma","boomsma_4US","cfa",25,"ML","layered_port",400,305,273,272,0,0.00100000000000477,1.78299999999965,50
"ml-gls","test","boomsma","boomsma_4US","cfa",100,"GLS","default",400,392,331,331,0,0.00100000000000477,0.336000000000069,37
"ml-gls","test","boomsma","boomsma_4US","cfa",100,"GLS","default_port",400,392,314,314,0,0.00100000000000477,0.514000000000293,54
"ml-gls","test","boomsma","boomsma_4US","cfa",100,"GLS","layered_lbfgs",400,392,392,392,0,0.00100000000000477,0.299999999999953,37.5
"ml-gls","test","boomsma","boomsma_4US","cfa",100,"GLS","layered_port",400,392,392,392,0,0.00100000000000477,0.395000000000208,39
"ml-gls","test","boomsma","boomsma_4US","cfa",100,"ML","default",400,400,400,400,0,0.00100000000000477,0.285999999999972,36
"ml-gls","test","boomsma","boomsma_4US","cfa",100,"ML","default_port",400,400,400,400,0,0.00100000000000477,0.382000000000174,42.5
"ml-gls","test","boomsma","boomsma_4US","cfa",100,"ML","layered_lbfgs",400,400,400,400,0,0.00100000000000477,0.304000000000115,35
"ml-gls","test","boomsma","boomsma_4US","cfa",100,"ML","layered_port",400,400,400,400,0,0.00100000000000477,0.375000000000027,38
"ml-gls","test","chen","chen_2001","m0",25,"GLS","default",400,381,158,146,0,0.00300000000004275,1.43999999999858,82
"ml-gls","test","chen","chen_2001","m0",25,"GLS","default_port",400,381,153,136,0,0.0040000000000191,2.48600000000022,65
"ml-gls","test","chen","chen_2001","m0",25,"GLS","layered_lbfgs",400,381,361,353,0,0.000999999999976353,0.604999999999222,40
"ml-gls","test","chen","chen_2001","m0",25,"GLS","layered_port",400,381,364,361,0,0.00100000000009004,0.903999999999542,41
"ml-gls","test","chen","chen_2001","m0",25,"ML","default",400,400,400,396,0,0.000999999999976353,0.419999999998254,49
"ml-gls","test","chen","chen_2001","m0",25,"ML","default_port",400,400,400,396,0,0.00199999999995271,0.679000000000656,66
"ml-gls","test","chen","chen_2001","m0",25,"ML","layered_lbfgs",400,400,384,384,0,0.000999999999976353,0.750999999998726,31
"ml-gls","test","chen","chen_2001","m0",25,"ML","layered_port",400,400,384,384,0,0.000999999999976353,0.727000000000317,31
"ml-gls","test","chen","chen_2001","m0",100,"GLS","default",400,400,294,294,0,0.00199999999995271,0.913000000000466,46
"ml-gls","test","chen","chen_2001","m0",100,"GLS","default_port",400,400,220,220,0,0.00199999999995271,1.34500000000162,44
"ml-gls","test","chen","chen_2001","m0",100,"GLS","layered_lbfgs",400,400,400,400,0,0.000999999999976353,0.381999999999039,25
"ml-gls","test","chen","chen_2001","m0",100,"GLS","layered_port",400,400,400,400,0,0.000999999999976353,0.426000000000954,23.5
"ml-gls","test","chen","chen_2001","m0",100,"ML","default",400,400,400,400,0,0.000999999999976353,0.407000000000949,44
"ml-gls","test","chen","chen_2001","m0",100,"ML","default_port",400,400,400,400,0,0.000999999999976353,0.549000000000092,48
"ml-gls","test","chen","chen_2001","m0",100,"ML","layered_lbfgs",400,400,400,400,0,0.000999999999976353,0.392999999999915,25
"ml-gls","test","chen","chen_2001","m0",100,"ML","layered_port",400,400,400,400,0,0.000999999999976353,0.447999999997933,22
"ml-gls","test","chen","chen_2001","m1",25,"GLS","default",400,372,162,147,0,0.00299999999992906,1.36899999999912,64
"ml-gls","test","chen","chen_2001","m1",25,"GLS","default_port",400,372,165,149,0,0.0040000000000191,2.30599999999959,65
"ml-gls","test","chen","chen_2001","m1",25,"GLS","layered_lbfgs",400,372,357,355,0,0.000999999999976353,0.600000000000819,40
"ml-gls","test","chen","chen_2001","m1",25,"GLS","layered_port",400,372,360,355,0,0.00100000000009004,0.98200000000054,38.5
"ml-gls","test","chen","chen_2001","m1",25,"ML","default",400,400,400,392,0,0.000999999999976353,0.364000000000715,46
"ml-gls","test","chen","chen_2001","m1",25,"ML","default_port",400,400,400,392,0,0.00100000000009004,0.618999999999119,62
"ml-gls","test","chen","chen_2001","m1",25,"ML","layered_lbfgs",400,400,396,391,0,0.000999999999976353,0.45299999999952,28
"ml-gls","test","chen","chen_2001","m1",25,"ML","layered_port",400,400,399,392,0,0.000999999999976353,0.521999999999253,30
"ml-gls","test","chen","chen_2001","m1",100,"GLS","default",400,400,296,296,0,0.00100000000009004,0.783000000002176,44
"ml-gls","test","chen","chen_2001","m1",100,"GLS","default_port",400,400,238,238,0,0.00199999999995271,1.2180000000003,43
"ml-gls","test","chen","chen_2001","m1",100,"GLS","layered_lbfgs",400,400,400,400,0,0.000999999999976353,0.370999999999526,25
"ml-gls","test","chen","chen_2001","m1",100,"GLS","layered_port",400,400,400,400,0,0.000999999999976353,0.400999999998362,23
"ml-gls","test","chen","chen_2001","m1",100,"ML","default",400,400,400,400,0,0.000999999999976353,0.373000000000275,40
"ml-gls","test","chen","chen_2001","m1",100,"ML","default_port",400,400,400,400,0,0.000999999999976353,0.504999999999427,43
"ml-gls","test","chen","chen_2001","m1",100,"ML","layered_lbfgs",400,400,400,400,0,0.000999999999976353,0.379000000001724,24
"ml-gls","test","chen","chen_2001","m1",100,"ML","layered_port",400,400,400,400,0,0.000999999999976353,0.4099999999994,20
"ml-gls","test","chen","chen_2001","m2",25,"GLS","default",400,373,162,139,0,0.00200000000006639,1.24399999999969,64
"ml-gls","test","chen","chen_2001","m2",25,"GLS","default_port",400,373,171,153,0,0.00300000000004275,2.21300000000224,65
"ml-gls","test","chen","chen_2001","m2",25,"GLS","layered_lbfgs",400,373,355,343,0,0.000999999999976353,0.58999999999935,39
"ml-gls","test","chen","chen_2001","m2",25,"GLS","layered_port",400,373,364,351,0,0.000999999999976353,0.870999999999868,38
"ml-gls","test","chen","chen_2001","m2",25,"ML","default",400,400,400,388,0,0.000999999999976353,0.372000000000639,44
"ml-gls","test","chen","chen_2001","m2",25,"ML","default_port",400,400,400,388,0,0.00100000000009004,0.576000000001614,57
"ml-gls","test","chen","chen_2001","m2",25,"ML","layered_lbfgs",400,400,400,392,0,0.000999999999976353,0.402000000000385,28
"ml-gls","test","chen","chen_2001","m2",25,"ML","layered_port",400,400,400,392,0,0.000999999999976353,0.466999999999189,30
"ml-gls","test","chen","chen_2001","m2",100,"GLS","default",400,400,297,292,0,0.00100000000009004,0.720999999999094,42
"ml-gls","test","chen","chen_2001","m2",100,"GLS","default_port",400,400,258,255,0,0.00199999999995271,1.13699999999824,41
"ml-gls","test","chen","chen_2001","m2",100,"GLS","layered_lbfgs",400,400,400,400,0,0.000999999999976353,0.361000000001127,24
"ml-gls","test","chen","chen_2001","m2",100,"GLS","layered_port",400,400,400,400,0,0.000999999999976353,0.406999999999698,23
"ml-gls","test","chen","chen_2001","m2",100,"ML","default",400,400,400,400,0,0.000999999999976353,0.363999999999919,39
"ml-gls","test","chen","chen_2001","m2",100,"ML","default_port",400,400,400,400,0,0.000999999999976353,0.477999999999497,40
"ml-gls","test","chen","chen_2001","m2",100,"ML","layered_lbfgs",400,400,400,400,0,0.000999999999976353,0.361999999999284,23
"ml-gls","test","chen","chen_2001","m2",100,"ML","layered_port",400,400,400,400,0,0.000999999999976353,0.402999999999338,20
"ml-gls","test","chen","chen_2001","m3",25,"GLS","default",400,364,176,153,0,0.00200000000006639,1.14199999999983,60.5
"ml-gls","test","chen","chen_2001","m3",25,"GLS","default_port",400,364,185,158,0,0.00200000000006639,1.84400000000051,61
"ml-gls","test","chen","chen_2001","m3",25,"GLS","layered_lbfgs",400,364,351,331,0,0.000999999999976353,0.561000000000604,40
"ml-gls","test","chen","chen_2001","m3",25,"GLS","layered_port",400,364,348,328,0,0.000999999999976353,0.936000000000036,40
"ml-gls","test","chen","chen_2001","m3",25,"ML","default",400,400,400,400,0,0.000999999999976353,0.335999999998307,40
"ml-gls","test","chen","chen_2001","m3",25,"ML","default_port",400,400,400,400,0,0.000999999999976353,0.503000000000498,51.5
"ml-gls","test","chen","chen_2001","m3",25,"ML","layered_lbfgs",400,400,400,400,0,0.000999999999976353,0.347999999999956,26
"ml-gls","test","chen","chen_2001","m3",25,"ML","layered_port",400,400,400,400,0,0.000999999999976353,0.420000000000869,28
"ml-gls","test","chen","chen_2001","m3",100,"GLS","default",400,400,297,292,0,0.00100000000009004,0.883000000000607,43
"ml-gls","test","chen","chen_2001","m3",100,"GLS","default_port",400,400,270,268,0,0.00199999999995271,0.824000000000524,42
"ml-gls","test","chen","chen_2001","m3",100,"GLS","layered_lbfgs",400,400,400,398,0,0.000999999999976353,0.34500000000105,23
"ml-gls","test","chen","chen_2001","m3",100,"GLS","layered_port",400,400,400,398,0,0.000999999999976353,0.383000000000266,22
"ml-gls","test","chen","chen_2001","m3",100,"ML","default",400,400,400,400,0,0.000999999999976353,0.332000000000335,35
"ml-gls","test","chen","chen_2001","m3",100,"ML","default_port",400,400,400,400,0,0.000999999999976353,0.418000000000234,34
"ml-gls","test","chen","chen_2001","m3",100,"ML","layered_lbfgs",400,400,400,400,0,0.000999999999976353,0.335000000001287,21
"ml-gls","test","chen","chen_2001","m3",100,"ML","layered_port",400,400,400,400,0,0.000999999999976353,0.365000000000464,19
"ml-gls","test","constrained","eqcfa_l40","equal_loadings",25,"GLS","default",300,231,173,173,0,0.000999999999976353,0.301000000000386,28
"ml-gls","test","constrained","eqcfa_l40","equal_loadings",25,"GLS","default_port",300,231,176,176,0,0.000999999999976353,0.518999999999778,30
"ml-gls","test","constrained","eqcfa_l40","equal_loadings",25,"GLS","layered_lbfgs",300,231,231,231,0,0.000999999999976353,0.276000000000522,33
"ml-gls","test","constrained","eqcfa_l40","equal_loadings",25,"GLS","layered_port",300,231,228,228,0,0.000999999999976353,0.563999999998487,32
"ml-gls","test","constrained","eqcfa_l40","equal_loadings",25,"ML","default",300,204,167,166,0,0.0010000000000332,0.951999999999317,26
"ml-gls","test","constrained","eqcfa_l40","equal_loadings",25,"ML","default_port",300,204,155,155,0,0.000999999999976353,0.742000000000189,31
"ml-gls","test","constrained","eqcfa_l40","equal_loadings",25,"ML","layered_lbfgs",300,204,198,198,0,0.000999999999976353,0.463000000000875,30
"ml-gls","test","constrained","eqcfa_l40","equal_loadings",25,"ML","layered_port",300,204,201,201,0,0.00100000000009004,0.921000000000277,35
"ml-gls","test","constrained","eqcfa_l40","equal_loadings",100,"GLS","default",300,294,260,260,0,0.000999999999976353,0.260999999999171,19
"ml-gls","test","constrained","eqcfa_l40","equal_loadings",100,"GLS","default_port",300,294,260,260,0,0.000999999999976353,0.292999999999552,24
"ml-gls","test","constrained","eqcfa_l40","equal_loadings",100,"GLS","layered_lbfgs",300,294,294,294,0,0.000999999999976353,0.235999999999535,22
"ml-gls","test","constrained","eqcfa_l40","equal_loadings",100,"GLS","layered_port",300,294,294,294,0,0.000999999999976353,0.31799999999987,26
"ml-gls","test","constrained","eqcfa_l40","equal_loadings",100,"ML","default",300,291,266,266,0,0.000999999999976353,0.610000000000582,20
"ml-gls","test","constrained","eqcfa_l40","equal_loadings",100,"ML","default_port",300,291,258,258,0,0.000999999999976353,0.317000000000007,25
"ml-gls","test","constrained","eqcfa_l40","equal_loadings",100,"ML","layered_lbfgs",300,291,291,291,0,0.000999999999976353,0.278999999999769,24
"ml-gls","test","constrained","eqcfa_l40","equal_loadings",100,"ML","layered_port",300,291,291,291,0,0.000999999999976353,0.350999999999772,27
"ml-gls","test","constrained","eqcfa_l40","equal_loadings_residuals",25,"GLS","default",300,228,172,172,0,0.000999999999976353,0.251000000001,27
"ml-gls","test","constrained","eqcfa_l40","equal_loadings_residuals",25,"GLS","default_port",300,228,170,170,0,0.000999999999976353,0.460999999999558,29
"ml-gls","test","constrained","eqcfa_l40","equal_loadings_residuals",25,"GLS","layered_lbfgs",300,228,228,228,0,0.000999999999976353,0.252000000000749,29
"ml-gls","test","constrained","eqcfa_l40","equal_loadings_residuals",25,"GLS","layered_port",300,228,225,225,0,0.000999999999976353,0.514000000000578,30
"ml-gls","test","constrained","eqcfa_l40","equal_loadings_residuals",25,"ML","default",300,204,171,171,0,0.000999999999976353,0.657000000000381,22
"ml-gls","test","constrained","eqcfa_l40","equal_loadings_residuals",25,"ML","default_port",300,204,157,157,0,0.000999999999976353,0.54099999999994,29
"ml-gls","test","constrained","eqcfa_l40","equal_loadings_residuals",25,"ML","layered_lbfgs",300,204,204,204,0,0.000999999999976353,0.313999999999851,23
"ml-gls","test","constrained","eqcfa_l40","equal_loadings_residuals",25,"ML","layered_port",300,204,201,201,0,0.000999999999976353,0.682000000000016,29
"ml-gls","test","constrained","eqcfa_l40","equal_loadings_residuals",100,"GLS","default",300,294,260,260,0,0.000999999999976353,0.228999999999814,17.5
"ml-gls","test","constrained","eqcfa_l40","equal_loadings_residuals",100,"GLS","default_port",300,294,260,260,0,0.000999999999976353,0.278999999998632,23
"ml-gls","test","constrained","eqcfa_l40","equal_loadings_residuals",100,"GLS","layered_lbfgs",300,294,294,294,0,0.000999999999976353,0.228000000000748,18
"ml-gls","test","constrained","eqcfa_l40","equal_loadings_residuals",100,"GLS","layered_port",300,294,294,294,0,0.000999999999976353,0.27399999999966,22.5
"ml-gls","test","constrained","eqcfa_l40","equal_loadings_residuals",100,"ML","default",300,291,266,266,0,0.000999999999976353,0.494000000000369,19
"ml-gls","test","constrained","eqcfa_l40","equal_loadings_residuals",100,"ML","default_port",300,291,258,258,0,0.000999999999976353,0.279999999998836,25
"ml-gls","test","constrained","eqcfa_l40","equal_loadings_residuals",100,"ML","layered_lbfgs",300,291,288,288,0,0.000999999999976353,0.231000000001018,19
"ml-gls","test","constrained","eqcfa_l40","equal_loadings_residuals",100,"ML","layered_port",300,291,288,288,0,0.000999999999976353,0.326999999999543,23
"ml-gls","test","constrained","eqcfa_l60","equal_loadings",25,"GLS","default",300,300,279,279,0,0.000999999999976353,0.226000000000113,22
"ml-gls","test","constrained","eqcfa_l60","equal_loadings",25,"GLS","default_port",300,300,279,279,0,0.000999999999976353,0.238000000001875,21
"ml-gls","test","constrained","eqcfa_l60","equal_loadings",25,"GLS","layered_lbfgs",300,300,300,300,0,0.000999999999976353,0.223999999998682,23
"ml-gls","test","constrained","eqcfa_l60","equal_loadings",25,"GLS","layered_port",300,300,300,300,0,0.000999999999976353,0.244000000000142,21
"ml-gls","test","constrained","eqcfa_l60","equal_loadings",25,"ML","default",300,294,277,277,0,0.000999999999976353,0.362999999999374,20
"ml-gls","test","constrained","eqcfa_l60","equal_loadings",25,"ML","default_port",300,294,273,273,0,0.000999999999976353,0.26699999999903,21
"ml-gls","test","constrained","eqcfa_l60","equal_loadings",25,"ML","layered_lbfgs",300,294,294,294,0,0.000999999999976353,0.236999999999739,23
"ml-gls","test","constrained","eqcfa_l60","equal_loadings",25,"ML","layered_port",300,294,294,294,0,0.000999999999976353,0.292999999999893,24
"ml-gls","test","constrained","eqcfa_l60","equal_loadings",100,"GLS","default",300,300,300,300,0,0.000999999999976353,0.205000000000837,14
"ml-gls","test","constrained","eqcfa_l60","equal_loadings",100,"GLS","default_port",300,300,300,300,0,0.000999999999976353,0.209999999998331,14
"ml-gls","test","constrained","eqcfa_l60","equal_loadings",100,"GLS","layered_lbfgs",300,300,300,300,0,0.000999999999976353,0.240999999998621,13
"ml-gls","test","constrained","eqcfa_l60","equal_loadings",100,"GLS","layered_port",300,300,300,300,0,0.000999999999976353,0.252000000000294,14
"ml-gls","test","constrained","eqcfa_l60","equal_loadings",100,"ML","default",300,300,300,300,0,0.000999999999976353,0.204000000000974,15
"ml-gls","test","constrained","eqcfa_l60","equal_loadings",100,"ML","default_port",300,300,300,300,0,0.000999999999976353,0.22199999999907,14
"ml-gls","test","constrained","eqcfa_l60","equal_loadings",100,"ML","layered_lbfgs",300,300,300,300,0,0.000999999999976353,0.244000000001051,14
"ml-gls","test","constrained","eqcfa_l60","equal_loadings",100,"ML","layered_port",300,300,300,300,0,0.000999999999976353,0.255999999998949,13
"ml-gls","test","constrained","eqcfa_l60","equal_loadings_residuals",25,"GLS","default",300,297,276,276,0,0.000999999999976353,0.216000000000008,22
"ml-gls","test","constrained","eqcfa_l60","equal_loadings_residuals",25,"GLS","default_port",300,297,276,276,0,0.000999999999976353,0.240999999999076,19
"ml-gls","test","constrained","eqcfa_l60","equal_loadings_residuals",25,"GLS","layered_lbfgs",300,297,297,297,0,0.000999999999976353,0.206000000000472,20
"ml-gls","test","constrained","eqcfa_l60","equal_loadings_residuals",25,"GLS","layered_port",300,297,297,297,0,0.000999999999976353,0.241000000000099,18
"ml-gls","test","constrained","eqcfa_l60","equal_loadings_residuals",25,"ML","default",300,294,275,275,0,0.000999999999976353,0.35000000000025,16
"ml-gls","test","constrained","eqcfa_l60","equal_loadings_residuals",25,"ML","default_port",300,294,273,273,0,0.000999999999976353,0.231000000000336,18
"ml-gls","test","constrained","eqcfa_l60","equal_loadings_residuals",25,"ML","layered_lbfgs",300,294,294,294,0,0.000999999999976353,0.207000000001017,15
"ml-gls","test","constrained","eqcfa_l60","equal_loadings_residuals",25,"ML","layered_port",300,294,291,291,0,0.000999999999976353,0.23099999999954,16
"ml-gls","test","constrained","eqcfa_l60","equal_loadings_residuals",100,"GLS","default",300,300,300,300,0,0.000999999999976353,0.207000000000107,14
"ml-gls","test","constrained","eqcfa_l60","equal_loadings_residuals",100,"GLS","default_port",300,300,300,300,0,0.000999999999976353,0.20199999999943,14
"ml-gls","test","constrained","eqcfa_l60","equal_loadings_residuals",100,"GLS","layered_lbfgs",300,300,300,300,0,0.000999999999976353,0.21100000000024,13
"ml-gls","test","constrained","eqcfa_l60","equal_loadings_residuals",100,"GLS","layered_port",300,300,300,300,0,0.000999999999976353,0.226000000000795,13
"ml-gls","test","constrained","eqcfa_l60","equal_loadings_residuals",100,"ML","default",300,300,300,300,0,0.000999999999976353,0.169999999998936,14
"ml-gls","test","constrained","eqcfa_l60","equal_loadings_residuals",100,"ML","default_port",300,300,300,300,0,0.000999999999976353,0.216999999999189,13
"ml-gls","test","constrained","eqcfa_l60","equal_loadings_residuals",100,"ML","layered_lbfgs",300,300,300,300,0,0.000999999999976353,0.199999999998795,12
"ml-gls","test","constrained","eqcfa_l60","equal_loadings_residuals",100,"ML","layered_port",300,300,300,300,0,0.000999999999976353,0.224999999999795,11
"ml-gls","test","constrained","eqchain_b20","equal_paths",25,"GLS","default",300,204,124,117,0,0.00200000000006639,0.911000000000059,63
"ml-gls","test","constrained","eqchain_b20","equal_paths",25,"GLS","default_port",300,204,116,107,0,0.00300000000004275,1.87300000000096,61
"ml-gls","test","constrained","eqchain_b20","equal_paths",25,"GLS","layered_lbfgs",300,204,170,163,0,0.00200000000006639,0.95799999999872,58
"ml-gls","test","constrained","eqchain_b20","equal_paths",25,"GLS","layered_port",300,204,177,174,0,0.00299999999992906,2.03899999999942,57
"ml-gls","test","constrained","eqchain_b20","equal_paths",25,"ML","default",300,264,246,245,0,0.00200000000006639,2.29499999999825,55.5
"ml-gls","test","constrained","eqchain_b20","equal_paths",25,"ML","default_port",300,264,182,182,0,0.00300000000004275,2.5070000000004,63
"ml-gls","test","constrained","eqchain_b20","equal_paths",25,"ML","layered_lbfgs",300,264,264,262,0,0.00100000000009004,1.25599999999974,39
"ml-gls","test","constrained","eqchain_b20","equal_paths",25,"ML","layered_port",300,264,261,259,0,0.00199999999995271,1.48200000000111,47
"ml-gls","test","constrained","eqchain_b20","equal_paths",100,"GLS","default",300,300,258,258,0,0.00100000000009004,0.479000000000042,40
"ml-gls","test","constrained","eqchain_b20","equal_paths",100,"GLS","default_port",300,300,200,200,0,0.00199999999995271,0.557000000000244,44
"ml-gls","test","constrained","eqchain_b20","equal_paths",100,"GLS","layered_lbfgs",300,300,300,300,0,0.000999999999976353,0.3449999999998,30
"ml-gls","test","constrained","eqchain_b20","equal_paths",100,"GLS","layered_port",300,300,300,300,0,0.000999999999976353,0.414999999998827,29
"ml-gls","test","constrained","eqchain_b20","equal_paths",100,"ML","default",300,300,299,298,0,0.00100000000009004,0.796000000000959,45
"ml-gls","test","constrained","eqchain_b20","equal_paths",100,"ML","default_port",300,300,202,202,0,0.00200000000006639,1.00899999999854,46
"ml-gls","test","constrained","eqchain_b20","equal_paths",100,"ML","layered_lbfgs",300,300,300,300,0,0.000999999999976353,0.351000000000681,29
"ml-gls","test","constrained","eqchain_b20","equal_paths",100,"ML","layered_port",300,300,300,300,0,0.000999999999976353,0.420999999999026,24
"ml-gls","test","constrained","eqchain_b20","equal_paths_disturbances",25,"GLS","default",300,245,163,148,0,0.00199999999995271,0.683999999999628,56
"ml-gls","test","constrained","eqchain_b20","equal_paths_disturbances",25,"GLS","default_port",300,245,154,142,0,0.00199999999995271,1.19000000000051,56
"ml-gls","test","constrained","eqchain_b20","equal_paths_disturbances",25,"GLS","layered_lbfgs",300,245,213,195,0,0.00199999999995271,0.713999999998691,54
"ml-gls","test","constrained","eqchain_b20","equal_paths_disturbances",25,"GLS","layered_port",300,245,222,201,0,0.00200000000000955,1.51500000000112,54.5
"ml-gls","test","constrained","eqchain_b20","equal_paths_disturbances",25,"ML","default",300,282,268,267,0,0.00199999999995271,1.69999999999993,46
"ml-gls","test","constrained","eqchain_b20","equal_paths_disturbances",25,"ML","default_port",300,282,194,193,0,0.00200000000006639,1.72300000000007,54
"ml-gls","test","constrained","eqchain_b20","equal_paths_disturbances",25,"ML","layered_lbfgs",300,282,282,282,0,0.000999999999976353,0.582999999999288,35
"ml-gls","test","constrained","eqchain_b20","equal_paths_disturbances",25,"ML","layered_port",300,282,282,282,0,0.00199999999995271,0.749999999999773,41.5
"ml-gls","test","constrained","eqchain_b20","equal_paths_disturbances",100,"GLS","default",300,300,272,272,0,0.000999999999976353,0.407000000001631,32
"ml-gls","test","constrained","eqchain_b20","equal_paths_disturbances",100,"GLS","default_port",300,300,205,205,0,0.00100000000009004,0.492000000000303,35
"ml-gls","test","constrained","eqchain_b20","equal_paths_disturbances",100,"GLS","layered_lbfgs",300,300,300,300,0,0.000999999999976353,0.317000000001485,26
"ml-gls","test","constrained","eqchain_b20","equal_paths_disturbances",100,"GLS","layered_port",300,300,300,300,0,0.000999999999976353,0.377999999999474,25.5
"ml-gls","test","constrained","eqchain_b20","equal_paths_disturbances",100,"ML","default",300,300,300,300,0,0.00100000000009004,0.608000000001084,36
"ml-gls","test","constrained","eqchain_b20","equal_paths_disturbances",100,"ML","default_port",300,300,204,204,0,0.00199999999995271,0.760000000001241,36
"ml-gls","test","constrained","eqchain_b20","equal_paths_disturbances",100,"ML","layered_lbfgs",300,300,300,300,0,0.000999999999976353,0.324999999998226,24
"ml-gls","test","constrained","eqchain_b20","equal_paths_disturbances",100,"ML","layered_port",300,300,300,300,0,0.000999999999976353,0.366000000000213,22
"ml-gls","test","constrained","eqchain_b50","equal_paths",25,"GLS","default",300,213,99,88,0,0.00200000000006639,0.94000000000051,72
"ml-gls","test","constrained","eqchain_b50","equal_paths",25,"GLS","default_port",300,213,101,89,0,0.00300000000004275,2.08999999999969,72
"ml-gls","test","constrained","eqchain_b50","equal_paths",25,"GLS","layered_lbfgs",300,213,164,148,0,0.00200000000006639,1.0319999999997,65
"ml-gls","test","constrained","eqchain_b50","equal_paths",25,"GLS","layered_port",300,213,176,164,0,0.00399999999990541,2.06799999999964,64
"ml-gls","test","constrained","eqchain_b50","equal_paths",25,"ML","default",300,294,265,264,0,0.00100000000009004,1.8889999999991,50
"ml-gls","test","constrained","eqchain_b50","equal_paths",25,"ML","default_port",300,294,213,213,0,0.00200000000006639,1.92999999999961,57
"ml-gls","test","constrained","eqchain_b50","equal_paths",25,"ML","layered_lbfgs",300,294,285,285,0,0.000999999999976353,0.470999999999776,37
"ml-gls","test","constrained","eqchain_b50","equal_paths",25,"ML","layered_port",300,294,289,286,0,0.00199999999995271,0.831999999999085,44
"ml-gls","test","constrained","eqchain_b50","equal_paths",100,"GLS","default",300,300,254,252,0,0.00100000000009004,0.535999999999604,39
"ml-gls","test","constrained","eqchain_b50","equal_paths",100,"GLS","default_port",300,300,202,200,0,0.00199999999995271,0.642999999999916,44
"ml-gls","test","constrained","eqchain_b50","equal_paths",100,"GLS","layered_lbfgs",300,300,300,300,0,0.000999999999976353,0.383999999999901,28.5
"ml-gls","test","constrained","eqchain_b50","equal_paths",100,"GLS","layered_port",300,300,300,300,0,0.00100000000009004,0.441000000000258,27
"ml-gls","test","constrained","eqchain_b50","equal_paths",100,"ML","default",300,300,299,299,0,0.00199999999995271,0.842000000000667,40
"ml-gls","test","constrained","eqchain_b50","equal_paths",100,"ML","default_port",300,300,200,200,0,0.00200000000006639,1.23400000000027,41
"ml-gls","test","constrained","eqchain_b50","equal_paths",100,"ML","layered_lbfgs",300,300,300,300,0,0.000999999999976353,0.384000000000015,27
"ml-gls","test","constrained","eqchain_b50","equal_paths",100,"ML","layered_port",300,300,300,300,0,0.00100000000009004,0.451999999999544,24
"ml-gls","test","constrained","eqchain_b50","equal_paths_disturbances",25,"GLS","default",300,236,136,121,0,0.00199999999995271,0.730000000001155,60
"ml-gls","test","constrained","eqchain_b50","equal_paths_disturbances",25,"GLS","default_port",300,236,134,121,0,0.00200000000006639,1.53800000000024,62
"ml-gls","test","constrained","eqchain_b50","equal_paths_disturbances",25,"GLS","layered_lbfgs",300,236,192,170,0,0.00199999999995271,0.863999999999806,56
"ml-gls","test","constrained","eqchain_b50","equal_paths_disturbances",25,"GLS","layered_port",300,236,198,175,0,0.00200000000006639,1.92299999999921,56.5
"ml-gls","test","constrained","eqchain_b50","equal_paths_disturbances",25,"ML","default",300,300,288,283,0,0.00100000000009004,1.58899999999949,43
"ml-gls","test","constrained","eqchain_b50","equal_paths_disturbances",25,"ML","default_port",300,300,222,220,0,0.00200000000006639,1.54100000000085,49
"ml-gls","test","constrained","eqchain_b50","equal_paths_disturbances",25,"ML","layered_lbfgs",300,300,298,295,0,0.000999999999976353,0.377000000000066,33
"ml-gls","test","constrained","eqchain_b50","equal_paths_disturbances",25,"ML","layered_port",300,300,297,294,0,0.00199999999995271,0.552000000001272,40
"ml-gls","test","constrained","eqchain_b50","equal_paths_disturbances",100,"GLS","default",300,300,261,261,0,0.00100000000009004,0.460000000000719,33
"ml-gls","test","constrained","eqchain_b50","equal_paths_disturbances",100,"GLS","default_port",300,300,202,202,0,0.00199999999995271,0.605000000002974,36
"ml-gls","test","constrained","eqchain_b50","equal_paths_disturbances",100,"GLS","layered_lbfgs",300,300,300,300,0,0.000999999999976353,0.350000000000818,25
"ml-gls","test","constrained","eqchain_b50","equal_paths_disturbances",100,"GLS","layered_port",300,300,300,300,0,0.00100000000009004,0.435999999999808,25
"ml-gls","test","constrained","eqchain_b50","equal_paths_disturbances",100,"ML","default",300,300,298,298,0,0.00100000000009004,0.815000000000168,33
"ml-gls","test","constrained","eqchain_b50","equal_paths_disturbances",100,"ML","default_port",300,300,204,204,0,0.00199999999995271,0.954999999998677,32
"ml-gls","test","constrained","eqchain_b50","equal_paths_disturbances",100,"ML","layered_lbfgs",300,300,300,300,0,0.000999999999976353,0.36599999999919,23
"ml-gls","test","constrained","eqchain_b50","equal_paths_disturbances",100,"ML","layered_port",300,300,300,300,0,0.000999999999976353,0.409999999999059,21
"ml-gls","test","constrained","eqmean","equal_intercepts",25,"GLS","default",300,148,67,60,0,0.00299999999992906,1.02900000000034,74
"ml-gls","test","constrained","eqmean","equal_intercepts",25,"GLS","default_port",300,148,74,66,0,0.00599999999997181,2.29800000000023,77.5
"ml-gls","test","constrained","eqmean","equal_intercepts",25,"GLS","layered_lbfgs",300,148,78,77,0,0.00300000000004275,1.22099999999966,69.5
"ml-gls","test","constrained","eqmean","equal_intercepts",25,"GLS","layered_port",300,148,98,97,0,0.0109999999999673,2.88300000000072,76
"ml-gls","test","constrained","eqmean","equal_intercepts",25,"ML","default",300,186,112,107,0,0.01400000000001,6.03199999999879,75
"ml-gls","test","constrained","eqmean","equal_intercepts",25,"ML","default_port",300,186,107,95,0,0.01400000000001,3.87299999999903,85
"ml-gls","test","constrained","eqmean","equal_intercepts",25,"ML","layered_lbfgs",300,186,117,115,0,0.00499999999999545,3.48099999999897,79
"ml-gls","test","constrained","eqmean","equal_intercepts",25,"ML","layered_port",300,186,131,123,0,0.01400000000001,3.59900000000084,81
"ml-gls","test","constrained","eqmean","equal_intercepts",100,"GLS","default",300,261,187,187,0,0.00199999999995271,0.6149999999991,45
"ml-gls","test","constrained","eqmean","equal_intercepts",100,"GLS","default_port",300,261,186,186,0,0.00200000000006639,1.01000000000079,65
"ml-gls","test","constrained","eqmean","equal_intercepts",100,"GLS","layered_lbfgs",300,261,258,258,0,0.00100000000009004,0.53000000000111,46.5
"ml-gls","test","constrained","eqmean","equal_intercepts",100,"GLS","layered_port",300,261,261,261,0,0.00199999999995271,0.99500000000046,47
"ml-gls","test","constrained","eqmean","equal_intercepts",100,"ML","default",300,270,227,227,0,0.00200000000000955,4.26299999999822,47
"ml-gls","test","constrained","eqmean","equal_intercepts",100,"ML","default_port",300,270,186,186,0,0.00300000000004275,2.73099999999965,64
"ml-gls","test","constrained","eqmean","equal_intercepts",100,"ML","layered_lbfgs",300,270,258,258,0,0.00199999999995271,1.83799999999894,44
"ml-gls","test","constrained","eqmean","equal_intercepts",100,"ML","layered_port",300,270,258,258,0,0.00199999999995271,1.4069999999989,45
"ml-gls","test","constrained","eqmean","equal_intercepts_residuals",25,"GLS","default",300,286,164,135,0,0.00100000000009004,0.539999999999736,70
"ml-gls","test","constrained","eqmean","equal_intercepts_residuals",25,"GLS","default_port",300,286,168,135,0,0.00199999999995271,1.01799999999969,77
"ml-gls","test","constrained","eqmean","equal_intercepts_residuals",25,"GLS","layered_lbfgs",300,286,222,183,0,0.000999999999976353,0.485999999999535,61
"ml-gls","test","constrained","eqmean","equal_intercepts_residuals",25,"GLS","layered_port",300,286,210,171,0,0.00199999999995271,1.09700000000146,61
"ml-gls","test","constrained","eqmean","equal_intercepts_residuals",25,"ML","default",300,296,217,169,0,0.00199999999995271,2.929000000001,54
"ml-gls","test","constrained","eqmean","equal_intercepts_residuals",25,"ML","default_port",300,296,200,147,0,0.00299999999998591,2.14300000000014,70
"ml-gls","test","constrained","eqmean","equal_intercepts_residuals",25,"ML","layered_lbfgs",300,296,242,211,0,0.000999999999976353,0.827000000000794,49
"ml-gls","test","constrained","eqmean","equal_intercepts_residuals",25,"ML","layered_port",300,296,275,230,0,0.00199999999995271,1.2470000000003,59
"ml-gls","test","constrained","eqmean","equal_intercepts_residuals",100,"GLS","default",300,300,240,223,0,0.000999999999976353,0.392999999999916,38
"ml-gls","test","constrained","eqmean","equal_intercepts_residuals",100,"GLS","default_port",300,300,218,208,0,0.00199999999995271,0.565000000002215,55
"ml-gls","test","constrained","eqmean","equal_intercepts_residuals",100,"GLS","layered_lbfgs",300,300,300,295,0,0.000999999999976353,0.344000000001074,38.5
"ml-gls","test","constrained","eqmean","equal_intercepts_residuals",100,"GLS","layered_port",300,300,300,295,0,0.00100000000009004,0.433999999999287,41
"ml-gls","test","constrained","eqmean","equal_intercepts_residuals",100,"ML","default",300,300,278,258,0,0.00100000000009004,2.55799999999999,39
"ml-gls","test","constrained","eqmean","equal_intercepts_residuals",100,"ML","default_port",300,300,220,199,0,0.00200000000006639,1.73900000000106,54
"ml-gls","test","constrained","eqmean","equal_intercepts_residuals",100,"ML","layered_lbfgs",300,300,300,298,0,0.000999999999976353,0.389999999999532,35
"ml-gls","test","constrained","eqmean","equal_intercepts_residuals",100,"ML","layered_port",300,300,300,298,0,0.00199999999995271,0.494000000000597,39
"ml-gls","test","engineering15","high_r2","sem",25,"GLS","default",400,373,198,197,0,0.00100000000000477,0.552000000000006,47
"ml-gls","test","engineering15","high_r2","sem",25,"GLS","default_port",400,373,202,200,0,0.00100000000000477,0.874999999999886,47.5
"ml-gls","test","engineering15","high_r2","sem",25,"GLS","layered_lbfgs",400,373,334,326,0,0.000999999999990564,0.32600000000005,30
"ml-gls","test","engineering15","high_r2","sem",25,"GLS","layered_port",400,373,332,324,0,0.000999999999990564,0.665999999999769,30
"ml-gls","test","engineering15","high_r2","sem",25,"ML","default",400,392,370,370,0,0.000999999999990564,0.386000000000151,33
"ml-gls","test","engineering15","high_r2","sem",25,"ML","default_port",400,392,370,369,0,0.000999999999990564,0.500999999999905,35
"ml-gls","test","engineering15","high_r2","sem",25,"ML","layered_lbfgs",400,392,352,352,0,0.000999999999990564,0.380000000000137,28
"ml-gls","test","engineering15","high_r2","sem",25,"ML","layered_port",400,392,352,348,0,0.000999999999990564,0.747999999999819,28
"ml-gls","test","engineering15","high_r2","sem",100,"GLS","default",400,400,279,279,0,0.00100000000000477,0.444000000000187,34
"ml-gls","test","engineering15","high_r2","sem",100,"GLS","default_port",400,400,269,269,0,0.00100000000000477,0.857000000000098,39
"ml-gls","test","engineering15","high_r2","sem",100,"GLS","layered_lbfgs",400,400,400,400,0,0,0.178000000000054,20
"ml-gls","test","engineering15","high_r2","sem",100,"GLS","layered_port",400,400,400,400,0,0.000999999999990564,0.230999999999951,20
"ml-gls","test","engineering15","high_r2","sem",100,"ML","default",400,400,400,400,0,0,0.185000000000044,25
"ml-gls","test","engineering15","high_r2","sem",100,"ML","default_port",400,400,400,400,0,0.000999999999990564,0.23600000000006,25
"ml-gls","test","engineering15","high_r2","sem",100,"ML","layered_lbfgs",400,400,400,400,0,0.000999999999990564,0.214000000000041,21
"ml-gls","test","engineering15","high_r2","sem",100,"ML","layered_port",400,400,400,400,0,0.000999999999990564,0.225000000000121,20
"ml-gls","test","engineering15","weak_marker","sem",25,"GLS","default",400,182,56,52,0,0.00100000000000477,0.599999999999866,81
"ml-gls","test","engineering15","weak_marker","sem",25,"GLS","default_port",400,182,67,64,0,0.00300000000000011,1.50699999999999,109
"ml-gls","test","engineering15","weak_marker","sem",25,"GLS","layered_lbfgs",400,182,133,129,0,0.00100000000000477,0.679999999999992,78
"ml-gls","test","engineering15","weak_marker","sem",25,"GLS","layered_port",400,182,152,151,0,0.00499999999999545,1.87399999999992,76
"ml-gls","test","engineering15","weak_marker","sem",25,"ML","default",400,198,76,75,0,0.00300000000000011,2.24699999999994,48
"ml-gls","test","engineering15","weak_marker","sem",25,"ML","default_port",400,198,93,93,0,0.00799999999999557,3.19300000000004,62
"ml-gls","test","engineering15","weak_marker","sem",25,"ML","layered_lbfgs",400,198,140,137,0,0.00300000000000011,2.18300000000018,71
"ml-gls","test","engineering15","weak_marker","sem",25,"ML","layered_port",400,198,161,160,0,0.007000000000005,2.70699999999985,89
"ml-gls","test","engineering15","weak_marker","sem",100,"GLS","default",400,219,54,54,0,0.00100000000000477,0.505999999999957,97.5
"ml-gls","test","engineering15","weak_marker","sem",100,"GLS","default_port",400,219,74,74,0,0.00199999999999534,1.22500000000009,128
"ml-gls","test","engineering15","weak_marker","sem",100,"GLS","layered_lbfgs",400,219,140,140,0,0.00100000000000477,0.643999999999891,76
"ml-gls","test","engineering15","weak_marker","sem",100,"GLS","layered_port",400,219,166,166,0,0.00499999999999545,1.61500000000012,92
"ml-gls","test","engineering15","weak_marker","sem",100,"ML","default",400,260,94,94,0,0.00200000000000955,1.90300000000008,102
"ml-gls","test","engineering15","weak_marker","sem",100,"ML","default_port",400,260,134,131,0,0.00699999999999079,2.38300000000025,136
"ml-gls","test","engineering15","weak_marker","sem",100,"ML","layered_lbfgs",400,260,144,144,0,0.00600000000000023,2.96799999999981,94.5
"ml-gls","test","engineering15","weak_marker","sem",100,"ML","layered_port",400,260,183,179,0,0.007000000000005,2.37600000000012,117
"ml-gls","test","research47","r47_f1_p3","one_factor",25,"GLS","default",400,392,342,341,0,0,0.201000000000003,27
"ml-gls","test","research47","r47_f1_p3","one_factor",25,"GLS","default_port",400,392,347,347,0,0,0.169,28
"ml-gls","test","research47","r47_f1_p3","one_factor",25,"GLS","layered_lbfgs",400,392,392,392,0,0,0.136999999999993,19
"ml-gls","test","research47","r47_f1_p3","one_factor",25,"GLS","layered_port",400,392,392,392,0,0,0.128999999999994,20
"ml-gls","test","research47","r47_f1_p3","one_factor",25,"ML","default",400,392,372,372,0,0,0.225000000000002,28
"ml-gls","test","research47","r47_f1_p3","one_factor",25,"ML","default_port",400,392,372,372,0,0,0.208999999999999,29
"ml-gls","test","research47","r47_f1_p3","one_factor",25,"ML","layered_lbfgs",400,392,392,392,0,0,0.138999999999998,19
"ml-gls","test","research47","r47_f1_p3","one_factor",25,"ML","layered_port",400,392,392,392,0,0,0.137999999999995,19
"ml-gls","test","research47","r47_f1_p3","one_factor",100,"GLS","default",400,400,392,392,0,0,0.152000000000003,26
"ml-gls","test","research47","r47_f1_p3","one_factor",100,"GLS","default_port",400,400,374,374,0,0,0.118999999999996,26
"ml-gls","test","research47","r47_f1_p3","one_factor",100,"GLS","layered_lbfgs",400,400,400,400,0,0,0.128000000000002,15
"ml-gls","test","research47","r47_f1_p3","one_factor",100,"GLS","layered_port",400,400,400,400,0,0,0.127999999999997,16
"ml-gls","test","research47","r47_f1_p3","one_factor",100,"ML","default",400,400,400,400,0,0,0.138999999999997,24
"ml-gls","test","research47","r47_f1_p3","one_factor",100,"ML","default_port",400,400,400,400,0,0,0.145000000000001,26
"ml-gls","test","research47","r47_f1_p3","one_factor",100,"ML","layered_lbfgs",400,400,400,400,0,0,0.135999999999999,15
"ml-gls","test","research47","r47_f1_p3","one_factor",100,"ML","layered_port",400,400,400,400,0,0,0.132999999999997,16
"ml-gls","test","research47","r47_f1_p3_face","one_factor",25,"GLS","default",400,392,327,327,0,0,0.223999999999988,30
"ml-gls","test","research47","r47_f1_p3_face","one_factor",25,"GLS","default_port",400,392,329,329,0,0,0.272000000000006,30
"ml-gls","test","research47","r47_f1_p3_face","one_factor",25,"GLS","layered_lbfgs",400,392,372,372,0,0,0.194000000000008,20
"ml-gls","test","research47","r47_f1_p3_face","one_factor",25,"GLS","layered_port",400,392,392,392,0,0,0.179999999999996,21
"ml-gls","test","research47","r47_f1_p3_face","one_factor",25,"ML","default",400,388,368,368,0,0,0.349999999999989,33
"ml-gls","test","research47","r47_f1_p3_face","one_factor",25,"ML","default_port",400,388,368,368,0,0,0.320000000000002,37
"ml-gls","test","research47","r47_f1_p3_face","one_factor",25,"ML","layered_lbfgs",400,388,388,388,0,0,0.252999999999998,24
"ml-gls","test","research47","r47_f1_p3_face","one_factor",25,"ML","layered_port",400,388,388,388,0,0,0.210999999999986,22
"ml-gls","test","research47","r47_f1_p3_face","one_factor",100,"GLS","default",400,400,393,393,0,0,0.12600000000001,28
"ml-gls","test","research47","r47_f1_p3_face","one_factor",100,"GLS","default_port",400,400,373,373,0,0,0.138000000000016,29
"ml-gls","test","research47","r47_f1_p3_face","one_factor",100,"GLS","layered_lbfgs",400,400,400,400,0,0,0.114999999999979,18.5
"ml-gls","test","research47","r47_f1_p3_face","one_factor",100,"GLS","layered_port",400,400,400,400,0,0,0.114999999999993,19
"ml-gls","test","research47","r47_f1_p3_face","one_factor",100,"ML","default",400,400,400,400,0,0,0.122999999999999,32
"ml-gls","test","research47","r47_f1_p3_face","one_factor",100,"ML","default_port",400,400,400,400,0,0,0.134999999999996,34
"ml-gls","test","research47","r47_f1_p3_face","one_factor",100,"ML","layered_lbfgs",400,400,400,400,0,0,0.142000000000015,20
"ml-gls","test","research47","r47_f1_p3_face","one_factor",100,"ML","layered_port",400,400,400,400,0,0,0.125000000000007,19
"ml-gls","test","research47","r47_f1_p5","one_factor",25,"GLS","default",400,400,398,398,0,0,0.144999999999987,28
"ml-gls","test","research47","r47_f1_p5","one_factor",25,"GLS","default_port",400,400,397,394,0,0,0.165999999999989,27
"ml-gls","test","research47","r47_f1_p5","one_factor",25,"GLS","layered_lbfgs",400,400,400,400,0,0,0.134999999999998,16
"ml-gls","test","research47","r47_f1_p5","one_factor",25,"GLS","layered_port",400,400,400,400,0,0,0.16300000000002,15
"ml-gls","test","research47","r47_f1_p5","one_factor",25,"ML","default",400,400,400,400,0,0,0.200999999999996,26
"ml-gls","test","research47","r47_f1_p5","one_factor",25,"ML","default_port",400,400,400,400,0,0,0.162000000000005,24
"ml-gls","test","research47","r47_f1_p5","one_factor",25,"ML","layered_lbfgs",400,400,400,400,0,0,0.176000000000006,14
"ml-gls","test","research47","r47_f1_p5","one_factor",25,"ML","layered_port",400,400,400,400,0,0,0.150999999999986,13
"ml-gls","test","research47","r47_f1_p5","one_factor",100,"GLS","default",400,400,400,400,0,0,0.151000000000001,25
"ml-gls","test","research47","r47_f1_p5","one_factor",100,"GLS","default_port",400,400,399,399,0,0,0.171999999999991,24
"ml-gls","test","research47","r47_f1_p5","one_factor",100,"GLS","layered_lbfgs",400,400,400,400,0,0,0.127,13
"ml-gls","test","research47","r47_f1_p5","one_factor",100,"GLS","layered_port",400,400,400,400,0,0,0.135000000000008,12
"ml-gls","test","research47","r47_f1_p5","one_factor",100,"ML","default",400,400,400,400,0,0,0.153000000000012,23
"ml-gls","test","research47","r47_f1_p5","one_factor",100,"ML","default_port",400,400,400,400,0,0,0.159,22
"ml-gls","test","research47","r47_f1_p5","one_factor",100,"ML","layered_lbfgs",400,400,400,400,0,0,0.154999999999999,13
"ml-gls","test","research47","r47_f1_p5","one_factor",100,"ML","layered_port",400,400,400,400,0,0,0.129999999999997,11
"ml-gls","test","research47","r47_f1_p5_face","one_factor",25,"GLS","default",400,400,392,391,0,0,0.160000000000011,29
"ml-gls","test","research47","r47_f1_p5_face","one_factor",25,"GLS","default_port",400,400,388,377,0,0,0.206999999999974,27
"ml-gls","test","research47","r47_f1_p5_face","one_factor",25,"GLS","layered_lbfgs",400,400,400,400,0,0,0.167999999999974,17
"ml-gls","test","research47","r47_f1_p5_face","one_factor",25,"GLS","layered_port",400,400,400,400,0,0,0.140000000000009,15
"ml-gls","test","research47","r47_f1_p5_face","one_factor",25,"ML","default",400,400,400,400,0,0,0.178999999999986,33
"ml-gls","test","research47","r47_f1_p5_face","one_factor",25,"ML","default_port",400,400,400,400,0,0,0.259999999999969,33
"ml-gls","test","research47","r47_f1_p5_face","one_factor",25,"ML","layered_lbfgs",400,400,400,400,0,0,0.161999999999953,15
"ml-gls","test","research47","r47_f1_p5_face","one_factor",25,"ML","layered_port",400,400,400,400,0,0,0.161000000000012,14
"ml-gls","test","research47","r47_f1_p5_face","one_factor",100,"GLS","default",400,400,399,399,0,0,0.138999999999981,27
"ml-gls","test","research47","r47_f1_p5_face","one_factor",100,"GLS","default_port",400,400,392,392,0,0,0.181000000000002,26
"ml-gls","test","research47","r47_f1_p5_face","one_factor",100,"GLS","layered_lbfgs",400,400,400,400,0,0,0.149000000000015,15
"ml-gls","test","research47","r47_f1_p5_face","one_factor",100,"GLS","layered_port",400,400,400,400,0,0,0.150999999999987,14
"ml-gls","test","research47","r47_f1_p5_face","one_factor",100,"ML","default",400,400,400,400,0,0,0.184999999999968,33
"ml-gls","test","research47","r47_f1_p5_face","one_factor",100,"ML","default_port",400,400,400,400,0,0,0.238999999999977,34
"ml-gls","test","research47","r47_f1_p5_face","one_factor",100,"ML","layered_lbfgs",400,400,400,400,0,0,0.158000000000022,16
"ml-gls","test","research47","r47_f1_p5_face","one_factor",100,"ML","layered_port",400,400,400,400,0,0,0.15399999999998,13
"ml-gls","test","research47","r47_f2_r100","two_factor",25,"GLS","default",400,396,202,193,0,0.000999999999997669,0.353000000000058,39
"ml-gls","test","research47","r47_f2_r100","two_factor",25,"GLS","default_port",400,396,256,246,0,0.000999999999997669,0.458000000000005,43
"ml-gls","test","research47","r47_f2_r100","two_factor",25,"GLS","layered_lbfgs",400,396,379,374,0,0.000999999999997669,0.27900000000011,31
"ml-gls","test","research47","r47_f2_r100","two_factor",25,"GLS","layered_port",400,396,384,384,0,0.000999999999997669,0.349999999999958,30
"ml-gls","test","research47","r47_f2_r100","two_factor",25,"ML","default",400,400,394,390,0,0.000999999999997669,0.670000000000065,37
"ml-gls","test","research47","r47_f2_r100","two_factor",25,"ML","default_port",400,400,390,386,0,0.000999999999997669,0.329999999999984,41
"ml-gls","test","research47","r47_f2_r100","two_factor",25,"ML","layered_lbfgs",400,400,392,388,0,0.000999999999997669,0.243000000000073,31
"ml-gls","test","research47","r47_f2_r100","two_factor",25,"ML","layered_port",400,400,395,388,0,0.000999999999997669,0.345000000000062,30
"ml-gls","test","research47","r47_f2_r100","two_factor",100,"GLS","default",400,400,255,255,0,0.000999999999997669,0.323000000000021,28
"ml-gls","test","research47","r47_f2_r100","two_factor",100,"GLS","default_port",400,400,317,317,0,0.000999999999997669,0.35400000000007,29
"ml-gls","test","research47","r47_f2_r100","two_factor",100,"GLS","layered_lbfgs",400,400,400,400,0,0.000999999999997669,0.211000000000005,24
"ml-gls","test","research47","r47_f2_r100","two_factor",100,"GLS","layered_port",400,400,400,400,0,0.000999999999997669,0.223999999999947,23
"ml-gls","test","research47","r47_f2_r100","two_factor",100,"ML","default",400,400,400,400,0,0.000999999999997669,0.229999999999933,33
"ml-gls","test","research47","r47_f2_r100","two_factor",100,"ML","default_port",400,400,400,400,0,0.000999999999997669,0.262000000000021,32
"ml-gls","test","research47","r47_f2_r100","two_factor",100,"ML","layered_lbfgs",400,400,400,400,0,0.000999999999997669,0.222999999999935,24
"ml-gls","test","research47","r47_f2_r100","two_factor",100,"ML","layered_port",400,400,400,400,0,0.000999999999997669,0.249999999999992,22
"ml-gls","test","research47","r47_f2_r90","two_factor",25,"GLS","default",400,380,207,204,0,0.000999999999997669,0.360000000000013,37
"ml-gls","test","research47","r47_f2_r90","two_factor",25,"GLS","default_port",400,380,254,249,0,0.00100000000000122,0.540999999999989,41
"ml-gls","test","research47","r47_f2_r90","two_factor",25,"GLS","layered_lbfgs",400,380,352,348,0,0.000999999999997669,0.292000000000044,30
"ml-gls","test","research47","r47_f2_r90","two_factor",25,"GLS","layered_port",400,380,360,356,0,0.000999999999997669,0.477999999999944,30
"ml-gls","test","research47","r47_f2_r90","two_factor",25,"ML","default",400,400,393,392,0,0.000999999999997669,0.851000000000016,35
"ml-gls","test","research47","r47_f2_r90","two_factor",25,"ML","default_port",400,400,391,390,0,0.000999999999997669,0.329999999999994,37
"ml-gls","test","research47","r47_f2_r90","two_factor",25,"ML","layered_lbfgs",400,400,392,388,0,0.000999999999997669,0.271999999999966,29
"ml-gls","test","research47","r47_f2_r90","two_factor",25,"ML","layered_port",400,400,392,388,0,0.000999999999997669,0.294999999999962,29
"ml-gls","test","research47","r47_f2_r90","two_factor",100,"GLS","default",400,400,308,307,0,0.000999999999997669,0.309000000000022,28
"ml-gls","test","research47","r47_f2_r90","two_factor",100,"GLS","default_port",400,400,362,362,0,0.000999999999997669,0.38999999999995,32
"ml-gls","test","research47","r47_f2_r90","two_factor",100,"GLS","layered_lbfgs",400,400,400,400,0,0.000999999999997669,0.219000000000015,23
"ml-gls","test","research47","r47_f2_r90","two_factor",100,"GLS","layered_port",400,400,400,400,0,0.000999999999997669,0.231999999999967,22
"ml-gls","test","research47","r47_f2_r90","two_factor",100,"ML","default",400,400,400,400,0,0.000999999999997669,0.236999999999998,29
"ml-gls","test","research47","r47_f2_r90","two_factor",100,"ML","default_port",400,400,400,400,0,0.000999999999997669,0.279000000000024,28
"ml-gls","test","research47","r47_f2_r90","two_factor",100,"ML","layered_lbfgs",400,400,400,400,0,0.000999999999997669,0.228999999999985,23
"ml-gls","test","research47","r47_f2_r90","two_factor",100,"ML","layered_port",400,400,400,400,0,0.000999999999997669,0.24499999999999,21
"ml-gls","test","research47","r47_f2_r97","two_factor",25,"GLS","default",400,380,214,205,0,0.000999999999997669,0.331999999999993,39
"ml-gls","test","research47","r47_f2_r97","two_factor",25,"GLS","default_port",400,380,245,235,0,0.000999999999997669,0.477999999999994,41
"ml-gls","test","research47","r47_f2_r97","two_factor",25,"GLS","layered_lbfgs",400,380,376,372,0,0.000999999999997669,0.266999999999946,30
"ml-gls","test","research47","r47_f2_r97","two_factor",25,"GLS","layered_port",400,380,376,372,0,0.000999999999997669,0.369999999999969,29
"ml-gls","test","research47","r47_f2_r97","two_factor",25,"ML","default",400,400,396,394,0,0.000999999999997669,0.845000000000035,37
"ml-gls","test","research47","r47_f2_r97","two_factor",25,"ML","default_port",400,400,394,392,0,0.000999999999997669,0.357000000000063,39
"ml-gls","test","research47","r47_f2_r97","two_factor",25,"ML","layered_lbfgs",400,400,400,400,0,0.000999999999997669,0.239000000000025,29.5
"ml-gls","test","research47","r47_f2_r97","two_factor",25,"ML","layered_port",400,400,400,400,0,0.000999999999997669,0.264999999999979,30
"ml-gls","test","research47","r47_f2_r97","two_factor",100,"GLS","default",400,400,278,278,0,0.000999999999997669,0.271000000000107,28
"ml-gls","test","research47","r47_f2_r97","two_factor",100,"GLS","default_port",400,400,340,339,0,0.000999999999997669,0.346000000000017,29
"ml-gls","test","research47","r47_f2_r97","two_factor",100,"GLS","layered_lbfgs",400,400,400,400,0,0,0.198999999999983,23
"ml-gls","test","research47","r47_f2_r97","two_factor",100,"GLS","layered_port",400,400,400,400,0,0.000999999999997669,0.229000000000027,22
"ml-gls","test","research47","r47_f2_r97","two_factor",100,"ML","default",400,400,400,400,0,0,0.207000000000064,31
"ml-gls","test","research47","r47_f2_r97","two_factor",100,"ML","default_port",400,400,400,400,0,0.000999999999997669,0.254000000000033,31
"ml-gls","test","research47","r47_f2_r97","two_factor",100,"ML","layered_lbfgs",400,400,400,400,0,0.000999999999997669,0.209000000000003,24
"ml-gls","test","research47","r47_f2_r97","two_factor",100,"ML","layered_port",400,400,400,400,0,0.000999999999997669,0.245000000000054,21
"ml-gls","test","research47","r47_f2_r99","two_factor",25,"GLS","default",400,396,206,200,0,0.000999999999997669,0.351999999999925,39.5
"ml-gls","test","research47","r47_f2_r99","two_factor",25,"GLS","default_port",400,396,236,233,0,0.000999999999997669,0.581000000000038,42
"ml-gls","test","research47","r47_f2_r99","two_factor",25,"GLS","layered_lbfgs",400,396,388,377,0,0.000999999999997669,0.23400000000003,32
"ml-gls","test","research47","r47_f2_r99","two_factor",25,"GLS","layered_port",400,396,392,377,0,0.000999999999997669,0.289999999999999,31
"ml-gls","test","research47","r47_f2_r99","two_factor",25,"ML","default",400,400,399,399,0,0.000999999999997669,0.441999999999985,36
"ml-gls","test","research47","r47_f2_r99","two_factor",25,"ML","default_port",400,400,398,398,0,0.000999999999997669,0.304000000000001,39
"ml-gls","test","research47","r47_f2_r99","two_factor",25,"ML","layered_lbfgs",400,400,400,400,0,0.000999999999997669,0.255000000000002,30
"ml-gls","test","research47","r47_f2_r99","two_factor",25,"ML","layered_port",400,400,400,400,0,0.000999999999997669,0.262000000000043,30
"ml-gls","test","research47","r47_f2_r99","two_factor",100,"GLS","default",400,400,258,258,0,0.000999999999997669,0.297000000000032,28
"ml-gls","test","research47","r47_f2_r99","two_factor",100,"GLS","default_port",400,400,330,330,0,0.000999999999997669,0.331000000000045,29
"ml-gls","test","research47","r47_f2_r99","two_factor",100,"GLS","layered_lbfgs",400,400,400,400,0,0.000999999999997669,0.207000000000057,23
"ml-gls","test","research47","r47_f2_r99","two_factor",100,"GLS","layered_port",400,400,400,400,0,0.000999999999997669,0.225000000000115,22
"ml-gls","test","research47","r47_f2_r99","two_factor",100,"ML","default",400,400,400,400,0,0.000999999999997669,0.225999999999999,33
"ml-gls","test","research47","r47_f2_r99","two_factor",100,"ML","default_port",400,400,400,400,0,0.000999999999997669,0.255999999999936,32
"ml-gls","test","research47","r47_f2_r99","two_factor",100,"ML","layered_lbfgs",400,400,400,400,0,0.000999999999997669,0.229999999999968,24
"ml-gls","test","research47","r47_f2_r99","two_factor",100,"ML","layered_port",400,400,400,400,0,0.000999999999997669,0.235999999999919,22
"ml-gls","test","research47","r47_imp_f1_p5","one_factor",25,"GLS","default",400,400,295,286,0,0.000999999999997669,0.349000000000032,47
"ml-gls","test","research47","r47_imp_f1_p5","one_factor",25,"GLS","default_port",400,400,295,282,0,0.00100000000000122,0.66500000000002,41
"ml-gls","test","research47","r47_imp_f1_p5","one_factor",25,"GLS","layered_lbfgs",400,400,372,372,0,0.000999999999997669,0.266000000000012,26
"ml-gls","test","research47","r47_imp_f1_p5","one_factor",25,"GLS","layered_port",400,400,400,400,0,0,0.17599999999997,19
"ml-gls","test","research47","r47_imp_f1_p5","one_factor",25,"ML","default",400,400,400,400,0,0.000999999999997669,0.206000000000031,48
"ml-gls","test","research47","r47_imp_f1_p5","one_factor",25,"ML","default_port",400,400,400,400,0,0.000999999999997669,0.230000000000014,49
"ml-gls","test","research47","r47_imp_f1_p5","one_factor",25,"ML","layered_lbfgs",400,400,400,400,0,0,0.184000000000029,23.5
"ml-gls","test","research47","r47_imp_f1_p5","one_factor",25,"ML","layered_port",400,400,400,400,0,0,0.198000000000043,21
"ml-gls","test","research47","r47_imp_f1_p5","one_factor",100,"GLS","default",400,400,358,358,0,0,0.213999999999984,35
"ml-gls","test","research47","r47_imp_f1_p5","one_factor",100,"GLS","default_port",400,400,340,340,0,0.000999999999997669,0.47200000000004,35
"ml-gls","test","research47","r47_imp_f1_p5","one_factor",100,"GLS","layered_lbfgs",400,400,400,400,0,0,0.158999999999995,23
"ml-gls","test","research47","r47_imp_f1_p5","one_factor",100,"GLS","layered_port",400,400,400,400,0,0,0.171999999999975,17
"ml-gls","test","research47","r47_imp_f1_p5","one_factor",100,"ML","default",400,400,400,400,0,0,0.202000000000001,42
"ml-gls","test","research47","r47_imp_f1_p5","one_factor",100,"ML","default_port",400,400,400,400,0,0.000999999999997669,0.228999999999992,45
"ml-gls","test","research47","r47_imp_f1_p5","one_factor",100,"ML","layered_lbfgs",400,400,400,400,0,0,0.183999999999983,24
"ml-gls","test","research47","r47_imp_f1_p5","one_factor",100,"ML","layered_port",400,400,400,400,0,0,0.17299999999998,20
"ml-gls","test","research47","r47_imp_f2_r103","two_factor",25,"GLS","default",400,392,206,204,0,0.000999999999997669,0.334000000000074,38
"ml-gls","test","research47","r47_imp_f2_r103","two_factor",25,"GLS","default_port",400,392,235,234,0,0.000999999999997669,0.471000000000017,40
"ml-gls","test","research47","r47_imp_f2_r103","two_factor",25,"GLS","layered_lbfgs",400,392,380,379,0,0.000999999999997669,0.251000000000004,30
"ml-gls","test","research47","r47_imp_f2_r103","two_factor",25,"GLS","layered_port",400,392,384,383,0,0.000999999999997669,0.337999999999986,30
"ml-gls","test","research47","r47_imp_f2_r103","two_factor",25,"ML","default",400,400,397,397,0,0.000999999999997669,0.548999999999942,39
"ml-gls","test","research47","r47_imp_f2_r103","two_factor",25,"ML","default_port",400,400,396,396,0,0.000999999999997669,0.313000000000094,41
"ml-gls","test","research47","r47_imp_f2_r103","two_factor",25,"ML","layered_lbfgs",400,400,396,396,0,0.000999999999997669,0.246000000000023,31
"ml-gls","test","research47","r47_imp_f2_r103","two_factor",25,"ML","layered_port",400,400,396,396,0,0.000999999999997669,0.313000000000108,30
"ml-gls","test","research47","r47_imp_f2_r103","two_factor",100,"GLS","default",400,400,233,233,0,0.000999999999997669,0.323999999999983,28
"ml-gls","test","research47","r47_imp_f2_r103","two_factor",100,"GLS","default_port",400,400,300,300,0,0.000999999999997669,0.383999999999993,29
"ml-gls","test","research47","r47_imp_f2_r103","two_factor",100,"GLS","layered_lbfgs",400,400,400,400,0,0.000999999999997669,0.238999999999912,24
"ml-gls","test","research47","r47_imp_f2_r103","two_factor",100,"GLS","layered_port",400,400,400,400,0,0.000999999999997669,0.24399999999995,23
"ml-gls","test","research47","r47_imp_f2_r103","two_factor",100,"ML","default",400,400,400,400,0,0.000999999999997669,0.226999999999932,34
"ml-gls","test","research47","r47_imp_f2_r103","two_factor",100,"ML","default_port",400,400,400,400,0,0.000999999999997669,0.278000000000027,34
"ml-gls","test","research47","r47_imp_f2_r103","two_factor",100,"ML","layered_lbfgs",400,400,400,400,0,0.000999999999997669,0.23399999999998,25
"ml-gls","test","research47","r47_imp_f2_r103","two_factor",100,"ML","layered_port",400,400,400,400,0,0.000999999999997669,0.266000000000118,22
"ml-gls","test","research47","r47_mis_f2_resid","two_factor",25,"GLS","default",400,380,199,197,0,0.000999999999997669,0.338999999999899,41
"ml-gls","test","research47","r47_mis_f2_resid","two_factor",25,"GLS","default_port",400,380,227,223,0,0.000999999999997669,0.527000000000128,45
"ml-gls","test","research47","r47_mis_f2_resid","two_factor",25,"GLS","layered_lbfgs",400,380,376,369,0,0.000999999999997669,0.284000000000062,32.5
"ml-gls","test","research47","r47_mis_f2_resid","two_factor",25,"GLS","layered_port",400,380,372,367,0,0.000999999999997669,0.408000000000086,32
"ml-gls","test","research47","r47_mis_f2_resid","two_factor",25,"ML","default",400,400,400,400,0,0.000999999999997669,0.281999999999911,40.5
"ml-gls","test","research47","r47_mis_f2_resid","two_factor",25,"ML","default_port",400,400,400,400,0,0.000999999999997669,0.316000000000073,44
"ml-gls","test","research47","r47_mis_f2_resid","two_factor",25,"ML","layered_lbfgs",400,400,400,400,0,0.000999999999997669,0.258000000000002,32
"ml-gls","test","research47","r47_mis_f2_resid","two_factor",25,"ML","layered_port",400,400,400,400,0,0.000999999999997669,0.286000000000072,33
"ml-gls","test","research47","r47_mis_f2_resid","two_factor",100,"GLS","default",400,400,261,261,0,0.000999999999997669,0.315000000000089,29
"ml-gls","test","research47","r47_mis_f2_resid","two_factor",100,"GLS","default_port",400,400,322,322,0,0.000999999999997669,0.339000000000069,29
"ml-gls","test","research47","r47_mis_f2_resid","two_factor",100,"GLS","layered_lbfgs",400,400,400,400,0,0.000999999999990564,0.209999999999965,24
"ml-gls","test","research47","r47_mis_f2_resid","two_factor",100,"GLS","layered_port",400,400,400,400,0,0.000999999999997669,0.251000000000089,24
"ml-gls","test","research47","r47_mis_f2_resid","two_factor",100,"ML","default",400,400,400,400,0,0.000999999999997669,0.24199999999994,33.5
"ml-gls","test","research47","r47_mis_f2_resid","two_factor",100,"ML","default_port",400,400,400,400,0,0.000999999999997669,0.28000000000015,33
"ml-gls","test","research47","r47_mis_f2_resid","two_factor",100,"ML","layered_lbfgs",400,400,400,400,0,0.000999999999990564,0.228000000000037,24
"ml-gls","test","research47","r47_mis_f2_resid","two_factor",100,"ML","layered_port",400,400,400,400,0,0.000999999999997669,0.256999999999955,22
"ml-gls","test","research47","r47_path_r2_100","path",25,"GLS","default",400,304,105,100,0,0.00199999999999534,1.08699999999996,58
"ml-gls","test","research47","r47_path_r2_100","path",25,"GLS","default_port",400,304,105,98,0,0.00399999999999068,2.26599999999998,61
"ml-gls","test","research47","r47_path_r2_100","path",25,"GLS","layered_lbfgs",400,304,271,266,0,0.00100000000000477,0.732999999999975,46
"ml-gls","test","research47","r47_path_r2_100","path",25,"GLS","layered_port",400,304,292,287,0,0.00100000000000477,1.53500000000011,46
"ml-gls","test","research47","r47_path_r2_100","path",25,"ML","default",400,391,383,379,0,0.00100000000000477,0.551999999999977,46
"ml-gls","test","research47","r47_path_r2_100","path",25,"ML","default_port",400,391,384,380,0,0.00100000000000477,0.687999999999931,57
"ml-gls","test","research47","r47_path_r2_100","path",25,"ML","layered_lbfgs",400,391,376,372,0,0.00100000000000477,0.645999999999986,36
"ml-gls","test","research47","r47_path_r2_100","path",25,"ML","layered_port",400,391,376,372,0,0.00100000000000477,0.80200000000039,38
"ml-gls","test","research47","r47_path_r2_100","path",100,"GLS","default",400,400,203,203,0,0.00100000000000477,0.828999999999965,42
"ml-gls","test","research47","r47_path_r2_100","path",100,"GLS","default_port",400,400,204,204,0,0.00199999999999534,1.18599999999994,46
"ml-gls","test","research47","r47_path_r2_100","path",100,"GLS","layered_lbfgs",400,400,400,400,0,0.00100000000000477,0.332000000000035,28
"ml-gls","test","research47","r47_path_r2_100","path",100,"GLS","layered_port",400,400,400,400,0,0.00100000000000477,0.381000000000028,27
"ml-gls","test","research47","r47_path_r2_100","path",100,"ML","default",400,400,400,400,0,0.00100000000000477,0.316000000000129,36
"ml-gls","test","research47","r47_path_r2_100","path",100,"ML","default_port",400,400,400,400,0,0.00100000000000477,0.411000000000015,37
"ml-gls","test","research47","r47_path_r2_100","path",100,"ML","layered_lbfgs",400,400,400,400,0,0.00100000000000477,0.344000000000036,28
"ml-gls","test","research47","r47_path_r2_100","path",100,"ML","layered_port",400,400,400,400,0,0.00100000000000477,0.397000000000033,25
"ml-gls","test","research47","r47_path_r2_90","path",25,"GLS","default",400,298,111,107,0,0.00199999999999534,1.024,60
"ml-gls","test","research47","r47_path_r2_90","path",25,"GLS","default_port",400,298,119,116,0,0.00300000000000011,2.1550000000001,67
"ml-gls","test","research47","r47_path_r2_90","path",25,"GLS","layered_lbfgs",400,298,264,262,0,0.00100000000000477,0.817000000000021,50
"ml-gls","test","research47","r47_path_r2_90","path",25,"GLS","layered_port",400,298,277,275,0,0.00199999999999534,1.65400000000005,45
"ml-gls","test","research47","r47_path_r2_90","path",25,"ML","default",400,387,370,370,0,0.00100000000000477,0.824999999999931,44
"ml-gls","test","research47","r47_path_r2_90","path",25,"ML","default_port",400,387,374,373,0,0.00100000000000477,0.898999999999915,56
"ml-gls","test","research47","r47_path_r2_90","path",25,"ML","layered_lbfgs",400,387,363,358,0,0.00100000000000477,0.875000000000084,35
"ml-gls","test","research47","r47_path_r2_90","path",25,"ML","layered_port",400,387,367,363,0,0.00100000000000477,0.982999999999918,38
"ml-gls","test","research47","r47_path_r2_90","path",100,"GLS","default",400,400,239,239,0,0.00100000000000477,0.925000000000153,42
"ml-gls","test","research47","r47_path_r2_90","path",100,"GLS","default_port",400,400,211,211,0,0.00199999999999534,1.17300000000019,45
"ml-gls","test","research47","r47_path_r2_90","path",100,"GLS","layered_lbfgs",400,400,400,400,0,0.00100000000000477,0.335000000000064,28
"ml-gls","test","research47","r47_path_r2_90","path",100,"GLS","layered_port",400,400,400,400,0,0.00100000000000477,0.392999999999716,27
"ml-gls","test","research47","r47_path_r2_90","path",100,"ML","default",400,400,400,400,0,0.00100000000000477,0.355000000000117,34
"ml-gls","test","research47","r47_path_r2_90","path",100,"ML","default_port",400,400,400,400,0,0.00100000000000477,0.503000000000013,35
"ml-gls","test","research47","r47_path_r2_90","path",100,"ML","layered_lbfgs",400,400,400,400,0,0.00100000000000477,0.374999999999885,27
"ml-gls","test","research47","r47_path_r2_90","path",100,"ML","layered_port",400,400,400,400,0,0.00100000000000477,0.42500000000001,25
"ml-gls","test","wolf","wolf_1f4i_l50","cfa",25,"GLS","default",400,376,327,320,0,0,0.182999999999935,26
"ml-gls","test","wolf","wolf_1f4i_l50","cfa",25,"GLS","default_port",400,376,334,328,0,0.000999999999976353,0.287999999999982,33
"ml-gls","test","wolf","wolf_1f4i_l50","cfa",25,"GLS","layered_lbfgs",400,376,364,356,0,0,0.190999999999803,21
"ml-gls","test","wolf","wolf_1f4i_l50","cfa",25,"GLS","layered_port",400,376,372,364,0,0.000999999999976353,0.289999999999963,22
"ml-gls","test","wolf","wolf_1f4i_l50","cfa",25,"ML","default",400,375,333,329,0,0,0.354999999999932,23
"ml-gls","test","wolf","wolf_1f4i_l50","cfa",25,"ML","default_port",400,375,338,334,0,0.00100000000000477,0.524999999999778,26
"ml-gls","test","wolf","wolf_1f4i_l50","cfa",25,"ML","layered_lbfgs",400,375,356,356,0,0.000999999999976353,0.321000000000196,22
"ml-gls","test","wolf","wolf_1f4i_l50","cfa",25,"ML","layered_port",400,375,364,364,0,0.000999999999976353,0.382999999999782,23
"ml-gls","test","wolf","wolf_1f4i_l50","cfa",100,"GLS","default",400,400,390,390,0,0,0.198999999999813,21
"ml-gls","test","wolf","wolf_1f4i_l50","cfa",100,"GLS","default_port",400,400,371,371,0,0.000999999999976353,0.202000000000111,30
"ml-gls","test","wolf","wolf_1f4i_l50","cfa",100,"GLS","layered_lbfgs",400,400,400,400,0,0,0.174000000000006,19
"ml-gls","test","wolf","wolf_1f4i_l50","cfa",100,"GLS","layered_port",400,400,400,400,0,0,0.194000000000016,19.5
"ml-gls","test","wolf","wolf_1f4i_l50","cfa",100,"ML","default",400,400,400,400,0,0,0.192000000000007,21
"ml-gls","test","wolf","wolf_1f4i_l50","cfa",100,"ML","default_port",400,400,400,400,0,0,0.199000000000068,24
"ml-gls","test","wolf","wolf_1f4i_l50","cfa",100,"ML","layered_lbfgs",400,400,400,400,0,0.000999999999976353,0.208000000000083,19
"ml-gls","test","wolf","wolf_1f4i_l50","cfa",100,"ML","layered_port",400,400,400,400,0,0.000999999999976353,0.201999999999941,19
"ml-gls","test","wolf","wolf_1f4i_l80","cfa",25,"GLS","default",400,396,393,393,0,0,0.141000000000104,24
"ml-gls","test","wolf","wolf_1f4i_l80","cfa",25,"GLS","default_port",400,396,395,392,0,0,0.170000000000157,22
"ml-gls","test","wolf","wolf_1f4i_l80","cfa",25,"GLS","layered_lbfgs",400,396,396,396,0,0,0.157999999999986,14
"ml-gls","test","wolf","wolf_1f4i_l80","cfa",25,"GLS","layered_port",400,396,396,396,0,0,0.158999999999878,13
"ml-gls","test","wolf","wolf_1f4i_l80","cfa",25,"ML","default",400,400,400,400,0,0,0.159999999999911,19
"ml-gls","test","wolf","wolf_1f4i_l80","cfa",25,"ML","default_port",400,400,400,400,0,0,0.146999999999849,17
"ml-gls","test","wolf","wolf_1f4i_l80","cfa",25,"ML","layered_lbfgs",400,400,400,400,0,0,0.150000000000062,14
"ml-gls","test","wolf","wolf_1f4i_l80","cfa",25,"ML","layered_port",400,400,400,400,0,0,0.141999999999995,12
"ml-gls","test","wolf","wolf_1f4i_l80","cfa",100,"GLS","default",400,400,400,400,0,0,0.161000000000001,21
"ml-gls","test","wolf","wolf_1f4i_l80","cfa",100,"GLS","default_port",400,400,388,388,0,0,0.145999999999986,20
"ml-gls","test","wolf","wolf_1f4i_l80","cfa",100,"GLS","layered_lbfgs",400,400,400,400,0,0,0.153000000000019,13
"ml-gls","test","wolf","wolf_1f4i_l80","cfa",100,"GLS","layered_port",400,400,400,400,0,0,0.136000000000109,12
"ml-gls","test","wolf","wolf_1f4i_l80","cfa",100,"ML","default",400,400,400,400,0,0,0.144999999999953,17
"ml-gls","test","wolf","wolf_1f4i_l80","cfa",100,"ML","default_port",400,400,400,400,0,0,0.152000000000128,16
"ml-gls","test","wolf","wolf_1f4i_l80","cfa",100,"ML","layered_lbfgs",400,400,400,400,0,0,0.156999999999896,13
"ml-gls","test","wolf","wolf_1f4i_l80","cfa",100,"ML","layered_port",400,400,400,400,0,0,0.154999999999915,11
"ml-gls","test","wolf","wolf_1f6i_l50","cfa",25,"GLS","default",400,345,306,298,0,0.00100000000000477,0.281000000000062,35
"ml-gls","test","wolf","wolf_1f6i_l50","cfa",25,"GLS","default_port",400,345,305,299,0,0.00100000000000477,0.513999999999896,39
"ml-gls","test","wolf","wolf_1f6i_l50","cfa",25,"GLS","layered_lbfgs",400,345,318,308,0,0.00100000000000477,0.30299999999994,31
"ml-gls","test","wolf","wolf_1f6i_l50","cfa",25,"GLS","layered_port",400,345,320,313,0,0.00100000000000477,0.615000000000236,28
"ml-gls","test","wolf","wolf_1f6i_l50","cfa",25,"ML","default",400,366,344,340,0,0.00100000000000477,0.388999999999839,24
"ml-gls","test","wolf","wolf_1f6i_l50","cfa",25,"ML","default_port",400,366,354,349,0,0.00100000000000477,0.588000000000277,25
"ml-gls","test","wolf","wolf_1f6i_l50","cfa",25,"ML","layered_lbfgs",400,366,352,346,0,0.000999999999976353,0.3449999999996,24
"ml-gls","test","wolf","wolf_1f6i_l50","cfa",25,"ML","layered_port",400,366,356,352,0,0.00100000000000477,0.624000000000222,25
"ml-gls","test","wolf","wolf_1f6i_l50","cfa",100,"GLS","default",400,400,389,389,0,0.000999999999976353,0.217999999999988,24
"ml-gls","test","wolf","wolf_1f6i_l50","cfa",100,"GLS","default_port",400,400,347,347,0,0.000999999999990561,0.242000000000046,35
"ml-gls","test","wolf","wolf_1f6i_l50","cfa",100,"GLS","layered_lbfgs",400,400,400,400,0,0,0.199000000000182,22.5
"ml-gls","test","wolf","wolf_1f6i_l50","cfa",100,"GLS","layered_port",400,400,400,400,0,0.000999999999976353,0.203999999999694,25
"ml-gls","test","wolf","wolf_1f6i_l50","cfa",100,"ML","default",400,400,400,400,0,0,0.182999999999821,22
"ml-gls","test","wolf","wolf_1f6i_l50","cfa",100,"ML","default_port",400,400,400,400,0,0.000999999999976353,0.215000000000201,27
"ml-gls","test","wolf","wolf_1f6i_l50","cfa",100,"ML","layered_lbfgs",400,400,400,400,0,0.000999999999976353,0.201999999999798,23
"ml-gls","test","wolf","wolf_1f6i_l50","cfa",100,"ML","layered_port",400,400,400,400,0,0.000999999999976353,0.218000000000131,23
"ml-gls","test","wolf","wolf_1f6i_l80","cfa",25,"GLS","default",400,398,391,391,0,0.000999999999976353,0.206000000000073,29
"ml-gls","test","wolf","wolf_1f6i_l80","cfa",25,"GLS","default_port",400,398,387,381,0,0.000999999999976353,0.239000000000146,27
"ml-gls","test","wolf","wolf_1f6i_l80","cfa",25,"GLS","layered_lbfgs",400,398,396,394,0,0,0.195000000000191,19
"ml-gls","test","wolf","wolf_1f6i_l80","cfa",25,"GLS","layered_port",400,398,396,394,0,0.000999999999976353,0.217999999999989,17
"ml-gls","test","wolf","wolf_1f6i_l80","cfa",25,"ML","default",400,400,400,400,0,0,0.19099999999986,20
"ml-gls","test","wolf","wolf_1f6i_l80","cfa",25,"ML","default_port",400,400,400,400,0,0,0.195000000000106,19
"ml-gls","test","wolf","wolf_1f6i_l80","cfa",25,"ML","layered_lbfgs",400,400,400,400,0,0.000999999999976353,0.209000000000088,16
"ml-gls","test","wolf","wolf_1f6i_l80","cfa",25,"ML","layered_port",400,400,400,400,0,0,0.194999999999907,15
"ml-gls","test","wolf","wolf_1f6i_l80","cfa",100,"GLS","default",400,400,400,400,0,0,0.18900000000022,24
"ml-gls","test","wolf","wolf_1f6i_l80","cfa",100,"GLS","default_port",400,400,361,361,0,0.000999999999976353,0.216000000000036,22
"ml-gls","test","wolf","wolf_1f6i_l80","cfa",100,"GLS","layered_lbfgs",400,400,400,400,0,0,0.169000000000124,14
"ml-gls","test","wolf","wolf_1f6i_l80","cfa",100,"GLS","layered_port",400,400,400,400,0,0,0.185000000000144,12
"ml-gls","test","wolf","wolf_1f6i_l80","cfa",100,"ML","default",400,400,400,400,0,0,0.18800000000013,17
"ml-gls","test","wolf","wolf_1f6i_l80","cfa",100,"ML","default_port",400,400,400,400,0,0,0.164000000000043,15
"ml-gls","test","wolf","wolf_1f6i_l80","cfa",100,"ML","layered_lbfgs",400,400,400,400,0,0.000999999999976353,0.210000000000121,13
"ml-gls","test","wolf","wolf_1f6i_l80","cfa",100,"ML","layered_port",400,400,400,400,0,0,0.181999999999845,11
"ml-gls","test","wolf","wolf_1f8i_l50","cfa",25,"GLS","default",400,353,292,286,0,0.00100000000000477,0.413000000000067,42
"ml-gls","test","wolf","wolf_1f8i_l50","cfa",25,"GLS","default_port",400,353,294,287,0,0.00100000000000477,0.646000000000043,46.5
"ml-gls","test","wolf","wolf_1f8i_l50","cfa",25,"GLS","layered_lbfgs",400,353,293,287,0,0.00100000000000477,0.413999999999873,39
"ml-gls","test","wolf","wolf_1f8i_l50","cfa",25,"GLS","layered_port",400,353,304,299,0,0.00100000000000477,0.95400000000015,38
"ml-gls","test","wolf","wolf_1f8i_l50","cfa",25,"ML","default",400,384,380,372,0,0.00100000000000477,0.291999999999972,27
"ml-gls","test","wolf","wolf_1f8i_l50","cfa",25,"ML","default_port",400,384,380,372,0,0.00100000000000477,0.469999999999827,31
"ml-gls","test","wolf","wolf_1f8i_l50","cfa",25,"ML","layered_lbfgs",400,384,376,372,0,0.00100000000000477,0.307000000000015,27
"ml-gls","test","wolf","wolf_1f8i_l50","cfa",25,"ML","layered_port",400,384,376,372,0,0.00100000000000477,0.521999999999735,31
"ml-gls","test","wolf","wolf_1f8i_l50","cfa",100,"GLS","default",400,400,387,387,0,0.00100000000000477,0.293999999999754,26
"ml-gls","test","wolf","wolf_1f8i_l50","cfa",100,"GLS","default_port",400,400,318,318,0,0.00100000000000477,0.329999999999983,35
"ml-gls","test","wolf","wolf_1f8i_l50","cfa",100,"GLS","layered_lbfgs",400,400,400,400,0,0.000999999999976353,0.221000000000088,23
"ml-gls","test","wolf","wolf_1f8i_l50","cfa",100,"GLS","layered_port",400,400,400,400,0,0.00100000000000477,0.257999999999753,26
"ml-gls","test","wolf","wolf_1f8i_l50","cfa",100,"ML","default",400,400,400,400,0,0.000999999999976353,0.237999999999714,21
"ml-gls","test","wolf","wolf_1f8i_l50","cfa",100,"ML","default_port",400,400,400,400,0,0.00100000000000477,0.275999999999953,24
"ml-gls","test","wolf","wolf_1f8i_l50","cfa",100,"ML","layered_lbfgs",400,400,400,400,0,0.00100000000000477,0.239000000000145,22
"ml-gls","test","wolf","wolf_1f8i_l50","cfa",100,"ML","layered_port",400,400,400,400,0,0.000999999999976353,0.23999999999998,22.5
"ml-gls","test","wolf","wolf_1f8i_l80","cfa",25,"GLS","default",400,388,368,363,0,0.000999999999976353,0.31300000000013,36
"ml-gls","test","wolf","wolf_1f8i_l80","cfa",25,"GLS","default_port",400,388,335,318,0,0.00100000000000477,0.451000000000078,32
"ml-gls","test","wolf","wolf_1f8i_l80","cfa",25,"GLS","layered_lbfgs",400,388,376,373,0,0.000999999999976353,0.263000000000232,24.5
"ml-gls","test","wolf","wolf_1f8i_l80","cfa",25,"GLS","layered_port",400,388,388,383,0,0.000999999999976353,0.344999999999515,24
"ml-gls","test","wolf","wolf_1f8i_l80","cfa",25,"ML","default",400,400,400,400,0,0.000999999999976353,0.218999999999738,22
"ml-gls","test","wolf","wolf_1f8i_l80","cfa",25,"ML","default_port",400,400,400,400,0,0.000999999999976353,0.23200000000034,22
"ml-gls","test","wolf","wolf_1f8i_l80","cfa",25,"ML","layered_lbfgs",400,400,400,400,0,0.000999999999976353,0.227999999999752,18
"ml-gls","test","wolf","wolf_1f8i_l80","cfa",25,"ML","layered_port",400,400,400,400,0,0.000999999999976353,0.24199999999999,18
"ml-gls","test","wolf","wolf_1f8i_l80","cfa",100,"GLS","default",400,400,395,395,0,0.000999999999976353,0.250000000000142,26
"ml-gls","test","wolf","wolf_1f8i_l80","cfa",100,"GLS","default_port",400,400,343,343,0,0.000999999999976353,0.289999999999821,23
"ml-gls","test","wolf","wolf_1f8i_l80","cfa",100,"GLS","layered_lbfgs",400,400,400,400,0,0.000999999999976353,0.240999999999843,16
"ml-gls","test","wolf","wolf_1f8i_l80","cfa",100,"GLS","layered_port",400,400,400,400,0,0.000999999999976353,0.233999999999838,14
"ml-gls","test","wolf","wolf_1f8i_l80","cfa",100,"ML","default",400,400,400,400,0,0.000999999999976353,0.232999999999947,18
"ml-gls","test","wolf","wolf_1f8i_l80","cfa",100,"ML","default_port",400,400,400,400,0,0.000999999999976353,0.24999999999963,16
"ml-gls","test","wolf","wolf_1f8i_l80","cfa",100,"ML","layered_lbfgs",400,400,400,400,0,0.000999999999976353,0.254999999999057,14
"ml-gls","test","wolf","wolf_1f8i_l80","cfa",100,"ML","layered_port",400,400,400,400,0,0.000999999999976353,0.227999999999127,11
"ml-gls","test","wolf","wolf_2f3i_l50","cfa",25,"GLS","default",400,267,119,118,0,0.000999999999976353,0.428000000000111,66
"ml-gls","test","wolf","wolf_2f3i_l50","cfa",25,"GLS","default_port",400,267,125,125,0,0.0010000000000332,1.06700000000041,77
"ml-gls","test","wolf","wolf_2f3i_l50","cfa",25,"GLS","layered_lbfgs",400,267,164,163,0,0.000999999999976353,0.434000000000595,53
"ml-gls","test","wolf","wolf_2f3i_l50","cfa",25,"GLS","layered_port",400,267,184,179,0,0.00300000000001432,1.37799999999919,57.5
"ml-gls","test","wolf","wolf_2f3i_l50","cfa",25,"ML","default",400,294,202,197,0,0.0010000000000332,1.86400000000072,47.5
"ml-gls","test","wolf","wolf_2f3i_l50","cfa",25,"ML","default_port",400,294,203,198,0,0.00200000000000955,1.78699999999941,54
"ml-gls","test","wolf","wolf_2f3i_l50","cfa",25,"ML","layered_lbfgs",400,294,213,208,0,0.0010000000000332,1.20899999999949,47
"ml-gls","test","wolf","wolf_2f3i_l50","cfa",25,"ML","layered_port",400,294,224,216,0,0.00199999999995271,1.60499999999922,54
"ml-gls","test","wolf","wolf_2f3i_l50","cfa",100,"GLS","default",400,379,271,271,0,0.000999999999976353,0.3329999999998,35
"ml-gls","test","wolf","wolf_2f3i_l50","cfa",100,"GLS","default_port",400,379,272,272,0,0.000999999999976353,0.574999999999875,50
"ml-gls","test","wolf","wolf_2f3i_l50","cfa",100,"GLS","layered_lbfgs",400,379,372,368,0,0.000999999999976353,0.257000000000915,31
"ml-gls","test","wolf","wolf_2f3i_l50","cfa",100,"GLS","layered_port",400,379,372,368,0,0.000999999999976353,0.421000000000447,32
"ml-gls","test","wolf","wolf_2f3i_l50","cfa",100,"ML","default",400,384,372,371,0,0.000999999999976353,0.782000000001063,31
"ml-gls","test","wolf","wolf_2f3i_l50","cfa",100,"ML","default_port",400,384,372,371,0,0.000999999999976353,0.518999999999892,36
"ml-gls","test","wolf","wolf_2f3i_l50","cfa",100,"ML","layered_lbfgs",400,384,380,380,0,0.000999999999976353,0.396000000000584,29.5
"ml-gls","test","wolf","wolf_2f3i_l50","cfa",100,"ML","layered_port",400,384,380,380,0,0.000999999999976353,0.43500000000006,31
"ml-gls","test","wolf","wolf_2f3i_l80","cfa",25,"GLS","default",400,391,317,315,0,0.000999999999976353,0.313000000000045,38
"ml-gls","test","wolf","wolf_2f3i_l80","cfa",25,"GLS","default_port",400,391,333,328,0,0.000999999999976353,0.485999999999592,41
"ml-gls","test","wolf","wolf_2f3i_l80","cfa",25,"GLS","layered_lbfgs",400,391,384,377,0,0.000999999999976353,0.241999999999735,24
"ml-gls","test","wolf","wolf_2f3i_l80","cfa",25,"GLS","layered_port",400,391,380,373,0,0.000999999999976353,0.375000000000341,22
"ml-gls","test","wolf","wolf_2f3i_l80","cfa",25,"ML","default",400,396,393,393,0,0.000999999999976353,0.294000000000097,27
"ml-gls","test","wolf","wolf_2f3i_l80","cfa",25,"ML","default_port",400,396,396,396,0,0.000999999999976353,0.312999999999989,26
"ml-gls","test","wolf","wolf_2f3i_l80","cfa",25,"ML","layered_lbfgs",400,396,391,389,0,0.000999999999976353,0.317999999999927,21
"ml-gls","test","wolf","wolf_2f3i_l80","cfa",25,"ML","layered_port",400,396,392,392,0,0.000999999999976353,0.341999999999644,19
"ml-gls","test","wolf","wolf_2f3i_l80","cfa",100,"GLS","default",400,400,384,384,0,0.000999999999976353,0.267999999999973,32
"ml-gls","test","wolf","wolf_2f3i_l80","cfa",100,"GLS","default_port",400,400,385,385,0,0.000999999999976353,0.334000000000117,32
"ml-gls","test","wolf","wolf_2f3i_l80","cfa",100,"GLS","layered_lbfgs",400,400,400,400,0,0,0.192999999999359,19
"ml-gls","test","wolf","wolf_2f3i_l80","cfa",100,"GLS","layered_port",400,400,400,400,0,0.000999999999976353,0.217999999999677,17
"ml-gls","test","wolf","wolf_2f3i_l80","cfa",100,"ML","default",400,400,400,400,0,0.000999999999976353,0.210000000000207,23
"ml-gls","test","wolf","wolf_2f3i_l80","cfa",100,"ML","default_port",400,400,400,400,0,0.000999999999976353,0.211999999999876,20
"ml-gls","test","wolf","wolf_2f3i_l80","cfa",100,"ML","layered_lbfgs",400,400,400,400,0,0.000999999999976353,0.210000000000037,18.5
"ml-gls","test","wolf","wolf_2f3i_l80","cfa",100,"ML","layered_port",400,400,400,400,0,0.000999999999976353,0.22899999999953,15
"ml-gls","test","wolf","wolf_2f6i_l50","cfa",25,"GLS","default",400,270,147,137,0,0.00200000000000955,1.23500000000047,74
"ml-gls","test","wolf","wolf_2f6i_l50","cfa",25,"GLS","default_port",400,270,152,147,0,0.00350000000000251,2.78499999999957,80
"ml-gls","test","wolf","wolf_2f6i_l50","cfa",25,"GLS","layered_lbfgs",400,270,176,167,0,0.0029999999999859,1.30100000000005,74.5
"ml-gls","test","wolf","wolf_2f6i_l50","cfa",25,"GLS","layered_port",400,270,220,208,0,0.00399999999996226,2.71399999999966,76
"ml-gls","test","wolf","wolf_2f6i_l50","cfa",25,"ML","default",400,344,319,311,0,0.0010000000000332,1.37499999999915,40
"ml-gls","test","wolf","wolf_2f6i_l50","cfa",25,"ML","default_port",400,344,326,318,0,0.00200000000000955,1.9159999999996,51.5
"ml-gls","test","wolf","wolf_2f6i_l50","cfa",25,"ML","layered_lbfgs",400,344,322,321,0,0.0010000000000332,1.03099999999972,39
"ml-gls","test","wolf","wolf_2f6i_l50","cfa",25,"ML","layered_port",400,344,340,339,0,0.00200000000000955,1.7819999999997,50
"ml-gls","test","wolf","wolf_2f6i_l50","cfa",100,"GLS","default",400,396,350,350,0,0.0010000000000332,0.650000000000432,36
"ml-gls","test","wolf","wolf_2f6i_l50","cfa",100,"GLS","default_port",400,396,297,297,0,0.00200000000000955,0.851999999999919,52
"ml-gls","test","wolf","wolf_2f6i_l50","cfa",100,"GLS","layered_lbfgs",400,396,396,396,0,0.0010000000000332,0.502000000000124,36
"ml-gls","test","wolf","wolf_2f6i_l50","cfa",100,"GLS","layered_port",400,396,396,396,0,0.0010000000000332,0.645000000000437,40
"ml-gls","test","wolf","wolf_2f6i_l50","cfa",100,"ML","default",400,400,400,400,0,0.000999999999976353,0.439999999999487,30
"ml-gls","test","wolf","wolf_2f6i_l50","cfa",100,"ML","default_port",400,400,400,400,0,0.0010000000000332,0.603999999999587,35
"ml-gls","test","wolf","wolf_2f6i_l50","cfa",100,"ML","layered_lbfgs",400,400,400,400,0,0.0010000000000332,0.48000000000053,31
"ml-gls","test","wolf","wolf_2f6i_l50","cfa",100,"ML","layered_port",400,400,400,400,0,0.00149999999999296,0.622999999999593,32.5
"ml-gls","test","wolf","wolf_2f6i_l80","cfa",25,"GLS","default",400,346,274,266,0,0.0010000000000332,0.881999999999494,54
"ml-gls","test","wolf","wolf_2f6i_l80","cfa",25,"GLS","default_port",400,346,253,240,0,0.00200000000000955,1.53500000000077,52
"ml-gls","test","wolf","wolf_2f6i_l80","cfa",25,"GLS","layered_lbfgs",400,346,320,319,0,0.0010000000000332,0.796000000000504,44
"ml-gls","test","wolf","wolf_2f6i_l80","cfa",25,"GLS","layered_port",400,346,336,328,0,0.0010000000000332,1.3749999999996,46.5
"ml-gls","test","wolf","wolf_2f6i_l80","cfa",25,"ML","default",400,400,400,400,0,0.000999999999976353,0.395999999999447,31
"ml-gls","test","wolf","wolf_2f6i_l80","cfa",25,"ML","default_port",400,400,400,400,0,0.0010000000000332,0.546999999999457,39
"ml-gls","test","wolf","wolf_2f6i_l80","cfa",25,"ML","layered_lbfgs",400,400,400,400,0,0.000999999999976353,0.379999999999712,25
"ml-gls","test","wolf","wolf_2f6i_l80","cfa",25,"ML","layered_port",400,400,400,400,0,0.0010000000000332,0.509999999999821,30
"ml-gls","test","wolf","wolf_2f6i_l80","cfa",100,"GLS","default",400,400,384,384,0,0.0010000000000332,0.561000000000775,39
"ml-gls","test","wolf","wolf_2f6i_l80","cfa",100,"GLS","default_port",400,400,306,306,0,0.00199999999995271,0.686000000000377,36
"ml-gls","test","wolf","wolf_2f6i_l80","cfa",100,"GLS","layered_lbfgs",400,400,400,400,0,0.000999999999976353,0.419999999999846,21
"ml-gls","test","wolf","wolf_2f6i_l80","cfa",100,"GLS","layered_port",400,400,400,400,0,0.0010000000000332,0.494999999998357,20
"ml-gls","test","wolf","wolf_2f6i_l80","cfa",100,"ML","default",400,400,400,400,0,0.000999999999976353,0.411000000000115,23
"ml-gls","test","wolf","wolf_2f6i_l80","cfa",100,"ML","default_port",400,400,400,400,0,0.0010000000000332,0.494999999999039,21
"ml-gls","test","wolf","wolf_2f6i_l80","cfa",100,"ML","layered_lbfgs",400,400,400,400,0,0.000999999999976353,0.421999999999401,18
"ml-gls","test","wolf","wolf_2f6i_l80","cfa",100,"ML","layered_port",400,400,400,400,0,0.0010000000000332,0.444000000001154,16
"ml-gls","test","wolf","wolf_2f8i_l50","cfa",26,"GLS","default",400,204,77,73,0,0.00599999999997181,2.70699999999948,110
"ml-gls","test","wolf","wolf_2f8i_l50","cfa",26,"GLS","default_port",400,204,117,111,0,0.0149999999999864,5.53100000000007,141
"ml-gls","test","wolf","wolf_2f8i_l50","cfa",26,"GLS","layered_lbfgs",400,204,60,52,0,0.007000000000005,3.22800000000047,155
"ml-gls","test","wolf","wolf_2f8i_l50","cfa",26,"GLS","layered_port",400,204,105,98,0,0.0190000000000055,6.95300000000038,161
"ml-gls","test","wolf","wolf_2f8i_l50","cfa",26,"ML","default",400,388,368,368,0,0.00200000000000955,1.47500000000019,44
"ml-gls","test","wolf","wolf_2f8i_l50","cfa",26,"ML","default_port",400,388,382,382,0,0.00300000000004275,2.1860000000006,79
"ml-gls","test","wolf","wolf_2f8i_l50","cfa",26,"ML","layered_lbfgs",400,388,372,368,0,0.00200000000000955,1.41699999999918,44
"ml-gls","test","wolf","wolf_2f8i_l50","cfa",26,"ML","layered_port",400,388,381,377,0,0.0029999999999859,2.03499999999951,74
"ml-gls","test","wolf","wolf_2f8i_l50","cfa",100,"GLS","default",400,400,321,321,0,0.00200000000000955,1.15299999999979,41
"ml-gls","test","wolf","wolf_2f8i_l50","cfa",100,"GLS","default_port",400,400,300,300,0,0.00350000000000251,1.55600000000004,59
"ml-gls","test","wolf","wolf_2f8i_l50","cfa",100,"GLS","layered_lbfgs",400,400,400,400,0,0.00200000000000955,0.83299999999997,40
"ml-gls","test","wolf","wolf_2f8i_l50","cfa",100,"GLS","layered_port",400,400,400,400,0,0.00200000000000955,1.09300000000007,44
"ml-gls","test","wolf","wolf_2f8i_l50","cfa",100,"ML","default",400,400,400,400,0,0.00200000000000955,0.706000000000302,28.5
"ml-gls","test","wolf","wolf_2f8i_l50","cfa",100,"ML","default_port",400,400,400,400,0,0.00200000000000955,0.983999999999753,32
"ml-gls","test","wolf","wolf_2f8i_l50","cfa",100,"ML","layered_lbfgs",400,400,400,400,0,0.00200000000000955,0.760999999999626,29
"ml-gls","test","wolf","wolf_2f8i_l50","cfa",100,"ML","layered_port",400,400,400,400,0,0.00200000000000955,0.958999999999435,31
"ml-gls","test","wolf","wolf_2f8i_l80","cfa",26,"GLS","default",400,277,132,122,0,0.00499999999999545,2.40099999999944,96.5
"ml-gls","test","wolf","wolf_2f8i_l80","cfa",26,"GLS","default_port",400,277,137,126,0,0.0100000000000477,4.97700000000038,99
"ml-gls","test","wolf","wolf_2f8i_l80","cfa",26,"GLS","layered_lbfgs",400,277,145,133,0,0.00499999999999545,2.48399999999941,76
"ml-gls","test","wolf","wolf_2f8i_l80","cfa",26,"GLS","layered_port",400,277,210,188,0,0.00999999999999091,4.8409999999999,94
"ml-gls","test","wolf","wolf_2f8i_l80","cfa",26,"ML","default",400,400,400,400,0,0.0010000000000332,0.617000000000531,36
"ml-gls","test","wolf","wolf_2f8i_l80","cfa",26,"ML","default_port",400,400,400,400,0,0.00200000000000955,1.05799999999971,57
"ml-gls","test","wolf","wolf_2f8i_l80","cfa",26,"ML","layered_lbfgs",400,400,400,400,0,0.0010000000000332,0.592000000000894,30
"ml-gls","test","wolf","wolf_2f8i_l80","cfa",26,"ML","layered_port",400,400,400,400,0,0.00200000000000955,0.960999999999843,48
"ml-gls","test","wolf","wolf_2f8i_l80","cfa",100,"GLS","default",400,400,357,357,0,0.00200000000000955,0.92700000000076,44
"ml-gls","test","wolf","wolf_2f8i_l80","cfa",100,"GLS","default_port",400,400,301,301,0,0.0029999999999859,1.1839999999994,41
"ml-gls","test","wolf","wolf_2f8i_l80","cfa",100,"GLS","layered_lbfgs",400,400,400,400,0,0.00199999999995271,0.64700000000039,25
"ml-gls","test","wolf","wolf_2f8i_l80","cfa",100,"GLS","layered_port",400,400,400,400,0,0.00200000000000955,0.791000000000509,24
"ml-gls","test","wolf","wolf_2f8i_l80","cfa",100,"ML","default",400,400,400,400,0,0.0010000000000332,0.599999999999909,25
"ml-gls","test","wolf","wolf_2f8i_l80","cfa",100,"ML","default_port",400,400,400,400,0,0.00200000000000955,0.730000000000928,22
"ml-gls","test","wolf","wolf_2f8i_l80","cfa",100,"ML","layered_lbfgs",400,400,400,400,0,0.0010000000000332,0.60599999999954,19
"ml-gls","test","wolf","wolf_2f8i_l80","cfa",100,"ML","layered_port",400,400,400,400,0,0.00200000000000955,0.681999999999789,17
"ml-gls","test","wolf","wolf_3f3i_l50","cfa",25,"GLS","default",400,212,82,73,0,0.00200000000000955,0.904000000000338,91
"ml-gls","test","wolf","wolf_3f3i_l50","cfa",25,"GLS","default_port",400,212,93,86,0,0.00200000000000955,1.94999999999988,97
"ml-gls","test","wolf","wolf_3f3i_l50","cfa",25,"GLS","layered_lbfgs",400,212,121,114,0,0.00200000000000955,1.16900000000004,78
"ml-gls","test","wolf","wolf_3f3i_l50","cfa",25,"GLS","layered_port",400,212,140,130,0,0.00799999999998136,2.82199999999966,90
"ml-gls","test","wolf","wolf_3f3i_l50","cfa",25,"ML","default",400,236,129,128,0,0.0029999999999859,6.09100000000001,72
"ml-gls","test","wolf","wolf_3f3i_l50","cfa",25,"ML","default_port",400,236,140,139,0,0.0120000000000005,3.79599999999966,78
"ml-gls","test","wolf","wolf_3f3i_l50","cfa",25,"ML","layered_lbfgs",400,236,146,135,0,0.00399999999996226,2.71899999999994,77
"ml-gls","test","wolf","wolf_3f3i_l50","cfa",25,"ML","layered_port",400,236,158,142,0,0.0120000000000005,3.82700000000051,72
"ml-gls","test","wolf","wolf_3f3i_l50","cfa",100,"GLS","default",400,365,216,213,0,0.0010000000000332,0.674999999999557,46
"ml-gls","test","wolf","wolf_3f3i_l50","cfa",100,"GLS","default_port",400,365,221,220,0,0.00199999999995271,1.10300000000001,68
"ml-gls","test","wolf","wolf_3f3i_l50","cfa",100,"GLS","layered_lbfgs",400,365,332,332,0,0.000999999999976353,0.526000000000295,44
"ml-gls","test","wolf","wolf_3f3i_l50","cfa",100,"GLS","layered_port",400,365,340,340,0,0.0010000000000332,0.982000000000426,46
"ml-gls","test","wolf","wolf_3f3i_l50","cfa",100,"ML","default",400,372,352,352,0,0.000999999999976353,1.44299999999998,42
"ml-gls","test","wolf","wolf_3f3i_l50","cfa",100,"ML","default_port",400,372,352,352,0,0.000999999999976353,1.07099999999917,46
"ml-gls","test","wolf","wolf_3f3i_l50","cfa",100,"ML","layered_lbfgs",400,372,360,356,0,0.000999999999976353,1.0609999999993,42
"ml-gls","test","wolf","wolf_3f3i_l50","cfa",100,"ML","layered_port",400,372,360,356,0,0.000999999999976353,1.02899999999937,44
"ml-gls","test","wolf","wolf_3f3i_l80","cfa",25,"GLS","default",400,367,244,229,0,0.0010000000000332,0.776000000000807,55
"ml-gls","test","wolf","wolf_3f3i_l80","cfa",25,"GLS","default_port",400,367,278,267,0,0.00200000000000955,1.07400000000024,58
"ml-gls","test","wolf","wolf_3f3i_l80","cfa",25,"GLS","layered_lbfgs",400,367,361,356,0,0.000999999999976353,0.425999999999988,38
"ml-gls","test","wolf","wolf_3f3i_l80","cfa",25,"GLS","layered_port",400,367,364,360,0,0.000999999999976353,0.737000000000365,37
"ml-gls","test","wolf","wolf_3f3i_l80","cfa",25,"ML","default",400,388,388,388,0,0.000999999999976353,0.499000000000365,36
"ml-gls","test","wolf","wolf_3f3i_l80","cfa",25,"ML","default_port",400,388,388,388,0,0.0010000000000332,0.590000000000828,38
"ml-gls","test","wolf","wolf_3f3i_l80","cfa",25,"ML","layered_lbfgs",400,388,388,388,0,0.000999999999976353,0.499999999999261,29
"ml-gls","test","wolf","wolf_3f3i_l80","cfa",25,"ML","layered_port",400,388,388,388,0,0.000999999999976353,0.549999999998818,29
"ml-gls","test","wolf","wolf_3f3i_l80","cfa",100,"GLS","default",400,400,355,355,0,0.0010000000000332,0.592000000000042,46
"ml-gls","test","wolf","wolf_3f3i_l80","cfa",100,"GLS","default_port",400,400,311,311,0,0.0010000000000332,0.675000000001035,45
"ml-gls","test","wolf","wolf_3f3i_l80","cfa",100,"GLS","layered_lbfgs",400,400,400,400,0,0.000999999999976353,0.30399999999969,24
"ml-gls","test","wolf","wolf_3f3i_l80","cfa",100,"GLS","layered_port",400,400,400,400,0,0.000999999999976353,0.355000000000246,21
"ml-gls","test","wolf","wolf_3f3i_l80","cfa",100,"ML","default",400,400,400,400,0,0.000999999999976353,0.327999999999918,28
"ml-gls","test","wolf","wolf_3f3i_l80","cfa",100,"ML","default_port",400,400,400,400,0,0.000999999999976353,0.356000000000677,22.5
"ml-gls","test","wolf","wolf_3f3i_l80","cfa",100,"ML","layered_lbfgs",400,400,400,400,0,0.000999999999976353,0.305999999999643,22
"ml-gls","test","wolf","wolf_3f3i_l80","cfa",100,"ML","layered_port",400,400,400,400,0,0.000999999999976353,0.352000000000317,17.5
"ml-gls","test","wolf","wolf_3f6i_l50","cfa",28,"GLS","default",400,190,54,45,0,0.00900000000001455,4.31600000000015,140.5
"ml-gls","test","wolf","wolf_3f6i_l50","cfa",28,"GLS","default_port",400,190,79,62,0,0.0229999999999677,7.92899999999975,143
"ml-gls","test","wolf","wolf_3f6i_l50","cfa",28,"GLS","layered_lbfgs",400,190,82,71,0,0.0110000000000241,4.81899999999945,165
"ml-gls","test","wolf","wolf_3f6i_l50","cfa",28,"GLS","layered_port",400,190,128,112,0,0.0260000000000105,8.77199999999954,133.5
"ml-gls","test","wolf","wolf_3f6i_l50","cfa",28,"ML","default",400,324,303,287,0,0.00300000000004275,4.26100000000031,63
"ml-gls","test","wolf","wolf_3f6i_l50","cfa",28,"ML","default_port",400,324,311,299,0,0.00600000000002865,5.49999999999932,101
"ml-gls","test","wolf","wolf_3f6i_l50","cfa",28,"ML","layered_lbfgs",400,324,308,300,0,0.0029999999999859,4.07099999999952,60
"ml-gls","test","wolf","wolf_3f6i_l50","cfa",28,"ML","layered_port",400,324,315,307,0,0.00550000000001206,5.34399999999948,97
"ml-gls","test","wolf","wolf_3f6i_l50","cfa",100,"GLS","default",400,384,289,286,0,0.00399999999996226,2.05299999999954,51
"ml-gls","test","wolf","wolf_3f6i_l50","cfa",100,"GLS","default_port",400,384,287,284,0,0.00599999999997181,2.84500000000009,77
"ml-gls","test","wolf","wolf_3f6i_l50","cfa",100,"GLS","layered_lbfgs",400,384,380,376,0,0.0029999999999859,1.50799999999992,52
"ml-gls","test","wolf","wolf_3f6i_l50","cfa",100,"GLS","layered_port",400,384,380,376,0,0.0040000000000191,2.44200000000018,58
"ml-gls","test","wolf","wolf_3f6i_l50","cfa",100,"ML","default",400,400,400,400,0,0.00200000000000955,1.08400000000006,38
"ml-gls","test","wolf","wolf_3f6i_l50","cfa",100,"ML","default_port",400,400,400,400,0,0.00300000000004275,1.55899999999963,43
"ml-gls","test","wolf","wolf_3f6i_l50","cfa",100,"ML","layered_lbfgs",400,400,400,400,0,0.00200000000000955,1.10200000000009,37.5
"ml-gls","test","wolf","wolf_3f6i_l50","cfa",100,"ML","layered_port",400,400,400,400,0,0.00300000000004275,1.51500000000124,39
"ml-gls","test","wolf","wolf_3f6i_l80","cfa",28,"GLS","default",400,215,80,68,0,0.00900000000001455,4.62200000000019,174
"ml-gls","test","wolf","wolf_3f6i_l80","cfa",28,"GLS","default_port",400,215,94,80,0,0.0219999999999914,8.34000000000004,146.5
"ml-gls","test","wolf","wolf_3f6i_l80","cfa",28,"GLS","layered_lbfgs",400,215,128,113,0,0.00899999999995771,4.08300000000031,102.5
"ml-gls","test","wolf","wolf_3f6i_l80","cfa",28,"GLS","layered_port",400,215,164,140,0,0.0230000000000246,7.87299999999954,126
"ml-gls","test","wolf","wolf_3f6i_l80","cfa",28,"ML","default",400,400,400,400,0,0.00200000000000955,0.849999999999909,43
"ml-gls","test","wolf","wolf_3f6i_l80","cfa",28,"ML","default_port",400,400,400,400,0,0.0040000000000191,1.70200000000017,74
"ml-gls","test","wolf","wolf_3f6i_l80","cfa",28,"ML","layered_lbfgs",400,400,400,400,0,0.00200000000000955,0.836000000000923,35
"ml-gls","test","wolf","wolf_3f6i_l80","cfa",28,"ML","layered_port",400,400,400,400,0,0.00300000000004275,1.50900000000024,56.5
"ml-gls","test","wolf","wolf_3f6i_l80","cfa",100,"GLS","default",400,400,330,330,0,0.00300000000004275,1.51199999999989,59
"ml-gls","test","wolf","wolf_3f6i_l80","cfa",100,"GLS","default_port",400,400,300,300,0,0.0040000000000191,1.91699999999884,57
"ml-gls","test","wolf","wolf_3f6i_l80","cfa",100,"GLS","layered_lbfgs",400,400,400,400,0,0.00200000000000955,1.02699999999982,29
"ml-gls","test","wolf","wolf_3f6i_l80","cfa",100,"GLS","layered_port",400,400,400,400,0,0.0029999999999859,1.22600000000074,28
"ml-gls","test","wolf","wolf_3f6i_l80","cfa",100,"ML","default",400,400,400,400,0,0.00200000000000955,0.932999999999595,29
"ml-gls","test","wolf","wolf_3f6i_l80","cfa",100,"ML","default_port",400,400,400,400,0,0.0029999999999859,1.11900000000003,26
"ml-gls","test","wolf","wolf_3f6i_l80","cfa",100,"ML","layered_lbfgs",400,400,400,400,0,0.00200000000000955,0.898999999999887,23
"ml-gls","test","wolf","wolf_3f6i_l80","cfa",100,"ML","layered_port",400,400,400,400,0,0.00200000000000955,1.05200000000031,20
"ml-gls","test","wolf","wolf_3f8i_l50","cfa",34,"GLS","default",400,158,52,46,0,0.0199999999999818,8.57199999999904,233.5
"ml-gls","test","wolf","wolf_3f8i_l50","cfa",34,"GLS","default_port",400,158,72,63,0,0.0399999999999636,13.5509999999998,215
"ml-gls","test","wolf","wolf_3f8i_l50","cfa",34,"GLS","layered_lbfgs",400,158,26,22,0,0.0220000000000482,9.67200000000111,238
"ml-gls","test","wolf","wolf_3f8i_l50","cfa",34,"GLS","layered_port",400,158,58,48,0,0.04200000000003,16.7150000000008,234
"ml-gls","test","wolf","wolf_3f8i_l50","cfa",34,"ML","default",400,376,368,368,0,0.0040000000000191,4.64000000000027,64
"ml-gls","test","wolf","wolf_3f8i_l50","cfa",34,"ML","default_port",400,376,373,370,0,0.0109999999999673,5.86100000000016,131
"ml-gls","test","wolf","wolf_3f8i_l50","cfa",34,"ML","layered_lbfgs",400,376,372,371,0,0.0040000000000191,4.13300000000061,63
"ml-gls","test","wolf","wolf_3f8i_l50","cfa",34,"ML","layered_port",400,376,376,371,0,0.00999999999999091,5.53800000000041,125
"ml-gls","test","wolf","wolf_3f8i_l50","cfa",100,"GLS","default",400,360,270,270,0,0.00799999999998136,3.90999999999906,61
"ml-gls","test","wolf","wolf_3f8i_l50","cfa",100,"GLS","default_port",400,360,270,270,0,0.0110000000000241,6.04800000000046,85
"ml-gls","test","wolf","wolf_3f8i_l50","cfa",100,"GLS","layered_lbfgs",400,360,356,356,0,0.00499999999999545,3.57600000000082,59
"ml-gls","test","wolf","wolf_3f8i_l50","cfa",100,"GLS","layered_port",400,360,360,360,0,0.007000000000005,5.54199999999998,63
"ml-gls","test","wolf","wolf_3f8i_l50","cfa",100,"ML","default",400,400,400,400,0,0.0040000000000191,1.83300000000048,37
"ml-gls","test","wolf","wolf_3f8i_l50","cfa",100,"ML","default_port",400,400,400,400,0,0.00499999999999545,2.60200000000015,43
"ml-gls","test","wolf","wolf_3f8i_l50","cfa",100,"ML","layered_lbfgs",400,400,400,400,0,0.0040000000000191,1.88300000000038,37
"ml-gls","test","wolf","wolf_3f8i_l50","cfa",100,"ML","layered_port",400,400,400,400,0,0.00499999999999545,2.55399999999952,41
"ml-gls","test","wolf","wolf_3f8i_l80","cfa",34,"GLS","default",400,169,46,36,0,0.0219999999999914,9.44299999999959,271.5
"ml-gls","test","wolf","wolf_3f8i_l80","cfa",34,"GLS","default_port",400,169,74,61,0,0.0409999999999968,14.6679999999996,246
"ml-gls","test","wolf","wolf_3f8i_l80","cfa",34,"GLS","layered_lbfgs",400,169,59,56,0,0.0209999999999582,8.57899999999973,150
"ml-gls","test","wolf","wolf_3f8i_l80","cfa",34,"GLS","layered_port",400,169,83,74,0,0.0430000000000064,16.1369999999999,177
"ml-gls","test","wolf","wolf_3f8i_l80","cfa",34,"ML","default",400,400,400,400,0,0.00300000000004275,1.52899999999943,45
"ml-gls","test","wolf","wolf_3f8i_l80","cfa",34,"ML","default_port",400,400,400,400,0,0.00700000000006185,3.39399999999944,91
"ml-gls","test","wolf","wolf_3f8i_l80","cfa",34,"ML","layered_lbfgs",400,400,400,400,0,0.00300000000004275,1.47399999999902,38
"ml-gls","test","wolf","wolf_3f8i_l80","cfa",34,"ML","layered_port",400,400,400,400,0,0.007000000000005,3.00800000000049,76.5
"ml-gls","test","wolf","wolf_3f8i_l80","cfa",100,"GLS","default",400,400,314,314,0,0.00799999999998136,3.13899999999984,68
"ml-gls","test","wolf","wolf_3f8i_l80","cfa",100,"GLS","default_port",400,400,300,300,0,0.00999999999999091,4.02999999999952,65
"ml-gls","test","wolf","wolf_3f8i_l80","cfa",100,"GLS","layered_lbfgs",400,400,400,400,0,0.0040000000000191,2.21000000000066,37
"ml-gls","test","wolf","wolf_3f8i_l80","cfa",100,"GLS","layered_port",400,400,400,400,0,0.0050000000000523,2.72900000000095,38
"ml-gls","test","wolf","wolf_3f8i_l80","cfa",100,"ML","default",400,400,400,400,0,0.00399999999996226,1.73599999999993,31
"ml-gls","test","wolf","wolf_3f8i_l80","cfa",100,"ML","default_port",400,400,400,400,0,0.0040000000000191,2.20800000000008,29
"ml-gls","test","wolf","wolf_3f8i_l80","cfa",100,"ML","layered_lbfgs",400,400,400,400,0,0.00399999999996226,1.7059999999999,24
"ml-gls","test","wolf","wolf_3f8i_l80","cfa",100,"ML","layered_port",400,400,400,400,0,0.0040000000000191,2.06800000000004,24
