"key","draw","moment","value","opg_weight"
"1_2_symmetric_gaussian",1,1,-0.00205794326840224,0.636618792634153
"1_2_symmetric_gaussian",1,2,-0.00229106024987484,0.636618558100913
"1_2_symmetric_gaussian",1,3,-0.00160925604871128,0.636619173278303
"1_2_symmetric_gaussian",1,4,-0.00168194836719914,0.636619117932553
"1_2_symmetric_gaussian",1,5,0.00133352663884156,0.636619360986154
"1_2_symmetric_gaussian",1,6,-0.00183234629616999,0.636618995662236
"1_2_symmetric_gaussian",1,7,0.455937885154562,0.562763649139199
"1_2_symmetric_gaussian",1,8,0.487613312210281,0.594182809574758
"1_2_symmetric_gaussian",1,9,0.519627838628218,0.63162341823771
"1_2_symmetric_gaussian",1,10,0.456548396707985,0.563322863183769
"1_2_symmetric_gaussian",1,11,0.489079751801891,0.595763947413716
"1_2_symmetric_gaussian",1,12,0.526503755375615,0.640532103088445
"1_2_symmetric_gaussian",1,13,0.55950930689254,0.688339755952663
"1_2_symmetric_gaussian",1,14,0.488488955673084,0.595124640313258
"1_2_symmetric_gaussian",1,15,0.523200924171865,0.636211204341677
"1_2_symmetric_gaussian",1,16,0.601069629719551,0.763137338490708
"1_2_symmetric_gaussian",1,17,0.525899574558265,0.639735866887725
"1_2_symmetric_gaussian",1,18,0.561959971594226,0.692258639229593
"1_2_symmetric_gaussian",1,19,0.561117343042341,0.690904437782727
"1_2_symmetric_gaussian",1,20,0.598744501673414,0.758436049195576
"1_2_symmetric_gaussian",1,21,0.525838614631262,0.639655419905331
"1_2_symmetric_gaussian",2,1,-0.0014638714368622,0.636619276635362
"1_2_symmetric_gaussian",2,2,0.000283248999140478,0.636619753807563
"1_2_symmetric_gaussian",2,3,-0.000950012260058382,0.636619563582362
"1_2_symmetric_gaussian",2,4,0.000709375862015675,0.636619655956542
"1_2_symmetric_gaussian",2,5,-3.00795393340768e-05,0.636619772158261
"1_2_symmetric_gaussian",2,6,-0.0013310200083396,0.63661936253124
"1_2_symmetric_gaussian",2,7,0.453059042937542,0.560150141710873
"1_2_symmetric_gaussian",2,8,0.48817922632491,0.594792279101887
"1_2_symmetric_gaussian",2,9,0.518602783569309,0.630323874760226
"1_2_symmetric_gaussian",2,10,0.456793469305055,0.563549077792656
"1_2_symmetric_gaussian",2,11,0.48516547658051,0.591570348648301
"1_2_symmetric_gaussian",2,12,0.524378230239872,0.637743796732798
"1_2_symmetric_gaussian",2,13,0.560726246464755,0.690280145048171
"1_2_symmetric_gaussian",2,14,0.491220329185878,0.598095109115359
"1_2_symmetric_gaussian",2,15,0.525079244586729,0.638659983555435
"1_2_symmetric_gaussian",2,16,0.599868475148899,0.760700770183415
"1_2_symmetric_gaussian",2,17,0.52510265278602,0.638690970402395
"1_2_symmetric_gaussian",2,18,0.561781418560598,0.691971917826901
"1_2_symmetric_gaussian",2,19,0.560354412138964,0.689686260681224
"1_2_symmetric_gaussian",2,20,0.597654757835754,0.756256361151898
"1_2_symmetric_gaussian",2,21,0.526059693270792,0.639947691505772
"2_2_symmetric_gaussian",1,1,0.000626657110379338,0.63661968152251
"2_2_symmetric_gaussian",1,2,0.000218076661867351,0.636619761365887
"2_2_symmetric_gaussian",1,3,-0.000511352190886448,0.636619711877836
"2_2_symmetric_gaussian",1,4,0.000293275512666944,0.636619752470324
"2_2_symmetric_gaussian",1,5,-0.00112547633418524,0.636619479336258
"2_2_symmetric_gaussian",1,6,0.00033839482391531,0.636619745877146
"2_2_symmetric_gaussian",1,7,-7.01855918264123e-05,0.63661977122803
"2_2_symmetric_gaussian",1,8,0.000200530263540628,0.636619763065052
"2_2_symmetric_gaussian",1,9,0.000764521699101346,0.636619637153771
"2_2_symmetric_gaussian",1,10,0.000706869233109685,0.636619656777773
"2_2_symmetric_gaussian",1,11,-0.00135859294432534,0.636619345375308
"2_2_symmetric_gaussian",1,12,0.00230610005927088,0.636618542106312
"2_2_symmetric_gaussian",1,13,0.456628093821699,0.563397618484849
"2_2_symmetric_gaussian",1,14,0.488172128347077,0.59478498300529
"2_2_symmetric_gaussian",1,15,0.521450760417546,0.633954330148099
"2_2_symmetric_gaussian",1,16,0.456506232205542,0.563285417753679
"2_2_symmetric_gaussian",1,17,0.489122680654928,0.595811669622148
"2_2_symmetric_gaussian",1,18,0.125788345112662,0.414472499714133
"2_2_symmetric_gaussian",1,19,0.136974901985559,0.416218993580999
"2_2_symmetric_gaussian",1,20,0.147656064787419,0.418038696205582
"2_2_symmetric_gaussian",1,21,0.158140461203188,0.419972718311773
"2_2_symmetric_gaussian",1,22,0.138874060892523,0.4165313014969
"2_2_symmetric_gaussian",1,23,0.147472122911578,0.418005378223282
"2_2_symmetric_gaussian",1,24,0.523513594136169,0.636618452509259
"2_2_symmetric_gaussian",1,25,0.560518140182388,0.689947725692659
"2_2_symmetric_gaussian",1,26,0.49032031794993,0.597112037041858
"2_2_symmetric_gaussian",1,27,0.524714683818544,0.638183488647641
"2_2_symmetric_gaussian",1,28,0.135689653536558,0.416010162183469
"2_2_symmetric_gaussian",1,29,0.148793556043359,0.418241512731623
"2_2_symmetric_gaussian",1,30,0.156074399185235,0.419579896904628
"2_2_symmetric_gaussian",1,31,0.166476424059166,0.421617150845626
"2_2_symmetric_gaussian",1,32,0.144207069762613,0.417434474552735
"2_2_symmetric_gaussian",1,33,0.157734370552005,0.419894354541696
"2_2_symmetric_gaussian",1,34,0.601081005255359,0.763161532118379
"2_2_symmetric_gaussian",1,35,0.524449752386938,0.637837131658986
"2_2_symmetric_gaussian",1,36,0.562699309830216,0.693452763629693
"2_2_symmetric_gaussian",1,37,0.147087821385148,0.417938184587457
"2_2_symmetric_gaussian",1,38,0.158618658888083,0.420064550689702
"2_2_symmetric_gaussian",1,39,0.170917469374093,0.422532416918014
"2_2_symmetric_gaussian",1,40,0.181453355155319,0.424815174619157
"2_2_symmetric_gaussian",1,41,0.158276794810514,0.4199986647979
"2_2_symmetric_gaussian",1,42,0.171757446530007,0.422707884818323
"2_2_symmetric_gaussian",1,43,0.560222247631278,0.689475167072895
"2_2_symmetric_gaussian",1,44,0.601464783246212,0.763944235956398
"2_2_symmetric_gaussian",1,45,0.154718345763139,0.419325274371872
"2_2_symmetric_gaussian",1,46,0.168960351411147,0.422125774378205
"2_2_symmetric_gaussian",1,47,0.180618546714168,0.424628558878054
"2_2_symmetric_gaussian",1,48,0.191863075816102,0.42722758848608
"2_2_symmetric_gaussian",1,49,0.168112477306359,0.421950921155411
"2_2_symmetric_gaussian",1,50,0.18216017550806,0.424973293925928
"2_2_symmetric_gaussian",1,51,0.525373196820776,0.639045435715956
"2_2_symmetric_gaussian",1,52,0.13408962055143,0.415752931857108
"2_2_symmetric_gaussian",1,53,0.148532954628068,0.418194729996525
"2_2_symmetric_gaussian",1,54,0.15696914919971,0.419749104220422
"2_2_symmetric_gaussian",1,55,0.169159512335016,0.422166644494632
"2_2_symmetric_gaussian",1,56,0.147648958132864,0.418037132698587
"2_2_symmetric_gaussian",1,57,0.158779841422459,0.420094513567987
"2_2_symmetric_gaussian",1,58,0.145779516822525,0.417708196288554
"2_2_symmetric_gaussian",1,59,0.157144936200076,0.41978280273006
"2_2_symmetric_gaussian",1,60,0.169873573043412,0.422314827684803
"2_2_symmetric_gaussian",1,61,0.180522738127982,0.424607211230029
"2_2_symmetric_gaussian",1,62,0.158039079399342,0.419953117454708
"2_2_symmetric_gaussian",1,63,0.167696594658212,0.421865154488175
"2_2_symmetric_gaussian",1,64,0.45322898154748,0.56030398082886
"2_2_symmetric_gaussian",1,65,0.486259629543396,0.592734786688739
"2_2_symmetric_gaussian",1,66,0.517593587138355,0.629051710180782
"2_2_symmetric_gaussian",1,67,0.454052405409063,0.561048218231119
"2_2_symmetric_gaussian",1,68,0.486329516534669,0.592808177656364
"2_2_symmetric_gaussian",1,69,0.526497377172488,0.640525051330411
"2_2_symmetric_gaussian",1,70,0.559461436117109,0.688265280378887
"2_2_symmetric_gaussian",1,71,0.490446429580728,0.59724931861847
"2_2_symmetric_gaussian",1,72,0.524544487756489,0.637959768718384
"2_2_symmetric_gaussian",1,73,0.599125400185572,0.759202633837673
"2_2_symmetric_gaussian",1,74,0.523450834376443,0.636536233217954
"2_2_symmetric_gaussian",1,75,0.561285316476983,0.691174157688683
"2_2_symmetric_gaussian",1,76,0.559369298149734,0.688118312092941
"2_2_symmetric_gaussian",1,77,0.599782028822298,0.760525141757602
"2_2_symmetric_gaussian",1,78,0.525083395260572,0.638663519252746
"2_2_symmetric_gaussian",2,1,-0.000614123966580112,0.636619685119999
"2_2_symmetric_gaussian",2,2,9.02386181110918e-05,0.636619770483812
"2_2_symmetric_gaussian",2,3,-0.00187746568278863,0.636618956940396
"2_2_symmetric_gaussian",2,4,0.00181981313388636,0.636619006251151
"2_2_symmetric_gaussian",2,5,-0.0010577973303554,0.636619513518707
"2_2_symmetric_gaussian",2,6,-0.00170952131789535,0.636619096299778
"2_2_symmetric_gaussian",2,7,0.000388527392781149,0.636619737446745
"2_2_symmetric_gaussian",2,8,-0.000569004649687263,0.636619697469082
"2_2_symmetric_gaussian",2,9,3.50927958915281e-05,0.636619772082703
"2_2_symmetric_gaussian",2,10,-0.000513858819493306,0.636619711283358
"2_2_symmetric_gaussian",2,11,0.000165437467066994,0.636619766036056
"2_2_symmetric_gaussian",2,12,0.000175463980322535,0.636619765245332
"2_2_symmetric_gaussian",2,13,0.453097476336708,0.56018525923434
"2_2_symmetric_gaussian",2,14,0.484795369234985,0.591178025680154
"2_2_symmetric_gaussian",2,15,0.519016734570852,0.630847699502751
"2_2_symmetric_gaussian",2,16,0.455470329189869,0.562337799422868
"2_2_symmetric_gaussian",2,17,0.487888970529937,0.594479691758904
"2_2_symmetric_gaussian",2,18,0.129097713543541,0.414972364464272
"2_2_symmetric_gaussian",2,19,0.13795179232175,0.416379167527016
"2_2_symmetric_gaussian",2,20,0.148793642946111,0.418241482099406
"2_2_symmetric_gaussian",2,21,0.156719661301553,0.419701970863069
"2_2_symmetric_gaussian",2,22,0.136741724837491,0.416180935865995
"2_2_symmetric_gaussian",2,23,0.147892749359373,0.418080802451723
"2_2_symmetric_gaussian",2,24,0.522191577970184,0.634906787319303
"2_2_symmetric_gaussian",2,25,0.559514268861542,0.688348320357812
"2_2_symmetric_gaussian",2,26,0.490112017560293,0.596885311029492
"2_2_symmetric_gaussian",2,27,0.524426775738969,0.637806640394199
"2_2_symmetric_gaussian",2,28,0.137258158581861,0.416265359268452
"2_2_symmetric_gaussian",2,29,0.147215316578319,0.417960708690629
"2_2_symmetric_gaussian",2,30,0.158612326353177,0.420063381438005
"2_2_symmetric_gaussian",2,31,0.16904716819462,0.422143679224126
"2_2_symmetric_gaussian",2,32,0.148852606498546,0.41825208942605
"2_2_symmetric_gaussian",2,33,0.160243657678321,0.420378726607118
"2_2_symmetric_gaussian",2,34,0.599226657386912,0.759403453575856
"2_2_symmetric_gaussian",2,35,0.522987899289323,0.635935875546214
"2_2_symmetric_gaussian",2,36,0.562001428470443,0.692325305338695
"2_2_symmetric_gaussian",2,37,0.148592662305463,0.418205020528631
"2_2_symmetric_gaussian",2,38,0.157358299374212,0.419822870344136
"2_2_symmetric_gaussian",2,39,0.16907223376346,0.422148351759776
"2_2_symmetric_gaussian",2,40,0.181415230151099,0.42480619407684
"2_2_symmetric_gaussian",2,41,0.160154335918364,0.420360814380387
"2_2_symmetric_gaussian",2,42,0.171864743822521,0.422730806223083
"2_2_symmetric_gaussian",2,43,0.561441985227497,0.691425261717227
"2_2_symmetric_gaussian",2,44,0.597824335435502,0.756592733667565
"2_2_symmetric_gaussian",2,45,0.156722593694292,0.419702101713314
"2_2_symmetric_gaussian",2,46,0.169258991866008,0.422186921536071
"2_2_symmetric_gaussian",2,47,0.178208261530448,0.42409485724444
"2_2_symmetric_gaussian",2,48,0.193572324522815,0.427638386385199
"2_2_symmetric_gaussian",2,49,0.169446499619365,0.422225822413224
"2_2_symmetric_gaussian",2,50,0.182416728483978,0.4250314296032
"2_2_symmetric_gaussian",2,51,0.524639082539952,0.638083921963821
"2_2_symmetric_gaussian",2,52,0.13730224677118,0.416272399904539
"2_2_symmetric_gaussian",2,53,0.147009655809706,0.41792421164681
"2_2_symmetric_gaussian",2,54,0.157930015453424,0.419932389792847
"2_2_symmetric_gaussian",2,55,0.168681287599331,0.42206802816724
"2_2_symmetric_gaussian",2,56,0.146646828057104,0.417860260804216
"2_2_symmetric_gaussian",2,57,0.15821555917129,0.419987051379959
"2_2_symmetric_gaussian",2,58,0.148030211718064,0.418104826381231
"2_2_symmetric_gaussian",2,59,0.159328093951496,0.420200822626041
"2_2_symmetric_gaussian",2,60,0.169966958051522,0.422333879480328
"2_2_symmetric_gaussian",2,61,0.1820856340397,0.424956864999026
"2_2_symmetric_gaussian",2,62,0.156925220499423,0.419740606193585
"2_2_symmetric_gaussian",2,63,0.17305605476639,0.422982718721249
"2_2_symmetric_gaussian",2,64,0.454897527622377,0.561815935356159
"2_2_symmetric_gaussian",2,65,0.487368112430884,0.593920760003009
"2_2_symmetric_gaussian",2,66,0.521491336604581,0.634006401800626
"2_2_symmetric_gaussian",2,67,0.45445227959379,0.561411310944233
"2_2_symmetric_gaussian",2,68,0.489818585803589,0.596566499531579
"2_2_symmetric_gaussian",2,69,0.524102253958839,0.637384186210466
"2_2_symmetric_gaussian",2,70,0.559247758074534,0.687926349712351
"2_2_symmetric_gaussian",2,71,0.490530744671431,0.597341653642352
"2_2_symmetric_gaussian",2,72,0.525161455445281,0.638768139346571
"2_2_symmetric_gaussian",2,73,0.599844856539824,0.760653592036429
"2_2_symmetric_gaussian",2,74,0.522369985332573,0.635137916925687
"2_2_symmetric_gaussian",2,75,0.561542803865467,0.691588889498356
"2_2_symmetric_gaussian",2,76,0.561337589761133,0.691259335307538
"2_2_symmetric_gaussian",2,77,0.60009124398489,0.761151911525653
"2_2_symmetric_gaussian",2,78,0.525463321603685,0.639164126216544
"1_2_symmetric_chisq8",1,1,0.115776090638528,0.633525385167282
"1_2_symmetric_chisq8",1,2,0.118143445467798,0.633397822436438
"1_2_symmetric_chisq8",1,3,0.116439792542841,0.633489880459486
"1_2_symmetric_chisq8",1,4,0.118958795955148,0.633353295432308
"1_2_symmetric_chisq8",1,5,0.116858733439922,0.633467365628285
"1_2_symmetric_chisq8",1,6,0.117721917381074,0.633420723410028
"1_2_symmetric_chisq8",1,7,0.471220025721329,0.572594714656545
"1_2_symmetric_chisq8",1,8,0.500187077357799,0.60331072496937
"1_2_symmetric_chisq8",1,9,0.529498107655897,0.639336490638531
"1_2_symmetric_chisq8",1,10,0.470729978930017,0.57216627607948
"1_2_symmetric_chisq8",1,11,0.501403354069809,0.604647021386431
"1_2_symmetric_chisq8",1,12,0.535899277494827,0.648026652638378
"1_2_symmetric_chisq8",1,13,0.569744746854624,0.699376811665264
"1_2_symmetric_chisq8",1,14,0.50315151927799,0.606597853088381
"1_2_symmetric_chisq8",1,15,0.53756682294272,0.650282358467597
"1_2_symmetric_chisq8",1,16,0.606267685324866,0.767795797910992
"1_2_symmetric_chisq8",1,17,0.536051007976769,0.648293631050197
"1_2_symmetric_chisq8",1,18,0.573043742042628,0.705091140073325
"1_2_symmetric_chisq8",1,19,0.567702603441362,0.696040785206315
"1_2_symmetric_chisq8",1,20,0.606836006475522,0.768920167687049
"1_2_symmetric_chisq8",1,21,0.53476604507313,0.646467745860569
"1_2_symmetric_chisq8",2,1,0.117997044116044,0.633405785394426
"1_2_symmetric_chisq8",2,2,0.118045002900854,0.633403177932396
"1_2_symmetric_chisq8",2,3,0.118464022792321,0.63338035164147
"1_2_symmetric_chisq8",2,4,0.121478554433286,0.633213770977594
"1_2_symmetric_chisq8",2,5,0.118802282933904,0.633361866287762
"1_2_symmetric_chisq8",2,6,0.117161595049723,0.633451039230987
"1_2_symmetric_chisq8",2,7,0.468479290385848,0.569839423745315
"1_2_symmetric_chisq8",2,8,0.499861044471443,0.602762196657589
"1_2_symmetric_chisq8",2,9,0.529271649868043,0.638824152571532
"1_2_symmetric_chisq8",2,10,0.468796113972861,0.570115666261007
"1_2_symmetric_chisq8",2,11,0.497882711368234,0.600578668227327
"1_2_symmetric_chisq8",2,12,0.535361760126838,0.647200438373915
"1_2_symmetric_chisq8",2,13,0.566522437922631,0.693917830286556
"1_2_symmetric_chisq8",2,14,0.500450641341124,0.603417323202186
"1_2_symmetric_chisq8",2,15,0.532817803509902,0.643781772194388
"1_2_symmetric_chisq8",2,16,0.605919711000506,0.766832153640848
"1_2_symmetric_chisq8",2,17,0.535052174688999,0.646740858071803
"1_2_symmetric_chisq8",2,18,0.569598915196577,0.699203252217731
"1_2_symmetric_chisq8",2,19,0.566794693160562,0.694329583741724
"1_2_symmetric_chisq8",2,20,0.605904349242977,0.766866129415492
"1_2_symmetric_chisq8",2,21,0.5343801822225,0.645877164627287
"2_2_symmetric_chisq8",1,1,0.119521762069405,0.633322374215037
"2_2_symmetric_chisq8",1,2,0.119748978843857,0.63330985322734
"2_2_symmetric_chisq8",1,3,0.11964546821396,0.633315560197848
"2_2_symmetric_chisq8",1,4,0.122440708914243,0.633159729950036
"2_2_symmetric_chisq8",1,5,0.120660432828775,0.633259389846999
"2_2_symmetric_chisq8",1,6,0.119466221130184,0.633325431264456
"2_2_symmetric_chisq8",1,7,0.113739877477257,0.633633056252531
"2_2_symmetric_chisq8",1,8,0.112995654986784,0.633671936434772
"2_2_symmetric_chisq8",1,9,0.110516203601325,0.633799642323003
"2_2_symmetric_chisq8",1,10,0.111409029705091,0.633753980592015
"2_2_symmetric_chisq8",1,11,0.111469563495065,0.633750871520331
"2_2_symmetric_chisq8",1,12,0.112112760284497,0.633717732839422
"2_2_symmetric_chisq8",1,13,0.471011298162645,0.572174364064211
"2_2_symmetric_chisq8",1,14,0.49902925713047,0.601703826033187
"2_2_symmetric_chisq8",1,15,0.531535806456186,0.641743845200008
"2_2_symmetric_chisq8",1,16,0.467796705629797,0.569012012537465
"2_2_symmetric_chisq8",1,17,0.497684380907051,0.600194345380782
"2_2_symmetric_chisq8",1,18,0.129379637424164,0.41117671835677
"2_2_symmetric_chisq8",1,19,0.140348171873516,0.412964736929386
"2_2_symmetric_chisq8",1,20,0.151783369232581,0.415047955251884
"2_2_symmetric_chisq8",1,21,0.160662853979687,0.416697733693122
"2_2_symmetric_chisq8",1,22,0.141234036630271,0.413161821545736
"2_2_symmetric_chisq8",1,23,0.151703741447013,0.414983852639314
"2_2_symmetric_chisq8",1,24,0.535145679758766,0.646773446052576
"2_2_symmetric_chisq8",1,25,0.568350197089629,0.696805969064299
"2_2_symmetric_chisq8",1,26,0.502798399764281,0.605959566525512
"2_2_symmetric_chisq8",1,27,0.535806458928767,0.647691300450879
"2_2_symmetric_chisq8",1,28,0.139389220878503,0.412773063716095
"2_2_symmetric_chisq8",1,29,0.148989159163098,0.414456973354413
"2_2_symmetric_chisq8",1,30,0.158574890916702,0.416313683613403
"2_2_symmetric_chisq8",1,31,0.16881029081981,0.418323213107645
"2_2_symmetric_chisq8",1,32,0.148810650091701,0.414472768996036
"2_2_symmetric_chisq8",1,33,0.161238094168038,0.416780470547285
"2_2_symmetric_chisq8",1,34,0.607246470946791,0.769496046955175
"2_2_symmetric_chisq8",1,35,0.534867444067369,0.646349866947323
"2_2_symmetric_chisq8",1,36,0.569599729533245,0.699037717116746
"2_2_symmetric_chisq8",1,37,0.147733881990258,0.414212932056219
"2_2_symmetric_chisq8",1,38,0.157169401726193,0.415971336069904
"2_2_symmetric_chisq8",1,39,0.169664881309817,0.418530899052746
"2_2_symmetric_chisq8",1,40,0.179192676655537,0.420541121831675
"2_2_symmetric_chisq8",1,41,0.15945001438345,0.416456304353729
"2_2_symmetric_chisq8",1,42,0.168704733737085,0.418283051329263
"2_2_symmetric_chisq8",1,43,0.56666354366667,0.693977951478782
"2_2_symmetric_chisq8",1,44,0.602739386157284,0.760166192234611
"2_2_symmetric_chisq8",1,45,0.15400693708461,0.415257688806631
"2_2_symmetric_chisq8",1,46,0.166259041027195,0.417660345893257
"2_2_symmetric_chisq8",1,47,0.180336754884506,0.420726093491309
"2_2_symmetric_chisq8",1,48,0.190507321882539,0.423032606943071
"2_2_symmetric_chisq8",1,49,0.169197535943654,0.418309028521575
"2_2_symmetric_chisq8",1,50,0.18167634182014,0.420975633532725
"2_2_symmetric_chisq8",1,51,0.534301412911625,0.64558249065893
"2_2_symmetric_chisq8",1,52,0.138421978376469,0.412581565038063
"2_2_symmetric_chisq8",1,53,0.146503073168789,0.413984511979595
"2_2_symmetric_chisq8",1,54,0.159900063299639,0.416538414539911
"2_2_symmetric_chisq8",1,55,0.170546684104596,0.418652100695244
"2_2_symmetric_chisq8",1,56,0.148256713671171,0.414342878537121
"2_2_symmetric_chisq8",1,57,0.159311616085147,0.416375104871799
"2_2_symmetric_chisq8",1,58,0.145452346466053,0.41381719073621
"2_2_symmetric_chisq8",1,59,0.157120419238393,0.415968064558563
"2_2_symmetric_chisq8",1,60,0.169765644915392,0.418557848247331
"2_2_symmetric_chisq8",1,61,0.180593446960663,0.420857566993768
"2_2_symmetric_chisq8",1,62,0.157160237164389,0.416023404463461
"2_2_symmetric_chisq8",1,63,0.169388407885501,0.418430195760247
"2_2_symmetric_chisq8",1,64,0.470082092643241,0.571764575732995
"2_2_symmetric_chisq8",1,65,0.500445074905907,0.603927672272663
"2_2_symmetric_chisq8",1,66,0.529797669974572,0.640150001582993
"2_2_symmetric_chisq8",1,67,0.469680203884898,0.571430887027628
"2_2_symmetric_chisq8",1,68,0.498444472182774,0.601593363960375
"2_2_symmetric_chisq8",1,69,0.537937277249243,0.651337469689916
"2_2_symmetric_chisq8",1,70,0.567276579214128,0.695866178001982
"2_2_symmetric_chisq8",1,71,0.504382948662859,0.608462111947723
"2_2_symmetric_chisq8",1,72,0.535888149582651,0.648424296492819
"2_2_symmetric_chisq8",1,73,0.607224347922934,0.770479885320232
"2_2_symmetric_chisq8",1,74,0.53624283794868,0.649046994579133
"2_2_symmetric_chisq8",1,75,0.571787080374898,0.703489859969277
"2_2_symmetric_chisq8",1,76,0.567868314324898,0.696913751665629
"2_2_symmetric_chisq8",1,77,0.607458674944861,0.770895031758132
"2_2_symmetric_chisq8",1,78,0.536109262201808,0.648794835132001
"2_2_symmetric_chisq8",2,1,0.120496313237864,0.633268504451638
"2_2_symmetric_chisq8",2,2,0.115834130971211,0.633522288332197
"2_2_symmetric_chisq8",2,3,0.118469071351411,0.633380076130189
"2_2_symmetric_chisq8",2,4,0.12119826290299,0.633229434571329
"2_2_symmetric_chisq8",2,5,0.118198977677261,0.633394799407573
"2_2_symmetric_chisq8",2,6,0.119059773644146,0.633347759827681
"2_2_symmetric_chisq8",2,7,0.114332777745252,0.633601900356436
"2_2_symmetric_chisq8",2,8,0.112062311804689,0.633720338874957
"2_2_symmetric_chisq8",2,9,0.110849111471213,0.633782659071195
"2_2_symmetric_chisq8",2,10,0.111146721329696,0.63376743362924
"2_2_symmetric_chisq8",2,11,0.111487219260739,0.633749964388152
"2_2_symmetric_chisq8",2,12,0.112279242293023,0.633709124560579
"2_2_symmetric_chisq8",2,13,0.468031994028287,0.569392229957306
"2_2_symmetric_chisq8",2,14,0.498790022579163,0.601441101006795
"2_2_symmetric_chisq8",2,15,0.527576762435958,0.636481750192497
"2_2_symmetric_chisq8",2,16,0.469005711200388,0.570241399554371
"2_2_symmetric_chisq8",2,17,0.498995681364984,0.601648918136244
"2_2_symmetric_chisq8",2,18,0.129040908001433,0.411072814865812
"2_2_symmetric_chisq8",2,19,0.138463389992455,0.412646855982067
"2_2_symmetric_chisq8",2,20,0.148440621318208,0.414400486487039
"2_2_symmetric_chisq8",2,21,0.159915926534736,0.416527637503397
"2_2_symmetric_chisq8",2,22,0.140513475409541,0.413006768822138
"2_2_symmetric_chisq8",2,23,0.150079974868825,0.414650485116863
"2_2_symmetric_chisq8",2,24,0.536732071291454,0.649190591698152
"2_2_symmetric_chisq8",2,25,0.568868124638857,0.697911415313577
"2_2_symmetric_chisq8",2,26,0.50196519703837,0.605269492593715
"2_2_symmetric_chisq8",2,27,0.534559760700717,0.646169277810818
"2_2_symmetric_chisq8",2,28,0.137483373069991,0.412568540151809
"2_2_symmetric_chisq8",2,29,0.150056639805854,0.414808312194397
"2_2_symmetric_chisq8",2,30,0.160718177645394,0.416848297393182
"2_2_symmetric_chisq8",2,31,0.169805508918472,0.418667276215493
"2_2_symmetric_chisq8",2,32,0.151765791831491,0.415137028473806
"2_2_symmetric_chisq8",2,33,0.160311142741558,0.416724429434321
"2_2_symmetric_chisq8",2,34,0.606413594513487,0.767878090004408
"2_2_symmetric_chisq8",2,35,0.534530630606529,0.646052215041784
"2_2_symmetric_chisq8",2,36,0.569334578320049,0.698670987182085
"2_2_symmetric_chisq8",2,37,0.147551079324714,0.414201022874925
"2_2_symmetric_chisq8",2,38,0.158410569826964,0.416277208003874
"2_2_symmetric_chisq8",2,39,0.17091526972502,0.418820432331256
"2_2_symmetric_chisq8",2,40,0.181793370958924,0.421167370928078
"2_2_symmetric_chisq8",2,41,0.157954137883626,0.416207721974007
"2_2_symmetric_chisq8",2,42,0.170713131484685,0.418733705464204
"2_2_symmetric_chisq8",2,43,0.567509838344534,0.695550145584831
"2_2_symmetric_chisq8",2,44,0.604689245864747,0.764261827065796
"2_2_symmetric_chisq8",2,45,0.156541880332518,0.41575714781771
"2_2_symmetric_chisq8",2,46,0.168914693992801,0.41827505053816
"2_2_symmetric_chisq8",2,47,0.181913300541509,0.421110863050207
"2_2_symmetric_chisq8",2,48,0.194971042854298,0.424155571073914
"2_2_symmetric_chisq8",2,49,0.171779800400254,0.418889373451949
"2_2_symmetric_chisq8",2,50,0.181146530412955,0.420894775286554
"2_2_symmetric_chisq8",2,51,0.534991226026367,0.646657369707522
"2_2_symmetric_chisq8",2,52,0.140647231042952,0.413016801861068
"2_2_symmetric_chisq8",2,53,0.148911713899441,0.414524392134426
"2_2_symmetric_chisq8",2,54,0.162208799901919,0.417062383346259
"2_2_symmetric_chisq8",2,55,0.172384388655566,0.419128751803672
"2_2_symmetric_chisq8",2,56,0.153763806425128,0.415427230706451
"2_2_symmetric_chisq8",2,57,0.160606838129947,0.416704028939347
"2_2_symmetric_chisq8",2,58,0.148147699089514,0.414287332638194
"2_2_symmetric_chisq8",2,59,0.159999382382351,0.416563930494815
"2_2_symmetric_chisq8",2,60,0.170247997631415,0.418661476634751
"2_2_symmetric_chisq8",2,61,0.183227204559748,0.421470583680887
"2_2_symmetric_chisq8",2,62,0.161494276250515,0.416873368772044
"2_2_symmetric_chisq8",2,63,0.170213985080654,0.418609913029269
"2_2_symmetric_chisq8",2,64,0.472454918955339,0.574107267561966
"2_2_symmetric_chisq8",2,65,0.500253786786825,0.603672010890841
"2_2_symmetric_chisq8",2,66,0.527773462149566,0.637446681420378
"2_2_symmetric_chisq8",2,67,0.469801389526654,0.571525030285761
"2_2_symmetric_chisq8",2,68,0.50045254000755,0.603842338013977
"2_2_symmetric_chisq8",2,69,0.535026483714081,0.647330136719499
"2_2_symmetric_chisq8",2,70,0.569418210391701,0.699477291407046
"2_2_symmetric_chisq8",2,71,0.502903301101981,0.606781717746342
"2_2_symmetric_chisq8",2,72,0.537141412933678,0.65019398967064
"2_2_symmetric_chisq8",2,73,0.607054958208561,0.770120422439336
"2_2_symmetric_chisq8",2,74,0.536403652219633,0.649254973742405
"2_2_symmetric_chisq8",2,75,0.571212135616395,0.702494644098004
"2_2_symmetric_chisq8",2,76,0.568247592117929,0.697553582346646
"2_2_symmetric_chisq8",2,77,0.608081696812984,0.772214761168292
"2_2_symmetric_chisq8",2,78,0.536829494893048,0.649784934870393
"1_2_symmetric_chisq2",1,1,0.239894557470145,0.62342512194971
"1_2_symmetric_chisq2",1,2,0.237258828705042,0.623710945679108
"1_2_symmetric_chisq2",1,3,0.238205127775214,0.623608677539685
"1_2_symmetric_chisq2",1,4,0.242684261937844,0.623119285410222
"1_2_symmetric_chisq2",1,5,0.239615948000258,0.623455478841639
"1_2_symmetric_chisq2",1,6,0.239855860597363,0.623429340339747
"1_2_symmetric_chisq2",1,7,0.505037098642406,0.593484637001902
"1_2_symmetric_chisq2",1,8,0.529930340707642,0.623864438863813
"1_2_symmetric_chisq2",1,9,0.553498594176121,0.656370029442018
"1_2_symmetric_chisq2",1,10,0.505756317080672,0.594112547164665
"1_2_symmetric_chisq2",1,11,0.52978655065408,0.623532625095365
"1_2_symmetric_chisq2",1,12,0.562378853843612,0.670608006042523
"1_2_symmetric_chisq2",1,13,0.587063728786572,0.711848341103208
"1_2_symmetric_chisq2",1,14,0.535948128582195,0.631971773363107
"1_2_symmetric_chisq2",1,15,0.563382403380348,0.672033254187873
"1_2_symmetric_chisq2",1,16,0.622654182453635,0.784055624226687
"1_2_symmetric_chisq2",1,17,0.561921851537095,0.669673512620684
"1_2_symmetric_chisq2",1,18,0.594017065793481,0.724933084601636
"1_2_symmetric_chisq2",1,19,0.586952195627742,0.711418397242113
"1_2_symmetric_chisq2",1,20,0.622906157572228,0.784454142403484
"1_2_symmetric_chisq2",1,21,0.564542705180262,0.673651933380578
"1_2_symmetric_chisq2",2,1,0.239855860597363,0.623429340339738
"1_2_symmetric_chisq2",2,2,0.23771261313794,0.623661953435143
"1_2_symmetric_chisq2",2,3,0.239017516440294,0.623520568103391
"1_2_symmetric_chisq2",2,4,0.241385951203093,0.62326204366397
"1_2_symmetric_chisq2",2,5,0.236789625724671,0.62376150758586
"1_2_symmetric_chisq2",2,6,0.239783627395763,0.623437212807791
"1_2_symmetric_chisq2",2,7,0.508932620199131,0.597953908307079
"1_2_symmetric_chisq2",2,8,0.532284939624843,0.626895597870678
"1_2_symmetric_chisq2",2,9,0.55498179465146,0.658713927215175
"1_2_symmetric_chisq2",2,10,0.507717330644393,0.596615673019162
"1_2_symmetric_chisq2",2,11,0.533492777516591,0.628433203058371
"1_2_symmetric_chisq2",2,12,0.563434108978178,0.67215156406318
"1_2_symmetric_chisq2",2,13,0.587955774667278,0.713558294132986
"1_2_symmetric_chisq2",2,14,0.535130835737686,0.631078558502658
"1_2_symmetric_chisq2",2,15,0.565761810815817,0.675779131789687
"1_2_symmetric_chisq2",2,16,0.622279770942676,0.783262017672604
"1_2_symmetric_chisq2",2,17,0.562029363451171,0.670027610085622
"1_2_symmetric_chisq2",2,18,0.596939583627201,0.730445348665257
"1_2_symmetric_chisq2",2,19,0.588297891896731,0.714272309028413
"1_2_symmetric_chisq2",2,20,0.622460929196784,0.783591440791172
"1_2_symmetric_chisq2",2,21,0.564139514315725,0.673280580690245
"2_2_symmetric_chisq2",1,1,0.238777651970598,0.623546613242213
"2_2_symmetric_chisq2",1,2,0.239363151799276,0.623482993725701
"2_2_symmetric_chisq2",1,3,0.239564355695692,0.623461096533706
"2_2_symmetric_chisq2",1,4,0.242054414127142,0.6231886336738
"2_2_symmetric_chisq2",1,5,0.236977816257495,0.623741239535734
"2_2_symmetric_chisq2",1,6,0.239868759515046,0.623427934286963
"2_2_symmetric_chisq2",1,7,0.226652455233933,0.624830281616015
"2_2_symmetric_chisq2",1,8,0.223718949387925,0.625131124354649
"2_2_symmetric_chisq2",1,9,0.22139870566264,0.625366385261979
"2_2_symmetric_chisq2",1,10,0.223127854321311,0.625191283994097
"2_2_symmetric_chisq2",1,11,0.224806254580709,0.625020059517627
"2_2_symmetric_chisq2",1,12,0.223911714670652,0.625111472021022
"2_2_symmetric_chisq2",1,13,0.508324012751845,0.597196691986163
"2_2_symmetric_chisq2",1,14,0.532063113286603,0.626648637344327
"2_2_symmetric_chisq2",1,15,0.555807376886209,0.659993914725567
"2_2_symmetric_chisq2",1,16,0.509069757105597,0.59826680605073
"2_2_symmetric_chisq2",1,17,0.531537434872525,0.625927448341168
"2_2_symmetric_chisq2",1,18,0.142169938787232,0.402011973047254
"2_2_symmetric_chisq2",1,19,0.150948113230957,0.403738636355327
"2_2_symmetric_chisq2",1,20,0.16304909440843,0.406174810874975
"2_2_symmetric_chisq2",1,21,0.176198524601068,0.408785679029493
"2_2_symmetric_chisq2",1,22,0.152013856733862,0.403866943269959
"2_2_symmetric_chisq2",1,23,0.164110258168795,0.406233427575335
"2_2_symmetric_chisq2",1,24,0.567085170647228,0.677771295375839
"2_2_symmetric_chisq2",1,25,0.591709112069652,0.720258341648853
"2_2_symmetric_chisq2",1,26,0.5400328456815,0.637603078666125
"2_2_symmetric_chisq2",1,27,0.566065302007227,0.676103486377583
"2_2_symmetric_chisq2",1,28,0.148961861722819,0.403162003749444
"2_2_symmetric_chisq2",1,29,0.15895559807939,0.405197998185591
"2_2_symmetric_chisq2",1,30,0.169656038679027,0.407471381723061
"2_2_symmetric_chisq2",1,31,0.182918640947945,0.410225584678782
"2_2_symmetric_chisq2",1,32,0.15770718205811,0.404892763684597
"2_2_symmetric_chisq2",1,33,0.173607466605991,0.408146050399417
"2_2_symmetric_chisq2",1,34,0.624117125196816,0.78731904802395
"2_2_symmetric_chisq2",1,35,0.565104422353948,0.674817744166875
"2_2_symmetric_chisq2",1,36,0.59563094475521,0.727868816101358
"2_2_symmetric_chisq2",1,37,0.151827535571464,0.40366791636936
"2_2_symmetric_chisq2",1,38,0.164028885947202,0.406177185755855
"2_2_symmetric_chisq2",1,39,0.174923758165839,0.408564667097517
"2_2_symmetric_chisq2",1,40,0.189295854391769,0.411673443031953
"2_2_symmetric_chisq2",1,41,0.163353985413293,0.405976997574147
"2_2_symmetric_chisq2",1,42,0.175487451083993,0.408533455942209
"2_2_symmetric_chisq2",1,43,0.589952053519919,0.71722765777861
"2_2_symmetric_chisq2",1,44,0.621515923309649,0.781373542742228
"2_2_symmetric_chisq2",1,45,0.159923972968284,0.405027458393955
"2_2_symmetric_chisq2",1,46,0.172768846800855,0.407802137500959
"2_2_symmetric_chisq2",1,47,0.183922103158361,0.410377089763799
"2_2_symmetric_chisq2",1,48,0.197935206217183,0.413578985048749
"2_2_symmetric_chisq2",1,49,0.171860488096061,0.40754521041253
"2_2_symmetric_chisq2",1,50,0.187559406832424,0.411056798588305
"2_2_symmetric_chisq2",1,51,0.564976598059578,0.67458539169849
"2_2_symmetric_chisq2",1,52,0.145603829439103,0.40272294677758
"2_2_symmetric_chisq2",1,53,0.156035976131991,0.404798366998096
"2_2_symmetric_chisq2",1,54,0.168748481262159,0.407441052275856
"2_2_symmetric_chisq2",1,55,0.18148764642619,0.41006215307958
"2_2_symmetric_chisq2",1,56,0.156297446385452,0.404781384439327
"2_2_symmetric_chisq2",1,57,0.169549515670431,0.40745385972233
"2_2_symmetric_chisq2",1,58,0.153910617828436,0.404031900229588
"2_2_symmetric_chisq2",1,59,0.163972093803197,0.406145810593888
"2_2_symmetric_chisq2",1,60,0.177172523153452,0.40902842297364
"2_2_symmetric_chisq2",1,61,0.189383148238143,0.411673687899376
"2_2_symmetric_chisq2",1,62,0.164420080431458,0.406168858631389
"2_2_symmetric_chisq2",1,63,0.179108219722682,0.40929864641823
"2_2_symmetric_chisq2",1,64,0.513212233911641,0.605254008281368
"2_2_symmetric_chisq2",1,65,0.537803182972233,0.636963135133374
"2_2_symmetric_chisq2",1,66,0.560551959472232,0.670057884855385
"2_2_symmetric_chisq2",1,67,0.514263865019087,0.60643135470972
"2_2_symmetric_chisq2",1,68,0.539486474348966,0.639073151303815
"2_2_symmetric_chisq2",1,69,0.570197552309304,0.685922906408363
"2_2_symmetric_chisq2",1,70,0.59489781583085,0.729619663860659
"2_2_symmetric_chisq2",1,71,0.5438837140874,0.645401108367351
"2_2_symmetric_chisq2",1,72,0.57086961278077,0.686811163252745
"2_2_symmetric_chisq2",1,73,0.629801565249727,0.804509352055638
"2_2_symmetric_chisq2",1,74,0.570774585258184,0.686778080904404
"2_2_symmetric_chisq2",1,75,0.602162527338621,0.743967022279996
"2_2_symmetric_chisq2",1,76,0.595625677233478,0.730911545485164
"2_2_symmetric_chisq2",1,77,0.630422555878412,0.80574205012457
"2_2_symmetric_chisq2",1,78,0.569717592353475,0.684815374538538
"2_2_symmetric_chisq2",2,1,0.237516654769676,0.623683120904088
"2_2_symmetric_chisq2",2,2,0.237282032404768,0.623708442713014
"2_2_symmetric_chisq2",2,3,0.236671044216868,0.623774270790047
"2_2_symmetric_chisq2",2,4,0.241290465311039,0.623272513871087
"2_2_symmetric_chisq2",2,5,0.234854068951965,0.62396906435336
"2_2_symmetric_chisq2",2,6,0.237155702696038,0.623722066948769
"2_2_symmetric_chisq2",2,7,0.227305752705398,0.624762766823172
"2_2_symmetric_chisq2",2,8,0.224770263874614,0.625023744201991
"2_2_symmetric_chisq2",2,9,0.222475170334544,0.625257532782772
"2_2_symmetric_chisq2",2,10,0.223248636968909,0.625179003683684
"2_2_symmetric_chisq2",2,11,0.222922274320469,0.625212171081645
"2_2_symmetric_chisq2",2,12,0.221257422690668,0.62538063385192
"2_2_symmetric_chisq2",2,13,0.508172854115958,0.597301319791666
"2_2_symmetric_chisq2",2,14,0.530714971216659,0.625233816223809
"2_2_symmetric_chisq2",2,15,0.554629656203693,0.658406353655962
"2_2_symmetric_chisq2",2,16,0.507561406039543,0.596792179449783
"2_2_symmetric_chisq2",2,17,0.530351030601598,0.624714196346919
"2_2_symmetric_chisq2",2,18,0.137449440684456,0.401262424718752
"2_2_symmetric_chisq2",2,19,0.151920456264649,0.403934518381124
"2_2_symmetric_chisq2",2,20,0.159596379079257,0.405517936815378
"2_2_symmetric_chisq2",2,21,0.173803405034139,0.40834909572919
"2_2_symmetric_chisq2",2,22,0.146794433172527,0.403125208354278
"2_2_symmetric_chisq2",2,23,0.162220974310476,0.406102742886017
"2_2_symmetric_chisq2",2,24,0.564516349936813,0.674123281148367
"2_2_symmetric_chisq2",2,25,0.589741021099407,0.716885499612085
"2_2_symmetric_chisq2",2,26,0.538148555847103,0.635381185186504
"2_2_symmetric_chisq2",2,27,0.563788273673174,0.672923999676845
"2_2_symmetric_chisq2",2,28,0.145213785897002,0.402594629199138
"2_2_symmetric_chisq2",2,29,0.159606124152482,0.405395639063892
"2_2_symmetric_chisq2",2,30,0.169689453641798,0.407550052000834
"2_2_symmetric_chisq2",2,31,0.182891151360606,0.410348854425712
"2_2_symmetric_chisq2",2,32,0.155758680343087,0.404774687840416
"2_2_symmetric_chisq2",2,33,0.170570562256416,0.407805979897065
"2_2_symmetric_chisq2",2,34,0.625196327851247,0.790191929492376
"2_2_symmetric_chisq2",2,35,0.564881483912966,0.67492777558702
"2_2_symmetric_chisq2",2,36,0.59433269421358,0.725951448219166
"2_2_symmetric_chisq2",2,37,0.153995087334593,0.404216325359731
"2_2_symmetric_chisq2",2,38,0.163937830296956,0.40628444429941
"2_2_symmetric_chisq2",2,39,0.176291422734735,0.408983188847153
"2_2_symmetric_chisq2",2,40,0.190434437287632,0.412123228143833
"2_2_symmetric_chisq2",2,41,0.162298167807688,0.406072632219674
"2_2_symmetric_chisq2",2,42,0.178823880329936,0.409606875379568
"2_2_symmetric_chisq2",2,43,0.590053185125508,0.717695246674287
"2_2_symmetric_chisq2",2,44,0.624215796811024,0.787883290109543
"2_2_symmetric_chisq2",2,45,0.161624041287497,0.405368867993581
"2_2_symmetric_chisq2",2,46,0.171581570742817,0.407539866820294
"2_2_symmetric_chisq2",2,47,0.182039397387543,0.409940242847297
"2_2_symmetric_chisq2",2,48,0.199273635317325,0.413953271121772
"2_2_symmetric_chisq2",2,49,0.170214688692177,0.407367514653623
"2_2_symmetric_chisq2",2,50,0.186584307474248,0.411043318522716
"2_2_symmetric_chisq2",2,51,0.564783916225786,0.674727339429641
"2_2_symmetric_chisq2",2,52,0.147967293175556,0.403237173474507
"2_2_symmetric_chisq2",2,53,0.159526915851264,0.405537769067862
"2_2_symmetric_chisq2",2,54,0.170053142802065,0.407783031159679
"2_2_symmetric_chisq2",2,55,0.184166026336411,0.410794356202766
"2_2_symmetric_chisq2",2,56,0.159020523250305,0.405552784644324
"2_2_symmetric_chisq2",2,57,0.172626129257546,0.40839380990688
"2_2_symmetric_chisq2",2,58,0.151708588757636,0.403763354035471
"2_2_symmetric_chisq2",2,59,0.16407375628875,0.40627993505945
"2_2_symmetric_chisq2",2,60,0.174973502067245,0.408668688458558
"2_2_symmetric_chisq2",2,61,0.191817377861494,0.412418239000734
"2_2_symmetric_chisq2",2,62,0.164147587696677,0.406407088897292
"2_2_symmetric_chisq2",2,63,0.177915175401003,0.409376755916389
"2_2_symmetric_chisq2",2,64,0.512467944973486,0.604227138757786
"2_2_symmetric_chisq2",2,65,0.537908529143706,0.636963807610998
"2_2_symmetric_chisq2",2,66,0.560817920464517,0.670403910162768
"2_2_symmetric_chisq2",2,67,0.51268553372987,0.604633334115527
"2_2_symmetric_chisq2",2,68,0.539582992324602,0.639369208276403
"2_2_symmetric_chisq2",2,69,0.570179028652808,0.685704245926922
"2_2_symmetric_chisq2",2,70,0.59593281930047,0.731493893122319
"2_2_symmetric_chisq2",2,71,0.541511483920868,0.642130933732167
"2_2_symmetric_chisq2",2,72,0.572816341144789,0.690189999270282
"2_2_symmetric_chisq2",2,73,0.630647103008036,0.806415711203688
"2_2_symmetric_chisq2",2,74,0.568769293917282,0.683555265378757
"2_2_symmetric_chisq2",2,75,0.601866080855668,0.743524976175414
"2_2_symmetric_chisq2",2,76,0.594539595326324,0.728998851633405
"2_2_symmetric_chisq2",2,77,0.632952608333604,0.812125889441013
"2_2_symmetric_chisq2",2,78,0.570475593920799,0.686464773950174
"1_5_symmetric_gaussian",1,1,-0.842060659454135,0.489730368534956
"1_5_symmetric_gaussian",1,2,-0.253983894926289,0.621845719366985
"1_5_symmetric_gaussian",1,3,0.251822842761749,0.622093595054847
"1_5_symmetric_gaussian",1,4,0.841756973226158,0.489824611712843
"1_5_symmetric_gaussian",1,5,-0.842993640565538,0.489440722826988
"1_5_symmetric_gaussian",1,6,-0.253406635972261,0.621912130790963
"1_5_symmetric_gaussian",1,7,0.252788053063436,0.621983135375837
"1_5_symmetric_gaussian",1,8,0.84138550976053,0.489939863660089
"1_5_symmetric_gaussian",1,9,-0.839686829427409,0.490466558382774
"1_5_symmetric_gaussian",1,10,-0.251289878158051,0.622154414174148
"1_5_symmetric_gaussian",1,11,0.255496042009179,0.62167106530027
"1_5_symmetric_gaussian",1,12,0.844006093649973,0.489126212443573
"1_5_symmetric_gaussian",1,13,-0.84388083173255,0.489165134888064
"1_5_symmetric_gaussian",1,14,-0.254144403476476,0.621827227707209
"1_5_symmetric_gaussian",1,15,0.251812493253967,0.622094777264465
"1_5_symmetric_gaussian",1,16,0.841260524125686,0.489978636183676
"1_5_symmetric_gaussian",1,17,-0.842836304982078,0.489489579886313
"1_5_symmetric_gaussian",1,18,-0.254558649353244,0.62177945200966
"1_5_symmetric_gaussian",1,19,0.252296361608265,0.622039455762846
"1_5_symmetric_gaussian",1,20,0.841585514119868,0.489877812760446
"1_5_symmetric_gaussian",1,21,-0.841953467213101,0.489763635648849
"1_5_symmetric_gaussian",1,22,-0.254082270357983,0.621834387188449
"1_5_symmetric_gaussian",1,23,0.252280835503759,0.622041232472784
"1_5_symmetric_gaussian",1,24,0.840882076344737,0.490096017968496
"1_5_symmetric_gaussian",1,25,0.454011954942388,1.21561236657953
"1_5_symmetric_gaussian",1,26,0.488103444783242,1.30837271705638
"1_5_symmetric_gaussian",1,27,0.5208302863146,1.41605470520689
"1_5_symmetric_gaussian",1,28,0.454512391100554,1.21954227306614
"1_5_symmetric_gaussian",1,29,0.486757337291504,1.30247518391683
"1_5_symmetric_gaussian",1,30,0.524733931902025,1.43069493883602
"1_5_symmetric_gaussian",1,31,0.559980203219982,1.57713530223868
"1_5_symmetric_gaussian",1,32,0.490781937151135,1.32254142547371
"1_5_symmetric_gaussian",1,33,0.525409669943432,1.43596972572916
"1_5_symmetric_gaussian",1,34,0.60007617178819,1.79027365581295
"1_5_symmetric_gaussian",1,35,0.526092721363946,1.43639378423242
"1_5_symmetric_gaussian",1,36,0.562697149001835,1.58838308784522
"1_5_symmetric_gaussian",1,37,0.560965413514164,1.5831690021408
"1_5_symmetric_gaussian",1,38,0.599790748938164,1.78409936620568
"1_5_symmetric_gaussian",1,39,0.525822934134863,1.43660710238868
"1_5_symmetric_gaussian",2,1,-0.840871367311023,0.490099339141398
"1_5_symmetric_gaussian",2,2,-0.252461977174791,0.622020497224973
"1_5_symmetric_gaussian",2,3,0.252971806077138,0.621962060517419
"1_5_symmetric_gaussian",2,4,0.840864228008788,0.490101553227536
"1_5_symmetric_gaussian",2,5,-0.839608377578996,0.490490869522421
"1_5_symmetric_gaussian",2,6,-0.250987206750542,0.622188898341151
"1_5_symmetric_gaussian",2,7,0.254312685600193,0.621807828441779
"1_5_symmetric_gaussian",2,8,0.84161051703185,0.48987005511167
"1_5_symmetric_gaussian",2,9,-0.840393128778888,0.490247631383754
"1_5_symmetric_gaussian",2,10,-0.252037601136814,0.622069052979083
"1_5_symmetric_gaussian",2,11,0.254657039165886,0.621768093569293
"1_5_symmetric_gaussian",2,12,0.841007022197737,0.490057267075144
"1_5_symmetric_gaussian",2,13,-0.838585410519543,0.490807761596656
"1_5_symmetric_gaussian",2,14,-0.252229082261264,0.622047154030473
"1_5_symmetric_gaussian",2,15,0.253230627628383,0.621932351020308
"1_5_symmetric_gaussian",2,16,0.841396223426524,0.489936539968494
"1_5_symmetric_gaussian",2,17,-0.838674484249855,0.490780176787827
"1_5_symmetric_gaussian",2,18,-0.252213556420257,0.622048930255233
"1_5_symmetric_gaussian",2,19,0.252868282202369,0.62197393560572
"1_5_symmetric_gaussian",2,20,0.84160694515507,0.489871163364717
"1_5_symmetric_gaussian",2,21,-0.840500180405483,0.490214440715587
"1_5_symmetric_gaussian",2,22,-0.253331572630566,0.62192075588356
"1_5_symmetric_gaussian",2,23,0.252948512968975,0.621964732846224
"1_5_symmetric_gaussian",2,24,0.841467650334745,0.489914380682919
"1_5_symmetric_gaussian",2,25,0.455669513143051,1.22019197110539
"1_5_symmetric_gaussian",2,26,0.488427038759948,1.30803736734767
"1_5_symmetric_gaussian",2,27,0.521164954756704,1.41941748422663
"1_5_symmetric_gaussian",2,28,0.455169480674328,1.21930215041124
"1_5_symmetric_gaussian",2,29,0.487605286979688,1.30857546353792
"1_5_symmetric_gaussian",2,30,0.526389697721232,1.43719068378895
"1_5_symmetric_gaussian",2,31,0.560929179651689,1.58021194914994
"1_5_symmetric_gaussian",2,32,0.490240115302366,1.31494766504427
"1_5_symmetric_gaussian",2,33,0.52690416753677,1.44025999208424
"1_5_symmetric_gaussian",2,34,0.600855413000058,1.7950093881982
"1_5_symmetric_gaussian",2,35,0.525115091267215,1.43294284329745
"1_5_symmetric_gaussian",2,36,0.562647267372524,1.59051068501663
"1_5_symmetric_gaussian",2,37,0.55995752931645,1.57754212322195
"1_5_symmetric_gaussian",2,38,0.600644313432845,1.79224649363607
"1_5_symmetric_gaussian",2,39,0.525436135109361,1.43372416189184
"2_5_symmetric_gaussian",1,1,-0.840378855956347,0.490252056410137
"2_5_symmetric_gaussian",1,2,-0.252174742083714,0.622053370327366
"2_5_symmetric_gaussian",1,3,0.251887527796557,0.622086205117427
"2_5_symmetric_gaussian",1,4,0.842586041362135,0.489567283703486
"2_5_symmetric_gaussian",1,5,-0.8439953563953,0.489129548934165
"2_5_symmetric_gaussian",1,6,-0.255809419417066,0.621634745577859
"2_5_symmetric_gaussian",1,7,0.252575841893479,0.622007455840875
"2_5_symmetric_gaussian",1,8,0.843583834959755,0.489257408015767
"2_5_symmetric_gaussian",1,9,-0.843122385202474,0.489400740449872
"2_5_symmetric_gaussian",1,10,-0.253541235884973,0.621896658554715
"2_5_symmetric_gaussian",1,11,0.253398870732776,0.621913023163281
"2_5_symmetric_gaussian",1,12,0.842850607354763,0.489485138803158
"2_5_symmetric_gaussian",1,13,-0.843948829416062,0.489144006451094
"2_5_symmetric_gaussian",1,14,-0.253872578323107,0.621858537201181
"2_5_symmetric_gaussian",1,15,0.253937296895548,0.621851085672283
"2_5_symmetric_gaussian",1,16,0.841539081536226,0.489892219064104
"2_5_symmetric_gaussian",1,17,-0.842192876544813,0.489689331857448
"2_5_symmetric_gaussian",1,18,-0.253789740101947,0.621868072319729
"2_5_symmetric_gaussian",1,19,0.254996244004189,0.621728902372925
"2_5_symmetric_gaussian",1,20,0.84442850288219,0.488994935331101
"2_5_symmetric_gaussian",1,21,-0.842189302916356,0.489690441061947
"2_5_symmetric_gaussian",1,22,-0.253743144367898,0.621873434423436
"2_5_symmetric_gaussian",1,23,0.253585240698812,0.621891598498607
"2_5_symmetric_gaussian",1,24,0.841110558708648,0.490025153782761
"2_5_symmetric_gaussian",1,25,-0.840125541837546,0.490330585125458
"2_5_symmetric_gaussian",1,26,-0.253567121010119,0.621893682160068
"2_5_symmetric_gaussian",1,27,0.253145214641985,0.621942158593661
"2_5_symmetric_gaussian",1,28,0.841489079244357,0.489907732442298
"2_5_symmetric_gaussian",1,29,-0.842146420213756,0.489703751060474
"2_5_symmetric_gaussian",1,30,-0.251587398130632,0.622120478018497
"2_5_symmetric_gaussian",1,31,0.254491331427637,0.621787220983703
"2_5_symmetric_gaussian",1,32,0.842550293724386,0.489578381911213
"2_5_symmetric_gaussian",1,33,-0.840375287777461,0.49025316265218
"2_5_symmetric_gaussian",1,34,-0.251134659177694,0.622172103676715
"2_5_symmetric_gaussian",1,35,0.256418116772624,0.621564076943777
"2_5_symmetric_gaussian",1,36,0.844199380876182,0.48906614659938
"2_5_symmetric_gaussian",1,37,-0.843601724225252,0.489251850535006
"2_5_symmetric_gaussian",1,38,-0.254304918574453,0.621808724082015
"2_5_symmetric_gaussian",1,39,0.253186626768351,0.6219374038297
"2_5_symmetric_gaussian",1,40,0.843687596457978,0.489225172590589
"2_5_symmetric_gaussian",1,41,-0.840307494411416,0.490274180144525
"2_5_symmetric_gaussian",1,42,-0.252645715046618,0.621999450192323
"2_5_symmetric_gaussian",1,43,0.252079001677767,0.622064319514057
"2_5_symmetric_gaussian",1,44,0.841735539484621,0.489831262579035
"2_5_symmetric_gaussian",1,45,-0.840196892472798,0.490308467329917
"2_5_symmetric_gaussian",1,46,-0.252821697342924,0.621979277771683
"2_5_symmetric_gaussian",1,47,0.254123692327976,0.621829614400179
"2_5_symmetric_gaussian",1,48,0.842089245685841,0.489721496417135
"2_5_symmetric_gaussian",1,49,0.453578495375894,1.21516753352226
"2_5_symmetric_gaussian",1,50,0.487137722733786,1.30530759140064
"2_5_symmetric_gaussian",1,51,0.519108980199511,1.40912664428817
"2_5_symmetric_gaussian",1,52,0.455487569176485,1.21911033541592
"2_5_symmetric_gaussian",1,53,0.487196832715754,1.30428054399989
"2_5_symmetric_gaussian",1,54,0.128940997386613,0.829935033554132
"2_5_symmetric_gaussian",1,55,0.135233163180846,0.8322240485182
"2_5_symmetric_gaussian",1,56,0.145309851839223,0.837170508343518
"2_5_symmetric_gaussian",1,57,0.155530348210319,0.841189853276482
"2_5_symmetric_gaussian",1,58,0.136861048404771,0.832546842395045
"2_5_symmetric_gaussian",1,59,0.146285712047303,0.835264633538683
"2_5_symmetric_gaussian",1,60,0.523898008122596,1.43045574223857
"2_5_symmetric_gaussian",1,61,0.559595061275416,1.5744647568426
"2_5_symmetric_gaussian",1,62,0.489901496940744,1.31600124419903
"2_5_symmetric_gaussian",1,63,0.523732357764844,1.42926054110504
"2_5_symmetric_gaussian",1,64,0.138148835877564,0.830958573469843
"2_5_symmetric_gaussian",1,65,0.145882631813626,0.837185380399445
"2_5_symmetric_gaussian",1,66,0.156515155856674,0.841408350939345
"2_5_symmetric_gaussian",1,67,0.167813446514166,0.846882125272933
"2_5_symmetric_gaussian",1,68,0.1463294866301,0.835268758368978
"2_5_symmetric_gaussian",1,69,0.157395360049622,0.841743312392874
"2_5_symmetric_gaussian",1,70,0.598454285546426,1.77515357222536
"2_5_symmetric_gaussian",1,71,0.524697832107395,1.43271391594709
"2_5_symmetric_gaussian",1,72,0.561551067419943,1.58571266049882
"2_5_symmetric_gaussian",1,73,0.147481395642898,0.837524112750591
"2_5_symmetric_gaussian",1,74,0.155743219616027,0.842735328673132
"2_5_symmetric_gaussian",1,75,0.167041974602662,0.845664420065083
"2_5_symmetric_gaussian",1,76,0.178259155394485,0.852292035260975
"2_5_symmetric_gaussian",1,77,0.15567884889963,0.841818260536989
"2_5_symmetric_gaussian",1,78,0.16714648381738,0.845970315649498
"2_5_symmetric_gaussian",1,79,0.560301910987062,1.57912086119389
"2_5_symmetric_gaussian",1,80,0.600160802035664,1.78420731881639
"2_5_symmetric_gaussian",1,81,0.156500321535232,0.841232658341399
"2_5_symmetric_gaussian",1,82,0.165235710392165,0.846818374512684
"2_5_symmetric_gaussian",1,83,0.177107691110217,0.850953531688482
"2_5_symmetric_gaussian",1,84,0.191269963947824,0.859389310186369
"2_5_symmetric_gaussian",1,85,0.166260895837668,0.845834562955652
"2_5_symmetric_gaussian",1,86,0.177645678338388,0.851242348414294
"2_5_symmetric_gaussian",1,87,0.525183125061278,1.43315499584666
"2_5_symmetric_gaussian",1,88,0.137122280540838,0.831046147837085
"2_5_symmetric_gaussian",1,89,0.144746028170393,0.836035232332858
"2_5_symmetric_gaussian",1,90,0.154845212298618,0.839017206672884
"2_5_symmetric_gaussian",1,91,0.167006492065251,0.847165368826996
"2_5_symmetric_gaussian",1,92,0.144486554596001,0.834786204338693
"2_5_symmetric_gaussian",1,93,0.156179109530722,0.840620374892744
"2_5_symmetric_gaussian",1,94,0.147175582839218,0.83685645722465
"2_5_symmetric_gaussian",1,95,0.155699149362503,0.840252565137676
"2_5_symmetric_gaussian",1,96,0.167575675700658,0.846160514590622
"2_5_symmetric_gaussian",1,97,0.179916455511874,0.854485501668067
"2_5_symmetric_gaussian",1,98,0.157584480114582,0.840415515848619
"2_5_symmetric_gaussian",1,99,0.167177777178445,0.845588721587589
"2_5_symmetric_gaussian",1,100,0.455595951049211,1.22101369576751
"2_5_symmetric_gaussian",1,101,0.487046331814422,1.30548437268241
"2_5_symmetric_gaussian",1,102,0.520441865974655,1.41474543170845
"2_5_symmetric_gaussian",1,103,0.454298544307408,1.21570426649442
"2_5_symmetric_gaussian",1,104,0.487264174118936,1.30287037329853
"2_5_symmetric_gaussian",1,105,0.524337605326923,1.43147453748888
"2_5_symmetric_gaussian",1,106,0.560423673334637,1.58244738874381
"2_5_symmetric_gaussian",1,107,0.488363194538286,1.31158186312364
"2_5_symmetric_gaussian",1,108,0.523414131489642,1.42506101556457
"2_5_symmetric_gaussian",1,109,0.600112875852042,1.78753194509368
"2_5_symmetric_gaussian",1,110,0.523356418264141,1.42620416524218
"2_5_symmetric_gaussian",1,111,0.562365522522156,1.58583114394891
"2_5_symmetric_gaussian",1,112,0.560280173024289,1.5777865002417
"2_5_symmetric_gaussian",1,113,0.601152611328412,1.79316293659045
"2_5_symmetric_gaussian",1,114,0.525250952352583,1.43323861900363
"2_5_symmetric_gaussian",2,1,-0.839540627868263,0.490511863241121
"2_5_symmetric_gaussian",2,2,-0.252658654654774,0.621997967415993
"2_5_symmetric_gaussian",2,3,0.254027904683936,0.621840650263759
"2_5_symmetric_gaussian",2,4,0.843666127816559,0.489231842392758
"2_5_symmetric_gaussian",2,5,-0.841110558708648,0.490025153782743
"2_5_symmetric_gaussian",2,6,-0.253600771926815,0.621889812381718
"2_5_symmetric_gaussian",2,7,0.253533470380557,0.621897551412452
"2_5_symmetric_gaussian",2,8,0.842418036825382,0.489619440199623
"2_5_symmetric_gaussian",2,9,-0.840757143617763,0.490134761722453
"2_5_symmetric_gaussian",2,10,-0.252925219998053,0.621967404923087
"2_5_symmetric_gaussian",2,11,0.253864812165876,0.621859431253916
"2_5_symmetric_gaussian",2,12,0.841067714920971,0.4900384426363
"2_5_symmetric_gaussian",2,13,-0.840307494411416,0.490274180144519
"2_5_symmetric_gaussian",2,14,-0.25215145366415,0.62205603403484
"2_5_symmetric_gaussian",2,15,0.25397353976069,0.621846911966391
"2_5_symmetric_gaussian",2,16,0.842582466549908,0.48956839355057
"2_5_symmetric_gaussian",2,17,-0.841049863798419,0.490043979410849
"2_5_symmetric_gaussian",2,18,-0.252210968786,0.622049226281823
"2_5_symmetric_gaussian",2,19,0.253626657442763,0.621886835271312
"2_5_symmetric_gaussian",2,20,0.841989196885151,0.48975254719466
"2_5_symmetric_gaussian",2,21,-0.840714312560762,0.490148043652025
"2_5_symmetric_gaussian",2,22,-0.250749224869342,0.622215984219993
"2_5_symmetric_gaussian",2,23,0.256345586148914,0.621572506067085
"2_5_symmetric_gaussian",2,24,0.841967758952937,0.489759200337227
"2_5_symmetric_gaussian",2,25,-0.841664096472129,0.489853430615791
"2_5_symmetric_gaussian",2,26,-0.253064979882487,0.621951368682345
"2_5_symmetric_gaussian",2,27,0.251853891446943,0.622090048127373
"2_5_symmetric_gaussian",2,28,0.838214935187003,0.490922475450297
"2_5_symmetric_gaussian",2,29,-0.841299803909052,0.489966451303205
"2_5_symmetric_gaussian",2,30,-0.251897877499926,0.622085022547124
"2_5_symmetric_gaussian",2,31,0.253246157460739,0.621930567461144
"2_5_symmetric_gaussian",2,32,0.840339606577058,0.490264224752307
"2_5_symmetric_gaussian",2,33,-0.83971892485497,0.490456612105051
"2_5_symmetric_gaussian",2,34,-0.252505969973459,0.622015459222154
"2_5_symmetric_gaussian",2,35,0.254203948635705,0.62182036485528
"2_5_symmetric_gaussian",2,36,0.841710533941559,0.489839021657407
"2_5_symmetric_gaussian",2,37,-0.843043706263897,0.489425175025308
"2_5_symmetric_gaussian",2,38,-0.25418841502902,0.621822155323252
"2_5_symmetric_gaussian",2,39,0.251652079331625,0.6221130951536
"2_5_symmetric_gaussian",2,40,0.841964186001856,0.489760309173881
"2_5_symmetric_gaussian",2,41,-0.842010635204339,0.489745893841963
"2_5_symmetric_gaussian",2,42,-0.253093450094515,0.621948100928578
"2_5_symmetric_gaussian",2,43,0.254558649353244,0.621779452009693
"2_5_symmetric_gaussian",2,44,0.842882788323701,0.489475146024079
"2_5_symmetric_gaussian",2,45,-0.842786248035339,0.489505122940875
"2_5_symmetric_gaussian",2,46,-0.25380268345919,0.621866582667561
"2_5_symmetric_gaussian",2,47,0.252203205893362,0.62205011434291
"2_5_symmetric_gaussian",2,48,0.840664344943459,0.490163538176084
"2_5_symmetric_gaussian",2,49,0.453871429703829,1.21806623262862
"2_5_symmetric_gaussian",2,50,0.486326242736633,1.30181827802237
"2_5_symmetric_gaussian",2,51,0.519519522615781,1.41317516929387
"2_5_symmetric_gaussian",2,52,0.453798711375192,1.21309217782162
"2_5_symmetric_gaussian",2,53,0.487300434274078,1.30201445835801
"2_5_symmetric_gaussian",2,54,0.126851978089305,0.828322220229501
"2_5_symmetric_gaussian",2,55,0.135423893198796,0.831457250431171
"2_5_symmetric_gaussian",2,56,0.146503404350703,0.83548460553406
"2_5_symmetric_gaussian",2,57,0.155008942573343,0.839173909400968
"2_5_symmetric_gaussian",2,58,0.134641931161169,0.831591635743859
"2_5_symmetric_gaussian",2,59,0.146044380342299,0.836288869156662
"2_5_symmetric_gaussian",2,60,0.525209462400635,1.43134139391302
"2_5_symmetric_gaussian",2,61,0.559944894713501,1.57366637891654
"2_5_symmetric_gaussian",2,62,0.490056366691498,1.3149380609596
"2_5_symmetric_gaussian",2,63,0.524081778520944,1.43081448051437
"2_5_symmetric_gaussian",2,64,0.136677326334255,0.830282447194747
"2_5_symmetric_gaussian",2,65,0.146936194184282,0.835826253333916
"2_5_symmetric_gaussian",2,66,0.157075022796223,0.840637604191449
"2_5_symmetric_gaussian",2,67,0.166186189679557,0.844876462174255
"2_5_symmetric_gaussian",2,68,0.146077026431332,0.834569948221492
"2_5_symmetric_gaussian",2,69,0.157754306411483,0.842170128004469
"2_5_symmetric_gaussian",2,70,0.599754352666695,1.78246719693531
"2_5_symmetric_gaussian",2,71,0.524087163591016,1.42833231617783
"2_5_symmetric_gaussian",2,72,0.561750406941212,1.58531503750685
"2_5_symmetric_gaussian",2,73,0.145250915455457,0.835653625816602
"2_5_symmetric_gaussian",2,74,0.156861938310285,0.841193126931333
"2_5_symmetric_gaussian",2,75,0.169187752113966,0.846805416254504
"2_5_symmetric_gaussian",2,76,0.178790201983053,0.853001805638914
"2_5_symmetric_gaussian",2,77,0.154829114276508,0.839342590618737
"2_5_symmetric_gaussian",2,78,0.168079553202549,0.845753935615055
"2_5_symmetric_gaussian",2,79,0.559660448241729,1.57282099333721
"2_5_symmetric_gaussian",2,80,0.599099845349302,1.7834709594359
"2_5_symmetric_gaussian",2,81,0.155559607255014,0.840018647617022
"2_5_symmetric_gaussian",2,82,0.167081222320258,0.847184670401313
"2_5_symmetric_gaussian",2,83,0.179307156953677,0.852770328625461
"2_5_symmetric_gaussian",2,84,0.191126335680696,0.858736421657457
"2_5_symmetric_gaussian",2,85,0.165965101459946,0.845446993208074
"2_5_symmetric_gaussian",2,86,0.178816323466963,0.852864844202774
"2_5_symmetric_gaussian",2,87,0.524290982455667,1.42740529835454
"2_5_symmetric_gaussian",2,88,0.136282025857165,0.831598228081606
"2_5_symmetric_gaussian",2,89,0.146732209324022,0.836261520671052
"2_5_symmetric_gaussian",2,90,0.157877654679877,0.84095412337626
"2_5_symmetric_gaussian",2,91,0.167079596063106,0.845884781745431
"2_5_symmetric_gaussian",2,92,0.14543025259533,0.834995787380847
"2_5_symmetric_gaussian",2,93,0.156952566157972,0.839887513431082
"2_5_symmetric_gaussian",2,94,0.145710662291954,0.83632003486247
"2_5_symmetric_gaussian",2,95,0.156851976342452,0.840645048540217
"2_5_symmetric_gaussian",2,96,0.169195971667951,0.846570053880101
"2_5_symmetric_gaussian",2,97,0.179118893074146,0.851803086645461
"2_5_symmetric_gaussian",2,98,0.156079856557922,0.840439795830937
"2_5_symmetric_gaussian",2,99,0.168116924597124,0.846454757393483
"2_5_symmetric_gaussian",2,100,0.456212929232312,1.21958301977534
"2_5_symmetric_gaussian",2,101,0.488880496047541,1.31337347460734
"2_5_symmetric_gaussian",2,102,0.52151909144919,1.41954966857933
"2_5_symmetric_gaussian",2,103,0.455020555663781,1.21990527121996
"2_5_symmetric_gaussian",2,104,0.489757205807756,1.31254943621518
"2_5_symmetric_gaussian",2,105,0.52611002302549,1.43454698592669
"2_5_symmetric_gaussian",2,106,0.560867131482646,1.58056734740809
"2_5_symmetric_gaussian",2,107,0.489480689115833,1.309964136794
"2_5_symmetric_gaussian",2,108,0.524810987593522,1.42923601628397
"2_5_symmetric_gaussian",2,109,0.60026064855708,1.78722003027341
"2_5_symmetric_gaussian",2,110,0.525449833357559,1.43324790251369
"2_5_symmetric_gaussian",2,111,0.562609934812543,1.58718018879829
"2_5_symmetric_gaussian",2,112,0.559578240898836,1.57182233572692
"2_5_symmetric_gaussian",2,113,0.599544253798002,1.78534347354926
"2_5_symmetric_gaussian",2,114,0.523978390814485,1.43281369709594
"1_5_skewed_gaussian",1,1,-0.127354281007849,0.63287716717005
"1_5_skewed_gaussian",1,2,0.524340116058708,0.575680838434223
"1_5_skewed_gaussian",1,3,1.0366693102563,0.426296835779414
"1_5_skewed_gaussian",1,4,1.64151767867595,0.224934759833103
"1_5_skewed_gaussian",1,5,-0.126510295387612,0.63292648484412
"1_5_skewed_gaussian",1,6,0.523224549277009,0.575928824370364
"1_5_skewed_gaussian",1,7,1.03662212172048,0.426312787452388
"1_5_skewed_gaussian",1,8,1.64598911351304,0.223596525756833
"1_5_skewed_gaussian",1,9,-0.127023245928321,0.632896549652714
"1_5_skewed_gaussian",1,10,0.523727623703347,0.575817046940684
"1_5_skewed_gaussian",1,11,1.03736453621843,0.426061798010494
"1_5_skewed_gaussian",1,12,1.64630004432786,0.223503607916126
"1_5_skewed_gaussian",1,13,-0.125019642364465,0.633012796907455
"1_5_skewed_gaussian",1,14,0.524504055822529,0.575644358572605
"1_5_skewed_gaussian",1,15,1.03752339274354,0.426008086807123
"1_5_skewed_gaussian",1,16,1.64654306981817,0.223430995372741
"1_5_skewed_gaussian",1,17,-0.124115280043198,0.633064667699624
"1_5_skewed_gaussian",1,18,0.52504774647578,0.575523309270997
"1_5_skewed_gaussian",1,19,1.03584598703248,0.426575124825854
"1_5_skewed_gaussian",1,20,1.64212548865406,0.224752632050171
"1_5_skewed_gaussian",1,21,-0.126032750670023,0.632954245998565
"1_5_skewed_gaussian",1,22,0.525487990700845,0.575425215919198
"1_5_skewed_gaussian",1,23,1.03786266055356,0.425893369091905
"1_5_skewed_gaussian",1,24,1.64769146496359,0.223088021329046
"1_5_skewed_gaussian",1,25,0.453653741989312,1.02762934948345
"1_5_skewed_gaussian",1,26,0.485694895782986,1.10296451375474
"1_5_skewed_gaussian",1,27,0.518494150000115,1.18962857594447
"1_5_skewed_gaussian",1,28,0.453791034400342,1.0315383475969
"1_5_skewed_gaussian",1,29,0.486276792759968,1.10392696269146
"1_5_skewed_gaussian",1,30,0.523585605101138,1.20468767943358
"1_5_skewed_gaussian",1,31,0.559084950630076,1.32657284669212
"1_5_skewed_gaussian",1,32,0.489481393075403,1.11117720967739
"1_5_skewed_gaussian",1,33,0.523581240419815,1.20413232540066
"1_5_skewed_gaussian",1,34,0.598527206027339,1.49854793390157
"1_5_skewed_gaussian",1,35,0.524360603094502,1.20655606948141
"1_5_skewed_gaussian",1,36,0.561633148735209,1.3362946012232
"1_5_skewed_gaussian",1,37,0.559110364226116,1.32420511910302
"1_5_skewed_gaussian",1,38,0.600014818661764,1.5063166618863
"1_5_skewed_gaussian",1,39,0.523351897736617,1.20180838849568
"1_5_skewed_gaussian",2,1,-0.125911474052726,0.632961279632482
"1_5_skewed_gaussian",2,2,0.524670886193677,0.575607225838136
"1_5_skewed_gaussian",2,3,1.03802589522317,0.425838170442504
"1_5_skewed_gaussian",2,4,1.64668893180379,0.223387419218696
"1_5_skewed_gaussian",2,5,-0.126399118383528,0.632932957190852
"1_5_skewed_gaussian",2,6,0.525254907547351,0.575477158960269
"1_5_skewed_gaussian",2,7,1.03838682793878,0.425716110918919
"1_5_skewed_gaussian",2,8,1.64222202223664,0.22472371249242
"1_5_skewed_gaussian",2,9,-0.125471861825484,0.632986719453844
"1_5_skewed_gaussian",2,10,0.52428259667444,0.575693635413381
"1_5_skewed_gaussian",2,11,1.03631759668679,0.426415724764009
"1_5_skewed_gaussian",2,12,1.64410749346832,0.22415921123336
"1_5_skewed_gaussian",2,13,-0.12612118270533,0.632949113012634
"1_5_skewed_gaussian",2,14,0.525139815280802,0.575502800494257
"1_5_skewed_gaussian",2,15,1.03590599728363,0.426554842962157
"1_5_skewed_gaussian",2,16,1.64544536718424,0.223759061212918
"1_5_skewed_gaussian",2,17,-0.125080273655182,0.633009305987224
"1_5_skewed_gaussian",2,18,0.524506932084553,0.575643718463065
"1_5_skewed_gaussian",2,19,1.03729155686169,0.426086472421974
"1_5_skewed_gaussian",2,20,1.64554242906494,0.223730043625937
"1_5_skewed_gaussian",2,21,-0.12717486331883,0.632887678479395
"1_5_skewed_gaussian",2,22,0.523284911214368,0.575915417314325
"1_5_skewed_gaussian",2,23,1.03287158172127,0.427579992527762
"1_5_skewed_gaussian",2,24,1.6414019740785,0.224969438043124
"1_5_skewed_gaussian",2,25,0.45603164110702,1.03305408105953
"1_5_skewed_gaussian",2,26,0.487530765261573,1.10564518251509
"1_5_skewed_gaussian",2,27,0.519735081328461,1.19322836751409
"1_5_skewed_gaussian",2,28,0.45491385072789,1.03145530047328
"1_5_skewed_gaussian",2,29,0.487558376897996,1.10691691985902
"1_5_skewed_gaussian",2,30,0.525461731220063,1.21251154770997
"1_5_skewed_gaussian",2,31,0.56050882344189,1.33276109549978
"1_5_skewed_gaussian",2,32,0.489832096047698,1.11385309286699
"1_5_skewed_gaussian",2,33,0.52552135016416,1.21216562982936
"1_5_skewed_gaussian",2,34,0.60099656997949,1.5133693032513
"1_5_skewed_gaussian",2,35,0.525594298949987,1.2099083697005
"1_5_skewed_gaussian",2,36,0.564444241875982,1.3446665945771
"1_5_skewed_gaussian",2,37,0.56152637829005,1.33576193078953
"1_5_skewed_gaussian",2,38,0.601657207473093,1.50954764287913
"1_5_skewed_gaussian",2,39,0.52518894366663,1.20968028098761
"2_5_skewed_gaussian",1,1,-0.125148484406877,0.633005376666873
"2_5_skewed_gaussian",1,2,0.523115327759762,0.575953080435499
"2_5_skewed_gaussian",1,3,1.03477072123342,0.426938481829319
"2_5_skewed_gaussian",1,4,1.64373960971019,0.224269301765551
"2_5_skewed_gaussian",1,5,-0.124370411057212,0.633050072118431
"2_5_skewed_gaussian",1,6,0.525499501719672,0.575422650173798
"2_5_skewed_gaussian",1,7,1.0369439075369,0.426204006674773
"2_5_skewed_gaussian",1,8,1.64606683129828,0.223573299055081
"2_5_skewed_gaussian",1,9,-0.124287050529357,0.633054844287479
"2_5_skewed_gaussian",1,10,0.524998836733353,0.575534202949707
"2_5_skewed_gaussian",1,11,1.03535318678473,0.426741666091724
"2_5_skewed_gaussian",1,12,1.64543566184871,0.223761962813814
"2_5_skewed_gaussian",1,13,-0.125330382592342,0.632994887944049
"2_5_skewed_gaussian",1,14,0.523649997861338,0.575834300307003
"2_5_skewed_gaussian",1,15,1.03681088971624,0.426248974901236
"2_5_skewed_gaussian",1,16,1.64418497104031,0.224136029018323
"2_5_skewed_gaussian",1,17,-0.126065596739475,0.632952339883774
"2_5_skewed_gaussian",1,18,0.523468883165878,0.57587454722704
"2_5_skewed_gaussian",1,19,1.03633475047207,0.426409926559783
"2_5_skewed_gaussian",1,20,1.64690292611041,0.223323495815238
"2_5_skewed_gaussian",1,21,-0.126550723776725,0.632924129844106
"2_5_skewed_gaussian",1,22,0.524817593931246,0.575574563908059
"2_5_skewed_gaussian",1,23,1.03655348797052,0.426335988142801
"2_5_skewed_gaussian",1,24,1.64100681574507,0.225087891058471
"2_5_skewed_gaussian",1,25,-0.12585336299666,0.632964647501356
"2_5_skewed_gaussian",1,26,0.524391884987812,0.575669319832898
"2_5_skewed_gaussian",1,27,1.03628329003102,0.426427320785356
"2_5_skewed_gaussian",1,28,1.64150803578678,0.224937649840262
"2_5_skewed_gaussian",1,29,-0.126118656062065,0.632949259719666
"2_5_skewed_gaussian",1,30,0.52557432503941,0.575405971321561
"2_5_skewed_gaussian",1,31,1.03723575284574,0.426105339514133
"2_5_skewed_gaussian",1,32,1.64447559987236,0.22404907940519
"2_5_skewed_gaussian",1,33,-0.125100484187592,0.633008141968813
"2_5_skewed_gaussian",1,34,0.524748553589029,0.57558993547925
"2_5_skewed_gaussian",1,35,1.03772092656235,0.42594129528669
"2_5_skewed_gaussian",1,36,1.64640696356385,0.22347166061107
"2_5_skewed_gaussian",1,37,-0.125982218520976,0.632957177507205
"2_5_skewed_gaussian",1,38,0.524550076535619,0.575634116356901
"2_5_skewed_gaussian",1,39,1.03748474955748,0.426021152712696
"2_5_skewed_gaussian",1,40,1.64300450885602,0.224489359084355
"2_5_skewed_gaussian",1,41,-0.12568408538524,0.632974449335915
"2_5_skewed_gaussian",1,42,0.525511012808131,0.57542008436657
"2_5_skewed_gaussian",1,43,1.03657493549286,0.426328738148948
"2_5_skewed_gaussian",1,44,1.64200966855044,0.224787331762018
"2_5_skewed_gaussian",1,45,-0.12554765530475,0.632982339663493
"2_5_skewed_gaussian",1,46,0.52476869009712,0.575585452334094
"2_5_skewed_gaussian",1,47,1.03573454931882,0.426612786953915
"2_5_skewed_gaussian",1,48,1.64826647834405,0.222916383787307
"2_5_skewed_gaussian",1,49,0.455776745600237,1.03268380255888
"2_5_skewed_gaussian",1,50,0.488736526919719,1.10677021865561
"2_5_skewed_gaussian",1,51,0.52176121321282,1.20164505127756
"2_5_skewed_gaussian",1,52,0.455206692723471,1.03166721079503
"2_5_skewed_gaussian",1,53,0.489616766437737,1.10848768282912
"2_5_skewed_gaussian",1,54,0.127015854175349,0.705070065385995
"2_5_skewed_gaussian",1,55,0.135952344393062,0.707637417149088
"2_5_skewed_gaussian",1,56,0.146048191113722,0.710449577270885
"2_5_skewed_gaussian",1,57,0.15699153332129,0.715269747234014
"2_5_skewed_gaussian",1,58,0.137727530071223,0.708732255750751
"2_5_skewed_gaussian",1,59,0.148251830626423,0.712042421007686
"2_5_skewed_gaussian",1,60,0.526675453501502,1.21117868279231
"2_5_skewed_gaussian",1,61,0.560102685082368,1.32910443224847
"2_5_skewed_gaussian",1,62,0.490833601070484,1.11510505538188
"2_5_skewed_gaussian",1,63,0.525880651683621,1.21198029720406
"2_5_skewed_gaussian",1,64,0.136506697408444,0.707190724334569
"2_5_skewed_gaussian",1,65,0.148170278534041,0.710221959562352
"2_5_skewed_gaussian",1,66,0.156944185887802,0.714364574019165
"2_5_skewed_gaussian",1,67,0.169231651207687,0.718808926593384
"2_5_skewed_gaussian",1,68,0.147412309224582,0.711396886618735
"2_5_skewed_gaussian",1,69,0.158987897318416,0.714601257336601
"2_5_skewed_gaussian",1,70,0.601288597146266,1.50731838530856
"2_5_skewed_gaussian",1,71,0.524743069800042,1.20847106453566
"2_5_skewed_gaussian",1,72,0.563351491133858,1.34039371268717
"2_5_skewed_gaussian",1,73,0.145445528506519,0.710834716033411
"2_5_skewed_gaussian",1,74,0.15626988935094,0.714305408817471
"2_5_skewed_gaussian",1,75,0.166752013806587,0.719763245429885
"2_5_skewed_gaussian",1,76,0.180309564572928,0.724826183355379
"2_5_skewed_gaussian",1,77,0.15756561357202,0.715955970035959
"2_5_skewed_gaussian",1,78,0.168697807546951,0.719392885890024
"2_5_skewed_gaussian",1,79,0.559900793516153,1.33123204861587
"2_5_skewed_gaussian",1,80,0.601519188335985,1.5122196614012
"2_5_skewed_gaussian",1,81,0.155929624929185,0.714605381365025
"2_5_skewed_gaussian",1,82,0.168229794107309,0.719145361243277
"2_5_skewed_gaussian",1,83,0.180040989636728,0.726129744519375
"2_5_skewed_gaussian",1,84,0.193283532147734,0.731930866441856
"2_5_skewed_gaussian",1,85,0.16841592366489,0.720961717852088
"2_5_skewed_gaussian",1,86,0.181744455465948,0.726288976294855
"2_5_skewed_gaussian",1,87,0.525849498992871,1.21108818604004
"2_5_skewed_gaussian",1,88,0.136401005706147,0.708381601729039
"2_5_skewed_gaussian",1,89,0.147897540870062,0.712031654966092
"2_5_skewed_gaussian",1,90,0.157398228375141,0.715387003111923
"2_5_skewed_gaussian",1,91,0.168848812837496,0.719850403789601
"2_5_skewed_gaussian",1,92,0.14797831619927,0.712684421870035
"2_5_skewed_gaussian",1,93,0.15823023982092,0.7166098478194
"2_5_skewed_gaussian",1,94,0.145579577009001,0.712391275065334
"2_5_skewed_gaussian",1,95,0.157952060638375,0.716061665539391
"2_5_skewed_gaussian",1,96,0.167398900793086,0.71985694739625
"2_5_skewed_gaussian",1,97,0.179914132514402,0.726212298934407
"2_5_skewed_gaussian",1,98,0.157937856771729,0.716623455417494
"2_5_skewed_gaussian",1,99,0.170107750533384,0.721080351295303
"2_5_skewed_gaussian",1,100,0.45499082397643,1.03085186394222
"2_5_skewed_gaussian",1,101,0.48699945714429,1.10535463067363
"2_5_skewed_gaussian",1,102,0.520061041727925,1.19617756269566
"2_5_skewed_gaussian",1,103,0.456171517391253,1.03553348458345
"2_5_skewed_gaussian",1,104,0.488906645076466,1.11036802654707
"2_5_skewed_gaussian",1,105,0.524092335015077,1.20321963846209
"2_5_skewed_gaussian",1,106,0.559373272796003,1.32679302284879
"2_5_skewed_gaussian",1,107,0.490614175416625,1.11202351270357
"2_5_skewed_gaussian",1,108,0.525135006042314,1.2106528405665
"2_5_skewed_gaussian",1,109,0.600344643717705,1.50830632320086
"2_5_skewed_gaussian",1,110,0.526216095455506,1.21486949843931
"2_5_skewed_gaussian",1,111,0.563274213058008,1.34143116192684
"2_5_skewed_gaussian",1,112,0.560018692029031,1.32936615106103
"2_5_skewed_gaussian",1,113,0.600133169918156,1.50496661925009
"2_5_skewed_gaussian",1,114,0.525550069671131,1.20918707817284
"2_5_skewed_gaussian",2,1,-0.125810411619686,0.632967135790496
"2_5_skewed_gaussian",2,2,0.524567334589443,0.575630275271223
"2_5_skewed_gaussian",2,3,1.03891558075212,0.425537277839837
"2_5_skewed_gaussian",2,4,1.64629032533044,0.223506512044092
"2_5_skewed_gaussian",2,5,-0.127566555117913,0.632864711999995
"2_5_skewed_gaussian",2,6,0.524624862563957,0.575617470648356
"2_5_skewed_gaussian",2,7,1.03603031610126,0.426512825505118
"2_5_skewed_gaussian",2,8,1.64570746984951,0.223680707142267
"2_5_skewed_gaussian",2,9,-0.127546338288497,0.632865899105873
"2_5_skewed_gaussian",2,10,0.523888635511638,0.575781253215746
"2_5_skewed_gaussian",2,11,1.03636905895749,0.42639832976417
"2_5_skewed_gaussian",2,12,1.64332358830913,0.224393828134907
"2_5_skewed_gaussian",2,13,-0.126452179940504,0.632929868830352
"2_5_skewed_gaussian",2,14,0.525951364234431,0.575321895816218
"2_5_skewed_gaussian",2,15,1.03669505043065,0.426288134455318
"2_5_skewed_gaussian",2,16,1.64651390162442,0.223439709826897
"2_5_skewed_gaussian",2,17,-0.125317750639988,0.632995616822725
"2_5_skewed_gaussian",2,18,0.524498303311501,0.57564563878006
"2_5_skewed_gaussian",2,19,1.0365020158622,0.426353387305112
"2_5_skewed_gaussian",2,20,1.64612512616258,0.223555877822116
"2_5_skewed_gaussian",2,21,-0.124691230854129,0.633031676471066
"2_5_skewed_gaussian",2,22,0.524972943848739,0.575539969739443
"2_5_skewed_gaussian",2,23,1.03452242356294,0.427022372694261
"2_5_skewed_gaussian",2,24,1.64304317624473,0.224477781230209
"2_5_skewed_gaussian",2,25,-0.126474920716761,0.632928544848123
"2_5_skewed_gaussian",2,26,0.525378639494377,0.575449587416445
"2_5_skewed_gaussian",2,27,1.03557598705229,0.426666373669397
"2_5_skewed_gaussian",2,28,1.64592111860543,0.223616847612807
"2_5_skewed_gaussian",2,29,-0.124549765426765,0.633039793813125
"2_5_skewed_gaussian",2,30,0.526057869761082,0.575298137283532
"2_5_skewed_gaussian",2,31,1.03699969466426,0.426185146722327
"2_5_skewed_gaussian",2,32,1.64410749346832,0.224159211233357
"2_5_skewed_gaussian",2,33,-0.124504294926021,0.633042400990416
"2_5_skewed_gaussian",2,34,0.525695199695207,0.575379023040956
"2_5_skewed_gaussian",2,35,1.03777246378344,0.425923868598367
"2_5_skewed_gaussian",2,36,1.64592111860543,0.223616847612807
"2_5_skewed_gaussian",2,37,-0.126548196996346,0.632924277053826
"2_5_skewed_gaussian",2,38,0.525007467773109,0.575532280616953
"2_5_skewed_gaussian",2,39,1.03756203747899,0.42599502024688
"2_5_skewed_gaussian",2,40,1.64744797947148,0.223160718811227
"2_5_skewed_gaussian",2,41,-0.125398595480678,0.632990950722203
"2_5_skewed_gaussian",2,42,0.524659380182062,0.575609787133349
"2_5_skewed_gaussian",2,43,1.03754056799022,0.426002279527843
"2_5_skewed_gaussian",2,44,1.64638752230278,0.223477469470737
"2_5_skewed_gaussian",2,45,-0.124741754825651,0.633028775174048
"2_5_skewed_gaussian",2,46,0.525427558994291,0.57543868506796
"2_5_skewed_gaussian",2,47,1.03475359520804,0.426944268274675
"2_5_skewed_gaussian",2,48,1.64461127420879,0.224008494104239
"2_5_skewed_gaussian",2,49,0.456218278480245,1.03649917552174
"2_5_skewed_gaussian",2,50,0.487220151189426,1.10919621013489
"2_5_skewed_gaussian",2,51,0.51902542375084,1.19037906157598
"2_5_skewed_gaussian",2,52,0.45206988051219,1.02709402218545
"2_5_skewed_gaussian",2,53,0.487801004201682,1.10519239599773
"2_5_skewed_gaussian",2,54,0.125177955042697,0.704120750476417
"2_5_skewed_gaussian",2,55,0.137919841376692,0.70689597082626
"2_5_skewed_gaussian",2,56,0.146933203253986,0.710649470766284
"2_5_skewed_gaussian",2,57,0.158221604964956,0.716647432698633
"2_5_skewed_gaussian",2,58,0.137232986451977,0.708127653424494
"2_5_skewed_gaussian",2,59,0.148116825224726,0.711263257732627
"2_5_skewed_gaussian",2,60,0.526002766591725,1.21289568881058
"2_5_skewed_gaussian",2,61,0.560008603226727,1.32899174093698
"2_5_skewed_gaussian",2,62,0.4903482922552,1.11379299507718
"2_5_skewed_gaussian",2,63,0.525463689674109,1.21171376193202
"2_5_skewed_gaussian",2,64,0.134984243256479,0.707210755158079
"2_5_skewed_gaussian",2,65,0.145824678756822,0.711153600249634
"2_5_skewed_gaussian",2,66,0.158368959304064,0.716424416271976
"2_5_skewed_gaussian",2,67,0.165827214778243,0.718943819465252
"2_5_skewed_gaussian",2,68,0.145675954913292,0.712322084092526
"2_5_skewed_gaussian",2,69,0.15563797752662,0.714408463431944
"2_5_skewed_gaussian",2,70,0.599608154096921,1.50352195462474
"2_5_skewed_gaussian",2,71,0.525022316172921,1.20746014620837
"2_5_skewed_gaussian",2,72,0.562799507951763,1.34303333728326
"2_5_skewed_gaussian",2,73,0.143557774861948,0.710449991021107
"2_5_skewed_gaussian",2,74,0.156015473821663,0.716141978665179
"2_5_skewed_gaussian",2,75,0.170176734349394,0.721822357989042
"2_5_skewed_gaussian",2,76,0.179802079676093,0.725146181840513
"2_5_skewed_gaussian",2,77,0.156797884318158,0.716460060292847
"2_5_skewed_gaussian",2,78,0.168281804912779,0.720075629484869
"2_5_skewed_gaussian",2,79,0.557683342276306,1.31816993020393
"2_5_skewed_gaussian",2,80,0.59905526882796,1.50027984852072
"2_5_skewed_gaussian",2,81,0.155096542545568,0.714957862471036
"2_5_skewed_gaussian",2,82,0.167769267731105,0.720793359885274
"2_5_skewed_gaussian",2,83,0.180093369002789,0.725881581788048
"2_5_skewed_gaussian",2,84,0.191915366754937,0.73110815747725
"2_5_skewed_gaussian",2,85,0.166643999978843,0.720190548009132
"2_5_skewed_gaussian",2,86,0.178335830755363,0.723240027776218
"2_5_skewed_gaussian",2,87,0.524587278729999,1.20862662292452
"2_5_skewed_gaussian",2,88,0.135207293456009,0.706994405248762
"2_5_skewed_gaussian",2,89,0.146308610260082,0.711251941954367
"2_5_skewed_gaussian",2,90,0.1571928249367,0.715665210769737
"2_5_skewed_gaussian",2,91,0.167576122810221,0.719840915394845
"2_5_skewed_gaussian",2,92,0.145563543079063,0.711855155485822
"2_5_skewed_gaussian",2,93,0.156455207497045,0.714468160710091
"2_5_skewed_gaussian",2,94,0.146061874832934,0.711561294980308
"2_5_skewed_gaussian",2,95,0.156783329799712,0.714976048847151
"2_5_skewed_gaussian",2,96,0.168873664615934,0.720530858529148
"2_5_skewed_gaussian",2,97,0.180547581973811,0.724707448294217
"2_5_skewed_gaussian",2,98,0.155819655185738,0.716244433154821
"2_5_skewed_gaussian",2,99,0.167616591136093,0.720027117391333
"2_5_skewed_gaussian",2,100,0.455062872796932,1.03217431254631
"2_5_skewed_gaussian",2,101,0.48783486918095,1.10719349241667
"2_5_skewed_gaussian",2,102,0.519854289017646,1.19385876838517
"2_5_skewed_gaussian",2,103,0.454924999606443,1.03042487757088
"2_5_skewed_gaussian",2,104,0.48803274992284,1.10712004122352
"2_5_skewed_gaussian",2,105,0.524634604756931,1.20676679198713
"2_5_skewed_gaussian",2,106,0.56030015747908,1.33362514231961
"2_5_skewed_gaussian",2,107,0.490157165380462,1.11361663108291
"2_5_skewed_gaussian",2,108,0.524998034139908,1.2096404656855
"2_5_skewed_gaussian",2,109,0.600097420307458,1.50605630084552
"2_5_skewed_gaussian",2,110,0.525582058166938,1.20966007243901
"2_5_skewed_gaussian",2,111,0.562770181093891,1.33806549553628
"2_5_skewed_gaussian",2,112,0.559148742791421,1.32934682571354
"2_5_skewed_gaussian",2,113,0.59984001283906,1.50617027228855
"2_5_skewed_gaussian",2,114,0.523873454099669,1.20724930764905
"1_5_symmetric_chisq8",1,1,-0.824316051377858,0.495206242630565
"1_5_symmetric_chisq8",1,2,-0.142602655660887,0.631930296167994
"1_5_symmetric_chisq8",1,3,0.363852709160129,0.606617508519774
"1_5_symmetric_chisq8",1,4,0.887901012112597,0.475306206100516
"1_5_symmetric_chisq8",1,5,-0.822289764869243,0.495827481664205
"1_5_symmetric_chisq8",1,6,-0.141270820839638,0.63201721126789
"1_5_symmetric_chisq8",1,7,0.364776832558476,0.606468072055879
"1_5_symmetric_chisq8",1,8,0.885587220902239,0.476043313937237
"1_5_symmetric_chisq8",1,9,-0.821421887537529,0.496093304891064
"1_5_symmetric_chisq8",1,10,-0.141496151640439,0.632002562855917
"1_5_symmetric_chisq8",1,11,0.364455363038789,0.606520095068279
"1_5_symmetric_chisq8",1,12,0.884526617534309,0.476380884244712
"1_5_symmetric_chisq8",1,13,-0.822219468360427,0.495849018666063
"1_5_symmetric_chisq8",1,14,-0.139597520236868,0.632125268574269
"1_5_symmetric_chisq8",1,15,0.368074076351306,0.605932058852678
"1_5_symmetric_chisq8",1,16,0.88795306202362,0.475289613937598
"1_5_symmetric_chisq8",1,17,-0.822774921579013,0.49567881457635
"1_5_symmetric_chisq8",1,18,-0.142339307115194,0.631947546080676
"1_5_symmetric_chisq8",1,19,0.364377680223339,0.606532660075718
"1_5_symmetric_chisq8",1,20,0.886188424414421,0.475851876010251
"1_5_symmetric_chisq8",1,21,-0.823084398018204,0.495583956004283
"1_5_symmetric_chisq8",1,22,-0.141470833214878,0.632004209917906
"1_5_symmetric_chisq8",1,23,0.365703947558602,0.606317802850032
"1_5_symmetric_chisq8",1,24,0.887547879809493,0.475418763299259
"1_5_symmetric_chisq8",1,25,0.460155398935643,1.28244714846115
"1_5_symmetric_chisq8",1,26,0.489477275885326,1.37080358016372
"1_5_symmetric_chisq8",1,27,0.518994692395388,1.47559510355292
"1_5_symmetric_chisq8",1,28,0.458951603331564,1.27876554170523
"1_5_symmetric_chisq8",1,29,0.48998338564061,1.37337318972806
"1_5_symmetric_chisq8",1,30,0.525082953183017,1.50327955091004
"1_5_symmetric_chisq8",1,31,0.556009137320863,1.63900261836521
"1_5_symmetric_chisq8",1,32,0.490154681765867,1.37261437143178
"1_5_symmetric_chisq8",1,33,0.52446620137496,1.50123251283057
"1_5_symmetric_chisq8",1,34,0.594808551891272,1.86189696078351
"1_5_symmetric_chisq8",1,35,0.523082936294278,1.49523138606519
"1_5_symmetric_chisq8",1,36,0.560170218854475,1.66686660429924
"1_5_symmetric_chisq8",1,37,0.556051384622361,1.64609175116297
"1_5_symmetric_chisq8",1,38,0.593365195662482,1.85476333780588
"1_5_symmetric_chisq8",1,39,0.523672220909885,1.50205899431027
"1_5_symmetric_chisq8",2,1,-0.820638869481102,0.496333002631683
"1_5_symmetric_chisq8",2,2,-0.141883534871706,0.631977325775792
"1_5_symmetric_chisq8",2,3,0.363003860939728,0.606754466307861
"1_5_symmetric_chisq8",2,4,0.885705951778154,0.476005512044733
"1_5_symmetric_chisq8",2,5,-0.819730075983709,0.496611043257986
"1_5_symmetric_chisq8",2,6,-0.140329066236965,0.63207818373462
"1_5_symmetric_chisq8",2,7,0.365500276887754,0.606350844268852
"1_5_symmetric_chisq8",2,8,0.885531570101483,0.476061031370871
"1_5_symmetric_chisq8",2,9,-0.81917600920604,0.496780472832857
"1_5_symmetric_chisq8",2,10,-0.140501205607579,0.632067068917292
"1_5_symmetric_chisq8",2,11,0.365486878033139,0.606353017369067
"1_5_symmetric_chisq8",2,12,0.888473693509975,0.475123624652669
"1_5_symmetric_chisq8",2,13,-0.823830278825648,0.495355252670907
"1_5_symmetric_chisq8",2,14,-0.140468296288527,0.632069194870159
"1_5_symmetric_chisq8",2,15,0.366130097124868,0.606248614227415
"1_5_symmetric_chisq8",2,16,0.885858093962524,0.475957069013718
"1_5_symmetric_chisq8",2,17,-0.820909182051832,0.496250268825791
"1_5_symmetric_chisq8",2,18,-0.140994863674116,0.632035119414225
"1_5_symmetric_chisq8",2,19,0.364605377458918,0.60649582365181
"1_5_symmetric_chisq8",2,20,0.887009101681719,0.475590452034532
"1_5_symmetric_chisq8",2,21,-0.821688860794715,0.496011549914254
"1_5_symmetric_chisq8",2,22,-0.141903790789322,0.631976004277265
"1_5_symmetric_chisq8",2,23,0.362626381599898,0.606815276640256
"1_5_symmetric_chisq8",2,24,0.884382066889093,0.476426876992614
"1_5_symmetric_chisq8",2,25,0.461530950452275,1.28526493153457
"1_5_symmetric_chisq8",2,26,0.490205095992986,1.37321756191774
"1_5_symmetric_chisq8",2,27,0.519097895010866,1.47747129227283
"1_5_symmetric_chisq8",2,28,0.460533117321023,1.28177433023102
"1_5_symmetric_chisq8",2,29,0.489570820430433,1.37146753600845
"1_5_symmetric_chisq8",2,30,0.524353306474975,1.50113008716751
"1_5_symmetric_chisq8",2,31,0.557451221071463,1.64835764725235
"1_5_symmetric_chisq8",2,32,0.49277450341706,1.38271892783668
"1_5_symmetric_chisq8",2,33,0.524400494166025,1.50160407358853
"1_5_symmetric_chisq8",2,34,0.592561764517518,1.85103484725778
"1_5_symmetric_chisq8",2,35,0.523437628959974,1.49582349077841
"1_5_symmetric_chisq8",2,36,0.558548866585427,1.65530718417687
"1_5_symmetric_chisq8",2,37,0.555934915659881,1.64344063973481
"1_5_symmetric_chisq8",2,38,0.593507692611507,1.85816485156576
"1_5_symmetric_chisq8",2,39,0.523958996253407,1.50073286159252
"2_5_symmetric_chisq8",1,1,-0.823840837031228,0.495352014472396
"2_5_symmetric_chisq8",1,2,-0.140698664718688,0.632054302663658
"2_5_symmetric_chisq8",1,3,0.364830414476039,0.606459396874387
"2_5_symmetric_chisq8",1,4,0.887202289046621,0.475528896056599
"2_5_symmetric_chisq8",1,5,-0.822254616106929,0.495838250448371
"2_5_symmetric_chisq8",1,6,-0.142564672087647,0.631932786119041
"2_5_symmetric_chisq8",1,7,0.363852709160129,0.606617508519776
"2_5_symmetric_chisq8",1,8,0.884700844155499,0.476325444475288
"2_5_symmetric_chisq8",1,9,-0.823182884327,0.495553764520981
"2_5_symmetric_chisq8",1,10,-0.140086053026683,0.632093851872293
"2_5_symmetric_chisq8",1,11,0.365165325199968,0.606405146693841
"2_5_symmetric_chisq8",1,12,0.888250536248648,0.475194777982966
"2_5_symmetric_chisq8",1,13,-0.822360065441722,0.495805942396253
"2_5_symmetric_chisq8",1,14,-0.138873641681472,0.632171620599573
"2_5_symmetric_chisq8",1,15,0.365969278160588,0.606274733078005
"2_5_symmetric_chisq8",1,16,0.889772603169246,0.474709301005179
"2_5_symmetric_chisq8",1,17,-0.821527264723078,0.496061037094308
"2_5_symmetric_chisq8",1,18,-0.145061899276693,0.631767690914691
"2_5_symmetric_chisq8",1,19,0.36358222751124,0.606661181339148
"2_5_symmetric_chisq8",1,20,0.886166151906116,0.475858969231072
"2_5_symmetric_chisq8",1,21,-0.822725693956474,0.495693901664381
"2_5_symmetric_chisq8",1,22,-0.142091160788561,0.631963771404653
"2_5_symmetric_chisq8",1,23,0.364107146888704,0.606576399026884
"2_5_symmetric_chisq8",1,24,0.885498180937394,0.476071661156001
"2_5_symmetric_chisq8",1,25,-0.825474946786754,0.494850557362372
"2_5_symmetric_chisq8",1,26,-0.148107412021689,0.631562519240444
"2_5_symmetric_chisq8",1,27,0.360482956078223,0.607159472578385
"2_5_symmetric_chisq8",1,28,0.886110472558487,0.475876701297693
"2_5_symmetric_chisq8",1,29,-0.825355131167606,0.4948873436403
"2_5_symmetric_chisq8",1,30,-0.14807446656548,0.631564761225807
"2_5_symmetric_chisq8",1,31,0.357689087868384,0.60760530395939
"2_5_symmetric_chisq8",1,32,0.884356123857501,0.476435131096683
"2_5_symmetric_chisq8",1,33,-0.824270281897303,0.495220284424151
"2_5_symmetric_chisq8",1,34,-0.148558527530922,0.631531770700209
"2_5_symmetric_chisq8",1,35,0.357582201144544,0.607622297074101
"2_5_symmetric_chisq8",1,36,0.881923828394735,0.477208478686599
"2_5_symmetric_chisq8",1,37,-0.822862833007482,0.495651870583891
"2_5_symmetric_chisq8",1,38,-0.146883469260267,0.631645479903958
"2_5_symmetric_chisq8",1,39,0.359782220367384,0.607271591869696
"2_5_symmetric_chisq8",1,40,0.885075336937312,0.476206261291999
"2_5_symmetric_chisq8",1,41,-0.824418158750021,0.495174915168698
"2_5_symmetric_chisq8",1,42,-0.14894377369242,0.631505438878375
"2_5_symmetric_chisq8",1,43,0.358020462689919,0.607552591492798
"2_5_symmetric_chisq8",1,44,0.882856146139224,0.476912169902098
"2_5_symmetric_chisq8",1,45,-0.825450277896469,0.494858131545745
"2_5_symmetric_chisq8",1,46,-0.150517937317597,0.631397145024481
"2_5_symmetric_chisq8",1,47,0.356962338656859,0.607720752249281
"2_5_symmetric_chisq8",1,48,0.882127245027325,0.477143841805435
"2_5_symmetric_chisq8",1,49,0.460179153265497,1.28220571098817
"2_5_symmetric_chisq8",1,50,0.490157583269668,1.37435906052159
"2_5_symmetric_chisq8",1,51,0.520210594105325,1.4787818001212
"2_5_symmetric_chisq8",1,52,0.459744217822872,1.28095827891964
"2_5_symmetric_chisq8",1,53,0.489098454168298,1.37067519470799
"2_5_symmetric_chisq8",1,54,0.132546047678483,0.832249751570336
"2_5_symmetric_chisq8",1,55,0.141729778344426,0.834849509160247
"2_5_symmetric_chisq8",1,56,0.152733581276676,0.841543465415492
"2_5_symmetric_chisq8",1,57,0.161988513184829,0.845760090657792
"2_5_symmetric_chisq8",1,58,0.1412235616205,0.83677751455102
"2_5_symmetric_chisq8",1,59,0.15124014148993,0.839861539425071
"2_5_symmetric_chisq8",1,60,0.525230841223478,1.5068815345403
"2_5_symmetric_chisq8",1,61,0.558314298426711,1.65179549633937
"2_5_symmetric_chisq8",1,62,0.494017812174627,1.39061375123442
"2_5_symmetric_chisq8",1,63,0.524332976301269,1.5053908238472
"2_5_symmetric_chisq8",1,64,0.139973505895967,0.833983765988115
"2_5_symmetric_chisq8",1,65,0.151385504204454,0.839938957596625
"2_5_symmetric_chisq8",1,66,0.16220126330852,0.845237474454061
"2_5_symmetric_chisq8",1,67,0.172878590299863,0.85270651610472
"2_5_symmetric_chisq8",1,68,0.150176038993804,0.838792664471638
"2_5_symmetric_chisq8",1,69,0.162063867328092,0.844517932115927
"2_5_symmetric_chisq8",1,70,0.593730375142158,1.85978382344083
"2_5_symmetric_chisq8",1,71,0.523863381987989,1.50130055668806
"2_5_symmetric_chisq8",1,72,0.558787312189569,1.65702079189279
"2_5_symmetric_chisq8",1,73,0.148343044726549,0.837416109454753
"2_5_symmetric_chisq8",1,74,0.159194407952032,0.842152399024145
"2_5_symmetric_chisq8",1,75,0.171624121240724,0.848173419193034
"2_5_symmetric_chisq8",1,76,0.182808132120773,0.857119362108737
"2_5_symmetric_chisq8",1,77,0.159916801288774,0.844378474179474
"2_5_symmetric_chisq8",1,78,0.170982381927257,0.850056616621112
"2_5_symmetric_chisq8",1,79,0.557010101232368,1.64894508218633
"2_5_symmetric_chisq8",1,80,0.594240896186067,1.85980411673117
"2_5_symmetric_chisq8",1,81,0.157092177630156,0.840368442441838
"2_5_symmetric_chisq8",1,82,0.16866307404687,0.848167057437374
"2_5_symmetric_chisq8",1,83,0.1833125139803,0.854343996101955
"2_5_symmetric_chisq8",1,84,0.194716464804213,0.862769244427656
"2_5_symmetric_chisq8",1,85,0.169349998836527,0.846603072350388
"2_5_symmetric_chisq8",1,86,0.181762385518265,0.853648568745198
"2_5_symmetric_chisq8",1,87,0.524287787729524,1.50382981501227
"2_5_symmetric_chisq8",1,88,0.138891566403297,0.834148639496913
"2_5_symmetric_chisq8",1,89,0.149209933188646,0.837413516693363
"2_5_symmetric_chisq8",1,90,0.163306061233571,0.844772096658024
"2_5_symmetric_chisq8",1,91,0.173284776458884,0.85112694586059
"2_5_symmetric_chisq8",1,92,0.14949935661763,0.839121519159567
"2_5_symmetric_chisq8",1,93,0.160741205431759,0.844783224681835
"2_5_symmetric_chisq8",1,94,0.148334982668457,0.836628751437156
"2_5_symmetric_chisq8",1,95,0.160623272279545,0.844052489435524
"2_5_symmetric_chisq8",1,96,0.171558037230309,0.848723077313746
"2_5_symmetric_chisq8",1,97,0.184101362918833,0.856484343190874
"2_5_symmetric_chisq8",1,98,0.160128007400505,0.843486527139171
"2_5_symmetric_chisq8",1,99,0.170567549039432,0.849113243912074
"2_5_symmetric_chisq8",1,100,0.460987729162052,1.28490156920442
"2_5_symmetric_chisq8",1,101,0.492633680479692,1.38022526148229
"2_5_symmetric_chisq8",1,102,0.524504349161909,1.4947718566798
"2_5_symmetric_chisq8",1,103,0.462142648378104,1.28533647674801
"2_5_symmetric_chisq8",1,104,0.493264453750413,1.38652647358445
"2_5_symmetric_chisq8",1,105,0.526828053103224,1.51068464433468
"2_5_symmetric_chisq8",1,106,0.560198797009445,1.66219832133171
"2_5_symmetric_chisq8",1,107,0.496110560664847,1.39484738375446
"2_5_symmetric_chisq8",1,108,0.526062061889214,1.51059141808777
"2_5_symmetric_chisq8",1,109,0.599040071222264,1.88074254746036
"2_5_symmetric_chisq8",1,110,0.529050158327725,1.52021180167109
"2_5_symmetric_chisq8",1,111,0.563047543278366,1.6777227549463
"2_5_symmetric_chisq8",1,112,0.561286759933898,1.66526193431772
"2_5_symmetric_chisq8",1,113,0.597687700198699,1.87760604868888
"2_5_symmetric_chisq8",1,114,0.526613674577998,1.50668155539986
"2_5_symmetric_chisq8",2,1,-0.820895138363375,0.496254567511122
"2_5_symmetric_chisq8",2,2,-0.140144274187525,0.632090100539768
"2_5_symmetric_chisq8",2,3,0.36597463864022,0.606273862643732
"2_5_symmetric_chisq8",2,4,0.887109406373412,0.475558492391545
"2_5_symmetric_chisq8",2,5,-0.820319486457376,0.496430735751807
"2_5_symmetric_chisq8",2,6,-0.143957538069462,0.631841050794628
"2_5_symmetric_chisq8",2,7,0.362530012178119,0.606830792049295
"2_5_symmetric_chisq8",2,8,0.887730007910302,0.475360714549755
"2_5_symmetric_chisq8",2,9,-0.819859862165855,0.496571346357872
"2_5_symmetric_chisq8",2,10,-0.140777143580712,0.632049223880092
"2_5_symmetric_chisq8",2,11,0.366307008923265,0.606219869578671
"2_5_symmetric_chisq8",2,12,0.886827090031527,0.475648441203154
"2_5_symmetric_chisq8",2,13,-0.82267998437785,0.49570791010832
"2_5_symmetric_chisq8",2,14,-0.138281431547491,0.632209364446811
"2_5_symmetric_chisq8",2,15,0.369732249670277,0.605660832160229
"2_5_symmetric_chisq8",2,16,0.890584718722746,0.474450108310831
"2_5_symmetric_chisq8",2,17,-0.820652910215918,0.496328705596832
"2_5_symmetric_chisq8",2,18,-0.142113949371831,0.63196228251352
"2_5_symmetric_chisq8",2,19,0.365344854207653,0.606376047091584
"2_5_symmetric_chisq8",2,20,0.887588763146824,0.475405733258021
"2_5_symmetric_chisq8",2,21,-0.822388186808722,0.495797326054527
"2_5_symmetric_chisq8",2,22,-0.141379687633616,0.632010136882183
"2_5_symmetric_chisq8",2,23,0.364948298381997,0.606440306768406
"2_5_symmetric_chisq8",2,24,0.886533704526526,0.475741902279578
"2_5_symmetric_chisq8",2,25,-0.825080304800846,0.49497171083095
"2_5_symmetric_chisq8",2,26,-0.145596412761082,0.631731985856258
"2_5_symmetric_chisq8",2,27,0.360672880579681,0.607129049722729
"2_5_symmetric_chisq8",2,28,0.885605771778648,0.476037407813486
"2_5_symmetric_chisq8",2,29,-0.821025048659923,0.496214801220256
"2_5_symmetric_chisq8",2,30,-0.148056726771017,0.631565968240374
"2_5_symmetric_chisq8",2,31,0.358541655871773,0.607469593440774
"2_5_symmetric_chisq8",2,32,0.882756218253047,0.476943936165838
"2_5_symmetric_chisq8",2,33,-0.824291406058375,0.495213803715675
"2_5_symmetric_chisq8",2,34,-0.148654837002059,0.631525194191431
"2_5_symmetric_chisq8",2,35,0.357622283187175,0.60761592527951
"2_5_symmetric_chisq8",2,36,0.88221971920035,0.477114455188848
"2_5_symmetric_chisq8",2,37,-0.823721182745014,0.495388711063426
"2_5_symmetric_chisq8",2,38,-0.148049124016225,0.631566485487734
"2_5_symmetric_chisq8",2,39,0.358972047753916,0.607400971496941
"2_5_symmetric_chisq8",2,40,0.885034544571926,0.476219244729668
"2_5_symmetric_chisq8",2,41,-0.821832910163391,0.495967431680861
"2_5_symmetric_chisq8",2,42,-0.145302551868217,0.631751631559527
"2_5_symmetric_chisq8",2,43,0.359779546142225,0.607272019367968
"2_5_symmetric_chisq8",2,44,0.884222711952826,0.476477575946499
"2_5_symmetric_chisq8",2,45,-0.822208924234545,0.495852249020892
"2_5_symmetric_chisq8",2,46,-0.148003507667166,0.631569588409273
"2_5_symmetric_chisq8",2,47,0.359308922568594,0.607347207191059
"2_5_symmetric_chisq8",2,48,0.886314643599494,0.47581167683747
"2_5_symmetric_chisq8",2,49,0.458869916411504,1.27903895406706
"2_5_symmetric_chisq8",2,50,0.489502279200629,1.36961525818898
"2_5_symmetric_chisq8",2,51,0.519602303670296,1.47839780858647
"2_5_symmetric_chisq8",2,52,0.459304734039444,1.28042329132635
"2_5_symmetric_chisq8",2,53,0.487980573551361,1.36863204251508
"2_5_symmetric_chisq8",2,54,0.13114571797946,0.8311414150662
"2_5_symmetric_chisq8",2,55,0.141045171161515,0.835500733980648
"2_5_symmetric_chisq8",2,56,0.151571363715749,0.840863930619845
"2_5_symmetric_chisq8",2,57,0.160839448873383,0.845220462078064
"2_5_symmetric_chisq8",2,58,0.141596471159795,0.834785356124291
"2_5_symmetric_chisq8",2,59,0.150468801680479,0.840470885188321
"2_5_symmetric_chisq8",2,60,0.523629303810668,1.49997702377886
"2_5_symmetric_chisq8",2,61,0.556990080310114,1.65048860699317
"2_5_symmetric_chisq8",2,62,0.491439332485253,1.37912434292233
"2_5_symmetric_chisq8",2,63,0.524666635859917,1.50058810051609
"2_5_symmetric_chisq8",2,64,0.14188014660595,0.834959573761824
"2_5_symmetric_chisq8",2,65,0.151763126102829,0.838828008664405
"2_5_symmetric_chisq8",2,66,0.163177748710317,0.845772321573906
"2_5_symmetric_chisq8",2,67,0.17297717310592,0.851083230164362
"2_5_symmetric_chisq8",2,68,0.152596192636619,0.838599658768444
"2_5_symmetric_chisq8",2,69,0.162882055314144,0.847510377381729
"2_5_symmetric_chisq8",2,70,0.593172139059414,1.84667356302555
"2_5_symmetric_chisq8",2,71,0.523963376395683,1.50076617566495
"2_5_symmetric_chisq8",2,72,0.558643954785486,1.65580950872764
"2_5_symmetric_chisq8",2,73,0.149404152119526,0.836513727948919
"2_5_symmetric_chisq8",2,74,0.160330326573702,0.842994486434267
"2_5_symmetric_chisq8",2,75,0.172255889112955,0.849181222775891
"2_5_symmetric_chisq8",2,76,0.185192467451964,0.856784111390606
"2_5_symmetric_chisq8",2,77,0.161027535684146,0.842917548519853
"2_5_symmetric_chisq8",2,78,0.172828299324241,0.849918695992323
"2_5_symmetric_chisq8",2,79,0.556367840045831,1.64656165813093
"2_5_symmetric_chisq8",2,80,0.592908990884847,1.85446599553154
"2_5_symmetric_chisq8",2,81,0.159174346964857,0.842048580502418
"2_5_symmetric_chisq8",2,82,0.170435611769696,0.846855245192029
"2_5_symmetric_chisq8",2,83,0.181400091112085,0.854823268336358
"2_5_symmetric_chisq8",2,84,0.194948474445149,0.863103441813935
"2_5_symmetric_chisq8",2,85,0.170441340286657,0.847451596790493
"2_5_symmetric_chisq8",2,86,0.182744830831205,0.855120893713483
"2_5_symmetric_chisq8",2,87,0.5230323981193,1.49686068273693
"2_5_symmetric_chisq8",2,88,0.142616007881289,0.835128778153877
"2_5_symmetric_chisq8",2,89,0.150881667987088,0.837914724785073
"2_5_symmetric_chisq8",2,90,0.161383062553746,0.844337729517894
"2_5_symmetric_chisq8",2,91,0.173339320248303,0.851766519045983
"2_5_symmetric_chisq8",2,92,0.151556705678758,0.839290213530286
"2_5_symmetric_chisq8",2,93,0.162003460689761,0.846493783466365
"2_5_symmetric_chisq8",2,94,0.149999375682155,0.839077951850263
"2_5_symmetric_chisq8",2,95,0.15979072789749,0.843644444789025
"2_5_symmetric_chisq8",2,96,0.171204001317289,0.850462460993556
"2_5_symmetric_chisq8",2,97,0.182597915324522,0.856066905760184
"2_5_symmetric_chisq8",2,98,0.158800944150651,0.841926146739948
"2_5_symmetric_chisq8",2,99,0.171199375829226,0.848960842857582
"2_5_symmetric_chisq8",2,100,0.462779109782609,1.28902043776262
"2_5_symmetric_chisq8",2,101,0.492981778698972,1.38222132303725
"2_5_symmetric_chisq8",2,102,0.524186061333172,1.49795817980525
"2_5_symmetric_chisq8",2,103,0.46204699619002,1.28733459522046
"2_5_symmetric_chisq8",2,104,0.493538878622711,1.38647680862905
"2_5_symmetric_chisq8",2,105,0.527737302618832,1.51483104114501
"2_5_symmetric_chisq8",2,106,0.560759529394496,1.66470750527469
"2_5_symmetric_chisq8",2,107,0.495556754672572,1.38980516012913
"2_5_symmetric_chisq8",2,108,0.528080523721797,1.51411121733651
"2_5_symmetric_chisq8",2,109,0.597295830251478,1.87969012700262
"2_5_symmetric_chisq8",2,110,0.529043578656242,1.52367838499
"2_5_symmetric_chisq8",2,111,0.56185368838547,1.67498896127005
"2_5_symmetric_chisq8",2,112,0.560617368020242,1.666725221257
"2_5_symmetric_chisq8",2,113,0.597792979702075,1.88207069451335
"2_5_symmetric_chisq8",2,114,0.528534333096421,1.51490642034336
"1_5_skewed_chisq8",1,1,-0.00678298813142518,0.636609128966657
"1_5_skewed_chisq8",1,2,0.612740407831702,0.554693363615919
"1_5_skewed_chisq8",1,3,1.04685599648408,0.422848823164336
"1_5_skewed_chisq8",1,4,1.51618729492178,0.263859973140544
"1_5_skewed_chisq8",1,5,-0.00835719595754318,0.636603615473708
"1_5_skewed_chisq8",1,6,0.614074648801723,0.554357160121602
"1_5_skewed_chisq8",1,7,1.04768882157996,0.422566540608746
"1_5_skewed_chisq8",1,8,1.51619520673086,0.263857436568244
"1_5_skewed_chisq8",1,9,-0.00955290565986636,0.636598661492588
"1_5_skewed_chisq8",1,10,0.612105438318264,0.554853169085782
"1_5_skewed_chisq8",1,11,1.04654387420577,0.422954600990242
"1_5_skewed_chisq8",1,12,1.51638511862797,0.263796552435559
"1_5_skewed_chisq8",1,13,-0.00513109059916355,0.636613681782659
"1_5_skewed_chisq8",1,14,0.617252791682727,0.553554099171351
"1_5_skewed_chisq8",1,15,1.04996979651333,0.421793123776844
"1_5_skewed_chisq8",1,16,1.51359732611386,0.264690820641069
"1_5_skewed_chisq8",1,17,-0.00696346963068312,0.636608555037148
"1_5_skewed_chisq8",1,18,0.613832528511812,0.554418211025121
"1_5_skewed_chisq8",1,19,1.04923494400324,0.422042338502463
"1_5_skewed_chisq8",1,20,1.51746232051884,0.263451310113058
"1_5_skewed_chisq8",1,21,-0.00923204308627412,0.636600055800169
"1_5_skewed_chisq8",1,22,0.613387726256257,0.554530320858371
"1_5_skewed_chisq8",1,23,1.04758033966631,0.422603313321821
"1_5_skewed_chisq8",1,24,1.51555465745891,0.264062829874439
"1_5_skewed_chisq8",1,25,0.474066914454508,1.03160387385742
"1_5_skewed_chisq8",1,26,0.507359040783949,1.11319561278324
"1_5_skewed_chisq8",1,27,0.53998324317434,1.20597861321878
"1_5_skewed_chisq8",1,28,0.473600742515046,1.0296887582298
"1_5_skewed_chisq8",1,29,0.506525455725236,1.10930231354634
"1_5_skewed_chisq8",1,30,0.545346418352512,1.23037380712266
"1_5_skewed_chisq8",1,31,0.580547453093094,1.35867784553049
"1_5_skewed_chisq8",1,32,0.509796609179861,1.11915007492573
"1_5_skewed_chisq8",1,33,0.545243050617658,1.22861153755629
"1_5_skewed_chisq8",1,34,0.620578762254382,1.5612001681308
"1_5_skewed_chisq8",1,35,0.546032553890901,1.23044406467609
"1_5_skewed_chisq8",1,36,0.582351503858943,1.37359341996092
"1_5_skewed_chisq8",1,37,0.581088457577062,1.36400116251626
"1_5_skewed_chisq8",1,38,0.621941947478283,1.56087617402307
"1_5_skewed_chisq8",1,39,0.546127615115388,1.23155828388538
"1_5_skewed_chisq8",2,1,-0.00885854019158169,0.636601618864694
"1_5_skewed_chisq8",2,2,0.612026840216743,0.554872941455113
"1_5_skewed_chisq8",2,3,1.04673460348086,0.422889964046752
"1_5_skewed_chisq8",2,4,1.51506478030536,0.264219950108192
"1_5_skewed_chisq8",2,5,-0.00971333731341033,0.636597946476214
"1_5_skewed_chisq8",2,6,0.611543242780307,0.554994554215148
"1_5_skewed_chisq8",2,7,1.04644852384332,0.422986913498374
"1_5_skewed_chisq8",2,8,1.51674926937583,0.263679823500241
"1_5_skewed_chisq8",2,9,-0.00836972953726898,0.636603566975771
"1_5_skewed_chisq8",2,10,0.613051935568574,0.55461491414015
"1_5_skewed_chisq8",2,11,1.04594592464052,0.42315722282487
"1_5_skewed_chisq8",2,12,1.51447267248307,0.264409905650681
"1_5_skewed_chisq8",2,13,-0.00506842407732191,0.636613829643437
"1_5_skewed_chisq8",2,14,0.614486335936581,0.554253310876455
"1_5_skewed_chisq8",2,15,1.04890466241179,0.422154334537123
"1_5_skewed_chisq8",2,16,1.51441743617074,0.264427628736373
"1_5_skewed_chisq8",2,17,-0.0106132633720451,0.636593714930609
"1_5_skewed_chisq8",2,18,0.61252570003139,0.554747414109615
"1_5_skewed_chisq8",2,19,1.04653520559783,0.422957538655273
"1_5_skewed_chisq8",2,20,1.51509637431226,0.264209815786991
"1_5_skewed_chisq8",2,21,-0.00995649201626899,0.636596840077601
"1_5_skewed_chisq8",2,22,0.611156467784203,0.555091765969327
"1_5_skewed_chisq8",2,23,1.04464299699539,0.423598631473115
"1_5_skewed_chisq8",2,24,1.51448845513534,0.264404841720767
"1_5_skewed_chisq8",2,25,0.472382234794182,1.02699078632516
"1_5_skewed_chisq8",2,26,0.506374370976319,1.10987717209483
"1_5_skewed_chisq8",2,27,0.539523821839707,1.20529164965792
"1_5_skewed_chisq8",2,28,0.472809965717587,1.02965399358503
"1_5_skewed_chisq8",2,29,0.507409866284934,1.11328341202531
"1_5_skewed_chisq8",2,30,0.545539900259033,1.23241162350766
"1_5_skewed_chisq8",2,31,0.580982473664689,1.36403301073108
"1_5_skewed_chisq8",2,32,0.50950491478306,1.12352402445965
"1_5_skewed_chisq8",2,33,0.545600115791361,1.23223786962476
"1_5_skewed_chisq8",2,34,0.621718573396629,1.56272220118126
"1_5_skewed_chisq8",2,35,0.544335784829635,1.22375127144552
"1_5_skewed_chisq8",2,36,0.583390269940413,1.37397755030168
"1_5_skewed_chisq8",2,37,0.580848046565957,1.36725769522559
"1_5_skewed_chisq8",2,38,0.622354061480478,1.56626643224522
"1_5_skewed_chisq8",2,39,0.544320631448302,1.22615731874115
"2_5_skewed_chisq8",1,1,-0.00649471952596209,0.636610014400022
"2_5_skewed_chisq8",1,2,0.614562025049919,0.554234212346954
"2_5_skewed_chisq8",1,3,1.0477799559166,0.422535647554361
"2_5_skewed_chisq8",1,4,1.51851746631686,0.263113300929934
"2_5_skewed_chisq8",1,5,-0.00807393740206479,0.636604692144338
"2_5_skewed_chisq8",1,6,0.613106383415897,0.554601199880159
"2_5_skewed_chisq8",1,7,1.0464875296598,0.422973695225531
"2_5_skewed_chisq8",1,8,1.52005958937017,0.262619584880614
"2_5_skewed_chisq8",1,9,-0.00656741329637736,0.636609794742076
"2_5_skewed_chisq8",1,10,0.611105106108193,0.555104671661397
"2_5_skewed_chisq8",1,11,1.04636618345875,0.423014816556653
"2_5_skewed_chisq8",1,12,1.51638511862797,0.263796552435567
"2_5_skewed_chisq8",1,13,-0.00372736487942822,0.636616558379243
"2_5_skewed_chisq8",1,14,0.616261416169247,0.55380493874975
"2_5_skewed_chisq8",1,15,1.04864833846803,0.42224124597521
"2_5_skewed_chisq8",1,16,1.51449634660292,0.264402309723948
"2_5_skewed_chisq8",1,17,-0.00574522361776823,0.636612136593641
"2_5_skewed_chisq8",1,18,0.615258530190564,0.554058380579202
"2_5_skewed_chisq8",1,19,1.04927406387693,0.42202907265768
"2_5_skewed_chisq8",1,20,1.5182713789753,0.263192118878687
"2_5_skewed_chisq8",1,21,-0.0082443937988517,0.636604048684446
"2_5_skewed_chisq8",1,22,0.612631538375234,0.554720772184931
"2_5_skewed_chisq8",1,23,1.04745885455728,0.422644492654515
"2_5_skewed_chisq8",1,24,1.51812853173402,0.26323787469155
"2_5_skewed_chisq8",1,25,-0.0142406365527754,0.636572860088162
"2_5_skewed_chisq8",1,26,0.608967472130851,0.555641064890595
"2_5_skewed_chisq8",1,27,1.04842248294766,0.422317822091467
"2_5_skewed_chisq8",1,28,1.52081607305504,0.262377521635864
"2_5_skewed_chisq8",1,29,-0.0148824014383974,0.636568536688214
"2_5_skewed_chisq8",1,30,0.608177132178916,0.555839021220089
"2_5_skewed_chisq8",1,31,1.04676928562204,0.42287821016631
"2_5_skewed_chisq8",1,32,1.52257127940272,0.261816207045367
"2_5_skewed_chisq8",1,33,-0.018261801981851,0.636542627654248
"2_5_skewed_chisq8",1,34,0.605681908717243,0.556462711973434
"2_5_skewed_chisq8",1,35,1.04522281874193,0.423402215663841
"2_5_skewed_chisq8",1,36,1.5236346605803,0.26147635937777
"2_5_skewed_chisq8",1,37,-0.0161834985561043,0.636559186885438
"2_5_skewed_chisq8",1,38,0.606706060220499,0.556206958207576
"2_5_skewed_chisq8",1,39,1.04607154966854,0.423114655847821
"2_5_skewed_chisq8",1,40,1.52024265824381,0.262560997916154
"2_5_skewed_chisq8",1,41,-0.0167801571307924,0.636554637361063
"2_5_skewed_chisq8",1,42,0.609024801649731,0.55562669795503
"2_5_skewed_chisq8",1,43,1.04778429586399,0.422534176365972
"2_5_skewed_chisq8",1,44,1.52192449891753,0.262022994417319
"2_5_skewed_chisq8",1,45,-0.0180687597570396,0.636544249917402
"2_5_skewed_chisq8",1,46,0.606633746307525,0.556225027454641
"2_5_skewed_chisq8",1,47,1.04550853178814,0.423305419475126
"2_5_skewed_chisq8",1,48,1.52314673057556,0.261632276917942
"2_5_skewed_chisq8",1,49,0.474481963511756,1.03146024950096
"2_5_skewed_chisq8",1,50,0.507827228352388,1.11484782699062
"2_5_skewed_chisq8",1,51,0.538997213213595,1.20494747695339
"2_5_skewed_chisq8",1,52,0.474585127098729,1.03054837938402
"2_5_skewed_chisq8",1,53,0.506810707400257,1.11229507015954
"2_5_skewed_chisq8",1,54,0.124524954396949,0.658379990419449
"2_5_skewed_chisq8",1,55,0.135270190622588,0.661694856214204
"2_5_skewed_chisq8",1,56,0.145308904612782,0.666908108589385
"2_5_skewed_chisq8",1,57,0.1573822594243,0.671953200254951
"2_5_skewed_chisq8",1,58,0.135316258957435,0.662984221760063
"2_5_skewed_chisq8",1,59,0.146676818487124,0.668520141491861
"2_5_skewed_chisq8",1,60,0.545826646660672,1.23120681592932
"2_5_skewed_chisq8",1,61,0.580720309976554,1.36190121066617
"2_5_skewed_chisq8",1,62,0.509868128611928,1.12038359210387
"2_5_skewed_chisq8",1,63,0.54613109486158,1.23320976728755
"2_5_skewed_chisq8",1,64,0.136504135103887,0.663371313266829
"2_5_skewed_chisq8",1,65,0.146733003688381,0.668713415274955
"2_5_skewed_chisq8",1,66,0.159266915728776,0.673937725848402
"2_5_skewed_chisq8",1,67,0.171000808822027,0.678056543050706
"2_5_skewed_chisq8",1,68,0.147736420984337,0.668722576121775
"2_5_skewed_chisq8",1,69,0.159519409753365,0.673501376314102
"2_5_skewed_chisq8",1,70,0.622407382755801,1.56617687599435
"2_5_skewed_chisq8",1,71,0.546058408299515,1.22835616021971
"2_5_skewed_chisq8",1,72,0.584081884760871,1.37601672191768
"2_5_skewed_chisq8",1,73,0.148265128732625,0.668131827945783
"2_5_skewed_chisq8",1,74,0.157114149421352,0.671108792492881
"2_5_skewed_chisq8",1,75,0.17079994401595,0.678085001673832
"2_5_skewed_chisq8",1,76,0.181830432518245,0.683286499060188
"2_5_skewed_chisq8",1,77,0.159129738812471,0.672773462159635
"2_5_skewed_chisq8",1,78,0.17102367669973,0.678312084067684
"2_5_skewed_chisq8",1,79,0.582059604653615,1.36455581934714
"2_5_skewed_chisq8",1,80,0.622495033494985,1.56714728045329
"2_5_skewed_chisq8",1,81,0.155529445781352,0.669080556459998
"2_5_skewed_chisq8",1,82,0.167650112935212,0.675025226998975
"2_5_skewed_chisq8",1,83,0.18013226665279,0.68181026216251
"2_5_skewed_chisq8",1,84,0.194705354076945,0.688607812858011
"2_5_skewed_chisq8",1,85,0.168251014726213,0.675607453480278
"2_5_skewed_chisq8",1,86,0.182059676755773,0.682790113142978
"2_5_skewed_chisq8",1,87,0.547229356937546,1.23438211443006
"2_5_skewed_chisq8",1,88,0.136723809956664,0.662537275574311
"2_5_skewed_chisq8",1,89,0.146081496529021,0.667802341513207
"2_5_skewed_chisq8",1,90,0.158814511679416,0.672698776743371
"2_5_skewed_chisq8",1,91,0.168441764054366,0.677534693172824
"2_5_skewed_chisq8",1,92,0.146424038503998,0.668071397828589
"2_5_skewed_chisq8",1,93,0.159100948227524,0.673429412228607
"2_5_skewed_chisq8",1,94,0.14637853084174,0.668082752149906
"2_5_skewed_chisq8",1,95,0.157561622904399,0.672463762916616
"2_5_skewed_chisq8",1,96,0.169319334998625,0.677378575207583
"2_5_skewed_chisq8",1,97,0.183032718726383,0.684238978718134
"2_5_skewed_chisq8",1,98,0.158676111761845,0.673193991444175
"2_5_skewed_chisq8",1,99,0.168873641886282,0.677786112255251
"2_5_skewed_chisq8",1,100,0.469931453411508,1.02655487168141
"2_5_skewed_chisq8",1,101,0.503049675632393,1.10895511405961
"2_5_skewed_chisq8",1,102,0.534534175112375,1.19715902071011
"2_5_skewed_chisq8",1,103,0.469392898192158,1.02388567986858
"2_5_skewed_chisq8",1,104,0.503183836833908,1.10586925821171
"2_5_skewed_chisq8",1,105,0.541161730652499,1.22361985171583
"2_5_skewed_chisq8",1,106,0.575938737143869,1.35507077354397
"2_5_skewed_chisq8",1,107,0.506192139000193,1.1177816103115
"2_5_skewed_chisq8",1,108,0.541004652113923,1.2234315094813
"2_5_skewed_chisq8",1,109,0.615968043461451,1.54497600629886
"2_5_skewed_chisq8",1,110,0.540273362170973,1.21911454945667
"2_5_skewed_chisq8",1,111,0.579132354841668,1.36858193439908
"2_5_skewed_chisq8",1,112,0.576752342411937,1.3548367988216
"2_5_skewed_chisq8",1,113,0.616067058113915,1.54630320416014
"2_5_skewed_chisq8",1,114,0.54166252247309,1.22365540468751
"2_5_skewed_chisq8",2,1,-0.00575274362687069,0.636612116591509
"2_5_skewed_chisq8",2,2,0.612797869639549,0.554678895755192
"2_5_skewed_chisq8",2,3,1.04626218469116,0.423050058288022
"2_5_skewed_chisq8",2,4,1.51659091825252,0.263730580759732
"2_5_skewed_chisq8",2,5,-0.0075976634035208,0.636606418790503
"2_5_skewed_chisq8",2,6,0.612991440091914,0.554630150586601
"2_5_skewed_chisq8",2,7,1.04751525643528,0.422625374480871
"2_5_skewed_chisq8",2,8,1.51528597012047,0.264149002712252
"2_5_skewed_chisq8",2,9,-0.00800124283390309,0.636604962472005
"2_5_skewed_chisq8",2,10,0.613995955759544,0.554377004661817
"2_5_skewed_chisq8",2,11,1.04886555769488,0.422167594069764
"2_5_skewed_chisq8",2,12,1.51754159606399,0.263425909050362
"2_5_skewed_chisq8",2,13,-0.00674288116180218,0.636609254459828
"2_5_skewed_chisq8",2,14,0.614337995484926,0.554290736250702
"2_5_skewed_chisq8",2,15,1.04899156752578,0.422124866516851
"2_5_skewed_chisq8",2,16,1.51581554690273,0.263979167994283
"2_5_skewed_chisq8",2,17,-0.00837474296952737,0.636603547556278
"2_5_skewed_chisq8",2,18,0.61126523900888,0.555064432209969
"2_5_skewed_chisq8",2,19,1.0453786516428,0.423349422168902
"2_5_skewed_chisq8",2,20,1.51863657385789,0.263075155818945
"2_5_skewed_chisq8",2,21,-0.0107185477482305,0.636593195392103
"2_5_skewed_chisq8",2,22,0.612274739381919,0.554810572664858
"2_5_skewed_chisq8",2,23,1.04690802677963,0.422831189385229
"2_5_skewed_chisq8",2,24,1.51571275995786,0.264012128473415
"2_5_skewed_chisq8",2,25,-0.0131551646252864,0.636579738982771
"2_5_skewed_chisq8",2,26,0.611011450731256,0.55512820240544
"2_5_skewed_chisq8",2,27,1.04563842957241,0.423261409402614
"2_5_skewed_chisq8",2,28,1.51755745231752,0.26342082858119
"2_5_skewed_chisq8",2,29,-0.0151381063279026,0.636566760994477
"2_5_skewed_chisq8",2,30,0.606555409814777,0.556244599721863
"2_5_skewed_chisq8",2,31,1.04557347847498,0.423283415361326
"2_5_skewed_chisq8",2,32,1.52136606521027,0.262201585399095
"2_5_skewed_chisq8",2,33,-0.0153812775819647,0.636565044280337
"2_5_skewed_chisq8",2,34,0.605600606274591,0.556483000882477
"2_5_skewed_chisq8",2,35,1.0456990545768,0.423240868843116
"2_5_skewed_chisq8",2,36,1.52246743221632,0.261849404697066
"2_5_skewed_chisq8",2,37,-0.0152910283513736,0.636565684604092
"2_5_skewed_chisq8",2,38,0.608765326113465,0.555691715018499
"2_5_skewed_chisq8",2,39,1.0465742149529,0.422944318903985
"2_5_skewed_chisq8",2,40,1.52069657039844,0.262415755066432
"2_5_skewed_chisq8",2,41,-0.0155166516629803,0.636564076728838
"2_5_skewed_chisq8",2,42,0.605757192326638,0.55644392319926
"2_5_skewed_chisq8",2,43,1.0434714444745,0.42399541139648
"2_5_skewed_chisq8",2,44,1.52131024792752,0.262219438681652
"2_5_skewed_chisq8",2,45,-0.013869618920771,0.636575272625786
"2_5_skewed_chisq8",2,46,0.608919196193619,0.555653162174608
"2_5_skewed_chisq8",2,47,1.04574669120518,0.423224728704403
"2_5_skewed_chisq8",2,48,1.52094356649875,0.26233673396687
"2_5_skewed_chisq8",2,49,0.473871696107299,1.03042505477294
"2_5_skewed_chisq8",2,50,0.506809888488573,1.11094492640927
"2_5_skewed_chisq8",2,51,0.538712455718291,1.2051477657504
"2_5_skewed_chisq8",2,52,0.47466799502491,1.03263818100319
"2_5_skewed_chisq8",2,53,0.506143386909756,1.10958673194417
"2_5_skewed_chisq8",2,54,0.127411083815878,0.660531110793217
"2_5_skewed_chisq8",2,55,0.13632272827975,0.663434865731338
"2_5_skewed_chisq8",2,56,0.147473404116115,0.667914540551917
"2_5_skewed_chisq8",2,57,0.15798724347507,0.672280460995799
"2_5_skewed_chisq8",2,58,0.138403146742676,0.663630986272476
"2_5_skewed_chisq8",2,59,0.147590636786249,0.667433954646525
"2_5_skewed_chisq8",2,60,0.54591169407176,1.23247202058893
"2_5_skewed_chisq8",2,61,0.581015126896991,1.36360963457938
"2_5_skewed_chisq8",2,62,0.511308764994558,1.12317221943958
"2_5_skewed_chisq8",2,63,0.544485760776828,1.22746588656951
"2_5_skewed_chisq8",2,64,0.136499655413537,0.663196678313282
"2_5_skewed_chisq8",2,65,0.149451076312219,0.669464700110451
"2_5_skewed_chisq8",2,66,0.158931858090605,0.672802791294878
"2_5_skewed_chisq8",2,67,0.170931388382983,0.676795446552326
"2_5_skewed_chisq8",2,68,0.148858590052289,0.668391529546987
"2_5_skewed_chisq8",2,69,0.159258026129727,0.672527768868245
"2_5_skewed_chisq8",2,70,0.620600327557723,1.56215797298821
"2_5_skewed_chisq8",2,71,0.545155803831322,1.23114146004686
"2_5_skewed_chisq8",2,72,0.582363444138727,1.37376926074207
"2_5_skewed_chisq8",2,73,0.147038404549481,0.66770460024512
"2_5_skewed_chisq8",2,74,0.160493409758465,0.672391824588809
"2_5_skewed_chisq8",2,75,0.171632576699854,0.677762912180252
"2_5_skewed_chisq8",2,76,0.183355692481725,0.683033689319714
"2_5_skewed_chisq8",2,77,0.159211931903686,0.672176632574447
"2_5_skewed_chisq8",2,78,0.170319814606111,0.676878999726033
"2_5_skewed_chisq8",2,79,0.581123287170977,1.3639352320278
"2_5_skewed_chisq8",2,80,0.619725249466669,1.55241029613719
"2_5_skewed_chisq8",2,81,0.156554146909726,0.671925426928775
"2_5_skewed_chisq8",2,82,0.170042805300351,0.678106371125005
"2_5_skewed_chisq8",2,83,0.180543031076448,0.68306070132819
"2_5_skewed_chisq8",2,84,0.194084901506208,0.688779138621269
"2_5_skewed_chisq8",2,85,0.169904433836526,0.678286770015383
"2_5_skewed_chisq8",2,86,0.181177518641904,0.682612252708001
"2_5_skewed_chisq8",2,87,0.545151395536576,1.23004011048712
"2_5_skewed_chisq8",2,88,0.137940099450299,0.663599796408812
"2_5_skewed_chisq8",2,89,0.147718602545991,0.669545075155758
"2_5_skewed_chisq8",2,90,0.158781493669332,0.67383077420602
"2_5_skewed_chisq8",2,91,0.17066259742822,0.678117459016343
"2_5_skewed_chisq8",2,92,0.147170881525472,0.668633620285274
"2_5_skewed_chisq8",2,93,0.158998981688886,0.67300634279032
"2_5_skewed_chisq8",2,94,0.147665851924854,0.66857493385296
"2_5_skewed_chisq8",2,95,0.158834821721953,0.673624473362406
"2_5_skewed_chisq8",2,96,0.169865880974809,0.679262945844317
"2_5_skewed_chisq8",2,97,0.182485603767179,0.6836183946842
"2_5_skewed_chisq8",2,98,0.15888017995497,0.672599928346318
"2_5_skewed_chisq8",2,99,0.170848673120288,0.678477743243435
"2_5_skewed_chisq8",2,100,0.472525395462422,1.03180072328856
"2_5_skewed_chisq8",2,101,0.504164387312048,1.10970911162394
"2_5_skewed_chisq8",2,102,0.537295440058117,1.20508404771676
"2_5_skewed_chisq8",2,103,0.472066021613951,1.03170718863668
"2_5_skewed_chisq8",2,104,0.506044497917965,1.11380592464435
"2_5_skewed_chisq8",2,105,0.543062445176259,1.2248916641018
"2_5_skewed_chisq8",2,106,0.577941222198037,1.35940939041713
"2_5_skewed_chisq8",2,107,0.5083606920343,1.12252772781122
"2_5_skewed_chisq8",2,108,0.543736980139442,1.22664890263671
"2_5_skewed_chisq8",2,109,0.617948624281024,1.55217816065119
"2_5_skewed_chisq8",2,110,0.54210700010783,1.22534605777552
"2_5_skewed_chisq8",2,111,0.581264097316363,1.37323176589203
"2_5_skewed_chisq8",2,112,0.577732931217603,1.35744686093869
"2_5_skewed_chisq8",2,113,0.61856883278305,1.55437522319719
"2_5_skewed_chisq8",2,114,0.542234256989527,1.22600215880905
"1_5_symmetric_chisq2",1,1,-0.863330098031547,0.483085725225545
"1_5_symmetric_chisq2",1,2,-0.0262499190009436,0.636460386117125
"1_5_symmetric_chisq2",1,3,0.475989301595327,0.586021819894194
"1_5_symmetric_chisq2",1,4,0.946193305866029,0.456452308868138
"1_5_symmetric_chisq2",1,5,-0.862475334711207,0.483354399755116
"1_5_symmetric_chisq2",1,6,-0.0307712108286315,0.636400760981288
"1_5_symmetric_chisq2",1,7,0.473326863089106,0.586566587540265
"1_5_symmetric_chisq2",1,8,0.94527597642105,0.45675294266127
"1_5_symmetric_chisq2",1,9,-0.864192775251543,0.482814426575544
"1_5_symmetric_chisq2",1,10,-0.0283437339173097,0.636433948570491
"1_5_symmetric_chisq2",1,11,0.476135286016471,0.585991873986721
"1_5_symmetric_chisq2",1,12,0.945585584142001,0.456651488858587
"1_5_symmetric_chisq2",1,13,-0.867770467395529,0.481687840962492
"1_5_symmetric_chisq2",1,14,-0.0247805564787422,0.636477728631135
"1_5_symmetric_chisq2",1,15,0.479928830939812,0.585210947690954
"1_5_symmetric_chisq2",1,16,0.949398447170146,0.455400984282755
"1_5_symmetric_chisq2",1,17,-0.861646634263507,0.483614753117075
"1_5_symmetric_chisq2",1,18,-0.028356272096292,0.636433784152068
"1_5_symmetric_chisq2",1,19,0.474917188239725,0.586241502411145
"1_5_symmetric_chisq2",1,20,0.942446675581969,0.457679442415769
"1_5_symmetric_chisq2",1,21,-0.86269714887213,0.483284690707773
"1_5_symmetric_chisq2",1,22,-0.0278572559940025,0.636440271843596
"1_5_symmetric_chisq2",1,23,0.476359897250507,0.585945783941091
"1_5_symmetric_chisq2",1,24,0.947005453822437,0.456186048577085
"1_5_symmetric_chisq2",1,25,0.465290057519094,1.43779792261724
"1_5_symmetric_chisq2",1,26,0.490297901446529,1.5282408488298
"1_5_symmetric_chisq2",1,27,0.513806784863278,1.62658031808084
"1_5_symmetric_chisq2",1,28,0.465238236601928,1.43619541308804
"1_5_symmetric_chisq2",1,29,0.490301390924892,1.52298060445138
"1_5_symmetric_chisq2",1,30,0.518285728700895,1.65929396944147
"1_5_symmetric_chisq2",1,31,0.543679913664359,1.7846098428478
"1_5_symmetric_chisq2",1,32,0.490774959886916,1.53507822290403
"1_5_symmetric_chisq2",1,33,0.517943161676738,1.65382993944539
"1_5_symmetric_chisq2",1,34,0.575319426807625,1.98074391010215
"1_5_symmetric_chisq2",1,35,0.51724175525458,1.65201350952437
"1_5_symmetric_chisq2",1,36,0.547338225666213,1.80469935953811
"1_5_symmetric_chisq2",1,37,0.544776511396051,1.79030981854298
"1_5_symmetric_chisq2",1,38,0.575312506474907,1.9777274065654
"1_5_symmetric_chisq2",1,39,0.518100543594386,1.6501114538926
"1_5_symmetric_chisq2",2,1,-0.862704422186211,0.483282404785455
"1_5_symmetric_chisq2",2,2,-0.0292289404165942,0.636422161916033
"1_5_symmetric_chisq2",2,3,0.476095981520387,0.585999937324654
"1_5_symmetric_chisq2",2,4,0.946985829360779,0.456192483473718
"1_5_symmetric_chisq2",2,5,-0.860767695555425,0.483890750813563
"1_5_symmetric_chisq2",2,6,-0.0291562172155481,0.636423143894218
"1_5_symmetric_chisq2",2,7,0.473043703342476,0.586624371338757
"1_5_symmetric_chisq2",2,8,0.944406424210169,0.457037810512044
"1_5_symmetric_chisq2",2,9,-0.86334829133777,0.483080005127
"1_5_symmetric_chisq2",2,10,-0.0280127275977054,0.636438262909341
"1_5_symmetric_chisq2",2,11,0.474712370088502,0.586283422602055
"1_5_symmetric_chisq2",2,12,0.94584823389383,0.456565412037696
"1_5_symmetric_chisq2",2,13,-0.869861677682845,0.481028256161257
"1_5_symmetric_chisq2",2,14,-0.027897377633571,0.636439754479657
"1_5_symmetric_chisq2",2,15,0.479082414362014,0.585385647204504
"1_5_symmetric_chisq2",2,16,0.950201257450853,0.455137432155831
"1_5_symmetric_chisq2",2,17,-0.864994148664562,0.48256228440614
"1_5_symmetric_chisq2",2,18,-0.0317467657698214,0.636386656206468
"1_5_symmetric_chisq2",2,19,0.471872217377288,0.58686311853599
"1_5_symmetric_chisq2",2,20,0.943412406214847,0.457363324430062
"1_5_symmetric_chisq2",2,21,-0.861519473863411,0.483654691930656
"1_5_symmetric_chisq2",2,22,-0.0289230024711139,0.63642627649013
"1_5_symmetric_chisq2",2,23,0.475127638598515,0.586198413334316
"1_5_symmetric_chisq2",2,24,0.94638941968977,0.456388021893727
"1_5_symmetric_chisq2",2,25,0.465345563186562,1.43654581913296
"1_5_symmetric_chisq2",2,26,0.488832843567978,1.52364422785591
"1_5_symmetric_chisq2",2,27,0.514936803583178,1.63340669355663
"1_5_symmetric_chisq2",2,28,0.464714890899164,1.43278990011145
"1_5_symmetric_chisq2",2,29,0.490423257023525,1.52933487814668
"1_5_symmetric_chisq2",2,30,0.519045767221981,1.65487264137343
"1_5_symmetric_chisq2",2,31,0.545118843804405,1.78762818582475
"1_5_symmetric_chisq2",2,32,0.491009036132412,1.5329085015803
"1_5_symmetric_chisq2",2,33,0.517085879594674,1.64590597140993
"1_5_symmetric_chisq2",2,34,0.575335845908863,1.98076205826779
"1_5_symmetric_chisq2",2,35,0.517796061654271,1.64925250895593
"1_5_symmetric_chisq2",2,36,0.5459553826719,1.79755678279093
"1_5_symmetric_chisq2",2,37,0.544206698534809,1.78197190140044
"1_5_symmetric_chisq2",2,38,0.573973373798329,1.97170893982276
"1_5_symmetric_chisq2",2,39,0.518170131325493,1.65261308713868
"2_5_symmetric_chisq2",1,1,-0.864509615644826,0.482714750789432
"2_5_symmetric_chisq2",1,2,-0.0287700345153329,0.636428317537036
"2_5_symmetric_chisq2",1,3,0.477331617818976,0.585746173331048
"2_5_symmetric_chisq2",1,4,0.947908573660482,0.455889856460238
"2_5_symmetric_chisq2",1,5,-0.860604329856839,0.483942033872343
"2_5_symmetric_chisq2",1,6,-0.0291612326037688,0.63642307625015
"2_5_symmetric_chisq2",1,7,0.474555262812304,0.586315567290834
"2_5_symmetric_chisq2",1,8,0.944179361532738,0.457112179549112
"2_5_symmetric_chisq2",1,9,-0.860774956786322,0.483888471284034
"2_5_symmetric_chisq2",1,10,-0.0259515286132769,0.63646398872378
"2_5_symmetric_chisq2",1,11,0.476022989407439,0.586014910182722
"2_5_symmetric_chisq2",1,12,0.94646002957728,0.456364874357823
"2_5_symmetric_chisq2",1,13,-0.869375095535027,0.481181798906349
"2_5_symmetric_chisq2",1,14,-0.0256180362072559,0.636467966415323
"2_5_symmetric_chisq2",1,15,0.479971020158413,0.585202232989317
"2_5_symmetric_chisq2",1,16,0.952171524628549,0.454490247324144
"2_5_symmetric_chisq2",1,17,-0.859490424957983,0.484291573782599
"2_5_symmetric_chisq2",1,18,-0.0274961632480611,0.636444894602554
"2_5_symmetric_chisq2",1,19,0.475276369541985,0.58616795125762
"2_5_symmetric_chisq2",1,20,0.946032519681571,0.456505011311239
"2_5_symmetric_chisq2",1,21,-0.86231172850919,0.483405810088461
"2_5_symmetric_chisq2",1,22,-0.0297956851717474,0.636414425414604
"2_5_symmetric_chisq2",1,23,0.47472359248513,0.58628112611214
"2_5_symmetric_chisq2",1,24,0.94550719387241,0.45667717743274
"2_5_symmetric_chisq2",1,25,-0.866562075667994,0.482068615197295
"2_5_symmetric_chisq2",1,26,-0.0419657520392051,0.636212474065839
"2_5_symmetric_chisq2",1,27,0.467522637581958,0.587745103240271
"2_5_symmetric_chisq2",1,28,0.944034536632916,0.457159609775819
"2_5_symmetric_chisq2",1,29,-0.860197830468802,0.484069618883825
"2_5_symmetric_chisq2",1,30,-0.0456063599216356,0.636138764824873
"2_5_symmetric_chisq2",1,31,0.462177551923405,0.588819306397773
"2_5_symmetric_chisq2",1,32,0.93827714889192,0.45904276459699
"2_5_symmetric_chisq2",1,33,-0.860034544845222,0.484120859503093
"2_5_symmetric_chisq2",1,34,-0.0484219076988863,0.636077563029455
"2_5_symmetric_chisq2",1,35,0.461048234273938,0.58904489985184
"2_5_symmetric_chisq2",1,36,0.937922965826686,0.459158458882435
"2_5_symmetric_chisq2",1,37,-0.861621201068919,0.483622741469594
"2_5_symmetric_chisq2",1,38,-0.0467204894409451,0.636114984518379
"2_5_symmetric_chisq2",1,39,0.461859610368848,0.588882866950605
"2_5_symmetric_chisq2",1,40,0.942649914233081,0.457612926058176
"2_5_symmetric_chisq2",1,41,-0.865190934329531,0.482500350218124
"2_5_symmetric_chisq2",1,42,-0.0460605364385359,0.636129139950111
"2_5_symmetric_chisq2",1,43,0.461918175041045,0.588871161971103
"2_5_symmetric_chisq2",1,44,0.939083256792335,0.458779381744195
"2_5_symmetric_chisq2",1,45,-0.860386544646677,0.484010392356491
"2_5_symmetric_chisq2",1,46,-0.0464494796783817,0.636120821783222
"2_5_symmetric_chisq2",1,47,0.462869375708893,0.588680871384164
"2_5_symmetric_chisq2",1,48,0.941411544235993,0.458018132049049
"2_5_symmetric_chisq2",1,49,0.466369002658876,1.44042201468471
"2_5_symmetric_chisq2",1,50,0.489905411596545,1.53013279059238
"2_5_symmetric_chisq2",1,51,0.514048217983383,1.62728795513134
"2_5_symmetric_chisq2",1,52,0.463922899971941,1.43106131484609
"2_5_symmetric_chisq2",1,53,0.489097948159228,1.52195965989989
"2_5_symmetric_chisq2",1,54,0.146404862927883,0.841688261025447
"2_5_symmetric_chisq2",1,55,0.157314434021846,0.849239283500019
"2_5_symmetric_chisq2",1,56,0.168327902324523,0.857730127161282
"2_5_symmetric_chisq2",1,57,0.17861544358173,0.864357497188579
"2_5_symmetric_chisq2",1,58,0.156304131219737,0.848343952784781
"2_5_symmetric_chisq2",1,59,0.166237269137477,0.853706383997519
"2_5_symmetric_chisq2",1,60,0.518127928634353,1.65559550825356
"2_5_symmetric_chisq2",1,61,0.545729092414455,1.79585379861812
"2_5_symmetric_chisq2",1,62,0.492931670382888,1.54306910615276
"2_5_symmetric_chisq2",1,63,0.518571289354417,1.65664246337542
"2_5_symmetric_chisq2",1,64,0.153760830187228,0.84374988953138
"2_5_symmetric_chisq2",1,65,0.165171701675693,0.849373475715316
"2_5_symmetric_chisq2",1,66,0.175379453443728,0.85825331901779
"2_5_symmetric_chisq2",1,67,0.187503297265874,0.868099515368908
"2_5_symmetric_chisq2",1,68,0.164336209325463,0.850166795339235
"2_5_symmetric_chisq2",1,69,0.175764257687994,0.858643828796705
"2_5_symmetric_chisq2",1,70,0.57451202358028,1.98064712083164
"2_5_symmetric_chisq2",1,71,0.517588088783798,1.64909540076688
"2_5_symmetric_chisq2",1,72,0.545044661709395,1.79868171973619
"2_5_symmetric_chisq2",1,73,0.159465788852828,0.843325564652822
"2_5_symmetric_chisq2",1,74,0.172242963111404,0.85170308322846
"2_5_symmetric_chisq2",1,75,0.183305722273599,0.859710137693385
"2_5_symmetric_chisq2",1,76,0.195017788850393,0.87173412898609
"2_5_symmetric_chisq2",1,77,0.169722651176111,0.851575961298653
"2_5_symmetric_chisq2",1,78,0.182680530157881,0.858616529209804
"2_5_symmetric_chisq2",1,79,0.54517447776467,1.78921477338774
"2_5_symmetric_chisq2",1,80,0.574476927878076,1.98395167298767
"2_5_symmetric_chisq2",1,81,0.168973466857131,0.844320490658606
"2_5_symmetric_chisq2",1,82,0.182109734613699,0.854015712804324
"2_5_symmetric_chisq2",1,83,0.193391235383235,0.863706372464889
"2_5_symmetric_chisq2",1,84,0.205584345600169,0.874372826315532
"2_5_symmetric_chisq2",1,85,0.179620392087321,0.852963276635359
"2_5_symmetric_chisq2",1,86,0.193605181819023,0.861862100015907
"2_5_symmetric_chisq2",1,87,0.518481578281444,1.65725978083362
"2_5_symmetric_chisq2",1,88,0.151773506455033,0.841901595320371
"2_5_symmetric_chisq2",1,89,0.164858845028546,0.850812650994869
"2_5_symmetric_chisq2",1,90,0.174979704299863,0.856394374522437
"2_5_symmetric_chisq2",1,91,0.185550109049715,0.866875798419364
"2_5_symmetric_chisq2",1,92,0.162721181216539,0.848875842715398
"2_5_symmetric_chisq2",1,93,0.174530979574558,0.857733053349292
"2_5_symmetric_chisq2",1,94,0.160945073603065,0.844364441502738
"2_5_symmetric_chisq2",1,95,0.172848657793243,0.853490908139155
"2_5_symmetric_chisq2",1,96,0.183417448756997,0.860467572824831
"2_5_symmetric_chisq2",1,97,0.195809781203575,0.870021366194486
"2_5_symmetric_chisq2",1,98,0.170883387811051,0.85174970062081
"2_5_symmetric_chisq2",1,99,0.182164415611573,0.857537099073651
"2_5_symmetric_chisq2",1,100,0.479204565985155,1.48675555693501
"2_5_symmetric_chisq2",1,101,0.506469264051053,1.59169454685349
"2_5_symmetric_chisq2",1,102,0.531435538866935,1.70583481666065
"2_5_symmetric_chisq2",1,103,0.479873674559119,1.48488231700801
"2_5_symmetric_chisq2",1,104,0.50618119649814,1.59280464237685
"2_5_symmetric_chisq2",1,105,0.534408761160068,1.72706118147566
"2_5_symmetric_chisq2",1,106,0.562840242151937,1.88651148129155
"2_5_symmetric_chisq2",1,107,0.507561646105026,1.59786109558253
"2_5_symmetric_chisq2",1,108,0.535778704258147,1.73665245248024
"2_5_symmetric_chisq2",1,109,0.593317213025533,2.10160512186846
"2_5_symmetric_chisq2",1,110,0.534902156686174,1.72461341791063
"2_5_symmetric_chisq2",1,111,0.564320978047839,1.90285745073806
"2_5_symmetric_chisq2",1,112,0.562188597651718,1.87775063805538
"2_5_symmetric_chisq2",1,113,0.594128775244405,2.10517918468022
"2_5_symmetric_chisq2",1,114,0.535779514992259,1.7383204092066
"2_5_symmetric_chisq2",2,1,-0.864378498751044,0.48275600149103
"2_5_symmetric_chisq2",2,2,-0.0292715713304309,0.636421585135978
"2_5_symmetric_chisq2",2,3,0.473534350756348,0.586524227147258
"2_5_symmetric_chisq2",2,4,0.94465703265078,0.456955721261031
"2_5_symmetric_chisq2",2,5,-0.860963764722611,0.483829195076849
"2_5_symmetric_chisq2",2,6,-0.0283512568241643,0.636433849928177
"2_5_symmetric_chisq2",2,7,0.474457076712755,0.586335651873355
"2_5_symmetric_chisq2",2,8,0.945758063192018,0.456594964286829
"2_5_symmetric_chisq2",2,9,-0.863865100594844,0.482917491327386
"2_5_symmetric_chisq2",2,10,-0.0285017152987705,0.636431871582452
"2_5_symmetric_chisq2",2,11,0.475122026315888,0.586199562644591
"2_5_symmetric_chisq2",2,12,0.945958017303149,0.456529430461371
"2_5_symmetric_chisq2",2,13,-0.869631165736679,0.481101000373738
"2_5_symmetric_chisq2",2,14,-0.0246501719916883,0.636479219302503
"2_5_symmetric_chisq2",2,15,0.480387332932456,0.585116203402929
"2_5_symmetric_chisq2",2,16,0.94950073209975,0.455367410371117
"2_5_symmetric_chisq2",2,17,-0.86215178031529,0.483456066173021
"2_5_symmetric_chisq2",2,18,-0.0318395579016335,0.636385291686606
"2_5_symmetric_chisq2",2,19,0.47337172356052,0.586557430238392
"2_5_symmetric_chisq2",2,20,0.943467170332577,0.457345394266361
"2_5_symmetric_chisq2",2,21,-0.861704769372741,0.483596492918164
"2_5_symmetric_chisq2",2,22,-0.0298082238800639,0.636414252572684
"2_5_symmetric_chisq2",2,23,0.472707325213515,0.586692976735433
"2_5_symmetric_chisq2",2,24,0.944175447085876,0.45711346157092
"2_5_symmetric_chisq2",2,25,-0.867551329580965,0.481756912849945
"2_5_symmetric_chisq2",2,26,-0.0447532360217581,0.636156586654416
"2_5_symmetric_chisq2",2,27,0.464658544817297,0.588322026411101
"2_5_symmetric_chisq2",2,28,0.941891875920626,0.457860988782181
"2_5_symmetric_chisq2",2,29,-0.860640631360412,0.483930638688728
"2_5_symmetric_chisq2",2,30,-0.0452901984029614,0.636145408663612
"2_5_symmetric_chisq2",2,31,0.464848434663694,0.588283870964355
"2_5_symmetric_chisq2",2,32,0.941216349535241,0.458081981807537
"2_5_symmetric_chisq2",2,33,-0.861926436199138,0.4835268617724
"2_5_symmetric_chisq2",2,34,-0.0490191937034937,0.636064109211299
"2_5_symmetric_chisq2",2,35,0.458590862184167,0.589534135376716
"2_5_symmetric_chisq2",2,36,0.937825683387066,0.459190233154657
"2_5_symmetric_chisq2",2,37,-0.864855689940551,0.482605857147304
"2_5_symmetric_chisq2",2,38,-0.0481508760629483,0.636083613671522
"2_5_symmetric_chisq2",2,39,0.460961816915767,0.589062142989638
"2_5_symmetric_chisq2",2,40,0.941251481934704,0.458070490114024
"2_5_symmetric_chisq2",2,41,-0.860902035674594,0.48384857562532
"2_5_symmetric_chisq2",2,42,-0.0457769886650003,0.636135160043734
"2_5_symmetric_chisq2",2,43,0.463000512439281,0.588654610543809
"2_5_symmetric_chisq2",2,44,0.940970455259631,0.458162408139636
"2_5_symmetric_chisq2",2,45,-0.858508026284489,0.484599655473588
"2_5_symmetric_chisq2",2,46,-0.0470793317244673,0.636107203254184
"2_5_symmetric_chisq2",2,47,0.461575175916708,0.588939696949294
"2_5_symmetric_chisq2",2,48,0.938997554511274,0.458807387997712
"2_5_symmetric_chisq2",2,49,0.46611479845883,1.43748585498414
"2_5_symmetric_chisq2",2,50,0.49015196481628,1.52693763787089
"2_5_symmetric_chisq2",2,51,0.515094874082489,1.63287096224611
"2_5_symmetric_chisq2",2,52,0.464652007811806,1.43270596150934
"2_5_symmetric_chisq2",2,53,0.490219416995355,1.527709154621
"2_5_symmetric_chisq2",2,54,0.144042487668255,0.841563072409935
"2_5_symmetric_chisq2",2,55,0.156633908951062,0.846906143462436
"2_5_symmetric_chisq2",2,56,0.167133581600101,0.854441633780441
"2_5_symmetric_chisq2",2,57,0.176670291595393,0.862266717443755
"2_5_symmetric_chisq2",2,58,0.156094849284449,0.845039613020685
"2_5_symmetric_chisq2",2,59,0.16667884262254,0.854043328499964
"2_5_symmetric_chisq2",2,60,0.519100934586138,1.65827590220707
"2_5_symmetric_chisq2",2,61,0.545092773600425,1.78717864519573
"2_5_symmetric_chisq2",2,62,0.491033533472516,1.5388542895295
"2_5_symmetric_chisq2",2,63,0.518403302086462,1.65357208336773
"2_5_symmetric_chisq2",2,64,0.152494246457431,0.840788282072483
"2_5_symmetric_chisq2",2,65,0.165136083542079,0.849657163067173
"2_5_symmetric_chisq2",2,66,0.176014452067017,0.855989705599022
"2_5_symmetric_chisq2",2,67,0.18627520057698,0.86604177697637
"2_5_symmetric_chisq2",2,68,0.164443825940211,0.848580403371608
"2_5_symmetric_chisq2",2,69,0.175286147731788,0.856896858801548
"2_5_symmetric_chisq2",2,70,0.575442732527137,1.98763399296853
"2_5_symmetric_chisq2",2,71,0.518215428614358,1.65479548535017
"2_5_symmetric_chisq2",2,72,0.547775791105799,1.80827890630855
"2_5_symmetric_chisq2",2,73,0.159448892755059,0.841641621675492
"2_5_symmetric_chisq2",2,74,0.172310631799174,0.850766720464307
"2_5_symmetric_chisq2",2,75,0.183297060660081,0.856937112121083
"2_5_symmetric_chisq2",2,76,0.196175217798832,0.867494216338185
"2_5_symmetric_chisq2",2,77,0.173633931034657,0.84986516049343
"2_5_symmetric_chisq2",2,78,0.184304559158488,0.857524124703333
"2_5_symmetric_chisq2",2,79,0.544510027022981,1.79344141356089
"2_5_symmetric_chisq2",2,80,0.57474746372685,1.97857890085453
"2_5_symmetric_chisq2",2,81,0.167564710613683,0.843547421078488
"2_5_symmetric_chisq2",2,82,0.180463747982997,0.854063450711692
"2_5_symmetric_chisq2",2,83,0.191971659773731,0.860618584567102
"2_5_symmetric_chisq2",2,84,0.203639605143932,0.869847706493739
"2_5_symmetric_chisq2",2,85,0.1789238509484,0.851942541828541
"2_5_symmetric_chisq2",2,86,0.191224372576138,0.860305449646105
"2_5_symmetric_chisq2",2,87,0.518467731618812,1.65500913854775
"2_5_symmetric_chisq2",2,88,0.15254016272982,0.840187091349033
"2_5_symmetric_chisq2",2,89,0.164619946958707,0.847715043439869
"2_5_symmetric_chisq2",2,90,0.175567237225106,0.85579508362466
"2_5_symmetric_chisq2",2,91,0.186401835523603,0.86404772829
"2_5_symmetric_chisq2",2,92,0.162167293102008,0.846645071945795
"2_5_symmetric_chisq2",2,93,0.17412827686917,0.853472937401025
"2_5_symmetric_chisq2",2,94,0.159837102194775,0.841151090943462
"2_5_symmetric_chisq2",2,95,0.172822397639615,0.850234375847775
"2_5_symmetric_chisq2",2,96,0.183527618437508,0.858246306561475
"2_5_symmetric_chisq2",2,97,0.196282966382972,0.868104667671174
"2_5_symmetric_chisq2",2,98,0.172874843242993,0.850568305213134
"2_5_symmetric_chisq2",2,99,0.184251691097084,0.857486783350897
"2_5_symmetric_chisq2",2,100,0.480251582810404,1.49139375591427
"2_5_symmetric_chisq2",2,101,0.503789348097672,1.58113903929331
"2_5_symmetric_chisq2",2,102,0.529874416064783,1.69857168081511
"2_5_symmetric_chisq2",2,103,0.479055793364181,1.48784616784941
"2_5_symmetric_chisq2",2,104,0.504644926659034,1.58295876554536
"2_5_symmetric_chisq2",2,105,0.535028218576393,1.72555792952856
"2_5_symmetric_chisq2",2,106,0.562606759706344,1.89032734660236
"2_5_symmetric_chisq2",2,107,0.508905803304674,1.608125449234
"2_5_symmetric_chisq2",2,108,0.535296385677682,1.73194905064416
"2_5_symmetric_chisq2",2,109,0.592962044160739,2.09427723393289
"2_5_symmetric_chisq2",2,110,0.532604612373143,1.71866001091348
"2_5_symmetric_chisq2",2,111,0.564580116148438,1.89825790984184
"2_5_symmetric_chisq2",2,112,0.561966575003649,1.88190680573426
"2_5_symmetric_chisq2",2,113,0.593298436897298,2.10044261088146
"2_5_symmetric_chisq2",2,114,0.534593965522993,1.72809165222733
"1_5_skewed_chisq2",1,1,0.111658734222457,0.633741144734977
"1_5_skewed_chisq2",1,2,0.704325643536234,0.530387099855887
"1_5_skewed_chisq2",1,3,1.08289732463333,0.41058482443515
"1_5_skewed_chisq2",1,4,1.4734119144559,0.277702226627733
"1_5_skewed_chisq2",1,5,0.107659244190859,0.633943305095968
"1_5_skewed_chisq2",1,6,0.70133816702827,0.53121745836635
"1_5_skewed_chisq2",1,7,1.08128580550618,0.411135109601145
"1_5_skewed_chisq2",1,8,1.46993263577002,0.278838932455366
"1_5_skewed_chisq2",1,9,0.112216180560272,0.63371238678227
"1_5_skewed_chisq2",1,10,0.70420358276977,0.530421073156642
"1_5_skewed_chisq2",1,11,1.08355985288167,0.410358543887245
"1_5_skewed_chisq2",1,12,1.47393906075196,0.277530140005782
"1_5_skewed_chisq2",1,13,0.112655099490077,0.633689643524658
"1_5_skewed_chisq2",1,14,0.70831768006045,0.529273797352001
"1_5_skewed_chisq2",1,15,1.08595251882336,0.409541124843763
"1_5_skewed_chisq2",1,16,1.474399720915,0.277379787168222
"1_5_skewed_chisq2",1,17,0.108362684847623,0.633908279023289
"1_5_skewed_chisq2",1,18,0.703904899352904,0.530504189184125
"1_5_skewed_chisq2",1,19,1.08305502633497,0.410530965319127
"1_5_skewed_chisq2",1,20,1.47337480690651,0.277714341719486
"1_5_skewed_chisq2",1,21,0.111514964105589,0.633748538603097
"1_5_skewed_chisq2",1,22,0.704592286446829,0.530312870972834
"1_5_skewed_chisq2",1,23,1.08349673446222,0.410380102590161
"1_5_skewed_chisq2",1,24,1.4729222580712,0.277862106832337
"1_5_skewed_chisq2",1,25,0.50297660070128,1.07962663792106
"1_5_skewed_chisq2",1,26,0.531691766908004,1.16046260048116
"1_5_skewed_chisq2",1,27,0.55980660580537,1.2570641662778
"1_5_skewed_chisq2",1,28,0.502492110143619,1.0772592046728
"1_5_skewed_chisq2",1,29,0.532639320679628,1.16401345802498
"1_5_skewed_chisq2",1,30,0.565080369035009,1.28408017033143
"1_5_skewed_chisq2",1,31,0.596418595270456,1.41972891091277
"1_5_skewed_chisq2",1,32,0.533198058739869,1.17468990534474
"1_5_skewed_chisq2",1,33,0.565897045034988,1.28836816548733
"1_5_skewed_chisq2",1,34,0.635124683862056,1.62931594468075
"1_5_skewed_chisq2",1,35,0.567348899369049,1.29156218865261
"1_5_skewed_chisq2",1,36,0.602088405915603,1.44739643577921
"1_5_skewed_chisq2",1,37,0.597720741576177,1.42193523397932
"1_5_skewed_chisq2",1,38,0.634542635313352,1.6276370105656
"1_5_skewed_chisq2",1,39,0.567064002253227,1.29180586720612
"1_5_skewed_chisq2",2,1,0.11243311479538,0.633701157011304
"1_5_skewed_chisq2",2,2,0.704296733459038,0.530395146788645
"1_5_skewed_chisq2",2,3,1.08412811302845,0.410164438059754
"1_5_skewed_chisq2",2,4,1.47279619163762,0.277903274432302
"1_5_skewed_chisq2",2,5,0.109832771999133,0.633834348634254
"1_5_skewed_chisq2",2,6,0.702784593076011,0.530815728806565
"1_5_skewed_chisq2",2,7,1.08195618020887,0.41090621669679
"1_5_skewed_chisq2",2,8,1.47206250468396,0.278142904054868
"1_5_skewed_chisq2",2,9,0.10988572980589,0.633831666945531
"1_5_skewed_chisq2",2,10,0.70221354434362,0.530974398801048
"1_5_skewed_chisq2",2,11,1.08225328015162,0.410804765766263
"1_5_skewed_chisq2",2,12,1.47145540380691,0.278341241716384
"1_5_skewed_chisq2",2,13,0.113268108818176,0.633657732094133
"1_5_skewed_chisq2",2,14,0.708192053632121,0.529308896905264
"1_5_skewed_chisq2",2,15,1.0891857093096,0.40843600222667
"1_5_skewed_chisq2",2,16,1.47580592556117,0.276920992394924
"1_5_skewed_chisq2",2,17,0.108912363953091,0.633880751515708
"1_5_skewed_chisq2",2,18,0.702938622978442,0.530772915483355
"1_5_skewed_chisq2",2,19,1.08089909890641,0.411267133872976
"1_5_skewed_chisq2",2,20,1.47273687435548,0.277922645484567
"1_5_skewed_chisq2",2,21,0.110715442443397,0.63378948427001
"1_5_skewed_chisq2",2,22,0.704508754364308,0.530336126942262
"1_5_skewed_chisq2",2,23,1.08663986547314,0.409306238397326
"1_5_skewed_chisq2",2,24,1.4746004288167,0.27731428759525
"1_5_skewed_chisq2",2,25,0.501490974440976,1.07524891647864
"1_5_skewed_chisq2",2,26,0.530483805336228,1.15746406826711
"1_5_skewed_chisq2",2,27,0.559122767890747,1.25635596444241
"1_5_skewed_chisq2",2,28,0.501806238420188,1.07824237844543
"1_5_skewed_chisq2",2,29,0.531195913847982,1.15883650676574
"1_5_skewed_chisq2",2,30,0.565647778608412,1.28451355657873
"1_5_skewed_chisq2",2,31,0.597445399775645,1.42227541820118
"1_5_skewed_chisq2",2,32,0.534126086028986,1.17531429617236
"1_5_skewed_chisq2",2,33,0.566698515356337,1.29180770629555
"1_5_skewed_chisq2",2,34,0.63424743610915,1.62482319824581
"1_5_skewed_chisq2",2,35,0.566432942932681,1.29147893265456
"1_5_skewed_chisq2",2,36,0.600720556602208,1.44125345533833
"1_5_skewed_chisq2",2,37,0.596366852985515,1.41666226159729
"1_5_skewed_chisq2",2,38,0.635260331207063,1.63360212631618
"1_5_skewed_chisq2",2,39,0.566337677061167,1.29045015899489
"2_5_skewed_chisq2",1,1,0.11084658939576,0.633782787925112
"2_5_skewed_chisq2",1,2,0.706328296763464,0.529829129950451
"2_5_skewed_chisq2",1,3,1.08395218557865,0.410224533346223
"2_5_skewed_chisq2",1,4,1.47533686648906,0.277074001225604
"2_5_skewed_chisq2",1,5,0.110859199780078,0.633782143626075
"2_5_skewed_chisq2",1,6,0.70252470541674,0.53088795133003
"2_5_skewed_chisq2",1,7,1.08382138947652,0.410269210917099
"2_5_skewed_chisq2",1,8,1.47407276857603,0.277486496870666
"2_5_skewed_chisq2",1,9,0.110614561468245,0.63379462988523
"2_5_skewed_chisq2",1,10,0.701062518451474,0.531293952951676
"2_5_skewed_chisq2",1,11,1.08156469432263,0.41103988918014
"2_5_skewed_chisq2",1,12,1.47446661694934,0.277357955551134
"2_5_skewed_chisq2",1,13,0.113051154160387,0.633669045745801
"2_5_skewed_chisq2",1,14,0.708256476045228,0.529290898048809
"2_5_skewed_chisq2",1,15,1.08778960502724,0.408913275149677
"2_5_skewed_chisq2",1,16,1.47632002976407,0.276753322545063
"2_5_skewed_chisq2",1,17,0.108455976696257,0.633903616780702
"2_5_skewed_chisq2",1,18,0.703808563259071,0.530530991977112
"2_5_skewed_chisq2",1,19,1.08601128498619,0.409521043846527
"2_5_skewed_chisq2",1,20,1.47693896240567,0.276551509648429
"2_5_skewed_chisq2",1,21,0.10905609280935,0.633873530883201
"2_5_skewed_chisq2",1,22,0.702903322986215,0.530782727842277
"2_5_skewed_chisq2",1,23,1.08202369453661,0.410883163018011
"2_5_skewed_chisq2",1,24,1.472966757696,0.277847575755151
"2_5_skewed_chisq2",1,25,0.0991791867214016,0.634347717914655
"2_5_skewed_chisq2",1,26,0.699345721403839,0.531769915832153
"2_5_skewed_chisq2",1,27,1.08326233240143,0.410460162701902
"2_5_skewed_chisq2",1,28,1.4777601073843,0.276283839362489
"2_5_skewed_chisq2",1,29,0.0972699742779456,0.634434223293225
"2_5_skewed_chisq2",1,30,0.697154675841903,0.532376200895004
"2_5_skewed_chisq2",1,31,1.08114639263095,0.411182707200683
"2_5_skewed_chisq2",1,32,1.47761820205757,0.276330090228971
"2_5_skewed_chisq2",1,33,0.0964137148913872,0.634472477006773
"2_5_skewed_chisq2",1,34,0.694143852214942,0.533207200017511
"2_5_skewed_chisq2",1,35,1.0826405537764,0.410672514849585
"2_5_skewed_chisq2",1,36,1.47917331506287,0.275823379885246
"2_5_skewed_chisq2",1,37,0.0970433104667771,0.634444382309672
"2_5_skewed_chisq2",1,38,0.698568076223964,0.531985247200059
"2_5_skewed_chisq2",1,39,1.08314515368772,0.410500183854714
"2_5_skewed_chisq2",1,40,1.4796075907609,0.275681934328564
"2_5_skewed_chisq2",1,41,0.0954416942858319,0.634515494839003
"2_5_skewed_chisq2",1,42,0.695365939698692,0.532870196680201
"2_5_skewed_chisq2",1,43,1.0818076660449,0.410956927853779
"2_5_skewed_chisq2",1,44,1.47726730087155,0.276444469925114
"2_5_skewed_chisq2",1,45,0.0950715443939256,0.634531762276443
"2_5_skewed_chisq2",1,46,0.694338423337983,0.533153572270201
"2_5_skewed_chisq2",1,47,1.08179866595334,0.410960000950763
"2_5_skewed_chisq2",1,48,1.479480274149,0.275723399354928
"2_5_skewed_chisq2",1,49,0.502664688254713,1.07884757478676
"2_5_skewed_chisq2",1,50,0.531796802763692,1.16375973066509
"2_5_skewed_chisq2",1,51,0.560506806941737,1.25997796912714
"2_5_skewed_chisq2",1,52,0.50181957969412,1.0776914000665
"2_5_skewed_chisq2",1,53,0.531268726292922,1.16125668384257
"2_5_skewed_chisq2",1,54,0.136394951279056,0.614584529767239
"2_5_skewed_chisq2",1,55,0.146538668357538,0.618705484777413
"2_5_skewed_chisq2",1,56,0.159167514156842,0.623778464137637
"2_5_skewed_chisq2",1,57,0.171012426353005,0.629243911802348
"2_5_skewed_chisq2",1,58,0.146535048652301,0.619549967997469
"2_5_skewed_chisq2",1,59,0.158553964046585,0.623951566073368
"2_5_skewed_chisq2",1,60,0.567969433176033,1.29456362187124
"2_5_skewed_chisq2",1,61,0.597764762909271,1.41912280312367
"2_5_skewed_chisq2",1,62,0.534382503651384,1.17475502128145
"2_5_skewed_chisq2",1,63,0.566872574832394,1.29191536061497
"2_5_skewed_chisq2",1,64,0.14388818132096,0.617812054057545
"2_5_skewed_chisq2",1,65,0.157275374249341,0.623474966429103
"2_5_skewed_chisq2",1,66,0.1694685045354,0.627854023985066
"2_5_skewed_chisq2",1,67,0.182352048727445,0.633631577823209
"2_5_skewed_chisq2",1,68,0.157419970798197,0.623839081223704
"2_5_skewed_chisq2",1,69,0.169178033446719,0.628012834650459
"2_5_skewed_chisq2",1,70,0.634843916262803,1.63075326228861
"2_5_skewed_chisq2",1,71,0.565350960838793,1.28650973854537
"2_5_skewed_chisq2",1,72,0.601147212483151,1.44334887014116
"2_5_skewed_chisq2",1,73,0.151453537883742,0.621000000796977
"2_5_skewed_chisq2",1,74,0.164922174587652,0.626725333133732
"2_5_skewed_chisq2",1,75,0.17734141750118,0.632020422195816
"2_5_skewed_chisq2",1,76,0.192616925402148,0.638409994321337
"2_5_skewed_chisq2",1,77,0.165988986492246,0.626346442217335
"2_5_skewed_chisq2",1,78,0.178269467425166,0.63212844956444
"2_5_skewed_chisq2",1,79,0.596508685729698,1.41706180965637
"2_5_skewed_chisq2",1,80,0.633578427363578,1.62194978702713
"2_5_skewed_chisq2",1,81,0.161816117032803,0.623767226962559
"2_5_skewed_chisq2",1,82,0.174549069362793,0.629917917261724
"2_5_skewed_chisq2",1,83,0.188404306373038,0.636013872280923
"2_5_skewed_chisq2",1,84,0.204139232973645,0.643796836199305
"2_5_skewed_chisq2",1,85,0.175230753066293,0.630099286799418
"2_5_skewed_chisq2",1,86,0.188761160872723,0.63645825607935
"2_5_skewed_chisq2",1,87,0.565666321329548,1.28609007239377
"2_5_skewed_chisq2",1,88,0.144337213966288,0.6185477170491
"2_5_skewed_chisq2",1,89,0.156920351722099,0.623200012161851
"2_5_skewed_chisq2",1,90,0.167533595258359,0.62778779999644
"2_5_skewed_chisq2",1,91,0.181354144205743,0.633840472335525
"2_5_skewed_chisq2",1,92,0.156834654421213,0.624202817837038
"2_5_skewed_chisq2",1,93,0.169063924267134,0.629195097587294
"2_5_skewed_chisq2",1,94,0.153218353901305,0.620677705597201
"2_5_skewed_chisq2",1,95,0.164766984197843,0.626151621536397
"2_5_skewed_chisq2",1,96,0.177315824034737,0.631782353661535
"2_5_skewed_chisq2",1,97,0.19151212457537,0.638303027138319
"2_5_skewed_chisq2",1,98,0.16453475829309,0.625362764501001
"2_5_skewed_chisq2",1,99,0.177061881066184,0.631602995039393
"2_5_skewed_chisq2",1,100,0.501717809712464,1.0897215670533
"2_5_skewed_chisq2",1,101,0.533330782686144,1.18067777981586
"2_5_skewed_chisq2",1,102,0.560198878746571,1.27424676569454
"2_5_skewed_chisq2",1,103,0.501357957018649,1.08805352329175
"2_5_skewed_chisq2",1,104,0.531210936306453,1.17669767271373
"2_5_skewed_chisq2",1,105,0.567118992268491,1.31046015016904
"2_5_skewed_chisq2",1,106,0.597554788644083,1.44339105959231
"2_5_skewed_chisq2",1,107,0.53428508590512,1.19073967227183
"2_5_skewed_chisq2",1,108,0.566669276319869,1.31280581237916
"2_5_skewed_chisq2",1,109,0.636864920979729,1.66815777427667
"2_5_skewed_chisq2",1,110,0.566831040761963,1.30877723457524
"2_5_skewed_chisq2",1,111,0.602076910841714,1.47337911983915
"2_5_skewed_chisq2",1,112,0.598678084528903,1.44980608598226
"2_5_skewed_chisq2",1,113,0.634280665728321,1.65638656656973
"2_5_skewed_chisq2",1,114,0.564753278183271,1.30308208627153
"2_5_skewed_chisq2",2,1,0.112882135033713,0.633677844765252
"2_5_skewed_chisq2",2,2,0.704830058519393,0.530246663184677
"2_5_skewed_chisq2",2,3,1.08386197938597,0.410255346255091
"2_5_skewed_chisq2",2,4,1.47274428873238,0.277920224170779
"2_5_skewed_chisq2",2,5,0.110904597309607,0.633779823539884
"2_5_skewed_chisq2",2,6,0.702518289037794,0.530889734205784
"2_5_skewed_chisq2",2,7,1.08250543988632,0.410718656254314
"2_5_skewed_chisq2",2,8,1.47424365582192,0.277430721488924
"2_5_skewed_chisq2",2,9,0.113305950292627,0.633655756550413
"2_5_skewed_chisq2",2,10,0.705852289766587,0.529961849934553
"2_5_skewed_chisq2",2,11,1.08367708425773,0.410318501728127
"2_5_skewed_chisq2",2,12,1.47313736661785,0.277791866833489
"2_5_skewed_chisq2",2,13,0.115427856825607,0.633543933419511
"2_5_skewed_chisq2",2,14,0.708330565454381,0.529270196983892
"2_5_skewed_chisq2",2,15,1.08624186538997,0.40944225014767
"2_5_skewed_chisq2",2,16,1.47437742370303,0.277387064024211
"2_5_skewed_chisq2",2,17,0.111245086073308,0.633762392473931
"2_5_skewed_chisq2",2,18,0.702261657590833,0.530961033571876
"2_5_skewed_chisq2",2,19,1.08225328015162,0.410804765766225
"2_5_skewed_chisq2",2,20,1.4722477043792,0.278082409413605
"2_5_skewed_chisq2",2,21,0.113858454325586,0.633626838095703
"2_5_skewed_chisq2",2,22,0.705717235832801,0.529999494569712
"2_5_skewed_chisq2",2,23,1.08522954986817,0.409788153518616
"2_5_skewed_chisq2",2,24,1.47318929958423,0.277774909910309
"2_5_skewed_chisq2",2,25,0.096935017295555,0.634449227665284
"2_5_skewed_chisq2",2,26,0.699262496370817,0.531792968813161
"2_5_skewed_chisq2",2,27,1.08552318757692,0.409687825341128
"2_5_skewed_chisq2",2,28,1.47987728160939,0.275594107287246
"2_5_skewed_chisq2",2,29,0.0939687258202977,0.634579856575649
"2_5_skewed_chisq2",2,30,0.694976545926248,0.532977620264685
"2_5_skewed_chisq2",2,31,1.08179416594042,0.410961537486129
"2_5_skewed_chisq2",2,32,1.47750619255088,0.27636659908153
"2_5_skewed_chisq2",2,33,0.0923625412068053,0.634648904509488
"2_5_skewed_chisq2",2,34,0.694663830513826,0.53306386036897
"2_5_skewed_chisq2",2,35,1.08126781556719,0.411141251699201
"2_5_skewed_chisq2",2,36,1.48207627944018,0.274878343633763
"2_5_skewed_chisq2",2,37,0.0925538609609981,0.6346407420214
"2_5_skewed_chisq2",2,38,0.695423400164212,0.532854341339183
"2_5_skewed_chisq2",2,39,1.08171766907222,0.410987657247462
"2_5_skewed_chisq2",2,40,1.47994472114227,0.275572146545574
"2_5_skewed_chisq2",2,41,0.0930699377380781,0.634618640283446
"2_5_skewed_chisq2",2,42,0.69273797942211,0.533594379744132
"2_5_skewed_chisq2",2,43,1.08040470965841,0.411435907900005
"2_5_skewed_chisq2",2,44,1.47618587800702,0.276797071456614
"2_5_skewed_chisq2",2,45,0.0926822484845807,0.634635255061488
"2_5_skewed_chisq2",2,46,0.693254263254383,0.533452257083446
"2_5_skewed_chisq2",2,47,1.079295542172,0.41181449738926
"2_5_skewed_chisq2",2,48,1.47897124736189,0.275889202697518
"2_5_skewed_chisq2",2,49,0.502745953617153,1.07921348304051
"2_5_skewed_chisq2",2,50,0.531695291622274,1.1610942372365
"2_5_skewed_chisq2",2,51,0.560384049874205,1.2560883890917
"2_5_skewed_chisq2",2,52,0.503572651827498,1.08002605992585
"2_5_skewed_chisq2",2,53,0.531747948223341,1.15784204410243
"2_5_skewed_chisq2",2,54,0.138754261549322,0.614824787959618
"2_5_skewed_chisq2",2,55,0.14773959703387,0.618288836789258
"2_5_skewed_chisq2",2,56,0.160441990870963,0.62416799821453
"2_5_skewed_chisq2",2,57,0.173768155533654,0.629517245766591
"2_5_skewed_chisq2",2,58,0.147221252608554,0.619060441193177
"2_5_skewed_chisq2",2,59,0.160504214747917,0.624094719952134
"2_5_skewed_chisq2",2,60,0.566911072601182,1.29045846467131
"2_5_skewed_chisq2",2,61,0.597593244773195,1.42063009827343
"2_5_skewed_chisq2",2,62,0.534259825363574,1.17637343687953
"2_5_skewed_chisq2",2,63,0.566659569722554,1.28805426828879
"2_5_skewed_chisq2",2,64,0.144852374576511,0.6174438776533
"2_5_skewed_chisq2",2,65,0.15418064787525,0.621954933698034
"2_5_skewed_chisq2",2,66,0.167251166214029,0.627484077832176
"2_5_skewed_chisq2",2,67,0.180325348027361,0.633581217102008
"2_5_skewed_chisq2",2,68,0.154675931140306,0.622214829734143
"2_5_skewed_chisq2",2,69,0.168833783868028,0.627717012682186
"2_5_skewed_chisq2",2,70,0.634482588566927,1.61965669438467
"2_5_skewed_chisq2",2,71,0.567752923954972,1.291017882435
"2_5_skewed_chisq2",2,72,0.601280451342041,1.44254857992573
"2_5_skewed_chisq2",2,73,0.152615434892992,0.620365122259501
"2_5_skewed_chisq2",2,74,0.162230282025226,0.624587328905732
"2_5_skewed_chisq2",2,75,0.176899989132742,0.630391246542273
"2_5_skewed_chisq2",2,76,0.190465816363702,0.636039217618414
"2_5_skewed_chisq2",2,77,0.163145062151329,0.625516568917553
"2_5_skewed_chisq2",2,78,0.178224905476802,0.631126697563723
"2_5_skewed_chisq2",2,79,0.596615231721606,1.41472052338201
"2_5_skewed_chisq2",2,80,0.634385220961402,1.62080764131029
"2_5_skewed_chisq2",2,81,0.160836131087048,0.622389550332189
"2_5_skewed_chisq2",2,82,0.17289899567776,0.628084985616251
"2_5_skewed_chisq2",2,83,0.185653448355453,0.634049914762316
"2_5_skewed_chisq2",2,84,0.200436193203513,0.640143638345159
"2_5_skewed_chisq2",2,85,0.172071664960751,0.627879605798251
"2_5_skewed_chisq2",2,86,0.186689024365698,0.634870393859695
"2_5_skewed_chisq2",2,87,0.566593494642052,1.28664153771285
"2_5_skewed_chisq2",2,88,0.145649576264948,0.617778718428656
"2_5_skewed_chisq2",2,89,0.155992537674431,0.622460010520988
"2_5_skewed_chisq2",2,90,0.168676055142104,0.628194429441976
"2_5_skewed_chisq2",2,91,0.180688805345923,0.632643149486474
"2_5_skewed_chisq2",2,92,0.155594167578472,0.622269573569151
"2_5_skewed_chisq2",2,93,0.167501401976391,0.628350539173213
"2_5_skewed_chisq2",2,94,0.152676412955108,0.619833557230835
"2_5_skewed_chisq2",2,95,0.163378860260945,0.624295403227968
"2_5_skewed_chisq2",2,96,0.178336215689449,0.631137526037358
"2_5_skewed_chisq2",2,97,0.191799331457878,0.636065356128931
"2_5_skewed_chisq2",2,98,0.16291301915061,0.624494758787548
"2_5_skewed_chisq2",2,99,0.178451013660072,0.630524447898652
"2_5_skewed_chisq2",2,100,0.502335399968332,1.09344973078367
"2_5_skewed_chisq2",2,101,0.532074757984597,1.18090924410832
"2_5_skewed_chisq2",2,102,0.559529302947215,1.27765119429218
"2_5_skewed_chisq2",2,103,0.50358161662394,1.09875848221652
"2_5_skewed_chisq2",2,104,0.530380753703967,1.17601935364946
"2_5_skewed_chisq2",2,105,0.567963230897804,1.3174170341768
"2_5_skewed_chisq2",2,106,0.59752247880077,1.44969852084046
"2_5_skewed_chisq2",2,107,0.534793739015716,1.1968215929158
"2_5_skewed_chisq2",2,108,0.568306590374948,1.31867267846161
"2_5_skewed_chisq2",2,109,0.635055066848293,1.66222597323387
"2_5_skewed_chisq2",2,110,0.565688675706468,1.30794614447865
"2_5_skewed_chisq2",2,111,0.601466013628273,1.47286699908807
"2_5_skewed_chisq2",2,112,0.596853268738511,1.44474688853309
"2_5_skewed_chisq2",2,113,0.635412357415226,1.66700892926038
"2_5_skewed_chisq2",2,114,0.566616455692978,1.31189570686581
