"cell_id","arm","target","attempted","successful","failed","successes","rate","successful_rate","wilson_low","wilson_high","size_adjusted_power","matched_null_successful","finite_sample_followup","unavailable","df","spectrum_size","interpretation"
1,"policy_ij","loading",2000,2000,0,1914,0.957,0.957,0.947198891329547,0.965048927455387,,0,FALSE,FALSE,,,"development_control"
1,"policy_ij","threshold",2000,2000,0,1902,0.951,0.951,0.940644363302617,0.959626460049693,,0,FALSE,FALSE,,,"development_control"
1,"opg_ij","loading",2000,2000,0,1914,0.957,0.957,0.947198891329547,0.965048927455387,,0,FALSE,FALSE,,,"development_control"
1,"opg_ij","threshold",2000,2000,0,1902,0.951,0.951,0.940644363302617,0.959626460049693,,0,FALSE,FALSE,,,"development_control"
2,"policy_ij","loading",2000,2000,0,1912,0.956,0.956,0.946103473295914,0.964148179583583,,0,FALSE,FALSE,,,"development_control"
2,"policy_ij","threshold",2000,2000,0,1895,0.9475,0.9475,0.93683920970839,0.956445032974889,,0,FALSE,FALSE,,,"development_control"
2,"policy_ij","correlation",2000,2000,0,1897,0.9485,0.9485,0.937925128639055,0.957355279949661,,0,FALSE,FALSE,,,"development_control"
2,"opg_ij","loading",2000,2000,0,1912,0.956,0.956,0.946103473295914,0.964148179583583,,0,FALSE,FALSE,,,"development_control"
2,"opg_ij","threshold",2000,2000,0,1895,0.9475,0.9475,0.93683920970839,0.956445032974889,,0,FALSE,FALSE,,,"development_control"
2,"opg_ij","correlation",2000,2000,0,1897,0.9485,0.9485,0.937925128639055,0.957355279949661,,0,FALSE,FALSE,,,"development_control"
3,"policy_ij","loading",2000,2000,0,1906,0.953,0.953,0.942824557528353,0.961438597634831,,0,FALSE,FALSE,,,"pseudo_target_calibration"
3,"policy_ij","threshold",2000,2000,0,1888,0.944,0.944,0.933045995953012,0.953251666061235,,0,FALSE,FALSE,,,"pseudo_target_calibration"
3,"opg_ij","loading",2000,2000,0,1906,0.953,0.953,0.942824557528353,0.961438597634831,,0,FALSE,FALSE,,,"pseudo_target_calibration"
3,"opg_ij","threshold",2000,2000,0,1888,0.944,0.944,0.933045995953012,0.953251666061235,,0,FALSE,FALSE,,,"pseudo_target_calibration"
4,"policy_ij","loading",2000,2000,0,1899,0.9495,0.9495,0.939012047755832,0.958264526738322,,0,FALSE,FALSE,,,"pseudo_target_calibration"
4,"policy_ij","threshold",2000,2000,0,1893,0.9465,0.9465,0.935754264314357,0.955533812463484,,0,FALSE,FALSE,,,"pseudo_target_calibration"
4,"policy_ij","correlation",2000,2000,0,1894,0.947,0.947,0.936296616936357,0.955989542794203,,0,FALSE,FALSE,,,"pseudo_target_calibration"
4,"opg_ij","loading",2000,2000,0,1899,0.9495,0.9495,0.939012047755832,0.958264526738322,,0,FALSE,FALSE,,,"pseudo_target_calibration"
4,"opg_ij","threshold",2000,2000,0,1893,0.9465,0.9465,0.935754264314357,0.955533812463484,,0,FALSE,FALSE,,,"pseudo_target_calibration"
4,"opg_ij","correlation",2000,2000,0,1894,0.947,0.947,0.936296616936357,0.955989542794203,,0,FALSE,FALSE,,,"pseudo_target_calibration"
5,"policy_ij","loading",2000,2000,0,1909,0.9545,0.9545,0.944462675371542,0.962794728649799,,0,FALSE,FALSE,,,"pseudo_target_calibration"
5,"policy_ij","threshold",2000,2000,0,1908,0.954,0.954,0.943916344427933,0.962342976640689,,0,FALSE,FALSE,,,"pseudo_target_calibration"
5,"opg_ij","loading",2000,2000,0,1909,0.9545,0.9545,0.944462675371542,0.962794728649799,,0,FALSE,FALSE,,,"pseudo_target_calibration"
5,"opg_ij","threshold",2000,2000,0,1908,0.954,0.954,0.943916344427933,0.962342976640689,,0,FALSE,FALSE,,,"pseudo_target_calibration"
6,"policy_ij","loading",2000,2000,0,1904,0.952,0.952,0.941733908248488,0.960533081009259,,0,FALSE,FALSE,,,"pseudo_target_calibration"
6,"policy_ij","threshold",2000,2000,0,1880,0.94,0.94,0.928724195506814,0.949588802885683,,0,FALSE,FALSE,,,"pseudo_target_calibration"
6,"policy_ij","correlation",2000,2000,0,1894,0.947,0.947,0.936296616936357,0.955989542794203,,0,FALSE,FALSE,,,"pseudo_target_calibration"
6,"opg_ij","loading",2000,2000,0,1904,0.952,0.952,0.941733908248488,0.960533081009259,,0,FALSE,FALSE,,,"pseudo_target_calibration"
6,"opg_ij","threshold",2000,2000,0,1880,0.94,0.94,0.928724195506814,0.949588802885683,,0,FALSE,FALSE,,,"pseudo_target_calibration"
6,"opg_ij","correlation",2000,2000,0,1894,0.947,0.947,0.936296616936357,0.955989542794203,,0,FALSE,FALSE,,,"pseudo_target_calibration"
7,"policy_ij","loading",2000,2000,0,1892,0.946,0.946,0.935212148700943,0.95507784512418,,0,FALSE,FALSE,,,"development_control"
7,"policy_ij","threshold",2000,2000,0,1900,0.95,0.95,0.939555891065604,0.958718766381268,,0,FALSE,FALSE,,,"development_control"
7,"opg_ij","loading",2000,2000,0,1892,0.946,0.946,0.935212148700943,0.95507784512418,,0,FALSE,FALSE,,,"development_control"
7,"opg_ij","threshold",2000,2000,0,1900,0.95,0.95,0.939555891065604,0.958718766381268,,0,FALSE,FALSE,,,"development_control"
8,"policy_ij","loading",2000,2000,0,1905,0.9525,0.9525,0.942279092806644,0.960985979403822,,0,FALSE,FALSE,,,"development_control"
8,"policy_ij","threshold",2000,2000,0,1908,0.954,0.954,0.943916344427933,0.962342976640689,,0,FALSE,FALSE,,,"development_control"
8,"policy_ij","correlation",2000,2000,0,1914,0.957,0.957,0.947198891329547,0.965048927455387,,0,FALSE,FALSE,,,"development_control"
8,"opg_ij","loading",2000,2000,0,1905,0.9525,0.9525,0.942279092806644,0.960985979403822,,0,FALSE,FALSE,,,"development_control"
8,"opg_ij","threshold",2000,2000,0,1908,0.954,0.954,0.943916344427933,0.962342976640689,,0,FALSE,FALSE,,,"development_control"
8,"opg_ij","correlation",2000,2000,0,1914,0.957,0.957,0.947198891329547,0.965048927455387,,0,FALSE,FALSE,,,"development_control"
9,"policy_ij","loading",2000,2000,0,1899,0.9495,0.9495,0.939012047755832,0.958264526738322,,0,FALSE,FALSE,,,"pseudo_target_calibration"
9,"policy_ij","threshold",2000,2000,0,1882,0.941,0.941,0.929803385148102,0.950505779149833,,0,FALSE,FALSE,,,"pseudo_target_calibration"
9,"opg_ij","loading",2000,2000,0,1899,0.9495,0.9495,0.939012047755832,0.958264526738322,,0,FALSE,FALSE,,,"pseudo_target_calibration"
9,"opg_ij","threshold",2000,2000,0,1882,0.941,0.941,0.929803385148102,0.950505779149833,,0,FALSE,FALSE,,,"pseudo_target_calibration"
10,"policy_ij","loading",2000,2000,0,1894,0.947,0.947,0.936296616936357,0.955989542794203,,0,FALSE,FALSE,,,"pseudo_target_calibration"
10,"policy_ij","threshold",2000,2000,0,1902,0.951,0.951,0.940644363302617,0.959626460049693,,0,FALSE,FALSE,,,"pseudo_target_calibration"
10,"policy_ij","correlation",2000,2000,0,1893,0.9465,0.9465,0.935754264314357,0.955533812463484,,0,FALSE,FALSE,,,"pseudo_target_calibration"
10,"opg_ij","loading",2000,2000,0,1894,0.947,0.947,0.936296616936357,0.955989542794203,,0,FALSE,FALSE,,,"pseudo_target_calibration"
10,"opg_ij","threshold",2000,2000,0,1902,0.951,0.951,0.940644363302617,0.959626460049693,,0,FALSE,FALSE,,,"pseudo_target_calibration"
10,"opg_ij","correlation",2000,2000,0,1893,0.9465,0.9465,0.935754264314357,0.955533812463484,,0,FALSE,FALSE,,,"pseudo_target_calibration"
11,"policy_ij","loading",2000,2000,0,1903,0.9515,0.9515,0.941188999747906,0.960079906557123,,0,FALSE,FALSE,,,"pseudo_target_calibration"
11,"policy_ij","threshold",2000,2000,0,1895,0.9475,0.9475,0.93683920970839,0.956445032974889,,0,FALSE,FALSE,,,"pseudo_target_calibration"
11,"opg_ij","loading",2000,2000,0,1903,0.9515,0.9515,0.941188999747906,0.960079906557123,,0,FALSE,FALSE,,,"pseudo_target_calibration"
11,"opg_ij","threshold",2000,2000,0,1895,0.9475,0.9475,0.93683920970839,0.956445032974889,,0,FALSE,FALSE,,,"pseudo_target_calibration"
12,"policy_ij","loading",2000,2000,0,1904,0.952,0.952,0.941733908248488,0.960533081009259,,0,FALSE,FALSE,,,"pseudo_target_calibration"
12,"policy_ij","threshold",2000,2000,0,1894,0.947,0.947,0.936296616936357,0.955989542794203,,0,FALSE,FALSE,,,"pseudo_target_calibration"
12,"policy_ij","correlation",2000,2000,0,1904,0.952,0.952,0.941733908248488,0.960533081009259,,0,FALSE,FALSE,,,"pseudo_target_calibration"
12,"opg_ij","loading",2000,2000,0,1904,0.952,0.952,0.941733908248488,0.960533081009259,,0,FALSE,FALSE,,,"pseudo_target_calibration"
12,"opg_ij","threshold",2000,2000,0,1894,0.947,0.947,0.936296616936357,0.955989542794203,,0,FALSE,FALSE,,,"pseudo_target_calibration"
12,"opg_ij","correlation",2000,2000,0,1904,0.952,0.952,0.941733908248488,0.960533081009259,,0,FALSE,FALSE,,,"pseudo_target_calibration"
13,"policy_ij","loading",2000,2000,0,1921,0.9605,0.9605,0.951043307325573,0.968191092128393,,0,FALSE,FALSE,,,"development_control"
13,"policy_ij","threshold",2000,2000,0,1901,0.9505,0.9505,0.940099995010399,0.959172745389192,,0,FALSE,FALSE,,,"development_control"
13,"opg_ij","loading",2000,2000,0,1921,0.9605,0.9605,0.951043307325573,0.968191092128393,,0,FALSE,FALSE,,,"development_control"
13,"opg_ij","threshold",2000,2000,0,1901,0.9505,0.9505,0.940099995010399,0.959172745389192,,0,FALSE,FALSE,,,"development_control"
14,"policy_ij","loading",2000,2000,0,1912,0.956,0.956,0.946103473295914,0.964148179583583,,0,FALSE,FALSE,,,"development_control"
14,"policy_ij","threshold",2000,2000,0,1893,0.9465,0.9465,0.935754264314357,0.955533812463484,,0,FALSE,FALSE,,,"development_control"
14,"policy_ij","correlation",2000,2000,0,1897,0.9485,0.9485,0.937925128639055,0.957355279949661,,0,FALSE,FALSE,,,"development_control"
14,"opg_ij","loading",2000,2000,0,1912,0.956,0.956,0.946103473295914,0.964148179583583,,0,FALSE,FALSE,,,"development_control"
14,"opg_ij","threshold",2000,2000,0,1893,0.9465,0.9465,0.935754264314357,0.955533812463484,,0,FALSE,FALSE,,,"development_control"
14,"opg_ij","correlation",2000,2000,0,1897,0.9485,0.9485,0.937925128639055,0.957355279949661,,0,FALSE,FALSE,,,"development_control"
15,"policy_ij","loading",2000,2000,0,1910,0.955,0.955,0.945009304018773,0.963246182955287,,0,FALSE,FALSE,,,"pseudo_target_calibration"
15,"policy_ij","threshold",2000,2000,0,1893,0.9465,0.9465,0.935754264314357,0.955533812463484,,0,FALSE,FALSE,,,"pseudo_target_calibration"
15,"opg_ij","loading",2000,2000,0,1910,0.955,0.955,0.945009304018773,0.963246182955287,,0,FALSE,FALSE,,,"pseudo_target_calibration"
15,"opg_ij","threshold",2000,2000,0,1893,0.9465,0.9465,0.935754264314357,0.955533812463484,,0,FALSE,FALSE,,,"pseudo_target_calibration"
16,"policy_ij","loading",2000,2000,0,1913,0.9565,0.9565,0.94665102369076,0.964598712141456,,0,FALSE,FALSE,,,"pseudo_target_calibration"
16,"policy_ij","threshold",2000,2000,0,1886,0.943,0.943,0.931964264987039,0.95233723112177,,0,FALSE,FALSE,,,"pseudo_target_calibration"
16,"policy_ij","correlation",2000,2000,0,1900,0.95,0.95,0.939555891065604,0.958718766381268,,0,FALSE,FALSE,,,"pseudo_target_calibration"
16,"opg_ij","loading",2000,2000,0,1913,0.9565,0.9565,0.94665102369076,0.964598712141456,,0,FALSE,FALSE,,,"pseudo_target_calibration"
16,"opg_ij","threshold",2000,2000,0,1886,0.943,0.943,0.931964264987039,0.95233723112177,,0,FALSE,FALSE,,,"pseudo_target_calibration"
16,"opg_ij","correlation",2000,2000,0,1900,0.95,0.95,0.939555891065604,0.958718766381268,,0,FALSE,FALSE,,,"pseudo_target_calibration"
17,"policy_ij","loading",2000,2000,0,1892,0.946,0.946,0.935212148700943,0.95507784512418,,0,FALSE,FALSE,,,"pseudo_target_calibration"
17,"policy_ij","threshold",2000,2000,0,1899,0.9495,0.9495,0.939012047755832,0.958264526738322,,0,FALSE,FALSE,,,"pseudo_target_calibration"
17,"opg_ij","loading",2000,2000,0,1892,0.946,0.946,0.935212148700943,0.95507784512418,,0,FALSE,FALSE,,,"pseudo_target_calibration"
17,"opg_ij","threshold",2000,2000,0,1899,0.9495,0.9495,0.939012047755832,0.958264526738322,,0,FALSE,FALSE,,,"pseudo_target_calibration"
18,"policy_ij","loading",2000,2000,0,1899,0.9495,0.9495,0.939012047755832,0.958264526738322,,0,FALSE,FALSE,,,"pseudo_target_calibration"
18,"policy_ij","threshold",2000,2000,0,1891,0.9455,0.9455,0.934670267025967,0.954621643846437,,0,FALSE,FALSE,,,"pseudo_target_calibration"
18,"policy_ij","correlation",2000,2000,0,1910,0.955,0.955,0.945009304018773,0.963246182955287,,0,FALSE,FALSE,,,"pseudo_target_calibration"
18,"opg_ij","loading",2000,2000,0,1899,0.9495,0.9495,0.939012047755832,0.958264526738322,,0,FALSE,FALSE,,,"pseudo_target_calibration"
18,"opg_ij","threshold",2000,2000,0,1891,0.9455,0.9455,0.934670267025967,0.954621643846437,,0,FALSE,FALSE,,,"pseudo_target_calibration"
18,"opg_ij","correlation",2000,2000,0,1910,0.955,0.955,0.945009304018773,0.963246182955287,,0,FALSE,FALSE,,,"pseudo_target_calibration"
19,"policy_ij","loading",2000,2000,0,1890,0.945,0.945,0.93412861628833,0.954165211631355,,0,FALSE,FALSE,,,"development_control"
19,"policy_ij","threshold",2000,2000,0,1904,0.952,0.952,0.941733908248488,0.960533081009259,,0,FALSE,FALSE,,,"development_control"
19,"opg_ij","loading",2000,2000,0,1888,0.944,0.944,0.933045995953012,0.953251666061235,,0,FALSE,FALSE,,,"development_control"
19,"opg_ij","threshold",2000,2000,0,1904,0.952,0.952,0.941733908248488,0.960533081009259,,0,FALSE,FALSE,,,"development_control"
20,"policy_ij","loading",2000,2000,0,1912,0.956,0.956,0.946103473295914,0.964148179583583,,0,FALSE,FALSE,,,"development_control"
20,"policy_ij","threshold",2000,2000,0,1901,0.9505,0.9505,0.940099995010399,0.959172745389192,,0,FALSE,FALSE,,,"development_control"
20,"policy_ij","correlation",2000,2000,0,1886,0.943,0.943,0.931964264987039,0.95233723112177,,0,FALSE,FALSE,,,"development_control"
20,"opg_ij","loading",2000,2000,0,1910,0.955,0.955,0.945009304018773,0.963246182955287,,0,FALSE,FALSE,,,"development_control"
20,"opg_ij","threshold",2000,2000,0,1901,0.9505,0.9505,0.940099995010399,0.959172745389192,,0,FALSE,FALSE,,,"development_control"
20,"opg_ij","correlation",2000,2000,0,1882,0.941,0.941,0.929803385148102,0.950505779149833,,0,FALSE,FALSE,,,"development_control"
21,"policy_ij","loading",2000,2000,0,1907,0.9535,0.9535,0.943370306627112,0.961890931488792,,0,FALSE,FALSE,,,"development_control"
21,"policy_ij","threshold",2000,2000,0,1881,0.9405,0.9405,0.929263688183628,0.950047393161588,,0,FALSE,FALSE,,,"development_control"
21,"opg_ij","loading",2000,2000,0,1895,0.9475,0.9475,0.93683920970839,0.956445032974889,,0,FALSE,FALSE,,,"development_control"
21,"opg_ij","threshold",2000,2000,0,1881,0.9405,0.9405,0.929263688183628,0.950047393161588,,0,FALSE,FALSE,,,"development_control"
22,"policy_ij","loading",2000,2000,0,1906,0.953,0.953,0.942824557528353,0.961438597634831,,0,FALSE,FALSE,,,"development_control"
22,"policy_ij","threshold",2000,2000,0,1899,0.9495,0.9495,0.939012047755832,0.958264526738322,,0,FALSE,FALSE,,,"development_control"
22,"policy_ij","correlation",2000,2000,0,1879,0.9395,0.9395,0.928184904750419,0.94913001068936,,0,FALSE,FALSE,,,"development_control"
22,"opg_ij","loading",2000,2000,0,1907,0.9535,0.9535,0.943370306627112,0.961890931488792,,0,FALSE,FALSE,,,"development_control"
22,"opg_ij","threshold",2000,2000,0,1899,0.9495,0.9495,0.939012047755832,0.958264526738322,,0,FALSE,FALSE,,,"development_control"
22,"opg_ij","correlation",2000,2000,0,1866,0.933,0.933,0.921191504349848,0.943148332704587,,0,FALSE,FALSE,,,"development_control"
23,"policy_ij","loading",2000,2000,0,1908,0.954,0.954,0.943916344427933,0.962342976640689,,0,FALSE,FALSE,,,"pseudo_target_calibration"
23,"policy_ij","threshold",2000,2000,0,1894,0.947,0.947,0.936296616936357,0.955989542794203,,0,FALSE,FALSE,,,"pseudo_target_calibration"
23,"opg_ij","loading",2000,2000,0,1877,0.9385,0.9385,0.92710691976847,0.948211829765871,,0,FALSE,FALSE,,,"pseudo_target_calibration"
23,"opg_ij","threshold",2000,2000,0,1894,0.947,0.947,0.936296616936357,0.955989542794203,,0,FALSE,FALSE,,,"pseudo_target_calibration"
24,"policy_ij","loading",2000,2000,0,1913,0.9565,0.9565,0.94665102369076,0.964598712141456,,0,FALSE,FALSE,,,"pseudo_target_calibration"
24,"policy_ij","threshold",2000,2000,0,1888,0.944,0.944,0.933045995953012,0.953251666061235,,0,FALSE,FALSE,,,"pseudo_target_calibration"
24,"policy_ij","correlation",2000,2000,0,1902,0.951,0.951,0.940644363302617,0.959626460049693,,0,FALSE,FALSE,,,"pseudo_target_calibration"
24,"opg_ij","loading",2000,2000,0,1890,0.945,0.945,0.93412861628833,0.954165211631355,,0,FALSE,FALSE,,,"pseudo_target_calibration"
24,"opg_ij","threshold",2000,2000,0,1888,0.944,0.944,0.933045995953012,0.953251666061235,,0,FALSE,FALSE,,,"pseudo_target_calibration"
24,"opg_ij","correlation",2000,2000,0,1894,0.947,0.947,0.936296616936357,0.955989542794203,,0,FALSE,FALSE,,,"pseudo_target_calibration"
25,"policy_ij","loading",2000,2000,0,1910,0.955,0.955,0.945009304018773,0.963246182955287,,0,FALSE,FALSE,,,"pseudo_target_calibration"
25,"policy_ij","threshold",2000,2000,0,1881,0.9405,0.9405,0.929263688183628,0.950047393161588,,0,FALSE,FALSE,,,"pseudo_target_calibration"
25,"opg_ij","loading",2000,2000,0,1885,0.9425,0.9425,0.931423726189517,0.951879686966574,,0,FALSE,FALSE,,,"pseudo_target_calibration"
25,"opg_ij","threshold",2000,2000,0,1881,0.9405,0.9405,0.929263688183628,0.950047393161588,,0,FALSE,FALSE,,,"pseudo_target_calibration"
26,"policy_ij","loading",2000,2000,0,1917,0.9585,0.9585,0.948844450828448,0.966397616814643,,0,FALSE,FALSE,,,"pseudo_target_calibration"
26,"policy_ij","threshold",2000,2000,0,1889,0.9445,0.9445,0.933587193553815,0.953708551413151,,0,FALSE,FALSE,,,"pseudo_target_calibration"
26,"policy_ij","correlation",2000,2000,0,1881,0.9405,0.9405,0.929263688183628,0.950047393161588,,0,FALSE,FALSE,,,"pseudo_target_calibration"
26,"opg_ij","loading",2000,2000,0,1899,0.9495,0.9495,0.939012047755832,0.958264526738322,,0,FALSE,FALSE,,,"pseudo_target_calibration"
26,"opg_ij","threshold",2000,2000,0,1889,0.9445,0.9445,0.933587193553815,0.953708551413151,,0,FALSE,FALSE,,,"pseudo_target_calibration"
26,"opg_ij","correlation",2000,2000,0,1866,0.933,0.933,0.921191504349848,0.943148332704587,,0,FALSE,FALSE,,,"pseudo_target_calibration"
27,"policy_ij","loading",2000,2000,0,1906,0.953,0.953,0.942824557528353,0.961438597634831,,0,FALSE,FALSE,,,"pseudo_target_calibration"
27,"policy_ij","threshold",2000,2000,0,1891,0.9455,0.9455,0.934670267025967,0.954621643846437,,0,FALSE,FALSE,,,"pseudo_target_calibration"
27,"opg_ij","loading",2000,2000,0,1807,0.9035,0.9035,0.889774970136178,0.915677972707851,,0,FALSE,FALSE,,,"pseudo_target_calibration"
27,"opg_ij","threshold",2000,2000,0,1891,0.9455,0.9455,0.934670267025967,0.954621643846437,,0,FALSE,FALSE,,,"pseudo_target_calibration"
28,"policy_ij","loading",2000,2000,0,1900,0.95,0.95,0.939555891065604,0.958718766381268,,0,FALSE,FALSE,,,"pseudo_target_calibration"
28,"policy_ij","threshold",2000,2000,0,1901,0.9505,0.9505,0.940099995010399,0.959172745389192,,0,FALSE,FALSE,,,"pseudo_target_calibration"
28,"policy_ij","correlation",2000,2000,0,1888,0.944,0.944,0.933045995953012,0.953251666061235,,0,FALSE,FALSE,,,"pseudo_target_calibration"
28,"opg_ij","loading",2000,2000,0,1811,0.9055,0.9055,0.891891209140392,0.917554065514511,,0,FALSE,FALSE,,,"pseudo_target_calibration"
28,"opg_ij","threshold",2000,2000,0,1901,0.9505,0.9505,0.940099995010399,0.959172745389192,,0,FALSE,FALSE,,,"pseudo_target_calibration"
28,"opg_ij","correlation",2000,2000,0,1881,0.9405,0.9405,0.929263688183628,0.950047393161588,,0,FALSE,FALSE,,,"pseudo_target_calibration"
29,"policy_ij","loading",2000,2000,0,1908,0.954,0.954,0.943916344427933,0.962342976640689,,0,FALSE,FALSE,,,"pseudo_target_calibration"
29,"policy_ij","threshold",2000,2000,0,1919,0.9595,0.9595,0.949943176862932,0.967295056685597,,0,FALSE,FALSE,,,"pseudo_target_calibration"
29,"opg_ij","loading",2000,2000,0,1821,0.9105,0.9105,0.897189514623585,0.922236589558506,,0,FALSE,FALSE,,,"pseudo_target_calibration"
29,"opg_ij","threshold",2000,2000,0,1919,0.9595,0.9595,0.949943176862932,0.967295056685597,,0,FALSE,FALSE,,,"pseudo_target_calibration"
30,"policy_ij","loading",2000,2000,0,1903,0.9515,0.9515,0.941188999747906,0.960079906557123,,0,FALSE,FALSE,,,"pseudo_target_calibration"
30,"policy_ij","threshold",2000,2000,0,1902,0.951,0.951,0.940644363302617,0.959626460049693,,0,FALSE,FALSE,,,"pseudo_target_calibration"
30,"policy_ij","correlation",2000,2000,0,1885,0.9425,0.9425,0.931423726189517,0.951879686966574,,0,FALSE,FALSE,,,"pseudo_target_calibration"
30,"opg_ij","loading",2000,2000,0,1836,0.918,0.918,0.905159165354304,0.929238183118569,,0,FALSE,FALSE,,,"pseudo_target_calibration"
30,"opg_ij","threshold",2000,2000,0,1902,0.951,0.951,0.940644363302617,0.959626460049693,,0,FALSE,FALSE,,,"pseudo_target_calibration"
30,"opg_ij","correlation",2000,2000,0,1868,0.934,0.934,0.922265401599956,0.944070601359916,,0,FALSE,FALSE,,,"pseudo_target_calibration"
31,"policy_ij","loading",2000,2000,0,1879,0.9395,0.9395,0.928184904750419,0.94913001068936,,0,FALSE,FALSE,,,"development_control"
31,"policy_ij","threshold",2000,2000,0,1892,0.946,0.946,0.935212148700943,0.95507784512418,,0,FALSE,FALSE,,,"development_control"
31,"opg_ij","loading",2000,2000,0,1878,0.939,0.939,0.927645813595183,0.948671018891877,,0,FALSE,FALSE,,,"development_control"
31,"opg_ij","threshold",2000,2000,0,1892,0.946,0.946,0.935212148700943,0.95507784512418,,0,FALSE,FALSE,,,"development_control"
32,"policy_ij","loading",2000,2000,0,1907,0.9535,0.9535,0.943370306627112,0.961890931488792,,0,FALSE,FALSE,,,"development_control"
32,"policy_ij","threshold",2000,2000,0,1901,0.9505,0.9505,0.940099995010399,0.959172745389192,,0,FALSE,FALSE,,,"development_control"
32,"policy_ij","correlation",2000,2000,0,1887,0.9435,0.9435,0.932505020679321,0.952794558382207,,0,FALSE,FALSE,,,"development_control"
32,"opg_ij","loading",2000,2000,0,1904,0.952,0.952,0.941733908248488,0.960533081009259,,0,FALSE,FALSE,,,"development_control"
32,"opg_ij","threshold",2000,2000,0,1901,0.9505,0.9505,0.940099995010399,0.959172745389192,,0,FALSE,FALSE,,,"development_control"
32,"opg_ij","correlation",2000,2000,0,1888,0.944,0.944,0.933045995953012,0.953251666061235,,0,FALSE,FALSE,,,"development_control"
33,"policy_ij","loading",2000,2000,0,1904,0.952,0.952,0.941733908248488,0.960533081009259,,0,FALSE,FALSE,,,"development_control"
33,"policy_ij","threshold",2000,2000,0,1905,0.9525,0.9525,0.942279092806644,0.960985979403822,,0,FALSE,FALSE,,,"development_control"
33,"opg_ij","loading",2000,2000,0,1903,0.9515,0.9515,0.941188999747906,0.960079906557123,,0,FALSE,FALSE,,,"development_control"
33,"opg_ij","threshold",2000,2000,0,1905,0.9525,0.9525,0.942279092806644,0.960985979403822,,0,FALSE,FALSE,,,"development_control"
34,"policy_ij","loading",2000,2000,0,1913,0.9565,0.9565,0.94665102369076,0.964598712141456,,0,FALSE,FALSE,,,"development_control"
34,"policy_ij","threshold",2000,2000,0,1913,0.9565,0.9565,0.94665102369076,0.964598712141456,,0,FALSE,FALSE,,,"development_control"
34,"policy_ij","correlation",2000,2000,0,1896,0.948,0.948,0.937382045845555,0.956900279790442,,0,FALSE,FALSE,,,"development_control"
34,"opg_ij","loading",2000,2000,0,1912,0.956,0.956,0.946103473295914,0.964148179583583,,0,FALSE,FALSE,,,"development_control"
34,"opg_ij","threshold",2000,2000,0,1913,0.9565,0.9565,0.94665102369076,0.964598712141456,,0,FALSE,FALSE,,,"development_control"
34,"opg_ij","correlation",2000,2000,0,1893,0.9465,0.9465,0.935754264314357,0.955533812463484,,0,FALSE,FALSE,,,"development_control"
35,"policy_ij","loading",2000,2000,0,1906,0.953,0.953,0.942824557528353,0.961438597634831,,0,FALSE,FALSE,,,"pseudo_target_calibration"
35,"policy_ij","threshold",2000,2000,0,1902,0.951,0.951,0.940644363302617,0.959626460049693,,0,FALSE,FALSE,,,"pseudo_target_calibration"
35,"opg_ij","loading",2000,2000,0,1878,0.939,0.939,0.927645813595183,0.948671018891877,,0,FALSE,FALSE,,,"pseudo_target_calibration"
35,"opg_ij","threshold",2000,2000,0,1902,0.951,0.951,0.940644363302617,0.959626460049693,,0,FALSE,FALSE,,,"pseudo_target_calibration"
36,"policy_ij","loading",2000,2000,0,1900,0.95,0.95,0.939555891065604,0.958718766381268,,0,FALSE,FALSE,,,"pseudo_target_calibration"
36,"policy_ij","threshold",2000,2000,0,1897,0.9485,0.9485,0.937925128639055,0.957355279949661,,0,FALSE,FALSE,,,"pseudo_target_calibration"
36,"policy_ij","correlation",2000,2000,0,1876,0.938,0.938,0.926568221042961,0.947752445538662,,0,FALSE,FALSE,,,"pseudo_target_calibration"
36,"opg_ij","loading",2000,2000,0,1883,0.9415,0.9415,0.930343288816862,0.950963958433791,,0,FALSE,FALSE,,,"pseudo_target_calibration"
36,"opg_ij","threshold",2000,2000,0,1897,0.9485,0.9485,0.937925128639055,0.957355279949661,,0,FALSE,FALSE,,,"pseudo_target_calibration"
36,"opg_ij","correlation",2000,2000,0,1877,0.9385,0.9385,0.92710691976847,0.948211829765871,,0,FALSE,FALSE,,,"pseudo_target_calibration"
37,"policy_ij","loading",2000,2000,0,1913,0.9565,0.9565,0.94665102369076,0.964598712141456,,0,FALSE,FALSE,,,"pseudo_target_calibration"
37,"policy_ij","threshold",2000,2000,0,1902,0.951,0.951,0.940644363302617,0.959626460049693,,0,FALSE,FALSE,,,"pseudo_target_calibration"
37,"opg_ij","loading",2000,2000,0,1892,0.946,0.946,0.935212148700943,0.95507784512418,,0,FALSE,FALSE,,,"pseudo_target_calibration"
37,"opg_ij","threshold",2000,2000,0,1902,0.951,0.951,0.940644363302617,0.959626460049693,,0,FALSE,FALSE,,,"pseudo_target_calibration"
38,"policy_ij","loading",2000,2000,0,1901,0.9505,0.9505,0.940099995010399,0.959172745389192,,0,FALSE,FALSE,,,"pseudo_target_calibration"
38,"policy_ij","threshold",2000,2000,0,1905,0.9525,0.9525,0.942279092806644,0.960985979403822,,0,FALSE,FALSE,,,"pseudo_target_calibration"
38,"policy_ij","correlation",2000,2000,0,1899,0.9495,0.9495,0.939012047755832,0.958264526738322,,0,FALSE,FALSE,,,"pseudo_target_calibration"
38,"opg_ij","loading",2000,2000,0,1878,0.939,0.939,0.927645813595183,0.948671018891877,,0,FALSE,FALSE,,,"pseudo_target_calibration"
38,"opg_ij","threshold",2000,2000,0,1905,0.9525,0.9525,0.942279092806644,0.960985979403822,,0,FALSE,FALSE,,,"pseudo_target_calibration"
38,"opg_ij","correlation",2000,2000,0,1893,0.9465,0.9465,0.935754264314357,0.955533812463484,,0,FALSE,FALSE,,,"pseudo_target_calibration"
39,"policy_ij","loading",2000,2000,0,1892,0.946,0.946,0.935212148700943,0.95507784512418,,0,FALSE,FALSE,,,"pseudo_target_calibration"
39,"policy_ij","threshold",2000,2000,0,1903,0.9515,0.9515,0.941188999747906,0.960079906557123,,0,FALSE,FALSE,,,"pseudo_target_calibration"
39,"opg_ij","loading",2000,2000,0,1805,0.9025,0.9025,0.88871748674962,0.914739290188971,,0,FALSE,FALSE,,,"pseudo_target_calibration"
39,"opg_ij","threshold",2000,2000,0,1903,0.9515,0.9515,0.941188999747906,0.960079906557123,,0,FALSE,FALSE,,,"pseudo_target_calibration"
40,"policy_ij","loading",2000,2000,0,1875,0.9375,0.9375,0.926029715235392,0.947292868393512,,0,FALSE,FALSE,,,"pseudo_target_calibration"
40,"policy_ij","threshold",2000,2000,0,1902,0.951,0.951,0.940644363302617,0.959626460049693,,0,FALSE,FALSE,,,"pseudo_target_calibration"
40,"policy_ij","correlation",2000,2000,0,1897,0.9485,0.9485,0.937925128639055,0.957355279949661,,0,FALSE,FALSE,,,"pseudo_target_calibration"
40,"opg_ij","loading",2000,2000,0,1781,0.8905,0.8905,0.876058649939734,0.903444136133607,,0,FALSE,FALSE,,,"pseudo_target_calibration"
40,"opg_ij","threshold",2000,2000,0,1902,0.951,0.951,0.940644363302617,0.959626460049693,,0,FALSE,FALSE,,,"pseudo_target_calibration"
40,"opg_ij","correlation",2000,2000,0,1889,0.9445,0.9445,0.933587193553815,0.953708551413151,,0,FALSE,FALSE,,,"pseudo_target_calibration"
41,"policy_ij","loading",2000,2000,0,1897,0.9485,0.9485,0.937925128639055,0.957355279949661,,0,FALSE,FALSE,,,"pseudo_target_calibration"
41,"policy_ij","threshold",2000,2000,0,1907,0.9535,0.9535,0.943370306627112,0.961890931488792,,0,FALSE,FALSE,,,"pseudo_target_calibration"
41,"opg_ij","loading",2000,2000,0,1819,0.9095,0.9095,0.896128946894906,0.921300991381748,,0,FALSE,FALSE,,,"pseudo_target_calibration"
41,"opg_ij","threshold",2000,2000,0,1907,0.9535,0.9535,0.943370306627112,0.961890931488792,,0,FALSE,FALSE,,,"pseudo_target_calibration"
42,"policy_ij","loading",2000,2000,0,1900,0.95,0.95,0.939555891065604,0.958718766381268,,0,FALSE,FALSE,,,"pseudo_target_calibration"
42,"policy_ij","threshold",2000,2000,0,1905,0.9525,0.9525,0.942279092806644,0.960985979403822,,0,FALSE,FALSE,,,"pseudo_target_calibration"
42,"policy_ij","correlation",2000,2000,0,1907,0.9535,0.9535,0.943370306627112,0.961890931488792,,0,FALSE,FALSE,,,"pseudo_target_calibration"
42,"opg_ij","loading",2000,2000,0,1842,0.921,0.921,0.908355110109589,0.932030736079596,,0,FALSE,FALSE,,,"pseudo_target_calibration"
42,"opg_ij","threshold",2000,2000,0,1905,0.9525,0.9525,0.942279092806644,0.960985979403822,,0,FALSE,FALSE,,,"pseudo_target_calibration"
42,"opg_ij","correlation",2000,2000,0,1897,0.9485,0.9485,0.937925128639055,0.957355279949661,,0,FALSE,FALSE,,,"pseudo_target_calibration"
43,"policy_ij","loading",2000,2000,0,1902,0.951,0.951,0.940644363302617,0.959626460049693,,0,FALSE,FALSE,,,"development_control"
43,"policy_ij","threshold",2000,2000,0,1886,0.943,0.943,0.931964264987039,0.95233723112177,,0,FALSE,FALSE,,,"development_control"
43,"opg_ij","loading",2000,2000,0,1901,0.9505,0.9505,0.940099995010399,0.959172745389192,,0,FALSE,FALSE,,,"development_control"
43,"opg_ij","threshold",2000,2000,0,1886,0.943,0.943,0.931964264987039,0.95233723112177,,0,FALSE,FALSE,,,"development_control"
44,"policy_ij","loading",2000,2000,0,1892,0.946,0.946,0.935212148700943,0.95507784512418,,0,FALSE,FALSE,,,"development_control"
44,"policy_ij","threshold",2000,2000,0,1900,0.95,0.95,0.939555891065604,0.958718766381268,,0,FALSE,FALSE,,,"development_control"
44,"policy_ij","correlation",2000,2000,0,1902,0.951,0.951,0.940644363302617,0.959626460049693,,0,FALSE,FALSE,,,"development_control"
44,"opg_ij","loading",2000,2000,0,1895,0.9475,0.9475,0.93683920970839,0.956445032974889,,0,FALSE,FALSE,,,"development_control"
44,"opg_ij","threshold",2000,2000,0,1900,0.95,0.95,0.939555891065604,0.958718766381268,,0,FALSE,FALSE,,,"development_control"
44,"opg_ij","correlation",2000,2000,0,1902,0.951,0.951,0.940644363302617,0.959626460049693,,0,FALSE,FALSE,,,"development_control"
45,"policy_ij","loading",2000,2000,0,1884,0.942,0.942,0.930883401657386,0.951421928545986,,0,FALSE,FALSE,,,"development_control"
45,"policy_ij","threshold",2000,2000,0,1894,0.947,0.947,0.936296616936357,0.955989542794203,,0,FALSE,FALSE,,,"development_control"
45,"opg_ij","loading",2000,2000,0,1885,0.9425,0.9425,0.931423726189517,0.951879686966574,,0,FALSE,FALSE,,,"development_control"
45,"opg_ij","threshold",2000,2000,0,1894,0.947,0.947,0.936296616936357,0.955989542794203,,0,FALSE,FALSE,,,"development_control"
46,"policy_ij","loading",2000,2000,0,1894,0.947,0.947,0.936296616936357,0.955989542794203,,0,FALSE,FALSE,,,"development_control"
46,"policy_ij","threshold",2000,2000,0,1909,0.9545,0.9545,0.944462675371542,0.962794728649799,,0,FALSE,FALSE,,,"development_control"
46,"policy_ij","correlation",2000,2000,0,1912,0.956,0.956,0.946103473295914,0.964148179583583,,0,FALSE,FALSE,,,"development_control"
46,"opg_ij","loading",2000,2000,0,1892,0.946,0.946,0.935212148700943,0.95507784512418,,0,FALSE,FALSE,,,"development_control"
46,"opg_ij","threshold",2000,2000,0,1909,0.9545,0.9545,0.944462675371542,0.962794728649799,,0,FALSE,FALSE,,,"development_control"
46,"opg_ij","correlation",2000,2000,0,1911,0.9555,0.9555,0.945556235055185,0.963697334871593,,0,FALSE,FALSE,,,"development_control"
47,"policy_ij","loading",2000,2000,0,1892,0.946,0.946,0.935212148700943,0.95507784512418,,0,FALSE,FALSE,,,"pseudo_target_calibration"
47,"policy_ij","threshold",2000,2000,0,1888,0.944,0.944,0.933045995953012,0.953251666061235,,0,FALSE,FALSE,,,"pseudo_target_calibration"
47,"opg_ij","loading",2000,2000,0,1866,0.933,0.933,0.921191504349848,0.943148332704587,,0,FALSE,FALSE,,,"pseudo_target_calibration"
47,"opg_ij","threshold",2000,2000,0,1888,0.944,0.944,0.933045995953012,0.953251666061235,,0,FALSE,FALSE,,,"pseudo_target_calibration"
48,"policy_ij","loading",2000,2000,0,1901,0.9505,0.9505,0.940099995010399,0.959172745389192,,0,FALSE,FALSE,,,"pseudo_target_calibration"
48,"policy_ij","threshold",2000,2000,0,1890,0.945,0.945,0.93412861628833,0.954165211631355,,0,FALSE,FALSE,,,"pseudo_target_calibration"
48,"policy_ij","correlation",2000,2000,0,1893,0.9465,0.9465,0.935754264314357,0.955533812463484,,0,FALSE,FALSE,,,"pseudo_target_calibration"
48,"opg_ij","loading",2000,2000,0,1879,0.9395,0.9395,0.928184904750419,0.94913001068936,,0,FALSE,FALSE,,,"pseudo_target_calibration"
48,"opg_ij","threshold",2000,2000,0,1890,0.945,0.945,0.93412861628833,0.954165211631355,,0,FALSE,FALSE,,,"pseudo_target_calibration"
48,"opg_ij","correlation",2000,2000,0,1891,0.9455,0.9455,0.934670267025967,0.954621643846437,,0,FALSE,FALSE,,,"pseudo_target_calibration"
49,"policy_ij","loading",2000,2000,0,1889,0.9445,0.9445,0.933587193553815,0.953708551413151,,0,FALSE,FALSE,,,"pseudo_target_calibration"
49,"policy_ij","threshold",2000,2000,0,1914,0.957,0.957,0.947198891329547,0.965048927455387,,0,FALSE,FALSE,,,"pseudo_target_calibration"
49,"opg_ij","loading",2000,2000,0,1875,0.9375,0.9375,0.926029715235392,0.947292868393512,,0,FALSE,FALSE,,,"pseudo_target_calibration"
49,"opg_ij","threshold",2000,2000,0,1914,0.957,0.957,0.947198891329547,0.965048927455387,,0,FALSE,FALSE,,,"pseudo_target_calibration"
50,"policy_ij","loading",2000,2000,0,1887,0.9435,0.9435,0.932505020679321,0.952794558382207,,0,FALSE,FALSE,,,"pseudo_target_calibration"
50,"policy_ij","threshold",2000,2000,0,1893,0.9465,0.9465,0.935754264314357,0.955533812463484,,0,FALSE,FALSE,,,"pseudo_target_calibration"
50,"policy_ij","correlation",2000,2000,0,1877,0.9385,0.9385,0.92710691976847,0.948211829765871,,0,FALSE,FALSE,,,"pseudo_target_calibration"
50,"opg_ij","loading",2000,2000,0,1875,0.9375,0.9375,0.926029715235392,0.947292868393512,,0,FALSE,FALSE,,,"pseudo_target_calibration"
50,"opg_ij","threshold",2000,2000,0,1893,0.9465,0.9465,0.935754264314357,0.955533812463484,,0,FALSE,FALSE,,,"pseudo_target_calibration"
50,"opg_ij","correlation",2000,2000,0,1875,0.9375,0.9375,0.926029715235392,0.947292868393512,,0,FALSE,FALSE,,,"pseudo_target_calibration"
51,"policy_ij","loading",2000,2000,0,1893,0.9465,0.9465,0.935754264314357,0.955533812463484,,0,FALSE,FALSE,,,"pseudo_target_calibration"
51,"policy_ij","threshold",2000,2000,0,1893,0.9465,0.9465,0.935754264314357,0.955533812463484,,0,FALSE,FALSE,,,"pseudo_target_calibration"
51,"opg_ij","loading",2000,2000,0,1799,0.8995,0.8995,0.885547512404053,0.911920766818226,,0,FALSE,FALSE,,,"pseudo_target_calibration"
51,"opg_ij","threshold",2000,2000,0,1893,0.9465,0.9465,0.935754264314357,0.955533812463484,,0,FALSE,FALSE,,,"pseudo_target_calibration"
52,"policy_ij","loading",2000,2000,0,1915,0.9575,0.9575,0.947747081447752,0.965498820289902,,0,FALSE,FALSE,,,"pseudo_target_calibration"
52,"policy_ij","threshold",2000,2000,0,1893,0.9465,0.9465,0.935754264314357,0.955533812463484,,0,FALSE,FALSE,,,"pseudo_target_calibration"
52,"policy_ij","correlation",2000,2000,0,1884,0.942,0.942,0.930883401657386,0.951421928545986,,0,FALSE,FALSE,,,"pseudo_target_calibration"
52,"opg_ij","loading",2000,2000,0,1841,0.9205,0.9205,0.907822113947591,0.931565649288875,,0,FALSE,FALSE,,,"pseudo_target_calibration"
52,"opg_ij","threshold",2000,2000,0,1893,0.9465,0.9465,0.935754264314357,0.955533812463484,,0,FALSE,FALSE,,,"pseudo_target_calibration"
52,"opg_ij","correlation",2000,2000,0,1879,0.9395,0.9395,0.928184904750419,0.94913001068936,,0,FALSE,FALSE,,,"pseudo_target_calibration"
53,"policy_ij","loading",2000,2000,0,1895,0.9475,0.9475,0.93683920970839,0.956445032974889,,0,FALSE,FALSE,,,"pseudo_target_calibration"
53,"policy_ij","threshold",2000,2000,0,1898,0.949,0.949,0.93846846145875,0.957810030082685,,0,FALSE,FALSE,,,"pseudo_target_calibration"
53,"opg_ij","loading",2000,2000,0,1818,0.909,0.909,0.895598835941241,0.920833019382694,,0,FALSE,FALSE,,,"pseudo_target_calibration"
53,"opg_ij","threshold",2000,2000,0,1898,0.949,0.949,0.93846846145875,0.957810030082685,,0,FALSE,FALSE,,,"pseudo_target_calibration"
54,"policy_ij","loading",2000,2000,0,1897,0.9485,0.9485,0.937925128639055,0.957355279949661,,0,FALSE,FALSE,,,"pseudo_target_calibration"
54,"policy_ij","threshold",2000,2000,0,1892,0.946,0.946,0.935212148700943,0.95507784512418,,0,FALSE,FALSE,,,"pseudo_target_calibration"
54,"policy_ij","correlation",2000,2000,0,1876,0.938,0.938,0.926568221042961,0.947752445538662,,0,FALSE,FALSE,,,"pseudo_target_calibration"
54,"opg_ij","loading",2000,2000,0,1840,0.92,0.92,0.907289254801482,0.931100425482266,,0,FALSE,FALSE,,,"pseudo_target_calibration"
54,"opg_ij","threshold",2000,2000,0,1892,0.946,0.946,0.935212148700943,0.95507784512418,,0,FALSE,FALSE,,,"pseudo_target_calibration"
54,"opg_ij","correlation",2000,2000,0,1876,0.938,0.938,0.926568221042961,0.947752445538662,,0,FALSE,FALSE,,,"pseudo_target_calibration"
55,"policy_all","",2000,2000,0,104,0.052,0.052,0.0430997202095579,0.0626179541544447,,0,FALSE,FALSE,9,9,"descriptive_global"
55,"opg_all","",2000,2000,0,104,0.052,0.052,0.0430997202095579,0.0626179541544447,,0,FALSE,FALSE,9,9,"descriptive_global"
56,"policy_all","",2000,2000,0,88,0.044,0.044,0.0358518204164165,0.0538965267040861,,0,FALSE,FALSE,53,53,"descriptive_global"
56,"opg_all","",2000,2000,0,88,0.044,0.044,0.0358518204164165,0.0538965267040861,,0,FALSE,FALSE,53,53,"descriptive_global"
57,"policy_all","",2000,2000,0,82,0.041,0.041,0.0331534907492744,0.0506063586549158,,0,FALSE,FALSE,9,9,"descriptive_global"
57,"opg_all","",2000,2000,0,82,0.041,0.041,0.0331534907492744,0.0506063586549158,,0,FALSE,FALSE,9,9,"descriptive_global"
58,"policy_all","",2000,2000,0,100,0.05,0.05,0.0412812336187317,0.0604441089343959,,0,FALSE,FALSE,53,53,"descriptive_global"
58,"opg_all","",2000,2000,0,100,0.05,0.05,0.0412812336187317,0.0604441089343959,,0,FALSE,FALSE,53,53,"descriptive_global"
59,"policy_all","",2000,2000,0,98,0.049,0.049,0.0403735399503073,0.0593556366973829,,0,FALSE,FALSE,9,9,"descriptive_global"
59,"opg_all","",2000,2000,0,98,0.049,0.049,0.0403735399503073,0.0593556366973829,,0,FALSE,FALSE,9,9,"descriptive_global"
60,"policy_all","",2000,2000,0,107,0.0535,0.0535,0.044466187536516,0.0642457356856429,,0,FALSE,FALSE,53,53,"descriptive_global"
60,"opg_all","",2000,2000,0,107,0.0535,0.0535,0.044466187536516,0.0642457356856429,,0,FALSE,FALSE,53,53,"descriptive_global"
61,"policy_all","",2000,2000,0,91,0.0455,0.0455,0.0372052713502014,0.0555373246284575,,0,FALSE,FALSE,9,9,"descriptive_global"
61,"opg_all","",2000,2000,0,91,0.0455,0.0455,0.0372052713502014,0.0555373246284575,,0,FALSE,FALSE,9,9,"descriptive_global"
62,"policy_all","",2000,2000,0,84,0.042,0.042,0.0340516147420547,0.051704400567573,,0,FALSE,FALSE,53,53,"descriptive_global"
62,"opg_all","",2000,2000,0,84,0.042,0.042,0.0340516147420547,0.051704400567573,,0,FALSE,FALSE,53,53,"descriptive_global"
63,"policy_all","",2000,2000,0,90,0.045,0.045,0.0367538170447133,0.0549906959812269,,0,FALSE,FALSE,9,9,"descriptive_global"
63,"opg_all","",2000,2000,0,90,0.045,0.045,0.0367538170447133,0.0549906959812269,,0,FALSE,FALSE,9,9,"descriptive_global"
64,"policy_all","",2000,2000,0,100,0.05,0.05,0.0412812336187317,0.0604441089343959,,0,FALSE,FALSE,53,53,"descriptive_global"
64,"opg_all","",2000,2000,0,100,0.05,0.05,0.0412812336187317,0.0604441089343959,,0,FALSE,FALSE,53,53,"descriptive_global"
65,"policy_all","",2000,2000,0,108,0.054,0.054,0.0449221548758202,0.0647878512990574,,0,FALSE,FALSE,9,9,"descriptive_global"
65,"opg_all","",2000,2000,0,108,0.054,0.054,0.0449221548758202,0.0647878512990574,,0,FALSE,FALSE,9,9,"descriptive_global"
66,"policy_all","",2000,2000,0,119,0.0595,0.0595,0.0499526068384122,0.0707363118163716,,0,FALSE,FALSE,53,53,"descriptive_global"
66,"opg_all","",2000,2000,0,119,0.0595,0.0595,0.0499526068384122,0.0707363118163716,,0,FALSE,FALSE,53,53,"descriptive_global"
67,"policy_all","",2000,2000,0,97,0.0485,0.0485,0.0399200934428771,0.0588110002520943,,0,FALSE,FALSE,9,9,"descriptive_global"
67,"opg_all","",2000,2000,0,97,0.0485,0.0485,0.0399200934428771,0.0588110002520943,,0,FALSE,FALSE,9,9,"descriptive_global"
68,"policy_all","",2000,2000,0,104,0.052,0.052,0.0430997202095579,0.0626179541544447,,0,FALSE,FALSE,53,53,"descriptive_global"
68,"opg_all","",2000,2000,0,104,0.052,0.052,0.0430997202095579,0.0626179541544447,,0,FALSE,FALSE,53,53,"descriptive_global"
69,"policy_all","",2000,2000,0,104,0.052,0.052,0.0430997202095579,0.0626179541544447,,0,FALSE,FALSE,9,9,"descriptive_global"
69,"opg_all","",2000,2000,0,104,0.052,0.052,0.0430997202095579,0.0626179541544447,,0,FALSE,FALSE,9,9,"descriptive_global"
70,"policy_all","",2000,2000,0,97,0.0485,0.0485,0.0399200934428771,0.0588110002520943,,0,FALSE,FALSE,53,53,"descriptive_global"
70,"opg_all","",2000,2000,0,97,0.0485,0.0485,0.0399200934428771,0.0588110002520943,,0,FALSE,FALSE,53,53,"descriptive_global"
71,"policy_all","",2000,2000,0,129,0.0645,0.0645,0.054547327176289,0.0761224210056823,,0,FALSE,FALSE,9,9,"descriptive_global"
71,"opg_all","",2000,2000,0,129,0.0645,0.0645,0.054547327176289,0.0761224210056823,,0,FALSE,FALSE,9,9,"descriptive_global"
72,"policy_all","",2000,2000,0,122,0.061,0.061,0.0513289811081226,0.0723541864048174,,0,FALSE,FALSE,53,53,"descriptive_global"
72,"opg_all","",2000,2000,0,122,0.061,0.061,0.0513289811081226,0.0723541864048174,,0,FALSE,FALSE,53,53,"descriptive_global"
73,"policy_all","",2000,2000,0,90,0.045,0.045,0.0367538170447133,0.0549906959812269,,0,FALSE,FALSE,9,9,"descriptive_global"
73,"opg_all","",2000,2000,0,87,0.0435,0.0435,0.0354012878585441,0.0533489763092398,,0,FALSE,FALSE,9,9,"descriptive_global"
74,"policy_all","",2000,2000,0,84,0.042,0.042,0.0340516147420547,0.051704400567573,,0,FALSE,FALSE,53,53,"descriptive_global"
74,"opg_all","",2000,2000,0,91,0.0455,0.0455,0.0372052713502014,0.0555373246284575,,0,FALSE,FALSE,53,53,"descriptive_global"
75,"policy_all","",2000,2000,0,77,0.0385,0.0385,0.0309143276166048,0.0478551070239917,,0,FALSE,FALSE,9,9,"descriptive_global"
75,"opg_all","",2000,2000,0,89,0.0445,0.0445,0.0363026651284068,0.0544437649448146,,0,FALSE,FALSE,9,9,"descriptive_global"
76,"policy_all","",2000,2000,0,85,0.0425,0.0425,0.034501179710098,0.0522529185522484,,0,FALSE,FALSE,53,53,"descriptive_global"
76,"opg_all","",2000,2000,0,103,0.0515,0.0515,0.0426447200503388,0.062074871360945,,0,FALSE,FALSE,53,53,"descriptive_global"
77,"policy_all","",2000,2000,0,101,0.0505,0.0505,0.041735473261678,0.0609879522441684,,0,FALSE,FALSE,9,9,"descriptive_global"
77,"opg_all","",2000,2000,0,172,0.086,0.086,0.0744925406803892,0.0990947744684882,,0,FALSE,FALSE,9,9,"descriptive_global"
78,"policy_all","",2000,2000,0,103,0.0515,0.0515,0.0426447200503388,0.062074871360945,,0,FALSE,FALSE,53,53,"descriptive_global"
78,"opg_all","",2000,2000,0,136,0.068,0.068,0.0577746290267091,0.0798816998242935,,0,FALSE,FALSE,53,53,"descriptive_global"
79,"policy_all","",2000,2000,0,89,0.0445,0.0445,0.0363026651284068,0.0544437649448146,,0,FALSE,FALSE,9,9,"descriptive_global"
79,"opg_all","",2000,2000,0,153,0.0765,0.0765,0.0656459272475874,0.0889778117996338,,0,FALSE,FALSE,9,9,"descriptive_global"
80,"policy_all","",2000,2000,0,96,0.048,0.048,0.039466918990741,0.0582660917515116,,0,FALSE,FALSE,53,53,"descriptive_global"
80,"opg_all","",2000,2000,0,136,0.068,0.068,0.0577746290267091,0.0798816998242935,,0,FALSE,FALSE,53,53,"descriptive_global"
81,"policy_all","",2000,2000,0,91,0.0455,0.0455,0.0372052713502014,0.0555373246284575,,0,FALSE,FALSE,9,9,"descriptive_global"
81,"opg_all","",2000,2000,0,400,0.2,0.2,0.183052034508544,0.218098193860207,,0,FALSE,FALSE,9,9,"descriptive_global"
82,"policy_all","",2000,2000,0,86,0.043,0.043,0.0349510725446127,0.0528011086704525,,0,FALSE,FALSE,53,53,"descriptive_global"
82,"opg_all","",2000,2000,0,186,0.093,0.093,0.0810400017096555,0.106520474777284,,0,FALSE,FALSE,53,53,"descriptive_global"
83,"policy_all","",2000,2000,0,67,0.0335,0.0335,0.0264652764706385,0.0423233286427705,,0,FALSE,FALSE,9,9,"descriptive_global"
83,"opg_all","",2000,2000,0,312,0.156,0.156,0.140758489252024,0.172560439277478,,0,FALSE,FALSE,9,9,"descriptive_global"
84,"policy_all","",2000,2000,0,86,0.043,0.043,0.0349510725446127,0.0528011086704525,,0,FALSE,FALSE,53,53,"descriptive_global"
84,"opg_all","",2000,2000,0,149,0.0745,0.0745,0.0637898499329457,0.0868415573034005,,0,FALSE,FALSE,53,53,"descriptive_global"
85,"policy_all","",2000,2000,0,97,0.0485,0.0485,0.0399200934428771,0.0588110002520943,,0,FALSE,FALSE,9,9,"descriptive_global"
85,"opg_all","",2000,2000,0,89,0.0445,0.0445,0.0363026651284068,0.0544437649448146,,0,FALSE,FALSE,9,9,"descriptive_global"
86,"policy_all","",2000,2000,0,85,0.0425,0.0425,0.034501179710098,0.0522529185522484,,0,FALSE,FALSE,53,53,"descriptive_global"
86,"opg_all","",2000,2000,0,84,0.042,0.042,0.0340516147420547,0.051704400567573,,0,FALSE,FALSE,53,53,"descriptive_global"
87,"policy_all","",2000,2000,0,93,0.0465,0.0465,0.0381090685112083,0.0566296933728881,,0,FALSE,FALSE,9,9,"descriptive_global"
87,"opg_all","",2000,2000,0,95,0.0475,0.0475,0.0390140205961784,0.0577209071933555,,0,FALSE,FALSE,9,9,"descriptive_global"
88,"policy_all","",2000,2000,0,107,0.0535,0.0535,0.044466187536516,0.0642457356856429,,0,FALSE,FALSE,53,53,"descriptive_global"
88,"opg_all","",2000,2000,0,112,0.056,0.056,0.0467483339387645,0.066954004046988,,0,FALSE,FALSE,53,53,"descriptive_global"
89,"policy_all","",2000,2000,0,94,0.047,0.047,0.0385614023651686,0.0571754424716466,,0,FALSE,FALSE,9,9,"descriptive_global"
89,"opg_all","",2000,2000,0,172,0.086,0.086,0.0744925406803892,0.0990947744684882,,0,FALSE,FALSE,9,9,"descriptive_global"
90,"policy_all","",2000,2000,0,99,0.0495,0.0495,0.0408272546108082,0.0599000049896006,,0,FALSE,FALSE,53,53,"descriptive_global"
90,"opg_all","",2000,2000,0,129,0.0645,0.0645,0.054547327176289,0.0761224210056823,,0,FALSE,FALSE,53,53,"descriptive_global"
91,"policy_all","",2000,2000,0,120,0.06,0.06,0.0504111971143165,0.0712758044931861,,0,FALSE,FALSE,9,9,"descriptive_global"
91,"opg_all","",2000,2000,0,170,0.085,0.085,0.073559100812727,0.098032048430713,,0,FALSE,FALSE,9,9,"descriptive_global"
92,"policy_all","",2000,2000,0,92,0.046,0.046,0.0376570233593111,0.0560836555720665,,0,FALSE,FALSE,53,53,"descriptive_global"
92,"opg_all","",2000,2000,0,107,0.0535,0.0535,0.044466187536516,0.0642457356856429,,0,FALSE,FALSE,53,53,"descriptive_global"
93,"policy_all","",2000,2000,0,85,0.0425,0.0425,0.034501179710098,0.0522529185522484,,0,FALSE,FALSE,9,9,"descriptive_global"
93,"opg_all","",2000,2000,0,430,0.215,0.215,0.19755057667839,0.233542140271924,,0,FALSE,FALSE,9,9,"descriptive_global"
94,"policy_all","",2000,2000,0,93,0.0465,0.0465,0.0381090685112083,0.0566296933728881,,0,FALSE,FALSE,53,53,"descriptive_global"
94,"opg_all","",2000,2000,0,185,0.0925,0.0925,0.0805715781219812,0.10599081541224,,0,FALSE,FALSE,53,53,"descriptive_global"
95,"policy_all","",2000,2000,0,80,0.04,0.04,0.0322567469399812,0.0495069365587715,,0,FALSE,FALSE,9,9,"descriptive_global"
95,"opg_all","",2000,2000,0,277,0.1385,0.1385,0.124053064286593,0.154332960897753,,0,FALSE,FALSE,9,9,"descriptive_global"
96,"policy_all","",2000,2000,0,108,0.054,0.054,0.0449221548758202,0.0647878512990574,,0,FALSE,FALSE,53,53,"descriptive_global"
96,"opg_all","",2000,2000,0,143,0.0715,0.0715,0.0610102548427334,0.0836326546773004,,0,FALSE,FALSE,53,53,"descriptive_global"
97,"policy_all","",2000,2000,0,115,0.0575,0.0575,0.0481203130334255,0.0685762738104833,,0,FALSE,FALSE,9,9,"descriptive_global"
97,"opg_all","",2000,2000,0,113,0.0565,0.0565,0.0472054416177926,0.0674949793206787,,0,FALSE,FALSE,9,9,"descriptive_global"
98,"policy_all","",2000,2000,0,103,0.0515,0.0515,0.0426447200503388,0.062074871360945,,0,FALSE,FALSE,53,53,"descriptive_global"
98,"opg_all","",2000,2000,0,101,0.0505,0.0505,0.041735473261678,0.0609879522441684,,0,FALSE,FALSE,53,53,"descriptive_global"
99,"policy_all","",2000,2000,0,96,0.048,0.048,0.039466918990741,0.0582660917515116,,0,FALSE,FALSE,9,9,"descriptive_global"
99,"opg_all","",2000,2000,0,92,0.046,0.046,0.0376570233593111,0.0560836555720665,,0,FALSE,FALSE,9,9,"descriptive_global"
100,"policy_all","",2000,2000,0,114,0.057,0.057,0.0476627688782296,0.0680357350129605,,0,FALSE,FALSE,53,53,"descriptive_global"
100,"opg_all","",2000,2000,0,115,0.0575,0.0575,0.0481203130334255,0.0685762738104833,,0,FALSE,FALSE,53,53,"descriptive_global"
101,"policy_all","",2000,2000,0,106,0.053,0.053,0.0440104572057971,0.063703383063643,,0,FALSE,FALSE,9,9,"descriptive_global"
101,"opg_all","",2000,2000,0,182,0.091,0.091,0.0791669806173058,0.104401164058759,,0,FALSE,FALSE,9,9,"descriptive_global"
102,"policy_all","",2000,2000,0,110,0.055,0.055,0.045834788368645,0.06587138371167,,0,FALSE,FALSE,53,53,"descriptive_global"
102,"opg_all","",2000,2000,0,134,0.067,0.067,0.0568516672954134,0.0788084956501516,,0,FALSE,FALSE,53,53,"descriptive_global"
103,"policy_all","",2000,2000,0,103,0.0515,0.0515,0.0426447200503388,0.062074871360945,,0,FALSE,FALSE,9,9,"descriptive_global"
103,"opg_all","",2000,2000,0,159,0.0795,0.0795,0.0684343507111252,0.0921778860524085,,0,FALSE,FALSE,9,9,"descriptive_global"
104,"policy_all","",2000,2000,0,90,0.045,0.045,0.0367538170447133,0.0549906959812269,,0,FALSE,FALSE,53,53,"descriptive_global"
104,"opg_all","",2000,2000,0,113,0.0565,0.0565,0.0472054416177926,0.0674949793206787,,0,FALSE,FALSE,53,53,"descriptive_global"
105,"policy_all","",2000,2000,0,86,0.043,0.043,0.0349510725446127,0.0528011086704525,,0,FALSE,FALSE,9,9,"descriptive_global"
105,"opg_all","",2000,2000,0,454,0.227,0.227,0.209175054182698,0.245871653632866,,0,FALSE,FALSE,9,9,"descriptive_global"
106,"policy_all","",2000,2000,0,109,0.0545,0.0545,0.0453783561535632,0.0653297329740332,,0,FALSE,FALSE,53,53,"descriptive_global"
106,"opg_all","",2000,2000,0,193,0.0965,0.0965,0.0843220272921492,0.110225029863822,,0,FALSE,FALSE,53,53,"descriptive_global"
107,"policy_all","",2000,2000,0,94,0.047,0.047,0.0385614023651686,0.0571754424716466,,0,FALSE,FALSE,9,9,"descriptive_global"
107,"opg_all","",2000,2000,0,332,0.166,0.166,0.150336500676661,0.182944086907216,,0,FALSE,FALSE,9,9,"descriptive_global"
108,"policy_all","",2000,2000,0,125,0.0625,0.0625,0.052707131606488,0.0739702847646083,,0,FALSE,FALSE,53,53,"descriptive_global"
108,"opg_all","",2000,2000,0,165,0.0825,0.0825,0.0712277086526822,0.095373025827164,,0,FALSE,FALSE,53,53,"descriptive_global"
109,"policy_sb","",2000,2000,0,97,0.0485,0.0485,0.0399200934428771,0.0588110002520943,,0,FALSE,FALSE,5,5,"development_control"
109,"policy_peba4","",2000,2000,0,96,0.048,0.048,0.039466918990741,0.0582660917515116,,0,FALSE,FALSE,5,5,"development_control"
109,"exact_all","",2000,2000,0,90,0.045,0.045,0.0367538170447133,0.0549906959812269,,0,FALSE,FALSE,5,5,"development_control"
109,"opg_sb","",2000,2000,0,97,0.0485,0.0485,0.0399200934428771,0.0588110002520943,,0,FALSE,FALSE,5,5,"development_control"
109,"opg_peba4","",2000,2000,0,96,0.048,0.048,0.039466918990741,0.0582660917515116,,0,FALSE,FALSE,5,5,"development_control"
109,"opg_all","",2000,2000,0,90,0.045,0.045,0.0367538170447133,0.0549906959812269,,0,FALSE,FALSE,5,5,"development_control"
110,"policy_sb","",2000,2000,0,88,0.044,0.044,0.0358518204164165,0.0538965267040861,,0,FALSE,FALSE,10,10,"development_control"
110,"policy_peba4","",2000,2000,0,87,0.0435,0.0435,0.0354012878585441,0.0533489763092398,,0,FALSE,FALSE,10,10,"development_control"
110,"exact_all","",2000,2000,0,82,0.041,0.041,0.0331534907492744,0.0506063586549158,,0,FALSE,FALSE,10,10,"development_control"
110,"opg_sb","",2000,2000,0,88,0.044,0.044,0.0358518204164165,0.0538965267040861,,0,FALSE,FALSE,10,10,"development_control"
110,"opg_peba4","",2000,2000,0,87,0.0435,0.0435,0.0354012878585441,0.0533489763092398,,0,FALSE,FALSE,10,10,"development_control"
110,"opg_all","",2000,2000,0,82,0.041,0.041,0.0331534907492744,0.0506063586549158,,0,FALSE,FALSE,10,10,"development_control"
111,"policy_sb","",2000,2000,0,97,0.0485,0.0485,0.0399200934428771,0.0588110002520943,,0,FALSE,FALSE,5,5,"pseudo_target_calibration"
111,"policy_peba4","",2000,2000,0,95,0.0475,0.0475,0.0390140205961784,0.0577209071933555,,0,FALSE,FALSE,5,5,"pseudo_target_calibration"
111,"exact_all","",2000,2000,0,86,0.043,0.043,0.0349510725446127,0.0528011086704525,,0,FALSE,FALSE,5,5,"pseudo_target_calibration"
111,"opg_sb","",2000,2000,0,97,0.0485,0.0485,0.0399200934428771,0.0588110002520943,,0,FALSE,FALSE,5,5,"pseudo_target_calibration"
111,"opg_peba4","",2000,2000,0,95,0.0475,0.0475,0.0390140205961784,0.0577209071933555,,0,FALSE,FALSE,5,5,"pseudo_target_calibration"
111,"opg_all","",2000,2000,0,86,0.043,0.043,0.0349510725446127,0.0528011086704525,,0,FALSE,FALSE,5,5,"pseudo_target_calibration"
112,"policy_sb","",2000,2000,0,82,0.041,0.041,0.0331534907492744,0.0506063586549158,,0,FALSE,FALSE,10,10,"pseudo_target_calibration"
112,"policy_peba4","",2000,2000,0,81,0.0405,0.0405,0.0327049433144033,0.0500568231370682,,0,FALSE,FALSE,10,10,"pseudo_target_calibration"
112,"exact_all","",2000,2000,0,78,0.039,0.039,0.0313614325493969,0.0484060850439183,,0,FALSE,FALSE,10,10,"pseudo_target_calibration"
112,"opg_sb","",2000,2000,0,82,0.041,0.041,0.0331534907492744,0.0506063586549158,,0,FALSE,FALSE,10,10,"pseudo_target_calibration"
112,"opg_peba4","",2000,2000,0,81,0.0405,0.0405,0.0327049433144033,0.0500568231370682,,0,FALSE,FALSE,10,10,"pseudo_target_calibration"
112,"opg_all","",2000,2000,0,78,0.039,0.039,0.0313614325493969,0.0484060850439183,,0,FALSE,FALSE,10,10,"pseudo_target_calibration"
113,"policy_sb","",2000,2000,0,85,0.0425,0.0425,0.034501179710098,0.0522529185522484,,0,FALSE,FALSE,5,5,"pseudo_target_calibration"
113,"policy_peba4","",2000,2000,0,84,0.042,0.042,0.0340516147420547,0.051704400567573,,0,FALSE,FALSE,5,5,"pseudo_target_calibration"
113,"exact_all","",2000,2000,0,80,0.04,0.04,0.0322567469399812,0.0495069365587715,,0,FALSE,FALSE,5,5,"pseudo_target_calibration"
113,"opg_sb","",2000,2000,0,85,0.0425,0.0425,0.034501179710098,0.0522529185522484,,0,FALSE,FALSE,5,5,"pseudo_target_calibration"
113,"opg_peba4","",2000,2000,0,84,0.042,0.042,0.0340516147420547,0.051704400567573,,0,FALSE,FALSE,5,5,"pseudo_target_calibration"
113,"opg_all","",2000,2000,0,80,0.04,0.04,0.0322567469399812,0.0495069365587715,,0,FALSE,FALSE,5,5,"pseudo_target_calibration"
114,"policy_sb","",2000,2000,0,86,0.043,0.043,0.0349510725446127,0.0528011086704525,,0,FALSE,FALSE,10,10,"pseudo_target_calibration"
114,"policy_peba4","",2000,2000,0,84,0.042,0.042,0.0340516147420547,0.051704400567573,,0,FALSE,FALSE,10,10,"pseudo_target_calibration"
114,"exact_all","",2000,2000,0,79,0.0395,0.0395,0.031808907871607,0.0489566926744269,,0,FALSE,FALSE,10,10,"pseudo_target_calibration"
114,"opg_sb","",2000,2000,0,86,0.043,0.043,0.0349510725446127,0.0528011086704525,,0,FALSE,FALSE,10,10,"pseudo_target_calibration"
114,"opg_peba4","",2000,2000,0,84,0.042,0.042,0.0340516147420547,0.051704400567573,,0,FALSE,FALSE,10,10,"pseudo_target_calibration"
114,"opg_all","",2000,2000,0,79,0.0395,0.0395,0.031808907871607,0.0489566926744269,,0,FALSE,FALSE,10,10,"pseudo_target_calibration"
115,"policy_sb","",2000,2000,0,100,0.05,0.05,0.0412812336187317,0.0604441089343959,,0,FALSE,FALSE,5,5,"development_control"
115,"policy_peba4","",2000,2000,0,100,0.05,0.05,0.0412812336187317,0.0604441089343959,,0,FALSE,FALSE,5,5,"development_control"
115,"exact_all","",2000,2000,0,93,0.0465,0.0465,0.0381090685112083,0.0566296933728881,,0,FALSE,FALSE,5,5,"development_control"
115,"opg_sb","",2000,2000,0,100,0.05,0.05,0.0412812336187317,0.0604441089343959,,0,FALSE,FALSE,5,5,"development_control"
115,"opg_peba4","",2000,2000,0,100,0.05,0.05,0.0412812336187317,0.0604441089343959,,0,FALSE,FALSE,5,5,"development_control"
115,"opg_all","",2000,2000,0,93,0.0465,0.0465,0.0381090685112083,0.0566296933728881,,0,FALSE,FALSE,5,5,"development_control"
116,"policy_sb","",2000,2000,0,94,0.047,0.047,0.0385614023651686,0.0571754424716466,,0,FALSE,FALSE,10,10,"development_control"
116,"policy_peba4","",2000,2000,0,93,0.0465,0.0465,0.0381090685112083,0.0566296933728881,,0,FALSE,FALSE,10,10,"development_control"
116,"exact_all","",2000,2000,0,89,0.0445,0.0445,0.0363026651284068,0.0544437649448146,,0,FALSE,FALSE,10,10,"development_control"
116,"opg_sb","",2000,2000,0,94,0.047,0.047,0.0385614023651686,0.0571754424716466,,0,FALSE,FALSE,10,10,"development_control"
116,"opg_peba4","",2000,2000,0,93,0.0465,0.0465,0.0381090685112083,0.0566296933728881,,0,FALSE,FALSE,10,10,"development_control"
116,"opg_all","",2000,2000,0,89,0.0445,0.0445,0.0363026651284068,0.0544437649448146,,0,FALSE,FALSE,10,10,"development_control"
117,"policy_sb","",2000,2000,0,86,0.043,0.043,0.0349510725446127,0.0528011086704525,,0,FALSE,FALSE,5,5,"pseudo_target_calibration"
117,"policy_peba4","",2000,2000,0,86,0.043,0.043,0.0349510725446127,0.0528011086704525,,0,FALSE,FALSE,5,5,"pseudo_target_calibration"
117,"exact_all","",2000,2000,0,84,0.042,0.042,0.0340516147420547,0.051704400567573,,0,FALSE,FALSE,5,5,"pseudo_target_calibration"
117,"opg_sb","",2000,2000,0,86,0.043,0.043,0.0349510725446127,0.0528011086704525,,0,FALSE,FALSE,5,5,"pseudo_target_calibration"
117,"opg_peba4","",2000,2000,0,86,0.043,0.043,0.0349510725446127,0.0528011086704525,,0,FALSE,FALSE,5,5,"pseudo_target_calibration"
117,"opg_all","",2000,2000,0,84,0.042,0.042,0.0340516147420547,0.051704400567573,,0,FALSE,FALSE,5,5,"pseudo_target_calibration"
118,"policy_sb","",2000,2000,0,95,0.0475,0.0475,0.0390140205961784,0.0577209071933555,,0,FALSE,FALSE,10,10,"pseudo_target_calibration"
118,"policy_peba4","",2000,2000,0,94,0.047,0.047,0.0385614023651686,0.0571754424716466,,0,FALSE,FALSE,10,10,"pseudo_target_calibration"
118,"exact_all","",2000,2000,0,89,0.0445,0.0445,0.0363026651284068,0.0544437649448146,,0,FALSE,FALSE,10,10,"pseudo_target_calibration"
118,"opg_sb","",2000,2000,0,95,0.0475,0.0475,0.0390140205961784,0.0577209071933555,,0,FALSE,FALSE,10,10,"pseudo_target_calibration"
118,"opg_peba4","",2000,2000,0,94,0.047,0.047,0.0385614023651686,0.0571754424716466,,0,FALSE,FALSE,10,10,"pseudo_target_calibration"
118,"opg_all","",2000,2000,0,89,0.0445,0.0445,0.0363026651284068,0.0544437649448146,,0,FALSE,FALSE,10,10,"pseudo_target_calibration"
119,"policy_sb","",2000,2000,0,100,0.05,0.05,0.0412812336187317,0.0604441089343959,,0,FALSE,FALSE,5,5,"pseudo_target_calibration"
119,"policy_peba4","",2000,2000,0,100,0.05,0.05,0.0412812336187317,0.0604441089343959,,0,FALSE,FALSE,5,5,"pseudo_target_calibration"
119,"exact_all","",2000,2000,0,98,0.049,0.049,0.0403735399503073,0.0593556366973829,,0,FALSE,FALSE,5,5,"pseudo_target_calibration"
119,"opg_sb","",2000,2000,0,100,0.05,0.05,0.0412812336187317,0.0604441089343959,,0,FALSE,FALSE,5,5,"pseudo_target_calibration"
119,"opg_peba4","",2000,2000,0,100,0.05,0.05,0.0412812336187317,0.0604441089343959,,0,FALSE,FALSE,5,5,"pseudo_target_calibration"
119,"opg_all","",2000,2000,0,98,0.049,0.049,0.0403735399503073,0.0593556366973829,,0,FALSE,FALSE,5,5,"pseudo_target_calibration"
120,"policy_sb","",2000,2000,0,89,0.0445,0.0445,0.0363026651284068,0.0544437649448146,,0,FALSE,FALSE,10,10,"pseudo_target_calibration"
120,"policy_peba4","",2000,2000,0,89,0.0445,0.0445,0.0363026651284068,0.0544437649448146,,0,FALSE,FALSE,10,10,"pseudo_target_calibration"
120,"exact_all","",2000,2000,0,85,0.0425,0.0425,0.034501179710098,0.0522529185522484,,0,FALSE,FALSE,10,10,"pseudo_target_calibration"
120,"opg_sb","",2000,2000,0,89,0.0445,0.0445,0.0363026651284068,0.0544437649448146,,0,FALSE,FALSE,10,10,"pseudo_target_calibration"
120,"opg_peba4","",2000,2000,0,89,0.0445,0.0445,0.0363026651284068,0.0544437649448146,,0,FALSE,FALSE,10,10,"pseudo_target_calibration"
120,"opg_all","",2000,2000,0,85,0.0425,0.0425,0.034501179710098,0.0522529185522484,,0,FALSE,FALSE,10,10,"pseudo_target_calibration"
121,"policy_sb","",2000,2000,0,97,0.0485,0.0485,0.0399200934428771,0.0588110002520943,,0,FALSE,FALSE,5,5,"development_control"
121,"policy_peba4","",2000,2000,0,97,0.0485,0.0485,0.0399200934428771,0.0588110002520943,,0,FALSE,FALSE,5,5,"development_control"
121,"exact_all","",2000,2000,0,94,0.047,0.047,0.0385614023651686,0.0571754424716466,,0,FALSE,FALSE,5,5,"development_control"
121,"opg_sb","",2000,2000,0,97,0.0485,0.0485,0.0399200934428771,0.0588110002520943,,0,FALSE,FALSE,5,5,"development_control"
121,"opg_peba4","",2000,2000,0,97,0.0485,0.0485,0.0399200934428771,0.0588110002520943,,0,FALSE,FALSE,5,5,"development_control"
121,"opg_all","",2000,2000,0,94,0.047,0.047,0.0385614023651686,0.0571754424716466,,0,FALSE,FALSE,5,5,"development_control"
122,"policy_sb","",2000,2000,0,91,0.0455,0.0455,0.0372052713502014,0.0555373246284575,,0,FALSE,FALSE,10,10,"development_control"
122,"policy_peba4","",2000,2000,0,90,0.045,0.045,0.0367538170447133,0.0549906959812269,,0,FALSE,FALSE,10,10,"development_control"
122,"exact_all","",2000,2000,0,87,0.0435,0.0435,0.0354012878585441,0.0533489763092398,,0,FALSE,FALSE,10,10,"development_control"
122,"opg_sb","",2000,2000,0,91,0.0455,0.0455,0.0372052713502014,0.0555373246284575,,0,FALSE,FALSE,10,10,"development_control"
122,"opg_peba4","",2000,2000,0,90,0.045,0.045,0.0367538170447133,0.0549906959812269,,0,FALSE,FALSE,10,10,"development_control"
122,"opg_all","",2000,2000,0,87,0.0435,0.0435,0.0354012878585441,0.0533489763092398,,0,FALSE,FALSE,10,10,"development_control"
123,"policy_sb","",2000,2000,0,108,0.054,0.054,0.0449221548758202,0.0647878512990574,,0,FALSE,FALSE,5,5,"pseudo_target_calibration"
123,"policy_peba4","",2000,2000,0,108,0.054,0.054,0.0449221548758202,0.0647878512990574,,0,FALSE,FALSE,5,5,"pseudo_target_calibration"
123,"exact_all","",2000,2000,0,107,0.0535,0.0535,0.044466187536516,0.0642457356856429,,0,FALSE,FALSE,5,5,"pseudo_target_calibration"
123,"opg_sb","",2000,2000,0,108,0.054,0.054,0.0449221548758202,0.0647878512990574,,0,FALSE,FALSE,5,5,"pseudo_target_calibration"
123,"opg_peba4","",2000,2000,0,108,0.054,0.054,0.0449221548758202,0.0647878512990574,,0,FALSE,FALSE,5,5,"pseudo_target_calibration"
123,"opg_all","",2000,2000,0,107,0.0535,0.0535,0.044466187536516,0.0642457356856429,,0,FALSE,FALSE,5,5,"pseudo_target_calibration"
124,"policy_sb","",2000,2000,0,95,0.0475,0.0475,0.0390140205961784,0.0577209071933555,,0,FALSE,FALSE,10,10,"pseudo_target_calibration"
124,"policy_peba4","",2000,2000,0,95,0.0475,0.0475,0.0390140205961784,0.0577209071933555,,0,FALSE,FALSE,10,10,"pseudo_target_calibration"
124,"exact_all","",2000,2000,0,91,0.0455,0.0455,0.0372052713502014,0.0555373246284575,,0,FALSE,FALSE,10,10,"pseudo_target_calibration"
124,"opg_sb","",2000,2000,0,95,0.0475,0.0475,0.0390140205961784,0.0577209071933555,,0,FALSE,FALSE,10,10,"pseudo_target_calibration"
124,"opg_peba4","",2000,2000,0,95,0.0475,0.0475,0.0390140205961784,0.0577209071933555,,0,FALSE,FALSE,10,10,"pseudo_target_calibration"
124,"opg_all","",2000,2000,0,91,0.0455,0.0455,0.0372052713502014,0.0555373246284575,,0,FALSE,FALSE,10,10,"pseudo_target_calibration"
125,"policy_sb","",2000,2000,0,109,0.0545,0.0545,0.0453783561535632,0.0653297329740332,,0,FALSE,FALSE,5,5,"pseudo_target_calibration"
125,"policy_peba4","",2000,2000,0,109,0.0545,0.0545,0.0453783561535632,0.0653297329740332,,0,FALSE,FALSE,5,5,"pseudo_target_calibration"
125,"exact_all","",2000,2000,0,107,0.0535,0.0535,0.044466187536516,0.0642457356856429,,0,FALSE,FALSE,5,5,"pseudo_target_calibration"
125,"opg_sb","",2000,2000,0,109,0.0545,0.0545,0.0453783561535632,0.0653297329740332,,0,FALSE,FALSE,5,5,"pseudo_target_calibration"
125,"opg_peba4","",2000,2000,0,109,0.0545,0.0545,0.0453783561535632,0.0653297329740332,,0,FALSE,FALSE,5,5,"pseudo_target_calibration"
125,"opg_all","",2000,2000,0,107,0.0535,0.0535,0.044466187536516,0.0642457356856429,,0,FALSE,FALSE,5,5,"pseudo_target_calibration"
126,"policy_sb","",2000,2000,0,100,0.05,0.05,0.0412812336187317,0.0604441089343959,,0,FALSE,FALSE,10,10,"pseudo_target_calibration"
126,"policy_peba4","",2000,2000,0,99,0.0495,0.0495,0.0408272546108082,0.0599000049896006,,0,FALSE,FALSE,10,10,"pseudo_target_calibration"
126,"exact_all","",2000,2000,0,94,0.047,0.047,0.0385614023651686,0.0571754424716466,,0,FALSE,FALSE,10,10,"pseudo_target_calibration"
126,"opg_sb","",2000,2000,0,100,0.05,0.05,0.0412812336187317,0.0604441089343959,,0,FALSE,FALSE,10,10,"pseudo_target_calibration"
126,"opg_peba4","",2000,2000,0,99,0.0495,0.0495,0.0408272546108082,0.0599000049896006,,0,FALSE,FALSE,10,10,"pseudo_target_calibration"
126,"opg_all","",2000,2000,0,94,0.047,0.047,0.0385614023651686,0.0571754424716466,,0,FALSE,FALSE,10,10,"pseudo_target_calibration"
127,"policy_sb","",2000,2000,0,95,0.0475,0.0475,0.0390140205961784,0.0577209071933555,,0,FALSE,FALSE,5,5,"development_control"
127,"policy_peba4","",2000,2000,0,95,0.0475,0.0475,0.0390140205961784,0.0577209071933555,,0,FALSE,FALSE,5,5,"development_control"
127,"exact_all","",2000,2000,0,89,0.0445,0.0445,0.0363026651284068,0.0544437649448146,,0,FALSE,FALSE,5,5,"development_control"
127,"opg_sb","",2000,2000,0,103,0.0515,0.0515,0.0426447200503388,0.062074871360945,,0,FALSE,FALSE,5,5,"development_control"
127,"opg_peba4","",2000,2000,0,101,0.0505,0.0505,0.041735473261678,0.0609879522441684,,0,FALSE,FALSE,5,5,"development_control"
127,"opg_all","",2000,2000,0,99,0.0495,0.0495,0.0408272546108082,0.0599000049896006,,0,FALSE,FALSE,5,5,"development_control"
128,"policy_sb","",2000,2000,0,92,0.046,0.046,0.0376570233593111,0.0560836555720665,,0,FALSE,FALSE,10,10,"development_control"
128,"policy_peba4","",2000,2000,0,88,0.044,0.044,0.0358518204164165,0.0538965267040861,,0,FALSE,FALSE,10,10,"development_control"
128,"exact_all","",2000,2000,0,82,0.041,0.041,0.0331534907492744,0.0506063586549158,,0,FALSE,FALSE,10,10,"development_control"
128,"opg_sb","",2000,2000,0,104,0.052,0.052,0.0430997202095579,0.0626179541544447,,0,FALSE,FALSE,10,10,"development_control"
128,"opg_peba4","",2000,2000,0,103,0.0515,0.0515,0.0426447200503388,0.062074871360945,,0,FALSE,FALSE,10,10,"development_control"
128,"opg_all","",2000,2000,0,93,0.0465,0.0465,0.0381090685112083,0.0566296933728881,,0,FALSE,FALSE,10,10,"development_control"
129,"policy_sb","",2000,2000,0,94,0.047,0.047,0.0385614023651686,0.0571754424716466,,0,FALSE,FALSE,5,5,"development_control"
129,"policy_peba4","",2000,2000,0,93,0.0465,0.0465,0.0381090685112083,0.0566296933728881,,0,FALSE,FALSE,5,5,"development_control"
129,"exact_all","",2000,2000,0,87,0.0435,0.0435,0.0354012878585441,0.0533489763092398,,0,FALSE,FALSE,5,5,"development_control"
129,"opg_sb","",2000,2000,0,112,0.056,0.056,0.0467483339387645,0.066954004046988,,0,FALSE,FALSE,5,5,"development_control"
129,"opg_peba4","",2000,2000,0,110,0.055,0.055,0.045834788368645,0.06587138371167,,0,FALSE,FALSE,5,5,"development_control"
129,"opg_all","",2000,2000,0,103,0.0515,0.0515,0.0426447200503388,0.062074871360945,,0,FALSE,FALSE,5,5,"development_control"
130,"policy_sb","",2000,2000,0,104,0.052,0.052,0.0430997202095579,0.0626179541544447,,0,FALSE,FALSE,10,10,"development_control"
130,"policy_peba4","",2000,2000,0,101,0.0505,0.0505,0.041735473261678,0.0609879522441684,,0,FALSE,FALSE,10,10,"development_control"
130,"exact_all","",2000,2000,0,95,0.0475,0.0475,0.0390140205961784,0.0577209071933555,,0,FALSE,FALSE,10,10,"development_control"
130,"opg_sb","",2000,2000,0,123,0.0615,0.0615,0.0517881702341286,0.0728930802315302,,0,FALSE,FALSE,10,10,"development_control"
130,"opg_peba4","",2000,2000,0,121,0.0605,0.0605,0.0508699893106399,0.0718150952495814,,0,FALSE,FALSE,10,10,"development_control"
130,"opg_all","",2000,2000,0,110,0.055,0.055,0.045834788368645,0.06587138371167,,0,FALSE,FALSE,10,10,"development_control"
131,"policy_sb","",2000,2000,0,80,0.04,0.04,0.0322567469399812,0.0495069365587715,,0,FALSE,FALSE,5,5,"pseudo_target_calibration"
131,"policy_peba4","",2000,2000,0,78,0.039,0.039,0.0313614325493969,0.0484060850439183,,0,FALSE,FALSE,5,5,"pseudo_target_calibration"
131,"exact_all","",2000,2000,0,75,0.0375,0.0375,0.0300212565632304,0.0467520121719286,,0,FALSE,FALSE,5,5,"pseudo_target_calibration"
131,"opg_sb","",2000,2000,0,126,0.063,0.063,0.0531668995291548,0.0745085997946602,,0,FALSE,FALSE,5,5,"pseudo_target_calibration"
131,"opg_peba4","",2000,2000,0,126,0.063,0.063,0.0531668995291548,0.0745085997946602,,0,FALSE,FALSE,5,5,"pseudo_target_calibration"
131,"opg_all","",2000,2000,0,121,0.0605,0.0605,0.0508699893106399,0.0718150952495814,,0,FALSE,FALSE,5,5,"pseudo_target_calibration"
132,"policy_sb","",2000,2000,0,95,0.0475,0.0475,0.0390140205961784,0.0577209071933555,,0,FALSE,FALSE,10,10,"pseudo_target_calibration"
132,"policy_peba4","",2000,2000,0,95,0.0475,0.0475,0.0390140205961784,0.0577209071933555,,0,FALSE,FALSE,10,10,"pseudo_target_calibration"
132,"exact_all","",2000,2000,0,85,0.0425,0.0425,0.034501179710098,0.0522529185522484,,0,FALSE,FALSE,10,10,"pseudo_target_calibration"
132,"opg_sb","",2000,2000,0,137,0.0685,0.0685,0.0582363653897786,0.0804180464139427,,0,FALSE,FALSE,10,10,"pseudo_target_calibration"
132,"opg_peba4","",2000,2000,0,137,0.0685,0.0685,0.0582363653897786,0.0804180464139427,,0,FALSE,FALSE,10,10,"pseudo_target_calibration"
132,"opg_all","",2000,2000,0,132,0.066,0.066,0.0559293986400836,0.077734598400044,,0,FALSE,FALSE,10,10,"pseudo_target_calibration"
133,"policy_sb","",2000,2000,0,97,0.0485,0.0485,0.0399200934428771,0.0588110002520943,,0,FALSE,FALSE,5,5,"pseudo_target_calibration"
133,"policy_peba4","",2000,2000,0,96,0.048,0.048,0.039466918990741,0.0582660917515116,,0,FALSE,FALSE,5,5,"pseudo_target_calibration"
133,"exact_all","",2000,2000,0,93,0.0465,0.0465,0.0381090685112083,0.0566296933728881,,0,FALSE,FALSE,5,5,"pseudo_target_calibration"
133,"opg_sb","",2000,2000,0,139,0.0695,0.0695,0.0591603405738976,0.0814902371352612,,0,FALSE,FALSE,5,5,"pseudo_target_calibration"
133,"opg_peba4","",2000,2000,0,137,0.0685,0.0685,0.0582363653897786,0.0804180464139427,,0,FALSE,FALSE,5,5,"pseudo_target_calibration"
133,"opg_all","",2000,2000,0,133,0.0665,0.0665,0.0563904454358221,0.0782716345570242,,0,FALSE,FALSE,5,5,"pseudo_target_calibration"
134,"policy_sb","",2000,2000,0,89,0.0445,0.0445,0.0363026651284068,0.0544437649448146,,0,FALSE,FALSE,10,10,"pseudo_target_calibration"
134,"policy_peba4","",2000,2000,0,88,0.044,0.044,0.0358518204164165,0.0538965267040861,,0,FALSE,FALSE,10,10,"pseudo_target_calibration"
134,"exact_all","",2000,2000,0,84,0.042,0.042,0.0340516147420547,0.051704400567573,,0,FALSE,FALSE,10,10,"pseudo_target_calibration"
134,"opg_sb","",2000,2000,0,139,0.0695,0.0695,0.0591603405738976,0.0814902371352612,,0,FALSE,FALSE,10,10,"pseudo_target_calibration"
134,"opg_peba4","",2000,2000,0,137,0.0685,0.0685,0.0582363653897786,0.0804180464139427,,0,FALSE,FALSE,10,10,"pseudo_target_calibration"
134,"opg_all","",2000,2000,0,125,0.0625,0.0625,0.052707131606488,0.0739702847646083,,0,FALSE,FALSE,10,10,"pseudo_target_calibration"
135,"policy_sb","",2000,2000,0,98,0.049,0.049,0.0403735399503073,0.0593556366973829,,0,FALSE,FALSE,5,5,"pseudo_target_calibration"
135,"policy_peba4","",2000,2000,0,97,0.0485,0.0485,0.0399200934428771,0.0588110002520943,,0,FALSE,FALSE,5,5,"pseudo_target_calibration"
135,"exact_all","",2000,2000,0,92,0.046,0.046,0.0376570233593111,0.0560836555720665,,0,FALSE,FALSE,5,5,"pseudo_target_calibration"
135,"opg_sb","",2000,2000,0,281,0.1405,0.1405,0.125958383461768,0.156419973533453,,0,FALSE,FALSE,5,5,"pseudo_target_calibration"
135,"opg_peba4","",2000,2000,0,281,0.1405,0.1405,0.125958383461768,0.156419973533453,,0,FALSE,FALSE,5,5,"pseudo_target_calibration"
135,"opg_all","",2000,2000,0,276,0.138,0.138,0.12357689890264,0.153811043328987,,0,FALSE,FALSE,5,5,"pseudo_target_calibration"
136,"policy_sb","",2000,2000,0,83,0.0415,0.0415,0.0336023831853571,0.0511555491715518,,0,FALSE,FALSE,10,10,"pseudo_target_calibration"
136,"policy_peba4","",2000,2000,0,83,0.0415,0.0415,0.0336023831853571,0.0511555491715518,,0,FALSE,FALSE,10,10,"pseudo_target_calibration"
136,"exact_all","",2000,2000,0,78,0.039,0.039,0.0313614325493969,0.0484060850439183,,0,FALSE,FALSE,10,10,"pseudo_target_calibration"
136,"opg_sb","",2000,2000,0,327,0.1635,0.1635,0.147939952045468,0.180350220774815,,0,FALSE,FALSE,10,10,"pseudo_target_calibration"
136,"opg_peba4","",2000,2000,0,324,0.162,0.162,0.146502667761302,0.178793256200825,,0,FALSE,FALSE,10,10,"pseudo_target_calibration"
136,"opg_all","",2000,2000,0,314,0.157,0.157,0.141715292262028,0.173599802172912,,0,FALSE,FALSE,10,10,"pseudo_target_calibration"
137,"policy_sb","",2000,2000,0,108,0.054,0.054,0.0449221548758202,0.0647878512990574,,0,FALSE,FALSE,5,5,"pseudo_target_calibration"
137,"policy_peba4","",2000,2000,0,108,0.054,0.054,0.0449221548758202,0.0647878512990574,,0,FALSE,FALSE,5,5,"pseudo_target_calibration"
137,"exact_all","",2000,2000,0,101,0.0505,0.0505,0.041735473261678,0.0609879522441684,,0,FALSE,FALSE,5,5,"pseudo_target_calibration"
137,"opg_sb","",2000,2000,0,249,0.1245,0.1245,0.11074657034677,0.139693132161451,,0,FALSE,FALSE,5,5,"pseudo_target_calibration"
137,"opg_peba4","",2000,2000,0,248,0.124,0.124,0.110272387351253,0.139169232204249,,0,FALSE,FALSE,5,5,"pseudo_target_calibration"
137,"opg_all","",2000,2000,0,241,0.1205,0.1205,0.106955256968573,0.135499781917898,,0,FALSE,FALSE,5,5,"pseudo_target_calibration"
138,"policy_sb","",2000,2000,0,79,0.0395,0.0395,0.031808907871607,0.0489566926744269,,0,FALSE,FALSE,10,10,"pseudo_target_calibration"
138,"policy_peba4","",2000,2000,0,76,0.038,0.038,0.0304675999287419,0.0473037517591358,,0,FALSE,FALSE,10,10,"pseudo_target_calibration"
138,"exact_all","",2000,2000,0,71,0.0355,0.0355,0.028239876230264,0.04454106069402,,0,FALSE,FALSE,10,10,"pseudo_target_calibration"
138,"opg_sb","",2000,2000,0,242,0.121,0.121,0.107428899482959,0.136024222356231,,0,FALSE,FALSE,10,10,"pseudo_target_calibration"
138,"opg_peba4","",2000,2000,0,237,0.1185,0.1185,0.105061479733118,0.133401227342478,,0,FALSE,FALSE,10,10,"pseudo_target_calibration"
138,"opg_all","",2000,2000,0,223,0.1115,0.1115,0.0984436045333179,0.126045941204216,,0,FALSE,FALSE,10,10,"pseudo_target_calibration"
139,"policy_sb","",2000,2000,0,108,0.054,0.054,0.0449221548758202,0.0647878512990574,,0,FALSE,FALSE,5,5,"development_control"
139,"policy_peba4","",2000,2000,0,105,0.0525,0.0525,0.0435549670251113,0.0631607902916101,,0,FALSE,FALSE,5,5,"development_control"
139,"exact_all","",2000,2000,0,100,0.05,0.05,0.0412812336187317,0.0604441089343959,,0,FALSE,FALSE,5,5,"development_control"
139,"opg_sb","",2000,2000,0,113,0.0565,0.0565,0.0472054416177926,0.0674949793206787,,0,FALSE,FALSE,5,5,"development_control"
139,"opg_peba4","",2000,2000,0,113,0.0565,0.0565,0.0472054416177926,0.0674949793206787,,0,FALSE,FALSE,5,5,"development_control"
139,"opg_all","",2000,2000,0,106,0.053,0.053,0.0440104572057971,0.063703383063643,,0,FALSE,FALSE,5,5,"development_control"
140,"policy_sb","",2000,2000,0,113,0.0565,0.0565,0.0472054416177926,0.0674949793206787,,0,FALSE,FALSE,10,10,"development_control"
140,"policy_peba4","",2000,2000,0,111,0.0555,0.0555,0.046291448586849,0.0664128064461848,,0,FALSE,FALSE,10,10,"development_control"
140,"exact_all","",2000,2000,0,107,0.0535,0.0535,0.044466187536516,0.0642457356856429,,0,FALSE,FALSE,10,10,"development_control"
140,"opg_sb","",2000,2000,0,116,0.058,0.058,0.0485780714540138,0.0691165983426138,,0,FALSE,FALSE,10,10,"development_control"
140,"opg_peba4","",2000,2000,0,115,0.0575,0.0575,0.0481203130334255,0.0685762738104833,,0,FALSE,FALSE,10,10,"development_control"
140,"opg_all","",2000,2000,0,113,0.0565,0.0565,0.0472054416177926,0.0674949793206787,,0,FALSE,FALSE,10,10,"development_control"
141,"policy_sb","",2000,2000,0,95,0.0475,0.0475,0.0390140205961784,0.0577209071933555,,0,FALSE,FALSE,5,5,"development_control"
141,"policy_peba4","",2000,2000,0,95,0.0475,0.0475,0.0390140205961784,0.0577209071933555,,0,FALSE,FALSE,5,5,"development_control"
141,"exact_all","",2000,2000,0,94,0.047,0.047,0.0385614023651686,0.0571754424716466,,0,FALSE,FALSE,5,5,"development_control"
141,"opg_sb","",2000,2000,0,96,0.048,0.048,0.039466918990741,0.0582660917515116,,0,FALSE,FALSE,5,5,"development_control"
141,"opg_peba4","",2000,2000,0,95,0.0475,0.0475,0.0390140205961784,0.0577209071933555,,0,FALSE,FALSE,5,5,"development_control"
141,"opg_all","",2000,2000,0,95,0.0475,0.0475,0.0390140205961784,0.0577209071933555,,0,FALSE,FALSE,5,5,"development_control"
142,"policy_sb","",2000,2000,0,98,0.049,0.049,0.0403735399503073,0.0593556366973829,,0,FALSE,FALSE,10,10,"development_control"
142,"policy_peba4","",2000,2000,0,96,0.048,0.048,0.039466918990741,0.0582660917515116,,0,FALSE,FALSE,10,10,"development_control"
142,"exact_all","",2000,2000,0,92,0.046,0.046,0.0376570233593111,0.0560836555720665,,0,FALSE,FALSE,10,10,"development_control"
142,"opg_sb","",2000,2000,0,104,0.052,0.052,0.0430997202095579,0.0626179541544447,,0,FALSE,FALSE,10,10,"development_control"
142,"opg_peba4","",2000,2000,0,102,0.051,0.051,0.0421899699173155,0.0615315385412496,,0,FALSE,FALSE,10,10,"development_control"
142,"opg_all","",2000,2000,0,96,0.048,0.048,0.039466918990741,0.0582660917515116,,0,FALSE,FALSE,10,10,"development_control"
143,"policy_sb","",2000,2000,0,103,0.0515,0.0515,0.0426447200503388,0.062074871360945,,0,FALSE,FALSE,5,5,"pseudo_target_calibration"
143,"policy_peba4","",2000,2000,0,102,0.051,0.051,0.0421899699173155,0.0615315385412496,,0,FALSE,FALSE,5,5,"pseudo_target_calibration"
143,"exact_all","",2000,2000,0,97,0.0485,0.0485,0.0399200934428771,0.0588110002520943,,0,FALSE,FALSE,5,5,"pseudo_target_calibration"
143,"opg_sb","",2000,2000,0,145,0.0725,0.0725,0.0619361686955532,0.084702906729918,,0,FALSE,FALSE,5,5,"pseudo_target_calibration"
143,"opg_peba4","",2000,2000,0,145,0.0725,0.0725,0.0619361686955532,0.084702906729918,,0,FALSE,FALSE,5,5,"pseudo_target_calibration"
143,"opg_all","",2000,2000,0,141,0.0705,0.0705,0.0600849746701732,0.0825617689444231,,0,FALSE,FALSE,5,5,"pseudo_target_calibration"
144,"policy_sb","",2000,2000,0,93,0.0465,0.0465,0.0381090685112083,0.0566296933728881,,0,FALSE,FALSE,10,10,"pseudo_target_calibration"
144,"policy_peba4","",2000,2000,0,92,0.046,0.046,0.0376570233593111,0.0560836555720665,,0,FALSE,FALSE,10,10,"pseudo_target_calibration"
144,"exact_all","",2000,2000,0,87,0.0435,0.0435,0.0354012878585441,0.0533489763092398,,0,FALSE,FALSE,10,10,"pseudo_target_calibration"
144,"opg_sb","",2000,2000,0,152,0.076,0.076,0.0651816880466707,0.0884439680478318,,0,FALSE,FALSE,10,10,"pseudo_target_calibration"
144,"opg_peba4","",2000,2000,0,150,0.075,0.075,0.0642536480572273,0.0873758421318377,,0,FALSE,FALSE,10,10,"pseudo_target_calibration"
144,"opg_all","",2000,2000,0,146,0.073,0.073,0.0623993594934027,0.0852377988847873,,0,FALSE,FALSE,10,10,"pseudo_target_calibration"
145,"policy_sb","",2000,2000,0,107,0.0535,0.0535,0.044466187536516,0.0642457356856429,,0,FALSE,FALSE,5,5,"pseudo_target_calibration"
145,"policy_peba4","",2000,2000,0,104,0.052,0.052,0.0430997202095579,0.0626179541544447,,0,FALSE,FALSE,5,5,"pseudo_target_calibration"
145,"exact_all","",2000,2000,0,99,0.0495,0.0495,0.0408272546108082,0.0599000049896006,,0,FALSE,FALSE,5,5,"pseudo_target_calibration"
145,"opg_sb","",2000,2000,0,141,0.0705,0.0705,0.0600849746701732,0.0825617689444231,,0,FALSE,FALSE,5,5,"pseudo_target_calibration"
145,"opg_peba4","",2000,2000,0,141,0.0705,0.0705,0.0600849746701732,0.0825617689444231,,0,FALSE,FALSE,5,5,"pseudo_target_calibration"
145,"opg_all","",2000,2000,0,134,0.067,0.067,0.0568516672954134,0.0788084956501516,,0,FALSE,FALSE,5,5,"pseudo_target_calibration"
146,"policy_sb","",2000,2000,0,87,0.0435,0.0435,0.0354012878585441,0.0533489763092398,,0,FALSE,FALSE,10,10,"pseudo_target_calibration"
146,"policy_peba4","",2000,2000,0,86,0.043,0.043,0.0349510725446127,0.0528011086704525,,0,FALSE,FALSE,10,10,"pseudo_target_calibration"
146,"exact_all","",2000,2000,0,83,0.0415,0.0415,0.0336023831853571,0.0511555491715518,,0,FALSE,FALSE,10,10,"pseudo_target_calibration"
146,"opg_sb","",2000,2000,0,134,0.067,0.067,0.0568516672954134,0.0788084956501516,,0,FALSE,FALSE,10,10,"pseudo_target_calibration"
146,"opg_peba4","",2000,2000,0,134,0.067,0.067,0.0568516672954134,0.0788084956501516,,0,FALSE,FALSE,10,10,"pseudo_target_calibration"
146,"opg_all","",2000,2000,0,129,0.0645,0.0645,0.054547327176289,0.0761224210056823,,0,FALSE,FALSE,10,10,"pseudo_target_calibration"
147,"policy_sb","",2000,2000,0,109,0.0545,0.0545,0.0453783561535632,0.0653297329740332,,0,FALSE,FALSE,5,5,"pseudo_target_calibration"
147,"policy_peba4","",2000,2000,0,108,0.054,0.054,0.0449221548758202,0.0647878512990574,,0,FALSE,FALSE,5,5,"pseudo_target_calibration"
147,"exact_all","",2000,2000,0,107,0.0535,0.0535,0.044466187536516,0.0642457356856429,,0,FALSE,FALSE,5,5,"pseudo_target_calibration"
147,"opg_sb","",2000,2000,0,307,0.1535,0.1535,0.138367483554955,0.169961030210953,,0,FALSE,FALSE,5,5,"pseudo_target_calibration"
147,"opg_peba4","",2000,2000,0,307,0.1535,0.1535,0.138367483554955,0.169961030210953,,0,FALSE,FALSE,5,5,"pseudo_target_calibration"
147,"opg_all","",2000,2000,0,305,0.1525,0.1525,0.137411486778097,0.168920861082374,,0,FALSE,FALSE,5,5,"pseudo_target_calibration"
148,"policy_sb","",2000,2000,0,100,0.05,0.05,0.0412812336187317,0.0604441089343959,,0,FALSE,FALSE,10,10,"pseudo_target_calibration"
148,"policy_peba4","",2000,2000,0,99,0.0495,0.0495,0.0408272546108082,0.0599000049896006,,0,FALSE,FALSE,10,10,"pseudo_target_calibration"
148,"exact_all","",2000,2000,0,97,0.0485,0.0485,0.0399200934428771,0.0588110002520943,,0,FALSE,FALSE,10,10,"pseudo_target_calibration"
148,"opg_sb","",2000,2000,0,338,0.169,0.169,0.153214102719731,0.186054982580458,,0,FALSE,FALSE,10,10,"pseudo_target_calibration"
148,"opg_peba4","",2000,2000,0,337,0.1685,0.1685,0.152734371854027,0.185536630493443,,0,FALSE,FALSE,10,10,"pseudo_target_calibration"
148,"opg_all","",2000,2000,0,333,0.1665,0.1665,0.150815969870158,0.183462700666438,,0,FALSE,FALSE,10,10,"pseudo_target_calibration"
149,"policy_sb","",2000,2000,0,103,0.0515,0.0515,0.0426447200503388,0.062074871360945,,0,FALSE,FALSE,5,5,"pseudo_target_calibration"
149,"policy_peba4","",2000,2000,0,102,0.051,0.051,0.0421899699173155,0.0615315385412496,,0,FALSE,FALSE,5,5,"pseudo_target_calibration"
149,"exact_all","",2000,2000,0,100,0.05,0.05,0.0412812336187317,0.0604441089343959,,0,FALSE,FALSE,5,5,"pseudo_target_calibration"
149,"opg_sb","",2000,2000,0,240,0.12,0.12,0.106481693310381,0.134975262623371,,0,FALSE,FALSE,5,5,"pseudo_target_calibration"
149,"opg_peba4","",2000,2000,0,239,0.1195,0.1195,0.106008208932204,0.134450664048829,,0,FALSE,FALSE,5,5,"pseudo_target_calibration"
149,"opg_all","",2000,2000,0,237,0.1185,0.1185,0.105061479733118,0.133401227342478,,0,FALSE,FALSE,5,5,"pseudo_target_calibration"
150,"policy_sb","",2000,2000,0,103,0.0515,0.0515,0.0426447200503388,0.062074871360945,,0,FALSE,FALSE,10,10,"pseudo_target_calibration"
150,"policy_peba4","",2000,2000,0,103,0.0515,0.0515,0.0426447200503388,0.062074871360945,,0,FALSE,FALSE,10,10,"pseudo_target_calibration"
150,"exact_all","",2000,2000,0,100,0.05,0.05,0.0412812336187317,0.0604441089343959,,0,FALSE,FALSE,10,10,"pseudo_target_calibration"
150,"opg_sb","",2000,2000,0,271,0.1355,0.1355,0.121197073495243,0.151200453972791,,0,FALSE,FALSE,10,10,"pseudo_target_calibration"
150,"opg_peba4","",2000,2000,0,268,0.134,0.134,0.119769990621021,0.149633287988857,,0,FALSE,FALSE,10,10,"pseudo_target_calibration"
150,"opg_all","",2000,2000,0,265,0.1325,0.1325,0.118343527538378,0.148065502213343,,0,FALSE,FALSE,10,10,"pseudo_target_calibration"
151,"policy_sb","",2000,2000,0,93,0.0465,0.0465,0.0381090685112083,0.0566296933728881,,0,FALSE,FALSE,5,5,"development_control"
151,"policy_peba4","",2000,2000,0,91,0.0455,0.0455,0.0372052713502014,0.0555373246284575,,0,FALSE,FALSE,5,5,"development_control"
151,"exact_all","",2000,2000,0,87,0.0435,0.0435,0.0354012878585441,0.0533489763092398,,0,FALSE,FALSE,5,5,"development_control"
151,"opg_sb","",2000,2000,0,94,0.047,0.047,0.0385614023651686,0.0571754424716466,,0,FALSE,FALSE,5,5,"development_control"
151,"opg_peba4","",2000,2000,0,94,0.047,0.047,0.0385614023651686,0.0571754424716466,,0,FALSE,FALSE,5,5,"development_control"
151,"opg_all","",2000,2000,0,88,0.044,0.044,0.0358518204164165,0.0538965267040861,,0,FALSE,FALSE,5,5,"development_control"
152,"policy_sb","",2000,2000,0,106,0.053,0.053,0.0440104572057971,0.063703383063643,,0,FALSE,FALSE,10,10,"development_control"
152,"policy_peba4","",2000,2000,0,105,0.0525,0.0525,0.0435549670251113,0.0631607902916101,,0,FALSE,FALSE,10,10,"development_control"
152,"exact_all","",2000,2000,0,100,0.05,0.05,0.0412812336187317,0.0604441089343959,,0,FALSE,FALSE,10,10,"development_control"
152,"opg_sb","",2000,2000,0,105,0.0525,0.0525,0.0435549670251113,0.0631607902916101,,0,FALSE,FALSE,10,10,"development_control"
152,"opg_peba4","",2000,2000,0,104,0.052,0.052,0.0430997202095579,0.0626179541544447,,0,FALSE,FALSE,10,10,"development_control"
152,"opg_all","",2000,2000,0,103,0.0515,0.0515,0.0426447200503388,0.062074871360945,,0,FALSE,FALSE,10,10,"development_control"
153,"policy_sb","",2000,2000,0,101,0.0505,0.0505,0.041735473261678,0.0609879522441684,,0,FALSE,FALSE,5,5,"development_control"
153,"policy_peba4","",2000,2000,0,100,0.05,0.05,0.0412812336187317,0.0604441089343959,,0,FALSE,FALSE,5,5,"development_control"
153,"exact_all","",2000,2000,0,98,0.049,0.049,0.0403735399503073,0.0593556366973829,,0,FALSE,FALSE,5,5,"development_control"
153,"opg_sb","",2000,2000,0,103,0.0515,0.0515,0.0426447200503388,0.062074871360945,,0,FALSE,FALSE,5,5,"development_control"
153,"opg_peba4","",2000,2000,0,103,0.0515,0.0515,0.0426447200503388,0.062074871360945,,0,FALSE,FALSE,5,5,"development_control"
153,"opg_all","",2000,2000,0,101,0.0505,0.0505,0.041735473261678,0.0609879522441684,,0,FALSE,FALSE,5,5,"development_control"
154,"policy_sb","",2000,2000,0,111,0.0555,0.0555,0.046291448586849,0.0664128064461848,,0,FALSE,FALSE,10,10,"development_control"
154,"policy_peba4","",2000,2000,0,108,0.054,0.054,0.0449221548758202,0.0647878512990574,,0,FALSE,FALSE,10,10,"development_control"
154,"exact_all","",2000,2000,0,103,0.0515,0.0515,0.0426447200503388,0.062074871360945,,0,FALSE,FALSE,10,10,"development_control"
154,"opg_sb","",2000,2000,0,112,0.056,0.056,0.0467483339387645,0.066954004046988,,0,FALSE,FALSE,10,10,"development_control"
154,"opg_peba4","",2000,2000,0,110,0.055,0.055,0.045834788368645,0.06587138371167,,0,FALSE,FALSE,10,10,"development_control"
154,"opg_all","",2000,2000,0,107,0.0535,0.0535,0.044466187536516,0.0642457356856429,,0,FALSE,FALSE,10,10,"development_control"
155,"policy_sb","",2000,2000,0,116,0.058,0.058,0.0485780714540138,0.0691165983426138,,0,FALSE,FALSE,5,5,"pseudo_target_calibration"
155,"policy_peba4","",2000,2000,0,115,0.0575,0.0575,0.0481203130334255,0.0685762738104833,,0,FALSE,FALSE,5,5,"pseudo_target_calibration"
155,"exact_all","",2000,2000,0,112,0.056,0.056,0.0467483339387645,0.066954004046988,,0,FALSE,FALSE,5,5,"pseudo_target_calibration"
155,"opg_sb","",2000,2000,0,159,0.0795,0.0795,0.0684343507111252,0.0921778860524085,,0,FALSE,FALSE,5,5,"pseudo_target_calibration"
155,"opg_peba4","",2000,2000,0,159,0.0795,0.0795,0.0684343507111252,0.0921778860524085,,0,FALSE,FALSE,5,5,"pseudo_target_calibration"
155,"opg_all","",2000,2000,0,154,0.077,0.077,0.0661103108454566,0.0895115111544834,,0,FALSE,FALSE,5,5,"pseudo_target_calibration"
156,"policy_sb","",2000,2000,0,106,0.053,0.053,0.0440104572057971,0.063703383063643,,0,FALSE,FALSE,10,10,"pseudo_target_calibration"
156,"policy_peba4","",2000,2000,0,103,0.0515,0.0515,0.0426447200503388,0.062074871360945,,0,FALSE,FALSE,10,10,"pseudo_target_calibration"
156,"exact_all","",2000,2000,0,101,0.0505,0.0505,0.041735473261678,0.0609879522441684,,0,FALSE,FALSE,10,10,"pseudo_target_calibration"
156,"opg_sb","",2000,2000,0,158,0.079,0.079,0.0679692639204037,0.0916448898904113,,0,FALSE,FALSE,10,10,"pseudo_target_calibration"
156,"opg_peba4","",2000,2000,0,158,0.079,0.079,0.0679692639204037,0.0916448898904113,,0,FALSE,FALSE,10,10,"pseudo_target_calibration"
156,"opg_all","",2000,2000,0,155,0.0775,0.0775,0.0665748375609146,0.0900450673917441,,0,FALSE,FALSE,10,10,"pseudo_target_calibration"
157,"policy_sb","",2000,2000,0,100,0.05,0.05,0.0412812336187317,0.0604441089343959,,0,FALSE,FALSE,5,5,"pseudo_target_calibration"
157,"policy_peba4","",2000,2000,0,99,0.0495,0.0495,0.0408272546108082,0.0599000049896006,,0,FALSE,FALSE,5,5,"pseudo_target_calibration"
157,"exact_all","",2000,2000,0,99,0.0495,0.0495,0.0408272546108082,0.0599000049896006,,0,FALSE,FALSE,5,5,"pseudo_target_calibration"
157,"opg_sb","",2000,2000,0,140,0.07,0.07,0.0596225760708208,0.0820260845910568,,0,FALSE,FALSE,5,5,"pseudo_target_calibration"
157,"opg_peba4","",2000,2000,0,140,0.07,0.07,0.0596225760708208,0.0820260845910568,,0,FALSE,FALSE,5,5,"pseudo_target_calibration"
157,"opg_all","",2000,2000,0,135,0.0675,0.0675,0.0573130624158043,0.0793451834824795,,0,FALSE,FALSE,5,5,"pseudo_target_calibration"
158,"policy_sb","",2000,2000,0,89,0.0445,0.0445,0.0363026651284068,0.0544437649448146,,0,FALSE,FALSE,10,10,"pseudo_target_calibration"
158,"policy_peba4","",2000,2000,0,87,0.0435,0.0435,0.0354012878585441,0.0533489763092398,,0,FALSE,FALSE,10,10,"pseudo_target_calibration"
158,"exact_all","",2000,2000,0,85,0.0425,0.0425,0.034501179710098,0.0522529185522484,,0,FALSE,FALSE,10,10,"pseudo_target_calibration"
158,"opg_sb","",2000,2000,0,131,0.0655,0.0655,0.0554685287448785,0.0771973853425303,,0,FALSE,FALSE,10,10,"pseudo_target_calibration"
158,"opg_peba4","",2000,2000,0,129,0.0645,0.0645,0.054547327176289,0.0761224210056823,,0,FALSE,FALSE,10,10,"pseudo_target_calibration"
158,"opg_all","",2000,2000,0,125,0.0625,0.0625,0.052707131606488,0.0739702847646083,,0,FALSE,FALSE,10,10,"pseudo_target_calibration"
159,"policy_sb","",2000,2000,0,97,0.0485,0.0485,0.0399200934428771,0.0588110002520943,,0,FALSE,FALSE,5,5,"pseudo_target_calibration"
159,"policy_peba4","",2000,2000,0,97,0.0485,0.0485,0.0399200934428771,0.0588110002520943,,0,FALSE,FALSE,5,5,"pseudo_target_calibration"
159,"exact_all","",2000,2000,0,96,0.048,0.048,0.039466918990741,0.0582660917515116,,0,FALSE,FALSE,5,5,"pseudo_target_calibration"
159,"opg_sb","",2000,2000,0,301,0.1505,0.1505,0.135500198632222,0.166839817417374,,0,FALSE,FALSE,5,5,"pseudo_target_calibration"
159,"opg_peba4","",2000,2000,0,301,0.1505,0.1505,0.135500198632222,0.166839817417374,,0,FALSE,FALSE,5,5,"pseudo_target_calibration"
159,"opg_all","",2000,2000,0,298,0.149,0.149,0.134067357313374,0.165278409878065,,0,FALSE,FALSE,5,5,"pseudo_target_calibration"
160,"policy_sb","",2000,2000,0,113,0.0565,0.0565,0.0472054416177926,0.0674949793206787,,0,FALSE,FALSE,10,10,"pseudo_target_calibration"
160,"policy_peba4","",2000,2000,0,111,0.0555,0.0555,0.046291448586849,0.0664128064461848,,0,FALSE,FALSE,10,10,"pseudo_target_calibration"
160,"exact_all","",2000,2000,0,110,0.055,0.055,0.045834788368645,0.06587138371167,,0,FALSE,FALSE,10,10,"pseudo_target_calibration"
160,"opg_sb","",2000,2000,0,358,0.179,0.179,0.162819359724256,0.196411384630309,,0,FALSE,FALSE,10,10,"pseudo_target_calibration"
160,"opg_peba4","",2000,2000,0,357,0.1785,0.1785,0.162338626343668,0.195894035058178,,0,FALSE,FALSE,10,10,"pseudo_target_calibration"
160,"opg_all","",2000,2000,0,355,0.1775,0.1775,0.161377305367454,0.194859190128954,,0,FALSE,FALSE,10,10,"pseudo_target_calibration"
161,"policy_sb","",2000,2000,0,103,0.0515,0.0515,0.0426447200503388,0.062074871360945,,0,FALSE,FALSE,5,5,"pseudo_target_calibration"
161,"policy_peba4","",2000,2000,0,102,0.051,0.051,0.0421899699173155,0.0615315385412496,,0,FALSE,FALSE,5,5,"pseudo_target_calibration"
161,"exact_all","",2000,2000,0,100,0.05,0.05,0.0412812336187317,0.0604441089343959,,0,FALSE,FALSE,5,5,"pseudo_target_calibration"
161,"opg_sb","",2000,2000,0,231,0.1155,0.1155,0.102223240319668,0.130250969039615,,0,FALSE,FALSE,5,5,"pseudo_target_calibration"
161,"opg_peba4","",2000,2000,0,231,0.1155,0.1155,0.102223240319668,0.130250969039615,,0,FALSE,FALSE,5,5,"pseudo_target_calibration"
161,"opg_all","",2000,2000,0,230,0.115,0.115,0.101750489277059,0.129725637129505,,0,FALSE,FALSE,5,5,"pseudo_target_calibration"
162,"policy_sb","",2000,2000,0,114,0.057,0.057,0.0476627688782296,0.0680357350129605,,0,FALSE,FALSE,10,10,"pseudo_target_calibration"
162,"policy_peba4","",2000,2000,0,113,0.0565,0.0565,0.0472054416177926,0.0674949793206787,,0,FALSE,FALSE,10,10,"pseudo_target_calibration"
162,"exact_all","",2000,2000,0,110,0.055,0.055,0.045834788368645,0.06587138371167,,0,FALSE,FALSE,10,10,"pseudo_target_calibration"
162,"opg_sb","",2000,2000,0,275,0.1375,0.1375,0.123100799879349,0.153289059399559,,0,FALSE,FALSE,10,10,"pseudo_target_calibration"
162,"opg_peba4","",2000,2000,0,275,0.1375,0.1375,0.123100799879349,0.153289059399559,,0,FALSE,FALSE,10,10,"pseudo_target_calibration"
162,"opg_all","",2000,2000,0,272,0.136,0.136,0.121672904017757,0.151722706402995,,0,FALSE,FALSE,10,10,"pseudo_target_calibration"
163,"policy_sb","",2000,2000,0,96,0.048,0.048,0.039466918990741,0.0582660917515116,,0,FALSE,FALSE,5,5,"development_control"
163,"policy_peba4","",2000,2000,0,95,0.0475,0.0475,0.0390140205961784,0.0577209071933555,,0,FALSE,FALSE,5,5,"development_control"
163,"exact_all","",2000,2000,0,94,0.047,0.047,0.0385614023651686,0.0571754424716466,,0,FALSE,FALSE,5,5,"development_control"
163,"opg_sb","",2000,2000,0,96,0.048,0.048,0.039466918990741,0.0582660917515116,,0,FALSE,FALSE,5,5,"development_control"
163,"opg_peba4","",2000,2000,0,95,0.0475,0.0475,0.0390140205961784,0.0577209071933555,,0,FALSE,FALSE,5,5,"development_control"
163,"opg_all","",2000,2000,0,94,0.047,0.047,0.0385614023651686,0.0571754424716466,,0,FALSE,FALSE,5,5,"development_control"
164,"policy_sb","",2000,2000,0,102,0.051,0.051,0.0421899699173155,0.0615315385412496,,0,FALSE,FALSE,10,10,"development_control"
164,"policy_peba4","",2000,2000,0,99,0.0495,0.0495,0.0408272546108082,0.0599000049896006,,0,FALSE,FALSE,10,10,"development_control"
164,"exact_all","",2000,2000,0,95,0.0475,0.0475,0.0390140205961784,0.0577209071933555,,0,FALSE,FALSE,10,10,"development_control"
164,"opg_sb","",2000,2000,0,102,0.051,0.051,0.0421899699173155,0.0615315385412496,,0,FALSE,FALSE,10,10,"development_control"
164,"opg_peba4","",2000,2000,0,99,0.0495,0.0495,0.0408272546108082,0.0599000049896006,,0,FALSE,FALSE,10,10,"development_control"
164,"opg_all","",2000,2000,0,95,0.0475,0.0475,0.0390140205961784,0.0577209071933555,,0,FALSE,FALSE,10,10,"development_control"
165,"policy_sb","",2000,2000,0,108,0.054,0.054,0.0449221548758202,0.0647878512990574,,0,FALSE,FALSE,5,5,"pseudo_target_calibration"
165,"policy_peba4","",2000,2000,0,106,0.053,0.053,0.0440104572057971,0.063703383063643,,0,FALSE,FALSE,5,5,"pseudo_target_calibration"
165,"exact_all","",2000,2000,0,103,0.0515,0.0515,0.0426447200503388,0.062074871360945,,0,FALSE,FALSE,5,5,"pseudo_target_calibration"
165,"opg_sb","",2000,2000,0,108,0.054,0.054,0.0449221548758202,0.0647878512990574,,0,FALSE,FALSE,5,5,"pseudo_target_calibration"
165,"opg_peba4","",2000,2000,0,106,0.053,0.053,0.0440104572057971,0.063703383063643,,0,FALSE,FALSE,5,5,"pseudo_target_calibration"
165,"opg_all","",2000,2000,0,103,0.0515,0.0515,0.0426447200503388,0.062074871360945,,0,FALSE,FALSE,5,5,"pseudo_target_calibration"
166,"policy_sb","",2000,2000,0,109,0.0545,0.0545,0.0453783561535632,0.0653297329740332,,0,FALSE,FALSE,10,10,"pseudo_target_calibration"
166,"policy_peba4","",2000,2000,0,108,0.054,0.054,0.0449221548758202,0.0647878512990574,,0,FALSE,FALSE,10,10,"pseudo_target_calibration"
166,"exact_all","",2000,2000,0,102,0.051,0.051,0.0421899699173155,0.0615315385412496,,0,FALSE,FALSE,10,10,"pseudo_target_calibration"
166,"opg_sb","",2000,2000,0,109,0.0545,0.0545,0.0453783561535632,0.0653297329740332,,0,FALSE,FALSE,10,10,"pseudo_target_calibration"
166,"opg_peba4","",2000,2000,0,108,0.054,0.054,0.0449221548758202,0.0647878512990574,,0,FALSE,FALSE,10,10,"pseudo_target_calibration"
166,"opg_all","",2000,2000,0,102,0.051,0.051,0.0421899699173155,0.0615315385412496,,0,FALSE,FALSE,10,10,"pseudo_target_calibration"
167,"policy_sb","",2000,2000,0,92,0.046,0.046,0.0376570233593111,0.0560836555720665,,0,FALSE,FALSE,5,5,"pseudo_target_calibration"
167,"policy_peba4","",2000,2000,0,91,0.0455,0.0455,0.0372052713502014,0.0555373246284575,,0,FALSE,FALSE,5,5,"pseudo_target_calibration"
167,"exact_all","",2000,2000,0,89,0.0445,0.0445,0.0363026651284068,0.0544437649448146,,0,FALSE,FALSE,5,5,"pseudo_target_calibration"
167,"opg_sb","",2000,2000,0,92,0.046,0.046,0.0376570233593111,0.0560836555720665,,0,FALSE,FALSE,5,5,"pseudo_target_calibration"
167,"opg_peba4","",2000,2000,0,91,0.0455,0.0455,0.0372052713502014,0.0555373246284575,,0,FALSE,FALSE,5,5,"pseudo_target_calibration"
167,"opg_all","",2000,2000,0,89,0.0445,0.0445,0.0363026651284068,0.0544437649448146,,0,FALSE,FALSE,5,5,"pseudo_target_calibration"
168,"policy_sb","",2000,2000,0,98,0.049,0.049,0.0403735399503073,0.0593556366973829,,0,FALSE,FALSE,10,10,"pseudo_target_calibration"
168,"policy_peba4","",2000,2000,0,98,0.049,0.049,0.0403735399503073,0.0593556366973829,,0,FALSE,FALSE,10,10,"pseudo_target_calibration"
168,"exact_all","",2000,2000,0,96,0.048,0.048,0.039466918990741,0.0582660917515116,,0,FALSE,FALSE,10,10,"pseudo_target_calibration"
168,"opg_sb","",2000,2000,0,98,0.049,0.049,0.0403735399503073,0.0593556366973829,,0,FALSE,FALSE,10,10,"pseudo_target_calibration"
168,"opg_peba4","",2000,2000,0,98,0.049,0.049,0.0403735399503073,0.0593556366973829,,0,FALSE,FALSE,10,10,"pseudo_target_calibration"
168,"opg_all","",2000,2000,0,96,0.048,0.048,0.039466918990741,0.0582660917515116,,0,FALSE,FALSE,10,10,"pseudo_target_calibration"
169,"policy_sb","",2000,2000,0,90,0.045,0.045,0.0367538170447133,0.0549906959812269,,0,FALSE,FALSE,5,5,"development_control"
169,"policy_peba4","",2000,2000,0,89,0.0445,0.0445,0.0363026651284068,0.0544437649448146,,0,FALSE,FALSE,5,5,"development_control"
169,"exact_all","",2000,2000,0,88,0.044,0.044,0.0358518204164165,0.0538965267040861,,0,FALSE,FALSE,5,5,"development_control"
169,"opg_sb","",2000,2000,0,90,0.045,0.045,0.0367538170447133,0.0549906959812269,,0,FALSE,FALSE,5,5,"development_control"
169,"opg_peba4","",2000,2000,0,89,0.0445,0.0445,0.0363026651284068,0.0544437649448146,,0,FALSE,FALSE,5,5,"development_control"
169,"opg_all","",2000,2000,0,89,0.0445,0.0445,0.0363026651284068,0.0544437649448146,,0,FALSE,FALSE,5,5,"development_control"
170,"policy_sb","",2000,2000,0,107,0.0535,0.0535,0.044466187536516,0.0642457356856429,,0,FALSE,FALSE,10,10,"development_control"
170,"policy_peba4","",2000,2000,0,107,0.0535,0.0535,0.044466187536516,0.0642457356856429,,0,FALSE,FALSE,10,10,"development_control"
170,"exact_all","",2000,2000,0,102,0.051,0.051,0.0421899699173155,0.0615315385412496,,0,FALSE,FALSE,10,10,"development_control"
170,"opg_sb","",2000,2000,0,107,0.0535,0.0535,0.044466187536516,0.0642457356856429,,0,FALSE,FALSE,10,10,"development_control"
170,"opg_peba4","",2000,2000,0,107,0.0535,0.0535,0.044466187536516,0.0642457356856429,,0,FALSE,FALSE,10,10,"development_control"
170,"opg_all","",2000,2000,0,103,0.0515,0.0515,0.0426447200503388,0.062074871360945,,0,FALSE,FALSE,10,10,"development_control"
171,"policy_sb","",2000,2000,0,123,0.0615,0.0615,0.0517881702341286,0.0728930802315302,,0,FALSE,FALSE,5,5,"pseudo_target_calibration"
171,"policy_peba4","",2000,2000,0,123,0.0615,0.0615,0.0517881702341286,0.0728930802315302,,0,FALSE,FALSE,5,5,"pseudo_target_calibration"
171,"exact_all","",2000,2000,0,118,0.059,0.059,0.0494942208501671,0.070196614851898,,0,FALSE,FALSE,5,5,"pseudo_target_calibration"
171,"opg_sb","",2000,2000,0,127,0.0635,0.0635,0.0536268561305831,0.0750467261459507,,0,FALSE,FALSE,5,5,"pseudo_target_calibration"
171,"opg_peba4","",2000,2000,0,127,0.0635,0.0635,0.0536268561305831,0.0750467261459507,,0,FALSE,FALSE,5,5,"pseudo_target_calibration"
171,"opg_all","",2000,2000,0,127,0.0635,0.0635,0.0536268561305831,0.0750467261459507,,0,FALSE,FALSE,5,5,"pseudo_target_calibration"
172,"policy_sb","",2000,2000,0,110,0.055,0.055,0.045834788368645,0.06587138371167,,0,FALSE,FALSE,10,10,"pseudo_target_calibration"
172,"policy_peba4","",2000,2000,0,108,0.054,0.054,0.0449221548758202,0.0647878512990574,,0,FALSE,FALSE,10,10,"pseudo_target_calibration"
172,"exact_all","",2000,2000,0,103,0.0515,0.0515,0.0426447200503388,0.062074871360945,,0,FALSE,FALSE,10,10,"pseudo_target_calibration"
172,"opg_sb","",2000,2000,0,112,0.056,0.056,0.0467483339387645,0.066954004046988,,0,FALSE,FALSE,10,10,"pseudo_target_calibration"
172,"opg_peba4","",2000,2000,0,111,0.0555,0.0555,0.046291448586849,0.0664128064461848,,0,FALSE,FALSE,10,10,"pseudo_target_calibration"
172,"opg_all","",2000,2000,0,109,0.0545,0.0545,0.0453783561535632,0.0653297329740332,,0,FALSE,FALSE,10,10,"pseudo_target_calibration"
173,"policy_sb","",2000,2000,0,93,0.0465,0.0465,0.0381090685112083,0.0566296933728881,,0,FALSE,FALSE,5,5,"pseudo_target_calibration"
173,"policy_peba4","",2000,2000,0,92,0.046,0.046,0.0376570233593111,0.0560836555720665,,0,FALSE,FALSE,5,5,"pseudo_target_calibration"
173,"exact_all","",2000,2000,0,92,0.046,0.046,0.0376570233593111,0.0560836555720665,,0,FALSE,FALSE,5,5,"pseudo_target_calibration"
173,"opg_sb","",2000,2000,0,102,0.051,0.051,0.0421899699173155,0.0615315385412496,,0,FALSE,FALSE,5,5,"pseudo_target_calibration"
173,"opg_peba4","",2000,2000,0,102,0.051,0.051,0.0421899699173155,0.0615315385412496,,0,FALSE,FALSE,5,5,"pseudo_target_calibration"
173,"opg_all","",2000,2000,0,101,0.0505,0.0505,0.041735473261678,0.0609879522441684,,0,FALSE,FALSE,5,5,"pseudo_target_calibration"
174,"policy_sb","",2000,2000,0,102,0.051,0.051,0.0421899699173155,0.0615315385412496,,0,FALSE,FALSE,10,10,"pseudo_target_calibration"
174,"policy_peba4","",2000,2000,0,102,0.051,0.051,0.0421899699173155,0.0615315385412496,,0,FALSE,FALSE,10,10,"pseudo_target_calibration"
174,"exact_all","",2000,2000,0,97,0.0485,0.0485,0.0399200934428771,0.0588110002520943,,0,FALSE,FALSE,10,10,"pseudo_target_calibration"
174,"opg_sb","",2000,2000,0,123,0.0615,0.0615,0.0517881702341286,0.0728930802315302,,0,FALSE,FALSE,10,10,"pseudo_target_calibration"
174,"opg_peba4","",2000,2000,0,122,0.061,0.061,0.0513289811081226,0.0723541864048174,,0,FALSE,FALSE,10,10,"pseudo_target_calibration"
174,"opg_all","",2000,2000,0,120,0.06,0.06,0.0504111971143165,0.0712758044931861,,0,FALSE,FALSE,10,10,"pseudo_target_calibration"
