"candidate","baseline","lane","family","role","pop","model","n","rep","transform","estimator","seed","fmin","newton_status","optimizer_status","f_evals","start_policy","stage","admissible","message","fmin_baseline","best_known","arms"
"layered_port","default","ml-gls","boomsma","test","boomsma_3CM","cfa",25,34,"mixed","GLS",2073112647,0.145429960853043,"ill_conditioned","singular_convergence",1280,"",,FALSE,"",0.102852269966025,0.102852269966025,"default:ok;default_port:ok;layered_lbfgs:fail;layered_port:fail;witness:fail"
"layered_port","default","ml-gls","boomsma","test","boomsma_3CM","cfa",25,4,"native","ML",179755336,0.106010381843993,"ill_conditioned","noisy_objective",943,"layered",,FALSE,"",0.095016374325799,0.095016374325799,"default:ok;default_port:ok;layered_lbfgs:fail;layered_port:fail;witness:ok"
"layered_port","default","ml-gls","boomsma","test","boomsma_3CM","cfa",25,4,"x0.01","ML",179755336,0.10601033850228,"ill_conditioned","singular_convergence",970,"layered",,FALSE,"",0.0950163743257981,0.0950163743257981,"default:ok;default_port:fail;layered_lbfgs:fail;layered_port:fail;witness:ok"
"layered_port","default","ml-gls","boomsma","test","boomsma_3CM","cfa",25,4,"x100","ML",179755336,0.106010329297565,"ill_conditioned","singular_convergence",962,"layered",,FALSE,"",0.0950163743257946,0.0950163743257946,"default:ok;default_port:ok;layered_lbfgs:fail;layered_port:fail;witness:ok"
"layered_port","default","ml-gls","boomsma","test","boomsma_3CM","cfa",25,52,"mixed","ML",2073112907,0.156425903677717,"ill_conditioned","singular_convergence",1107,"layered",,FALSE,"",0.154688454373785,0.153419669039354,"default:ok;default_port:ok;layered_lbfgs:fail;layered_port:fail;witness:ok"
"layered_port","default","ml-gls","boomsma","test","boomsma_3CM","cfa",25,52,"native","GLS",2073112907,0.125233386709893,"ill_conditioned","budget_exhausted",1231,"",,FALSE,"",0.104639011811367,0.104639011811367,"default:ok;default_port:ok;layered_lbfgs:fail;layered_port:fail;witness:ok"
"layered_port","default","ml-gls","boomsma","test","boomsma_3CM","cfa",25,52,"native","ML",2073112907,0.156425939096857,"ill_conditioned","singular_convergence",1068,"layered",,FALSE,"",0.154688454373786,0.153419669038833,"default:ok;default_port:ok;layered_lbfgs:fail;layered_port:fail;witness:ok"
"layered_port","default","ml-gls","boomsma","test","boomsma_3CM","cfa",25,52,"x0.01","ML",2073112907,0.156425895487626,"ill_conditioned","singular_convergence",1221,"layered",,FALSE,"",0.154688454373783,0.153419669047018,"default:ok;default_port:fail;layered_lbfgs:fail;layered_port:fail;witness:ok"
"layered_port","default","ml-gls","boomsma","test","boomsma_3CM","cfa",25,52,"x100","GLS",2073112907,0.125229778641654,"ill_conditioned","budget_exhausted",1225,"",,FALSE,"",0.104639011811368,0.104639011811368,"default:ok;default_port:ok;layered_lbfgs:fail;layered_port:fail;witness:ok"
"layered_port","default","ml-gls","boomsma","test","boomsma_3CM","cfa",25,52,"x100","ML",2073112907,0.15642646469756,"ill_conditioned","line_search_salvaged",734,"layered",,FALSE,"",0.154688454373787,0.153419669031319,"default:ok;default_port:ok;layered_lbfgs:fail;layered_port:fail;witness:ok"
"layered_port","default","ml-gls","boomsma","test","boomsma_3CM","cfa",25,64,"native","GLS",2073113040,0.114267529359259,"nonpositive_curvature","budget_exhausted",1287,"",,FALSE,"",0.0917260303588019,0.0917260303588019,"default:ok;default_port:ok;layered_lbfgs:fail;layered_port:fail;witness:ok"
"layered_port","default","ml-gls","boomsma","test","boomsma_3CM","cfa",25,64,"native","ML",2073113040,0.135275629422057,"available","budget_exhausted",1459,"layered",,FALSE,"",0.10559055373033,0.10559055373033,"default:ok;default_port:ok;layered_lbfgs:fail;layered_port:fail;witness:ok"
"layered_port","default","ml-gls","boomsma","test","boomsma_3CM","cfa",25,64,"x100","GLS",2073113040,0.114268032981362,"available","budget_exhausted",1306,"",,FALSE,"",0.0917260303588046,0.0917260303588046,"default:ok;default_port:ok;layered_lbfgs:fail;layered_port:fail;witness:ok"
"layered_port","default","ml-gls","boomsma","test","boomsma_3CM","cfa",25,64,"x100","ML",2073113040,0.135249269999836,"nonpositive_curvature","budget_exhausted",1307,"layered",,FALSE,"",0.10559055373033,0.10559055373033,"default:ok;default_port:ok;layered_lbfgs:fail;layered_port:fail;witness:ok"
"layered_port","default","ml-gls","boomsma","test","boomsma_3CS","cfa",100,45,"native","ML",744603076,0.0254837599651649,"available","converged",980,"layered",,FALSE,"",0.0240926489541806,0.0240926489541806,"default:ok;default_port:ok;layered_lbfgs:fail;layered_port:fail;witness:fail"
"layered_port","default","ml-gls","boomsma","test","boomsma_3CS","cfa",100,68,"native","GLS",744603341,0.038137780177867,"ill_conditioned","singular_convergence",1091,"",,FALSE,"",0.0403666887150006,0.0403666887150006,"default:ok;default_port:ok;layered_lbfgs:fail;layered_port:fail;witness:ok"
"layered_port","default","ml-gls","boomsma","test","boomsma_3CS","cfa",100,68,"x100","GLS",744603341,0.0381377551676313,"ill_conditioned","singular_convergence",1202,"",,FALSE,"",0.0403666887150063,0.0403666887150063,"default:ok;default_port:ok;layered_lbfgs:fail;layered_port:fail;witness:ok"
"layered_port","default","ml-gls","boomsma","test","boomsma_3CS","cfa",100,69,"native","GLS",744603342,0.0673759676247406,"available","budget_exhausted",1321,"",,FALSE,"",0.0599370299171852,0.0599370299171852,"default:ok;default_port:ok;layered_lbfgs:fail;layered_port:fail;witness:ok"
"layered_port","default","ml-gls","boomsma","test","boomsma_3CS","cfa",100,69,"x100","GLS",744603342,0.0673780863236605,"available","budget_exhausted",1290,"",,FALSE,"",0.0599370299172024,0.0599370299172024,"default:ok;default_port:ok;layered_lbfgs:fail;layered_port:fail;witness:ok"
"layered_port","default","ml-gls","boomsma","test","boomsma_3CS","cfa",100,99,"native","GLS",744603735,0.0459308501550656,"nonpositive_curvature","budget_exhausted",1268,"",,FALSE,"",0.0278547623669248,0.0278547623669248,"default:ok;default_port:ok;layered_lbfgs:fail;layered_port:fail;witness:ok"
"layered_port","default","ml-gls","boomsma","test","boomsma_3CS","cfa",100,99,"native","ML",744603735,0.0463507099056586,"nonpositive_curvature","budget_exhausted",1276,"layered",,FALSE,"",0.0305893672767175,0.0305893672767175,"default:ok;default_port:ok;layered_lbfgs:fail;layered_port:fail;witness:ok"
"layered_port","default","ml-gls","boomsma","test","boomsma_3CS","cfa",100,99,"x100","GLS",744603735,0.0459289952979621,"nonpositive_curvature","budget_exhausted",1228,"",,FALSE,"",0.0278547623669248,0.0278547623669248,"default:ok;default_port:ok;layered_lbfgs:fail;layered_port:fail;witness:ok"
"layered_port","default","ml-gls","boomsma","test","boomsma_3CS","cfa",100,99,"x100","ML",744603735,0.0463519622985444,"available","budget_exhausted",1320,"layered",,FALSE,"",0.0305893672767183,0.0305893672767183,"default:ok;default_port:ok;layered_lbfgs:fail;layered_port:fail;witness:ok"
"layered_port","default","ml-gls","boomsma","test","boomsma_3CS","cfa",25,18,"native","GLS",935652966,0.125634805165547,"ill_conditioned","singular_convergence",924,"",,FALSE,"",0.0689055782374933,0.0689055782374933,"default:ok;default_port:ok;layered_lbfgs:fail;layered_port:fail;witness:ok"
"layered_port","default","ml-gls","boomsma","test","boomsma_3CS","cfa",25,18,"native","ML",935652966,0.172956060857207,"ill_conditioned","noisy_objective",1133,"layered",,FALSE,"",0.0815592844146593,0.0815592844146593,"default:ok;default_port:ok;layered_lbfgs:fail;layered_port:fail;witness:ok"
"layered_port","default","ml-gls","boomsma","test","boomsma_3CS","cfa",25,18,"x100","GLS",935652966,0.125634714750544,"ill_conditioned","singular_convergence",1010,"",,FALSE,"",0.0689055782374677,0.0689055782374677,"default:ok;default_port:ok;layered_lbfgs:fail;layered_port:fail;witness:ok"
"layered_port","default","ml-gls","boomsma","test","boomsma_3CS","cfa",25,18,"x100","ML",935652966,0.172956044800582,"ill_conditioned","singular_convergence",1109,"layered",,FALSE,"",0.0815592844146629,0.0815592844146629,"default:ok;default_port:ok;layered_lbfgs:fail;layered_port:fail;witness:ok"
"layered_port","default","ml-gls","boomsma","test","boomsma_3CS","cfa",25,21,"native","GLS",935653090,0.0920148379433186,"ill_conditioned","singular_convergence",1053,"",,FALSE,"",0.0781877365072923,0.0781877365072923,"default:ok;default_port:ok;layered_lbfgs:fail;layered_port:fail;witness:ok"
"layered_port","default","ml-gls","boomsma","test","boomsma_3CS","cfa",25,21,"native","ML",935653090,0.101352100183535,"nonpositive_curvature","singular_convergence",1069,"layered",,FALSE,"",0.0901018730525949,0.0901018730525949,"default:ok;default_port:ok;layered_lbfgs:fail;layered_port:fail;witness:ok"
"layered_port","default","ml-gls","boomsma","test","boomsma_3CS","cfa",25,21,"x100","GLS",935653090,0.0920151828572442,"ill_conditioned","singular_convergence",745,"",,FALSE,"",0.0781877365072883,0.0781877365072883,"default:ok;default_port:ok;layered_lbfgs:fail;layered_port:fail;witness:ok"
"layered_port","default","ml-gls","boomsma","test","boomsma_3CS","cfa",25,21,"x100","ML",935653090,0.101352476085914,"ill_conditioned","singular_convergence",829,"layered",,FALSE,"",0.0901018730525927,0.0901018730525927,"default:ok;default_port:ok;layered_lbfgs:fail;layered_port:fail;witness:ok"
"layered_port","default","ml-gls","boomsma","test","boomsma_3CS","cfa",25,25,"native","GLS",935653094,0.131107200444922,"nonpositive_curvature","noisy_objective",1122,"",,FALSE,"",0.14938292782748,0.14938292782748,"default:ok;default_port:ok;layered_lbfgs:fail;layered_port:fail;witness:ok"
"layered_port","default","ml-gls","boomsma","test","boomsma_3CS","cfa",25,25,"native","ML",935653094,0.197615958738901,"available","budget_exhausted",1253,"layered",,FALSE,"",0.182231801481591,0.182231801481591,"default:ok;default_port:ok;layered_lbfgs:fail;layered_port:fail;witness:ok"
"layered_port","default","ml-gls","boomsma","test","boomsma_3CS","cfa",25,25,"x100","GLS",935653094,0.131263355640232,"nonpositive_curvature","noisy_objective",942,"",,FALSE,"",0.14938292782748,0.14938292782748,"default:ok;default_port:ok;layered_lbfgs:fail;layered_port:fail;witness:ok"
"layered_port","default","ml-gls","boomsma","test","boomsma_3CS","cfa",25,25,"x100","ML",935653094,0.197718314261977,"available","noisy_objective",934,"layered",,FALSE,"",0.182231801481592,0.182231801481592,"default:ok;default_port:ok;layered_lbfgs:fail;layered_port:fail;witness:ok"
"layered_port","default","ml-gls","boomsma","test","boomsma_3CS","cfa",25,34,"native","GLS",935653224,0.134750666254168,"available","noisy_objective",962,"",,FALSE,"",0.133756437622068,0.133756437622068,"default:ok;default_port:ok;layered_lbfgs:fail;layered_port:fail;witness:ok"
"layered_port","default","ml-gls","boomsma","test","boomsma_3CS","cfa",25,34,"x100","GLS",935653224,0.134749862304841,"available","noisy_objective",1067,"",,FALSE,"",0.133756437622067,0.133756437622067,"default:ok;default_port:ok;layered_lbfgs:fail;layered_port:fail;witness:ok"
"layered_port","default","ml-gls","boomsma","test","boomsma_3CS","cfa",25,4,"native","GLS",1875944939,0.0875280267032657,"nonpositive_curvature","budget_exhausted",1325,"",,FALSE,"",0.0840029328317602,0.0840029328317602,"default:ok;default_port:ok;layered_lbfgs:fail;layered_port:fail;witness:ok"
"layered_port","default","ml-gls","boomsma","test","boomsma_3CS","cfa",25,4,"native","ML",1875944939,0.0882523604527075,"available","budget_exhausted",1294,"layered",,FALSE,"",0.083875519779216,0.083875519779216,"default:ok;default_port:ok;layered_lbfgs:fail;layered_port:fail;witness:ok"
"layered_port","default","ml-gls","boomsma","test","boomsma_3CS","cfa",25,4,"x100","GLS",1875944939,0.0875303493914598,"available","budget_exhausted",1360,"",,FALSE,"",0.08400293283176,0.08400293283176,"default:ok;default_port:ok;layered_lbfgs:fail;layered_port:fail;witness:ok"
"layered_port","default","ml-gls","boomsma","test","boomsma_3CS","cfa",25,43,"native","GLS",935653354,0.206234851277374,"available","budget_exhausted",1254,"",,FALSE,"",0.194143771379664,0.194143771379664,"default:ok;default_port:ok;layered_lbfgs:fail;layered_port:fail;witness:ok"
"layered_port","default","ml-gls","boomsma","test","boomsma_3CS","cfa",25,43,"x100","GLS",935653354,0.206222712287635,"available","budget_exhausted",1282,"",,FALSE,"",0.194143771379658,0.194143771379658,"default:ok;default_port:ok;layered_lbfgs:fail;layered_port:fail;witness:ok"
"layered_port","default","ml-gls","boomsma","test","boomsma_3CS","cfa",25,46,"mixed","GLS",935653357,0.186303370858067,"available","budget_exhausted",1323,"",,FALSE,"",0.163514210351223,0.163514210351223,"default:ok;default_port:ok;layered_lbfgs:fail;layered_port:fail;witness:fail"
"layered_port","default","ml-gls","boomsma","test","boomsma_3CS","cfa",25,49,"x100","ML",935653360,0.256425455407339,"available","noisy_objective",1115,"layered",,FALSE,"",0.239024421008768,0.239024421008768,"default:ok;default_port:ok;layered_lbfgs:fail;layered_port:fail;witness:ok"
"layered_port","default","ml-gls","boomsma","test","boomsma_3CS","cfa",25,53,"native","GLS",935653485,0.0802846402040156,"available","budget_exhausted",1267,"",,FALSE,"",0.0565686401086847,0.0565686401086847,"default:ok;default_port:ok;layered_lbfgs:fail;layered_port:fail;witness:ok"
"layered_port","default","ml-gls","boomsma","test","boomsma_3CS","cfa",25,53,"native","ML",935653485,0.0920064947541341,"nonpositive_curvature","budget_exhausted",1266,"layered",,FALSE,"",0.0719302185965676,0.0719302185965676,"default:ok;default_port:ok;layered_lbfgs:fail;layered_port:fail;witness:ok"
"layered_port","default","ml-gls","boomsma","test","boomsma_3CS","cfa",25,53,"x100","GLS",935653485,0.0802835498002496,"available","budget_exhausted",1294,"",,FALSE,"",0.0565686401086717,0.0565686401086717,"default:ok;default_port:ok;layered_lbfgs:fail;layered_port:fail;witness:ok"
"layered_port","default","ml-gls","boomsma","test","boomsma_3CS","cfa",25,65,"native","GLS",935653618,0.0584337580797424,"available","budget_exhausted",1341,"",,FALSE,"",0.0501177489984338,0.0501177489984338,"default:ok;default_port:ok;layered_lbfgs:fail;layered_port:fail;witness:ok"
"layered_port","default","ml-gls","boomsma","test","boomsma_3CS","cfa",25,65,"x100","GLS",935653618,0.0584324648188045,"available","budget_exhausted",1251,"",,FALSE,"",0.0501177489984559,0.0501177489984559,"default:ok;default_port:ok;layered_lbfgs:fail;layered_port:fail;witness:ok"
"layered_port","default","ml-gls","boomsma","test","boomsma_3CS","cfa",25,69,"native","GLS",935653622,0.0368678481716125,"available","budget_exhausted",1390,"",,FALSE,"",0.0283125459477673,0.0283125459477673,"default:ok;default_port:ok;layered_lbfgs:fail;layered_port:fail;witness:ok"
"layered_port","default","ml-gls","boomsma","test","boomsma_3CS","cfa",25,69,"x0.01","GLS",935653622,0.0368682504821304,"available","budget_exhausted",1388,"",,FALSE,"",0.0283140893089786,0.0283125459477682,"default:ok;default_port:ok;layered_lbfgs:fail;layered_port:fail;witness:ok"
"layered_port","default","ml-gls","boomsma","test","boomsma_3CS","cfa",25,69,"x100","GLS",935653622,0.0368686708662793,"available","budget_exhausted",1340,"",,FALSE,"",0.0283125459477673,0.0283125459477673,"default:ok;default_port:ok;layered_lbfgs:fail;layered_port:fail;witness:ok"
"layered_port","default","ml-gls","boomsma","test","boomsma_3CS","cfa",25,71,"x100","ML",935653745,0.141126331160123,"nonpositive_curvature","budget_exhausted",1364,"layered",,FALSE,"",0.140307827401838,0.140307827401838,"default:ok;default_port:ok;layered_lbfgs:fail;layered_port:fail;witness:ok"
"layered_port","default","ml-gls","boomsma","test","boomsma_3CS","cfa",25,76,"mixed","ML",935653750,0.203195796257785,"nonpositive_curvature","budget_exhausted",1309,"layered",,FALSE,"",0.0978601604846001,0.0978601604846001,"default:ok;default_port:ok;layered_lbfgs:fail;layered_port:fail;witness:ok"
"layered_port","default","ml-gls","boomsma","test","boomsma_3CS","cfa",25,76,"native","ML",935653750,0.203173846203734,"nonpositive_curvature","budget_exhausted",1277,"layered",,FALSE,"",0.0978601604846032,0.0978601604846032,"default:ok;default_port:ok;layered_lbfgs:fail;layered_port:fail;witness:ok"
"layered_port","default","ml-gls","boomsma","test","boomsma_3CS","cfa",25,76,"x0.01","ML",935653750,0.203275985955816,"nonpositive_curvature","budget_exhausted",1324,"layered",,FALSE,"",0.0978601604846006,0.0978601604846006,"default:ok;default_port:ok;layered_lbfgs:fail;layered_port:fail;witness:ok"
"layered_port","default","ml-gls","boomsma","test","boomsma_3CS","cfa",25,76,"x100","ML",935653750,0.203129647559791,"nonpositive_curvature","budget_exhausted",1294,"layered",,FALSE,"",0.0978601604846077,0.0978601604846077,"default:ok;default_port:ok;layered_lbfgs:fail;layered_port:fail;witness:ok"
"layered_port","default","ml-gls","boomsma","test","boomsma_3CS","cfa",25,86,"mixed","GLS",935653881,0.131559559120898,"available","line_search_salvaged",1340,"",,FALSE,"",0.115543272598572,0.110584210831,"default:ok;default_port:fail;layered_lbfgs:fail;layered_port:fail;witness:ok"
"layered_port","default","ml-gls","boomsma","test","boomsma_3CS","cfa",25,86,"x0.01","GLS",935653881,0.13156090847068,"available","budget_exhausted",1284,"",,FALSE,"",0.115543272598567,0.110584210831,"default:ok;default_port:fail;layered_lbfgs:fail;layered_port:fail;witness:ok"
"layered_port","default","ml-gls","boomsma","test","boomsma_3CS","cfa",25,9,"native","ML",1875944944,0.223830532632418,"nonpositive_curvature","budget_exhausted",1305,"layered",,FALSE,"",0.207387244144549,0.207387244144549,"default:ok;default_port:ok;layered_lbfgs:fail;layered_port:fail;witness:ok"
"layered_port","default","ml-gls","boomsma","test","boomsma_3CS","cfa",25,9,"x100","ML",1875944944,0.223822684493918,"nonpositive_curvature","budget_exhausted",1311,"layered",,FALSE,"",0.207387244144545,0.207387244144545,"default:ok;default_port:ok;layered_lbfgs:fail;layered_port:fail;witness:ok"
"layered_port","default","ml-gls","boomsma","test","boomsma_3UM","cfa",25,2,"x0.01","GLS",1062344323,0.224520355537272,"nonpositive_curvature","budget_exhausted",1261,"",,FALSE,"",0.244506445311137,0.244506445311137,"default:ok;default_port:fail;layered_lbfgs:fail;layered_port:fail;witness:fail"
"layered_port","default","ml-gls","boomsma","test","boomsma_3UM","cfa",25,23,"native","GLS",1728154108,0.0814279092202136,"available","budget_exhausted",1301,"",,FALSE,"",0.0805759757294177,0.0805759757294177,"default:ok;default_port:ok;layered_lbfgs:fail;layered_port:fail;witness:ok"
"layered_port","default","ml-gls","boomsma","test","boomsma_3UM","cfa",25,23,"native","ML",1728154108,0.114973289027201,"ill_conditioned","singular_convergence",654,"layered",,FALSE,"",0.0939015898594713,0.0939015898594713,"default:ok;default_port:ok;layered_lbfgs:fail;layered_port:fail;witness:ok"
"layered_port","default","ml-gls","boomsma","test","boomsma_3UM","cfa",25,23,"x0.01","GLS",1728154108,0.0814278874554121,"available","budget_exhausted",1294,"",,FALSE,"",0.0805759757294071,0.0805759757294071,"default:ok;default_port:fail;layered_lbfgs:fail;layered_port:fail;witness:ok"
"layered_port","default","ml-gls","boomsma","test","boomsma_3UM","cfa",25,23,"x0.01","ML",1728154108,0.114973226473452,"ill_conditioned","singular_convergence",724,"layered",,FALSE,"",0.0939015898594668,0.0939015898594668,"default:ok;default_port:ok;layered_lbfgs:fail;layered_port:fail;witness:ok"
"layered_port","default","ml-gls","boomsma","test","boomsma_3UM","cfa",25,23,"x100","GLS",1728154108,0.0814282358955961,"available","budget_exhausted",1346,"",,FALSE,"",0.0805759757294067,0.0805759757294067,"default:ok;default_port:ok;layered_lbfgs:fail;layered_port:fail;witness:ok"
"layered_port","default","ml-gls","boomsma","test","boomsma_3UM","cfa",25,23,"x100","ML",1728154108,0.114973414463982,"ill_conditioned","singular_convergence",548,"layered",,FALSE,"",0.0939015898594704,0.0939015898594704,"default:ok;default_port:ok;layered_lbfgs:fail;layered_port:fail;witness:ok"
"layered_port","default","ml-gls","boomsma","test","boomsma_3UM","cfa",25,31,"native","GLS",1728154237,0.109560056585902,"available","budget_exhausted",1308,"",,FALSE,"",0.107918884722497,0.107918884722497,"default:ok;default_port:ok;layered_lbfgs:fail;layered_port:fail;witness:ok"
"layered_port","default","ml-gls","boomsma","test","boomsma_3UM","cfa",25,31,"x100","GLS",1728154237,0.109558555442606,"available","budget_exhausted",1261,"",,FALSE,"",0.107918884722586,0.107918884722586,"default:ok;default_port:ok;layered_lbfgs:fail;layered_port:fail;witness:ok"
"layered_port","default","ml-gls","boomsma","test","boomsma_3UM","cfa",25,56,"native","GLS",1728154504,0.202210268342766,"available","budget_exhausted",1274,"",,FALSE,"",0.145536269156686,0.145536269156686,"default:ok;default_port:ok;layered_lbfgs:fail;layered_port:fail;witness:ok"
"layered_port","default","ml-gls","boomsma","test","boomsma_3UM","cfa",25,56,"x100","GLS",1728154504,0.202210715936735,"available","budget_exhausted",1287,"",,FALSE,"",0.145536269156687,0.145536269156687,"default:ok;default_port:ok;layered_lbfgs:fail;layered_port:fail;witness:ok"
"layered_port","default","ml-gls","boomsma","test","boomsma_3UM","cfa",25,68,"mixed","ML",1728154637,0.215569806221994,"available","budget_exhausted",1268,"layered",,FALSE,"",0.129417340224949,0.129417340224949,"default:ok;default_port:ok;layered_lbfgs:fail;layered_port:fail;witness:ok"
"layered_port","default","ml-gls","boomsma","test","boomsma_3UM","cfa",25,87,"native","GLS",1728154898,0.0744246928440133,"available","budget_exhausted",1258,"",,FALSE,"",0.0811969042109079,0.0811969042109079,"default:ok;default_port:ok;layered_lbfgs:fail;layered_port:fail;witness:ok"
"layered_port","default","ml-gls","boomsma","test","boomsma_3UM","cfa",25,87,"x100","GLS",1728154898,0.0744234159809963,"nonpositive_curvature","budget_exhausted",1287,"",,FALSE,"",0.0811969042109413,0.0811969042109315,"default:ok;default_port:ok;layered_lbfgs:fail;layered_port:fail;witness:ok"
"layered_port","default","ml-gls","boomsma","test","boomsma_3US","cfa",100,1,"native","GLS",283659765,0.051333199167797,"available","budget_exhausted",1320,"",,FALSE,"",0.0479416746314081,0.0479416746314081,"default:ok;default_port:ok;layered_lbfgs:fail;layered_port:fail;witness:ok"
"layered_port","default","ml-gls","boomsma","test","boomsma_3US","cfa",100,1,"x100","GLS",283659765,0.051333779047647,"available","budget_exhausted",1332,"",,FALSE,"",0.0479416746314222,0.0479416746314222,"default:ok;default_port:ok;layered_lbfgs:fail;layered_port:fail;witness:ok"
"layered_port","default","ml-gls","boomsma","test","boomsma_3US","cfa",100,12,"native","GLS",652207572,0.0326691121433668,"available","budget_exhausted",1308,"",,FALSE,"",0.0326555798634956,0.0326550382279737,"default:ok;default_port:ok;layered_lbfgs:fail;layered_port:fail;witness:ok"
"layered_port","default","ml-gls","boomsma","test","boomsma_3US","cfa",100,12,"x100","GLS",652207572,0.0326691768123651,"nonpositive_curvature","budget_exhausted",1370,"",,FALSE,"",0.0326556903583067,0.0326550382254641,"default:ok;default_port:ok;layered_lbfgs:fail;layered_port:fail;witness:ok"
"layered_port","default","ml-gls","boomsma","test","boomsma_3US","cfa",100,21,"native","GLS",652207702,0.0566249918024998,"available","budget_exhausted",1317,"",,FALSE,"",0.050118013196867,0.050118013196867,"default:ok;default_port:ok;layered_lbfgs:fail;layered_port:fail;witness:ok"
"layered_port","default","ml-gls","boomsma","test","boomsma_3US","cfa",100,21,"x100","GLS",652207702,0.0566249388979668,"available","budget_exhausted",1298,"",,FALSE,"",0.0501180131968682,0.0501180131968682,"default:ok;default_port:ok;layered_lbfgs:fail;layered_port:fail;witness:ok"
"layered_port","default","ml-gls","boomsma","test","boomsma_3US","cfa",100,21,"x100","ML",652207702,0.0635388663803056,"nonpositive_curvature","budget_exhausted",1357,"layered",,FALSE,"",0.0631791615951656,0.0631791615951656,"default:ok;default_port:ok;layered_lbfgs:fail;layered_port:fail;witness:ok"
"layered_port","default","ml-gls","boomsma","test","boomsma_3US","cfa",100,60,"native","GLS",652208225,0.0208514258622566,"available","budget_exhausted",1304,"",,FALSE,"",0.0205016764251989,0.0205016752411734,"default:ok;default_port:ok;layered_lbfgs:fail;layered_port:fail;witness:ok"
"layered_port","default","ml-gls","boomsma","test","boomsma_3US","cfa",100,60,"x100","GLS",652208225,0.0208502924729517,"available","budget_exhausted",1275,"",,FALSE,"",0.0205018326530897,0.0205016752411566,"default:ok;default_port:ok;layered_lbfgs:fail;layered_port:fail;witness:ok"
"layered_port","default","ml-gls","boomsma","test","boomsma_3US","cfa",100,66,"native","GLS",652208231,0.0285279439256017,"available","budget_exhausted",1266,"",,FALSE,"",0.0280948377646872,0.0280948377646872,"default:ok;default_port:ok;layered_lbfgs:fail;layered_port:fail;witness:ok"
"layered_port","default","ml-gls","boomsma","test","boomsma_3US","cfa",100,66,"x100","GLS",652208231,0.0285271855782722,"available","budget_exhausted",1340,"",,FALSE,"",0.0280948377701076,0.028094837764723,"default:ok;default_port:ok;layered_lbfgs:fail;layered_port:fail;witness:ok"
"layered_port","default","ml-gls","boomsma","test","boomsma_3US","cfa",100,76,"native","GLS",652208362,0.0275169337250174,"available","budget_exhausted",1343,"",,FALSE,"",0.0274368742234348,0.0274368613128382,"default:ok;default_port:ok;layered_lbfgs:fail;layered_port:fail;witness:ok"
"layered_port","default","ml-gls","boomsma","test","boomsma_3US","cfa",100,76,"x100","GLS",652208362,0.0275169914551163,"available","budget_exhausted",1397,"",,FALSE,"",0.0274368620206348,0.0274368613128141,"default:ok;default_port:ok;layered_lbfgs:fail;layered_port:fail;witness:ok"
"layered_port","default","ml-gls","boomsma","test","boomsma_3US","cfa",100,97,"native","GLS",652208625,0.0338766033939278,"available","budget_exhausted",1303,"",,FALSE,"",0.0331428328346089,0.0331428328346089,"default:ok;default_port:ok;layered_lbfgs:fail;layered_port:fail;witness:ok"
"layered_port","default","ml-gls","boomsma","test","boomsma_3US","cfa",100,97,"x100","GLS",652208625,0.0338760695179425,"available","budget_exhausted",1372,"",,FALSE,"",0.0331428328346087,0.0331428328346087,"default:ok;default_port:ok;layered_lbfgs:fail;layered_port:fail;witness:ok"
"layered_port","default","ml-gls","boomsma","test","boomsma_3US","cfa",25,10,"native","ML",590694551,0.0682676561767583,"nonpositive_curvature","budget_exhausted",1375,"layered",,FALSE,"",0.0675385971013083,0.0675385971013083,"default:ok;default_port:ok;layered_lbfgs:fail;layered_port:fail;witness:ok"
"layered_port","default","ml-gls","boomsma","test","boomsma_3US","cfa",25,16,"native","ML",590694557,0.252189958671917,"available","converged",884,"layered",,FALSE,"",0.286246976286368,0.286246976286368,"default:ok;default_port:ok;layered_lbfgs:fail;layered_port:fail;witness:ok"
"layered_port","default","ml-gls","boomsma","test","boomsma_3US","cfa",25,22,"mixed","GLS",590694684,0.172965865436873,"nonpositive_curvature","noisy_objective",840,"",,FALSE,"",0.131107142074876,0.131107142074876,"default:ok;default_port:ok;layered_lbfgs:fail;layered_port:fail;witness:fail"
"layered_port","default","ml-gls","boomsma","test","boomsma_3US","cfa",25,26,"native","GLS",590694688,0.163735985503339,"ill_conditioned","converged",496,"",,FALSE,"",0.0968287291819686,0.0968287291819686,"default:ok;default_port:ok;layered_lbfgs:fail;layered_port:fail;witness:ok"
"layered_port","default","ml-gls","boomsma","test","boomsma_3US","cfa",25,26,"native","ML",590694688,0.143463733310319,"ill_conditioned","singular_convergence",834,"layered",,FALSE,"",0.100481031006286,0.100481031006286,"default:ok;default_port:ok;layered_lbfgs:fail;layered_port:fail;witness:ok"
"layered_port","default","ml-gls","boomsma","test","boomsma_3US","cfa",25,26,"x100","GLS",590694688,0.163734768911441,"ill_conditioned","singular_convergence",1081,"",,FALSE,"",0.096828729181973,0.096828729181973,"default:ok;default_port:ok;layered_lbfgs:fail;layered_port:fail;witness:ok"
"layered_port","default","ml-gls","boomsma","test","boomsma_3US","cfa",25,26,"x100","ML",590694688,0.1435259061304,"available","converged",218,"layered",,FALSE,"",0.100481031006286,0.100481031006286,"default:ok;default_port:ok;layered_lbfgs:fail;layered_port:fail;witness:ok"
"layered_port","default","ml-gls","boomsma","test","boomsma_3US","cfa",25,28,"native","ML",590694690,0.189679671672831,"available","budget_exhausted",1402,"layered",,FALSE,"",0.161697663419385,0.161697663419385,"default:ok;default_port:ok;layered_lbfgs:fail;layered_port:fail;witness:ok"
"layered_port","default","ml-gls","boomsma","test","boomsma_3US","cfa",25,28,"x100","ML",590694690,0.189634966207564,"nonpositive_curvature","budget_exhausted",1291,"layered",,FALSE,"",0.161697663419385,0.161697663419385,"default:ok;default_port:ok;layered_lbfgs:fail;layered_port:fail;witness:ok"
"layered_port","default","ml-gls","boomsma","test","boomsma_3US","cfa",25,40,"native","GLS",590694944,0.0581155762639552,"ill_conditioned","singular_convergence",571,"",,FALSE,"",0.053246474006852,0.053246474006852,"default:ok;default_port:ok;layered_lbfgs:fail;layered_port:fail;witness:ok"
"layered_port","default","ml-gls","boomsma","test","boomsma_3US","cfa",25,40,"native","ML",590694944,0.0576065835513111,"ill_conditioned","singular_convergence",592,"layered",,FALSE,"",0.0538342753746592,0.0538342753746592,"default:ok;default_port:ok;layered_lbfgs:fail;layered_port:fail;witness:ok"
"layered_port","default","ml-gls","boomsma","test","boomsma_3US","cfa",25,40,"x0.01","ML",590694944,0.0576065710334603,"ill_conditioned","singular_convergence",651,"layered",,FALSE,"",0.0538342753746548,0.0538342753746548,"default:ok;default_port:fail;layered_lbfgs:fail;layered_port:fail;witness:ok"
"layered_port","default","ml-gls","boomsma","test","boomsma_3US","cfa",25,40,"x100","GLS",590694944,0.0581155613943945,"ill_conditioned","singular_convergence",572,"",,FALSE,"",0.0532464740068528,0.0532464740068528,"default:ok;default_port:ok;layered_lbfgs:fail;layered_port:fail;witness:ok"
"layered_port","default","ml-gls","boomsma","test","boomsma_3US","cfa",25,40,"x100","ML",590694944,0.0576065973603406,"ill_conditioned","singular_convergence",546,"layered",,FALSE,"",0.0538342753746548,0.0538342753746548,"default:ok;default_port:ok;layered_lbfgs:fail;layered_port:fail;witness:ok"
"layered_port","default","ml-gls","boomsma","test","boomsma_3US","cfa",25,44,"native","GLS",590694948,0.215800212509507,"nonpositive_curvature","budget_exhausted",1249,"",,FALSE,"",0.172686590515769,0.172686590515769,"default:ok;default_port:ok;layered_lbfgs:fail;layered_port:fail;witness:ok"
"layered_port","default","ml-gls","boomsma","test","boomsma_3US","cfa",25,44,"x100","GLS",590694948,0.215856416950079,"nonpositive_curvature","budget_exhausted",1246,"",,FALSE,"",0.172686590515789,0.172686590515789,"default:ok;default_port:ok;layered_lbfgs:fail;layered_port:fail;witness:ok"
"layered_port","default","ml-gls","boomsma","test","boomsma_3US","cfa",25,46,"x0.01","GLS",590694950,0.0763312637886019,"nonpositive_curvature","noisy_objective",1086,"",,FALSE,"",0.0747945002527173,0.0747945002527173,"default:ok;default_port:ok;layered_lbfgs:fail;layered_port:fail;witness:fail"
"layered_port","default","ml-gls","boomsma","test","boomsma_3US","cfa",25,49,"native","GLS",590694953,0.0725504710885399,"available","budget_exhausted",1369,"",,FALSE,"",0.0666408144560151,0.0666400951223219,"default:ok;default_port:ok;layered_lbfgs:fail;layered_port:fail;witness:ok"
"layered_port","default","ml-gls","boomsma","test","boomsma_3US","cfa",25,49,"x100","GLS",590694953,0.0725501269976589,"available","budget_exhausted",1304,"",,FALSE,"",0.0666402213558116,0.0666400951217348,"default:ok;default_port:ok;layered_lbfgs:fail;layered_port:fail;witness:ok"
"layered_port","default","ml-gls","boomsma","test","boomsma_3US","cfa",25,53,"x100","ML",590695078,0.186888686832702,"nonpositive_curvature","budget_exhausted",1429,"layered",,FALSE,"",0.154851947431396,0.154851947431396,"default:ok;default_port:ok;layered_lbfgs:fail;layered_port:fail;witness:ok"
"layered_port","default","ml-gls","boomsma","test","boomsma_3US","cfa",25,61,"mixed","GLS",590695207,0.160784426574422,"ill_conditioned","singular_convergence",705,"",,FALSE,"",0.159909464065989,0.159909464065989,"default:ok;default_port:ok;layered_lbfgs:fail;layered_port:fail;witness:ok"
"layered_port","default","ml-gls","boomsma","test","boomsma_3US","cfa",25,61,"native","GLS",590695207,0.160784373822416,"ill_conditioned","singular_convergence",712,"",,FALSE,"",0.159909464065989,0.159909464065989,"default:ok;default_port:ok;layered_lbfgs:fail;layered_port:fail;witness:ok"
"layered_port","default","ml-gls","boomsma","test","boomsma_3US","cfa",25,61,"native","ML",590695207,0.222708201533485,"ill_conditioned","singular_convergence",852,"layered",,FALSE,"",0.222348395890041,0.222348395890041,"default:ok;default_port:ok;layered_lbfgs:fail;layered_port:fail;witness:ok"
"layered_port","default","ml-gls","boomsma","test","boomsma_3US","cfa",25,61,"x100","GLS",590695207,0.160784275518666,"ill_conditioned","singular_convergence",829,"",,FALSE,"",0.159909464066013,0.159909464066013,"default:ok;default_port:ok;layered_lbfgs:fail;layered_port:fail;witness:ok"
"layered_port","default","ml-gls","boomsma","test","boomsma_3US","cfa",25,61,"x100","ML",590695207,0.222708121964406,"ill_conditioned","singular_convergence",918,"layered",,FALSE,"",0.222348395890045,0.222348395890045,"default:ok;default_port:ok;layered_lbfgs:fail;layered_port:fail;witness:ok"
"layered_port","default","ml-gls","boomsma","test","boomsma_3US","cfa",25,66,"mixed","GLS",590695212,0.145669680290148,"ill_conditioned","budget_exhausted",1274,"",,FALSE,"",0.142845392950724,0.142843798812188,"default:ok;default_port:ok;layered_lbfgs:fail;layered_port:fail;witness:fail"
"layered_port","default","ml-gls","boomsma","test","boomsma_3US","cfa",25,75,"x0.01","GLS",590695342,0.129363995306414,"available","budget_exhausted",1291,"",,FALSE,"",0.123892258890095,0.123892258890095,"default:ok;default_port:fail;layered_lbfgs:fail;layered_port:fail;witness:fail"
"layered_port","default","ml-gls","boomsma","test","boomsma_3US","cfa",25,86,"native","GLS",590695474,0.0625643501088044,"available","budget_exhausted",1276,"",,FALSE,"",0.076126839872884,0.076126839872884,"default:ok;default_port:ok;layered_lbfgs:fail;layered_port:fail;witness:ok"
"layered_port","default","ml-gls","boomsma","test","boomsma_3US","cfa",25,86,"x100","GLS",590695474,0.0625681409860821,"available","budget_exhausted",1229,"",,FALSE,"",0.0761268398729059,0.0761268398728981,"default:ok;default_port:ok;layered_lbfgs:fail;layered_port:fail;witness:ok"
"layered_port","default","ml-gls","boomsma","test","boomsma_3US","cfa",25,89,"native","GLS",590695477,0.0900143144402151,"available","budget_exhausted",1386,"",,FALSE,"",0.0888796070966926,0.0888796070966926,"default:ok;default_port:ok;layered_lbfgs:fail;layered_port:fail;witness:fail"
"layered_port","default","ml-gls","boomsma","test","boomsma_3US","cfa",25,89,"x100","GLS",590695477,0.0900140973972733,"nonpositive_curvature","budget_exhausted",1375,"",,FALSE,"",0.0888796070968605,0.0888796070968605,"default:ok;default_port:ok;layered_lbfgs:fail;layered_port:fail;witness:fail"
"layered_port","default","ml-gls","boomsma","test","boomsma_3US","cfa",25,96,"x100","GLS",590695605,0.296127808903006,"available","budget_exhausted",1295,"",,FALSE,"",0.235116469950282,0.235116469950282,"default:ok;default_port:ok;layered_lbfgs:fail;layered_port:fail;witness:fail"
"layered_port","default","ml-gls","boomsma","test","boomsma_3US","cfa",25,98,"x100","ML",590695607,0.209843317768819,"ill_conditioned","singular_convergence",1045,"layered",,FALSE,"",0.196430719018931,0.196430719018931,"default:ok;default_port:ok;layered_lbfgs:fail;layered_port:fail;witness:ok"
"layered_port","default","ml-gls","boomsma","test","boomsma_4CL","cfa",25,5,"mixed","GLS",116502006,0.593569059546849,"ill_conditioned","noisy_objective",1028,"",,FALSE,"",0.627226599278005,0.627226483159012,"default:ok;default_port:ok;layered_lbfgs:fail;layered_port:fail;witness:fail"
"layered_port","default","ml-gls","boomsma","test","boomsma_4CL","cfa",25,5,"native","GLS",116502006,0.593539176382191,"ill_conditioned","budget_exhausted",1277,"",,FALSE,"",0.627226483160474,0.627226483160474,"default:ok;default_port:ok;layered_lbfgs:fail;layered_port:fail;witness:fail"
"layered_port","default","ml-gls","boomsma","test","boomsma_4CL","cfa",25,5,"x0.01","GLS",116502006,0.593403141060524,"ill_conditioned","noisy_objective",1169,"",,FALSE,"",0.627226490493348,0.627226490493348,"default:ok;default_port:fail;layered_lbfgs:fail;layered_port:fail;witness:fail"
"layered_port","default","ml-gls","boomsma","test","boomsma_4CL","cfa",25,5,"x100","GLS",116502006,0.593664890631779,"ill_conditioned","noisy_objective",745,"",,FALSE,"",0.627226599270199,0.627226483159012,"default:ok;default_port:ok;layered_lbfgs:fail;layered_port:fail;witness:fail"
"layered_port","default","ml-gls","boomsma","test","boomsma_4CM","cfa",25,26,"mixed","GLS",1113542288,0.46684080241367,"nonpositive_curvature","budget_exhausted",1225,"",,FALSE,"",0.483657855183183,0.483657855182252,"default:ok;default_port:ok;layered_lbfgs:fail;layered_port:fail;witness:ok"
"layered_port","default","ml-gls","boomsma","test","boomsma_4CM","cfa",25,26,"x100","GLS",1113542288,0.466305018193097,"nonpositive_curvature","budget_exhausted",1239,"",,FALSE,"",0.483657855183183,0.483657855182252,"default:ok;default_port:ok;layered_lbfgs:fail;layered_port:fail;witness:ok"
"layered_port","default","ml-gls","boomsma","test","boomsma_4CM","cfa",25,98,"native","GLS",1113543207,0.536671123395333,"available","budget_exhausted",1176,"",,FALSE,"",0.453818331200558,0.453818331200333,"default:ok;default_port:fail;layered_lbfgs:ok;layered_port:fail;witness:ok"
"layered_port","default","ml-gls","boomsma","test","boomsma_4CS","cfa",100,52,"mixed","GLS",1742437185,0.167881946118683,"available","budget_exhausted",1291,"",,FALSE,"",0.152019336162538,0.152019336162538,"default:ok;default_port:ok;layered_lbfgs:fail;layered_port:fail;witness:ok"
"layered_port","default","ml-gls","boomsma","test","boomsma_4CS","cfa",100,52,"native","GLS",1742437185,0.167881150627964,"nonpositive_curvature","budget_exhausted",1277,"",,FALSE,"",0.152019336162564,0.152019336162564,"default:ok;default_port:ok;layered_lbfgs:fail;layered_port:fail;witness:ok"
"layered_port","default","ml-gls","boomsma","test","boomsma_4CS","cfa",100,52,"x100","GLS",1742437185,0.167881909847427,"available","budget_exhausted",1269,"",,FALSE,"",0.152019336162538,0.152019336162538,"default:ok;default_port:ok;layered_lbfgs:fail;layered_port:fail;witness:ok"
"layered_port","default","ml-gls","boomsma","test","boomsma_4CS","cfa",25,11,"mixed","GLS",2123566358,0.205543029146753,"ill_conditioned","budget_exhausted",1365,"",,FALSE,"",0.205098296155507,0.205098296155507,"default:ok;default_port:ok;layered_lbfgs:fail;layered_port:fail;witness:fail"
"layered_port","default","ml-gls","boomsma","test","boomsma_4CS","cfa",25,11,"x100","GLS",2123566358,0.205542959201529,"ill_conditioned","budget_exhausted",1284,"",,FALSE,"",0.205098296155507,0.205098296155507,"default:ok;default_port:ok;layered_lbfgs:fail;layered_port:fail;witness:fail"
"layered_port","default","ml-gls","boomsma","test","boomsma_4CS","cfa",25,30,"mixed","GLS",2123566619,0.355679247094786,"available","budget_exhausted",1251,"",,FALSE,"",0.349128883556553,0.349128883556553,"default:ok;default_port:ok;layered_lbfgs:fail;layered_port:fail;witness:fail"
"layered_port","default","ml-gls","boomsma","test","boomsma_4CS","cfa",25,30,"native","GLS",2123566619,0.355689981502959,"nonpositive_curvature","budget_exhausted",1245,"",,FALSE,"",0.349128883556546,0.349128883556546,"default:ok;default_port:ok;layered_lbfgs:fail;layered_port:fail;witness:fail"
"layered_port","default","ml-gls","boomsma","test","boomsma_4CS","cfa",25,30,"x100","GLS",2123566619,0.355670580217418,"available","budget_exhausted",1259,"",,FALSE,"",0.349128883556592,0.349128883556592,"default:ok;default_port:ok;layered_lbfgs:fail;layered_port:fail;witness:fail"
"layered_port","default","ml-gls","boomsma","test","boomsma_4CS","cfa",25,55,"mixed","ML",2123566886,0.618949847652812,"nonpositive_curvature","noisy_objective",926,"layered",,FALSE,"",0.618865823296946,0.618865823296946,"default:ok;default_port:fail;layered_lbfgs:fail;layered_port:fail;witness:ok"
"layered_port","default","ml-gls","boomsma","test","boomsma_4CS","cfa",25,55,"native","ML",2123566886,0.618705239449399,"nonpositive_curvature","budget_exhausted",1225,"layered",,FALSE,"",0.618865823296944,0.618865823296944,"default:ok;default_port:ok;layered_lbfgs:fail;layered_port:fail;witness:ok"
"layered_port","default","ml-gls","boomsma","test","boomsma_4CS","cfa",25,55,"x0.01","ML",2123566886,0.619163822924975,"nonpositive_curvature","noisy_objective",866,"layered",,FALSE,"",0.61886582329695,0.61886582329695,"default:ok;default_port:ok;layered_lbfgs:fail;layered_port:fail;witness:ok"
"layered_port","default","ml-gls","boomsma","test","boomsma_4CS","cfa",25,55,"x100","ML",2123566886,0.619219527271596,"nonpositive_curvature","noisy_objective",852,"layered",,FALSE,"",0.618865823296943,0.618865823296943,"default:ok;default_port:ok;layered_lbfgs:fail;layered_port:fail;witness:ok"
"layered_port","default","ml-gls","boomsma","test","boomsma_4CS","cfa",25,63,"mixed","ML",2123567015,0.382251819422565,"nonpositive_curvature","budget_exhausted",1260,"layered",,FALSE,"",0.368600067123446,0.368600067123446,"default:ok;default_port:ok;layered_lbfgs:fail;layered_port:fail;witness:ok"
"layered_port","default","ml-gls","boomsma","test","boomsma_4CS","cfa",25,63,"native","ML",2123567015,0.382270912735832,"nonpositive_curvature","budget_exhausted",1299,"layered",,FALSE,"",0.368600067123446,0.368600067123446,"default:ok;default_port:ok;layered_lbfgs:fail;layered_port:fail;witness:ok"
"layered_port","default","ml-gls","boomsma","test","boomsma_4CS","cfa",25,63,"x100","ML",2123567015,0.382259893535924,"available","budget_exhausted",1262,"layered",,FALSE,"",0.368600067123438,0.368600067123438,"default:ok;default_port:ok;layered_lbfgs:fail;layered_port:fail;witness:ok"
"layered_port","default","ml-gls","boomsma","test","boomsma_4CS","cfa",25,84,"mixed","GLS",2123567278,0.363872508245997,"nonpositive_curvature","noisy_objective",685,"",,FALSE,"",0.337033920666092,0.337033920666092,"default:ok;default_port:ok;layered_lbfgs:fail;layered_port:fail;witness:fail"
"layered_port","default","ml-gls","boomsma","test","boomsma_4CS","cfa",25,84,"native","GLS",2123567278,0.363650858361293,"nonpositive_curvature","noisy_objective",1040,"",,FALSE,"",0.337033920666242,0.337033920666242,"default:ok;default_port:ok;layered_lbfgs:fail;layered_port:fail;witness:fail"
"layered_port","default","ml-gls","boomsma","test","boomsma_4CS","cfa",25,84,"x100","GLS",2123567278,0.363728240020946,"available","noisy_objective",1258,"",,FALSE,"",0.337033920666092,0.337033920666092,"default:ok;default_port:ok;layered_lbfgs:fail;layered_port:fail;witness:fail"
"layered_port","default","ml-gls","boomsma","test","boomsma_4CS","cfa",25,92,"mixed","ML",2123567407,0.362947482564993,"nonpositive_curvature","budget_exhausted",1243,"layered",,FALSE,"",0.353996857281904,0.353995850981708,"default:ok;default_port:ok;layered_lbfgs:fail;layered_port:fail;witness:ok"
"layered_port","default","ml-gls","boomsma","test","boomsma_4CS","cfa",25,92,"native","ML",2123567407,0.362965352007864,"available","budget_exhausted",1301,"layered",,FALSE,"",0.353996106829907,0.353995850981308,"default:ok;default_port:ok;layered_lbfgs:fail;layered_port:fail;witness:ok"
"layered_port","default","ml-gls","boomsma","test","boomsma_4CS","cfa",25,92,"x0.01","ML",2123567407,0.362942854312934,"nonpositive_curvature","budget_exhausted",1217,"layered",,FALSE,"",0.353995903606602,0.353995850981576,"default:ok;default_port:ok;layered_lbfgs:fail;layered_port:fail;witness:ok"
"layered_port","default","ml-gls","boomsma","test","boomsma_4CS","cfa",25,92,"x100","ML",2123567407,0.36294684556546,"available","budget_exhausted",1217,"layered",,FALSE,"",0.353996206258373,0.353995850982734,"default:ok;default_port:ok;layered_lbfgs:fail;layered_port:fail;witness:ok"
"layered_port","default","ml-gls","boomsma","test","boomsma_4UM","cfa",25,5,"mixed","ML",923875324,0.615454271900184,"nonpositive_curvature","budget_exhausted",1265,"layered",,FALSE,"",0.568720682373419,0.568720682373419,"default:ok;default_port:ok;layered_lbfgs:fail;layered_port:fail;witness:ok"
"layered_port","default","ml-gls","boomsma","test","boomsma_4UM","cfa",25,5,"native","ML",923875324,0.615406389183756,"available","budget_exhausted",1307,"layered",,FALSE,"",0.568720682373403,0.568720682373403,"default:ok;default_port:ok;layered_lbfgs:fail;layered_port:fail;witness:fail"
"layered_port","default","ml-gls","boomsma","test","boomsma_4UM","cfa",25,5,"x0.01","ML",923875324,0.615442633481855,"nonpositive_curvature","budget_exhausted",1293,"layered",,FALSE,"",0.568720682373403,0.568720682373403,"default:ok;default_port:ok;layered_lbfgs:fail;layered_port:fail;witness:ok"
"layered_port","default","ml-gls","boomsma","test","boomsma_4UM","cfa",25,5,"x100","ML",923875324,0.615458856170498,"nonpositive_curvature","budget_exhausted",1258,"layered",,FALSE,"",0.568720682373396,0.568720682373396,"default:ok;default_port:ok;layered_lbfgs:fail;layered_port:fail;witness:fail"
"layered_port","default","ml-gls","boomsma","test","boomsma_4US","cfa",25,19,"mixed","GLS",1778607959,0.264018115861587,"ill_conditioned","budget_exhausted",1253,"",,FALSE,"",0.253192386527077,0.253192386527077,"default:ok;default_port:ok;layered_lbfgs:fail;layered_port:fail;witness:fail"
"layered_port","default","ml-gls","boomsma","test","boomsma_4US","cfa",25,19,"native","GLS",1778607959,0.264018043349568,"ill_conditioned","budget_exhausted",1249,"",,FALSE,"",0.253192386527156,0.253192386527156,"default:ok;default_port:ok;layered_lbfgs:fail;layered_port:fail;witness:fail"
"layered_port","default","ml-gls","boomsma","test","boomsma_4US","cfa",25,19,"x100","GLS",1778607959,0.264017915934752,"ill_conditioned","budget_exhausted",1257,"",,FALSE,"",0.253192386527077,0.253192386527077,"default:ok;default_port:ok;layered_lbfgs:fail;layered_port:fail;witness:fail"
"layered_port","default","ml-gls","boomsma","test","boomsma_4US","cfa",25,40,"mixed","GLS",1778608343,0.107640163693308,"ill_conditioned","budget_exhausted",1433,"",,FALSE,"",0.10667783490572,0.10667783490572,"default:ok;default_port:ok;layered_lbfgs:fail;layered_port:fail;witness:fail"
"layered_port","default","ml-gls","boomsma","test","boomsma_4US","cfa",25,40,"x100","GLS",1778608343,0.107640176453938,"ill_conditioned","budget_exhausted",1366,"",,FALSE,"",0.10667783490572,0.10667783490572,"default:ok;default_port:ok;layered_lbfgs:fail;layered_port:fail;witness:fail"
"layered_port","default","ml-gls","boomsma","test","boomsma_4US","cfa",25,62,"mixed","GLS",1778608607,0.276728973788856,"available","budget_exhausted",1273,"",,FALSE,"",0.246145027941718,0.246145027941718,"default:ok;default_port:ok;layered_lbfgs:fail;layered_port:fail;witness:ok"
"layered_port","default","ml-gls","boomsma","test","boomsma_4US","cfa",25,62,"native","GLS",1778608607,0.276724189008465,"nonpositive_curvature","budget_exhausted",1272,"",,FALSE,"",0.24614502794158,0.24614502794158,"default:ok;default_port:ok;layered_lbfgs:fail;layered_port:fail;witness:ok"
"layered_port","default","ml-gls","boomsma","test","boomsma_4US","cfa",25,62,"x100","GLS",1778608607,0.276708220841433,"available","budget_exhausted",1277,"",,FALSE,"",0.246145027941718,0.246145027941718,"default:ok;default_port:ok;layered_lbfgs:fail;layered_port:fail;witness:ok"
"layered_port","default","ml-gls","boomsma","test","boomsma_4US","cfa",25,66,"native","GLS",1778608611,0.307943064028514,"nonpositive_curvature","budget_exhausted",1351,"",,FALSE,"",0.278491637552871,0.278491637552871,"default:ok;default_port:ok;layered_lbfgs:fail;layered_port:fail;witness:fail"
"layered_port","default","ml-gls","boomsma","test","boomsma_4US","cfa",25,79,"mixed","GLS",1778608745,0.387052702305034,"ill_conditioned","singular_convergence",1148,"",,FALSE,"",0.389136117517805,0.38913611751707,"default:ok;default_port:ok;layered_lbfgs:ok;layered_port:fail;witness:ok"
"layered_port","default","ml-gls","boomsma","test","boomsma_4US","cfa",25,79,"native","GLS",1778608745,0.387052696920627,"ill_conditioned","singular_convergence",1188,"",,FALSE,"",0.389136117517066,0.389136117517066,"default:ok;default_port:ok;layered_lbfgs:ok;layered_port:fail;witness:ok"
"layered_port","default","ml-gls","boomsma","test","boomsma_4US","cfa",25,79,"x0.01","GLS",1778608745,0.387052722678809,"ill_conditioned","singular_convergence",1171,"",,FALSE,"",0.431307508288395,0.389136117517071,"default:ok;default_port:fail;layered_lbfgs:ok;layered_port:fail;witness:ok"
"layered_port","default","ml-gls","boomsma","test","boomsma_4US","cfa",25,79,"x100","GLS",1778608745,0.38705278252501,"ill_conditioned","singular_convergence",1069,"",,FALSE,"",0.389136117517805,0.38913611751707,"default:ok;default_port:ok;layered_lbfgs:ok;layered_port:fail;witness:ok"
"layered_port","default","ml-gls","boomsma","test","boomsma_4US","cfa",25,80,"native","ML",1778608867,0.589883433296277,"nonpositive_curvature","budget_exhausted",1230,"layered",,FALSE,"",0.334205614446413,0.334205614446413,"default:ok;default_port:ok;layered_lbfgs:fail;layered_port:fail;witness:ok"
"layered_port","default","ml-gls","boomsma","test","boomsma_4US","cfa",25,80,"x0.01","ML",1778608867,0.589881690198943,"available","budget_exhausted",1264,"layered",,FALSE,"",0.334205614446411,0.334205614446411,"default:ok;default_port:ok;layered_lbfgs:fail;layered_port:fail;witness:ok"
"layered_port","default","ml-gls","boomsma","test","boomsma_4US","cfa",25,80,"x100","ML",1778608867,0.589854673904497,"nonpositive_curvature","budget_exhausted",1246,"layered",,FALSE,"",0.334205614446425,0.334205614446425,"default:ok;default_port:ok;layered_lbfgs:fail;layered_port:fail;witness:ok"
"layered_port","default","ml-gls","boomsma","test","boomsma_4US","cfa",25,82,"native","ML",1778608869,0.422500421184023,"ill_conditioned","singular_convergence",1182,"layered",,FALSE,"",0.395602648450985,0.395602648450985,"default:ok;default_port:ok;layered_lbfgs:fail;layered_port:fail;witness:ok"
"layered_port","default","ml-gls","boomsma","test","boomsma_4US","cfa",25,82,"x0.01","ML",1778608869,0.42250058266125,"nonpositive_curvature","singular_convergence",1086,"layered",,FALSE,"",0.395602648450982,0.395602648450982,"default:ok;default_port:ok;layered_lbfgs:fail;layered_port:fail;witness:ok"
"layered_port","default","ml-gls","boomsma","test","boomsma_4US","cfa",25,82,"x100","ML",1778608869,0.422500266935877,"ill_conditioned","budget_exhausted",1389,"layered",,FALSE,"",0.395602648450982,0.395602648450982,"default:ok;default_port:ok;layered_lbfgs:fail;layered_port:fail;witness:ok"
"layered_port","default","ml-gls","boomsma","test","boomsma_4US","cfa",25,83,"x0.01","ML",1778608870,0.335810637986093,"nonpositive_curvature","budget_exhausted",1303,"layered",,FALSE,"",0.329081613163154,0.329081613163154,"default:ok;default_port:ok;layered_lbfgs:fail;layered_port:fail;witness:ok"
"layered_port","default","ml-gls","boomsma","test","boomsma_4US","cfa",25,83,"x100","ML",1778608870,0.335807951887865,"nonpositive_curvature","budget_exhausted",1254,"layered",,FALSE,"",0.329081613163169,0.329081613163169,"default:ok;default_port:ok;layered_lbfgs:fail;layered_port:fail;witness:ok"
"layered_port","default","ml-gls","boomsma","test","boomsma_4US","cfa",25,88,"mixed","ML",1778608875,0.423291737410904,"ill_conditioned","singular_convergence",822,"layered",,FALSE,"",0.421092595400371,0.421092558015214,"default:ok;default_port:ok;layered_lbfgs:fail;layered_port:fail;witness:ok"
"layered_port","default","ml-gls","boomsma","test","boomsma_4US","cfa",25,97,"x100","GLS",1778609005,0.325805290995772,"available","budget_exhausted",1278,"",,FALSE,"",0.32543000630177,0.325425322077384,"default:ok;default_port:ok;layered_lbfgs:fail;layered_port:fail;witness:fail"
"layered_port","default","ml-gls","chen","test","chen_2001","m0",25,36,"mixed","ML",803947721,0.762508681395238,"available","budget_exhausted",1330,"layered",,FALSE,"",0.66536725731819,0.66536725731819,"default:ok;default_port:ok;layered_lbfgs:fail;layered_port:fail;witness:fail"
"layered_port","default","ml-gls","chen","test","chen_2001","m0",25,98,"native","GLS",803948509,0.376073160175148,"ill_conditioned","budget_exhausted",1254,"",,FALSE,"",0.375890867591789,0.375890837433781,"default:ok;default_port:ok;layered_lbfgs:fail;layered_port:fail;witness:fail"
"layered_port","default","ml-gls","chen","test","chen_2001","m0",25,98,"x100","GLS",803948509,0.376073290538951,"ill_conditioned","budget_exhausted",1261,"",,FALSE,"",0.375890895422394,0.37589083743522,"default:ok;default_port:ok;layered_lbfgs:fail;layered_port:fail;witness:fail"
"layered_port","default","ml-gls","chen","test","chen_2001","m1",25,27,"native","GLS",803947591,0.530389665044015,"available","budget_exhausted",1378,"",,FALSE,"",0.513052876042487,0.513052876042487,"default:ok;default_port:ok;layered_lbfgs:fail;layered_port:fail;witness:fail"
"layered_port","default","ml-gls","chen","test","chen_2001","m1",25,27,"x100","GLS",803947591,0.530395879031699,"available","budget_exhausted",1317,"",,FALSE,"",0.51305287604273,0.51305287604273,"default:ok;default_port:ok;layered_lbfgs:fail;layered_port:fail;witness:fail"
"layered_port","default","ml-gls","chen","test","chen_2001","m1",25,82,"native","GLS",803948372,0.509304157131771,"available","budget_exhausted",1395,"",,FALSE,"",0.535508698762296,0.535508698762296,"default:ok;default_port:ok;layered_lbfgs:ok;layered_port:fail;witness:fail"
"layered_port","default","ml-gls","chen","test","chen_2001","m1",25,82,"x100","GLS",803948372,0.509301669367955,"available","budget_exhausted",1315,"",,FALSE,"",0.535508698762247,0.535508698762247,"default:ok;default_port:ok;layered_lbfgs:ok;layered_port:fail;witness:fail"
"layered_port","default","ml-gls","chen","test","chen_2001","m1",25,88,"native","GLS",803948378,0.440829717540238,"ill_conditioned","budget_exhausted",1211,"",,FALSE,"",0.407649690884879,0.407649690884879,"default:ok;default_port:fail;layered_lbfgs:fail;layered_port:fail;witness:fail"
"layered_port","default","ml-gls","chen","test","chen_2001","m1",25,88,"x100","GLS",803948378,0.440829694152732,"ill_conditioned","budget_exhausted",1216,"",,FALSE,"",0.407649690884964,0.407649690884964,"default:ok;default_port:fail;layered_lbfgs:fail;layered_port:fail;witness:fail"
"layered_port","default","ml-gls","chen","test","chen_2001","m1",25,98,"x100","GLS",803948509,0.432957403204477,"ill_conditioned","budget_exhausted",1292,"",,FALSE,"",0.432631767095748,0.432631767095748,"default:ok;default_port:ok;layered_lbfgs:fail;layered_port:fail;witness:fail"
"layered_port","default","ml-gls","chen","test","chen_2001","m2",25,27,"native","GLS",803947591,0.539941026195635,"nonpositive_curvature","budget_exhausted",1167,"",,FALSE,"",0.526698510446861,0.526698510446861,"default:ok;default_port:ok;layered_lbfgs:ok;layered_port:fail;witness:fail"
"layered_port","default","ml-gls","chen","test","chen_2001","m2",25,27,"x0.01","GLS",803947591,0.539941872974286,"ill_conditioned","budget_exhausted",1174,"",,FALSE,"",0.575916103895427,0.575905828436969,"default:ok;default_port:ok;layered_lbfgs:ok;layered_port:fail;witness:fail"
"layered_port","default","ml-gls","chen","test","chen_2001","m2",25,27,"x100","GLS",803947591,0.539941141268022,"ill_conditioned","budget_exhausted",1198,"",,FALSE,"",0.526698510447008,0.526698510447008,"default:ok;default_port:ok;layered_lbfgs:ok;layered_port:fail;witness:fail"
"layered_port","default","ml-gls","chen","test","chen_2001","m2",25,39,"x0.01","GLS",803947724,0.505622658786147,"nonpositive_curvature","budget_exhausted",1399,"",,FALSE,"",0.549508224510008,0.549508224510008,"default:ok;default_port:fail;layered_lbfgs:fail;layered_port:fail;witness:fail"
"layered_port","default","ml-gls","chen","test","chen_2001","m2",25,8,"native","GLS",1170040351,0.500271812538642,"ill_conditioned","budget_exhausted",1271,"",,FALSE,"",0.498330104609797,0.498330104609797,"default:ok;default_port:fail;layered_lbfgs:fail;layered_port:fail;witness:fail"
"layered_port","default","ml-gls","chen","test","chen_2001","m2",25,8,"x100","GLS",1170040351,0.500271708212711,"ill_conditioned","budget_exhausted",1289,"",,FALSE,"",0.498330104609086,0.498330104609086,"default:ok;default_port:ok;layered_lbfgs:fail;layered_port:fail;witness:fail"
"layered_port","default","ml-gls","chen","test","chen_2001","m2",25,82,"native","GLS",803948372,0.520123620816406,"nonpositive_curvature","budget_exhausted",1258,"",,FALSE,"",0.571610641297947,0.571610641297672,"default:ok;default_port:ok;layered_lbfgs:ok;layered_port:fail;witness:ok"
"layered_port","default","ml-gls","chen","test","chen_2001","m2",25,82,"x100","GLS",803948372,0.520126798996308,"available","budget_exhausted",1360,"",,FALSE,"",0.571610641297699,0.571610641297672,"default:ok;default_port:ok;layered_lbfgs:ok;layered_port:fail;witness:ok"
"layered_port","default","ml-gls","chen","test","chen_2001","m2",25,88,"x100","GLS",803948378,0.420468811805396,"nonpositive_curvature","budget_exhausted",1232,"",,FALSE,"",0.411736060252108,0.411736060252108,"default:ok;default_port:fail;layered_lbfgs:fail;layered_port:fail;witness:fail"
"layered_port","default","ml-gls","chen","test","chen_2001","m3",25,59,"native","GLS",803947986,0.709856507188315,"nonpositive_curvature","budget_exhausted",1226,"",,FALSE,"",0.766783635519432,0.766783635519432,"default:ok;default_port:fail;layered_lbfgs:fail;layered_port:fail;witness:fail"
"layered_port","default","ml-gls","constrained","test","eqcfa_l40","equal_loadings_residuals",100,17,"native","ML",122677139,0.186807310818264,"nonpositive_curvature","singular_convergence",443,"layered",,FALSE,"",0.186793547542218,0.186792811899698,"default:ok;default_port:fail;layered_lbfgs:ok;layered_port:fail;witness:fail"
"layered_port","default","ml-gls","constrained","test","eqcfa_l40","equal_loadings_residuals",100,17,"x0.01","ML",122677139,0.186808211090359,"nonpositive_curvature","line_search_salvaged",356,"layered",,FALSE,"",0.186793547504941,0.186792883170092,"default:ok;default_port:fail;layered_lbfgs:ok;layered_port:fail;witness:fail"
"layered_port","default","ml-gls","constrained","test","eqcfa_l40","equal_loadings_residuals",100,17,"x100","ML",122677139,0.1868084285206,"nonpositive_curvature","singular_convergence",486,"layered",,FALSE,"",0.186793547568897,0.186792891384194,"default:ok;default_port:fail;layered_lbfgs:ok;layered_port:fail;witness:fail"
"layered_port","default","ml-gls","constrained","test","eqcfa_l40","equal_loadings_residuals",100,43,"native","ML",122677528,0.110228392767775,"nonpositive_curvature","line_search_salvaged",538,"layered",,FALSE,"",0.110008734438653,0.110008734438653,"default:ok;default_port:ok;layered_lbfgs:fail;layered_port:fail;witness:ok"
"layered_port","default","ml-gls","constrained","test","eqcfa_l40","equal_loadings_residuals",100,43,"x100","ML",122677528,0.110228406335246,"nonpositive_curvature","line_search_salvaged",506,"layered",,FALSE,"",0.110008734438658,0.110008734438658,"default:ok;default_port:ok;layered_lbfgs:fail;layered_port:fail;witness:ok"
"layered_port","default","ml-gls","constrained","test","eqcfa_l40","equal_loadings_residuals",25,30,"native","GLS",1488267860,0.622333142013835,"nonpositive_curvature","converged",48,"",,FALSE,"",0.602515888651395,0.602515888651395,"default:ok;default_port:ok;layered_lbfgs:fail;layered_port:fail;witness:ok"
"layered_port","default","ml-gls","constrained","test","eqcfa_l40","equal_loadings_residuals",25,30,"native","ML",1488267860,0.789326471299677,"nonpositive_curvature","singular_convergence",463,"layered",,FALSE,"",0.789219973802464,0.789218914370558,"default:ok;default_port:fail;layered_lbfgs:ok;layered_port:fail;witness:fail"
"layered_port","default","ml-gls","constrained","test","eqcfa_l40","equal_loadings_residuals",25,30,"x100","GLS",1488267860,0.622333142013798,"nonpositive_curvature","converged",48,"",,FALSE,"",0.602515888651384,0.602515888651367,"default:ok;default_port:ok;layered_lbfgs:ok;layered_port:fail;witness:ok"
"layered_port","default","ml-gls","constrained","test","eqcfa_l40","equal_loadings_residuals",25,30,"x100","ML",1488267860,0.78932644322262,"nonpositive_curvature","singular_convergence",409,"layered",,FALSE,"",0.789219494031528,0.789219212546591,"default:ok;default_port:fail;layered_lbfgs:ok;layered_port:fail;witness:fail"
"layered_port","default","ml-gls","constrained","test","eqcfa_l40","equal_loadings_residuals",25,58,"x100","ML",1488268130,1.26703803004646,"available","singular_convergence",687,"layered",,FALSE,"",1.26703755534312,1.26703689278709,"default:ok;default_port:fail;layered_lbfgs:fail;layered_port:fail;witness:ok"
"layered_port","default","ml-gls","constrained","test","eqcfa_l40","equal_loadings_residuals",25,74,"native","ML",1488268388,1.4232311347145,"available","singular_convergence",924,"layered",,FALSE,"",1.42320988186535,1.4232092942041,"default:ok;default_port:fail;layered_lbfgs:ok;layered_port:fail;witness:ok"
"layered_port","default","ml-gls","constrained","test","eqcfa_l40","equal_loadings_residuals",25,74,"x100","ML",1488268388,1.42322887804011,"available","singular_convergence",893,"layered",,FALSE,"",1.42320961497352,1.42320888471176,"default:ok;default_port:ok;layered_lbfgs:ok;layered_port:fail;witness:ok"
"layered_port","default","ml-gls","constrained","test","eqcfa_l40","equal_loadings_residuals",25,92,"native","ML",1488268648,0.817326799028136,"nonpositive_curvature","line_search_salvaged",429,"layered",,FALSE,"",0.817295238402496,0.817295238402496,"default:ok;default_port:fail;layered_lbfgs:ok;layered_port:fail;witness:fail"
"layered_port","default","ml-gls","constrained","test","eqcfa_l40","equal_loadings_residuals",25,92,"x0.01","ML",1488268648,0.817326947467699,"nonpositive_curvature","singular_convergence",568,"layered",,FALSE,"",0.817295279056097,0.817295279056097,"default:ok;default_port:fail;layered_lbfgs:fail;layered_port:fail;witness:fail"
"layered_port","default","ml-gls","constrained","test","eqcfa_l40","equal_loadings_residuals",25,92,"x100","ML",1488268648,0.817325642075801,"nonpositive_curvature","singular_convergence",539,"layered",,FALSE,"",0.817295210210432,0.817295210210432,"default:ok;default_port:fail;layered_lbfgs:ok;layered_port:fail;witness:fail"
"layered_port","default","ml-gls","constrained","test","eqcfa_l40","equal_loadings",100,17,"x0.01","ML",122677139,0.150695198904174,"nonpositive_curvature","singular_convergence",475,"layered",,FALSE,"",0.150688694658804,0.150688312163695,"default:ok;default_port:fail;layered_lbfgs:ok;layered_port:fail;witness:fail"
"layered_port","default","ml-gls","constrained","test","eqcfa_l40","equal_loadings",100,43,"native","ML",122677528,0.107007487625383,"nonpositive_curvature","line_search_salvaged",314,"layered",,FALSE,"",0.106838711489675,0.106838711489675,"default:ok;default_port:ok;layered_lbfgs:fail;layered_port:fail;witness:ok"
"layered_port","default","ml-gls","constrained","test","eqcfa_l40","equal_loadings",100,43,"x100","ML",122677528,0.107007294512179,"nonpositive_curvature","line_search_salvaged",394,"layered",,FALSE,"",0.106838711489672,0.106838711489672,"default:ok;default_port:ok;layered_lbfgs:fail;layered_port:fail;witness:ok"
"layered_port","default","ml-gls","constrained","test","eqcfa_l40","equal_loadings",25,25,"native","ML",1488267734,0.71887697062802,"nonpositive_curvature","singular_convergence",333,"layered",,FALSE,"",0.718873645287324,0.718873072370252,"default:ok;default_port:fail;layered_lbfgs:ok;layered_port:fail;witness:fail"
"layered_port","default","ml-gls","constrained","test","eqcfa_l40","equal_loadings",25,25,"x100","ML",1488267734,0.718876977250723,"available","singular_convergence",319,"layered",,FALSE,"",0.718874196269411,0.718873072000505,"default:ok;default_port:fail;layered_lbfgs:ok;layered_port:fail;witness:fail"
"layered_port","default","ml-gls","constrained","test","eqcfa_l40","equal_loadings",25,30,"native","ML",1488267860,0.476124179728416,"nonpositive_curvature","singular_convergence",660,"layered",,FALSE,"",0.47612739808821,0.4761253733005,"default:ok;default_port:fail;layered_lbfgs:ok;layered_port:fail;witness:ok"
"layered_port","default","ml-gls","constrained","test","eqcfa_l40","equal_loadings",25,30,"x100","ML",1488267860,0.476124073006851,"nonpositive_curvature","line_search_salvaged",431,"layered",,FALSE,"",0.476126601499502,0.476125373303567,"default:ok;default_port:fail;layered_lbfgs:fail;layered_port:fail;witness:ok"
"layered_port","default","ml-gls","constrained","test","eqcfa_l40","equal_loadings",25,36,"native","ML",1488267866,0.787326965039816,"nonpositive_curvature","singular_convergence",363,"layered",,FALSE,"",0.780570188599489,0.780570188599489,"default:ok;default_port:ok;layered_lbfgs:ok;layered_port:fail;witness:ok"
"layered_port","default","ml-gls","constrained","test","eqcfa_l40","equal_loadings",25,36,"x100","ML",1488267866,0.787326682792241,"nonpositive_curvature","singular_convergence",384,"layered",,FALSE,"",0.780570188599484,0.780570188599484,"default:ok;default_port:ok;layered_lbfgs:ok;layered_port:fail;witness:ok"
"layered_port","default","ml-gls","constrained","test","eqcfa_l40","equal_loadings",25,74,"native","ML",1488268388,1.3844668121925,"nonpositive_curvature","line_search_salvaged",617,"layered",,FALSE,"",1.38444457024861,1.38444357018829,"default:ok;default_port:fail;layered_lbfgs:ok;layered_port:fail;witness:ok"
"layered_port","default","ml-gls","constrained","test","eqcfa_l40","equal_loadings",25,74,"x100","ML",1488268388,1.3844674029738,"available","singular_convergence",784,"layered",,FALSE,"",1.38444696811501,1.38444614225875,"default:ok;default_port:ok;layered_lbfgs:ok;layered_port:fail;witness:fail"
"layered_port","default","ml-gls","constrained","test","eqcfa_l40","equal_loadings",25,92,"native","ML",1488268648,0.736751129931947,"available","singular_convergence",671,"layered",,FALSE,"",0.736752382085086,0.736748779239097,"default:ok;default_port:ok;layered_lbfgs:ok;layered_port:fail;witness:fail"
"layered_port","default","ml-gls","constrained","test","eqcfa_l40","equal_loadings",25,92,"x0.01","ML",1488268648,0.736752148045106,"nonpositive_curvature","line_search_salvaged",452,"layered",,FALSE,"",0.736753369764202,0.736748836018279,"default:ok;default_port:ok;layered_lbfgs:ok;layered_port:fail;witness:fail"
"layered_port","default","ml-gls","constrained","test","eqcfa_l40","equal_loadings",25,92,"x100","ML",1488268648,0.736750781788885,"nonpositive_curvature","line_search_salvaged",566,"layered",,FALSE,"",0.736752691816527,0.736748804937903,"default:ok;default_port:ok;layered_lbfgs:ok;layered_port:fail;witness:fail"
"layered_port","default","ml-gls","constrained","test","eqchain_b20","equal_paths_disturbances",25,17,"x0.01","GLS",555004240,0.699961508227736,"ill_conditioned","singular_convergence",1091,"",,FALSE,"",0.725015801174725,0.725014860735801,"default:ok;default_port:ok;layered_lbfgs:fail;layered_port:fail;witness:ok"
"layered_port","default","ml-gls","constrained","test","eqchain_b20","equal_paths_disturbances",25,19,"x0.01","GLS",555004242,0.909208795762372,"available","budget_exhausted",1182,"",,FALSE,"",0.949989041996992,0.949989041996992,"default:ok;default_port:fail;layered_lbfgs:fail;layered_port:fail;witness:fail"
"layered_port","default","ml-gls","constrained","test","eqchain_b20","equal_paths_disturbances",25,20,"x100","GLS",555004364,0.937074213395603,"available","budget_exhausted",1264,"",,FALSE,"",0.902784333136799,0.902783429440087,"default:ok;default_port:ok;layered_lbfgs:fail;layered_port:fail;witness:ok"
"layered_port","default","ml-gls","constrained","test","eqchain_b20","equal_paths_disturbances",25,23,"x100","GLS",555004367,0.938185591459362,"ill_conditioned","budget_exhausted",1244,"",,FALSE,"",0.908470456102034,0.908470456102034,"default:ok;default_port:ok;layered_lbfgs:fail;layered_port:fail;witness:fail"
"layered_port","default","ml-gls","constrained","test","eqchain_b20","equal_paths_disturbances",25,57,"native","GLS",555004764,0.792936308624067,"nonpositive_curvature","budget_exhausted",1150,"",,FALSE,"",0.785743255025151,0.785743255025151,"default:ok;default_port:ok;layered_lbfgs:fail;layered_port:fail;witness:ok"
"layered_port","default","ml-gls","constrained","test","eqchain_b20","equal_paths_disturbances",25,57,"x100","GLS",555004764,0.792890874794262,"available","budget_exhausted",1213,"",,FALSE,"",0.785743255051381,0.785743255026595,"default:ok;default_port:ok;layered_lbfgs:fail;layered_port:fail;witness:ok"
"layered_port","default","ml-gls","constrained","test","eqchain_b20","equal_paths_disturbances",25,7,"native","GLS",348489780,0.747656840658213,"available","budget_exhausted",1278,"",,FALSE,"",0.743793508376837,0.743793508376837,"default:ok;default_port:fail;layered_lbfgs:fail;layered_port:fail;witness:fail"
"layered_port","default","ml-gls","constrained","test","eqchain_b20","equal_paths_disturbances",25,7,"x100","GLS",348489780,0.747657018157735,"available","budget_exhausted",1320,"",,FALSE,"",0.743793508375315,0.743793508375315,"default:ok;default_port:fail;layered_lbfgs:fail;layered_port:fail;witness:fail"
"layered_port","default","ml-gls","constrained","test","eqchain_b20","equal_paths_disturbances",25,8,"native","GLS",348489781,0.871033473358271,"nonpositive_curvature","budget_exhausted",1244,"",,FALSE,"",0.785490242574973,0.78549024255294,"default:ok;default_port:ok;layered_lbfgs:fail;layered_port:fail;witness:ok"
"layered_port","default","ml-gls","constrained","test","eqchain_b20","equal_paths_disturbances",25,8,"x100","GLS",348489781,0.871050552602524,"nonpositive_curvature","budget_exhausted",1244,"",,FALSE,"",0.785490242550638,0.785490242550638,"default:ok;default_port:ok;layered_lbfgs:fail;layered_port:fail;witness:ok"
"layered_port","default","ml-gls","constrained","test","eqchain_b20","equal_paths",25,10,"native","GLS",555004233,0.897915853976088,"ill_conditioned","singular_convergence",844,"",,FALSE,"",0.895406413034427,0.895406413034427,"default:ok;default_port:fail;layered_lbfgs:fail;layered_port:fail;witness:fail"
"layered_port","default","ml-gls","constrained","test","eqchain_b20","equal_paths",25,18,"x100","GLS",555004241,1.05361961810866,"nonpositive_curvature","budget_exhausted",1230,"",,FALSE,"",1.07753353678375,1.07753353678375,"default:ok;default_port:ok;layered_lbfgs:fail;layered_port:fail;witness:fail"
"layered_port","default","ml-gls","constrained","test","eqchain_b20","equal_paths",25,23,"native","GLS",555004367,0.945215323245033,"nonpositive_curvature","budget_exhausted",1262,"",,FALSE,"",0.91431498809887,0.914314988098856,"default:ok;default_port:ok;layered_lbfgs:fail;layered_port:fail;witness:fail"
"layered_port","default","ml-gls","constrained","test","eqchain_b20","equal_paths",25,23,"x100","GLS",555004367,0.946098383829993,"nonpositive_curvature","budget_exhausted",1337,"",,FALSE,"",0.914314988098809,0.914314988098809,"default:ok;default_port:ok;layered_lbfgs:fail;layered_port:fail;witness:fail"
"layered_port","default","ml-gls","constrained","test","eqchain_b20","equal_paths",25,3,"native","ML",348489776,1.9695345611125,"available","budget_exhausted",1234,"layered",,FALSE,"",1.89779757006867,1.89779757006867,"default:ok;default_port:ok;layered_lbfgs:fail;layered_port:fail;witness:ok"
"layered_port","default","ml-gls","constrained","test","eqchain_b20","equal_paths",25,3,"x100","ML",348489776,1.96952865125886,"available","budget_exhausted",1265,"layered",,FALSE,"",1.89779757006867,1.89779757006867,"default:ok;default_port:ok;layered_lbfgs:fail;layered_port:fail;witness:ok"
"layered_port","default","ml-gls","constrained","test","eqchain_b20","equal_paths",25,37,"native","GLS",555004502,0.912247711916371,"available","budget_exhausted",1328,"",,FALSE,"",0.914258138539107,0.913524940215776,"default:ok;default_port:ok;layered_lbfgs:fail;layered_port:fail;witness:ok"
"layered_port","default","ml-gls","constrained","test","eqchain_b20","equal_paths",25,37,"x100","GLS",555004502,0.91224760212557,"available","budget_exhausted",1319,"",,FALSE,"",0.914258138540786,0.913524940215777,"default:ok;default_port:ok;layered_lbfgs:fail;layered_port:fail;witness:ok"
"layered_port","default","ml-gls","constrained","test","eqchain_b20","equal_paths",25,43,"native","GLS",555004629,0.689431567121714,"ill_conditioned","singular_convergence",808,"",,FALSE,"",0.684927547594158,0.684927547593877,"default:ok;default_port:ok;layered_lbfgs:fail;layered_port:fail;witness:ok"
"layered_port","default","ml-gls","constrained","test","eqchain_b20","equal_paths",25,43,"x100","GLS",555004629,0.689431637472976,"ill_conditioned","singular_convergence",811,"",,FALSE,"",0.684927547591712,0.684927547591712,"default:ok;default_port:ok;layered_lbfgs:fail;layered_port:fail;witness:ok"
"layered_port","default","ml-gls","constrained","test","eqchain_b20","equal_paths",25,57,"native","GLS",555004764,0.760289174294599,"nonpositive_curvature","budget_exhausted",1263,"",,FALSE,"",0.754764552976069,0.754764552964732,"default:ok;default_port:ok;layered_lbfgs:fail;layered_port:fail;witness:ok"
"layered_port","default","ml-gls","constrained","test","eqchain_b20","equal_paths",25,57,"x100","GLS",555004764,0.760245097413573,"nonpositive_curvature","budget_exhausted",1271,"",,FALSE,"",0.754764552964623,0.754764552964623,"default:ok;default_port:fail;layered_lbfgs:fail;layered_port:fail;witness:ok"
"layered_port","default","ml-gls","constrained","test","eqchain_b20","equal_paths",25,61,"native","ML",555004889,1.42644369269301,"nonpositive_curvature","budget_exhausted",1275,"layered",,FALSE,"",1.55359922627547,1.55359885729662,"default:ok;default_port:ok;layered_lbfgs:fail;layered_port:fail;witness:ok"
"layered_port","default","ml-gls","constrained","test","eqchain_b20","equal_paths",25,61,"x100","ML",555004889,1.42650822011756,"available","budget_exhausted",1243,"layered",,FALSE,"",1.55359885852624,1.55359885727643,"default:ok;default_port:ok;layered_lbfgs:fail;layered_port:fail;witness:ok"
"layered_port","default","ml-gls","constrained","test","eqchain_b20","equal_paths",25,8,"native","GLS",348489781,0.762339023433563,"nonpositive_curvature","budget_exhausted",1404,"",,FALSE,"",0.73256936585128,0.73256936585128,"default:ok;default_port:ok;layered_lbfgs:fail;layered_port:fail;witness:ok"
"layered_port","default","ml-gls","constrained","test","eqchain_b20","equal_paths",25,8,"x100","GLS",348489781,0.762334975068764,"available","converged",1250,"",,FALSE,"",0.732569365851038,0.732569365851038,"default:ok;default_port:ok;layered_lbfgs:fail;layered_port:fail;witness:ok"
"layered_port","default","ml-gls","constrained","test","eqchain_b20","equal_paths",25,90,"x100","ML",555005281,1.5173568890917,"available","budget_exhausted",1227,"layered",,FALSE,"",1.62221225352632,1.62221225352632,"default:ok;default_port:ok;layered_lbfgs:fail;layered_port:fail;witness:ok"
"layered_port","default","ml-gls","constrained","test","eqchain_b50","equal_paths_disturbances",25,57,"native","GLS",139597758,0.942130022689508,"ill_conditioned","singular_convergence",723,"",,FALSE,"",0.858133302066041,0.858133302066041,"default:ok;default_port:ok;layered_lbfgs:fail;layered_port:fail;witness:ok"
"layered_port","default","ml-gls","constrained","test","eqchain_b50","equal_paths",25,2,"native","GLS",853501878,0.765657348940036,"ill_conditioned","budget_exhausted",1203,"",,FALSE,"",0.742276907125074,0.742276907125074,"default:ok;default_port:ok;layered_lbfgs:fail;layered_port:fail;witness:ok"
"layered_port","default","ml-gls","constrained","test","eqchain_b50","equal_paths",25,2,"x100","GLS",853501878,0.765778042020505,"ill_conditioned","singular_convergence",1154,"",,FALSE,"",0.74227690712481,0.74227690712481,"default:ok;default_port:ok;layered_lbfgs:fail;layered_port:fail;witness:ok"
"layered_port","default","ml-gls","constrained","test","eqchain_b50","equal_paths",25,23,"native","ML",139597361,1.63560680241321,"available","converged",913,"layered",,FALSE,"",1.60538679256815,1.60538679256815,"default:ok;default_port:ok;layered_lbfgs:fail;layered_port:fail;witness:ok"
"layered_port","default","ml-gls","constrained","test","eqchain_b50","equal_paths",25,23,"x100","ML",139597361,1.63564072001859,"available","converged",1092,"layered",,FALSE,"",1.60538679256814,1.60538679256814,"default:ok;default_port:ok;layered_lbfgs:fail;layered_port:fail;witness:ok"
"layered_port","default","ml-gls","constrained","test","eqchain_b50","equal_paths",25,71,"x100","GLS",139598014,0.735054246663802,"available","budget_exhausted",1255,"",,FALSE,"",0.79404822969848,0.79404822969848,"default:ok;default_port:ok;layered_lbfgs:fail;layered_port:fail;witness:ok"
"layered_port","default","ml-gls","constrained","test","eqchain_b50","equal_paths",25,79,"native","GLS",139598022,0.796689028437135,"available","budget_exhausted",1282,"",,FALSE,"",0.876590608649481,0.876590608649481,"default:ok;default_port:fail;layered_lbfgs:fail;layered_port:fail;witness:fail"
"layered_port","default","ml-gls","constrained","test","eqchain_b50","equal_paths",25,79,"x100","GLS",139598022,0.796682827308112,"available","budget_exhausted",1283,"",,FALSE,"",0.876590608651554,0.876590608651554,"default:ok;default_port:ok;layered_lbfgs:fail;layered_port:fail;witness:fail"
"layered_port","default","ml-gls","constrained","test","eqchain_b50","equal_paths",25,81,"x100","GLS",139598145,0.843664801119989,"available","budget_exhausted",1196,"",,FALSE,"",0.758495954742812,0.758495954742812,"default:ok;default_port:ok;layered_lbfgs:ok;layered_port:fail;witness:fail"
"layered_port","default","ml-gls","constrained","test","eqchain_b50","equal_paths",25,95,"x100","GLS",139598280,0.793169171771541,"available","budget_exhausted",1241,"",,FALSE,"",0.74753989246072,0.74753989246072,"default:ok;default_port:ok;layered_lbfgs:ok;layered_port:fail;witness:fail"
"layered_port","default","ml-gls","constrained","test","eqchain_b50","equal_paths",25,96,"x100","GLS",139598281,0.716575927857898,"nonpositive_curvature","budget_exhausted",1230,"",,FALSE,"",0.671483657611565,0.664949651859704,"default:ok;default_port:ok;layered_lbfgs:fail;layered_port:fail;witness:ok"
"layered_port","default","ml-gls","constrained","test","eqmean","equal_intercepts_residuals",25,12,"x0.01","GLS",1185612577,0.558721273981925,"nonpositive_curvature","singular_convergence",1046,"",,FALSE,"",0.653050554532512,0.653050554532512,"default:ok;default_port:ok;layered_lbfgs:fail;layered_port:fail;witness:ok"
"layered_port","default","ml-gls","constrained","test","eqmean","equal_intercepts_residuals",25,23,"native","ML",1185612709,0.814976397345972,"nonpositive_curvature","noisy_objective",825,"layered",,TRUE,"",0.799717964254449,0.799717964254449,"default:ok;default_port:ok;layered_lbfgs:fail;layered_port:fail;witness:ok"
"layered_port","default","ml-gls","constrained","test","eqmean","equal_intercepts_residuals",25,23,"x100","ML",1185612709,0.815006750072749,"nonpositive_curvature","noisy_objective",894,"layered",,TRUE,"",0.799717964254448,0.799717964254448,"default:ok;default_port:ok;layered_lbfgs:fail;layered_port:fail;witness:ok"
"layered_port","default","ml-gls","constrained","test","eqmean","equal_intercepts_residuals",25,31,"native","GLS",1185612838,0.91713244904632,"available","noisy_objective",804,"",,TRUE,"",0.554003420293329,0.554003420293329,"default:ok;default_port:ok;layered_lbfgs:fail;layered_port:fail;witness:ok"
"layered_port","default","ml-gls","constrained","test","eqmean","equal_intercepts_residuals",25,31,"x100","GLS",1185612838,0.91715821558136,"available","singular_convergence",1203,"",,TRUE,"",0.554003420280061,0.554003420280061,"default:ok;default_port:ok;layered_lbfgs:fail;layered_port:fail;witness:ok"
"layered_port","default","ml-gls","constrained","test","eqmean","equal_intercepts_residuals",25,42,"x0.01","ML",1185612970,0.754659808711737,"available","noisy_objective",1106,"layered",,FALSE,"",0.794441139153402,0.794441139153402,"default:ok;default_port:fail;layered_lbfgs:fail;layered_port:fail;witness:fail"
"layered_port","default","ml-gls","constrained","test","eqmean","equal_intercepts_residuals",25,49,"x0.01","GLS",1185612977,0.431541044752399,"available","budget_exhausted",1257,"",,TRUE,"",0.4787867838654,0.431464992168419,"default:ok;default_port:fail;layered_lbfgs:fail;layered_port:fail;witness:ok"
"layered_port","default","ml-gls","constrained","test","eqmean","equal_intercepts_residuals",25,53,"x100","GLS",1185613102,1.05068857242252,"nonpositive_curvature","budget_exhausted",1166,"",,TRUE,"",0.894777050602441,0.731626724384568,"default:ok;default_port:ok;layered_lbfgs:ok;layered_port:fail;witness:ok"
"layered_port","default","ml-gls","constrained","test","eqmean","equal_intercepts_residuals",25,60,"native","GLS",1185613230,0.788670899860316,"available","singular_convergence",1070,"",,FALSE,"",0.825057602233252,0.825057602233252,"default:ok;default_port:fail;layered_lbfgs:fail;layered_port:fail;witness:ok"
"layered_port","default","ml-gls","constrained","test","eqmean","equal_intercepts_residuals",25,74,"native","GLS",1185613365,0.384564114081255,"nonpositive_curvature","noisy_objective",596,"",,FALSE,"",0.448786503797366,0.448786503797366,"default:ok;default_port:ok;layered_lbfgs:fail;layered_port:fail;witness:ok"
"layered_port","default","ml-gls","constrained","test","eqmean","equal_intercepts_residuals",25,74,"x0.01","GLS",1185613365,0.384510572801174,"nonpositive_curvature","singular_convergence",949,"",,FALSE,"",0.4314212498232,0.339386333332104,"default:ok;default_port:ok;layered_lbfgs:fail;layered_port:fail;witness:ok"
"layered_port","default","ml-gls","constrained","test","eqmean","equal_intercepts_residuals",25,74,"x100","GLS",1185613365,0.384586266848319,"nonpositive_curvature","noisy_objective",642,"",,FALSE,"",0.448786503797363,0.448786503797363,"default:ok;default_port:ok;layered_lbfgs:fail;layered_port:fail;witness:ok"
"layered_port","default","ml-gls","constrained","test","eqmean","equal_intercepts_residuals",25,75,"native","GLS",1185613366,0.513549539668066,"available","noisy_objective",1150,"",,FALSE,"",0.505455755870381,0.505455755870381,"default:ok;default_port:ok;layered_lbfgs:fail;layered_port:fail;witness:fail"
"layered_port","default","ml-gls","constrained","test","eqmean","equal_intercepts_residuals",25,75,"x100","GLS",1185613366,0.51354939474965,"available","budget_exhausted",1221,"",,FALSE,"",0.505455755869645,0.505455755869645,"default:ok;default_port:ok;layered_lbfgs:fail;layered_port:fail;witness:fail"
"layered_port","default","ml-gls","constrained","test","eqmean","equal_intercepts_residuals",25,79,"native","GLS",1185613370,0.561326774606874,"nonpositive_curvature","budget_exhausted",1222,"",,FALSE,"",0.689259554953346,0.689259554953346,"default:ok;default_port:ok;layered_lbfgs:fail;layered_port:fail;witness:ok"
"layered_port","default","ml-gls","constrained","test","eqmean","equal_intercepts_residuals",25,79,"x0.01","GLS",1185613370,0.561330045812665,"available","budget_exhausted",1212,"",,FALSE,"",0.665042449412988,0.665042449412988,"default:ok;default_port:fail;layered_lbfgs:fail;layered_port:fail;witness:ok"
"layered_port","default","ml-gls","constrained","test","eqmean","equal_intercepts_residuals",25,79,"x100","GLS",1185613370,0.561321514570957,"nonpositive_curvature","budget_exhausted",1227,"",,FALSE,"",0.68925955495372,0.689259554953602,"default:ok;default_port:ok;layered_lbfgs:fail;layered_port:fail;witness:ok"
"layered_port","default","ml-gls","constrained","test","eqmean","equal_intercepts_residuals",25,81,"native","GLS",1185613493,0.616118380025514,"available","budget_exhausted",1252,"",,TRUE,"",0.645607432245114,0.645607432244806,"default:ok;default_port:ok;layered_lbfgs:ok;layered_port:fail;witness:ok"
"layered_port","default","ml-gls","constrained","test","eqmean","equal_intercepts_residuals",25,86,"native","ML",1185613498,0.454542627949452,"nonpositive_curvature","singular_convergence",607,"layered",,TRUE,"",0.425484635590066,0.425484635590066,"default:ok;default_port:ok;layered_lbfgs:fail;layered_port:fail;witness:ok"
"layered_port","default","ml-gls","constrained","test","eqmean","equal_intercepts_residuals",25,86,"x100","ML",1185613498,0.45454021325352,"nonpositive_curvature","singular_convergence",622,"layered",,TRUE,"",0.425484635590057,0.425484635590057,"default:ok;default_port:ok;layered_lbfgs:fail;layered_port:fail;witness:ok"
"layered_port","default","ml-gls","constrained","test","eqmean","equal_intercepts_residuals",25,89,"native","ML",1185613501,0.82665998889465,"nonpositive_curvature","singular_convergence",512,"layered",,TRUE,"",0.77532623219589,0.77532623219589,"default:ok;default_port:ok;layered_lbfgs:fail;layered_port:fail;witness:ok"
"layered_port","default","ml-gls","constrained","test","eqmean","equal_intercepts_residuals",25,89,"x0.01","ML",1185613501,0.826659536393897,"nonpositive_curvature","singular_convergence",550,"layered",,TRUE,"",0.777563132716425,0.775326232196006,"default:ok;default_port:ok;layered_lbfgs:fail;layered_port:fail;witness:ok"
"layered_port","default","ml-gls","constrained","test","eqmean","equal_intercepts_residuals",25,89,"x100","ML",1185613501,0.826660012859524,"nonpositive_curvature","singular_convergence",504,"layered",,TRUE,"",0.775326232195883,0.775326232195883,"default:ok;default_port:ok;layered_lbfgs:fail;layered_port:fail;witness:ok"
"layered_port","default","ml-gls","constrained","test","eqmean","equal_intercepts_residuals",25,91,"native","GLS",1185613624,0.712019345487246,"available","noisy_objective",951,"",,FALSE,"",0.70920880493002,0.70920880493002,"default:ok;default_port:ok;layered_lbfgs:fail;layered_port:fail;witness:ok"
"layered_port","default","ml-gls","constrained","test","eqmean","equal_intercepts_residuals",25,91,"x100","GLS",1185613624,0.712019444384571,"available","noisy_objective",897,"",,FALSE,"",0.70920880492694,0.70920880492694,"default:ok;default_port:ok;layered_lbfgs:fail;layered_port:fail;witness:ok"
"layered_port","default","ml-gls","constrained","test","eqmean","equal_intercepts_residuals",25,93,"native","ML",1185613626,0.766101507260663,"available","singular_convergence",741,"layered",,FALSE,"",0.67804378363111,0.67804378363111,"default:ok;default_port:ok;layered_lbfgs:fail;layered_port:fail;witness:ok"
"layered_port","default","ml-gls","constrained","test","eqmean","equal_intercepts_residuals",25,93,"x100","ML",1185613626,0.766106166163564,"nonpositive_curvature","singular_convergence",750,"layered",,FALSE,"",0.678043783631106,0.678043783631106,"default:ok;default_port:ok;layered_lbfgs:fail;layered_port:fail;witness:ok"
"layered_port","default","ml-gls","constrained","test","eqmean","equal_intercepts_residuals",25,97,"native","GLS",1185613630,0.705705995790676,"available","singular_convergence",1076,"",,TRUE,"",0.672979361149033,0.672979361149033,"default:ok;default_port:ok;layered_lbfgs:fail;layered_port:fail;witness:ok"
"layered_port","default","ml-gls","constrained","test","eqmean","equal_intercepts_residuals",25,97,"native","ML",1185613630,0.753653614873686,"nonpositive_curvature","singular_convergence",702,"layered",,TRUE,"",0.661424947499294,0.661424947499294,"default:ok;default_port:ok;layered_lbfgs:fail;layered_port:fail;witness:ok"
"layered_port","default","ml-gls","constrained","test","eqmean","equal_intercepts_residuals",25,97,"x0.01","ML",1185613630,0.753669528514055,"nonpositive_curvature","singular_convergence",698,"layered",,TRUE,"",0.661424947499294,0.661424947499294,"default:ok;default_port:fail;layered_lbfgs:fail;layered_port:fail;witness:ok"
"layered_port","default","ml-gls","constrained","test","eqmean","equal_intercepts_residuals",25,97,"x100","GLS",1185613630,0.705706178104618,"available","singular_convergence",1004,"",,TRUE,"",0.672979361149189,0.672979361149189,"default:ok;default_port:ok;layered_lbfgs:fail;layered_port:fail;witness:ok"
"layered_port","default","ml-gls","constrained","test","eqmean","equal_intercepts_residuals",25,97,"x100","ML",1185613630,0.753673670760489,"nonpositive_curvature","singular_convergence",753,"layered",,TRUE,"",0.661424947499308,0.661424947499308,"default:ok;default_port:ok;layered_lbfgs:fail;layered_port:fail;witness:ok"
"layered_port","default","ml-gls","constrained","test","eqmean","equal_intercepts_residuals",25,98,"native","GLS",1185613631,0.812788592962248,"available","noisy_objective",703,"",,FALSE,"",0.848212918552276,0.736123700305065,"default:ok;default_port:ok;layered_lbfgs:ok;layered_port:fail;witness:ok"
"layered_port","default","ml-gls","constrained","test","eqmean","equal_intercepts_residuals",25,98,"x0.01","GLS",1185613631,0.812784373615955,"available","singular_convergence",926,"",,FALSE,"",0.848213533661866,0.736123700305065,"default:ok;default_port:fail;layered_lbfgs:ok;layered_port:fail;witness:ok"
"layered_port","default","ml-gls","constrained","test","eqmean","equal_intercepts_residuals",25,98,"x100","GLS",1185613631,0.812786285707225,"available","singular_convergence",904,"",,FALSE,"",0.848212918551419,0.736123700305066,"default:ok;default_port:ok;layered_lbfgs:ok;layered_port:fail;witness:ok"
"layered_port","default","ml-gls","constrained","test","eqmean","equal_intercepts_residuals",25,99,"x100","ML",1185613632,0.625299221724376,"nonpositive_curvature","noisy_objective",655,"layered",,FALSE,"",0.689954318067167,0.678612908733373,"default:ok;default_port:ok;layered_lbfgs:fail;layered_port:fail;witness:ok"
"layered_port","default","ml-gls","constrained","test","eqmean","equal_intercepts",100,3,"native","GLS",878577791,0.143508439993662,"available","budget_exhausted",1269,"",,FALSE,"",0.140904115954886,0.140904115954886,"default:ok;default_port:ok;layered_lbfgs:fail;layered_port:fail;witness:ok"
"layered_port","default","ml-gls","constrained","test","eqmean","equal_intercepts",100,3,"x100","GLS",878577791,0.143507923750507,"available","budget_exhausted",1319,"",,FALSE,"",0.140904115954793,0.140904115954793,"default:ok;default_port:ok;layered_lbfgs:fail;layered_port:fail;witness:ok"
"layered_port","default","ml-gls","constrained","test","eqmean","equal_intercepts",100,42,"x0.01","GLS",1277058465,0.110726444081455,"available","singular_convergence",887,"",,TRUE,"",0.168754479099336,0.168754479099336,"default:ok;default_port:fail;layered_lbfgs:fail;layered_port:fail;witness:fail"
"layered_port","default","ml-gls","constrained","test","eqmean","equal_intercepts",100,70,"native","GLS",1277058856,0.172329299614691,"ill_conditioned","singular_convergence",806,"",,FALSE,"",0.170382155748123,0.170382155748123,"default:ok;default_port:ok;layered_lbfgs:fail;layered_port:fail;witness:ok"
"layered_port","default","ml-gls","constrained","test","eqmean","equal_intercepts",100,70,"x100","GLS",1277058856,0.172329276549904,"ill_conditioned","singular_convergence",842,"",,FALSE,"",0.170382155748126,0.170382155748126,"default:ok;default_port:ok;layered_lbfgs:fail;layered_port:fail;witness:ok"
"layered_port","default","ml-gls","constrained","test","eqmean","equal_intercepts",25,1,"native","GLS",1025416775,0.457492988239994,"ill_conditioned","singular_convergence",898,"",,FALSE,"",0.429161115731244,0.429161115731244,"default:ok;default_port:ok;layered_lbfgs:fail;layered_port:fail;witness:fail"
"layered_port","default","ml-gls","constrained","test","eqmean","equal_intercepts",25,1,"x100","GLS",1025416775,0.457493273189284,"ill_conditioned","singular_convergence",844,"",,FALSE,"",0.429161115736552,0.429161115736552,"default:ok;default_port:ok;layered_lbfgs:fail;layered_port:fail;witness:fail"
"layered_port","default","ml-gls","constrained","test","eqmean","equal_intercepts",25,100,"native","ML",696426085,0.492802979162699,"available","budget_exhausted",1294,"layered",,FALSE,"",0.460003245533376,0.460003245533376,"default:ok;default_port:ok;layered_lbfgs:fail;layered_port:fail;witness:ok"
"layered_port","default","ml-gls","constrained","test","eqmean","equal_intercepts",25,100,"x0.01","ML",696426085,0.492813362269457,"available","budget_exhausted",1249,"layered",,FALSE,"",0.460003245533367,0.460003245533367,"default:ok;default_port:fail;layered_lbfgs:fail;layered_port:fail;witness:ok"
"layered_port","default","ml-gls","constrained","test","eqmean","equal_intercepts",25,100,"x100","ML",696426085,0.492822725813504,"nonpositive_curvature","budget_exhausted",1248,"layered",,FALSE,"",0.460003245533383,0.460003245533383,"default:ok;default_port:ok;layered_lbfgs:fail;layered_port:fail;witness:ok"
"layered_port","default","ml-gls","constrained","test","eqmean","equal_intercepts",25,32,"native","GLS",1185612839,0.711124219390114,"nonpositive_curvature","budget_exhausted",1293,"",,FALSE,"",0.727653518210619,0.727653518210619,"default:ok;default_port:ok;layered_lbfgs:fail;layered_port:fail;witness:fail"
"layered_port","default","ml-gls","constrained","test","eqmean","equal_intercepts",25,37,"native","GLS",1185612844,0.560455970935933,"ill_conditioned","singular_convergence",998,"",,FALSE,"",0.495975330843712,0.495975330801916,"default:ok;default_port:ok;layered_lbfgs:fail;layered_port:fail;witness:fail"
"layered_port","default","ml-gls","constrained","test","eqmean","equal_intercepts",25,37,"x100","GLS",1185612844,0.560456151492094,"ill_conditioned","singular_convergence",941,"",,FALSE,"",0.495975330801778,0.495975330801778,"default:ok;default_port:ok;layered_lbfgs:fail;layered_port:fail;witness:fail"
"layered_port","default","ml-gls","constrained","test","eqmean","equal_intercepts",25,39,"native","GLS",1185612846,0.51796287477772,"available","budget_exhausted",1255,"",,FALSE,"",0.516986755969799,0.516986755969799,"default:ok;default_port:ok;layered_lbfgs:fail;layered_port:fail;witness:ok"
"layered_port","default","ml-gls","constrained","test","eqmean","equal_intercepts",25,39,"x100","GLS",1185612846,0.517963332768923,"available","budget_exhausted",1338,"",,FALSE,"",0.516986755969153,0.516986755969153,"default:ok;default_port:ok;layered_lbfgs:fail;layered_port:fail;witness:ok"
"layered_port","default","ml-gls","constrained","test","eqmean","equal_intercepts",25,50,"native","GLS",1185613099,0.572239195259123,"nonpositive_curvature","budget_exhausted",1256,"",,FALSE,"",0.541351583350458,0.541351583350458,"default:ok;default_port:fail;layered_lbfgs:fail;layered_port:fail;witness:fail"
"layered_port","default","ml-gls","constrained","test","eqmean","equal_intercepts",25,50,"x0.01","ML",1185613099,0.748044307660814,"ill_conditioned","singular_convergence",1061,"layered",,FALSE,"",0.824710302953648,0.824710302953648,"default:ok;default_port:fail;layered_lbfgs:fail;layered_port:fail;witness:fail"
"layered_port","default","ml-gls","constrained","test","eqmean","equal_intercepts",25,50,"x100","GLS",1185613099,0.572241703079646,"ill_conditioned","budget_exhausted",1274,"",,FALSE,"",0.541351583351125,0.541351583351125,"default:ok;default_port:fail;layered_lbfgs:fail;layered_port:fail;witness:fail"
"layered_port","default","ml-gls","constrained","test","eqmean","equal_intercepts",25,51,"native","ML",1185613100,0.62035150386017,"nonpositive_curvature","budget_exhausted",1275,"layered",,FALSE,"",0.522477757606326,0.522477757606326,"default:ok;default_port:ok;layered_lbfgs:fail;layered_port:fail;witness:ok"
"layered_port","default","ml-gls","constrained","test","eqmean","equal_intercepts",25,51,"x100","ML",1185613100,0.620326541695735,"nonpositive_curvature","budget_exhausted",1276,"layered",,FALSE,"",0.522477757606329,0.522477757606329,"default:ok;default_port:ok;layered_lbfgs:fail;layered_port:fail;witness:ok"
"layered_port","default","ml-gls","constrained","test","eqmean","equal_intercepts",25,52,"native","GLS",1185613101,0.620819852950965,"ill_conditioned","budget_exhausted",1251,"",,FALSE,"",0.582067072356996,0.582067072356996,"default:ok;default_port:ok;layered_lbfgs:fail;layered_port:fail;witness:ok"
"layered_port","default","ml-gls","constrained","test","eqmean","equal_intercepts",25,52,"x100","GLS",1185613101,0.620819932332254,"nonpositive_curvature","budget_exhausted",1238,"",,FALSE,"",0.582067072357076,0.582067072357076,"default:ok;default_port:ok;layered_lbfgs:fail;layered_port:fail;witness:ok"
"layered_port","default","ml-gls","constrained","test","eqmean","equal_intercepts",25,54,"native","ML",1185613103,0.406630565061713,"ill_conditioned","singular_convergence",709,"layered",,FALSE,"",0.390165279827304,0.390165279827304,"default:ok;default_port:fail;layered_lbfgs:fail;layered_port:fail;witness:fail"
"layered_port","default","ml-gls","constrained","test","eqmean","equal_intercepts",25,54,"x100","ML",1185613103,0.406630520262664,"ill_conditioned","singular_convergence",693,"layered",,FALSE,"",0.390165279827293,0.390165279827293,"default:ok;default_port:ok;layered_lbfgs:fail;layered_port:fail;witness:fail"
"layered_port","default","ml-gls","constrained","test","eqmean","equal_intercepts",25,72,"native","ML",1185613363,0.698038466082571,"nonpositive_curvature","budget_exhausted",1241,"layered",,FALSE,"",0.677982345961681,0.677982345961681,"default:ok;default_port:ok;layered_lbfgs:fail;layered_port:fail;witness:ok"
"layered_port","default","ml-gls","constrained","test","eqmean","equal_intercepts",25,72,"x100","ML",1185613363,0.698034097731348,"nonpositive_curvature","budget_exhausted",1220,"layered",,FALSE,"",0.677982345961674,0.677982345961674,"default:ok;default_port:ok;layered_lbfgs:fail;layered_port:fail;witness:ok"
"layered_port","default","ml-gls","constrained","test","eqmean","equal_intercepts",25,75,"native","GLS",1185613366,0.441966125735887,"available","converged",920,"",,FALSE,"",0.434217397839184,0.434217248169195,"default:ok;default_port:ok;layered_lbfgs:fail;layered_port:fail;witness:ok"
"layered_port","default","ml-gls","constrained","test","eqmean","equal_intercepts",25,75,"x100","GLS",1185613366,0.441971707198265,"available","converged",919,"",,FALSE,"",0.434217328767805,0.434217248168844,"default:ok;default_port:ok;layered_lbfgs:fail;layered_port:fail;witness:ok"
"layered_port","default","ml-gls","constrained","test","eqmean","equal_intercepts",25,75,"x100","ML",1185613366,0.512421944867408,"available","budget_exhausted",1247,"layered",,FALSE,"",0.475845167549414,0.475845167549414,"default:ok;default_port:ok;layered_lbfgs:fail;layered_port:fail;witness:ok"
"layered_port","default","ml-gls","constrained","test","eqmean","equal_intercepts",25,77,"native","GLS",1185613368,0.937186932619047,"available","budget_exhausted",1181,"",,FALSE,"",0.924759320413362,0.924759320413362,"default:ok;default_port:ok;layered_lbfgs:fail;layered_port:fail;witness:ok"
"layered_port","default","ml-gls","constrained","test","eqmean","equal_intercepts",25,77,"x100","GLS",1185613368,0.937187042051502,"available","budget_exhausted",1334,"",,FALSE,"",0.924759320416727,0.924759320415948,"default:ok;default_port:ok;layered_lbfgs:fail;layered_port:fail;witness:ok"
"layered_port","default","ml-gls","constrained","test","eqmean","equal_intercepts",25,79,"native","ML",1185613370,0.662142470611742,"ill_conditioned","singular_convergence",445,"layered",,FALSE,"",0.656082782835881,0.656082782835881,"default:ok;default_port:ok;layered_lbfgs:fail;layered_port:fail;witness:ok"
"layered_port","default","ml-gls","constrained","test","eqmean","equal_intercepts",25,79,"x100","ML",1185613370,0.662142601275708,"ill_conditioned","singular_convergence",404,"layered",,FALSE,"",0.656082782835874,0.656082782835874,"default:ok;default_port:ok;layered_lbfgs:fail;layered_port:fail;witness:ok"
"layered_port","default","ml-gls","constrained","test","eqmean","equal_intercepts",25,86,"native","GLS",1185613498,0.287225972943855,"nonpositive_curvature","budget_exhausted",1405,"",,FALSE,"",0.242040131651628,0.242040131651628,"default:ok;default_port:ok;layered_lbfgs:fail;layered_port:fail;witness:ok"
"layered_port","default","ml-gls","constrained","test","eqmean","equal_intercepts",25,86,"x100","GLS",1185613498,0.287220008669172,"nonpositive_curvature","budget_exhausted",1266,"",,FALSE,"",0.242040131651543,0.242040131651543,"default:ok;default_port:ok;layered_lbfgs:fail;layered_port:fail;witness:ok"
"layered_port","default","ml-gls","constrained","test","eqmean","equal_intercepts",25,87,"native","GLS",1185613499,0.426222562967692,"available","budget_exhausted",1246,"",,FALSE,"",0.402354261437248,0.402354261437248,"default:ok;default_port:ok;layered_lbfgs:fail;layered_port:fail;witness:ok"
"layered_port","default","ml-gls","constrained","test","eqmean","equal_intercepts",25,87,"x100","GLS",1185613499,0.426222302805793,"available","budget_exhausted",1257,"",,FALSE,"",0.402354261617688,0.402354261438006,"default:ok;default_port:ok;layered_lbfgs:fail;layered_port:fail;witness:ok"
"layered_port","default","ml-gls","constrained","test","eqmean","equal_intercepts",25,9,"native","GLS",1025416783,0.624704504274195,"nonpositive_curvature","noisy_objective",1050,"",,FALSE,"",0.609191420729088,0.609191420729088,"default:ok;default_port:ok;layered_lbfgs:fail;layered_port:fail;witness:fail"
"layered_port","default","ml-gls","constrained","test","eqmean","equal_intercepts",25,9,"native","ML",1025416783,1.09133790747958,"nonpositive_curvature","budget_exhausted",1243,"layered",,FALSE,"",1.00483007679894,1.00483007679894,"default:ok;default_port:fail;layered_lbfgs:fail;layered_port:fail;witness:fail"
"layered_port","default","ml-gls","constrained","test","eqmean","equal_intercepts",25,9,"x100","ML",1025416783,1.09087168178206,"nonpositive_curvature","budget_exhausted",1223,"layered",,FALSE,"",1.00483007679894,1.00483007679894,"default:ok;default_port:fail;layered_lbfgs:fail;layered_port:fail;witness:fail"
"layered_port","default","ml-gls","constrained","test","eqmean","equal_intercepts",25,91,"native","GLS",1185613624,0.673493550057715,"available","budget_exhausted",1278,"",,FALSE,"",0.64155536078862,0.64155536078862,"default:ok;default_port:fail;layered_lbfgs:fail;layered_port:fail;witness:fail"
"layered_port","default","ml-gls","constrained","test","eqmean","equal_intercepts",25,91,"x100","GLS",1185613624,0.673493891597798,"available","budget_exhausted",1276,"",,FALSE,"",0.641555360788624,0.641555360788624,"default:ok;default_port:ok;layered_lbfgs:fail;layered_port:fail;witness:fail"
"layered_port","default","ml-gls","constrained","test","eqmean","equal_intercepts",25,92,"native","GLS",1185613625,0.501879030659292,"available","converged",998,"",,FALSE,"",0.484060086641715,0.484060086641463,"default:ok;default_port:ok;layered_lbfgs:fail;layered_port:fail;witness:ok"
"layered_port","default","ml-gls","constrained","test","eqmean","equal_intercepts",25,93,"native","GLS",1185613626,0.55639340809401,"nonpositive_curvature","budget_exhausted",1228,"",,FALSE,"",0.556991581830507,0.556991581830507,"default:ok;default_port:ok;layered_lbfgs:fail;layered_port:fail;witness:ok"
"layered_port","default","ml-gls","constrained","test","eqmean","equal_intercepts",25,93,"x100","GLS",1185613626,0.556532588001164,"nonpositive_curvature","budget_exhausted",1236,"",,FALSE,"",0.556991581830555,0.556991581830555,"default:ok;default_port:ok;layered_lbfgs:fail;layered_port:fail;witness:ok"
"layered_port","default","ml-gls","constrained","test","eqmean","equal_intercepts",25,94,"native","ML",1185613627,0.72661441730822,"nonpositive_curvature","budget_exhausted",1214,"layered",,FALSE,"",0.724659380004095,0.724659380004095,"default:ok;default_port:ok;layered_lbfgs:fail;layered_port:fail;witness:ok"
"layered_port","default","ml-gls","constrained","test","eqmean","equal_intercepts",25,94,"x100","ML",1185613627,0.726598371158597,"nonpositive_curvature","budget_exhausted",1219,"layered",,FALSE,"",0.724659380004092,0.724659380004092,"default:ok;default_port:ok;layered_lbfgs:fail;layered_port:fail;witness:ok"
"layered_port","default","ml-gls","constrained","test","eqmean","equal_intercepts",25,97,"native","ML",1185613630,0.655790683134628,"nonpositive_curvature","singular_convergence",893,"layered",,FALSE,"",0.571901963925621,0.571901963925621,"default:ok;default_port:ok;layered_lbfgs:fail;layered_port:fail;witness:ok"
"layered_port","default","ml-gls","constrained","test","eqmean","equal_intercepts",25,97,"x100","ML",1185613630,0.655786805068827,"nonpositive_curvature","singular_convergence",812,"layered",,FALSE,"",0.571901963925611,0.571901963925611,"default:ok;default_port:ok;layered_lbfgs:fail;layered_port:fail;witness:ok"
"layered_port","default","ml-gls","constrained","test","eqmean","equal_intercepts",25,99,"x0.01","ML",1185613632,0.538253227990026,"nonpositive_curvature","budget_exhausted",1298,"layered",,FALSE,"",0.62590095529868,0.62590095529868,"default:ok;default_port:fail;layered_lbfgs:fail;layered_port:fail;witness:ok"
"layered_port","default","ml-gls","constrained","test","eqmean","equal_intercepts",25,99,"x100","ML",1185613632,0.538252460770628,"available","budget_exhausted",1265,"layered",,FALSE,"",0.625900955298686,0.625900955298686,"default:ok;default_port:fail;layered_lbfgs:fail;layered_port:fail;witness:ok"
"layered_port","default","ml-gls","engineering15","test","high_r2","sem",25,11,"native","GLS",1608327248,0.243491319791624,"nonpositive_curvature","noisy_objective",470,"",,FALSE,"",0.161842032709522,0.161842032709522,"default:ok;default_port:ok;layered_lbfgs:fail;layered_port:fail;witness:ok"
"layered_port","default","ml-gls","engineering15","test","high_r2","sem",25,11,"x100","GLS",1608327248,0.243477580419715,"nonpositive_curvature","noisy_objective",523,"",,FALSE,"",0.161842032709524,0.161842032709524,"default:ok;default_port:ok;layered_lbfgs:fail;layered_port:fail;witness:ok"
"layered_port","default","ml-gls","engineering15","test","high_r2","sem",25,41,"native","ML",1608327641,0.230857791236989,"nonpositive_curvature","noisy_objective",786,"layered",,FALSE,"",0.197892853353562,0.197892853353562,"default:ok;default_port:ok;layered_lbfgs:fail;layered_port:fail;witness:ok"
"layered_port","default","ml-gls","engineering15","test","high_r2","sem",25,41,"x100","ML",1608327641,0.229985092707789,"nonpositive_curvature","noisy_objective",1080,"layered",,FALSE,"",0.197892853353558,0.197892853353558,"default:ok;default_port:ok;layered_lbfgs:fail;layered_port:fail;witness:ok"
"layered_port","default","ml-gls","engineering15","test","high_r2","sem",25,88,"native","GLS",1608328172,0.258771367049016,"nonpositive_curvature","converged",456,"",,FALSE,"",0.192257957234128,0.192257957234128,"default:ok;default_port:ok;layered_lbfgs:fail;layered_port:fail;witness:ok"
"layered_port","default","ml-gls","engineering15","test","high_r2","sem",25,88,"x100","GLS",1608328172,0.258771900555823,"nonpositive_curvature","converged",492,"",,FALSE,"",0.192257957234128,0.192257957234128,"default:ok;default_port:ok;layered_lbfgs:fail;layered_port:fail;witness:ok"
"layered_port","default","ml-gls","engineering15","test","high_r2","sem",25,95,"native","GLS",1608328300,0.155938111895843,"ill_conditioned","budget_exhausted",1346,"",,FALSE,"",0.149067471973467,0.149067471973467,"default:ok;default_port:fail;layered_lbfgs:fail;layered_port:fail;witness:fail"
"layered_port","default","ml-gls","engineering15","test","high_r2","sem",25,95,"x100","GLS",1608328300,0.155938130822669,"ill_conditioned","budget_exhausted",1332,"",,FALSE,"",0.149067471973471,0.149067471973471,"default:ok;default_port:fail;layered_lbfgs:fail;layered_port:fail;witness:fail"
"layered_port","default","ml-gls","engineering15","test","weak_marker","sem",100,1,"native","GLS",1558832521,0.0778664492636361,"nonpositive_curvature","budget_exhausted",1288,"",,FALSE,"",0.084536777995763,0.084536777995763,"default:ok;default_port:ok;layered_lbfgs:fail;layered_port:fail;witness:ok"
"layered_port","default","ml-gls","engineering15","test","weak_marker","sem",100,1,"native","ML",1558832521,0.0933284630325484,"nonpositive_curvature","budget_exhausted",1279,"layered",,FALSE,"",0.0860258896618427,0.0860258896618427,"default:ok;default_port:ok;layered_lbfgs:fail;layered_port:fail;witness:ok"
"layered_port","default","ml-gls","engineering15","test","weak_marker","sem",100,1,"x100","GLS",1558832521,0.0778644855005345,"available","budget_exhausted",1278,"",,FALSE,"",0.0845367779957744,0.0845367779957744,"default:ok;default_port:ok;layered_lbfgs:fail;layered_port:fail;witness:ok"
"layered_port","default","ml-gls","engineering15","test","weak_marker","sem",100,1,"x100","ML",1558832521,0.0933271428167224,"available","budget_exhausted",1259,"layered",,FALSE,"",0.0860258896618475,0.0860258896618475,"default:ok;default_port:ok;layered_lbfgs:fail;layered_port:fail;witness:ok"
"layered_port","default","ml-gls","engineering15","test","weak_marker","sem",100,15,"native","ML",196115549,0.0179270707577657,"nonpositive_curvature","budget_exhausted",1276,"layered",,FALSE,"",0.0164635347698936,0.0164635344590081,"default:ok;default_port:ok;layered_lbfgs:fail;layered_port:fail;witness:ok"
"layered_port","default","ml-gls","engineering15","test","weak_marker","sem",100,15,"x100","GLS",196115549,0.0175103112828049,"nonpositive_curvature","budget_exhausted",1269,"",,FALSE,"",0.0153025165506944,0.0153025165506944,"default:ok;default_port:ok;layered_lbfgs:fail;layered_port:fail;witness:ok"
"layered_port","default","ml-gls","engineering15","test","weak_marker","sem",100,15,"x100","ML",196115549,0.0179265736312217,"nonpositive_curvature","budget_exhausted",1264,"layered",,FALSE,"",0.0164635345067232,0.0164635344589925,"default:ok;default_port:ok;layered_lbfgs:fail;layered_port:fail;witness:ok"
"layered_port","default","ml-gls","engineering15","test","weak_marker","sem",100,38,"native","GLS",196115814,0.0105968549743217,"available","budget_exhausted",1278,"",,FALSE,"",0.0078263717943096,0.0078263717943096,"default:ok;default_port:ok;layered_lbfgs:fail;layered_port:fail;witness:ok"
"layered_port","default","ml-gls","engineering15","test","weak_marker","sem",100,38,"native","ML",196115814,0.0105566290615324,"available","budget_exhausted",1288,"layered",,FALSE,"",0.00787781469083759,0.00787781469083759,"default:ok;default_port:ok;layered_lbfgs:fail;layered_port:fail;witness:ok"
"layered_port","default","ml-gls","engineering15","test","weak_marker","sem",100,38,"x100","GLS",196115814,0.0105965464538721,"nonpositive_curvature","budget_exhausted",1249,"",,FALSE,"",0.00782637179431353,0.00782637179431353,"default:ok;default_port:ok;layered_lbfgs:fail;layered_port:fail;witness:ok"
"layered_port","default","ml-gls","engineering15","test","weak_marker","sem",100,38,"x100","ML",196115814,0.010563636304564,"nonpositive_curvature","budget_exhausted",1256,"layered",,FALSE,"",0.00787781469083626,0.00787781469083626,"default:ok;default_port:ok;layered_lbfgs:fail;layered_port:fail;witness:ok"
"layered_port","default","ml-gls","engineering15","test","weak_marker","sem",100,4,"native","GLS",1558832524,0.0297450442391017,"nonpositive_curvature","budget_exhausted",1281,"",,FALSE,"",0.0278680523414619,0.0278680523414619,"default:ok;default_port:ok;layered_lbfgs:fail;layered_port:fail;witness:ok"
"layered_port","default","ml-gls","engineering15","test","weak_marker","sem",100,4,"native","ML",1558832524,0.0302444794776613,"available","converged",1055,"layered",,FALSE,"",0.0280805527482633,0.0280805527482633,"default:ok;default_port:ok;layered_lbfgs:fail;layered_port:fail;witness:ok"
"layered_port","default","ml-gls","engineering15","test","weak_marker","sem",100,4,"x100","GLS",1558832524,0.0297439859844928,"nonpositive_curvature","budget_exhausted",1252,"",,FALSE,"",0.0278680523414619,0.0278680523414619,"default:ok;default_port:ok;layered_lbfgs:fail;layered_port:fail;witness:ok"
"layered_port","default","ml-gls","engineering15","test","weak_marker","sem",100,4,"x100","ML",1558832524,0.0311877596329992,"nonpositive_curvature","budget_exhausted",1198,"layered",,FALSE,"",0.0280805527482713,0.0280805527482713,"default:ok;default_port:ok;layered_lbfgs:fail;layered_port:fail;witness:ok"
"layered_port","default","ml-gls","engineering15","test","weak_marker","sem",100,50,"native","ML",196116068,0.116060944489212,"nonpositive_curvature","budget_exhausted",1282,"layered",,FALSE,"",0.0075609032212105,0.00756090293715017,"default:ok;default_port:ok;layered_lbfgs:fail;layered_port:fail;witness:fail"
"layered_port","default","ml-gls","engineering15","test","weak_marker","sem",100,50,"x100","ML",196116068,0.116078251325472,"nonpositive_curvature","budget_exhausted",1273,"layered",,FALSE,"",0.00756090293715417,0.00756090293715417,"default:ok;default_port:ok;layered_lbfgs:fail;layered_port:fail;witness:fail"
"layered_port","default","ml-gls","engineering15","test","weak_marker","sem",100,6,"native","GLS",1558832526,0.0628824292860438,"available","budget_exhausted",1202,"",,FALSE,"",0.0472708474988384,0.0472708474988384,"default:ok;default_port:ok;layered_lbfgs:fail;layered_port:fail;witness:ok"
"layered_port","default","ml-gls","engineering15","test","weak_marker","sem",100,6,"native","ML",1558832526,0.0618878832888008,"nonpositive_curvature","budget_exhausted",1288,"layered",,FALSE,"",0.0543205212037075,0.0543205192024736,"default:ok;default_port:ok;layered_lbfgs:fail;layered_port:fail;witness:ok"
"layered_port","default","ml-gls","engineering15","test","weak_marker","sem",100,6,"x100","GLS",1558832526,0.0628828110172249,"nonpositive_curvature","budget_exhausted",1213,"",,FALSE,"",0.0472708474988699,0.0472708474988699,"default:ok;default_port:ok;layered_lbfgs:fail;layered_port:fail;witness:ok"
"layered_port","default","ml-gls","engineering15","test","weak_marker","sem",100,6,"x100","ML",1558832526,0.0623682187532033,"nonpositive_curvature","budget_exhausted",1282,"layered",,FALSE,"",0.054320519202399,0.054320519202399,"default:ok;default_port:ok;layered_lbfgs:fail;layered_port:fail;witness:ok"
"layered_port","default","ml-gls","engineering15","test","weak_marker","sem",100,69,"native","ML",196116208,0.0720417003708196,"nonpositive_curvature","budget_exhausted",1253,"layered",,FALSE,"",0.0470214060146947,0.0470214060146947,"default:ok;default_port:ok;layered_lbfgs:fail;layered_port:fail;witness:ok"
"layered_port","default","ml-gls","engineering15","test","weak_marker","sem",100,69,"x100","GLS",196116208,0.0677867517170582,"nonpositive_curvature","budget_exhausted",1246,"",,FALSE,"",0.0490886982860668,0.0490886908800895,"default:ok;default_port:ok;layered_lbfgs:fail;layered_port:fail;witness:ok"
"layered_port","default","ml-gls","engineering15","test","weak_marker","sem",100,69,"x100","ML",196116208,0.072086933939044,"available","budget_exhausted",1263,"layered",,FALSE,"",0.0470214060146965,0.0470214060146965,"default:ok;default_port:ok;layered_lbfgs:fail;layered_port:fail;witness:ok"
"layered_port","default","ml-gls","engineering15","test","weak_marker","sem",100,74,"x100","ML",196116334,0.0493126637592525,"nonpositive_curvature","budget_exhausted",1234,"layered",,FALSE,"",0.0445333309483829,0.0445333307743105,"default:ok;default_port:ok;layered_lbfgs:fail;layered_port:fail;witness:ok"
"layered_port","default","ml-gls","engineering15","test","weak_marker","sem",100,81,"native","ML",196116462,0.0668751855147378,"nonpositive_curvature","budget_exhausted",1282,"layered",,FALSE,"",0.0447243627720009,0.0447243627720009,"default:ok;default_port:ok;layered_lbfgs:fail;layered_port:fail;witness:ok"
"layered_port","default","ml-gls","engineering15","test","weak_marker","sem",100,81,"x100","ML",196116462,0.0669345403393216,"nonpositive_curvature","budget_exhausted",1310,"layered",,FALSE,"",0.0447243627720049,0.0447243627720049,"default:ok;default_port:ok;layered_lbfgs:fail;layered_port:fail;witness:ok"
"layered_port","default","ml-gls","engineering15","test","weak_marker","sem",100,87,"x100","GLS",196116468,0.0159929970413839,"available","budget_exhausted",1337,"",,FALSE,"",0.0154411323068244,0.0154411323068244,"default:ok;default_port:ok;layered_lbfgs:fail;layered_port:fail;witness:ok"
"layered_port","default","ml-gls","engineering15","test","weak_marker","sem",100,97,"x100","ML",196116599,0.055997247841244,"available","budget_exhausted",1298,"layered",,FALSE,"",0.0544765665822986,0.0544765665822986,"default:ok;default_port:ok;layered_lbfgs:fail;layered_port:fail;witness:ok"
"layered_port","default","ml-gls","engineering15","test","weak_marker","sem",25,14,"native","ML",1865867311,0.145271414379562,"available","noisy_objective",1009,"layered",,FALSE,"",0.120618284146206,0.120618284146206,"default:ok;default_port:ok;layered_lbfgs:fail;layered_port:fail;witness:fail"
"layered_port","default","ml-gls","engineering15","test","weak_marker","sem",25,14,"x100","GLS",1865867311,0.105727574927193,"available","budget_exhausted",1301,"",,FALSE,"",0.121821634313531,0.121821634313531,"default:ok;default_port:ok;layered_lbfgs:fail;layered_port:fail;witness:fail"
"layered_port","default","ml-gls","engineering15","test","weak_marker","sem",25,14,"x100","ML",1865867311,0.145165863697891,"available","noisy_objective",1236,"layered",,FALSE,"",0.120618284146207,0.120618284146207,"default:ok;default_port:ok;layered_lbfgs:fail;layered_port:fail;witness:fail"
"layered_port","default","ml-gls","engineering15","test","weak_marker","sem",25,16,"mixed","ML",1865867313,0.149514283407739,"nonpositive_curvature","budget_exhausted",1255,"layered",,FALSE,"",0.0994046035706972,0.0994046035706972,"default:ok;default_port:ok;layered_lbfgs:fail;layered_port:fail;witness:fail"
"layered_port","default","ml-gls","engineering15","test","weak_marker","sem",25,16,"native","ML",1865867313,0.14914966074693,"nonpositive_curvature","budget_exhausted",1226,"layered",,FALSE,"",0.0994046035706964,0.0994046035706964,"default:ok;default_port:ok;layered_lbfgs:fail;layered_port:fail;witness:fail"
"layered_port","default","ml-gls","engineering15","test","weak_marker","sem",25,16,"x0.01","ML",1865867313,0.149416228840742,"nonpositive_curvature","budget_exhausted",1334,"layered",,FALSE,"",0.0994046035707008,0.0994046035707008,"default:ok;default_port:ok;layered_lbfgs:fail;layered_port:fail;witness:fail"
"layered_port","default","ml-gls","engineering15","test","weak_marker","sem",25,16,"x100","ML",1865867313,0.149308870745035,"available","budget_exhausted",1295,"layered",,FALSE,"",0.0994046035707008,0.0994046035707008,"default:ok;default_port:ok;layered_lbfgs:fail;layered_port:fail;witness:fail"
"layered_port","default","ml-gls","engineering15","test","weak_marker","sem",25,18,"native","ML",1865867315,0.180680894947887,"nonpositive_curvature","budget_exhausted",1291,"layered",,FALSE,"",0.135603202423027,0.135603202423027,"default:ok;default_port:ok;layered_lbfgs:fail;layered_port:fail;witness:ok"
"layered_port","default","ml-gls","engineering15","test","weak_marker","sem",25,18,"x100","ML",1865867315,0.180674976194172,"nonpositive_curvature","budget_exhausted",1289,"layered",,FALSE,"",0.135603202423027,0.135603202423027,"default:ok;default_port:ok;layered_lbfgs:fail;layered_port:fail;witness:ok"
"layered_port","default","ml-gls","engineering15","test","weak_marker","sem",25,20,"native","ML",1865867438,0.119434190806523,"ill_conditioned","singular_convergence",1152,"layered",,FALSE,"",0.119422058698949,0.119421977244807,"default:ok;default_port:ok;layered_lbfgs:fail;layered_port:fail;witness:fail"
"layered_port","default","ml-gls","engineering15","test","weak_marker","sem",25,20,"x100","ML",1865867438,0.119434494800611,"ill_conditioned","line_search_salvaged",685,"layered",,FALSE,"",0.119423183619919,0.119421977244794,"default:ok;default_port:ok;layered_lbfgs:fail;layered_port:fail;witness:fail"
"layered_port","default","ml-gls","engineering15","test","weak_marker","sem",25,24,"native","ML",1865867442,0.234269003849459,"available","converged",1150,"layered",,FALSE,"",0.19912309685409,0.19912309685409,"default:ok;default_port:ok;layered_lbfgs:fail;layered_port:fail;witness:ok"
"layered_port","default","ml-gls","engineering15","test","weak_marker","sem",25,24,"x100","ML",1865867442,0.234261372690547,"nonpositive_curvature","budget_exhausted",1348,"layered",,FALSE,"",0.199123096854095,0.199123096854095,"default:ok;default_port:ok;layered_lbfgs:fail;layered_port:fail;witness:ok"
"layered_port","default","ml-gls","engineering15","test","weak_marker","sem",25,34,"native","GLS",1865867573,0.120902829968392,"nonpositive_curvature","budget_exhausted",1349,"",,FALSE,"",0.119051797615574,0.119051797615574,"default:ok;default_port:ok;layered_lbfgs:fail;layered_port:fail;witness:fail"
"layered_port","default","ml-gls","engineering15","test","weak_marker","sem",25,34,"x100","GLS",1865867573,0.12090495075117,"available","budget_exhausted",1305,"",,FALSE,"",0.119051797615515,0.119051797615515,"default:ok;default_port:ok;layered_lbfgs:fail;layered_port:fail;witness:fail"
"layered_port","default","ml-gls","engineering15","test","weak_marker","sem",25,45,"native","GLS",1865867705,0.219747168444339,"nonpositive_curvature","budget_exhausted",1258,"",,FALSE,"",0.108398949144946,0.108398949144946,"default:ok;default_port:ok;layered_lbfgs:fail;layered_port:fail;witness:fail"
"layered_port","default","ml-gls","engineering15","test","weak_marker","sem",25,45,"x0.01","GLS",1865867705,0.219736852988223,"available","budget_exhausted",1292,"",,FALSE,"",0.108398949144945,0.108398949144945,"default:ok;default_port:fail;layered_lbfgs:fail;layered_port:fail;witness:fail"
"layered_port","default","ml-gls","engineering15","test","weak_marker","sem",25,45,"x100","GLS",1865867705,0.21973111932794,"available","budget_exhausted",1307,"",,FALSE,"",0.108398949144945,0.108398949144945,"default:ok;default_port:ok;layered_lbfgs:fail;layered_port:fail;witness:fail"
"layered_port","default","ml-gls","engineering15","test","weak_marker","sem",25,50,"x100","GLS",1865867831,0.130304938873913,"nonpositive_curvature","budget_exhausted",1290,"",,FALSE,"",0.113394077529525,0.113394077529525,"default:ok;default_port:ok;layered_lbfgs:fail;layered_port:fail;witness:fail"
"layered_port","default","ml-gls","engineering15","test","weak_marker","sem",25,59,"native","GLS",1865867840,0.0939884751061235,"available","budget_exhausted",1321,"",,FALSE,"",0.093864394278808,0.09386416571213,"default:ok;default_port:ok;layered_lbfgs:fail;layered_port:fail;witness:fail"
"layered_port","default","ml-gls","engineering15","test","weak_marker","sem",25,59,"x100","GLS",1865867840,0.0939883348106116,"available","budget_exhausted",1402,"",,FALSE,"",0.0938657345456252,0.0938641657120096,"default:ok;default_port:ok;layered_lbfgs:fail;layered_port:fail;witness:fail"
"layered_port","default","ml-gls","engineering15","test","weak_marker","sem",25,67,"native","ML",1865867969,0.232086669234158,"ill_conditioned","singular_convergence",1032,"layered",,FALSE,"",0.244773021036837,0.244773021036837,"default:ok;default_port:ok;layered_lbfgs:fail;layered_port:fail;witness:ok"
"layered_port","default","ml-gls","engineering15","test","weak_marker","sem",25,67,"x100","ML",1865867969,0.232086700188106,"nonpositive_curvature","singular_convergence",914,"layered",,FALSE,"",0.244773021036831,0.244773021036831,"default:ok;default_port:ok;layered_lbfgs:fail;layered_port:fail;witness:fail"
"layered_port","default","ml-gls","engineering15","test","weak_marker","sem",25,68,"native","GLS",1865867970,0.14149109358995,"nonpositive_curvature","budget_exhausted",1259,"",,FALSE,"",0.101001780407187,0.101001780407187,"default:ok;default_port:ok;layered_lbfgs:fail;layered_port:fail;witness:fail"
"layered_port","default","ml-gls","engineering15","test","weak_marker","sem",25,68,"native","ML",1865867970,0.118676148011416,"nonpositive_curvature","budget_exhausted",1381,"layered",,FALSE,"",0.110484632313681,0.110484632313681,"default:ok;default_port:ok;layered_lbfgs:fail;layered_port:fail;witness:ok"
"layered_port","default","ml-gls","engineering15","test","weak_marker","sem",25,68,"x100","GLS",1865867970,0.141491480916209,"nonpositive_curvature","budget_exhausted",1236,"",,FALSE,"",0.101001780407171,0.101001780407171,"default:ok;default_port:ok;layered_lbfgs:fail;layered_port:fail;witness:fail"
"layered_port","default","ml-gls","engineering15","test","weak_marker","sem",25,68,"x100","ML",1865867970,0.118709609123627,"nonpositive_curvature","budget_exhausted",1344,"layered",,FALSE,"",0.110484632313685,0.110484632313685,"default:ok;default_port:ok;layered_lbfgs:fail;layered_port:fail;witness:ok"
"layered_port","default","ml-gls","engineering15","test","weak_marker","sem",25,73,"native","GLS",1865868096,0.0921415851060447,"nonpositive_curvature","converged",117,"",,FALSE,"",0.0598830758825094,0.0598830758825094,"default:ok;default_port:ok;layered_lbfgs:fail;layered_port:fail;witness:fail"
"layered_port","default","ml-gls","engineering15","test","weak_marker","sem",25,73,"native","ML",1865868096,0.0864478224338971,"ill_conditioned","noisy_objective",1319,"layered",,FALSE,"",0.0669747755566408,0.0669747755566408,"default:ok;default_port:ok;layered_lbfgs:fail;layered_port:fail;witness:fail"
"layered_port","default","ml-gls","engineering15","test","weak_marker","sem",25,73,"x100","GLS",1865868096,0.0921415851059653,"nonpositive_curvature","converged",117,"",,FALSE,"",0.0598830758825032,0.0598830758825032,"default:ok;default_port:ok;layered_lbfgs:fail;layered_port:fail;witness:fail"
"layered_port","default","ml-gls","engineering15","test","weak_marker","sem",25,73,"x100","ML",1865868096,0.0864478455106621,"ill_conditioned","budget_exhausted",1265,"layered",,FALSE,"",0.0669747755566412,0.0669747755566412,"default:ok;default_port:ok;layered_lbfgs:fail;layered_port:fail;witness:fail"
"layered_port","default","ml-gls","engineering15","test","weak_marker","sem",25,92,"native","GLS",1865868357,0.142788804544848,"available","budget_exhausted",1314,"",,FALSE,"",0.139053546217495,0.139053546217495,"default:ok;default_port:ok;layered_lbfgs:fail;layered_port:fail;witness:ok"
"layered_port","default","ml-gls","engineering15","test","weak_marker","sem",25,92,"x100","GLS",1865868357,0.142793725125247,"available","budget_exhausted",1346,"",,FALSE,"",0.139053546217494,0.139053546217494,"default:ok;default_port:ok;layered_lbfgs:fail;layered_port:fail;witness:ok"
"layered_port","default","ml-gls","engineering15","test","weak_marker","sem",25,93,"mixed","ML",1865868358,0.226872259385336,"available","converged",516,"layered",,FALSE,"",0.14796168650855,0.14796168650855,"default:ok;default_port:ok;layered_lbfgs:fail;layered_port:fail;witness:ok"
"layered_port","default","ml-gls","engineering15","test","weak_marker","sem",25,95,"native","GLS",1865868360,0.182232285839379,"nonpositive_curvature","budget_exhausted",1316,"",,FALSE,"",0.0623791816288456,0.0623787513324713,"default:ok;default_port:ok;layered_lbfgs:fail;layered_port:fail;witness:ok"
"layered_port","default","ml-gls","engineering15","test","weak_marker","sem",25,95,"x100","GLS",1865868360,0.182835484771199,"nonpositive_curvature","budget_exhausted",1390,"",,FALSE,"",0.0623787537702703,0.0623787513324702,"default:ok;default_port:ok;layered_lbfgs:fail;layered_port:fail;witness:ok"
"layered_port","default","ml-gls","engineering15","test","weak_marker","sem",25,97,"x0.01","ML",1865868362,0.194747012792327,"nonpositive_curvature","line_search_salvaged",504,"layered",,TRUE,"",0.234047008891363,0.234047008891363,"default:ok;default_port:fail;layered_lbfgs:fail;layered_port:fail;witness:fail"
"layered_port","default","ml-gls","engineering15","test","weak_marker","sem",25,98,"native","ML",1865868363,0.0397022872847677,"ill_conditioned","singular_convergence",942,"layered",,FALSE,"",0.0440842006652327,0.0440842006652327,"default:ok;default_port:ok;layered_lbfgs:fail;layered_port:fail;witness:fail"
"layered_port","default","ml-gls","ernst","control","ernst","sem",25,10,"native","GLS",1676127980,0.110804954288462,"available","budget_exhausted",1399,"",,FALSE,"",0.108404239894684,0.108404239894684,"default:ok;default_port:ok;layered_lbfgs:fail;layered_port:fail;witness:ok"
"layered_port","default","ml-gls","ernst","control","ernst","sem",25,10,"x100","GLS",1676127980,0.11080462047114,"available","budget_exhausted",1306,"",,FALSE,"",0.108404239894685,0.108404239894685,"default:ok;default_port:ok;layered_lbfgs:fail;layered_port:fail;witness:ok"
"layered_port","default","ml-gls","ernst","control","ernst","sem",25,15,"native","GLS",1676127985,0.120345608266559,"available","converged",692,"",,FALSE,"",0.120003252619236,0.120003248037828,"default:ok;default_port:ok;layered_lbfgs:fail;layered_port:fail;witness:ok"
"layered_port","default","ml-gls","ernst","control","ernst","sem",25,16,"native","GLS",1676127986,0.242763800895401,"ill_conditioned","singular_convergence",969,"",,FALSE,"",0.244436465782562,0.244436465782562,"default:ok;default_port:ok;layered_lbfgs:fail;layered_port:fail;witness:ok"
"layered_port","default","ml-gls","ernst","control","ernst","sem",25,16,"x100","GLS",1676127986,0.242763808763626,"ill_conditioned","singular_convergence",1004,"",,FALSE,"",0.24443646578256,0.24443646578256,"default:ok;default_port:ok;layered_lbfgs:fail;layered_port:fail;witness:ok"
"layered_port","default","ml-gls","ernst","control","ernst","sem",25,26,"mixed","ML",1676128117,0.187681764882844,"ill_conditioned","singular_convergence",852,"layered",,FALSE,"",0.1871389262233,0.1871389262233,"default:ok;default_port:fail;layered_lbfgs:fail;layered_port:fail;witness:ok"
"layered_port","default","ml-gls","ernst","control","ernst","sem",25,26,"native","GLS",1676128117,0.161505236366801,"ill_conditioned","singular_convergence",1170,"",,FALSE,"",0.161467842349571,0.16146439241943,"default:ok;default_port:ok;layered_lbfgs:fail;layered_port:fail;witness:ok"
"layered_port","default","ml-gls","ernst","control","ernst","sem",25,26,"native","ML",1676128117,0.187681775213945,"ill_conditioned","singular_convergence",910,"layered",,FALSE,"",0.1871389262233,0.1871389262233,"default:ok;default_port:ok;layered_lbfgs:fail;layered_port:fail;witness:ok"
"layered_port","default","ml-gls","ernst","control","ernst","sem",25,26,"x0.01","GLS",1676128117,0.161505219645933,"ill_conditioned","singular_convergence",1203,"",,FALSE,"",0.161464392419401,0.161464392419401,"default:ok;default_port:ok;layered_lbfgs:fail;layered_port:fail;witness:ok"
"layered_port","default","ml-gls","ernst","control","ernst","sem",25,26,"x0.01","ML",1676128117,0.1876817207046,"ill_conditioned","singular_convergence",907,"layered",,FALSE,"",0.187138926223298,0.187138926223298,"default:ok;default_port:fail;layered_lbfgs:fail;layered_port:fail;witness:ok"
"layered_port","default","ml-gls","ernst","control","ernst","sem",25,26,"x100","ML",1676128117,0.18768170462814,"nonpositive_curvature","singular_convergence",867,"layered",,FALSE,"",0.187138926223305,0.187138926223305,"default:ok;default_port:ok;layered_lbfgs:fail;layered_port:fail;witness:ok"
"layered_port","default","ml-gls","ernst","control","ernst","sem",25,33,"x0.01","GLS",1676128245,0.193544967094186,"available","budget_exhausted",1334,"",,FALSE,"",0.17338867724332,0.128185419435074,"default:ok;default_port:fail;layered_lbfgs:fail;layered_port:fail;witness:ok"
"layered_port","default","ml-gls","ernst","control","ernst","sem",25,36,"mixed","GLS",1676128248,0.0810320245260899,"available","budget_exhausted",1325,"",,FALSE,"",0.0742859209659392,0.0742859209659392,"default:ok;default_port:ok;layered_lbfgs:fail;layered_port:fail;witness:fail"
"layered_port","default","ml-gls","ernst","control","ernst","sem",25,4,"native","GLS",979982156,0.138083123109203,"nonpositive_curvature","budget_exhausted",1420,"",,FALSE,"",0.0461309391358484,0.0461309391358484,"default:ok;default_port:ok;layered_lbfgs:fail;layered_port:fail;witness:ok"
"layered_port","default","ml-gls","ernst","control","ernst","sem",25,4,"native","ML",979982156,0.171123274313785,"nonpositive_curvature","noisy_objective",728,"layered",,TRUE,"",0.0517843767076633,0.0517843767076633,"default:ok;default_port:ok;layered_lbfgs:fail;layered_port:fail;witness:ok"
"layered_port","default","ml-gls","ernst","control","ernst","sem",25,4,"x100","GLS",979982156,0.138091321736504,"nonpositive_curvature","budget_exhausted",1319,"",,FALSE,"",0.0461309391358491,0.0461309391358491,"default:ok;default_port:ok;layered_lbfgs:fail;layered_port:fail;witness:ok"
"layered_port","default","ml-gls","ernst","control","ernst","sem",25,4,"x100","ML",979982156,0.171081758005496,"nonpositive_curvature","singular_convergence",966,"layered",,TRUE,"",0.0517843767076656,0.0517843767076656,"default:ok;default_port:ok;layered_lbfgs:fail;layered_port:fail;witness:ok"
"layered_port","default","ml-gls","ernst","control","ernst","sem",25,66,"native","ML",1676128641,0.263460513078926,"nonpositive_curvature","budget_exhausted",1319,"layered",,FALSE,"",0.211149808292373,0.211149808292373,"default:ok;default_port:ok;layered_lbfgs:fail;layered_port:fail;witness:ok"
"layered_port","default","ml-gls","ernst","control","ernst","sem",25,66,"x0.01","ML",1676128641,0.263456312416228,"nonpositive_curvature","budget_exhausted",1293,"layered",,FALSE,"",0.211149808292372,0.211149808292372,"default:ok;default_port:ok;layered_lbfgs:fail;layered_port:fail;witness:ok"
"layered_port","default","ml-gls","ernst","control","ernst","sem",25,69,"native","GLS",1676128644,0.174455634474575,"ill_conditioned","budget_exhausted",1265,"",,FALSE,"",0.189296658613641,0.189296658613641,"default:ok;default_port:ok;layered_lbfgs:fail;layered_port:fail;witness:ok"
"layered_port","default","ml-gls","ernst","control","ernst","sem",25,72,"native","GLS",1676128768,0.129772961849316,"nonpositive_curvature","noisy_objective",847,"",,TRUE,"",0.116120718606464,0.116120718606464,"default:ok;default_port:ok;layered_lbfgs:fail;layered_port:fail;witness:ok"
"layered_port","default","ml-gls","ernst","control","ernst","sem",25,72,"x100","GLS",1676128768,0.129764788966609,"nonpositive_curvature","noisy_objective",974,"",,TRUE,"",0.116120718606434,0.116120718606434,"default:ok;default_port:ok;layered_lbfgs:fail;layered_port:fail;witness:ok"
"layered_port","default","ml-gls","ernst","control","ernst","sem",25,77,"native","GLS",1676128773,0.146049565659132,"ill_conditioned","singular_convergence",1050,"",,FALSE,"",0.129741956399429,0.129741956399429,"default:ok;default_port:ok;layered_lbfgs:fail;layered_port:fail;witness:ok"
"layered_port","default","ml-gls","ernst","control","ernst","sem",25,77,"x0.01","GLS",1676128773,0.14604957524209,"ill_conditioned","singular_convergence",1071,"",,FALSE,"",0.129741956399429,0.129741956399429,"default:ok;default_port:ok;layered_lbfgs:fail;layered_port:fail;witness:ok"
"layered_port","default","ml-gls","ernst","control","ernst","sem",25,77,"x100","GLS",1676128773,0.146049670022416,"ill_conditioned","singular_convergence",958,"",,FALSE,"",0.129741956399444,0.129741956399444,"default:ok;default_port:ok;layered_lbfgs:fail;layered_port:fail;witness:ok"
"layered_port","default","ml-gls","ernst","control","ernst","sem",25,90,"mixed","GLS",1676129028,0.146575861570787,"ill_conditioned","singular_convergence",726,"",,FALSE,"",0.0905891238612978,0.0905891238612978,"default:ok;default_port:fail;layered_lbfgs:fail;layered_port:fail;witness:ok"
"layered_port","default","ml-gls","research47","test","r47_f2_r100","two_factor",25,57,"mixed","GLS",1798153726,0.281887521820396,"available","budget_exhausted",1202,"",,FALSE,"",0.280348390814262,0.280348390814262,"default:ok;default_port:ok;layered_lbfgs:fail;layered_port:fail;witness:fail"
"layered_port","default","ml-gls","research47","test","r47_f2_r100","two_factor",25,89,"native","GLS",1798154121,0.399845187039047,"ill_conditioned","singular_convergence",1009,"",,FALSE,"",0.269500871650871,0.269500871650871,"default:ok;default_port:fail;layered_lbfgs:fail;layered_port:fail;witness:ok"
"layered_port","default","ml-gls","research47","test","r47_f2_r100","two_factor",25,89,"x100","GLS",1798154121,0.399844829834465,"ill_conditioned","noisy_objective",1170,"",,FALSE,"",0.269500871650869,0.269500871650869,"default:ok;default_port:fail;layered_lbfgs:fail;layered_port:fail;witness:ok"
"layered_port","default","ml-gls","research47","test","r47_f2_r100","two_factor",25,91,"native","GLS",1798154244,0.179580636924505,"available","budget_exhausted",1328,"",,TRUE,"",0.142966671075907,0.142966671075875,"default:ok;default_port:ok;layered_lbfgs:fail;layered_port:fail;witness:ok"
"layered_port","default","ml-gls","research47","test","r47_f2_r100","two_factor",25,91,"native","ML",1798154244,0.432561124376394,"nonpositive_curvature","budget_exhausted",1308,"layered",,FALSE,"",0.256578249863909,0.256578249863909,"default:ok;default_port:ok;layered_lbfgs:fail;layered_port:fail;witness:ok"
"layered_port","default","ml-gls","research47","test","r47_f2_r100","two_factor",25,91,"x0.01","GLS",1798154244,0.179581834408575,"available","noisy_objective",838,"",,TRUE,"",0.14296667107593,0.142966671075875,"default:ok;default_port:fail;layered_lbfgs:fail;layered_port:fail;witness:ok"
"layered_port","default","ml-gls","research47","test","r47_f2_r100","two_factor",25,91,"x100","GLS",1798154244,0.17957039295108,"available","budget_exhausted",1246,"",,TRUE,"",0.142966671075847,0.142966671075847,"default:ok;default_port:ok;layered_lbfgs:fail;layered_port:fail;witness:ok"
"layered_port","default","ml-gls","research47","test","r47_f2_r100","two_factor",25,91,"x100","ML",1798154244,0.43256269936801,"nonpositive_curvature","budget_exhausted",1329,"layered",,FALSE,"",0.25657824986391,0.25657824986391,"default:ok;default_port:ok;layered_lbfgs:fail;layered_port:fail;witness:ok"
"layered_port","default","ml-gls","research47","test","r47_f2_r97","two_factor",25,36,"native","GLS",134080650,0.192691354699479,"available","budget_exhausted",1289,"",,FALSE,"",0.162222458207269,0.162222458207269,"default:ok;default_port:ok;layered_lbfgs:fail;layered_port:fail;witness:ok"
"layered_port","default","ml-gls","research47","test","r47_f2_r97","two_factor",25,36,"native","ML",134080650,0.228274146286541,"nonpositive_curvature","budget_exhausted",1325,"layered",,FALSE,"",0.200601390023636,0.200601390023636,"default:ok;default_port:ok;layered_lbfgs:fail;layered_port:fail;witness:ok"
"layered_port","default","ml-gls","research47","test","r47_f2_r97","two_factor",25,36,"x0.01","ML",134080650,0.228253449859963,"available","budget_exhausted",1300,"layered",,FALSE,"",0.200601393309292,0.200601390024335,"default:ok;default_port:fail;layered_lbfgs:fail;layered_port:fail;witness:ok"
"layered_port","default","ml-gls","research47","test","r47_f2_r97","two_factor",25,36,"x100","GLS",134080650,0.192689818753999,"nonpositive_curvature","budget_exhausted",1316,"",,FALSE,"",0.162222458207318,0.162222458207318,"default:ok;default_port:ok;layered_lbfgs:fail;layered_port:fail;witness:ok"
"layered_port","default","ml-gls","research47","test","r47_f2_r97","two_factor",25,36,"x100","ML",134080650,0.228284538265996,"available","budget_exhausted",1308,"layered",,FALSE,"",0.200601390023643,0.200601390023643,"default:ok;default_port:ok;layered_lbfgs:fail;layered_port:fail;witness:ok"
"layered_port","default","ml-gls","research47","test","r47_f2_r97","two_factor",25,59,"x100","ML",134080915,0.30240731876766,"nonpositive_curvature","budget_exhausted",1296,"layered",,FALSE,"",0.274434822157655,0.274434822157655,"default:ok;default_port:ok;layered_lbfgs:fail;layered_port:fail;witness:ok"
"layered_port","default","ml-gls","research47","test","r47_f2_r97","two_factor",25,96,"native","ML",134081436,0.271946333137024,"available","budget_exhausted",1308,"layered",,FALSE,"",0.227014156993944,0.227014156993944,"default:ok;default_port:ok;layered_lbfgs:fail;layered_port:fail;witness:ok"
"layered_port","default","ml-gls","research47","test","r47_f2_r97","two_factor",25,96,"x100","ML",134081436,0.271947614705521,"available","budget_exhausted",1309,"layered",,FALSE,"",0.22701415699396,0.22701415699396,"default:ok;default_port:ok;layered_lbfgs:fail;layered_port:fail;witness:ok"
"layered_port","default","ml-gls","research47","test","r47_f2_r99","two_factor",25,28,"native","GLS",1902411009,0.0763808509116461,"nonpositive_curvature","budget_exhausted",1236,"",,TRUE,"",0.07594319877577,0.075943171078215,"default:ok;default_port:ok;layered_lbfgs:fail;layered_port:fail;witness:ok"
"layered_port","default","ml-gls","research47","test","r47_f2_r99","two_factor",25,28,"x100","GLS",1902411009,0.0763808747869215,"available","budget_exhausted",1228,"",,TRUE,"",0.0759432306677487,0.0759431710782646,"default:ok;default_port:ok;layered_lbfgs:fail;layered_port:fail;witness:ok"
"layered_port","default","ml-gls","research47","test","r47_f2_r99","two_factor",25,81,"native","GLS",1902411788,0.156212930012158,"available","singular_convergence",953,"",,TRUE,"",0.119687618621464,0.119687618621456,"default:ok;default_port:ok;layered_lbfgs:fail;layered_port:fail;witness:ok"
"layered_port","default","ml-gls","research47","test","r47_f2_r99","two_factor",25,81,"x100","GLS",1902411788,0.156212872533005,"available","singular_convergence",928,"",,TRUE,"",0.119687618621447,0.119687618621447,"default:ok;default_port:ok;layered_lbfgs:fail;layered_port:fail;witness:ok"
"layered_port","default","ml-gls","research47","test","r47_f2_r99","two_factor",25,81,"x100","ML",1902411788,0.249388835133487,"available","noisy_objective",406,"layered",,TRUE,"",0.165778257504602,0.165778257504602,"default:ok;default_port:ok;layered_lbfgs:fail;layered_port:fail;witness:ok"
"layered_port","default","ml-gls","research47","test","r47_imp_f2_r103","two_factor",25,61,"native","GLS",576702353,0.176121451027107,"ill_conditioned","singular_convergence",1270,"",,FALSE,"",0.124678149951259,0.124678149951259,"default:ok;default_port:ok;layered_lbfgs:fail;layered_port:fail;witness:ok"
"layered_port","default","ml-gls","research47","test","r47_imp_f2_r103","two_factor",25,61,"native","ML",576702353,0.384063005253623,"nonpositive_curvature","budget_exhausted",1314,"layered",,FALSE,"",0.164796264020329,0.164796264020329,"default:ok;default_port:ok;layered_lbfgs:fail;layered_port:fail;witness:ok"
"layered_port","default","ml-gls","research47","test","r47_imp_f2_r103","two_factor",25,61,"x0.01","ML",576702353,0.384041597483215,"available","budget_exhausted",1295,"layered",,FALSE,"",0.164796264020332,0.164796264020332,"default:ok;default_port:fail;layered_lbfgs:fail;layered_port:fail;witness:ok"
"layered_port","default","ml-gls","research47","test","r47_imp_f2_r103","two_factor",25,61,"x100","GLS",576702353,0.176121501993215,"ill_conditioned","singular_convergence",1198,"",,FALSE,"",0.124678149951254,0.124678149951254,"default:ok;default_port:ok;layered_lbfgs:fail;layered_port:fail;witness:ok"
"layered_port","default","ml-gls","research47","test","r47_imp_f2_r103","two_factor",25,61,"x100","ML",576702353,0.384036912840752,"nonpositive_curvature","budget_exhausted",1337,"layered",,FALSE,"",0.164796264020328,0.164796264020328,"default:ok;default_port:ok;layered_lbfgs:fail;layered_port:fail;witness:ok"
"layered_port","default","ml-gls","research47","test","r47_mis_f2_resid","two_factor",25,71,"native","GLS",981978729,0.136397748783387,"available","budget_exhausted",1277,"",,FALSE,"",0.0768099730238688,0.0768099730238688,"default:ok;default_port:ok;layered_lbfgs:fail;layered_port:fail;witness:ok"
"layered_port","default","ml-gls","research47","test","r47_mis_f2_resid","two_factor",25,71,"native","ML",981978729,0.178560476565969,"available","budget_exhausted",1317,"layered",,FALSE,"",0.12039497901233,0.12039497901233,"default:ok;default_port:ok;layered_lbfgs:fail;layered_port:fail;witness:ok"
"layered_port","default","ml-gls","research47","test","r47_mis_f2_resid","two_factor",25,71,"x100","GLS",981978729,0.136201096412139,"ill_conditioned","budget_exhausted",1372,"",,FALSE,"",0.0768099730238664,0.0768099730238664,"default:ok;default_port:ok;layered_lbfgs:fail;layered_port:fail;witness:ok"
"layered_port","default","ml-gls","research47","test","r47_mis_f2_resid","two_factor",25,71,"x100","ML",981978729,0.178535249526877,"nonpositive_curvature","budget_exhausted",1310,"layered",,FALSE,"",0.120394979012325,0.120394979012325,"default:ok;default_port:ok;layered_lbfgs:fail;layered_port:fail;witness:ok"
"layered_port","default","ml-gls","research47","test","r47_path_r2_100","path",25,43,"mixed","ML",857711963,0.915390341692826,"available","budget_exhausted",1253,"layered",,FALSE,"",0.899729756174523,0.899729756174523,"default:ok;default_port:ok;layered_lbfgs:fail;layered_port:fail;witness:ok"
"layered_port","default","ml-gls","research47","test","r47_path_r2_100","path",25,43,"x0.01","ML",857711963,0.915413070148958,"nonpositive_curvature","budget_exhausted",1205,"layered",,FALSE,"",0.899729756174523,0.899729756174523,"default:ok;default_port:ok;layered_lbfgs:fail;layered_port:fail;witness:ok"
"layered_port","default","ml-gls","research47","test","r47_path_r2_100","path",25,66,"native","GLS",857712228,0.331775944202837,"available","converged",1257,"",,FALSE,"",0.353731982289617,0.353731982289617,"default:ok;default_port:ok;layered_lbfgs:fail;layered_port:fail;witness:ok"
"layered_port","default","ml-gls","research47","test","r47_path_r2_100","path",25,66,"x100","GLS",857712228,0.331766400404703,"available","budget_exhausted",1219,"",,FALSE,"",0.353731982289661,0.353731982289661,"default:ok;default_port:ok;layered_lbfgs:fail;layered_port:fail;witness:ok"
"layered_port","default","ml-gls","research47","test","r47_path_r2_100","path",25,93,"native","GLS",857712618,0.559372998114322,"ill_conditioned","converged",1045,"",,FALSE,"",0.559381152105949,0.55938014736307,"default:ok;default_port:fail;layered_lbfgs:ok;layered_port:fail;witness:fail"
"layered_port","default","ml-gls","research47","test","r47_path_r2_100","path",25,95,"native","GLS",857712620,0.489385879144706,"nonpositive_curvature","budget_exhausted",1184,"",,FALSE,"",0.487894505630112,0.487894505629735,"default:ok;default_port:ok;layered_lbfgs:ok;layered_port:fail;witness:fail"
"layered_port","default","ml-gls","research47","test","r47_path_r2_90","path",25,1,"native","GLS",1783608045,0.435797425769214,"available","budget_exhausted",1286,"",,FALSE,"",0.416346912930918,0.416346912930808,"default:ok;default_port:ok;layered_lbfgs:fail;layered_port:fail;witness:ok"
"layered_port","default","ml-gls","research47","test","r47_path_r2_90","path",25,1,"x100","GLS",1783608045,0.435818236178607,"nonpositive_curvature","budget_exhausted",1289,"",,FALSE,"",0.416346912930402,0.416346912930402,"default:ok;default_port:ok;layered_lbfgs:fail;layered_port:fail;witness:ok"
"layered_port","default","ml-gls","research47","test","r47_path_r2_90","path",25,48,"native","GLS",1724422412,0.40288785657339,"nonpositive_curvature","budget_exhausted",1276,"",,FALSE,"",0.361155858078082,0.361155858078082,"default:ok;default_port:fail;layered_lbfgs:fail;layered_port:fail;witness:ok"
"layered_port","default","ml-gls","research47","test","r47_path_r2_90","path",25,50,"native","ML",1724422535,0.795056356597405,"nonpositive_curvature","budget_exhausted",1347,"layered",,FALSE,"",0.705971492249189,0.705971492249189,"default:ok;default_port:ok;layered_lbfgs:fail;layered_port:fail;witness:ok"
"layered_port","default","ml-gls","research47","test","r47_path_r2_90","path",25,50,"x100","ML",1724422535,0.795005284412433,"nonpositive_curvature","budget_exhausted",1298,"layered",,FALSE,"",0.705971492249176,0.705971492249176,"default:ok;default_port:ok;layered_lbfgs:fail;layered_port:fail;witness:ok"
"layered_port","default","ml-gls","research47","test","r47_path_r2_90","path",25,58,"mixed","ML",1724422543,0.383528496608048,"nonpositive_curvature","budget_exhausted",1263,"layered",,FALSE,"",0.329076200000747,0.329076200000747,"default:ok;default_port:ok;layered_lbfgs:fail;layered_port:fail;witness:ok"
"layered_port","default","ml-gls","research47","test","r47_path_r2_90","path",25,58,"native","GLS",1724422543,0.323659815602135,"nonpositive_curvature","budget_exhausted",1253,"",,FALSE,"",0.302195308930424,0.302195308930424,"default:ok;default_port:ok;layered_lbfgs:fail;layered_port:fail;witness:ok"
"layered_port","default","ml-gls","research47","test","r47_path_r2_90","path",25,58,"native","ML",1724422543,0.38351450056515,"nonpositive_curvature","budget_exhausted",1269,"layered",,FALSE,"",0.329076200000747,0.329076200000747,"default:ok;default_port:ok;layered_lbfgs:fail;layered_port:fail;witness:ok"
"layered_port","default","ml-gls","research47","test","r47_path_r2_90","path",25,58,"x0.01","ML",1724422543,0.383515011866656,"available","budget_exhausted",1239,"layered",,FALSE,"",0.329076200000749,0.329076200000749,"default:ok;default_port:ok;layered_lbfgs:fail;layered_port:fail;witness:ok"
"layered_port","default","ml-gls","research47","test","r47_path_r2_90","path",25,58,"x100","GLS",1724422543,0.323681953316167,"nonpositive_curvature","budget_exhausted",1241,"",,FALSE,"",0.302195308930676,0.302195308930676,"default:ok;default_port:ok;layered_lbfgs:fail;layered_port:fail;witness:ok"
"layered_port","default","ml-gls","research47","test","r47_path_r2_90","path",25,58,"x100","ML",1724422543,0.38353377993235,"available","budget_exhausted",1306,"layered",,FALSE,"",0.329076200000742,0.329076200000742,"default:ok;default_port:ok;layered_lbfgs:fail;layered_port:fail;witness:ok"
"layered_port","default","ml-gls","research47","test","r47_path_r2_90","path",25,62,"native","ML",1724422668,0.547196716694419,"nonpositive_curvature","budget_exhausted",1263,"layered",,FALSE,"",0.5245994330089,0.5245994330089,"default:ok;default_port:ok;layered_lbfgs:fail;layered_port:fail;witness:ok"
"layered_port","default","ml-gls","research47","test","r47_path_r2_90","path",25,62,"x0.01","ML",1724422668,0.547201521474108,"available","budget_exhausted",1242,"layered",,FALSE,"",0.524599433008902,0.524599433008902,"default:ok;default_port:ok;layered_lbfgs:fail;layered_port:fail;witness:ok"
"layered_port","default","ml-gls","research47","test","r47_path_r2_90","path",25,65,"native","GLS",1724422671,0.320592945519173,"available","budget_exhausted",1222,"",,FALSE,"",0.342383667630175,0.342383667630175,"default:ok;default_port:ok;layered_lbfgs:fail;layered_port:fail;witness:fail"
"layered_port","default","ml-gls","research47","test","r47_path_r2_90","path",25,68,"native","ML",1724422674,0.781507961494592,"nonpositive_curvature","noisy_objective",1147,"layered",,FALSE,"",0.595759831427462,0.595759831427462,"default:ok;default_port:ok;layered_lbfgs:fail;layered_port:fail;witness:ok"
"layered_port","default","ml-gls","research47","test","r47_path_r2_90","path",25,79,"x100","GLS",1724422806,0.384683992826922,"nonpositive_curvature","budget_exhausted",1368,"",,FALSE,"",0.373549154337648,0.373549154337648,"default:ok;default_port:fail;layered_lbfgs:fail;layered_port:fail;witness:fail"
"layered_port","default","ml-gls","wolf","test","wolf_1f4i_l50","cfa",25,41,"mixed","GLS",2072827965,0.0654944287685207,"available","budget_exhausted",1255,"",,FALSE,"",0.0591181498942605,0.0591181498942605,"default:ok;default_port:ok;layered_lbfgs:fail;layered_port:fail;witness:fail"
"layered_port","default","ml-gls","wolf","test","wolf_1f4i_l50","cfa",25,41,"native","GLS",2072827965,0.0654975803729114,"available","budget_exhausted",1392,"",,FALSE,"",0.0591181498942615,0.0591181498942615,"default:ok;default_port:ok;layered_lbfgs:fail;layered_port:fail;witness:fail"
"layered_port","default","ml-gls","wolf","test","wolf_1f4i_l50","cfa",25,41,"x100","GLS",2072827965,0.0654851806060813,"nonpositive_curvature","budget_exhausted",1334,"",,FALSE,"",0.0591181498942605,0.0591181498942605,"default:ok;default_port:ok;layered_lbfgs:fail;layered_port:fail;witness:fail"
"layered_port","default","ml-gls","wolf","test","wolf_1f4i_l50","cfa",25,81,"mixed","ML",2072828489,0.0390775619931008,"nonpositive_curvature","budget_exhausted",1263,"layered",,FALSE,"",0.0278197614408349,0.0278197614408349,"default:ok;default_port:ok;layered_lbfgs:fail;layered_port:fail;witness:ok"
"layered_port","default","ml-gls","wolf","test","wolf_1f4i_l50","cfa",25,88,"mixed","GLS",2072828496,0.00992237014018653,"available","budget_exhausted",1360,"",,FALSE,"",0.0119236910742167,0.0119236910742167,"default:ok;default_port:fail;layered_lbfgs:fail;layered_port:fail;witness:fail"
"layered_port","default","ml-gls","wolf","test","wolf_1f4i_l50","cfa",25,88,"native","GLS",2072828496,0.00992235424597795,"available","budget_exhausted",1315,"",,FALSE,"",0.0119236910742166,0.0119236910742166,"default:ok;default_port:fail;layered_lbfgs:fail;layered_port:fail;witness:fail"
"layered_port","default","ml-gls","wolf","test","wolf_1f4i_l50","cfa",25,88,"x100","GLS",2072828496,0.00992215030993394,"available","budget_exhausted",1295,"",,FALSE,"",0.0119236910742167,0.0119236910742167,"default:ok;default_port:fail;layered_lbfgs:fail;layered_port:fail;witness:fail"
"layered_port","default","ml-gls","wolf","test","wolf_1f6i_l50","cfa",25,100,"x0.01","ML",801022610,0.436724757862674,"nonpositive_curvature","budget_exhausted",1318,"layered",,FALSE,"",0.20527424746188,0.205274241382707,"default:ok;default_port:ok;layered_lbfgs:fail;layered_port:fail;witness:ok"
"layered_port","default","ml-gls","wolf","test","wolf_1f6i_l50","cfa",25,100,"x100","ML",801022610,0.436723089979367,"available","budget_exhausted",1342,"layered",,FALSE,"",0.205274710964606,0.205274241382703,"default:ok;default_port:ok;layered_lbfgs:fail;layered_port:fail;witness:ok"
"layered_port","default","ml-gls","wolf","test","wolf_1f6i_l50","cfa",25,31,"mixed","GLS",1661808424,0.13561227478553,"available","budget_exhausted",1331,"",,FALSE,"",0.109154378762604,0.109154378762604,"default:ok;default_port:ok;layered_lbfgs:fail;layered_port:fail;witness:fail"
"layered_port","default","ml-gls","wolf","test","wolf_1f6i_l50","cfa",25,31,"native","GLS",1661808424,0.135619793751147,"available","budget_exhausted",1304,"",,FALSE,"",0.109154378762752,0.109154378762752,"default:ok;default_port:ok;layered_lbfgs:fail;layered_port:fail;witness:fail"
"layered_port","default","ml-gls","wolf","test","wolf_1f6i_l50","cfa",25,31,"x100","GLS",1661808424,0.135616118874345,"nonpositive_curvature","budget_exhausted",1286,"",,FALSE,"",0.109154378762604,0.109154378762604,"default:ok;default_port:ok;layered_lbfgs:fail;layered_port:fail;witness:fail"
"layered_port","default","ml-gls","wolf","test","wolf_1f6i_l50","cfa",25,38,"mixed","GLS",1661808431,0.0935668474294905,"available","budget_exhausted",1283,"",,FALSE,"",0.0736557225479626,0.0736557225479626,"default:ok;default_port:ok;layered_lbfgs:fail;layered_port:fail;witness:fail"
"layered_port","default","ml-gls","wolf","test","wolf_1f6i_l50","cfa",25,38,"x100","GLS",1661808431,0.0935756878332753,"nonpositive_curvature","budget_exhausted",1280,"",,FALSE,"",0.0736557225479614,0.0736557225479614,"default:ok;default_port:ok;layered_lbfgs:fail;layered_port:fail;witness:fail"
"layered_port","default","ml-gls","wolf","test","wolf_1f6i_l50","cfa",25,44,"mixed","GLS",1661808558,0.256439472112889,"nonpositive_curvature","budget_exhausted",1307,"",,FALSE,"",0.204352172014759,0.204352172014759,"default:ok;default_port:ok;layered_lbfgs:fail;layered_port:fail;witness:fail"
"layered_port","default","ml-gls","wolf","test","wolf_1f6i_l50","cfa",25,44,"x100","GLS",1661808558,0.256406589315249,"available","budget_exhausted",1329,"",,FALSE,"",0.20435217201476,0.20435217201476,"default:ok;default_port:ok;layered_lbfgs:fail;layered_port:fail;witness:fail"
"layered_port","default","ml-gls","wolf","test","wolf_1f6i_l50","cfa",25,49,"mixed","GLS",1661808563,0.156251085792332,"nonpositive_curvature","budget_exhausted",1280,"",,FALSE,"",0.117296852261956,0.117296852261956,"default:ok;default_port:ok;layered_lbfgs:fail;layered_port:fail;witness:fail"
"layered_port","default","ml-gls","wolf","test","wolf_1f6i_l50","cfa",25,49,"native","GLS",1661808563,0.156263430146604,"available","budget_exhausted",1294,"",,FALSE,"",0.11729685226188,0.11729685226188,"default:ok;default_port:ok;layered_lbfgs:fail;layered_port:fail;witness:fail"
"layered_port","default","ml-gls","wolf","test","wolf_1f6i_l50","cfa",25,49,"x100","GLS",1661808563,0.156232139450198,"available","budget_exhausted",1289,"",,FALSE,"",0.117296852261887,0.117296852261887,"default:ok;default_port:ok;layered_lbfgs:fail;layered_port:fail;witness:fail"
"layered_port","default","ml-gls","wolf","test","wolf_1f6i_l50","cfa",25,61,"mixed","GLS",1661808817,0.245997941769106,"nonpositive_curvature","budget_exhausted",1317,"",,FALSE,"",0.167670084925309,0.167670084925309,"default:ok;default_port:ok;layered_lbfgs:fail;layered_port:fail;witness:fail"
"layered_port","default","ml-gls","wolf","test","wolf_1f6i_l50","cfa",25,61,"native","GLS",1661808817,0.245972702814189,"available","budget_exhausted",1300,"",,FALSE,"",0.167670084925309,0.167670084925309,"default:ok;default_port:ok;layered_lbfgs:fail;layered_port:fail;witness:fail"
"layered_port","default","ml-gls","wolf","test","wolf_1f6i_l50","cfa",25,61,"x100","GLS",1661808817,0.246011094330442,"nonpositive_curvature","budget_exhausted",1293,"",,FALSE,"",0.167670084925309,0.167670084925309,"default:ok;default_port:ok;layered_lbfgs:fail;layered_port:fail;witness:fail"
"layered_port","default","ml-gls","wolf","test","wolf_1f6i_l50","cfa",25,93,"mixed","GLS",1661809212,0.255519443313097,"available","noisy_objective",866,"",,FALSE,"",0.176939150273642,0.176939150273642,"default:ok;default_port:ok;layered_lbfgs:fail;layered_port:fail;witness:fail"
"layered_port","default","ml-gls","wolf","test","wolf_1f6i_l50","cfa",25,93,"native","GLS",1661809212,0.255204236635026,"available","noisy_objective",725,"",,FALSE,"",0.176939150273651,0.176939150273651,"default:ok;default_port:ok;layered_lbfgs:fail;layered_port:fail;witness:fail"
"layered_port","default","ml-gls","wolf","test","wolf_1f6i_l50","cfa",25,93,"x100","GLS",1661809212,0.255594337655467,"available","noisy_objective",643,"",,FALSE,"",0.176939150273642,0.176939150273642,"default:ok;default_port:ok;layered_lbfgs:fail;layered_port:fail;witness:fail"
"layered_port","default","ml-gls","wolf","test","wolf_1f8i_l50","cfa",25,13,"mixed","GLS",1250788754,0.477803552244174,"ill_conditioned","budget_exhausted",1350,"",,FALSE,"",0.425146899030175,0.425146899030175,"default:ok;default_port:ok;layered_lbfgs:fail;layered_port:fail;witness:fail"
"layered_port","default","ml-gls","wolf","test","wolf_1f8i_l50","cfa",25,13,"native","GLS",1250788754,0.477803645655952,"ill_conditioned","singular_convergence",1335,"",,FALSE,"",0.425146899030197,0.425146899030197,"default:ok;default_port:ok;layered_lbfgs:fail;layered_port:fail;witness:fail"
"layered_port","default","ml-gls","wolf","test","wolf_1f8i_l50","cfa",25,13,"x100","GLS",1250788754,0.477803489887817,"ill_conditioned","budget_exhausted",1330,"",,FALSE,"",0.425146899030202,0.425146899030202,"default:ok;default_port:ok;layered_lbfgs:fail;layered_port:fail;witness:fail"
"layered_port","default","ml-gls","wolf","test","wolf_1f8i_l50","cfa",25,16,"mixed","GLS",1250788757,0.428125191924859,"available","budget_exhausted",1298,"",,FALSE,"",0.383697208484633,0.383697208484633,"default:ok;default_port:ok;layered_lbfgs:fail;layered_port:fail;witness:fail"
"layered_port","default","ml-gls","wolf","test","wolf_1f8i_l50","cfa",25,16,"x100","GLS",1250788757,0.428108553812434,"available","budget_exhausted",1317,"",,FALSE,"",0.383697208484548,0.383697208484548,"default:ok;default_port:ok;layered_lbfgs:fail;layered_port:fail;witness:fail"
"layered_port","default","ml-gls","wolf","test","wolf_1f8i_l50","cfa",25,55,"mixed","GLS",1250789280,0.384639367054256,"available","budget_exhausted",1194,"",,TRUE,"",0.356900773433424,0.3569007734334,"default:ok;default_port:ok;layered_lbfgs:fail;layered_port:fail;witness:fail"
"layered_port","default","ml-gls","wolf","test","wolf_1f8i_l50","cfa",25,55,"x0.01","GLS",1250789280,0.384639708789158,"available","budget_exhausted",1281,"",,FALSE,"",0.356900807763211,0.356900807763211,"default:ok;default_port:fail;layered_lbfgs:fail;layered_port:fail;witness:fail"
"layered_port","default","ml-gls","wolf","test","wolf_1f8i_l50","cfa",25,55,"x100","GLS",1250789280,0.384642464115842,"available","line_search_salvaged",969,"",,FALSE,"",0.356900773433423,0.3569007734334,"default:ok;default_port:ok;layered_lbfgs:fail;layered_port:fail;witness:fail"
"layered_port","default","ml-gls","wolf","test","wolf_1f8i_l50","cfa",25,58,"mixed","GLS",1250789283,0.381964685080654,"nonpositive_curvature","noisy_objective",1104,"",,FALSE,"",0.326863208505269,0.326863208505269,"default:ok;default_port:ok;layered_lbfgs:fail;layered_port:fail;witness:fail"
"layered_port","default","ml-gls","wolf","test","wolf_1f8i_l50","cfa",25,58,"x100","GLS",1250789283,0.382351040683368,"nonpositive_curvature","noisy_objective",713,"",,FALSE,"",0.326863208505294,0.326863208505294,"default:ok;default_port:ok;layered_lbfgs:fail;layered_port:fail;witness:fail"
"layered_port","default","ml-gls","wolf","test","wolf_1f8i_l50","cfa",25,59,"mixed","GLS",1250789284,0.230921325785627,"available","budget_exhausted",1323,"",,FALSE,"",0.218094777926179,0.218094777926179,"default:ok;default_port:ok;layered_lbfgs:fail;layered_port:fail;witness:fail"
"layered_port","default","ml-gls","wolf","test","wolf_1f8i_l50","cfa",25,59,"x100","GLS",1250789284,0.230932906934494,"nonpositive_curvature","budget_exhausted",1317,"",,FALSE,"",0.218094777926149,0.218094777926149,"default:ok;default_port:ok;layered_lbfgs:fail;layered_port:fail;witness:fail"
"layered_port","default","ml-gls","wolf","test","wolf_1f8i_l50","cfa",25,81,"mixed","GLS",1250789669,0.408846672308371,"nonpositive_curvature","budget_exhausted",1291,"",,FALSE,"",0.290080325150617,0.290080325150617,"default:ok;default_port:ok;layered_lbfgs:fail;layered_port:fail;witness:fail"
"layered_port","default","ml-gls","wolf","test","wolf_1f8i_l50","cfa",25,81,"native","GLS",1250789669,0.408936153203168,"available","budget_exhausted",1327,"",,FALSE,"",0.290080325150622,0.290080325150622,"default:ok;default_port:ok;layered_lbfgs:fail;layered_port:fail;witness:fail"
"layered_port","default","ml-gls","wolf","test","wolf_1f8i_l50","cfa",25,81,"x100","GLS",1250789669,0.408938720006219,"nonpositive_curvature","budget_exhausted",1290,"",,FALSE,"",0.290080325150617,0.290080325150617,"default:ok;default_port:ok;layered_lbfgs:fail;layered_port:fail;witness:fail"
"layered_port","default","ml-gls","wolf","test","wolf_1f8i_l50","cfa",25,83,"mixed","GLS",1250789671,0.364856300859033,"nonpositive_curvature","budget_exhausted",1294,"",,FALSE,"",0.323561310261113,0.323561310261113,"default:ok;default_port:ok;layered_lbfgs:fail;layered_port:fail;witness:fail"
"layered_port","default","ml-gls","wolf","test","wolf_1f8i_l50","cfa",25,83,"x100","GLS",1250789671,0.364865006622855,"nonpositive_curvature","budget_exhausted",1287,"",,FALSE,"",0.323561310261374,0.323561310261374,"default:ok;default_port:ok;layered_lbfgs:fail;layered_port:fail;witness:fail"
"layered_port","default","ml-gls","wolf","test","wolf_1f8i_l50","cfa",25,84,"mixed","GLS",1250789672,0.396529868890683,"nonpositive_curvature","budget_exhausted",1289,"",,FALSE,"",0.238682645421009,0.238682645421009,"default:ok;default_port:ok;layered_lbfgs:fail;layered_port:fail;witness:fail"
"layered_port","default","ml-gls","wolf","test","wolf_1f8i_l50","cfa",25,84,"native","GLS",1250789672,0.396510203639058,"available","budget_exhausted",1315,"",,FALSE,"",0.238682645421384,0.238682645421384,"default:ok;default_port:ok;layered_lbfgs:fail;layered_port:fail;witness:fail"
"layered_port","default","ml-gls","wolf","test","wolf_1f8i_l50","cfa",25,84,"x100","GLS",1250789672,0.396510704191036,"nonpositive_curvature","budget_exhausted",1311,"",,FALSE,"",0.238682645421009,0.238682645421009,"default:ok;default_port:ok;layered_lbfgs:fail;layered_port:fail;witness:fail"
"layered_port","default","ml-gls","wolf","test","wolf_2f3i_l50","cfa",100,42,"mixed","GLS",1357343800,0.0666094484893948,"ill_conditioned","noisy_objective",738,"",,FALSE,"",0.0703191079321979,0.0703191079321979,"default:ok;default_port:fail;layered_lbfgs:fail;layered_port:fail;witness:ok"
"layered_port","default","ml-gls","wolf","test","wolf_2f3i_l50","cfa",100,42,"native","GLS",1357343800,0.0666093818307444,"ill_conditioned","singular_convergence",834,"",,FALSE,"",0.0703191079321983,0.0703191079321983,"default:ok;default_port:ok;layered_lbfgs:fail;layered_port:fail;witness:ok"
"layered_port","default","ml-gls","wolf","test","wolf_2f3i_l50","cfa",25,10,"native","GLS",1694408589,0.0865045826977333,"available","budget_exhausted",1380,"",,FALSE,"",0.0878395284312031,0.0878395284312031,"default:ok;default_port:ok;layered_lbfgs:fail;layered_port:fail;witness:ok"
"layered_port","default","ml-gls","wolf","test","wolf_2f3i_l50","cfa",25,10,"x100","GLS",1694408589,0.0865039631837294,"available","budget_exhausted",1246,"",,FALSE,"",0.0878395284312316,0.0878395284312115,"default:ok;default_port:ok;layered_lbfgs:fail;layered_port:fail;witness:ok"
"layered_port","default","ml-gls","wolf","test","wolf_2f3i_l50","cfa",25,24,"native","GLS",1694408724,0.142111640578207,"ill_conditioned","singular_convergence",683,"",,FALSE,"",0.110550623956991,0.110550623956991,"default:ok;default_port:ok;layered_lbfgs:fail;layered_port:fail;witness:ok"
"layered_port","default","ml-gls","wolf","test","wolf_2f3i_l50","cfa",25,24,"x100","GLS",1694408724,0.14211164002575,"ill_conditioned","singular_convergence",635,"",,FALSE,"",0.110550623957,0.110550623957,"default:ok;default_port:ok;layered_lbfgs:fail;layered_port:fail;witness:ok"
"layered_port","default","ml-gls","wolf","test","wolf_2f3i_l50","cfa",25,4,"native","GLS",619475597,0.0690897780764109,"available","budget_exhausted",1390,"",,FALSE,"",0.0686380740561967,0.068638074056194,"default:ok;default_port:ok;layered_lbfgs:fail;layered_port:fail;witness:ok"
"layered_port","default","ml-gls","wolf","test","wolf_2f3i_l50","cfa",25,4,"x100","GLS",619475597,0.0690893094904668,"available","budget_exhausted",1411,"",,FALSE,"",0.0686380740561712,0.0686380740561712,"default:ok;default_port:ok;layered_lbfgs:fail;layered_port:fail;witness:ok"
"layered_port","default","ml-gls","wolf","test","wolf_2f3i_l50","cfa",25,41,"native","GLS",1694408983,0.100664610847995,"nonpositive_curvature","singular_convergence",953,"",,TRUE,"",0.0966312699636991,0.0966312699636991,"default:ok;default_port:ok;layered_lbfgs:fail;layered_port:fail;witness:ok"
"layered_port","default","ml-gls","wolf","test","wolf_2f3i_l50","cfa",25,41,"x100","GLS",1694408983,0.10065407147118,"nonpositive_curvature","noisy_objective",564,"",,TRUE,"",0.0966312699637006,0.0966312699637006,"default:ok;default_port:ok;layered_lbfgs:fail;layered_port:fail;witness:ok"
"layered_port","default","ml-gls","wolf","test","wolf_2f3i_l50","cfa",25,43,"native","GLS",1694408985,0.0710357982569412,"ill_conditioned","converged",1084,"",,FALSE,"",0.0328251824841161,0.0328251824841161,"default:ok;default_port:ok;layered_lbfgs:fail;layered_port:fail;witness:ok"
"layered_port","default","ml-gls","wolf","test","wolf_2f3i_l50","cfa",25,43,"native","ML",1694408985,0.0774459744625142,"nonpositive_curvature","budget_exhausted",1268,"layered",,FALSE,"",0.035102220011404,0.035102220011404,"default:ok;default_port:ok;layered_lbfgs:fail;layered_port:fail;witness:ok"
"layered_port","default","ml-gls","wolf","test","wolf_2f3i_l50","cfa",25,43,"x100","GLS",1694408985,0.0710169997508166,"ill_conditioned","converged",1255,"",,FALSE,"",0.0328251824841033,0.0328251824841033,"default:ok;default_port:ok;layered_lbfgs:fail;layered_port:fail;witness:ok"
"layered_port","default","ml-gls","wolf","test","wolf_2f3i_l50","cfa",25,43,"x100","ML",1694408985,0.0774462099994331,"nonpositive_curvature","budget_exhausted",1274,"layered",,FALSE,"",0.0351022200114102,0.0351022200114102,"default:ok;default_port:ok;layered_lbfgs:fail;layered_port:fail;witness:ok"
"layered_port","default","ml-gls","wolf","test","wolf_2f3i_l50","cfa",25,52,"mixed","ML",1694409115,0.0377358678800279,"ill_conditioned","budget_exhausted",1276,"layered",,FALSE,"",0.0377422745195233,0.0377413063983116,"default:ok;default_port:fail;layered_lbfgs:ok;layered_port:fail;witness:fail"
"layered_port","default","ml-gls","wolf","test","wolf_2f3i_l50","cfa",25,52,"native","ML",1694409115,0.0377360044024897,"ill_conditioned","line_search_salvaged",759,"layered",,FALSE,"",0.0377425342195794,0.0377409647198768,"default:ok;default_port:fail;layered_lbfgs:ok;layered_port:fail;witness:fail"
"layered_port","default","ml-gls","wolf","test","wolf_2f3i_l50","cfa",25,52,"x0.01","ML",1694409115,0.0377358684349218,"ill_conditioned","budget_exhausted",1271,"layered",,FALSE,"",0.0377415334243487,0.0377360861852374,"default:ok;default_port:fail;layered_lbfgs:ok;layered_port:fail;witness:ok"
"layered_port","default","ml-gls","wolf","test","wolf_2f3i_l50","cfa",25,52,"x100","ML",1694409115,0.0377358626106172,"ill_conditioned","budget_exhausted",1331,"layered",,FALSE,"",0.0377401036738512,0.0377401036738512,"default:ok;default_port:fail;layered_lbfgs:ok;layered_port:fail;witness:fail"
"layered_port","default","ml-gls","wolf","test","wolf_2f3i_l50","cfa",25,54,"native","GLS",1694409117,0.141528154684751,"nonpositive_curvature","budget_exhausted",1383,"",,FALSE,"",0.134859782765986,0.134859782765986,"default:ok;default_port:ok;layered_lbfgs:fail;layered_port:fail;witness:ok"
"layered_port","default","ml-gls","wolf","test","wolf_2f3i_l50","cfa",25,54,"x100","GLS",1694409117,0.14152971003751,"nonpositive_curvature","budget_exhausted",1316,"",,FALSE,"",0.134859782765984,0.134859782765984,"default:ok;default_port:ok;layered_lbfgs:fail;layered_port:fail;witness:ok"
"layered_port","default","ml-gls","wolf","test","wolf_2f3i_l50","cfa",25,58,"mixed","ML",1694409121,0.277222424007674,"nonpositive_curvature","budget_exhausted",1244,"layered",,FALSE,"",0.0954948029069556,0.0954948029069556,"default:ok;default_port:ok;layered_lbfgs:fail;layered_port:fail;witness:ok"
"layered_port","default","ml-gls","wolf","test","wolf_2f3i_l50","cfa",25,58,"native","ML",1694409121,0.277229376983628,"nonpositive_curvature","budget_exhausted",1382,"layered",,FALSE,"",0.0954948029069551,0.0954948029069551,"default:ok;default_port:ok;layered_lbfgs:fail;layered_port:fail;witness:ok"
"layered_port","default","ml-gls","wolf","test","wolf_2f3i_l50","cfa",25,58,"x0.01","GLS",1694409121,0.0815692741064669,"nonpositive_curvature","budget_exhausted",1314,"",,FALSE,"",0.0743706321865191,0.0743701630418424,"default:ok;default_port:fail;layered_lbfgs:fail;layered_port:fail;witness:ok"
"layered_port","default","ml-gls","wolf","test","wolf_2f3i_l50","cfa",25,62,"native","GLS",1694409246,0.0622066412025143,"available","budget_exhausted",1274,"",,FALSE,"",0.0350324079820411,0.0350324079820411,"default:ok;default_port:ok;layered_lbfgs:fail;layered_port:fail;witness:ok"
"layered_port","default","ml-gls","wolf","test","wolf_2f3i_l50","cfa",25,62,"native","ML",1694409246,0.0681813747811031,"available","budget_exhausted",1244,"layered",,FALSE,"",0.0327300192133002,0.0327300192133002,"default:ok;default_port:ok;layered_lbfgs:fail;layered_port:fail;witness:ok"
"layered_port","default","ml-gls","wolf","test","wolf_2f3i_l50","cfa",25,62,"x100","GLS",1694409246,0.0622085957654892,"available","budget_exhausted",1258,"",,FALSE,"",0.0350324079820405,0.0350324079820405,"default:ok;default_port:ok;layered_lbfgs:fail;layered_port:fail;witness:ok"
"layered_port","default","ml-gls","wolf","test","wolf_2f3i_l50","cfa",25,62,"x100","ML",1694409246,0.068217654129711,"nonpositive_curvature","budget_exhausted",1246,"layered",,FALSE,"",0.0327300192133002,0.0327300192133002,"default:ok;default_port:ok;layered_lbfgs:fail;layered_port:fail;witness:ok"
"layered_port","default","ml-gls","wolf","test","wolf_2f3i_l50","cfa",25,64,"mixed","GLS",1694409248,0.148802798012466,"available","budget_exhausted",1215,"",,FALSE,"",0.0915224029055395,0.0915224029055395,"default:ok;default_port:ok;layered_lbfgs:fail;layered_port:fail;witness:ok"
"layered_port","default","ml-gls","wolf","test","wolf_2f3i_l50","cfa",25,64,"native","GLS",1694409248,0.148794706641486,"nonpositive_curvature","budget_exhausted",1216,"",,FALSE,"",0.0915224029055495,0.0915224029055495,"default:ok;default_port:ok;layered_lbfgs:fail;layered_port:fail;witness:ok"
"layered_port","default","ml-gls","wolf","test","wolf_2f3i_l50","cfa",25,64,"native","ML",1694409248,0.246452796491683,"available","budget_exhausted",1291,"layered",,FALSE,"",0.112845210088659,0.112845210088659,"default:ok;default_port:ok;layered_lbfgs:fail;layered_port:fail;witness:ok"
"layered_port","default","ml-gls","wolf","test","wolf_2f3i_l50","cfa",25,64,"x0.01","GLS",1694409248,0.148800113733366,"nonpositive_curvature","budget_exhausted",1250,"",,FALSE,"",0.0915224029055394,0.0915224029055394,"default:ok;default_port:ok;layered_lbfgs:fail;layered_port:fail;witness:ok"
"layered_port","default","ml-gls","wolf","test","wolf_2f3i_l50","cfa",25,64,"x100","GLS",1694409248,0.148805161237343,"available","budget_exhausted",1263,"",,FALSE,"",0.0915224029055507,0.0915224029055507,"default:ok;default_port:ok;layered_lbfgs:fail;layered_port:fail;witness:ok"
"layered_port","default","ml-gls","wolf","test","wolf_2f3i_l50","cfa",25,64,"x100","ML",1694409248,0.246450206239295,"available","budget_exhausted",1293,"layered",,FALSE,"",0.112845210088658,0.112845210088658,"default:ok;default_port:ok;layered_lbfgs:fail;layered_port:fail;witness:ok"
"layered_port","default","ml-gls","wolf","test","wolf_2f3i_l50","cfa",25,7,"native","GLS",619475600,0.0679855263775967,"available","budget_exhausted",1331,"",,FALSE,"",0.0678412794565097,0.0678412148302155,"default:ok;default_port:ok;layered_lbfgs:fail;layered_port:fail;witness:ok"
"layered_port","default","ml-gls","wolf","test","wolf_2f3i_l50","cfa",25,7,"x100","GLS",619475600,0.0679855392904997,"available","budget_exhausted",1311,"",,FALSE,"",0.0678412530399109,0.0678412148302225,"default:ok;default_port:ok;layered_lbfgs:fail;layered_port:fail;witness:ok"
"layered_port","default","ml-gls","wolf","test","wolf_2f3i_l50","cfa",25,76,"mixed","GLS",1694409381,0.150227827066954,"nonpositive_curvature","budget_exhausted",1301,"",,FALSE,"",0.116439184137472,0.116439184137472,"default:ok;default_port:fail;layered_lbfgs:fail;layered_port:fail;witness:ok"
"layered_port","default","ml-gls","wolf","test","wolf_2f3i_l50","cfa",25,76,"native","GLS",1694409381,0.150227950328895,"nonpositive_curvature","budget_exhausted",1232,"",,FALSE,"",0.116439184137481,0.116439184137481,"default:ok;default_port:ok;layered_lbfgs:fail;layered_port:fail;witness:ok"
"layered_port","default","ml-gls","wolf","test","wolf_2f3i_l50","cfa",25,76,"x100","GLS",1694409381,0.150229305845971,"nonpositive_curvature","budget_exhausted",1264,"",,FALSE,"",0.116439184137479,0.116439184137479,"default:ok;default_port:ok;layered_lbfgs:fail;layered_port:fail;witness:ok"
"layered_port","default","ml-gls","wolf","test","wolf_2f3i_l50","cfa",25,8,"native","GLS",619475601,0.0943545506044053,"ill_conditioned","budget_exhausted",1276,"",,FALSE,"",0.0910619779708386,0.0910619779708386,"default:ok;default_port:ok;layered_lbfgs:fail;layered_port:fail;witness:ok"
"layered_port","default","ml-gls","wolf","test","wolf_2f3i_l50","cfa",25,8,"x0.01","GLS",619475601,0.0943544912330985,"ill_conditioned","budget_exhausted",1315,"",,FALSE,"",0.0910619779708096,0.0910619779708096,"default:ok;default_port:ok;layered_lbfgs:fail;layered_port:fail;witness:ok"
"layered_port","default","ml-gls","wolf","test","wolf_2f3i_l50","cfa",25,8,"x100","GLS",619475601,0.094354501699755,"ill_conditioned","budget_exhausted",1283,"",,FALSE,"",0.0910619779708226,0.0910619779708226,"default:ok;default_port:ok;layered_lbfgs:fail;layered_port:fail;witness:ok"
"layered_port","default","ml-gls","wolf","test","wolf_2f3i_l50","cfa",25,83,"x100","GLS",1694409509,0.0837058102389615,"nonpositive_curvature","budget_exhausted",1255,"",,FALSE,"",0.091101395072242,0.0911010146931636,"default:ok;default_port:ok;layered_lbfgs:fail;layered_port:fail;witness:ok"
"layered_port","default","ml-gls","wolf","test","wolf_2f6i_l50","cfa",25,1,"mixed","GLS",1926209649,0.88223837084022,"ill_conditioned","singular_convergence",1070,"",,FALSE,"",0.931707518366991,0.793696141505988,"default:ok;default_port:ok;layered_lbfgs:ok;layered_port:fail;witness:fail"
"layered_port","default","ml-gls","wolf","test","wolf_2f6i_l50","cfa",25,1,"x100","GLS",1926209649,0.882238675711804,"ill_conditioned","singular_convergence",1036,"",,FALSE,"",0.931707518366996,0.793696141505988,"default:ok;default_port:ok;layered_lbfgs:ok;layered_port:fail;witness:fail"
"layered_port","default","ml-gls","wolf","test","wolf_2f6i_l50","cfa",25,10,"mixed","GLS",1077879474,0.753100727306385,"nonpositive_curvature","budget_exhausted",1268,"",,FALSE,"",0.731132420103569,0.731132420103502,"default:ok;default_port:ok;layered_lbfgs:ok;layered_port:fail;witness:fail"
"layered_port","default","ml-gls","wolf","test","wolf_2f6i_l50","cfa",25,10,"native","GLS",1077879474,0.753086561054182,"nonpositive_curvature","budget_exhausted",1269,"",,FALSE,"",0.731132420103534,0.731132420103451,"default:ok;default_port:ok;layered_lbfgs:ok;layered_port:fail;witness:fail"
"layered_port","default","ml-gls","wolf","test","wolf_2f6i_l50","cfa",25,10,"x100","GLS",1077879474,0.753094008605296,"available","budget_exhausted",1262,"",,FALSE,"",0.731132420103569,0.731132420103543,"default:ok;default_port:ok;layered_lbfgs:ok;layered_port:fail;witness:fail"
"layered_port","default","ml-gls","wolf","test","wolf_2f6i_l50","cfa",25,100,"mixed","GLS",1615775257,0.989173662655133,"available","budget_exhausted",1262,"",,FALSE,"",0.987785291693856,0.98778529169277,"default:ok;default_port:ok;layered_lbfgs:ok;layered_port:fail;witness:ok"
"layered_port","default","ml-gls","wolf","test","wolf_2f6i_l50","cfa",25,100,"native","GLS",1615775257,0.989175680206919,"available","budget_exhausted",1278,"",,FALSE,"",0.987785291692824,0.987785291692824,"default:ok;default_port:ok;layered_lbfgs:ok;layered_port:fail;witness:ok"
"layered_port","default","ml-gls","wolf","test","wolf_2f6i_l50","cfa",25,100,"x100","GLS",1615775257,0.989173759968273,"available","budget_exhausted",1342,"",,FALSE,"",0.987785291692804,0.987785291692693,"default:ok;default_port:ok;layered_lbfgs:ok;layered_port:fail;witness:ok"
"layered_port","default","ml-gls","wolf","test","wolf_2f6i_l50","cfa",25,12,"mixed","GLS",1077879476,0.719898287937615,"nonpositive_curvature","budget_exhausted",1197,"",,FALSE,"",0.692104855014734,0.692104855014734,"default:ok;default_port:ok;layered_lbfgs:fail;layered_port:fail;witness:fail"
"layered_port","default","ml-gls","wolf","test","wolf_2f6i_l50","cfa",25,12,"x100","GLS",1077879476,0.72062886776376,"nonpositive_curvature","singular_convergence",1221,"",,FALSE,"",0.69210485501594,0.69210485501594,"default:ok;default_port:ok;layered_lbfgs:fail;layered_port:fail;witness:fail"
"layered_port","default","ml-gls","wolf","test","wolf_2f6i_l50","cfa",25,19,"mixed","GLS",1077879483,0.754494680252441,"available","noisy_objective",1114,"",,TRUE,"",0.675568324131261,0.675568324131261,"default:ok;default_port:ok;layered_lbfgs:fail;layered_port:fail;witness:fail"
"layered_port","default","ml-gls","wolf","test","wolf_2f6i_l50","cfa",25,19,"native","GLS",1077879483,0.754501324295248,"available","singular_convergence",1146,"",,TRUE,"",0.675568324153551,0.67556832413765,"default:ok;default_port:ok;layered_lbfgs:fail;layered_port:fail;witness:fail"
"layered_port","default","ml-gls","wolf","test","wolf_2f6i_l50","cfa",25,19,"x100","GLS",1077879483,0.754499563502755,"available","noisy_objective",789,"",,TRUE,"",0.675568324131261,0.675568324131261,"default:ok;default_port:ok;layered_lbfgs:fail;layered_port:fail;witness:fail"
"layered_port","default","ml-gls","wolf","test","wolf_2f6i_l50","cfa",25,23,"mixed","GLS",1077879608,0.778260288115072,"available","budget_exhausted",1190,"",,FALSE,"",0.766246262450685,0.766246262450685,"default:ok;default_port:ok;layered_lbfgs:fail;layered_port:fail;witness:fail"
"layered_port","default","ml-gls","wolf","test","wolf_2f6i_l50","cfa",25,23,"native","GLS",1077879608,0.778257692528213,"available","budget_exhausted",1200,"",,FALSE,"",0.766246262450582,0.766246262450582,"default:ok;default_port:ok;layered_lbfgs:fail;layered_port:fail;witness:fail"
"layered_port","default","ml-gls","wolf","test","wolf_2f6i_l50","cfa",25,23,"x100","GLS",1077879608,0.778220841273334,"nonpositive_curvature","budget_exhausted",1175,"",,FALSE,"",0.766246262450747,0.766246262450747,"default:ok;default_port:ok;layered_lbfgs:fail;layered_port:fail;witness:fail"
"layered_port","default","ml-gls","wolf","test","wolf_2f6i_l50","cfa",25,26,"mixed","GLS",1077879611,0.684401207226725,"ill_conditioned","budget_exhausted",1284,"",,FALSE,"",0.633942148687237,0.633942148687237,"default:ok;default_port:ok;layered_lbfgs:fail;layered_port:fail;witness:fail"
"layered_port","default","ml-gls","wolf","test","wolf_2f6i_l50","cfa",25,26,"x100","GLS",1077879611,0.684401308842688,"ill_conditioned","budget_exhausted",1282,"",,FALSE,"",0.633942148687238,0.633942148687238,"default:ok;default_port:ok;layered_lbfgs:fail;layered_port:fail;witness:fail"
"layered_port","default","ml-gls","wolf","test","wolf_2f6i_l50","cfa",25,39,"mixed","GLS",1077879745,1.16005436675763,"available","budget_exhausted",1284,"",,FALSE,"",1.07540483274956,1.07540483274956,"default:ok;default_port:ok;layered_lbfgs:fail;layered_port:fail;witness:fail"
"layered_port","default","ml-gls","wolf","test","wolf_2f6i_l50","cfa",25,39,"x100","GLS",1077879745,1.16005487247665,"available","budget_exhausted",1281,"",,FALSE,"",1.07540483275025,1.07540483275025,"default:ok;default_port:ok;layered_lbfgs:fail;layered_port:fail;witness:fail"
"layered_port","default","ml-gls","wolf","test","wolf_2f6i_l50","cfa",25,50,"mixed","GLS",1077879998,0.867064676163091,"ill_conditioned","singular_convergence",1004,"",,FALSE,"",0.846649878630931,0.846649878630931,"default:ok;default_port:ok;layered_lbfgs:fail;layered_port:fail;witness:fail"
"layered_port","default","ml-gls","wolf","test","wolf_2f6i_l50","cfa",25,50,"native","GLS",1077879998,0.867065526064269,"ill_conditioned","singular_convergence",921,"",,FALSE,"",0.846649878630775,0.846649878630775,"default:ok;default_port:ok;layered_lbfgs:fail;layered_port:fail;witness:fail"
"layered_port","default","ml-gls","wolf","test","wolf_2f6i_l50","cfa",25,50,"x100","GLS",1077879998,0.867064473606901,"ill_conditioned","singular_convergence",1148,"",,FALSE,"",0.846649878630931,0.846649878630931,"default:ok;default_port:ok;layered_lbfgs:fail;layered_port:fail;witness:fail"
"layered_port","default","ml-gls","wolf","test","wolf_2f6i_l50","cfa",25,55,"mixed","ML",1077880003,1.24663442697227,"available","budget_exhausted",1200,"layered",,FALSE,"",1.0855079627847,1.0855079627847,"default:ok;default_port:fail;layered_lbfgs:fail;layered_port:fail;witness:fail"
"layered_port","default","ml-gls","wolf","test","wolf_2f6i_l50","cfa",25,55,"native","ML",1077880003,1.24668338001684,"nonpositive_curvature","budget_exhausted",1231,"layered",,FALSE,"",1.08550796278471,1.08550796278471,"default:ok;default_port:ok;layered_lbfgs:fail;layered_port:fail;witness:fail"
"layered_port","default","ml-gls","wolf","test","wolf_2f6i_l50","cfa",25,55,"x0.01","ML",1077880003,1.246407415615,"nonpositive_curvature","budget_exhausted",1274,"layered",,FALSE,"",1.08550796278474,1.08550796278474,"default:ok;default_port:ok;layered_lbfgs:fail;layered_port:fail;witness:fail"
"layered_port","default","ml-gls","wolf","test","wolf_2f6i_l50","cfa",25,55,"x100","ML",1077880003,1.24648626750215,"nonpositive_curvature","budget_exhausted",1206,"layered",,FALSE,"",1.08550796278485,1.08550796278485,"default:ok;default_port:ok;layered_lbfgs:fail;layered_port:fail;witness:fail"
"layered_port","default","ml-gls","wolf","test","wolf_2f6i_l50","cfa",25,74,"mixed","GLS",1077880264,0.923284129431628,"available","budget_exhausted",1287,"",,FALSE,"",0.903826694584194,0.903826694584194,"default:ok;default_port:ok;layered_lbfgs:fail;layered_port:fail;witness:fail"
"layered_port","default","ml-gls","wolf","test","wolf_2f6i_l50","cfa",25,74,"native","GLS",1077880264,0.92328421838711,"nonpositive_curvature","budget_exhausted",1277,"",,FALSE,"",0.903826694584131,0.903826694584131,"default:ok;default_port:ok;layered_lbfgs:fail;layered_port:fail;witness:fail"
"layered_port","default","ml-gls","wolf","test","wolf_2f6i_l50","cfa",25,74,"x100","GLS",1077880264,0.923262624430904,"nonpositive_curvature","budget_exhausted",1233,"",,FALSE,"",0.903826694584136,0.903826694584136,"default:ok;default_port:ok;layered_lbfgs:fail;layered_port:fail;witness:fail"
"layered_port","default","ml-gls","wolf","test","wolf_2f6i_l50","cfa",25,78,"mixed","GLS",1077880268,0.644978299033379,"available","budget_exhausted",1164,"",,FALSE,"",0.644402816558273,0.644402816558273,"default:ok;default_port:ok;layered_lbfgs:fail;layered_port:fail;witness:ok"
"layered_port","default","ml-gls","wolf","test","wolf_2f6i_l50","cfa",25,78,"x100","GLS",1077880268,0.646560387118019,"available","budget_exhausted",1178,"",,FALSE,"",0.644402821369749,0.644402816554053,"default:ok;default_port:ok;layered_lbfgs:fail;layered_port:fail;witness:ok"
"layered_port","default","ml-gls","wolf","test","wolf_2f6i_l50","cfa",25,91,"mixed","GLS",1077880523,0.851657906888638,"nonpositive_curvature","noisy_objective",1224,"",,FALSE,"",0.764290430696156,0.764290430695316,"default:ok;default_port:ok;layered_lbfgs:fail;layered_port:fail;witness:fail"
"layered_port","default","ml-gls","wolf","test","wolf_2f6i_l50","cfa",25,91,"x100","GLS",1077880523,0.853041862630132,"nonpositive_curvature","noisy_objective",955,"",,FALSE,"",0.764290430694685,0.764290430694685,"default:ok;default_port:ok;layered_lbfgs:fail;layered_port:fail;witness:fail"
"layered_port","default","ml-gls","wolf","test","wolf_2f6i_l50","cfa",25,94,"mixed","GLS",1077880526,0.986794111900553,"ill_conditioned","budget_exhausted",1265,"",,FALSE,"",0.980992234921062,0.980992234921062,"default:ok;default_port:fail;layered_lbfgs:fail;layered_port:fail;witness:fail"
"layered_port","default","ml-gls","wolf","test","wolf_2f6i_l50","cfa",25,94,"native","GLS",1077880526,0.98679361721218,"ill_conditioned","budget_exhausted",1217,"",,FALSE,"",0.980992234930959,0.980992234930959,"default:ok;default_port:fail;layered_lbfgs:fail;layered_port:fail;witness:fail"
"layered_port","default","ml-gls","wolf","test","wolf_2f6i_l50","cfa",25,94,"x100","GLS",1077880526,0.986794009981688,"ill_conditioned","budget_exhausted",1251,"",,FALSE,"",0.980992234921039,0.980992234921039,"default:ok;default_port:fail;layered_lbfgs:fail;layered_port:fail;witness:fail"
"layered_port","default","ml-gls","wolf","test","wolf_2f6i_l50","cfa",25,98,"mixed","GLS",1077880530,0.95119347310683,"nonpositive_curvature","converged",624,"",,FALSE,"",1.01055127690178,0.977346556876944,"default:ok;default_port:fail;layered_lbfgs:fail;layered_port:fail;witness:ok"
"layered_port","default","ml-gls","wolf","test","wolf_2f6i_l50","cfa",25,98,"x100","GLS",1077880530,0.950191769059765,"available","converged",834,"",,FALSE,"",1.0105512769013,0.977346523040708,"default:ok;default_port:fail;layered_lbfgs:fail;layered_port:fail;witness:ok"
"layered_port","default","ml-gls","wolf","test","wolf_2f8i_l50","cfa",26,14,"mixed","GLS",669108159,1.81303406909608,"available","budget_exhausted",1243,"",,FALSE,"",1.79382022551547,1.79382022551547,"default:ok;default_port:ok;layered_lbfgs:fail;layered_port:fail;witness:fail"
"layered_port","default","ml-gls","wolf","test","wolf_2f8i_l50","cfa",26,14,"x100","GLS",669108159,1.81303195637563,"nonpositive_curvature","budget_exhausted",1246,"",,FALSE,"",1.79382022551482,1.79382022551482,"default:ok;default_port:ok;layered_lbfgs:fail;layered_port:fail;witness:fail"
"layered_port","default","ml-gls","wolf","test","wolf_2f8i_l50","cfa",26,22,"mixed","GLS",669108288,1.76539349706696,"available","budget_exhausted",1254,"",,FALSE,"",1.74886230294179,1.74886230294179,"default:ok;default_port:ok;layered_lbfgs:fail;layered_port:fail;witness:fail"
"layered_port","default","ml-gls","wolf","test","wolf_2f8i_l50","cfa",26,22,"x100","GLS",669108288,1.76538748332102,"available","budget_exhausted",1225,"",,FALSE,"",1.74886230293917,1.74886230293768,"default:ok;default_port:ok;layered_lbfgs:fail;layered_port:fail;witness:fail"
"layered_port","default","ml-gls","wolf","test","wolf_2f8i_l50","cfa",26,33,"mixed","GLS",669108420,1.57910672082126,"nonpositive_curvature","noisy_objective",827,"",,FALSE,"",1.45325058221288,1.45325058221288,"default:ok;default_port:ok;layered_lbfgs:fail;layered_port:fail;witness:ok"
"layered_port","default","ml-gls","wolf","test","wolf_2f8i_l50","cfa",26,33,"native","GLS",669108420,1.57820190580964,"nonpositive_curvature","noisy_objective",1171,"",,FALSE,"",1.4532505824044,1.4532505824044,"default:ok;default_port:fail;layered_lbfgs:fail;layered_port:fail;witness:ok"
"layered_port","default","ml-gls","wolf","test","wolf_2f8i_l50","cfa",26,33,"x100","GLS",669108420,1.57874521437477,"nonpositive_curvature","noisy_objective",694,"",,FALSE,"",1.45325058221364,1.45325058221364,"default:ok;default_port:ok;layered_lbfgs:fail;layered_port:fail;witness:ok"
"layered_port","default","ml-gls","wolf","test","wolf_2f8i_l50","cfa",26,41,"mixed","ML",669108549,3.26080655877506,"nonpositive_curvature","budget_exhausted",1226,"layered",,FALSE,"",3.09145550137566,3.09145550137566,"default:ok;default_port:ok;layered_lbfgs:fail;layered_port:fail;witness:fail"
"layered_port","default","ml-gls","wolf","test","wolf_2f8i_l50","cfa",26,41,"native","ML",669108549,3.26081099072602,"available","budget_exhausted",1222,"layered",,FALSE,"",3.09145550137585,3.09145550137585,"default:ok;default_port:ok;layered_lbfgs:fail;layered_port:fail;witness:fail"
"layered_port","default","ml-gls","wolf","test","wolf_2f8i_l50","cfa",26,41,"x0.01","ML",669108549,3.26080318674931,"nonpositive_curvature","budget_exhausted",1210,"layered",,FALSE,"",3.09145550137595,3.09145550137595,"default:ok;default_port:ok;layered_lbfgs:fail;layered_port:fail;witness:fail"
"layered_port","default","ml-gls","wolf","test","wolf_2f8i_l50","cfa",26,41,"x100","ML",669108549,3.26081100269775,"available","budget_exhausted",1245,"layered",,FALSE,"",3.09145550138147,3.09145550138147,"default:ok;default_port:ok;layered_lbfgs:fail;layered_port:fail;witness:fail"
"layered_port","default","ml-gls","wolf","test","wolf_2f8i_l50","cfa",26,48,"mixed","GLS",669108556,1.6550309463104,"available","budget_exhausted",1233,"",,FALSE,"",1.67700977579388,1.67700977579388,"default:ok;default_port:ok;layered_lbfgs:fail;layered_port:fail;witness:fail"
"layered_port","default","ml-gls","wolf","test","wolf_2f8i_l50","cfa",26,48,"x100","GLS",669108556,1.65502942845437,"available","budget_exhausted",1262,"",,FALSE,"",1.67700977579338,1.67700977579338,"default:ok;default_port:ok;layered_lbfgs:fail;layered_port:fail;witness:fail"
"layered_port","default","ml-gls","wolf","test","wolf_2f8i_l50","cfa",26,55,"native","GLS",669108684,1.46057917080368,"nonpositive_curvature","budget_exhausted",1188,"",,FALSE,"",1.45752014019732,1.45752014019732,"default:ok;default_port:fail;layered_lbfgs:fail;layered_port:fail;witness:fail"
"layered_port","default","ml-gls","wolf","test","wolf_2f8i_l50","cfa",26,6,"mixed","GLS",1365727099,1.61533728255576,"nonpositive_curvature","budget_exhausted",1157,"",,FALSE,"",1.56848799993699,1.56848799993699,"default:ok;default_port:fail;layered_lbfgs:fail;layered_port:fail;witness:fail"
"layered_port","default","ml-gls","wolf","test","wolf_2f8i_l50","cfa",26,6,"mixed","ML",1365727099,2.92130518262316,"ill_conditioned","budget_exhausted",1166,"layered",,FALSE,"",2.85024699599037,2.85024699599037,"default:ok;default_port:ok;layered_lbfgs:fail;layered_port:fail;witness:ok"
"layered_port","default","ml-gls","wolf","test","wolf_2f8i_l50","cfa",26,6,"native","GLS",1365727099,1.61533615059596,"ill_conditioned","budget_exhausted",1143,"",,FALSE,"",1.56848799993121,1.56848799993121,"default:ok;default_port:ok;layered_lbfgs:fail;layered_port:fail;witness:fail"
"layered_port","default","ml-gls","wolf","test","wolf_2f8i_l50","cfa",26,6,"native","ML",1365727099,2.92130510515556,"ill_conditioned","budget_exhausted",1231,"layered",,FALSE,"",2.85024699599037,2.85024699599037,"default:ok;default_port:ok;layered_lbfgs:fail;layered_port:fail;witness:ok"
"layered_port","default","ml-gls","wolf","test","wolf_2f8i_l50","cfa",26,6,"x0.01","ML",1365727099,2.92130436428997,"ill_conditioned","budget_exhausted",1191,"layered",,FALSE,"",2.85024699599037,2.85024699599037,"default:ok;default_port:ok;layered_lbfgs:fail;layered_port:fail;witness:ok"
"layered_port","default","ml-gls","wolf","test","wolf_2f8i_l50","cfa",26,6,"x100","GLS",1365727099,1.61529292799198,"nonpositive_curvature","budget_exhausted",1180,"",,FALSE,"",1.56848799993698,1.56848799993698,"default:ok;default_port:fail;layered_lbfgs:fail;layered_port:fail;witness:fail"
"layered_port","default","ml-gls","wolf","test","wolf_2f8i_l50","cfa",26,6,"x100","ML",1365727099,2.92130442221766,"ill_conditioned","budget_exhausted",1181,"layered",,FALSE,"",2.85024699599036,2.85024699599036,"default:ok;default_port:ok;layered_lbfgs:fail;layered_port:fail;witness:ok"
"layered_port","default","ml-gls","wolf","test","wolf_2f8i_l50","cfa",26,61,"mixed","GLS",669108811,1.70533734540636,"nonpositive_curvature","converged",1032,"",,FALSE,"",1.7237227646688,1.72372276465637,"default:ok;default_port:ok;layered_lbfgs:fail;layered_port:fail;witness:fail"
"layered_port","default","ml-gls","wolf","test","wolf_2f8i_l50","cfa",26,62,"native","GLS",669108812,1.39516920385453,"nonpositive_curvature","budget_exhausted",1213,"",,FALSE,"",1.28823138094605,1.28823138093945,"default:ok;default_port:ok;layered_lbfgs:fail;layered_port:fail;witness:fail"
"layered_port","default","ml-gls","wolf","test","wolf_2f8i_l50","cfa",26,66,"mixed","GLS",669108816,1.4111311083812,"available","budget_exhausted",1228,"",,FALSE,"",1.36191633985258,1.36191633985258,"default:ok;default_port:fail;layered_lbfgs:fail;layered_port:fail;witness:fail"
"layered_port","default","ml-gls","wolf","test","wolf_2f8i_l50","cfa",26,66,"x100","GLS",669108816,1.41112521220917,"available","budget_exhausted",1211,"",,FALSE,"",1.36191633985266,1.36191633985266,"default:ok;default_port:fail;layered_lbfgs:fail;layered_port:fail;witness:fail"
"layered_port","default","ml-gls","wolf","test","wolf_2f8i_l50","cfa",26,69,"mixed","GLS",669108819,1.68397125517955,"nonpositive_curvature","budget_exhausted",1159,"",,FALSE,"",1.6334030472813,1.6334030472813,"default:ok;default_port:fail;layered_lbfgs:fail;layered_port:fail;witness:fail"
"layered_port","default","ml-gls","wolf","test","wolf_2f8i_l50","cfa",26,69,"x100","GLS",669108819,1.68406322690717,"nonpositive_curvature","noisy_objective",808,"",,FALSE,"",1.63340420594032,1.63340420594032,"default:ok;default_port:fail;layered_lbfgs:fail;layered_port:fail;witness:fail"
"layered_port","default","ml-gls","wolf","test","wolf_2f8i_l50","cfa",26,72,"mixed","GLS",669108943,1.76611016974746,"nonpositive_curvature","budget_exhausted",1183,"",,FALSE,"",1.64640430594672,1.64640430593861,"default:ok;default_port:ok;layered_lbfgs:fail;layered_port:fail;witness:fail"
"layered_port","default","ml-gls","wolf","test","wolf_2f8i_l50","cfa",26,72,"x100","GLS",669108943,1.76219662438927,"nonpositive_curvature","budget_exhausted",1212,"",,FALSE,"",1.64640430593534,1.64640430593534,"default:ok;default_port:ok;layered_lbfgs:fail;layered_port:fail;witness:fail"
"layered_port","default","ml-gls","wolf","test","wolf_2f8i_l50","cfa",26,73,"mixed","GLS",669108944,1.58439229982266,"nonpositive_curvature","budget_exhausted",1153,"",,FALSE,"",1.72038359500017,1.72038359500017,"default:ok;default_port:fail;layered_lbfgs:fail;layered_port:fail;witness:fail"
"layered_port","default","ml-gls","wolf","test","wolf_2f8i_l50","cfa",26,73,"x100","GLS",669108944,1.58497245871977,"nonpositive_curvature","budget_exhausted",1121,"",,FALSE,"",1.72038359500018,1.72038359500018,"default:ok;default_port:fail;layered_lbfgs:fail;layered_port:fail;witness:fail"
"layered_port","default","ml-gls","wolf","test","wolf_2f8i_l50","cfa",26,8,"mixed","GLS",1365727101,1.67542669821021,"nonpositive_curvature","budget_exhausted",1245,"",,FALSE,"",1.54180654241001,1.54180654241001,"default:ok;default_port:ok;layered_lbfgs:fail;layered_port:fail;witness:fail"
"layered_port","default","ml-gls","wolf","test","wolf_2f8i_l50","cfa",26,8,"x100","GLS",1365727101,1.67574304016249,"nonpositive_curvature","budget_exhausted",1245,"",,FALSE,"",1.54180654240997,1.54180654240997,"default:ok;default_port:ok;layered_lbfgs:fail;layered_port:fail;witness:fail"
"layered_port","default","ml-gls","wolf","test","wolf_2f8i_l50","cfa",26,80,"mixed","GLS",669109072,1.64453493783332,"ill_conditioned","budget_exhausted",1116,"",,FALSE,"",1.42693641178711,1.42693612872307,"default:ok;default_port:ok;layered_lbfgs:fail;layered_port:fail;witness:fail"
"layered_port","default","ml-gls","wolf","test","wolf_2f8i_l50","cfa",26,80,"x100","GLS",669109072,1.64453583287334,"nonpositive_curvature","budget_exhausted",1143,"",,FALSE,"",1.42693612871258,1.42693612871258,"default:ok;default_port:ok;layered_lbfgs:fail;layered_port:fail;witness:fail"
"layered_port","default","ml-gls","wolf","test","wolf_2f8i_l50","cfa",26,81,"native","GLS",669109073,1.53601275435489,"nonpositive_curvature","budget_exhausted",1258,"",,FALSE,"",1.52963758119419,1.52963758119032,"default:ok;default_port:ok;layered_lbfgs:fail;layered_port:fail;witness:ok"
"layered_port","default","ml-gls","wolf","test","wolf_2f8i_l50","cfa",26,89,"mixed","GLS",669109081,1.49488665473177,"ill_conditioned","budget_exhausted",1261,"",,FALSE,"",1.50461621313017,1.50461620557378,"default:ok;default_port:ok;layered_lbfgs:fail;layered_port:fail;witness:fail"
"layered_port","default","ml-gls","wolf","test","wolf_2f8i_l50","cfa",26,89,"x100","GLS",669109081,1.49488641395918,"ill_conditioned","budget_exhausted",1233,"",,FALSE,"",1.50461620557366,1.50461620557366,"default:ok;default_port:ok;layered_lbfgs:fail;layered_port:fail;witness:fail"
"layered_port","default","ml-gls","wolf","test","wolf_2f8i_l50","cfa",26,9,"native","GLS",1365727102,1.85689639871098,"ill_conditioned","budget_exhausted",1193,"",,FALSE,"",1.72148172679512,1.72148172679512,"default:ok;default_port:fail;layered_lbfgs:fail;layered_port:fail;witness:fail"
"layered_port","default","ml-gls","wolf","test","wolf_2f8i_l80","cfa",26,11,"mixed","GLS",253701150,1.47448889380766,"nonpositive_curvature","budget_exhausted",1202,"",,FALSE,"",1.61931186933678,1.5998874607833,"default:ok;default_port:ok;layered_lbfgs:fail;layered_port:fail;witness:fail"
"layered_port","default","ml-gls","wolf","test","wolf_2f8i_l80","cfa",26,11,"x100","GLS",253701150,1.48030753671841,"nonpositive_curvature","budget_exhausted",1186,"",,FALSE,"",1.61931186933677,1.59988746077604,"default:ok;default_port:ok;layered_lbfgs:fail;layered_port:fail;witness:fail"
"layered_port","default","ml-gls","wolf","test","wolf_2f8i_l80","cfa",26,2,"native","GLS",1870739198,1.63847218887966,"nonpositive_curvature","budget_exhausted",1195,"",,FALSE,"",1.54699886535689,1.54699886535689,"default:ok;default_port:fail;layered_lbfgs:fail;layered_port:fail;witness:fail"
"layered_port","default","ml-gls","wolf","test","wolf_2f8i_l80","cfa",26,27,"mixed","GLS",253701287,1.40302581068305,"available","converged",266,"",,FALSE,"",1.35419262435232,1.35419262435232,"default:ok;default_port:ok;layered_lbfgs:fail;layered_port:fail;witness:fail"
"layered_port","default","ml-gls","wolf","test","wolf_2f8i_l80","cfa",26,27,"x100","GLS",253701287,1.40302606960606,"available","converged",270,"",,FALSE,"",1.35419262435224,1.35419262435224,"default:ok;default_port:ok;layered_lbfgs:fail;layered_port:fail;witness:fail"
"layered_port","default","ml-gls","wolf","test","wolf_2f8i_l80","cfa",26,29,"mixed","GLS",253701289,1.58480852413628,"available","budget_exhausted",1181,"",,FALSE,"",1.58119444873742,1.58119444873742,"default:ok;default_port:ok;layered_lbfgs:fail;layered_port:fail;witness:ok"
"layered_port","default","ml-gls","wolf","test","wolf_2f8i_l80","cfa",26,29,"native","GLS",253701289,1.58483498906068,"nonpositive_curvature","budget_exhausted",1201,"",,FALSE,"",1.61122241742689,1.61122241742689,"default:ok;default_port:fail;layered_lbfgs:fail;layered_port:fail;witness:ok"
"layered_port","default","ml-gls","wolf","test","wolf_2f8i_l80","cfa",26,29,"x100","GLS",253701289,1.5847633022688,"nonpositive_curvature","budget_exhausted",1227,"",,FALSE,"",1.5811944487376,1.5811944487376,"default:ok;default_port:ok;layered_lbfgs:fail;layered_port:fail;witness:ok"
"layered_port","default","ml-gls","wolf","test","wolf_2f8i_l80","cfa",26,64,"mixed","GLS",253701808,1.94602119672574,"nonpositive_curvature","budget_exhausted",1162,"",,FALSE,"",1.78583399319094,1.73347878967053,"default:ok;default_port:ok;layered_lbfgs:fail;layered_port:fail;witness:fail"
"layered_port","default","ml-gls","wolf","test","wolf_2f8i_l80","cfa",26,64,"x100","GLS",253701808,1.94402575114311,"nonpositive_curvature","budget_exhausted",1175,"",,FALSE,"",1.78583399319235,1.73347878967574,"default:ok;default_port:ok;layered_lbfgs:fail;layered_port:fail;witness:fail"
"layered_port","default","ml-gls","wolf","test","wolf_2f8i_l80","cfa",26,81,"mixed","GLS",253702067,1.85045255383815,"ill_conditioned","budget_exhausted",1208,"",,FALSE,"",1.78312375029756,1.78312375029756,"default:ok;default_port:ok;layered_lbfgs:fail;layered_port:fail;witness:fail"
"layered_port","default","ml-gls","wolf","test","wolf_2f8i_l80","cfa",26,81,"native","GLS",253702067,1.85045269136358,"ill_conditioned","budget_exhausted",1264,"",,FALSE,"",1.78312375029531,1.78312375029531,"default:ok;default_port:fail;layered_lbfgs:fail;layered_port:fail;witness:fail"
"layered_port","default","ml-gls","wolf","test","wolf_2f8i_l80","cfa",26,81,"x100","GLS",253702067,1.85045262723817,"ill_conditioned","budget_exhausted",1248,"",,FALSE,"",1.7831237503037,1.7831237503037,"default:ok;default_port:ok;layered_lbfgs:fail;layered_port:fail;witness:fail"
"layered_port","default","ml-gls","wolf","test","wolf_2f8i_l80","cfa",26,89,"mixed","GLS",253702075,1.59798960707048,"nonpositive_curvature","budget_exhausted",1235,"",,FALSE,"",1.63561087081778,1.63561087081778,"default:ok;default_port:ok;layered_lbfgs:fail;layered_port:fail;witness:fail"
"layered_port","default","ml-gls","wolf","test","wolf_2f8i_l80","cfa",26,89,"native","GLS",253702075,1.5979940460698,"available","budget_exhausted",1229,"",,FALSE,"",1.63561087081796,1.63561087081796,"default:ok;default_port:ok;layered_lbfgs:fail;layered_port:fail;witness:fail"
"layered_port","default","ml-gls","wolf","test","wolf_2f8i_l80","cfa",26,89,"x0.01","GLS",253702075,1.59799093415536,"nonpositive_curvature","budget_exhausted",1240,"",,FALSE,"",1.63561452895455,1.63561452895455,"default:ok;default_port:fail;layered_lbfgs:fail;layered_port:fail;witness:fail"
"layered_port","default","ml-gls","wolf","test","wolf_2f8i_l80","cfa",26,89,"x100","GLS",253702075,1.59799595487275,"nonpositive_curvature","budget_exhausted",1237,"",,FALSE,"",1.63561087081778,1.63561087081778,"default:ok;default_port:ok;layered_lbfgs:fail;layered_port:fail;witness:fail"
"layered_port","default","ml-gls","wolf","test","wolf_2f8i_l80","cfa",26,96,"mixed","GLS",253702203,1.55740176895715,"nonpositive_curvature","budget_exhausted",1211,"",,FALSE,"",1.5305030590064,1.5305030590064,"default:ok;default_port:ok;layered_lbfgs:fail;layered_port:fail;witness:fail"
"layered_port","default","ml-gls","wolf","test","wolf_2f8i_l80","cfa",26,96,"x100","GLS",253702203,1.55756240438419,"nonpositive_curvature","budget_exhausted",1232,"",,FALSE,"",1.53050305900545,1.53050305900545,"default:ok;default_port:ok;layered_lbfgs:fail;layered_port:fail;witness:fail"
"layered_port","default","ml-gls","wolf","test","wolf_3f3i_l50","cfa",100,100,"mixed","GLS",1076743832,0.0884512472946148,"nonpositive_curvature","singular_convergence",880,"",,FALSE,"",0.0704638259762086,0.0704638259762086,"default:ok;default_port:fail;layered_lbfgs:fail;layered_port:fail;witness:fail"
"layered_port","default","ml-gls","wolf","test","wolf_3f3i_l50","cfa",100,21,"native","ML",24612555,0.12945008013621,"ill_conditioned","line_search_salvaged",495,"layered",,FALSE,"",0.125999646195399,0.125999646195399,"default:ok;default_port:ok;layered_lbfgs:fail;layered_port:fail;witness:ok"
"layered_port","default","ml-gls","wolf","test","wolf_3f3i_l50","cfa",100,21,"x100","ML",24612555,0.129450165111024,"ill_conditioned","line_search_salvaged",433,"layered",,FALSE,"",0.125999646195403,0.125999646195403,"default:ok;default_port:ok;layered_lbfgs:fail;layered_port:fail;witness:ok"
"layered_port","default","ml-gls","wolf","test","wolf_3f3i_l50","cfa",100,94,"native","GLS",24613475,0.0863396048988215,"nonpositive_curvature","budget_exhausted",1269,"",,FALSE,"",0.0756197476949867,0.0756197476949867,"default:ok;default_port:ok;layered_lbfgs:fail;layered_port:fail;witness:ok"
"layered_port","default","ml-gls","wolf","test","wolf_3f3i_l50","cfa",100,94,"native","ML",24613475,0.0811034397738633,"available","budget_exhausted",1288,"layered",,FALSE,"",0.0702065424976333,0.0702065424976333,"default:ok;default_port:ok;layered_lbfgs:fail;layered_port:fail;witness:ok"
"layered_port","default","ml-gls","wolf","test","wolf_3f3i_l50","cfa",100,94,"x100","GLS",24613475,0.0863454613425826,"available","budget_exhausted",1284,"",,FALSE,"",0.0756197476949685,0.0756197476949685,"default:ok;default_port:ok;layered_lbfgs:fail;layered_port:fail;witness:ok"
"layered_port","default","ml-gls","wolf","test","wolf_3f3i_l50","cfa",100,94,"x100","ML",24613475,0.0811024167061447,"nonpositive_curvature","budget_exhausted",1274,"layered",,FALSE,"",0.0702065424976368,0.0702065424976368,"default:ok;default_port:ok;layered_lbfgs:fail;layered_port:fail;witness:ok"
"layered_port","default","ml-gls","wolf","test","wolf_3f3i_l50","cfa",25,16,"native","GLS",1110479908,0.238324016032501,"ill_conditioned","singular_convergence",554,"",,FALSE,"",0.227400750286272,0.227400750286272,"default:ok;default_port:ok;layered_lbfgs:fail;layered_port:fail;witness:ok"
"layered_port","default","ml-gls","wolf","test","wolf_3f3i_l50","cfa",25,16,"x100","GLS",1110479908,0.23832386286841,"ill_conditioned","singular_convergence",621,"",,FALSE,"",0.227400750286281,0.227400750286281,"default:ok;default_port:ok;layered_lbfgs:fail;layered_port:fail;witness:ok"
"layered_port","default","ml-gls","wolf","test","wolf_3f3i_l50","cfa",25,17,"native","ML",1110479909,0.409736520726226,"available","budget_exhausted",1201,"layered",,FALSE,"",0.399453060337871,0.399453060337871,"default:ok;default_port:ok;layered_lbfgs:fail;layered_port:fail;witness:ok"
"layered_port","default","ml-gls","wolf","test","wolf_3f3i_l50","cfa",25,17,"x100","ML",1110479909,0.409739901503116,"available","budget_exhausted",1224,"layered",,FALSE,"",0.399453060337869,0.399453060337869,"default:ok;default_port:ok;layered_lbfgs:fail;layered_port:fail;witness:ok"
"layered_port","default","ml-gls","wolf","test","wolf_3f3i_l50","cfa",25,20,"mixed","ML",1110480033,0.399038831609725,"nonpositive_curvature","budget_exhausted",1345,"layered",,FALSE,"",0.311725088655247,0.311725088655247,"default:ok;default_port:fail;layered_lbfgs:fail;layered_port:fail;witness:fail"
"layered_port","default","ml-gls","wolf","test","wolf_3f3i_l50","cfa",25,20,"native","ML",1110480033,0.398944144664581,"nonpositive_curvature","budget_exhausted",1269,"layered",,FALSE,"",0.311725088655246,0.311725088655246,"default:ok;default_port:fail;layered_lbfgs:fail;layered_port:fail;witness:fail"
"layered_port","default","ml-gls","wolf","test","wolf_3f3i_l50","cfa",25,20,"x0.01","ML",1110480033,0.399040359116768,"nonpositive_curvature","budget_exhausted",1308,"layered",,FALSE,"",0.311725088655244,0.311725088655244,"default:ok;default_port:fail;layered_lbfgs:fail;layered_port:fail;witness:fail"
"layered_port","default","ml-gls","wolf","test","wolf_3f3i_l50","cfa",25,20,"x100","ML",1110480033,0.399054725701539,"nonpositive_curvature","budget_exhausted",1300,"layered",,FALSE,"",0.311725088655244,0.311725088655244,"default:ok;default_port:fail;layered_lbfgs:fail;layered_port:fail;witness:fail"
"layered_port","default","ml-gls","wolf","test","wolf_3f3i_l50","cfa",25,32,"native","GLS",1110480166,0.337590237366458,"available","budget_exhausted",1248,"",,FALSE,"",0.336532100200508,0.336532100200508,"default:ok;default_port:ok;layered_lbfgs:fail;layered_port:fail;witness:ok"
"layered_port","default","ml-gls","wolf","test","wolf_3f3i_l50","cfa",25,32,"x100","GLS",1110480166,0.337612567096052,"available","converged",885,"",,FALSE,"",0.336532100200493,0.336532100200493,"default:ok;default_port:ok;layered_lbfgs:fail;layered_port:fail;witness:ok"
"layered_port","default","ml-gls","wolf","test","wolf_3f3i_l50","cfa",25,33,"native","ML",1110480167,0.549224346005432,"nonpositive_curvature","budget_exhausted",1266,"layered",,FALSE,"",0.549424901500029,0.549424901500029,"default:ok;default_port:ok;layered_lbfgs:fail;layered_port:fail;witness:ok"
"layered_port","default","ml-gls","wolf","test","wolf_3f3i_l50","cfa",25,33,"x100","ML",1110480167,0.54924229570328,"nonpositive_curvature","budget_exhausted",1230,"layered",,FALSE,"",0.549424901500032,0.549424901500032,"default:ok;default_port:ok;layered_lbfgs:fail;layered_port:fail;witness:ok"
"layered_port","default","ml-gls","wolf","test","wolf_3f3i_l50","cfa",25,34,"native","GLS",1110480168,0.422256441916094,"ill_conditioned","singular_convergence",977,"",,FALSE,"",0.431272779804773,0.431272779804773,"default:ok;default_port:ok;layered_lbfgs:fail;layered_port:fail;witness:ok"
"layered_port","default","ml-gls","wolf","test","wolf_3f3i_l50","cfa",25,34,"x0.01","GLS",1110480168,0.422256515023727,"nonpositive_curvature","singular_convergence",992,"",,FALSE,"",0.361476767814253,0.361476767814253,"default:ok;default_port:fail;layered_lbfgs:fail;layered_port:fail;witness:ok"
"layered_port","default","ml-gls","wolf","test","wolf_3f3i_l50","cfa",25,34,"x100","GLS",1110480168,0.422256911528493,"ill_conditioned","singular_convergence",821,"",,FALSE,"",0.431272779805359,0.431272779805359,"default:ok;default_port:ok;layered_lbfgs:fail;layered_port:fail;witness:ok"
"layered_port","default","ml-gls","wolf","test","wolf_3f3i_l50","cfa",25,42,"native","GLS",1110480297,0.336563609509626,"nonpositive_curvature","budget_exhausted",1222,"",,FALSE,"",0.330811813807996,0.330811813807996,"default:ok;default_port:ok;layered_lbfgs:fail;layered_port:fail;witness:ok"
"layered_port","default","ml-gls","wolf","test","wolf_3f3i_l50","cfa",25,42,"x100","GLS",1110480297,0.336648229917415,"nonpositive_curvature","budget_exhausted",1215,"",,FALSE,"",0.330811813807962,0.330811813807962,"default:ok;default_port:ok;layered_lbfgs:fail;layered_port:fail;witness:ok"
"layered_port","default","ml-gls","wolf","test","wolf_3f3i_l50","cfa",25,43,"mixed","GLS",1110480298,0.317271912616358,"nonpositive_curvature","budget_exhausted",1261,"",,FALSE,"",0.301782972879103,0.301782972879098,"default:ok;default_port:fail;layered_lbfgs:fail;layered_port:fail;witness:ok"
"layered_port","default","ml-gls","wolf","test","wolf_3f3i_l50","cfa",25,55,"native","GLS",1110480431,0.239072712757765,"ill_conditioned","singular_convergence",915,"",,FALSE,"",0.227233142753395,0.227233142753395,"default:ok;default_port:ok;layered_lbfgs:fail;layered_port:fail;witness:ok"
"layered_port","default","ml-gls","wolf","test","wolf_3f3i_l50","cfa",25,55,"native","ML",1110480431,0.313453773629442,"ill_conditioned","singular_convergence",922,"layered",,FALSE,"",0.300869427989941,0.300869427989941,"default:ok;default_port:ok;layered_lbfgs:fail;layered_port:fail;witness:ok"
"layered_port","default","ml-gls","wolf","test","wolf_3f3i_l50","cfa",25,55,"x0.01","ML",1110480431,0.313453958148806,"ill_conditioned","singular_convergence",697,"layered",,FALSE,"",0.300869427989944,0.300869427989944,"default:ok;default_port:fail;layered_lbfgs:fail;layered_port:fail;witness:ok"
"layered_port","default","ml-gls","wolf","test","wolf_3f3i_l50","cfa",25,55,"x100","GLS",1110480431,0.239072796363394,"ill_conditioned","singular_convergence",873,"",,FALSE,"",0.227233142753376,0.227233142753376,"default:ok;default_port:ok;layered_lbfgs:fail;layered_port:fail;witness:ok"
"layered_port","default","ml-gls","wolf","test","wolf_3f3i_l50","cfa",25,55,"x100","ML",1110480431,0.313453998548113,"ill_conditioned","singular_convergence",664,"layered",,FALSE,"",0.300869427989944,0.300869427989944,"default:ok;default_port:ok;layered_lbfgs:fail;layered_port:fail;witness:ok"
"layered_port","default","ml-gls","wolf","test","wolf_3f3i_l50","cfa",25,58,"native","GLS",1110480434,0.285619385325965,"nonpositive_curvature","converged",683,"",,FALSE,"",0.277291658323005,0.277291658323005,"default:ok;default_port:ok;layered_lbfgs:fail;layered_port:fail;witness:fail"
"layered_port","default","ml-gls","wolf","test","wolf_3f3i_l50","cfa",25,58,"x100","GLS",1110480434,0.285619489572215,"nonpositive_curvature","converged",701,"",,FALSE,"",0.277291658323038,0.277291658323038,"default:ok;default_port:ok;layered_lbfgs:fail;layered_port:fail;witness:fail"
"layered_port","default","ml-gls","wolf","test","wolf_3f3i_l50","cfa",25,59,"native","GLS",1110480435,0.498953779748061,"nonpositive_curvature","budget_exhausted",1264,"",,FALSE,"",0.500459152889661,0.500459152889661,"default:ok;default_port:ok;layered_lbfgs:fail;layered_port:fail;witness:ok"
"layered_port","default","ml-gls","wolf","test","wolf_3f3i_l50","cfa",25,59,"native","ML",1110480435,0.931218791739026,"available","budget_exhausted",1263,"layered",,FALSE,"",0.90710488118374,0.90710488118374,"default:ok;default_port:ok;layered_lbfgs:fail;layered_port:fail;witness:ok"
"layered_port","default","ml-gls","wolf","test","wolf_3f3i_l50","cfa",25,59,"x100","GLS",1110480435,0.49896125436016,"nonpositive_curvature","budget_exhausted",1243,"",,FALSE,"",0.500459152889632,0.500459152889632,"default:ok;default_port:ok;layered_lbfgs:fail;layered_port:fail;witness:ok"
"layered_port","default","ml-gls","wolf","test","wolf_3f3i_l50","cfa",25,59,"x100","ML",1110480435,0.931223301661333,"nonpositive_curvature","budget_exhausted",1278,"layered",,FALSE,"",0.907104881183741,0.907104881183741,"default:ok;default_port:ok;layered_lbfgs:fail;layered_port:fail;witness:ok"
"layered_port","default","ml-gls","wolf","test","wolf_3f3i_l50","cfa",25,6,"native","GLS",1614991421,0.311852597975391,"available","budget_exhausted",1253,"",,FALSE,"",0.293926971118611,0.293926971118611,"default:ok;default_port:ok;layered_lbfgs:fail;layered_port:fail;witness:fail"
"layered_port","default","ml-gls","wolf","test","wolf_3f3i_l50","cfa",25,6,"native","ML",1614991421,0.445274757907551,"nonpositive_curvature","budget_exhausted",1283,"layered",,FALSE,"",0.415065374466233,0.415065374466233,"default:ok;default_port:ok;layered_lbfgs:fail;layered_port:fail;witness:ok"
"layered_port","default","ml-gls","wolf","test","wolf_3f3i_l50","cfa",25,6,"x100","GLS",1614991421,0.311858445992312,"available","budget_exhausted",1253,"",,FALSE,"",0.293926971118772,0.293926971118772,"default:ok;default_port:ok;layered_lbfgs:fail;layered_port:fail;witness:fail"
"layered_port","default","ml-gls","wolf","test","wolf_3f3i_l50","cfa",25,6,"x100","ML",1614991421,0.445285266063046,"available","budget_exhausted",1232,"layered",,FALSE,"",0.415065374466238,0.415065374466238,"default:ok;default_port:ok;layered_lbfgs:fail;layered_port:fail;witness:ok"
"layered_port","default","ml-gls","wolf","test","wolf_3f3i_l50","cfa",25,63,"native","ML",1110480560,0.518558966376022,"nonpositive_curvature","budget_exhausted",1241,"layered",,FALSE,"",0.443729389487148,0.443729389487148,"default:ok;default_port:ok;layered_lbfgs:fail;layered_port:fail;witness:ok"
"layered_port","default","ml-gls","wolf","test","wolf_3f3i_l50","cfa",25,63,"x100","ML",1110480560,0.518565765679483,"available","budget_exhausted",1242,"layered",,FALSE,"",0.443729389487139,0.443729389487139,"default:ok;default_port:ok;layered_lbfgs:fail;layered_port:fail;witness:ok"
"layered_port","default","ml-gls","wolf","test","wolf_3f3i_l50","cfa",25,66,"native","ML",1110480563,0.543019734834155,"nonpositive_curvature","budget_exhausted",1235,"layered",,FALSE,"",0.483232387596194,0.483232387596194,"default:ok;default_port:ok;layered_lbfgs:fail;layered_port:fail;witness:ok"
"layered_port","default","ml-gls","wolf","test","wolf_3f3i_l50","cfa",25,66,"x100","ML",1110480563,0.543061497753627,"nonpositive_curvature","budget_exhausted",1245,"layered",,FALSE,"",0.483232387596203,0.483232387596203,"default:ok;default_port:ok;layered_lbfgs:fail;layered_port:fail;witness:ok"
"layered_port","default","ml-gls","wolf","test","wolf_3f3i_l50","cfa",25,87,"native","ML",1110480826,0.577341007872152,"nonpositive_curvature","budget_exhausted",1246,"layered",,FALSE,"",0.562459817378504,0.562459817378504,"default:ok;default_port:ok;layered_lbfgs:fail;layered_port:fail;witness:ok"
"layered_port","default","ml-gls","wolf","test","wolf_3f3i_l50","cfa",25,87,"x100","ML",1110480826,0.577336038386932,"available","budget_exhausted",1263,"layered",,FALSE,"",0.562459817378482,0.562459817378482,"default:ok;default_port:ok;layered_lbfgs:fail;layered_port:fail;witness:ok"
"layered_port","default","ml-gls","wolf","test","wolf_3f3i_l50","cfa",25,91,"native","GLS",1110480951,0.391814261334068,"available","budget_exhausted",1263,"",,FALSE,"",0.3579928140536,0.333171998086473,"default:ok;default_port:ok;layered_lbfgs:fail;layered_port:fail;witness:ok"
"layered_port","default","ml-gls","wolf","test","wolf_3f3i_l50","cfa",25,91,"x100","GLS",1110480951,0.39181772497788,"available","budget_exhausted",1266,"",,FALSE,"",0.357992814053637,0.333171998086473,"default:ok;default_port:ok;layered_lbfgs:fail;layered_port:fail;witness:ok"
"layered_port","default","ml-gls","wolf","test","wolf_3f3i_l50","cfa",25,92,"native","GLS",1110480952,0.485595939160138,"available","budget_exhausted",1277,"",,FALSE,"",0.473251746202912,0.473251746202912,"default:ok;default_port:ok;layered_lbfgs:fail;layered_port:fail;witness:ok"
"layered_port","default","ml-gls","wolf","test","wolf_3f3i_l50","cfa",25,92,"x100","GLS",1110480952,0.485595465006911,"available","budget_exhausted",1324,"",,FALSE,"",0.473251746203259,0.473251746203259,"default:ok;default_port:ok;layered_lbfgs:fail;layered_port:fail;witness:ok"
"layered_port","default","ml-gls","wolf","test","wolf_3f3i_l50","cfa",25,93,"native","GLS",1110480953,0.261357439167028,"ill_conditioned","singular_convergence",813,"",,FALSE,"",0.248799258209049,0.248799258209049,"default:ok;default_port:ok;layered_lbfgs:fail;layered_port:fail;witness:ok"
"layered_port","default","ml-gls","wolf","test","wolf_3f3i_l50","cfa",25,93,"x100","GLS",1110480953,0.261357475436054,"ill_conditioned","singular_convergence",760,"",,FALSE,"",0.248799258209061,0.248799258209061,"default:ok;default_port:ok;layered_lbfgs:fail;layered_port:fail;witness:ok"
"layered_port","default","ml-gls","wolf","test","wolf_3f3i_l50","cfa",25,93,"x100","ML",1110480953,0.449077285752139,"available","converged",1254,"layered",,FALSE,"",0.371748033475036,0.371748033232365,"default:ok;default_port:ok;layered_lbfgs:fail;layered_port:fail;witness:ok"
"layered_port","default","ml-gls","wolf","test","wolf_3f3i_l50","cfa",25,95,"native","GLS",1110480955,0.579300634419809,"nonpositive_curvature","budget_exhausted",1250,"",,FALSE,"",0.360093848295435,0.360093848295435,"default:ok;default_port:ok;layered_lbfgs:fail;layered_port:fail;witness:fail"
"layered_port","default","ml-gls","wolf","test","wolf_3f3i_l50","cfa",25,95,"x100","GLS",1110480955,0.57929631218155,"nonpositive_curvature","budget_exhausted",1246,"",,FALSE,"",0.360093848295793,0.360093848295568,"default:ok;default_port:ok;layered_lbfgs:fail;layered_port:fail;witness:fail"
"layered_port","default","ml-gls","wolf","test","wolf_3f3i_l50","cfa",25,95,"x100","ML",1110480955,0.762182856776803,"ill_conditioned","budget_exhausted",1274,"layered",,FALSE,"",0.555090583809246,0.555090583809246,"default:ok;default_port:fail;layered_lbfgs:fail;layered_port:fail;witness:ok"
"layered_port","default","ml-gls","wolf","test","wolf_3f3i_l50","cfa",25,96,"mixed","ML",1110480956,0.633672097971247,"ill_conditioned","singular_convergence",454,"layered",,FALSE,"",0.584246361286426,0.584246361286426,"default:ok;default_port:fail;layered_lbfgs:fail;layered_port:fail;witness:ok"
"layered_port","default","ml-gls","wolf","test","wolf_3f3i_l50","cfa",25,96,"native","ML",1110480956,0.633672015303848,"ill_conditioned","singular_convergence",464,"layered",,FALSE,"",0.584246361286426,0.584246361286426,"default:ok;default_port:fail;layered_lbfgs:fail;layered_port:fail;witness:ok"
"layered_port","default","ml-gls","wolf","test","wolf_3f3i_l50","cfa",25,96,"x0.01","ML",1110480956,0.633671968608652,"ill_conditioned","singular_convergence",563,"layered",,FALSE,"",0.584246361286432,0.584246361286432,"default:ok;default_port:fail;layered_lbfgs:fail;layered_port:fail;witness:ok"
"layered_port","default","ml-gls","wolf","test","wolf_3f3i_l50","cfa",25,96,"x100","ML",1110480956,0.633671880885686,"ill_conditioned","singular_convergence",494,"layered",,FALSE,"",0.584246361286432,0.584246361286432,"default:ok;default_port:fail;layered_lbfgs:fail;layered_port:fail;witness:ok"
"layered_port","default","ml-gls","wolf","test","wolf_3f3i_l50","cfa",25,97,"native","GLS",1110480957,0.29338140476076,"ill_conditioned","budget_exhausted",1278,"",,FALSE,"",0.293378611582783,0.29337781509609,"default:ok;default_port:ok;layered_lbfgs:fail;layered_port:fail;witness:fail"
"layered_port","default","ml-gls","wolf","test","wolf_3f3i_l50","cfa",25,97,"x100","GLS",1110480957,0.293381401413431,"ill_conditioned","budget_exhausted",1260,"",,FALSE,"",0.293379259697343,0.2933778151088,"default:ok;default_port:ok;layered_lbfgs:fail;layered_port:fail;witness:fail"
"layered_port","default","ml-gls","wolf","test","wolf_3f3i_l50","cfa",25,98,"native","ML",1110480958,0.664689621534217,"nonpositive_curvature","budget_exhausted",1262,"layered",,FALSE,"",0.600150446998213,0.600150446998213,"default:ok;default_port:ok;layered_lbfgs:fail;layered_port:fail;witness:ok"
"layered_port","default","ml-gls","wolf","test","wolf_3f3i_l50","cfa",25,98,"x100","ML",1110480958,0.664686385072294,"nonpositive_curvature","budget_exhausted",1235,"layered",,FALSE,"",0.600150446998221,0.600150446998221,"default:ok;default_port:ok;layered_lbfgs:fail;layered_port:fail;witness:ok"
"layered_port","default","ml-gls","wolf","test","wolf_3f3i_l80","cfa",25,25,"x0.01","GLS",695073032,0.458431356240872,"available","budget_exhausted",1177,"",,TRUE,"",0.472976571972877,0.472976571972877,"default:ok;default_port:fail;layered_lbfgs:fail;layered_port:fail;witness:fail"
"layered_port","default","ml-gls","wolf","test","wolf_3f3i_l80","cfa",25,25,"x100","GLS",695073032,0.458431400305024,"available","budget_exhausted",1185,"",,TRUE,"",0.47297657197287,0.47297657197287,"default:ok;default_port:ok;layered_lbfgs:fail;layered_port:fail;witness:fail"
"layered_port","default","ml-gls","wolf","test","wolf_3f3i_l80","cfa",25,46,"native","GLS",695073295,0.546294994852664,"available","noisy_objective",529,"",,FALSE,"",0.517556303834548,0.517556303834539,"default:ok;default_port:ok;layered_lbfgs:ok;layered_port:fail;witness:ok"
"layered_port","default","ml-gls","wolf","test","wolf_3f3i_l80","cfa",25,46,"x0.01","GLS",695073295,0.546277813687509,"available","noisy_objective",796,"",,FALSE,"",0.517556303834556,0.51755630383454,"default:ok;default_port:ok;layered_lbfgs:ok;layered_port:fail;witness:ok"
"layered_port","default","ml-gls","wolf","test","wolf_3f3i_l80","cfa",25,46,"x100","GLS",695073295,0.546274547464837,"available","noisy_objective",1085,"",,FALSE,"",0.51755630383456,0.51755630383454,"default:ok;default_port:ok;layered_lbfgs:ok;layered_port:fail;witness:ok"
"layered_port","default","ml-gls","wolf","test","wolf_3f3i_l80","cfa",25,96,"x100","GLS",695073950,0.371288149752482,"nonpositive_curvature","singular_convergence",661,"",,FALSE,"",0.368486417979726,0.368486417979726,"default:ok;default_port:fail;layered_lbfgs:fail;layered_port:fail;witness:fail"
"layered_port","default","ml-gls","wolf","test","wolf_3f6i_l50","cfa",28,11,"mixed","GLS",500695061,1.6874681715056,"available","budget_exhausted",1125,"",,FALSE,"",1.76755016151834,1.76755016151834,"default:ok;default_port:ok;layered_lbfgs:fail;layered_port:fail;witness:fail"
"layered_port","default","ml-gls","wolf","test","wolf_3f6i_l50","cfa",28,11,"native","GLS",500695061,1.68746818593587,"available","budget_exhausted",1140,"",,FALSE,"",1.76755016151764,1.76755016151764,"default:ok;default_port:fail;layered_lbfgs:fail;layered_port:fail;witness:fail"
"layered_port","default","ml-gls","wolf","test","wolf_3f6i_l50","cfa",28,11,"x100","GLS",500695061,1.68746831269315,"nonpositive_curvature","budget_exhausted",1151,"",,FALSE,"",1.76755016152692,1.7675501615227,"default:ok;default_port:ok;layered_lbfgs:fail;layered_port:fail;witness:fail"
"layered_port","default","ml-gls","wolf","test","wolf_3f6i_l50","cfa",28,17,"mixed","GLS",500695067,2.04579798428785,"available","budget_exhausted",1161,"",,FALSE,"",1.80049994846324,1.80049994846324,"default:ok;default_port:fail;layered_lbfgs:fail;layered_port:fail;witness:fail"
"layered_port","default","ml-gls","wolf","test","wolf_3f6i_l50","cfa",28,17,"native","GLS",500695067,2.04580094746015,"nonpositive_curvature","budget_exhausted",1189,"",,FALSE,"",1.87564549563999,1.80049994849956,"default:ok;default_port:ok;layered_lbfgs:fail;layered_port:fail;witness:fail"
"layered_port","default","ml-gls","wolf","test","wolf_3f6i_l50","cfa",28,17,"x100","GLS",500695067,2.04579838571138,"nonpositive_curvature","budget_exhausted",1191,"",,FALSE,"",1.80049994846015,1.80049994846015,"default:ok;default_port:fail;layered_lbfgs:fail;layered_port:fail;witness:fail"
"layered_port","default","ml-gls","wolf","test","wolf_3f6i_l50","cfa",28,18,"mixed","GLS",500695068,1.9767813917098,"available","budget_exhausted",1173,"",,FALSE,"",1.96338081399633,1.92467339646438,"default:ok;default_port:fail;layered_lbfgs:fail;layered_port:fail;witness:ok"
"layered_port","default","ml-gls","wolf","test","wolf_3f6i_l50","cfa",28,18,"x100","GLS",500695068,1.97678133092224,"available","budget_exhausted",1253,"",,FALSE,"",1.96337938815795,1.92467339648483,"default:ok;default_port:fail;layered_lbfgs:fail;layered_port:fail;witness:ok"
"layered_port","default","ml-gls","wolf","test","wolf_3f6i_l50","cfa",28,2,"mixed","GLS",774293326,1.84929195023792,"nonpositive_curvature","budget_exhausted",1269,"",,FALSE,"",1.79015683045855,1.79015667571184,"default:ok;default_port:ok;layered_lbfgs:fail;layered_port:fail;witness:fail"
"layered_port","default","ml-gls","wolf","test","wolf_3f6i_l50","cfa",28,2,"native","GLS",774293326,1.84877988495071,"nonpositive_curvature","budget_exhausted",1215,"",,FALSE,"",1.88231139829571,1.88231139829571,"default:ok;default_port:ok;layered_lbfgs:fail;layered_port:fail;witness:fail"
"layered_port","default","ml-gls","wolf","test","wolf_3f6i_l50","cfa",28,2,"x100","GLS",774293326,1.85213081971626,"nonpositive_curvature","budget_exhausted",1203,"",,FALSE,"",1.79015667570439,1.79015667570439,"default:ok;default_port:ok;layered_lbfgs:fail;layered_port:fail;witness:fail"
"layered_port","default","ml-gls","wolf","test","wolf_3f6i_l50","cfa",28,25,"native","GLS",500695196,1.73383306791221,"nonpositive_curvature","budget_exhausted",1182,"",,FALSE,"",1.79345054690188,1.79345054690188,"default:ok;default_port:fail;layered_lbfgs:fail;layered_port:fail;witness:fail"
"layered_port","default","ml-gls","wolf","test","wolf_3f6i_l50","cfa",28,29,"mixed","GLS",500695200,2.03289751805908,"nonpositive_curvature","budget_exhausted",1166,"",,FALSE,"",2.00092960415375,2.00092960415375,"default:ok;default_port:ok;layered_lbfgs:fail;layered_port:fail;witness:fail"
"layered_port","default","ml-gls","wolf","test","wolf_3f6i_l50","cfa",28,29,"x100","GLS",500695200,2.03288913180319,"nonpositive_curvature","budget_exhausted",1214,"",,FALSE,"",2.00092960415332,2.00092960415332,"default:ok;default_port:ok;layered_lbfgs:fail;layered_port:fail;witness:fail"
"layered_port","default","ml-gls","wolf","test","wolf_3f6i_l50","cfa",28,3,"mixed","GLS",774293327,1.85453339479616,"ill_conditioned","budget_exhausted",1126,"",,FALSE,"",1.81514956246169,1.81514954520612,"default:ok;default_port:ok;layered_lbfgs:fail;layered_port:fail;witness:fail"
"layered_port","default","ml-gls","wolf","test","wolf_3f6i_l50","cfa",28,3,"x100","GLS",774293327,1.85453328732207,"ill_conditioned","budget_exhausted",1166,"",,FALSE,"",1.81514954519861,1.81514954519861,"default:ok;default_port:ok;layered_lbfgs:fail;layered_port:fail;witness:fail"
"layered_port","default","ml-gls","wolf","test","wolf_3f6i_l50","cfa",28,31,"mixed","GLS",500695323,1.79910696067135,"nonpositive_curvature","budget_exhausted",1175,"",,FALSE,"",1.78815110890076,1.78815110890076,"default:ok;default_port:fail;layered_lbfgs:fail;layered_port:fail;witness:ok"
"layered_port","default","ml-gls","wolf","test","wolf_3f6i_l50","cfa",28,31,"native","GLS",500695323,1.7990911525779,"available","budget_exhausted",1190,"",,FALSE,"",1.89660887265733,1.82422464385496,"default:ok;default_port:fail;layered_lbfgs:fail;layered_port:fail;witness:ok"
"layered_port","default","ml-gls","wolf","test","wolf_3f6i_l50","cfa",28,32,"mixed","GLS",500695324,1.85232189393838,"nonpositive_curvature","budget_exhausted",1227,"",,FALSE,"",1.84826963342873,1.84826963342873,"default:ok;default_port:ok;layered_lbfgs:fail;layered_port:fail;witness:fail"
"layered_port","default","ml-gls","wolf","test","wolf_3f6i_l50","cfa",28,32,"mixed","ML",500695324,3.26766466301485,"available","budget_exhausted",1191,"layered",,FALSE,"",3.38749209788521,3.38749209788521,"default:ok;default_port:ok;layered_lbfgs:fail;layered_port:fail;witness:ok"
"layered_port","default","ml-gls","wolf","test","wolf_3f6i_l50","cfa",28,32,"native","GLS",500695324,1.85244762944529,"nonpositive_curvature","budget_exhausted",1202,"",,FALSE,"",1.8482696334291,1.8482696334291,"default:ok;default_port:fail;layered_lbfgs:fail;layered_port:fail;witness:fail"
"layered_port","default","ml-gls","wolf","test","wolf_3f6i_l50","cfa",28,32,"native","ML",500695324,3.26746277767427,"available","budget_exhausted",1212,"layered",,FALSE,"",3.38749209788456,3.38749209788456,"default:ok;default_port:ok;layered_lbfgs:fail;layered_port:fail;witness:ok"
"layered_port","default","ml-gls","wolf","test","wolf_3f6i_l50","cfa",28,32,"x0.01","ML",500695324,3.26759502295,"nonpositive_curvature","budget_exhausted",1179,"layered",,FALSE,"",3.38749209788453,3.38749209788453,"default:ok;default_port:ok;layered_lbfgs:fail;layered_port:fail;witness:ok"
"layered_port","default","ml-gls","wolf","test","wolf_3f6i_l50","cfa",28,32,"x100","GLS",500695324,1.85241369227315,"nonpositive_curvature","budget_exhausted",1214,"",,FALSE,"",1.84826963342846,1.84826963342846,"default:ok;default_port:ok;layered_lbfgs:fail;layered_port:fail;witness:fail"
"layered_port","default","ml-gls","wolf","test","wolf_3f6i_l50","cfa",28,32,"x100","ML",500695324,3.26747073725087,"available","budget_exhausted",1190,"layered",,FALSE,"",3.38749209806939,3.38749209792549,"default:ok;default_port:ok;layered_lbfgs:fail;layered_port:fail;witness:ok"
"layered_port","default","ml-gls","wolf","test","wolf_3f6i_l50","cfa",28,34,"mixed","GLS",500695326,2.1351011181996,"available","noisy_objective",1017,"",,FALSE,"",2.05431018778972,2.05431018778972,"default:ok;default_port:fail;layered_lbfgs:fail;layered_port:fail;witness:fail"
"layered_port","default","ml-gls","wolf","test","wolf_3f6i_l50","cfa",28,34,"x100","GLS",500695326,2.13511884366005,"available","noisy_objective",977,"",,FALSE,"",2.05431332458542,2.05431332458542,"default:ok;default_port:fail;layered_lbfgs:fail;layered_port:fail;witness:fail"
"layered_port","default","ml-gls","wolf","test","wolf_3f6i_l50","cfa",28,37,"mixed","GLS",500695329,1.77382109870651,"available","budget_exhausted",1261,"",,FALSE,"",1.77607757593676,1.77607757580078,"default:ok;default_port:ok;layered_lbfgs:ok;layered_port:fail;witness:fail"
"layered_port","default","ml-gls","wolf","test","wolf_3f6i_l50","cfa",28,37,"native","GLS",500695329,1.77383305749285,"available","budget_exhausted",1247,"",,FALSE,"",1.76967075063623,1.76967075063623,"default:ok;default_port:ok;layered_lbfgs:ok;layered_port:fail;witness:fail"
"layered_port","default","ml-gls","wolf","test","wolf_3f6i_l50","cfa",28,37,"x100","GLS",500695329,1.77382675607502,"available","budget_exhausted",1260,"",,FALSE,"",1.77607757593676,1.77607757580078,"default:ok;default_port:ok;layered_lbfgs:ok;layered_port:fail;witness:fail"
"layered_port","default","ml-gls","wolf","test","wolf_3f6i_l50","cfa",28,38,"native","GLS",500695330,1.97320547744519,"nonpositive_curvature","budget_exhausted",1179,"",,FALSE,"",1.89379124302046,1.89379124302046,"default:ok;default_port:fail;layered_lbfgs:fail;layered_port:fail;witness:fail"
"layered_port","default","ml-gls","wolf","test","wolf_3f6i_l50","cfa",28,39,"native","GLS",500695331,1.69029303178493,"nonpositive_curvature","budget_exhausted",1182,"",,FALSE,"",1.68826381598691,1.68826371921898,"default:ok;default_port:ok;layered_lbfgs:fail;layered_port:fail;witness:fail"
"layered_port","default","ml-gls","wolf","test","wolf_3f6i_l50","cfa",28,40,"mixed","ML",500695453,3.72293258887947,"nonpositive_curvature","budget_exhausted",1237,"layered",,FALSE,"",3.67630056230196,3.67630056230196,"default:ok;default_port:ok;layered_lbfgs:fail;layered_port:fail;witness:fail"
"layered_port","default","ml-gls","wolf","test","wolf_3f6i_l50","cfa",28,40,"native","ML",500695453,3.72291622770258,"nonpositive_curvature","budget_exhausted",1262,"layered",,FALSE,"",3.67630056230206,3.67630056230206,"default:ok;default_port:ok;layered_lbfgs:fail;layered_port:fail;witness:fail"
"layered_port","default","ml-gls","wolf","test","wolf_3f6i_l50","cfa",28,40,"x0.01","ML",500695453,3.72293538984761,"nonpositive_curvature","budget_exhausted",1267,"layered",,FALSE,"",3.67630056230206,3.67630056230206,"default:ok;default_port:ok;layered_lbfgs:fail;layered_port:fail;witness:fail"
"layered_port","default","ml-gls","wolf","test","wolf_3f6i_l50","cfa",28,40,"x100","ML",500695453,3.72291611802584,"nonpositive_curvature","budget_exhausted",1247,"layered",,FALSE,"",3.67630056230207,3.67630056230207,"default:ok;default_port:ok;layered_lbfgs:fail;layered_port:fail;witness:fail"
"layered_port","default","ml-gls","wolf","test","wolf_3f6i_l50","cfa",28,41,"mixed","GLS",500695454,1.79049209256735,"nonpositive_curvature","budget_exhausted",1190,"",,FALSE,"",1.79409089711828,1.79409089711099,"default:ok;default_port:ok;layered_lbfgs:ok;layered_port:fail;witness:fail"
"layered_port","default","ml-gls","wolf","test","wolf_3f6i_l50","cfa",28,41,"x100","GLS",500695454,1.79046066455821,"nonpositive_curvature","budget_exhausted",1223,"",,FALSE,"",1.79409089711828,1.794090897111,"default:ok;default_port:ok;layered_lbfgs:ok;layered_port:fail;witness:fail"
"layered_port","default","ml-gls","wolf","test","wolf_3f6i_l50","cfa",28,51,"mixed","GLS",500695585,1.74943435588188,"nonpositive_curvature","converged",430,"",,FALSE,"",1.77590891866126,1.74846369624873,"default:ok;default_port:ok;layered_lbfgs:fail;layered_port:fail;witness:ok"
"layered_port","default","ml-gls","wolf","test","wolf_3f6i_l50","cfa",28,51,"native","GLS",500695585,1.74943542737838,"nonpositive_curvature","converged",438,"",,FALSE,"",1.7544496617554,1.74846181377384,"default:ok;default_port:ok;layered_lbfgs:fail;layered_port:fail;witness:ok"
"layered_port","default","ml-gls","wolf","test","wolf_3f6i_l50","cfa",28,51,"x100","GLS",500695585,1.74943468164002,"nonpositive_curvature","converged",432,"",,FALSE,"",1.77590891866128,1.74846181376145,"default:ok;default_port:ok;layered_lbfgs:fail;layered_port:fail;witness:ok"
"layered_port","default","ml-gls","wolf","test","wolf_3f6i_l50","cfa",28,53,"native","GLS",500695587,1.85134036217911,"nonpositive_curvature","budget_exhausted",1203,"",,FALSE,"",1.95972938260027,1.79313818240539,"default:ok;default_port:fail;layered_lbfgs:fail;layered_port:fail;witness:ok"
"layered_port","default","ml-gls","wolf","test","wolf_3f6i_l50","cfa",28,59,"mixed","GLS",500695593,2.0234461092116,"ill_conditioned","budget_exhausted",1146,"",,FALSE,"",1.96580562480669,1.96580562480669,"default:ok;default_port:fail;layered_lbfgs:fail;layered_port:fail;witness:fail"
"layered_port","default","ml-gls","wolf","test","wolf_3f6i_l50","cfa",28,59,"x100","GLS",500695593,2.02355287657203,"nonpositive_curvature","converged",925,"",,FALSE,"",1.96580513551097,1.96580513551097,"default:ok;default_port:fail;layered_lbfgs:fail;layered_port:fail;witness:fail"
"layered_port","default","ml-gls","wolf","test","wolf_3f6i_l50","cfa",28,60,"mixed","GLS",500695715,1.87504587902674,"available","noisy_objective",972,"",,FALSE,"",1.87988236558015,1.87988200804831,"default:ok;default_port:ok;layered_lbfgs:fail;layered_port:fail;witness:fail"
"layered_port","default","ml-gls","wolf","test","wolf_3f6i_l50","cfa",28,60,"x100","GLS",500695715,1.87504785594786,"available","budget_exhausted",1177,"",,FALSE,"",1.87988202402542,1.87988200805731,"default:ok;default_port:ok;layered_lbfgs:fail;layered_port:fail;witness:fail"
"layered_port","default","ml-gls","wolf","test","wolf_3f6i_l50","cfa",28,70,"native","GLS",500695846,1.78510406433926,"ill_conditioned","singular_convergence",1069,"",,FALSE,"",1.74554874028358,1.74554874028358,"default:ok;default_port:fail;layered_lbfgs:fail;layered_port:fail;witness:fail"
"layered_port","default","ml-gls","wolf","test","wolf_3f6i_l50","cfa",28,74,"mixed","GLS",500695850,1.82524408414621,"ill_conditioned","noisy_objective",683,"",,FALSE,"",1.85292178694743,1.78439212742534,"default:ok;default_port:ok;layered_lbfgs:fail;layered_port:fail;witness:fail"
"layered_port","default","ml-gls","wolf","test","wolf_3f6i_l50","cfa",28,74,"x100","GLS",500695850,1.82512173686354,"nonpositive_curvature","singular_convergence",1165,"",,FALSE,"",1.85292178694744,1.784392127423,"default:ok;default_port:ok;layered_lbfgs:fail;layered_port:fail;witness:fail"
"layered_port","default","ml-gls","wolf","test","wolf_3f6i_l50","cfa",28,83,"mixed","GLS",500695980,1.85368666628749,"nonpositive_curvature","converged",613,"",,FALSE,"",1.91190059807616,1.91190059807616,"default:ok;default_port:ok;layered_lbfgs:fail;layered_port:fail;witness:fail"
"layered_port","default","ml-gls","wolf","test","wolf_3f6i_l50","cfa",28,83,"native","GLS",500695980,1.85367987673567,"nonpositive_curvature","singular_convergence",1056,"",,FALSE,"",1.91190059807652,1.91190059807652,"default:ok;default_port:fail;layered_lbfgs:fail;layered_port:fail;witness:fail"
"layered_port","default","ml-gls","wolf","test","wolf_3f6i_l50","cfa",28,83,"x100","GLS",500695980,1.85368289480812,"nonpositive_curvature","converged",717,"",,FALSE,"",1.91190060186493,1.91190059807904,"default:ok;default_port:ok;layered_lbfgs:fail;layered_port:fail;witness:fail"
"layered_port","default","ml-gls","wolf","test","wolf_3f6i_l50","cfa",28,88,"mixed","GLS",500695985,1.96857215071922,"nonpositive_curvature","budget_exhausted",1205,"",,FALSE,"",1.93577154260986,1.9357654323973,"default:ok;default_port:ok;layered_lbfgs:ok;layered_port:fail;witness:ok"
"layered_port","default","ml-gls","wolf","test","wolf_3f6i_l50","cfa",28,88,"x100","GLS",500695985,1.96807638612512,"nonpositive_curvature","budget_exhausted",1195,"",,FALSE,"",1.93576543238452,1.93576543238452,"default:ok;default_port:ok;layered_lbfgs:ok;layered_port:fail;witness:ok"
"layered_port","default","ml-gls","wolf","test","wolf_3f6i_l50","cfa",28,94,"mixed","GLS",500696112,1.86857816602616,"nonpositive_curvature","singular_convergence",952,"",,FALSE,"",1.90358481850229,1.90358481850229,"default:ok;default_port:fail;layered_lbfgs:fail;layered_port:fail;witness:fail"
"layered_port","default","ml-gls","wolf","test","wolf_3f6i_l50","cfa",28,94,"x100","GLS",500696112,1.8686007758249,"nonpositive_curvature","singular_convergence",1079,"",,FALSE,"",1.90358481876467,1.90358481876467,"default:ok;default_port:fail;layered_lbfgs:fail;layered_port:fail;witness:fail"
"layered_port","default","ml-gls","wolf","test","wolf_3f6i_l80","cfa",28,23,"mixed","GLS",85288188,1.91340808199495,"nonpositive_curvature","singular_convergence",912,"",,TRUE,"",1.87498816016105,1.87498816016105,"default:ok;default_port:fail;layered_lbfgs:fail;layered_port:fail;witness:fail"
"layered_port","default","ml-gls","wolf","test","wolf_3f6i_l80","cfa",28,23,"x100","GLS",85288188,1.91336709874867,"nonpositive_curvature","noisy_objective",704,"",,TRUE,"",1.8749881599026,1.8749881599026,"default:ok;default_port:fail;layered_lbfgs:fail;layered_port:fail;witness:fail"
"layered_port","default","ml-gls","wolf","test","wolf_3f6i_l80","cfa",28,29,"mixed","GLS",85288194,1.74177728814188,"nonpositive_curvature","budget_exhausted",1271,"",,FALSE,"",1.84936189186419,1.69600867271277,"default:ok;default_port:ok;layered_lbfgs:fail;layered_port:fail;witness:fail"
"layered_port","default","ml-gls","wolf","test","wolf_3f6i_l80","cfa",28,29,"x100","GLS",85288194,1.74177320166179,"nonpositive_curvature","budget_exhausted",1219,"",,FALSE,"",1.84936189186419,1.69600867271277,"default:ok;default_port:ok;layered_lbfgs:fail;layered_port:fail;witness:fail"
"layered_port","default","ml-gls","wolf","test","wolf_3f6i_l80","cfa",28,35,"mixed","GLS",85288321,1.72100254570472,"available","budget_exhausted",1221,"",,FALSE,"",1.88927483112349,1.88927483112349,"default:ok;default_port:fail;layered_lbfgs:fail;layered_port:fail;witness:fail"
"layered_port","default","ml-gls","wolf","test","wolf_3f6i_l80","cfa",28,35,"native","GLS",85288321,1.72103472074806,"available","budget_exhausted",1214,"",,FALSE,"",1.88927483111867,1.88927483111867,"default:ok;default_port:fail;layered_lbfgs:fail;layered_port:fail;witness:fail"
"layered_port","default","ml-gls","wolf","test","wolf_3f6i_l80","cfa",28,35,"x100","GLS",85288321,1.72102813884864,"nonpositive_curvature","budget_exhausted",1243,"",,FALSE,"",1.88927483112349,1.88927483112349,"default:ok;default_port:fail;layered_lbfgs:fail;layered_port:fail;witness:fail"
"layered_port","default","ml-gls","wolf","test","wolf_3f6i_l80","cfa",28,4,"native","GLS",1279305431,1.68795596967541,"available","converged",1010,"",,FALSE,"",1.63615384515999,1.63615384515999,"default:ok;default_port:fail;layered_lbfgs:fail;layered_port:fail;witness:fail"
"layered_port","default","ml-gls","wolf","test","wolf_3f6i_l80","cfa",28,43,"native","GLS",85288450,2.08024427036927,"nonpositive_curvature","budget_exhausted",1158,"",,FALSE,"",1.96616663200305,1.96616663200305,"default:ok;default_port:ok;layered_lbfgs:fail;layered_port:fail;witness:fail"
"layered_port","default","ml-gls","wolf","test","wolf_3f6i_l80","cfa",28,5,"mixed","GLS",1279305432,1.96001968673246,"nonpositive_curvature","budget_exhausted",1245,"",,FALSE,"",1.93539146466437,1.93539146466437,"default:ok;default_port:ok;layered_lbfgs:fail;layered_port:fail;witness:fail"
"layered_port","default","ml-gls","wolf","test","wolf_3f6i_l80","cfa",28,5,"x100","GLS",1279305432,1.96000811016683,"nonpositive_curvature","budget_exhausted",1185,"",,FALSE,"",1.93539146466414,1.93539146466414,"default:ok;default_port:ok;layered_lbfgs:fail;layered_port:fail;witness:fail"
"layered_port","default","ml-gls","wolf","test","wolf_3f6i_l80","cfa",28,59,"mixed","GLS",85288587,2.000339526963,"nonpositive_curvature","budget_exhausted",1226,"",,FALSE,"",1.90792352392957,1.90792352392957,"default:ok;default_port:fail;layered_lbfgs:fail;layered_port:fail;witness:fail"
"layered_port","default","ml-gls","wolf","test","wolf_3f6i_l80","cfa",28,59,"x100","GLS",85288587,2.00050134531916,"available","budget_exhausted",1206,"",,FALSE,"",1.90792352393134,1.90792352393134,"default:ok;default_port:fail;layered_lbfgs:fail;layered_port:fail;witness:fail"
"layered_port","default","ml-gls","wolf","test","wolf_3f6i_l80","cfa",28,63,"mixed","GLS",85288712,1.71720397189188,"available","budget_exhausted",1214,"",,FALSE,"",1.81641530947621,1.81641530947621,"default:ok;default_port:ok;layered_lbfgs:fail;layered_port:fail;witness:fail"
"layered_port","default","ml-gls","wolf","test","wolf_3f6i_l80","cfa",28,63,"x100","GLS",85288712,1.71721769882596,"available","budget_exhausted",1209,"",,FALSE,"",1.81641530947529,1.81641530947529,"default:ok;default_port:ok;layered_lbfgs:fail;layered_port:fail;witness:fail"
"layered_port","default","ml-gls","wolf","test","wolf_3f6i_l80","cfa",28,68,"mixed","GLS",85288717,1.91171733257796,"available","converged",927,"",,FALSE,"",1.84497029337132,1.84497029337132,"default:ok;default_port:fail;layered_lbfgs:fail;layered_port:fail;witness:fail"
"layered_port","default","ml-gls","wolf","test","wolf_3f6i_l80","cfa",28,68,"native","GLS",85288717,1.91170367048402,"available","converged",945,"",,FALSE,"",1.88170070317088,1.88170070317088,"default:ok;default_port:fail;layered_lbfgs:fail;layered_port:fail;witness:fail"
"layered_port","default","ml-gls","wolf","test","wolf_3f6i_l80","cfa",28,68,"x100","GLS",85288717,1.91170950753457,"available","converged",936,"",,FALSE,"",1.84497029337473,1.84497029337473,"default:ok;default_port:fail;layered_lbfgs:fail;layered_port:fail;witness:fail"
"layered_port","default","ml-gls","wolf","test","wolf_3f6i_l80","cfa",28,90,"mixed","GLS",85289102,1.67580725335038,"nonpositive_curvature","budget_exhausted",1195,"",,FALSE,"",1.74072132540224,1.6901831116449,"default:ok;default_port:ok;layered_lbfgs:fail;layered_port:fail;witness:fail"
"layered_port","default","ml-gls","wolf","test","wolf_3f6i_l80","cfa",28,90,"native","GLS",85289102,1.67581033016506,"nonpositive_curvature","budget_exhausted",1212,"",,FALSE,"",1.71819812860456,1.71819812860456,"default:ok;default_port:ok;layered_lbfgs:fail;layered_port:fail;witness:fail"
"layered_port","default","ml-gls","wolf","test","wolf_3f6i_l80","cfa",28,90,"x100","GLS",85289102,1.67580740253023,"available","budget_exhausted",1188,"",,FALSE,"",1.74072132545809,1.69018311164754,"default:ok;default_port:ok;layered_lbfgs:fail;layered_port:fail;witness:fail"
"layered_port","default","ml-gls","wolf","test","wolf_3f6i_l80","cfa",28,92,"mixed","GLS",85289104,1.63857960208782,"available","singular_convergence",902,"",,TRUE,"",1.62742998986601,1.62742998986601,"default:ok;default_port:ok;layered_lbfgs:fail;layered_port:fail;witness:fail"
"layered_port","default","ml-gls","wolf","test","wolf_3f6i_l80","cfa",28,92,"x100","GLS",85289104,1.6385753125637,"available","singular_convergence",1029,"",,FALSE,"",1.62742998987073,1.62742998987073,"default:ok;default_port:ok;layered_lbfgs:fail;layered_port:fail;witness:fail"
"layered_port","default","ml-gls","wolf","test","wolf_3f6i_l80","cfa",28,95,"native","GLS",85289107,1.99279320926962,"nonpositive_curvature","budget_exhausted",1184,"",,FALSE,"",1.89893320030385,1.89893320030385,"default:ok;default_port:ok;layered_lbfgs:fail;layered_port:fail;witness:fail"
"layered_port","default","ml-gls","wolf","test","wolf_3f8i_l50","cfa",34,13,"native","GLS",375183210,2.99211448357746,"ill_conditioned","budget_exhausted",1108,"",,FALSE,"",2.86152915199431,2.86152915199431,"default:ok;default_port:fail;layered_lbfgs:fail;layered_port:fail;witness:fail"
"layered_port","default","ml-gls","wolf","test","wolf_3f8i_l50","cfa",34,16,"mixed","GLS",375183213,2.58619867839422,"available","budget_exhausted",1171,"",,FALSE,"",2.57393692957738,2.57393692957738,"default:ok;default_port:ok;layered_lbfgs:fail;layered_port:fail;witness:fail"
"layered_port","default","ml-gls","wolf","test","wolf_3f8i_l50","cfa",34,16,"x100","GLS",375183213,2.58619707111725,"nonpositive_curvature","budget_exhausted",1133,"",,FALSE,"",2.57393692957763,2.57393692957763,"default:ok;default_port:ok;layered_lbfgs:fail;layered_port:fail;witness:fail"
"layered_port","default","ml-gls","wolf","test","wolf_3f8i_l50","cfa",34,17,"mixed","GLS",375183214,2.76585176845465,"available","budget_exhausted",1183,"",,FALSE,"",2.66949911623654,2.66949911623654,"default:ok;default_port:fail;layered_lbfgs:fail;layered_port:fail;witness:fail"
"layered_port","default","ml-gls","wolf","test","wolf_3f8i_l50","cfa",34,17,"native","GLS",375183214,2.76583421717006,"nonpositive_curvature","budget_exhausted",1191,"",,FALSE,"",2.66949911623518,2.66949911623518,"default:ok;default_port:ok;layered_lbfgs:fail;layered_port:fail;witness:fail"
"layered_port","default","ml-gls","wolf","test","wolf_3f8i_l50","cfa",34,17,"x100","GLS",375183214,2.76586605331893,"available","budget_exhausted",1205,"",,FALSE,"",2.66949911623641,2.66949911623641,"default:ok;default_port:fail;layered_lbfgs:fail;layered_port:fail;witness:fail"
"layered_port","default","ml-gls","wolf","test","wolf_3f8i_l50","cfa",34,2,"mixed","GLS",215973057,3.20393654960232,"nonpositive_curvature","budget_exhausted",1177,"",,FALSE,"",3.12477116257305,3.12477116257305,"default:ok;default_port:ok;layered_lbfgs:fail;layered_port:fail;witness:fail"
"layered_port","default","ml-gls","wolf","test","wolf_3f8i_l50","cfa",34,2,"native","GLS",215973057,3.20468453089966,"available","budget_exhausted",1144,"",,FALSE,"",3.18550936360358,3.18550936360358,"default:ok;default_port:fail;layered_lbfgs:fail;layered_port:fail;witness:fail"
"layered_port","default","ml-gls","wolf","test","wolf_3f8i_l50","cfa",34,2,"x100","GLS",215973057,3.20459768647246,"nonpositive_curvature","budget_exhausted",1166,"",,FALSE,"",3.18550908118395,3.18550907930657,"default:ok;default_port:ok;layered_lbfgs:fail;layered_port:fail;witness:fail"
"layered_port","default","ml-gls","wolf","test","wolf_3f8i_l50","cfa",34,23,"mixed","GLS",375183341,2.9211049800947,"nonpositive_curvature","budget_exhausted",1201,"",,FALSE,"",2.7533312538402,2.7533312538402,"default:ok;default_port:fail;layered_lbfgs:fail;layered_port:fail;witness:fail"
"layered_port","default","ml-gls","wolf","test","wolf_3f8i_l50","cfa",34,23,"native","GLS",375183341,2.92106192533943,"nonpositive_curvature","budget_exhausted",1247,"",,FALSE,"",2.75333125425832,2.75333125425832,"default:ok;default_port:fail;layered_lbfgs:fail;layered_port:fail;witness:fail"
"layered_port","default","ml-gls","wolf","test","wolf_3f8i_l50","cfa",34,23,"x100","GLS",375183341,2.92103983364408,"nonpositive_curvature","budget_exhausted",1211,"",,FALSE,"",2.75333125396931,2.75333125396931,"default:ok;default_port:fail;layered_lbfgs:fail;layered_port:fail;witness:fail"
"layered_port","default","ml-gls","wolf","test","wolf_3f8i_l50","cfa",34,3,"mixed","GLS",215973058,2.78060926033866,"nonpositive_curvature","converged",274,"",,FALSE,"",2.69443196516527,2.69443196516527,"default:ok;default_port:ok;layered_lbfgs:fail;layered_port:fail;witness:fail"
"layered_port","default","ml-gls","wolf","test","wolf_3f8i_l50","cfa",34,3,"x100","GLS",215973058,2.78060926134474,"nonpositive_curvature","converged",273,"",,FALSE,"",2.69443196516543,2.69443196516543,"default:ok;default_port:ok;layered_lbfgs:fail;layered_port:fail;witness:fail"
"layered_port","default","ml-gls","wolf","test","wolf_3f8i_l50","cfa",34,43,"mixed","GLS",375183603,2.76831391404363,"available","budget_exhausted",1189,"",,FALSE,"",2.77544962994404,2.77544962994141,"default:ok;default_port:ok;layered_lbfgs:fail;layered_port:fail;witness:fail"
"layered_port","default","ml-gls","wolf","test","wolf_3f8i_l50","cfa",34,43,"x100","GLS",375183603,2.76830449073479,"available","budget_exhausted",1200,"",,FALSE,"",2.77544962993883,2.77544962993883,"default:ok;default_port:ok;layered_lbfgs:fail;layered_port:fail;witness:fail"
"layered_port","default","ml-gls","wolf","test","wolf_3f8i_l50","cfa",34,46,"mixed","GLS",375183606,3.08079097463957,"available","converged",798,"",,FALSE,"",3.12642334568232,3.12642334568232,"default:ok;default_port:fail;layered_lbfgs:fail;layered_port:fail;witness:fail"
"layered_port","default","ml-gls","wolf","test","wolf_3f8i_l50","cfa",34,46,"native","GLS",375183606,3.08069826979109,"available","converged",859,"",,FALSE,"",3.09441951904043,3.09441951904043,"default:ok;default_port:fail;layered_lbfgs:fail;layered_port:fail;witness:fail"
"layered_port","default","ml-gls","wolf","test","wolf_3f8i_l50","cfa",34,46,"x100","GLS",375183606,3.08076046619729,"available","converged",788,"",,FALSE,"",3.12642334568409,3.12642334568409,"default:ok;default_port:fail;layered_lbfgs:fail;layered_port:fail;witness:fail"
"layered_port","default","ml-gls","wolf","test","wolf_3f8i_l50","cfa",34,51,"mixed","GLS",375183732,2.85643335796266,"nonpositive_curvature","budget_exhausted",1166,"",,FALSE,"",2.81166188224126,2.81166188224126,"default:ok;default_port:fail;layered_lbfgs:fail;layered_port:fail;witness:fail"
"layered_port","default","ml-gls","wolf","test","wolf_3f8i_l50","cfa",34,51,"x100","GLS",375183732,2.85645068769438,"nonpositive_curvature","budget_exhausted",1155,"",,FALSE,"",2.81166188224457,2.81166188224457,"default:ok;default_port:fail;layered_lbfgs:fail;layered_port:fail;witness:fail"
"layered_port","default","ml-gls","wolf","test","wolf_3f8i_l50","cfa",34,53,"mixed","GLS",375183734,2.85215860182511,"nonpositive_curvature","budget_exhausted",1154,"",,FALSE,"",2.94460684908434,2.94460684908434,"default:ok;default_port:fail;layered_lbfgs:fail;layered_port:fail;witness:fail"
"layered_port","default","ml-gls","wolf","test","wolf_3f8i_l50","cfa",34,53,"native","GLS",375183734,2.85172070906203,"nonpositive_curvature","budget_exhausted",1125,"",,FALSE,"",2.91617322299178,2.91617322299178,"default:ok;default_port:fail;layered_lbfgs:fail;layered_port:fail;witness:fail"
"layered_port","default","ml-gls","wolf","test","wolf_3f8i_l50","cfa",34,53,"x100","GLS",375183734,2.8559974710456,"nonpositive_curvature","budget_exhausted",1136,"",,FALSE,"",2.944606849101,2.944606849101,"default:ok;default_port:fail;layered_lbfgs:fail;layered_port:fail;witness:fail"
"layered_port","default","ml-gls","wolf","test","wolf_3f8i_l50","cfa",34,57,"mixed","ML",375183738,5.66651345152113,"available","converged",488,"layered",,FALSE,"",5.71146072155323,5.71146072155323,"default:ok;default_port:ok;layered_lbfgs:fail;layered_port:fail;witness:ok"
"layered_port","default","ml-gls","wolf","test","wolf_3f8i_l50","cfa",34,58,"mixed","GLS",375183739,2.74161179180509,"nonpositive_curvature","budget_exhausted",1143,"",,FALSE,"",2.69808528115844,2.69808528095118,"default:ok;default_port:ok;layered_lbfgs:fail;layered_port:fail;witness:fail"
"layered_port","default","ml-gls","wolf","test","wolf_3f8i_l50","cfa",34,58,"native","GLS",375183739,2.73605717169635,"nonpositive_curvature","budget_exhausted",1158,"",,FALSE,"",2.6980852846234,2.6980852846234,"default:ok;default_port:fail;layered_lbfgs:fail;layered_port:fail;witness:fail"
"layered_port","default","ml-gls","wolf","test","wolf_3f8i_l50","cfa",34,58,"x100","GLS",375183739,2.69376931167584,"nonpositive_curvature","budget_exhausted",1121,"",,FALSE,"",2.69808528131742,2.69808528095118,"default:ok;default_port:ok;layered_lbfgs:fail;layered_port:fail;witness:fail"
"layered_port","default","ml-gls","wolf","test","wolf_3f8i_l50","cfa",34,6,"native","GLS",215973061,2.76019526516485,"nonpositive_curvature","budget_exhausted",1133,"",,FALSE,"",2.70503444123654,2.70503444123654,"default:ok;default_port:fail;layered_lbfgs:ok;layered_port:fail;witness:fail"
"layered_port","default","ml-gls","wolf","test","wolf_3f8i_l50","cfa",34,60,"mixed","GLS",375183862,2.86288022877824,"nonpositive_curvature","budget_exhausted",1142,"",,FALSE,"",2.82844694975257,2.82844694975257,"default:ok;default_port:ok;layered_lbfgs:fail;layered_port:fail;witness:fail"
"layered_port","default","ml-gls","wolf","test","wolf_3f8i_l50","cfa",34,62,"mixed","GLS",375183864,2.84255032851871,"available","converged",314,"",,FALSE,"",2.72604171220189,2.72604171220189,"default:ok;default_port:ok;layered_lbfgs:fail;layered_port:fail;witness:fail"
"layered_port","default","ml-gls","wolf","test","wolf_3f8i_l50","cfa",34,62,"x100","GLS",375183864,2.8425502716147,"available","converged",319,"",,FALSE,"",2.72604171236114,2.72604171236114,"default:ok;default_port:ok;layered_lbfgs:fail;layered_port:fail;witness:fail"
"layered_port","default","ml-gls","wolf","test","wolf_3f8i_l50","cfa",34,67,"mixed","GLS",375183869,2.63022464095085,"nonpositive_curvature","budget_exhausted",1209,"",,FALSE,"",2.60582879251511,2.60582879251511,"default:ok;default_port:ok;layered_lbfgs:fail;layered_port:fail;witness:fail"
"layered_port","default","ml-gls","wolf","test","wolf_3f8i_l50","cfa",34,67,"x100","GLS",375183869,2.63022093990369,"available","budget_exhausted",1201,"",,FALSE,"",2.60582875186673,2.60582875186673,"default:ok;default_port:ok;layered_lbfgs:fail;layered_port:fail;witness:fail"
"layered_port","default","ml-gls","wolf","test","wolf_3f8i_l50","cfa",34,74,"native","GLS",375183997,2.90365665125622,"nonpositive_curvature","budget_exhausted",1183,"",,FALSE,"",2.80406508591038,2.80406508591038,"default:ok;default_port:fail;layered_lbfgs:fail;layered_port:fail;witness:fail"
"layered_port","default","ml-gls","wolf","test","wolf_3f8i_l50","cfa",34,76,"native","ML",375183999,5.80843277979755,"ill_conditioned","singular_convergence",1009,"layered",,FALSE,"",5.81880341164167,5.81880341164167,"default:ok;default_port:ok;layered_lbfgs:fail;layered_port:fail;witness:ok"
"layered_port","default","ml-gls","wolf","test","wolf_3f8i_l50","cfa",34,82,"mixed","GLS",375184126,2.74272136218898,"available","budget_exhausted",1108,"",,FALSE,"",2.65534012849248,2.65534012849248,"default:ok;default_port:ok;layered_lbfgs:fail;layered_port:fail;witness:fail"
"layered_port","default","ml-gls","wolf","test","wolf_3f8i_l50","cfa",34,82,"native","GLS",375184126,2.7427166384846,"available","budget_exhausted",1136,"",,FALSE,"",2.65534012849285,2.65534012849285,"default:ok;default_port:ok;layered_lbfgs:fail;layered_port:fail;witness:fail"
"layered_port","default","ml-gls","wolf","test","wolf_3f8i_l50","cfa",34,82,"x100","GLS",375184126,2.74272041231341,"available","budget_exhausted",1112,"",,FALSE,"",2.65534012849253,2.65534012849253,"default:ok;default_port:ok;layered_lbfgs:fail;layered_port:fail;witness:fail"
"layered_port","default","ml-gls","wolf","test","wolf_3f8i_l50","cfa",34,83,"mixed","GLS",375184127,2.8376466248615,"nonpositive_curvature","budget_exhausted",1128,"",,FALSE,"",2.73381497436137,2.73381497278733,"default:ok;default_port:ok;layered_lbfgs:fail;layered_port:fail;witness:fail"
"layered_port","default","ml-gls","wolf","test","wolf_3f8i_l50","cfa",34,83,"x100","GLS",375184127,2.83730343729839,"nonpositive_curvature","budget_exhausted",1140,"",,FALSE,"",2.73381497436136,2.73381497278733,"default:ok;default_port:ok;layered_lbfgs:fail;layered_port:fail;witness:fail"
"layered_port","default","ml-gls","wolf","test","wolf_3f8i_l50","cfa",34,86,"mixed","GLS",375184130,2.59309209378948,"nonpositive_curvature","budget_exhausted",1166,"",,FALSE,"",2.61014885439894,2.61014874542898,"default:ok;default_port:ok;layered_lbfgs:fail;layered_port:fail;witness:fail"
"layered_port","default","ml-gls","wolf","test","wolf_3f8i_l80","cfa",34,19,"native","GLS",2107259839,2.57993795395721,"available","converged",1011,"",,FALSE,"",2.53071982105659,2.53071982105659,"default:ok;default_port:ok;layered_lbfgs:fail;layered_port:fail;witness:fail"
"layered_port","default","ml-gls","wolf","test","wolf_3f8i_l80","cfa",34,26,"mixed","GLS",2107259967,2.79478212584168,"nonpositive_curvature","budget_exhausted",1221,"",,FALSE,"",2.71811761122743,2.71811761122743,"default:ok;default_port:ok;layered_lbfgs:fail;layered_port:fail;witness:fail"
"layered_port","default","ml-gls","wolf","test","wolf_3f8i_l80","cfa",34,26,"native","GLS",2107259967,2.79476746186853,"nonpositive_curvature","budget_exhausted",1246,"",,FALSE,"",2.71811761125699,2.71811761125699,"default:ok;default_port:fail;layered_lbfgs:fail;layered_port:fail;witness:fail"
"layered_port","default","ml-gls","wolf","test","wolf_3f8i_l80","cfa",34,26,"x100","GLS",2107259967,2.79476495208999,"nonpositive_curvature","budget_exhausted",1200,"",,FALSE,"",2.71811761122751,2.71811761122751,"default:ok;default_port:ok;layered_lbfgs:fail;layered_port:fail;witness:fail"
"layered_port","default","ml-gls","wolf","test","wolf_3f8i_l80","cfa",34,27,"mixed","GLS",2107259968,3.02507030566037,"nonpositive_curvature","budget_exhausted",1161,"",,FALSE,"",3.00174157063971,3.00174157063971,"default:ok;default_port:fail;layered_lbfgs:fail;layered_port:fail;witness:fail"
"layered_port","default","ml-gls","wolf","test","wolf_3f8i_l80","cfa",34,27,"native","GLS",2107259968,3.02511934637187,"nonpositive_curvature","budget_exhausted",1153,"",,FALSE,"",3.0017437987301,3.0017437987301,"default:ok;default_port:fail;layered_lbfgs:fail;layered_port:fail;witness:fail"
"layered_port","default","ml-gls","wolf","test","wolf_3f8i_l80","cfa",34,27,"x100","GLS",2107259968,3.02505914020904,"nonpositive_curvature","budget_exhausted",1169,"",,FALSE,"",3.00174160830382,3.00174160830382,"default:ok;default_port:fail;layered_lbfgs:fail;layered_port:fail;witness:fail"
"layered_port","default","ml-gls","wolf","test","wolf_3f8i_l80","cfa",34,28,"mixed","GLS",2107259969,3.0278909580739,"available","budget_exhausted",1275,"",,FALSE,"",2.9321553990464,2.9321553990464,"default:ok;default_port:fail;layered_lbfgs:fail;layered_port:fail;witness:fail"
"layered_port","default","ml-gls","wolf","test","wolf_3f8i_l80","cfa",34,28,"x100","GLS",2107259969,3.02787461513893,"available","budget_exhausted",1194,"",,FALSE,"",2.93215539904789,2.93215539904789,"default:ok;default_port:fail;layered_lbfgs:fail;layered_port:fail;witness:fail"
"layered_port","default","ml-gls","wolf","test","wolf_3f8i_l80","cfa",34,33,"native","GLS",2107260095,3.26119993401893,"nonpositive_curvature","budget_exhausted",1171,"",,FALSE,"",3.13616360138077,3.13616360138077,"default:ok;default_port:fail;layered_lbfgs:fail;layered_port:fail;witness:fail"
"layered_port","default","ml-gls","wolf","test","wolf_3f8i_l80","cfa",34,38,"mixed","GLS",2107260100,3.02390996085205,"nonpositive_curvature","budget_exhausted",1137,"",,FALSE,"",2.99425559530803,2.99425559530803,"default:ok;default_port:fail;layered_lbfgs:fail;layered_port:fail;witness:fail"
"layered_port","default","ml-gls","wolf","test","wolf_3f8i_l80","cfa",34,38,"x100","GLS",2107260100,3.02383707866922,"nonpositive_curvature","budget_exhausted",1188,"",,FALSE,"",2.99425563687677,2.99425563687677,"default:ok;default_port:fail;layered_lbfgs:fail;layered_port:fail;witness:fail"
"layered_port","default","ml-gls","wolf","test","wolf_3f8i_l80","cfa",34,53,"native","GLS",2107260357,2.74032214479096,"available","budget_exhausted",1191,"",,FALSE,"",2.73133151279069,2.73133151279069,"default:ok;default_port:ok;layered_lbfgs:fail;layered_port:fail;witness:fail"
"layered_port","default","ml-gls","wolf","test","wolf_3f8i_l80","cfa",34,69,"mixed","GLS",2107260494,2.55870989771466,"nonpositive_curvature","budget_exhausted",1211,"",,FALSE,"",2.47496199908374,2.47496199908374,"default:ok;default_port:fail;layered_lbfgs:fail;layered_port:fail;witness:fail"
"layered_port","default","ml-gls","wolf","test","wolf_3f8i_l80","cfa",34,69,"x100","GLS",2107260494,2.558662729683,"nonpositive_curvature","budget_exhausted",1206,"",,FALSE,"",2.47496199908361,2.47496199908361,"default:ok;default_port:fail;layered_lbfgs:fail;layered_port:fail;witness:fail"
"layered_port","default","ml-gls","wolf","test","wolf_3f8i_l80","cfa",34,84,"mixed","GLS",2107260751,2.69444028512885,"available","budget_exhausted",1128,"",,FALSE,"",2.78705718531905,2.78705718440137,"default:ok;default_port:ok;layered_lbfgs:fail;layered_port:fail;witness:fail"
"layered_port","default","ml-gls","wolf","test","wolf_3f8i_l80","cfa",34,84,"native","GLS",2107260751,2.69421455060258,"available","budget_exhausted",1144,"",,FALSE,"",2.78705718437666,2.78705718437666,"default:ok;default_port:fail;layered_lbfgs:fail;layered_port:fail;witness:fail"
"layered_port","default","ml-gls","wolf","test","wolf_3f8i_l80","cfa",34,84,"x100","GLS",2107260751,2.6941430489347,"available","budget_exhausted",1117,"",,FALSE,"",2.78705718438049,2.78705718438049,"default:ok;default_port:ok;layered_lbfgs:fail;layered_port:fail;witness:fail"
