"lane","role","family","pop","model","n","estimator","arm","problems","attainable","success","best","success_unattainable","median_seconds","total_seconds","median_evals_success"
"ml-gls","control","ernst","ernst","sem",25,"GLS","default",400,341,223,217,0,0.00100000000000477,0.377999999999985,48
"ml-gls","control","ernst","ernst","sem",25,"GLS","default_port",400,341,224,220,0,0.00100000000000477,0.803999999999987,48.5
"ml-gls","control","ernst","ernst","sem",25,"GLS","layered_lbfgs",400,341,288,282,0,0.000999999999990564,0.297999999999973,33
"ml-gls","control","ernst","ernst","sem",25,"GLS","layered_port",400,341,296,290,0,0.00100000000000477,0.746000000000066,32
"ml-gls","control","ernst","ernst","sem",25,"ML","default",400,374,311,311,0,0.000999999999990564,0.741999999999904,35
"ml-gls","control","ernst","ernst","sem",25,"ML","default_port",400,374,343,328,0,0.00100000000000477,0.883999999999929,36
"ml-gls","control","ernst","ernst","sem",25,"ML","layered_lbfgs",400,374,320,320,0,0.00100000000000477,0.62200000000017,32
"ml-gls","control","ernst","ernst","sem",25,"ML","layered_port",400,374,353,343,0,0.00100000000000477,0.867999999999938,34
"ml-gls","control","ernst","ernst","sem",100,"GLS","default",400,396,353,353,0,0.000999999999990564,0.327999999999874,32
"ml-gls","control","ernst","ernst","sem",100,"GLS","default_port",400,396,300,298,0,0.00100000000000477,0.58499999999995,37
"ml-gls","control","ernst","ernst","sem",100,"GLS","layered_lbfgs",400,396,396,396,0,0.000999999999990564,0.20300000000013,23
"ml-gls","control","ernst","ernst","sem",100,"GLS","layered_port",400,396,396,396,0,0.000999999999990564,0.224999999999979,22
"ml-gls","control","ernst","ernst","sem",100,"ML","default",400,400,396,396,0,0.000999999999990564,0.224000000000031,24
"ml-gls","control","ernst","ernst","sem",100,"ML","default_port",400,400,400,400,0,0.000999999999990564,0.350999999999799,24
"ml-gls","control","ernst","ernst","sem",100,"ML","layered_lbfgs",400,400,396,396,0,0.000999999999990564,0.216000000000064,22
"ml-gls","control","ernst","ernst","sem",100,"ML","layered_port",400,400,400,400,0,0.000999999999990564,0.236000000000018,21
"ml-gls","test","boomsma","boomsma_3CL","cfa",25,"GLS","default",400,400,336,331,0,0.00100000000000477,0.323999999999898,39
"ml-gls","test","boomsma","boomsma_3CL","cfa",25,"GLS","default_port",400,400,358,357,0,0.00100000000000477,0.372000000000212,40.5
"ml-gls","test","boomsma","boomsma_3CL","cfa",25,"GLS","layered_lbfgs",400,400,400,398,0,0.000999999999976353,0.208999999999775,25.5
"ml-gls","test","boomsma","boomsma_3CL","cfa",25,"GLS","layered_port",400,400,400,398,0,0.00100000000000477,0.248000000000132,23
"ml-gls","test","boomsma","boomsma_3CL","cfa",25,"ML","default",400,400,400,400,0,0,0.194000000000044,28
"ml-gls","test","boomsma","boomsma_3CL","cfa",25,"ML","default_port",400,400,400,400,0,0.00100000000000477,0.247000000000212,28
"ml-gls","test","boomsma","boomsma_3CL","cfa",25,"ML","layered_lbfgs",400,400,400,400,0,0.000999999999976353,0.220999999999918,22
"ml-gls","test","boomsma","boomsma_3CL","cfa",25,"ML","layered_port",400,400,400,400,0,0.00100000000000477,0.244000000000056,20
"ml-gls","test","boomsma","boomsma_3CL","cfa",100,"GLS","default",400,400,385,385,0,0.00100000000000477,0.293999999999982,36
"ml-gls","test","boomsma","boomsma_3CL","cfa",100,"GLS","default_port",400,400,382,382,0,0.00100000000000477,0.326000000000362,34
"ml-gls","test","boomsma","boomsma_3CL","cfa",100,"GLS","layered_lbfgs",400,400,400,400,0,0,0.185999999999779,20
"ml-gls","test","boomsma","boomsma_3CL","cfa",100,"GLS","layered_port",400,400,400,400,0,0.000999999999976353,0.230999999999908,18
"ml-gls","test","boomsma","boomsma_3CL","cfa",100,"ML","default",400,400,400,400,0,0.000999999999976353,0.224000000000102,25
"ml-gls","test","boomsma","boomsma_3CL","cfa",100,"ML","default_port",400,400,400,400,0,0.000999999999976353,0.231000000000079,24
"ml-gls","test","boomsma","boomsma_3CL","cfa",100,"ML","layered_lbfgs",400,400,400,400,0,0.000999999999976353,0.225999999999913,19
"ml-gls","test","boomsma","boomsma_3CL","cfa",100,"ML","layered_port",400,400,400,400,0,0.000999999999976353,0.213999999999941,16
"ml-gls","test","boomsma","boomsma_3CM","cfa",25,"GLS","default",400,362,236,230,0,0.00100000000000477,0.411000000000086,42.5
"ml-gls","test","boomsma","boomsma_3CM","cfa",25,"GLS","default_port",400,362,255,247,0,0.00100000000000477,0.683999999999741,50
"ml-gls","test","boomsma","boomsma_3CM","cfa",25,"GLS","layered_lbfgs",400,362,336,328,0,0.00100000000000477,0.317000000000035,31
"ml-gls","test","boomsma","boomsma_3CM","cfa",25,"GLS","layered_port",400,362,344,332,0,0.00100000000000477,0.648999999999887,30
"ml-gls","test","boomsma","boomsma_3CM","cfa",25,"ML","default",400,389,347,342,0,0.00100000000000477,1.35499999999973,31
"ml-gls","test","boomsma","boomsma_3CM","cfa",25,"ML","default_port",400,389,365,355,0,0.00100000000000477,0.820999999999883,32
"ml-gls","test","boomsma","boomsma_3CM","cfa",25,"ML","layered_lbfgs",400,389,345,344,0,0.00100000000000477,0.543999999999954,28
"ml-gls","test","boomsma","boomsma_3CM","cfa",25,"ML","layered_port",400,389,370,369,0,0.00100000000000477,0.741999999999933,27
"ml-gls","test","boomsma","boomsma_3CM","cfa",100,"GLS","default",400,400,343,343,0,0.00100000000000477,0.324000000000011,33
"ml-gls","test","boomsma","boomsma_3CM","cfa",100,"GLS","default_port",400,400,345,345,0,0.00100000000000477,0.424999999999868,40
"ml-gls","test","boomsma","boomsma_3CM","cfa",100,"GLS","layered_lbfgs",400,400,400,400,0,0.000999999999976353,0.243999999999828,25
"ml-gls","test","boomsma","boomsma_3CM","cfa",100,"GLS","layered_port",400,400,400,400,0,0.000999999999976353,0.228999999999672,24
"ml-gls","test","boomsma","boomsma_3CM","cfa",100,"ML","default",400,400,396,396,0,0.000999999999976353,0.280999999999749,26
"ml-gls","test","boomsma","boomsma_3CM","cfa",100,"ML","default_port",400,400,397,397,0,0.00100000000000477,0.288000000000095,25
"ml-gls","test","boomsma","boomsma_3CM","cfa",100,"ML","layered_lbfgs",400,400,396,396,0,0.00100000000000477,0.286999999999863,24
"ml-gls","test","boomsma","boomsma_3CM","cfa",100,"ML","layered_port",400,400,399,399,0,0.00100000000000477,0.304999999999949,22
"ml-gls","test","boomsma","boomsma_3CS","cfa",25,"GLS","default",400,258,107,103,0,0.00100000000000477,0.480999999999766,52
"ml-gls","test","boomsma","boomsma_3CS","cfa",25,"GLS","default_port",400,258,116,116,0,0.00100000000000477,1.19800000000006,64
"ml-gls","test","boomsma","boomsma_3CS","cfa",25,"GLS","layered_lbfgs",400,258,195,186,0,0.00100000000000477,0.52000000000018,47
"ml-gls","test","boomsma","boomsma_3CS","cfa",25,"GLS","layered_port",400,258,204,202,0,0.00200000000000955,1.41799999999958,54
"ml-gls","test","boomsma","boomsma_3CS","cfa",25,"ML","default",400,342,158,149,0,0.00199999999998113,2.21300000000008,51
"ml-gls","test","boomsma","boomsma_3CS","cfa",25,"ML","default_port",400,342,211,191,0,0.00500000000000966,2.27499999999964,72
"ml-gls","test","boomsma","boomsma_3CS","cfa",25,"ML","layered_lbfgs",400,342,192,188,0,0.00200000000000955,1.48500000000044,55.5
"ml-gls","test","boomsma","boomsma_3CS","cfa",25,"ML","layered_port",400,342,268,231,0,0.00499999999999545,2.21999999999983,77
"ml-gls","test","boomsma","boomsma_3CS","cfa",100,"GLS","default",400,373,206,201,0,0.00100000000000477,0.391000000000274,42
"ml-gls","test","boomsma","boomsma_3CS","cfa",100,"GLS","default_port",400,373,221,217,0,0.00100000000000477,0.660000000000166,58
"ml-gls","test","boomsma","boomsma_3CS","cfa",100,"GLS","layered_lbfgs",400,373,331,323,0,0.00100000000000477,0.342999999999789,40
"ml-gls","test","boomsma","boomsma_3CS","cfa",100,"GLS","layered_port",400,373,344,336,0,0.00100000000000477,0.693000000000068,42.5
"ml-gls","test","boomsma","boomsma_3CS","cfa",100,"ML","default",400,397,329,325,0,0.00100000000000477,0.972999999999956,38
"ml-gls","test","boomsma","boomsma_3CS","cfa",100,"ML","default_port",400,397,361,349,0,0.00100000000000477,0.895999999999759,45
"ml-gls","test","boomsma","boomsma_3CS","cfa",100,"ML","layered_lbfgs",400,397,344,336,0,0.00100000000000477,0.949000000000097,38
"ml-gls","test","boomsma","boomsma_3CS","cfa",100,"ML","layered_port",400,397,382,365,0,0.00100000000000477,0.817000000000063,41
"ml-gls","test","boomsma","boomsma_3UL","cfa",25,"GLS","default",400,400,331,324,0,0.000999999999990564,0.28399999999982,39
"ml-gls","test","boomsma","boomsma_3UL","cfa",25,"GLS","default_port",400,400,343,339,0,0.00100000000000477,0.434000000000025,39
"ml-gls","test","boomsma","boomsma_3UL","cfa",25,"GLS","layered_lbfgs",400,400,400,394,0,0.000999999999976353,0.22099999999996,24
"ml-gls","test","boomsma","boomsma_3UL","cfa",25,"GLS","layered_port",400,400,400,394,0,0.000999999999990564,0.22300000000024,22
"ml-gls","test","boomsma","boomsma_3UL","cfa",25,"ML","default",400,400,400,400,0,0.000999999999983459,0.230000000000103,29
"ml-gls","test","boomsma","boomsma_3UL","cfa",25,"ML","default_port",400,400,400,400,0,0.000999999999990564,0.263999999999924,28
"ml-gls","test","boomsma","boomsma_3UL","cfa",25,"ML","layered_lbfgs",400,400,400,400,0,0.000999999999976353,0.222000000000249,21
"ml-gls","test","boomsma","boomsma_3UL","cfa",25,"ML","layered_port",400,400,400,400,0,0.000999999999990564,0.239000000000117,19
"ml-gls","test","boomsma","boomsma_3UL","cfa",100,"GLS","default",400,400,369,369,0,0.000999999999990564,0.265999999999962,36
"ml-gls","test","boomsma","boomsma_3UL","cfa",100,"GLS","default_port",400,400,355,355,0,0.00100000000000477,0.399999999999877,34
"ml-gls","test","boomsma","boomsma_3UL","cfa",100,"GLS","layered_lbfgs",400,400,400,400,0,0.000999999999976353,0.204999999999941,19
"ml-gls","test","boomsma","boomsma_3UL","cfa",100,"GLS","layered_port",400,400,400,400,0,0.000999999999976353,0.212999999999965,17
"ml-gls","test","boomsma","boomsma_3UL","cfa",100,"ML","default",400,400,400,400,0,0.000999999999976353,0.202000000000083,25
"ml-gls","test","boomsma","boomsma_3UL","cfa",100,"ML","default_port",400,400,400,400,0,0.000999999999976353,0.218000000000003,23
"ml-gls","test","boomsma","boomsma_3UL","cfa",100,"ML","layered_lbfgs",400,400,400,400,0,0.000999999999976353,0.20700000000005,18
"ml-gls","test","boomsma","boomsma_3UL","cfa",100,"ML","layered_port",400,400,400,400,0,0.000999999999990564,0.224999999999951,15
"ml-gls","test","boomsma","boomsma_3UM","cfa",25,"GLS","default",400,355,198,191,0,0.000999999999990564,0.348999999999861,43.5
"ml-gls","test","boomsma","boomsma_3UM","cfa",25,"GLS","default_port",400,355,219,212,0,0.00100000000000477,0.656999999999896,51
"ml-gls","test","boomsma","boomsma_3UM","cfa",25,"GLS","layered_lbfgs",400,355,320,320,0,0.000999999999990564,0.296999999999996,36
"ml-gls","test","boomsma","boomsma_3UM","cfa",25,"GLS","layered_port",400,355,327,327,0,0.00100000000000477,0.680999999999926,35
"ml-gls","test","boomsma","boomsma_3UM","cfa",25,"ML","default",400,362,284,284,0,0.00100000000000477,1.29600000000013,32.5
"ml-gls","test","boomsma","boomsma_3UM","cfa",25,"ML","default_port",400,362,325,305,0,0.00100000000000477,1.19800000000011,37
"ml-gls","test","boomsma","boomsma_3UM","cfa",25,"ML","layered_lbfgs",400,362,308,308,0,0.00100000000000477,0.869999999999976,34
"ml-gls","test","boomsma","boomsma_3UM","cfa",25,"ML","layered_port",400,362,342,332,0,0.00100000000000477,1.07799999999999,33
"ml-gls","test","boomsma","boomsma_3UM","cfa",100,"GLS","default",400,396,327,327,0,0.000999999999990564,0.306000000000011,33
"ml-gls","test","boomsma","boomsma_3UM","cfa",100,"GLS","default_port",400,396,311,311,0,0.00100000000000477,0.533999999999948,40
"ml-gls","test","boomsma","boomsma_3UM","cfa",100,"GLS","layered_lbfgs",400,396,392,392,0,0.000999999999990564,0.234999999999942,25
"ml-gls","test","boomsma","boomsma_3UM","cfa",100,"GLS","layered_port",400,396,396,396,0,0.000999999999990564,0.253999999999962,24
"ml-gls","test","boomsma","boomsma_3UM","cfa",100,"ML","default",400,400,397,397,0,0.000999999999990564,0.247999999999976,26
"ml-gls","test","boomsma","boomsma_3UM","cfa",100,"ML","default_port",400,400,400,400,0,0.000999999999990564,0.262999999999763,25
"ml-gls","test","boomsma","boomsma_3UM","cfa",100,"ML","layered_lbfgs",400,400,397,397,0,0.000999999999990564,0.277000000000185,23
"ml-gls","test","boomsma","boomsma_3UM","cfa",100,"ML","layered_port",400,400,400,400,0,0.000999999999990564,0.252000000000037,21
"ml-gls","test","boomsma","boomsma_3US","cfa",25,"GLS","default",400,232,82,76,0,0.00100000000000477,0.45600000000013,61.5
"ml-gls","test","boomsma","boomsma_3US","cfa",25,"GLS","default_port",400,232,92,87,0,0.00100000000000477,1.22,78.5
"ml-gls","test","boomsma","boomsma_3US","cfa",25,"GLS","layered_lbfgs",400,232,176,172,0,0.00100000000000477,0.522000000000048,61.5
"ml-gls","test","boomsma","boomsma_3US","cfa",25,"GLS","layered_port",400,232,188,184,0,0.00300000000000011,1.45000000000006,60
"ml-gls","test","boomsma","boomsma_3US","cfa",25,"ML","default",400,316,145,137,0,0.00199999999999534,2.04799999999985,50
"ml-gls","test","boomsma","boomsma_3US","cfa",25,"ML","default_port",400,316,182,151,0,0.00699999999999079,2.38099999999976,72
"ml-gls","test","boomsma","boomsma_3US","cfa",25,"ML","layered_lbfgs",400,316,197,192,0,0.00199999999999534,1.67700000000018,61
"ml-gls","test","boomsma","boomsma_3US","cfa",25,"ML","layered_port",400,316,274,251,0,0.00300000000000011,2.05699999999983,87
"ml-gls","test","boomsma","boomsma_3US","cfa",100,"GLS","default",400,361,212,212,0,0.00100000000000477,0.333999999999988,40
"ml-gls","test","boomsma","boomsma_3US","cfa",100,"GLS","default_port",400,361,220,219,0,0.00100000000000477,0.646000000000142,54.5
"ml-gls","test","boomsma","boomsma_3US","cfa",100,"GLS","layered_lbfgs",400,361,328,327,0,0.000999999999990564,0.348999999999989,36
"ml-gls","test","boomsma","boomsma_3US","cfa",100,"GLS","layered_port",400,361,332,331,0,0.00100000000000477,0.724000000000103,39
"ml-gls","test","boomsma","boomsma_3US","cfa",100,"ML","default",400,385,316,314,0,0.00100000000000477,1.03200000000004,36
"ml-gls","test","boomsma","boomsma_3US","cfa",100,"ML","default_port",400,385,346,333,0,0.00100000000000477,0.998000000000132,44
"ml-gls","test","boomsma","boomsma_3US","cfa",100,"ML","layered_lbfgs",400,385,336,336,0,0.00100000000000477,0.913000000000167,35
"ml-gls","test","boomsma","boomsma_3US","cfa",100,"ML","layered_port",400,385,377,361,0,0.00100000000000477,0.9110000000002,39
"ml-gls","test","boomsma","boomsma_4CL","cfa",25,"GLS","default",400,392,366,362,0,0.00100000000000477,0.34000000000023,42.5
"ml-gls","test","boomsma","boomsma_4CL","cfa",25,"GLS","default_port",400,392,359,350,0,0.00100000000000477,0.435999999999523,41
"ml-gls","test","boomsma","boomsma_4CL","cfa",25,"GLS","layered_lbfgs",400,392,381,373,0,0.00100000000000477,0.279000000000024,27
"ml-gls","test","boomsma","boomsma_4CL","cfa",25,"GLS","layered_port",400,392,388,381,0,0.00100000000000477,0.380000000000051,26
"ml-gls","test","boomsma","boomsma_4CL","cfa",25,"ML","default",400,400,400,400,0,0.00100000000000477,0.243000000000079,33
"ml-gls","test","boomsma","boomsma_4CL","cfa",25,"ML","default_port",400,400,400,400,0,0.00100000000000477,0.330999999999846,33
"ml-gls","test","boomsma","boomsma_4CL","cfa",25,"ML","layered_lbfgs",400,400,400,400,0,0.000999999999976353,0.218999999999766,23
"ml-gls","test","boomsma","boomsma_4CL","cfa",25,"ML","layered_port",400,400,400,400,0,0.00100000000000477,0.273999999999886,22
"ml-gls","test","boomsma","boomsma_4CL","cfa",100,"GLS","default",400,400,399,399,0,0.00100000000000477,0.306999999999816,37
"ml-gls","test","boomsma","boomsma_4CL","cfa",100,"GLS","default_port",400,400,361,361,0,0.00100000000000477,0.352999999999723,33
"ml-gls","test","boomsma","boomsma_4CL","cfa",100,"GLS","layered_lbfgs",400,400,400,400,0,0.00100000000000477,0.248000000000188,20
"ml-gls","test","boomsma","boomsma_4CL","cfa",100,"GLS","layered_port",400,400,400,400,0,0.00100000000000477,0.278999999999796,18
"ml-gls","test","boomsma","boomsma_4CL","cfa",100,"ML","default",400,400,400,400,0,0.00100000000000477,0.269999999999867,28
"ml-gls","test","boomsma","boomsma_4CL","cfa",100,"ML","default_port",400,400,400,400,0,0.00100000000000477,0.309000000000025,25
"ml-gls","test","boomsma","boomsma_4CL","cfa",100,"ML","layered_lbfgs",400,400,400,400,0,0.000999999999976353,0.241999999999876,19
"ml-gls","test","boomsma","boomsma_4CL","cfa",100,"ML","layered_port",400,400,400,400,0,0.00100000000000477,0.281000000000261,16
"ml-gls","test","boomsma","boomsma_4CM","cfa",25,"GLS","default",400,372,316,313,0,0.00100000000000477,0.403000000000104,43
"ml-gls","test","boomsma","boomsma_4CM","cfa",25,"GLS","default_port",400,372,313,309,0,0.00100000000000477,0.646000000000128,45
"ml-gls","test","boomsma","boomsma_4CM","cfa",25,"GLS","layered_lbfgs",400,372,357,352,0,0.00100000000000477,0.363000000000027,34
"ml-gls","test","boomsma","boomsma_4CM","cfa",25,"GLS","layered_port",400,372,364,355,0,0.00100000000000477,0.599000000000102,32
"ml-gls","test","boomsma","boomsma_4CM","cfa",25,"ML","default",400,400,393,393,0,0.00100000000000477,0.296999999999826,32
"ml-gls","test","boomsma","boomsma_4CM","cfa",25,"ML","default_port",400,400,397,396,0,0.00100000000000477,0.386000000000222,34
"ml-gls","test","boomsma","boomsma_4CM","cfa",25,"ML","layered_lbfgs",400,400,396,396,0,0.00100000000000477,0.282999999999986,29
"ml-gls","test","boomsma","boomsma_4CM","cfa",25,"ML","layered_port",400,400,399,397,0,0.00100000000000477,0.360999999999989,28
"ml-gls","test","boomsma","boomsma_4CM","cfa",100,"GLS","default",400,400,388,388,0,0.00100000000000477,0.325999999999879,33
"ml-gls","test","boomsma","boomsma_4CM","cfa",100,"GLS","default_port",400,400,343,343,0,0.00100000000000477,0.366000000000013,37
"ml-gls","test","boomsma","boomsma_4CM","cfa",100,"GLS","layered_lbfgs",400,400,400,400,0,0.00100000000000477,0.235000000000354,25
"ml-gls","test","boomsma","boomsma_4CM","cfa",100,"GLS","layered_port",400,400,400,400,0,0.00100000000000477,0.291999999999802,24
"ml-gls","test","boomsma","boomsma_4CM","cfa",100,"ML","default",400,400,400,400,0,0.00100000000000477,0.250000000000113,26
"ml-gls","test","boomsma","boomsma_4CM","cfa",100,"ML","default_port",400,400,400,400,0,0.00100000000000477,0.290999999999882,25
"ml-gls","test","boomsma","boomsma_4CM","cfa",100,"ML","layered_lbfgs",400,400,400,400,0,0.00100000000000477,0.263000000000033,24
"ml-gls","test","boomsma","boomsma_4CM","cfa",100,"ML","layered_port",400,400,400,400,0,0.00100000000000477,0.279999999999943,22
"ml-gls","test","boomsma","boomsma_4CS","cfa",25,"GLS","default",400,306,175,171,0,0.00100000000000477,0.561999999999983,56
"ml-gls","test","boomsma","boomsma_4CS","cfa",25,"GLS","default_port",400,306,189,183,0,0.00100000000000477,1.32800000000012,65
"ml-gls","test","boomsma","boomsma_4CS","cfa",25,"GLS","layered_lbfgs",400,306,220,212,0,0.00100000000000477,0.599000000000074,54
"ml-gls","test","boomsma","boomsma_4CS","cfa",25,"GLS","layered_port",400,306,232,224,0,0.00100000000000477,1.54900000000012,54.5
"ml-gls","test","boomsma","boomsma_4CS","cfa",25,"ML","default",400,340,241,236,0,0.00100000000000477,1.35600000000034,49
"ml-gls","test","boomsma","boomsma_4CS","cfa",25,"ML","default_port",400,340,294,271,0,0.00199999999998113,1.93199999999987,60
"ml-gls","test","boomsma","boomsma_4CS","cfa",25,"ML","layered_lbfgs",400,340,258,247,0,0.00100000000000477,1.10099999999971,48
"ml-gls","test","boomsma","boomsma_4CS","cfa",25,"ML","layered_port",400,340,307,284,0,0.00100000000000477,1.75899999999953,57
"ml-gls","test","boomsma","boomsma_4CS","cfa",100,"GLS","default",400,392,321,318,0,0.00100000000000477,0.354000000000012,38
"ml-gls","test","boomsma","boomsma_4CS","cfa",100,"GLS","default_port",400,392,313,310,0,0.00100000000000477,0.529000000000223,55
"ml-gls","test","boomsma","boomsma_4CS","cfa",100,"GLS","layered_lbfgs",400,392,388,384,0,0.00100000000000477,0.332999999999884,40
"ml-gls","test","boomsma","boomsma_4CS","cfa",100,"GLS","layered_port",400,392,388,384,0,0.00100000000000477,0.474000000000017,42
"ml-gls","test","boomsma","boomsma_4CS","cfa",100,"ML","default",400,400,400,400,0,0.00100000000000477,0.319000000000073,38
"ml-gls","test","boomsma","boomsma_4CS","cfa",100,"ML","default_port",400,400,400,400,0,0.00100000000000477,0.425999999999816,45
"ml-gls","test","boomsma","boomsma_4CS","cfa",100,"ML","layered_lbfgs",400,400,400,400,0,0.00100000000000477,0.320000000000049,38
"ml-gls","test","boomsma","boomsma_4CS","cfa",100,"ML","layered_port",400,400,400,400,0,0.00100000000000477,0.401000000000038,39
"ml-gls","test","boomsma","boomsma_4UL","cfa",25,"GLS","default",400,392,368,367,0,0.00100000000000477,0.379999999999881,42
"ml-gls","test","boomsma","boomsma_4UL","cfa",25,"GLS","default_port",400,392,345,336,0,0.00100000000000477,0.502000000000179,40
"ml-gls","test","boomsma","boomsma_4UL","cfa",25,"GLS","layered_lbfgs",400,392,392,391,0,0.00100000000000477,0.280000000000085,26
"ml-gls","test","boomsma","boomsma_4UL","cfa",25,"GLS","layered_port",400,392,392,391,0,0.00100000000000477,0.34999999999988,25
"ml-gls","test","boomsma","boomsma_4UL","cfa",25,"ML","default",400,400,400,400,0,0.00100000000000477,0.250999999999975,32
"ml-gls","test","boomsma","boomsma_4UL","cfa",25,"ML","default_port",400,400,400,400,0,0.00100000000000477,0.316999999999978,33
"ml-gls","test","boomsma","boomsma_4UL","cfa",25,"ML","layered_lbfgs",400,400,400,400,0,0.00100000000000477,0.259000000000127,22
"ml-gls","test","boomsma","boomsma_4UL","cfa",25,"ML","layered_port",400,400,400,400,0,0.00100000000000477,0.283999999999934,21
"ml-gls","test","boomsma","boomsma_4UL","cfa",100,"GLS","default",400,400,398,398,0,0.00100000000000477,0.289000000000157,38
"ml-gls","test","boomsma","boomsma_4UL","cfa",100,"GLS","default_port",400,400,367,367,0,0.00100000000000477,0.326000000000248,34
"ml-gls","test","boomsma","boomsma_4UL","cfa",100,"GLS","layered_lbfgs",400,400,400,400,0,0.000999999999976353,0.228999999999956,19.5
"ml-gls","test","boomsma","boomsma_4UL","cfa",100,"GLS","layered_port",400,400,400,400,0,0.00100000000000477,0.256999999999805,17
"ml-gls","test","boomsma","boomsma_4UL","cfa",100,"ML","default",400,400,400,400,0,0.00100000000000477,0.242000000000046,27
"ml-gls","test","boomsma","boomsma_4UL","cfa",100,"ML","default_port",400,400,400,400,0,0.00100000000000477,0.278000000000076,24
"ml-gls","test","boomsma","boomsma_4UL","cfa",100,"ML","layered_lbfgs",400,400,400,400,0,0.000999999999976353,0.238000000000055,19
"ml-gls","test","boomsma","boomsma_4UL","cfa",100,"ML","layered_port",400,400,400,400,0,0.00100000000000477,0.252999999999985,16
"ml-gls","test","boomsma","boomsma_4UM","cfa",25,"GLS","default",400,348,291,290,0,0.00100000000000477,0.385000000000018,41
"ml-gls","test","boomsma","boomsma_4UM","cfa",25,"GLS","default_port",400,348,293,288,0,0.00100000000000477,0.744000000000226,45
"ml-gls","test","boomsma","boomsma_4UM","cfa",25,"GLS","layered_lbfgs",400,348,344,344,0,0.00100000000000477,0.366999999999932,33
"ml-gls","test","boomsma","boomsma_4UM","cfa",25,"GLS","layered_port",400,348,348,348,0,0.00100000000000477,0.729999999999989,33
"ml-gls","test","boomsma","boomsma_4UM","cfa",25,"ML","default",400,393,387,384,0,0.00100000000000477,0.311999999999926,33
"ml-gls","test","boomsma","boomsma_4UM","cfa",25,"ML","default_port",400,393,388,384,0,0.00100000000000477,0.45299999999986,35
"ml-gls","test","boomsma","boomsma_4UM","cfa",25,"ML","layered_lbfgs",400,393,384,380,0,0.00100000000000477,0.327000000000253,28
"ml-gls","test","boomsma","boomsma_4UM","cfa",25,"ML","layered_port",400,393,388,384,0,0.00100000000000477,0.47899999999987,30
"ml-gls","test","boomsma","boomsma_4UM","cfa",100,"GLS","default",400,400,390,390,0,0.00100000000000477,0.33800000000005,34
"ml-gls","test","boomsma","boomsma_4UM","cfa",100,"GLS","default_port",400,400,346,346,0,0.00100000000000477,0.410000000000365,38
"ml-gls","test","boomsma","boomsma_4UM","cfa",100,"GLS","layered_lbfgs",400,400,400,400,0,0.00100000000000477,0.259000000000099,24
"ml-gls","test","boomsma","boomsma_4UM","cfa",100,"GLS","layered_port",400,400,400,400,0,0.00100000000000477,0.315000000000053,24
"ml-gls","test","boomsma","boomsma_4UM","cfa",100,"ML","default",400,400,400,400,0,0.00100000000000477,0.297000000000081,26
"ml-gls","test","boomsma","boomsma_4UM","cfa",100,"ML","default_port",400,400,400,400,0,0.00100000000000477,0.308999999999456,25
"ml-gls","test","boomsma","boomsma_4UM","cfa",100,"ML","layered_lbfgs",400,400,400,400,0,0.00100000000000477,0.278000000000076,24
"ml-gls","test","boomsma","boomsma_4UM","cfa",100,"ML","layered_port",400,400,400,400,0,0.00100000000000477,0.321999999999888,22
"ml-gls","test","boomsma","boomsma_4US","cfa",25,"GLS","default",400,277,186,178,0,0.00100000000000477,0.554999999999864,55
"ml-gls","test","boomsma","boomsma_4US","cfa",25,"GLS","default_port",400,277,201,194,0,0.00100000000000477,1.28799999999998,65
"ml-gls","test","boomsma","boomsma_4US","cfa",25,"GLS","layered_lbfgs",400,277,212,202,0,0.00100000000000477,0.620999999999639,48
"ml-gls","test","boomsma","boomsma_4US","cfa",25,"GLS","layered_port",400,277,228,215,0,0.00199999999998113,1.57899999999995,49
"ml-gls","test","boomsma","boomsma_4US","cfa",25,"ML","default",400,327,224,215,0,0.00100000000000477,1.54500000000013,46
"ml-gls","test","boomsma","boomsma_4US","cfa",25,"ML","default_port",400,327,259,241,0,0.00200000000000955,2.24400000000003,51
"ml-gls","test","boomsma","boomsma_4US","cfa",25,"ML","layered_lbfgs",400,327,243,231,0,0.00100000000000477,1.26300000000015,44
"ml-gls","test","boomsma","boomsma_4US","cfa",25,"ML","layered_port",400,327,284,265,0,0.00100000000000477,1.97299999999976,53
"ml-gls","test","boomsma","boomsma_4US","cfa",100,"GLS","default",400,384,317,317,0,0.00100000000000477,0.342000000000268,38
"ml-gls","test","boomsma","boomsma_4US","cfa",100,"GLS","default_port",400,384,311,311,0,0.00100000000000477,0.522999999999569,55
"ml-gls","test","boomsma","boomsma_4US","cfa",100,"GLS","layered_lbfgs",400,384,380,380,0,0.00100000000000477,0.307999999999594,39
"ml-gls","test","boomsma","boomsma_4US","cfa",100,"GLS","layered_port",400,384,384,384,0,0.00100000000000477,0.47199999999978,41
"ml-gls","test","boomsma","boomsma_4US","cfa",100,"ML","default",400,400,392,392,0,0.00100000000000477,0.376000000000032,37
"ml-gls","test","boomsma","boomsma_4US","cfa",100,"ML","default_port",400,400,395,395,0,0.00100000000000477,0.446000000000167,42
"ml-gls","test","boomsma","boomsma_4US","cfa",100,"ML","layered_lbfgs",400,400,392,392,0,0.00100000000000477,0.408999999999877,37
"ml-gls","test","boomsma","boomsma_4US","cfa",100,"ML","layered_port",400,400,399,398,0,0.00100000000000477,0.450999999999708,38
"ml-gls","test","chen","chen_2001","m0",25,"GLS","default",400,373,142,128,0,0.0029999999999859,1.58000000000027,104
"ml-gls","test","chen","chen_2001","m0",25,"GLS","default_port",400,373,133,119,0,0.00499999999999545,2.88000000000142,62
"ml-gls","test","chen","chen_2001","m0",25,"GLS","layered_lbfgs",400,373,364,354,0,0.0010000000000332,0.615999999999986,39
"ml-gls","test","chen","chen_2001","m0",25,"GLS","layered_port",400,373,360,357,0,0.0010000000000332,1.04999999999933,38
"ml-gls","test","chen","chen_2001","m0",25,"ML","default",400,397,397,397,0,0.000999999999976353,0.550999999999761,51
"ml-gls","test","chen","chen_2001","m0",25,"ML","default_port",400,397,397,397,0,0.00199999999995271,0.745999999999754,70
"ml-gls","test","chen","chen_2001","m0",25,"ML","layered_lbfgs",400,397,396,396,0,0.000999999999976353,0.446999999999776,31
"ml-gls","test","chen","chen_2001","m0",25,"ML","layered_port",400,397,396,396,0,0.0010000000000332,0.563000000000671,30
"ml-gls","test","chen","chen_2001","m0",100,"GLS","default",400,400,294,294,0,0.00199999999995271,0.887000000000342,45
"ml-gls","test","chen","chen_2001","m0",100,"GLS","default_port",400,400,222,220,0,0.00200000000000955,1.35399999999919,43
"ml-gls","test","chen","chen_2001","m0",100,"GLS","layered_lbfgs",400,400,400,400,0,0.000999999999976353,0.396999999999821,25
"ml-gls","test","chen","chen_2001","m0",100,"GLS","layered_port",400,400,400,400,0,0.0010000000000332,0.449999999999819,24
"ml-gls","test","chen","chen_2001","m0",100,"ML","default",400,400,400,400,0,0.000999999999976353,0.402999999999566,45
"ml-gls","test","chen","chen_2001","m0",100,"ML","default_port",400,400,400,400,0,0.0010000000000332,0.574000000001377,49
"ml-gls","test","chen","chen_2001","m0",100,"ML","layered_lbfgs",400,400,400,400,0,0.000999999999976353,0.406000000000347,25
"ml-gls","test","chen","chen_2001","m0",100,"ML","layered_port",400,400,400,400,0,0.0010000000000332,0.451000000000818,22
"ml-gls","test","chen","chen_2001","m1",25,"GLS","default",400,367,143,129,0,0.0029999999999859,1.42200000000065,97
"ml-gls","test","chen","chen_2001","m1",25,"GLS","default_port",400,367,145,129,0,0.00399999999996226,2.39799999999968,64
"ml-gls","test","chen","chen_2001","m1",25,"GLS","layered_lbfgs",400,367,356,352,0,0.0010000000000332,0.60200000000026,38
"ml-gls","test","chen","chen_2001","m1",25,"GLS","layered_port",400,367,352,336,0,0.0010000000000332,1.12400000000014,36.5
"ml-gls","test","chen","chen_2001","m1",25,"ML","default",400,396,396,396,0,0.000999999999976353,0.491000000000384,46
"ml-gls","test","chen","chen_2001","m1",25,"ML","default_port",400,396,396,396,0,0.0010000000000332,0.650000000000432,64
"ml-gls","test","chen","chen_2001","m1",25,"ML","layered_lbfgs",400,396,396,396,0,0.000999999999976353,0.403999999999656,29
"ml-gls","test","chen","chen_2001","m1",25,"ML","layered_port",400,396,396,396,0,0.000999999999976353,0.512999999999977,29
"ml-gls","test","chen","chen_2001","m1",100,"GLS","default",400,400,294,294,0,0.0010000000000332,0.82999999999953,43.5
"ml-gls","test","chen","chen_2001","m1",100,"GLS","default_port",400,400,234,234,0,0.00200000000000955,1.27100000000013,43
"ml-gls","test","chen","chen_2001","m1",100,"GLS","layered_lbfgs",400,400,400,400,0,0.000999999999976353,0.355000000001156,25
"ml-gls","test","chen","chen_2001","m1",100,"GLS","layered_port",400,400,400,400,0,0.000999999999976353,0.423000000000741,23
"ml-gls","test","chen","chen_2001","m1",100,"ML","default",400,400,400,400,0,0.000999999999976353,0.353999999999019,41
"ml-gls","test","chen","chen_2001","m1",100,"ML","default_port",400,400,400,400,0,0.0010000000000332,0.50500000000011,43.5
"ml-gls","test","chen","chen_2001","m1",100,"ML","layered_lbfgs",400,400,400,400,0,0.000999999999976353,0.376000000000034,23
"ml-gls","test","chen","chen_2001","m1",100,"ML","layered_port",400,400,400,400,0,0.000999999999976353,0.404000000000338,20
"ml-gls","test","chen","chen_2001","m2",25,"GLS","default",400,373,144,134,0,0.00299999999992906,1.29599999999994,63.5
"ml-gls","test","chen","chen_2001","m2",25,"GLS","default_port",400,373,163,140,0,0.0029999999999859,2.14800000000031,60
"ml-gls","test","chen","chen_2001","m2",25,"GLS","layered_lbfgs",400,373,356,346,0,0.0010000000000332,0.554000000000656,37
"ml-gls","test","chen","chen_2001","m2",25,"GLS","layered_port",400,373,356,340,0,0.0010000000000332,1.06000000000091,36
"ml-gls","test","chen","chen_2001","m2",25,"ML","default",400,396,396,396,0,0.000999999999976353,0.443999999999904,46
"ml-gls","test","chen","chen_2001","m2",25,"ML","default_port",400,396,396,396,0,0.0010000000000332,0.614000000000204,59
"ml-gls","test","chen","chen_2001","m2",25,"ML","layered_lbfgs",400,396,396,396,0,0.000999999999976353,0.387000000000512,27
"ml-gls","test","chen","chen_2001","m2",25,"ML","layered_port",400,396,396,396,0,0.000999999999976353,0.487999999999773,29
"ml-gls","test","chen","chen_2001","m2",100,"GLS","default",400,400,289,289,0,0.0010000000000332,0.778999999999769,42
"ml-gls","test","chen","chen_2001","m2",100,"GLS","default_port",400,400,253,253,0,0.00200000000000955,1.06300000000033,40
"ml-gls","test","chen","chen_2001","m2",100,"GLS","layered_lbfgs",400,400,400,400,0,0.000999999999976353,0.37300000000073,24
"ml-gls","test","chen","chen_2001","m2",100,"GLS","layered_port",400,400,400,400,0,0.000999999999976353,0.390000000000214,22.5
"ml-gls","test","chen","chen_2001","m2",100,"ML","default",400,400,400,400,0,0.000999999999976353,0.351000000000341,39
"ml-gls","test","chen","chen_2001","m2",100,"ML","default_port",400,400,400,400,0,0.0010000000000332,0.470999999999777,40
"ml-gls","test","chen","chen_2001","m2",100,"ML","layered_lbfgs",400,400,400,400,0,0.000999999999976353,0.366000000000043,23
"ml-gls","test","chen","chen_2001","m2",100,"ML","layered_port",400,400,400,400,0,0.000999999999976353,0.397999999999911,20
"ml-gls","test","chen","chen_2001","m3",25,"GLS","default",400,386,177,159,0,0.00200000000000955,1.14200000000022,69
"ml-gls","test","chen","chen_2001","m3",25,"GLS","default_port",400,386,184,155,0,0.00200000000000955,1.72699999999924,59
"ml-gls","test","chen","chen_2001","m3",25,"GLS","layered_lbfgs",400,386,384,352,0,0.000999999999976353,0.420999999998856,37
"ml-gls","test","chen","chen_2001","m3",25,"GLS","layered_port",400,386,380,355,0,0.000999999999976353,0.661000000000514,37
"ml-gls","test","chen","chen_2001","m3",25,"ML","default",400,400,400,400,0,0.000999999999976353,0.33100000000087,41
"ml-gls","test","chen","chen_2001","m3",25,"ML","default_port",400,400,400,400,0,0.000999999999976353,0.487999999998295,52.5
"ml-gls","test","chen","chen_2001","m3",25,"ML","layered_lbfgs",400,400,400,400,0,0.000999999999976353,0.344000000000563,25
"ml-gls","test","chen","chen_2001","m3",25,"ML","layered_port",400,400,400,400,0,0.000999999999976353,0.399000000000172,27
"ml-gls","test","chen","chen_2001","m3",100,"GLS","default",400,400,297,295,0,0.0010000000000332,0.888000000000489,44
"ml-gls","test","chen","chen_2001","m3",100,"GLS","default_port",400,400,276,273,0,0.00200000000000955,0.847000000000265,43
"ml-gls","test","chen","chen_2001","m3",100,"GLS","layered_lbfgs",400,400,400,397,0,0.000999999999976353,0.335999999999843,24
"ml-gls","test","chen","chen_2001","m3",100,"GLS","layered_port",400,400,400,397,0,0.000999999999976353,0.381999999998812,23
"ml-gls","test","chen","chen_2001","m3",100,"ML","default",400,400,400,400,0,0.000999999999976353,0.338000000000762,35
"ml-gls","test","chen","chen_2001","m3",100,"ML","default_port",400,400,400,400,0,0.000999999999976353,0.423999999999922,35
"ml-gls","test","chen","chen_2001","m3",100,"ML","layered_lbfgs",400,400,400,400,0,0.000999999999976353,0.33399999999989,21
"ml-gls","test","chen","chen_2001","m3",100,"ML","layered_port",400,400,400,400,0,0.000999999999976353,0.360000000000583,18.5
"ml-gls","test","constrained","eqcfa_l40","equal_loadings",25,"GLS","default",300,240,188,188,0,0.000999999999976353,0.404000000000451,27
"ml-gls","test","constrained","eqcfa_l40","equal_loadings",25,"GLS","default_port",300,240,189,189,0,0.00100000000009004,0.679000000001224,27
"ml-gls","test","constrained","eqcfa_l40","equal_loadings",25,"GLS","layered_lbfgs",300,240,237,237,0,0.000999999999976353,0.379000000000815,30
"ml-gls","test","constrained","eqcfa_l40","equal_loadings",25,"GLS","layered_port",300,240,240,240,0,0.00100000000009004,0.784999999999855,29
"ml-gls","test","constrained","eqcfa_l40","equal_loadings",25,"ML","default",300,282,199,185,0,0.00100000000009004,1.09899999999948,26
"ml-gls","test","constrained","eqcfa_l40","equal_loadings",25,"ML","default_port",300,282,205,202,0,0.00100000000009004,0.858000000000402,32
"ml-gls","test","constrained","eqcfa_l40","equal_loadings",25,"ML","layered_lbfgs",300,282,247,230,0,0.000999999999976353,0.531999999999698,30
"ml-gls","test","constrained","eqcfa_l40","equal_loadings",25,"ML","layered_port",300,282,261,257,0,0.00199999999995271,1.02300000000082,35
"ml-gls","test","constrained","eqcfa_l40","equal_loadings",100,"GLS","default",300,297,266,266,0,0.000999999999976353,0.312000000000467,19
"ml-gls","test","constrained","eqcfa_l40","equal_loadings",100,"GLS","default_port",300,297,266,266,0,0.000999999999976353,0.386000000000195,24
"ml-gls","test","constrained","eqcfa_l40","equal_loadings",100,"GLS","layered_lbfgs",300,297,297,297,0,0.000999999999976353,0.33800000000042,22
"ml-gls","test","constrained","eqcfa_l40","equal_loadings",100,"GLS","layered_port",300,297,297,297,0,0.000999999999976353,0.402999999999224,26
"ml-gls","test","constrained","eqcfa_l40","equal_loadings",100,"ML","default",300,300,273,272,0,0.000999999999976353,0.701999999999998,21
"ml-gls","test","constrained","eqcfa_l40","equal_loadings",100,"ML","default_port",300,300,263,263,0,0.000999999999976353,0.422000000000026,25
"ml-gls","test","constrained","eqcfa_l40","equal_loadings",100,"ML","layered_lbfgs",300,300,291,291,0,0.000999999999976353,0.364000000000829,24
"ml-gls","test","constrained","eqcfa_l40","equal_loadings",100,"ML","layered_port",300,300,294,294,0,0.00100000000009004,0.519000000000574,27
"ml-gls","test","constrained","eqcfa_l40","equal_loadings_residuals",25,"GLS","default",300,243,191,191,0,0.000999999999976353,0.348000000000184,27
"ml-gls","test","constrained","eqcfa_l40","equal_loadings_residuals",25,"GLS","default_port",300,243,191,191,0,0.000999999999976353,0.573999999999728,27
"ml-gls","test","constrained","eqcfa_l40","equal_loadings_residuals",25,"GLS","layered_lbfgs",300,243,237,237,0,0.000999999999976353,0.330999999999676,27
"ml-gls","test","constrained","eqcfa_l40","equal_loadings_residuals",25,"GLS","layered_port",300,243,240,240,0,0.000999999999976353,0.667000000000258,26
"ml-gls","test","constrained","eqcfa_l40","equal_loadings_residuals",25,"ML","default",300,282,215,197,0,0.0010000000000332,0.721999999999525,24
"ml-gls","test","constrained","eqcfa_l40","equal_loadings_residuals",25,"ML","default_port",300,282,206,206,0,0.000999999999976353,0.718999999999142,30
"ml-gls","test","constrained","eqcfa_l40","equal_loadings_residuals",25,"ML","layered_lbfgs",300,282,254,231,0,0.000999999999976353,0.397999999999456,22
"ml-gls","test","constrained","eqcfa_l40","equal_loadings_residuals",25,"ML","layered_port",300,282,267,263,0,0.00100000000009004,0.846999999999639,30
"ml-gls","test","constrained","eqcfa_l40","equal_loadings_residuals",100,"GLS","default",300,294,265,265,0,0.000999999999976353,0.268999999999323,17
"ml-gls","test","constrained","eqcfa_l40","equal_loadings_residuals",100,"GLS","default_port",300,294,264,264,0,0.000999999999976353,0.365999999999758,23
"ml-gls","test","constrained","eqcfa_l40","equal_loadings_residuals",100,"GLS","layered_lbfgs",300,294,294,294,0,0.000999999999976353,0.318000000001916,18
"ml-gls","test","constrained","eqcfa_l40","equal_loadings_residuals",100,"GLS","layered_port",300,294,294,294,0,0.000999999999976353,0.359999999999104,22.5
"ml-gls","test","constrained","eqcfa_l40","equal_loadings_residuals",100,"ML","default",300,297,271,271,0,0.000999999999976353,0.479000000000383,19
"ml-gls","test","constrained","eqcfa_l40","equal_loadings_residuals",100,"ML","default_port",300,297,262,262,0,0.000999999999976353,0.389000000000237,24
"ml-gls","test","constrained","eqcfa_l40","equal_loadings_residuals",100,"ML","layered_lbfgs",300,297,291,291,0,0.000999999999976353,0.314999999999486,18
"ml-gls","test","constrained","eqcfa_l40","equal_loadings_residuals",100,"ML","layered_port",300,297,291,291,0,0.000999999999976353,0.461000000000013,23
"ml-gls","test","constrained","eqcfa_l60","equal_loadings",25,"GLS","default",300,291,262,262,0,0.000999999999976353,0.323999999998705,23
"ml-gls","test","constrained","eqcfa_l60","equal_loadings",25,"GLS","default_port",300,291,263,263,0,0.000999999999976353,0.376000000001568,22
"ml-gls","test","constrained","eqcfa_l60","equal_loadings",25,"GLS","layered_lbfgs",300,291,291,291,0,0.000999999999976353,0.328999999999383,24
"ml-gls","test","constrained","eqcfa_l60","equal_loadings",25,"GLS","layered_port",300,291,291,291,0,0.000999999999976353,0.396000000000413,22
"ml-gls","test","constrained","eqcfa_l60","equal_loadings",25,"ML","default",300,300,276,276,0,0.000999999999976353,0.529999999999632,20
"ml-gls","test","constrained","eqcfa_l60","equal_loadings",25,"ML","default_port",300,300,271,271,0,0.000999999999976353,0.346999999999412,22
"ml-gls","test","constrained","eqcfa_l60","equal_loadings",25,"ML","layered_lbfgs",300,300,300,300,0,0.000999999999976353,0.322000000000571,22.5
"ml-gls","test","constrained","eqcfa_l60","equal_loadings",25,"ML","layered_port",300,300,300,300,0,0.000999999999976353,0.378999999999906,24
"ml-gls","test","constrained","eqcfa_l60","equal_loadings",100,"GLS","default",300,300,300,300,0,0.000999999999976353,0.270000000000095,14
"ml-gls","test","constrained","eqcfa_l60","equal_loadings",100,"GLS","default_port",300,300,300,300,0,0.000999999999976353,0.296000000000959,14
"ml-gls","test","constrained","eqcfa_l60","equal_loadings",100,"GLS","layered_lbfgs",300,300,300,300,0,0.000999999999976353,0.287000000000035,13.5
"ml-gls","test","constrained","eqcfa_l60","equal_loadings",100,"GLS","layered_port",300,300,300,300,0,0.000999999999976353,0.323999999999955,14
"ml-gls","test","constrained","eqcfa_l60","equal_loadings",100,"ML","default",300,300,300,300,0,0.000999999999976353,0.268999999998869,15
"ml-gls","test","constrained","eqcfa_l60","equal_loadings",100,"ML","default_port",300,300,300,300,0,0.000999999999976353,0.28500000000065,14
"ml-gls","test","constrained","eqcfa_l60","equal_loadings",100,"ML","layered_lbfgs",300,300,300,300,0,0.000999999999976353,0.301000000000045,14
"ml-gls","test","constrained","eqcfa_l60","equal_loadings",100,"ML","layered_port",300,300,300,300,0,0.000999999999976353,0.32300000000032,13
"ml-gls","test","constrained","eqcfa_l60","equal_loadings_residuals",25,"GLS","default",300,288,260,260,0,0.000999999999976353,0.300999999998794,23
"ml-gls","test","constrained","eqcfa_l60","equal_loadings_residuals",25,"GLS","default_port",300,288,261,261,0,0.000999999999976353,0.401000000000181,21
"ml-gls","test","constrained","eqcfa_l60","equal_loadings_residuals",25,"GLS","layered_lbfgs",300,288,288,288,0,0.000999999999976353,0.298000000001593,21
"ml-gls","test","constrained","eqcfa_l60","equal_loadings_residuals",25,"GLS","layered_port",300,288,288,288,0,0.000999999999976353,0.367999999998915,19.5
"ml-gls","test","constrained","eqcfa_l60","equal_loadings_residuals",25,"ML","default",300,300,275,275,0,0.000999999999976353,0.484999999999786,17
"ml-gls","test","constrained","eqcfa_l60","equal_loadings_residuals",25,"ML","default_port",300,300,271,271,0,0.000999999999976353,0.314000000000874,20
"ml-gls","test","constrained","eqcfa_l60","equal_loadings_residuals",25,"ML","layered_lbfgs",300,300,300,300,0,0.000999999999976353,0.290000000000873,16
"ml-gls","test","constrained","eqcfa_l60","equal_loadings_residuals",25,"ML","layered_port",300,300,300,300,0,0.000999999999976353,0.342999999999506,18
"ml-gls","test","constrained","eqcfa_l60","equal_loadings_residuals",100,"GLS","default",300,300,300,300,0,0.000999999999976353,0.25699999999938,13
"ml-gls","test","constrained","eqcfa_l60","equal_loadings_residuals",100,"GLS","default_port",300,300,300,300,0,0.000999999999976353,0.263000000001171,14
"ml-gls","test","constrained","eqcfa_l60","equal_loadings_residuals",100,"GLS","layered_lbfgs",300,300,300,300,0,0.000999999999976353,0.277000000000726,13
"ml-gls","test","constrained","eqcfa_l60","equal_loadings_residuals",100,"GLS","layered_port",300,300,300,300,0,0.000999999999976353,0.303999999999178,13
"ml-gls","test","constrained","eqcfa_l60","equal_loadings_residuals",100,"ML","default",300,300,300,300,0,0.000999999999976353,0.234000000000719,14
"ml-gls","test","constrained","eqcfa_l60","equal_loadings_residuals",100,"ML","default_port",300,300,300,300,0,0.000999999999976353,0.265999999999735,13
"ml-gls","test","constrained","eqcfa_l60","equal_loadings_residuals",100,"ML","layered_lbfgs",300,300,300,300,0,0.000999999999976353,0.275000000000091,12
"ml-gls","test","constrained","eqcfa_l60","equal_loadings_residuals",100,"ML","layered_port",300,300,300,300,0,0.000999999999976353,0.300000000001319,11
"ml-gls","test","constrained","eqchain_b20","equal_paths",25,"GLS","default",300,212,126,114,0,0.00200000000006639,0.945999999999458,75.5
"ml-gls","test","constrained","eqchain_b20","equal_paths",25,"GLS","default_port",300,212,129,117,0,0.00299999999992906,1.79600000000039,76
"ml-gls","test","constrained","eqchain_b20","equal_paths",25,"GLS","layered_lbfgs",300,212,174,164,0,0.00200000000006639,0.953000000000202,70
"ml-gls","test","constrained","eqchain_b20","equal_paths",25,"GLS","layered_port",300,212,188,178,0,0.00300000000004275,2.16200000000049,72
"ml-gls","test","constrained","eqchain_b20","equal_paths",25,"ML","default",300,297,239,236,0,0.00200000000006639,2.24299999999994,58
"ml-gls","test","constrained","eqchain_b20","equal_paths",25,"ML","default_port",300,297,209,197,0,0.00300000000004275,2.2890000000009,67
"ml-gls","test","constrained","eqchain_b20","equal_paths",25,"ML","layered_lbfgs",300,297,276,268,0,0.00100000000009004,0.880999999999745,40
"ml-gls","test","constrained","eqchain_b20","equal_paths",25,"ML","layered_port",300,297,285,277,0,0.00200000000006639,1.0840000000004,50
"ml-gls","test","constrained","eqchain_b20","equal_paths",100,"GLS","default",300,300,253,253,0,0.00100000000009004,0.515999999999281,40
"ml-gls","test","constrained","eqchain_b20","equal_paths",100,"GLS","default_port",300,300,202,202,0,0.00199999999995271,0.622999999999479,45
"ml-gls","test","constrained","eqchain_b20","equal_paths",100,"GLS","layered_lbfgs",300,300,300,300,0,0.000999999999976353,0.369999999999777,30
"ml-gls","test","constrained","eqchain_b20","equal_paths",100,"GLS","layered_port",300,300,300,300,0,0.00100000000009004,0.443000000001462,30
"ml-gls","test","constrained","eqchain_b20","equal_paths",100,"ML","default",300,300,295,295,0,0.00199999999995271,1.07899999999984,46
"ml-gls","test","constrained","eqchain_b20","equal_paths",100,"ML","default_port",300,300,202,201,0,0.00200000000006639,1.19700000000023,47
"ml-gls","test","constrained","eqchain_b20","equal_paths",100,"ML","layered_lbfgs",300,300,300,300,0,0.000999999999976353,0.381000000000086,28
"ml-gls","test","constrained","eqchain_b20","equal_paths",100,"ML","layered_port",300,300,300,300,0,0.00100000000009004,0.452000000000339,24
"ml-gls","test","constrained","eqchain_b20","equal_paths_disturbances",25,"GLS","default",300,256,157,152,0,0.00199999999995271,0.672999999999775,53
"ml-gls","test","constrained","eqchain_b20","equal_paths_disturbances",25,"GLS","default_port",300,256,160,153,0,0.00200000000006639,1.27100000000075,56
"ml-gls","test","constrained","eqchain_b20","equal_paths_disturbances",25,"GLS","layered_lbfgs",300,256,209,202,0,0.00199999999995271,0.729999999999336,50
"ml-gls","test","constrained","eqchain_b20","equal_paths_disturbances",25,"GLS","layered_port",300,256,232,222,0,0.00200000000006639,1.58100000000047,52
"ml-gls","test","constrained","eqchain_b20","equal_paths_disturbances",25,"ML","default",300,300,268,266,0,0.00100000000009004,1.66400000000044,46
"ml-gls","test","constrained","eqchain_b20","equal_paths_disturbances",25,"ML","default_port",300,300,215,211,0,0.00200000000006639,1.78399999999806,54
"ml-gls","test","constrained","eqchain_b20","equal_paths_disturbances",25,"ML","layered_lbfgs",300,300,291,291,0,0.000999999999976353,0.491000000000554,36
"ml-gls","test","constrained","eqchain_b20","equal_paths_disturbances",25,"ML","layered_port",300,300,299,299,0,0.00199999999995271,0.753999999999337,42
"ml-gls","test","constrained","eqchain_b20","equal_paths_disturbances",100,"GLS","default",300,300,277,277,0,0.000999999999976353,0.439000000000874,32
"ml-gls","test","constrained","eqchain_b20","equal_paths_disturbances",100,"GLS","default_port",300,300,202,202,0,0.00199999999995271,0.536000000000058,34
"ml-gls","test","constrained","eqchain_b20","equal_paths_disturbances",100,"GLS","layered_lbfgs",300,300,300,300,0,0.000999999999976353,0.35000000000025,26
"ml-gls","test","constrained","eqchain_b20","equal_paths_disturbances",100,"GLS","layered_port",300,300,300,300,0,0.000999999999976353,0.407999999998765,26
"ml-gls","test","constrained","eqchain_b20","equal_paths_disturbances",100,"ML","default",300,300,300,300,0,0.00100000000009004,0.674999999999727,36
"ml-gls","test","constrained","eqchain_b20","equal_paths_disturbances",100,"ML","default_port",300,300,200,200,0,0.00199999999995271,0.845000000001164,36
"ml-gls","test","constrained","eqchain_b20","equal_paths_disturbances",100,"ML","layered_lbfgs",300,300,300,300,0,0.000999999999976353,0.365000000000805,24
"ml-gls","test","constrained","eqchain_b20","equal_paths_disturbances",100,"ML","layered_port",300,300,300,300,0,0.00100000000009004,0.423000000000798,22
"ml-gls","test","constrained","eqchain_b50","equal_paths",25,"GLS","default",300,215,93,77,0,0.00299999999992906,1.07399999999961,69
"ml-gls","test","constrained","eqchain_b50","equal_paths",25,"GLS","default_port",300,215,107,93,0,0.00300000000004275,2.20599999999945,68
"ml-gls","test","constrained","eqchain_b50","equal_paths",25,"GLS","layered_lbfgs",300,215,166,151,0,0.00299999999992906,1.02499999999998,73
"ml-gls","test","constrained","eqchain_b50","equal_paths",25,"GLS","layered_port",300,215,173,162,0,0.00299999999992906,2.37599999999964,66
"ml-gls","test","constrained","eqchain_b50","equal_paths",25,"ML","default",300,298,276,274,0,0.00100000000009004,1.61000000000104,51
"ml-gls","test","constrained","eqchain_b50","equal_paths",25,"ML","default_port",300,298,215,213,0,0.00200000000006639,1.87899999999991,57
"ml-gls","test","constrained","eqchain_b50","equal_paths",25,"ML","layered_lbfgs",300,298,291,290,0,0.000999999999976353,0.458000000000311,38
"ml-gls","test","constrained","eqchain_b50","equal_paths",25,"ML","layered_port",300,298,295,293,0,0.00199999999995271,0.699999999999136,46
"ml-gls","test","constrained","eqchain_b50","equal_paths",100,"GLS","default",300,300,261,261,0,0.00199999999995271,0.637999999999693,39
"ml-gls","test","constrained","eqchain_b50","equal_paths",100,"GLS","default_port",300,300,202,202,0,0.00200000000006639,0.753999999999337,43
"ml-gls","test","constrained","eqchain_b50","equal_paths",100,"GLS","layered_lbfgs",300,300,300,300,0,0.00100000000009004,0.42500000000166,28
"ml-gls","test","constrained","eqchain_b50","equal_paths",100,"GLS","layered_port",300,300,300,300,0,0.00199999999995271,0.503000000001066,27.5
"ml-gls","test","constrained","eqchain_b50","equal_paths",100,"ML","default",300,300,300,300,0,0.00199999999995271,0.962000000000785,40
"ml-gls","test","constrained","eqchain_b50","equal_paths",100,"ML","default_port",300,300,202,202,0,0.00200000000006639,1.37999999999897,41
"ml-gls","test","constrained","eqchain_b50","equal_paths",100,"ML","layered_lbfgs",300,300,300,300,0,0.00100000000009004,0.435999999999467,27
"ml-gls","test","constrained","eqchain_b50","equal_paths",100,"ML","layered_port",300,300,300,300,0,0.00199999999995271,0.504000000000929,24
"ml-gls","test","constrained","eqchain_b50","equal_paths_disturbances",25,"GLS","default",300,251,145,134,0,0.00199999999995271,0.697999999999411,55
"ml-gls","test","constrained","eqchain_b50","equal_paths_disturbances",25,"GLS","default_port",300,251,143,135,0,0.00199999999995271,1.38100000000077,57
"ml-gls","test","constrained","eqchain_b50","equal_paths_disturbances",25,"GLS","layered_lbfgs",300,251,223,210,0,0.00199999999995271,0.707999999999856,55
"ml-gls","test","constrained","eqchain_b50","equal_paths_disturbances",25,"GLS","layered_port",300,251,241,230,0,0.00199999999995271,1.35000000000127,55
"ml-gls","test","constrained","eqchain_b50","equal_paths_disturbances",25,"ML","default",300,298,279,276,0,0.00100000000009004,1.60300000000132,44
"ml-gls","test","constrained","eqchain_b50","equal_paths_disturbances",25,"ML","default_port",300,298,213,211,0,0.00199999999995271,1.62599999999918,49
"ml-gls","test","constrained","eqchain_b50","equal_paths_disturbances",25,"ML","layered_lbfgs",300,298,294,292,0,0.000999999999976353,0.451000000001727,34
"ml-gls","test","constrained","eqchain_b50","equal_paths_disturbances",25,"ML","layered_port",300,298,297,295,0,0.00199999999995271,0.603999999999246,42
"ml-gls","test","constrained","eqchain_b50","equal_paths_disturbances",100,"GLS","default",300,300,276,276,0,0.00100000000009004,0.526000000000067,33
"ml-gls","test","constrained","eqchain_b50","equal_paths_disturbances",100,"GLS","default_port",300,300,209,209,0,0.00199999999995271,0.676000000000045,36
"ml-gls","test","constrained","eqchain_b50","equal_paths_disturbances",100,"GLS","layered_lbfgs",300,300,300,300,0,0.000999999999976353,0.397999999999342,25
"ml-gls","test","constrained","eqchain_b50","equal_paths_disturbances",100,"GLS","layered_port",300,300,300,300,0,0.00199999999995271,0.481000000000563,24.5
"ml-gls","test","constrained","eqchain_b50","equal_paths_disturbances",100,"ML","default",300,300,299,299,0,0.00199999999995271,0.877000000001885,32
"ml-gls","test","constrained","eqchain_b50","equal_paths_disturbances",100,"ML","default_port",300,300,203,203,0,0.00200000000006639,1.11900000000026,32
"ml-gls","test","constrained","eqchain_b50","equal_paths_disturbances",100,"ML","layered_lbfgs",300,300,300,300,0,0.00100000000009004,0.415000000000759,23
"ml-gls","test","constrained","eqchain_b50","equal_paths_disturbances",100,"ML","layered_port",300,300,300,300,0,0.00199999999995271,0.46899999999971,21
"ml-gls","test","constrained","eqmean","equal_intercepts",25,"GLS","default",300,149,56,56,0,0.00299999999992906,1.01700000000108,66
"ml-gls","test","constrained","eqmean","equal_intercepts",25,"GLS","default_port",300,149,70,69,0,0.00599999999997181,2.15699999999925,83.5
"ml-gls","test","constrained","eqmean","equal_intercepts",25,"GLS","layered_lbfgs",300,149,81,69,0,0.00300000000004275,1.20399999999904,66
"ml-gls","test","constrained","eqmean","equal_intercepts",25,"GLS","layered_port",300,149,86,77,0,0.0109999999999673,3.01699999999937,75
"ml-gls","test","constrained","eqmean","equal_intercepts",25,"ML","default",300,194,81,73,0,0.0115000000000123,6.080999999999,101
"ml-gls","test","constrained","eqmean","equal_intercepts",25,"ML","default_port",300,194,88,69,0,0.0150000000001,4.26699999999937,109.5
"ml-gls","test","constrained","eqmean","equal_intercepts",25,"ML","layered_lbfgs",300,194,108,98,0,0.00549999999998363,3.34900000000016,71.5
"ml-gls","test","constrained","eqmean","equal_intercepts",25,"ML","layered_port",300,194,153,131,0,0.01400000000001,3.48700000000133,98
"ml-gls","test","constrained","eqmean","equal_intercepts",100,"GLS","default",300,280,206,203,0,0.00100000000009004,0.575000000000159,45
"ml-gls","test","constrained","eqmean","equal_intercepts",100,"GLS","default_port",300,280,197,194,0,0.00199999999995271,0.904999999999064,63
"ml-gls","test","constrained","eqmean","equal_intercepts",100,"GLS","layered_lbfgs",300,280,268,268,0,0.000999999999976353,0.49899999999991,45
"ml-gls","test","constrained","eqmean","equal_intercepts",100,"GLS","layered_port",300,280,273,273,0,0.00199999999995271,0.884000000000356,47
"ml-gls","test","constrained","eqmean","equal_intercepts",100,"ML","default",300,285,235,231,0,0.00199999999995271,3.96199999999954,47
"ml-gls","test","constrained","eqmean","equal_intercepts",100,"ML","default_port",300,285,197,193,0,0.00300000000004275,2.41499999999985,65
"ml-gls","test","constrained","eqmean","equal_intercepts",100,"ML","layered_lbfgs",300,285,270,270,0,0.00100000000009004,1.47699999999975,44
"ml-gls","test","constrained","eqmean","equal_intercepts",100,"ML","layered_port",300,285,283,280,0,0.00199999999995271,1.21899999999914,45
"ml-gls","test","constrained","eqmean","equal_intercepts_residuals",25,"GLS","default",300,274,150,105,0,0.00100000000009004,0.546999999998661,58.5
"ml-gls","test","constrained","eqmean","equal_intercepts_residuals",25,"GLS","default_port",300,274,154,109,0,0.00199999999995271,1.16199999999856,64.5
"ml-gls","test","constrained","eqmean","equal_intercepts_residuals",25,"GLS","layered_lbfgs",300,274,215,162,0,0.00100000000009004,0.494000000000597,56
"ml-gls","test","constrained","eqmean","equal_intercepts_residuals",25,"GLS","layered_port",300,274,216,161,0,0.00199999999995271,1.123999999999,56
"ml-gls","test","constrained","eqmean","equal_intercepts_residuals",25,"ML","default",300,296,198,124,0,0.00199999999995271,3.13600000000042,55
"ml-gls","test","constrained","eqmean","equal_intercepts_residuals",25,"ML","default_port",300,296,198,115,0,0.00499999999999545,2.18300000000113,68.5
"ml-gls","test","constrained","eqmean","equal_intercepts_residuals",25,"ML","layered_lbfgs",300,296,229,186,0,0.00100000000009004,0.746999999999616,52
"ml-gls","test","constrained","eqmean","equal_intercepts_residuals",25,"ML","layered_port",300,296,276,225,0,0.00199999999995271,1.19199999999978,61.5
"ml-gls","test","constrained","eqmean","equal_intercepts_residuals",100,"GLS","default",300,294,240,219,0,0.000999999999976353,0.389999999999418,37
"ml-gls","test","constrained","eqmean","equal_intercepts_residuals",100,"GLS","default_port",300,294,215,205,0,0.00199999999995271,0.572000000000799,53
"ml-gls","test","constrained","eqmean","equal_intercepts_residuals",100,"GLS","layered_lbfgs",300,294,294,282,0,0.000999999999976353,0.348999999999592,36.5
"ml-gls","test","constrained","eqmean","equal_intercepts_residuals",100,"GLS","layered_port",300,294,294,282,0,0.000999999999976353,0.432999999999879,38.5
"ml-gls","test","constrained","eqmean","equal_intercepts_residuals",100,"ML","default",300,300,284,272,0,0.00100000000009004,2.33199999999988,37
"ml-gls","test","constrained","eqmean","equal_intercepts_residuals",100,"ML","default_port",300,300,226,204,0,0.00200000000006639,1.48599999999999,53.5
"ml-gls","test","constrained","eqmean","equal_intercepts_residuals",100,"ML","layered_lbfgs",300,300,300,292,0,0.000999999999976353,0.375000000001023,35
"ml-gls","test","constrained","eqmean","equal_intercepts_residuals",100,"ML","layered_port",300,300,300,292,0,0.00100000000009004,0.468000000000643,37
"ml-gls","test","engineering15","high_r2","sem",25,"GLS","default",400,385,177,177,0,0.00100000000000477,0.534000000000304,51
"ml-gls","test","engineering15","high_r2","sem",25,"GLS","default_port",400,385,185,178,0,0.00100000000000477,0.980000000000046,50
"ml-gls","test","engineering15","high_r2","sem",25,"GLS","layered_lbfgs",400,385,352,352,0,0.000999999999990564,0.238999999999975,30.5
"ml-gls","test","engineering15","high_r2","sem",25,"GLS","layered_port",400,385,364,364,0,0.000999999999990564,0.418000000000077,30
"ml-gls","test","engineering15","high_r2","sem",25,"ML","default",400,392,375,372,0,0.000999999999990564,0.314000000000134,34
"ml-gls","test","engineering15","high_r2","sem",25,"ML","default_port",400,392,380,376,0,0.000999999999990564,0.414000000000015,35
"ml-gls","test","engineering15","high_r2","sem",25,"ML","layered_lbfgs",400,392,380,380,0,0.000999999999990564,0.302999999999997,28
"ml-gls","test","engineering15","high_r2","sem",25,"ML","layered_port",400,392,386,383,0,0.000999999999990564,0.381999999999948,27
"ml-gls","test","engineering15","high_r2","sem",100,"GLS","default",400,400,286,286,0,0.00100000000000477,0.410000000000081,35
"ml-gls","test","engineering15","high_r2","sem",100,"GLS","default_port",400,400,276,276,0,0.00100000000000477,0.778999999999967,40
"ml-gls","test","engineering15","high_r2","sem",100,"GLS","layered_lbfgs",400,400,400,400,0,0.000999999999990564,0.202999999999988,21
"ml-gls","test","engineering15","high_r2","sem",100,"GLS","layered_port",400,400,400,400,0,0.000999999999990564,0.212000000000102,20
"ml-gls","test","engineering15","high_r2","sem",100,"ML","default",400,400,400,400,0,0,0.178000000000082,25
"ml-gls","test","engineering15","high_r2","sem",100,"ML","default_port",400,400,400,400,0,0.000999999999990564,0.210999999999856,25
"ml-gls","test","engineering15","high_r2","sem",100,"ML","layered_lbfgs",400,400,400,400,0,0.000999999999990564,0.21800000000006,21
"ml-gls","test","engineering15","high_r2","sem",100,"ML","layered_port",400,400,400,400,0,0.000999999999990564,0.208000000000111,19
"ml-gls","test","engineering15","weak_marker","sem",25,"GLS","default",400,216,62,58,0,0.00100000000000477,0.544000000000039,64
"ml-gls","test","engineering15","weak_marker","sem",25,"GLS","default_port",400,216,79,76,0,0.00200000000000955,1.36199999999984,83
"ml-gls","test","engineering15","weak_marker","sem",25,"GLS","layered_lbfgs",400,216,142,131,0,0.00100000000000477,0.632999999999867,74
"ml-gls","test","engineering15","weak_marker","sem",25,"GLS","layered_port",400,216,175,169,0,0.00499999999999545,1.68900000000006,88
"ml-gls","test","engineering15","weak_marker","sem",25,"ML","default",400,275,122,120,0,0.00199999999999534,1.63399999999989,65
"ml-gls","test","engineering15","weak_marker","sem",25,"ML","default_port",400,275,166,147,0,0.00699999999999079,2.58299999999991,90.5
"ml-gls","test","engineering15","weak_marker","sem",25,"ML","layered_lbfgs",400,275,169,168,0,0.00200000000000955,1.83100000000005,94
"ml-gls","test","engineering15","weak_marker","sem",25,"ML","layered_port",400,275,213,194,0,0.00600000000000023,2.36100000000013,103
"ml-gls","test","engineering15","weak_marker","sem",100,"GLS","default",400,256,75,75,0,0.00100000000000477,0.449999999999789,78
"ml-gls","test","engineering15","weak_marker","sem",100,"GLS","default_port",400,256,102,102,0,0.00100000000000477,0.998000000000089,111
"ml-gls","test","engineering15","weak_marker","sem",100,"GLS","layered_lbfgs",400,256,174,174,0,0.00100000000000477,0.540999999999911,80.5
"ml-gls","test","engineering15","weak_marker","sem",100,"GLS","layered_port",400,256,205,201,0,0.00300000000000011,1.37500000000021,93
"ml-gls","test","engineering15","weak_marker","sem",100,"ML","default",400,332,146,142,0,0.00199999999999534,1.84999999999987,78
"ml-gls","test","engineering15","weak_marker","sem",100,"ML","default_port",400,332,210,190,0,0.00400000000000489,1.89500000000014,109.5
"ml-gls","test","engineering15","weak_marker","sem",100,"ML","layered_lbfgs",400,332,189,187,0,0.00300000000000011,2.39800000000004,76
"ml-gls","test","engineering15","weak_marker","sem",100,"ML","layered_port",400,332,259,243,0,0.00200000000000955,1.88000000000012,106
"ml-gls","test","research47","r47_f1_p3","one_factor",25,"GLS","default",400,400,317,317,0,0,0.187000000000002,25
"ml-gls","test","research47","r47_f1_p3","one_factor",25,"GLS","default_port",400,400,329,329,0,0,0.223000000000002,27
"ml-gls","test","research47","r47_f1_p3","one_factor",25,"GLS","layered_lbfgs",400,400,384,384,0,0,0.183999999999996,18.5
"ml-gls","test","research47","r47_f1_p3","one_factor",25,"GLS","layered_port",400,400,400,400,0,0,0.132,18.5
"ml-gls","test","research47","r47_f1_p3","one_factor",25,"ML","default",400,400,360,360,0,0,0.281000000000003,26
"ml-gls","test","research47","r47_f1_p3","one_factor",25,"ML","default_port",400,400,386,361,0,0,0.240000000000008,28
"ml-gls","test","research47","r47_f1_p3","one_factor",25,"ML","layered_lbfgs",400,400,396,396,0,0,0.215999999999999,19
"ml-gls","test","research47","r47_f1_p3","one_factor",25,"ML","layered_port",400,400,400,400,0,0,0.201000000000004,19
"ml-gls","test","research47","r47_f1_p3","one_factor",100,"GLS","default",400,400,389,389,0,0,0.129999999999999,26
"ml-gls","test","research47","r47_f1_p3","one_factor",100,"GLS","default_port",400,400,372,372,0,0,0.135999999999997,27
"ml-gls","test","research47","r47_f1_p3","one_factor",100,"GLS","layered_lbfgs",400,400,400,400,0,0,0.122000000000001,16
"ml-gls","test","research47","r47_f1_p3","one_factor",100,"GLS","layered_port",400,400,400,400,0,0,0.127000000000002,17
"ml-gls","test","research47","r47_f1_p3","one_factor",100,"ML","default",400,400,400,400,0,0,0.126999999999998,25
"ml-gls","test","research47","r47_f1_p3","one_factor",100,"ML","default_port",400,400,400,400,0,0,0.142999999999997,26
"ml-gls","test","research47","r47_f1_p3","one_factor",100,"ML","layered_lbfgs",400,400,400,400,0,0,0.119999999999998,18
"ml-gls","test","research47","r47_f1_p3","one_factor",100,"ML","layered_port",400,400,400,400,0,0,0.128999999999998,17
"ml-gls","test","research47","r47_f1_p3_face","one_factor",25,"GLS","default",400,392,346,346,0,0,0.211,28
"ml-gls","test","research47","r47_f1_p3_face","one_factor",25,"GLS","default_port",400,392,338,338,0,0,0.250999999999998,29
"ml-gls","test","research47","r47_f1_p3_face","one_factor",25,"GLS","layered_lbfgs",400,392,376,376,0,0,0.173999999999996,18.5
"ml-gls","test","research47","r47_f1_p3_face","one_factor",25,"GLS","layered_port",400,392,392,392,0,0,0.170000000000002,19.5
"ml-gls","test","research47","r47_f1_p3_face","one_factor",25,"ML","default",400,400,377,373,0,0,0.263,31
"ml-gls","test","research47","r47_f1_p3_face","one_factor",25,"ML","default_port",400,400,392,377,0,0,0.255000000000011,33
"ml-gls","test","research47","r47_f1_p3_face","one_factor",25,"ML","layered_lbfgs",400,400,396,393,0,0,0.210000000000004,21
"ml-gls","test","research47","r47_f1_p3_face","one_factor",25,"ML","layered_port",400,400,400,399,0,0,0.188999999999988,20
"ml-gls","test","research47","r47_f1_p3_face","one_factor",100,"GLS","default",400,400,388,388,0,0,0.133999999999991,28
"ml-gls","test","research47","r47_f1_p3_face","one_factor",100,"GLS","default_port",400,400,363,363,0,0,0.146000000000004,29
"ml-gls","test","research47","r47_f1_p3_face","one_factor",100,"GLS","layered_lbfgs",400,400,400,400,0,0,0.121000000000009,19
"ml-gls","test","research47","r47_f1_p3_face","one_factor",100,"GLS","layered_port",400,400,400,400,0,0,0.113999999999997,19
"ml-gls","test","research47","r47_f1_p3_face","one_factor",100,"ML","default",400,400,400,400,0,0,0.123999999999993,33
"ml-gls","test","research47","r47_f1_p3_face","one_factor",100,"ML","default_port",400,400,400,400,0,0,0.125999999999991,33
"ml-gls","test","research47","r47_f1_p3_face","one_factor",100,"ML","layered_lbfgs",400,400,400,400,0,0,0.129,20
"ml-gls","test","research47","r47_f1_p3_face","one_factor",100,"ML","layered_port",400,400,400,400,0,0,0.134000000000002,19
"ml-gls","test","research47","r47_f1_p5","one_factor",25,"GLS","default",400,400,398,398,0,0,0.150999999999999,28
"ml-gls","test","research47","r47_f1_p5","one_factor",25,"GLS","default_port",400,400,396,395,0,0,0.178999999999992,27
"ml-gls","test","research47","r47_f1_p5","one_factor",25,"GLS","layered_lbfgs",400,400,400,400,0,0,0.156000000000002,16
"ml-gls","test","research47","r47_f1_p5","one_factor",25,"GLS","layered_port",400,400,400,400,0,0,0.154000000000003,15
"ml-gls","test","research47","r47_f1_p5","one_factor",25,"ML","default",400,400,400,400,0,0,0.157999999999997,26
"ml-gls","test","research47","r47_f1_p5","one_factor",25,"ML","default_port",400,400,400,400,0,0,0.177999999999986,24
"ml-gls","test","research47","r47_f1_p5","one_factor",25,"ML","layered_lbfgs",400,400,400,400,0,0,0.163999999999999,14
"ml-gls","test","research47","r47_f1_p5","one_factor",25,"ML","layered_port",400,400,400,400,0,0,0.138000000000001,12
"ml-gls","test","research47","r47_f1_p5","one_factor",100,"GLS","default",400,400,400,400,0,0,0.149000000000002,25
"ml-gls","test","research47","r47_f1_p5","one_factor",100,"GLS","default_port",400,400,397,397,0,0,0.175000000000002,24
"ml-gls","test","research47","r47_f1_p5","one_factor",100,"GLS","layered_lbfgs",400,400,400,400,0,0,0.131999999999999,13
"ml-gls","test","research47","r47_f1_p5","one_factor",100,"GLS","layered_port",400,400,400,400,0,0,0.133000000000001,12
"ml-gls","test","research47","r47_f1_p5","one_factor",100,"ML","default",400,400,400,400,0,0,0.13600000000001,24
"ml-gls","test","research47","r47_f1_p5","one_factor",100,"ML","default_port",400,400,400,400,0,0,0.142000000000004,22
"ml-gls","test","research47","r47_f1_p5","one_factor",100,"ML","layered_lbfgs",400,400,400,400,0,0,0.149999999999993,13
"ml-gls","test","research47","r47_f1_p5","one_factor",100,"ML","layered_port",400,400,400,400,0,0,0.125000000000002,11
"ml-gls","test","research47","r47_f1_p5_face","one_factor",25,"GLS","default",400,396,386,386,0,0,0.176999999999991,29
"ml-gls","test","research47","r47_f1_p5_face","one_factor",25,"GLS","default_port",400,396,378,369,0,0,0.223999999999995,28
"ml-gls","test","research47","r47_f1_p5_face","one_factor",25,"GLS","layered_lbfgs",400,396,396,396,0,0,0.141999999999999,18
"ml-gls","test","research47","r47_f1_p5_face","one_factor",25,"GLS","layered_port",400,396,396,396,0,0,0.198000000000034,16
"ml-gls","test","research47","r47_f1_p5_face","one_factor",25,"ML","default",400,400,400,400,0,0,0.180000000000005,35
"ml-gls","test","research47","r47_f1_p5_face","one_factor",25,"ML","default_port",400,400,400,400,0,0,0.19599999999996,36
"ml-gls","test","research47","r47_f1_p5_face","one_factor",25,"ML","layered_lbfgs",400,400,400,400,0,0,0.17000000000003,16
"ml-gls","test","research47","r47_f1_p5_face","one_factor",25,"ML","layered_port",400,400,400,400,0,0,0.145999999999988,15
"ml-gls","test","research47","r47_f1_p5_face","one_factor",100,"GLS","default",400,400,400,400,0,0,0.160000000000014,27
"ml-gls","test","research47","r47_f1_p5_face","one_factor",100,"GLS","default_port",400,400,390,390,0,0,0.22500000000001,26
"ml-gls","test","research47","r47_f1_p5_face","one_factor",100,"GLS","layered_lbfgs",400,400,400,400,0,0,0.152999999999999,15
"ml-gls","test","research47","r47_f1_p5_face","one_factor",100,"GLS","layered_port",400,400,400,400,0,0,0.204999999999987,13
"ml-gls","test","research47","r47_f1_p5_face","one_factor",100,"ML","default",400,400,400,400,0,0,0.180000000000017,33
"ml-gls","test","research47","r47_f1_p5_face","one_factor",100,"ML","default_port",400,400,400,400,0,0,0.19999999999998,34
"ml-gls","test","research47","r47_f1_p5_face","one_factor",100,"ML","layered_lbfgs",400,400,400,400,0,0,0.169000000000011,15
"ml-gls","test","research47","r47_f1_p5_face","one_factor",100,"ML","layered_port",400,400,400,400,0,0,0.159000000000001,13
"ml-gls","test","research47","r47_f2_r100","two_factor",25,"GLS","default",400,378,208,203,0,0.000999999999997669,0.278999999999996,36.5
"ml-gls","test","research47","r47_f2_r100","two_factor",25,"GLS","default_port",400,378,248,242,0,0.000999999999997669,0.428999999999959,38
"ml-gls","test","research47","r47_f2_r100","two_factor",25,"GLS","layered_lbfgs",400,378,364,364,0,0.000999999999997669,0.228999999999977,30
"ml-gls","test","research47","r47_f2_r100","two_factor",25,"GLS","layered_port",400,378,364,364,0,0.000999999999997669,0.396000000000071,28
"ml-gls","test","research47","r47_f2_r100","two_factor",25,"ML","default",400,396,388,388,0,0.000999999999997669,0.480000000000082,38
"ml-gls","test","research47","r47_f2_r100","two_factor",25,"ML","default_port",400,396,388,388,0,0.000999999999997669,0.403999999999996,42
"ml-gls","test","research47","r47_f2_r100","two_factor",25,"ML","layered_lbfgs",400,396,388,388,0,0.000999999999997669,0.240000000000044,30
"ml-gls","test","research47","r47_f2_r100","two_factor",25,"ML","layered_port",400,396,388,388,0,0.000999999999997669,0.330000000000055,29
"ml-gls","test","research47","r47_f2_r100","two_factor",100,"GLS","default",400,400,254,254,0,0.000999999999997669,0.254000000000061,28
"ml-gls","test","research47","r47_f2_r100","two_factor",100,"GLS","default_port",400,400,327,327,0,0.000999999999997669,0.300999999999987,29
"ml-gls","test","research47","r47_f2_r100","two_factor",100,"GLS","layered_lbfgs",400,400,400,400,0,0,0.18899999999995,24
"ml-gls","test","research47","r47_f2_r100","two_factor",100,"GLS","layered_port",400,400,400,400,0,0,0.200999999999958,22
"ml-gls","test","research47","r47_f2_r100","two_factor",100,"ML","default",400,400,400,400,0,0,0.203000000000052,33
"ml-gls","test","research47","r47_f2_r100","two_factor",100,"ML","default_port",400,400,400,400,0,0.000999999999997669,0.227000000000046,33
"ml-gls","test","research47","r47_f2_r100","two_factor",100,"ML","layered_lbfgs",400,400,400,400,0,0.000999999999997669,0.204000000000014,25
"ml-gls","test","research47","r47_f2_r100","two_factor",100,"ML","layered_port",400,400,400,400,0,0.000999999999997669,0.222000000000058,22
"ml-gls","test","research47","r47_f2_r90","two_factor",25,"GLS","default",400,384,225,222,0,0.000999999999997669,0.305999999999993,36
"ml-gls","test","research47","r47_f2_r90","two_factor",25,"GLS","default_port",400,384,282,280,0,0.000999999999997669,0.388999999999978,41
"ml-gls","test","research47","r47_f2_r90","two_factor",25,"GLS","layered_lbfgs",400,384,384,381,0,0,0.203000000000042,29
"ml-gls","test","research47","r47_f2_r90","two_factor",25,"GLS","layered_port",400,384,384,381,0,0.000999999999997669,0.287999999999975,28
"ml-gls","test","research47","r47_f2_r90","two_factor",25,"ML","default",400,400,394,389,0,0.000999999999997669,0.259999999999994,34
"ml-gls","test","research47","r47_f2_r90","two_factor",25,"ML","default_port",400,400,394,389,0,0.000999999999997669,0.260999999999988,36
"ml-gls","test","research47","r47_f2_r90","two_factor",25,"ML","layered_lbfgs",400,400,400,396,0,0.000999999999997669,0.214999999999985,28
"ml-gls","test","research47","r47_f2_r90","two_factor",25,"ML","layered_port",400,400,400,396,0,0.000999999999997669,0.230999999999976,27
"ml-gls","test","research47","r47_f2_r90","two_factor",100,"GLS","default",400,400,299,299,0,0.000999999999997669,0.230999999999959,28
"ml-gls","test","research47","r47_f2_r90","two_factor",100,"GLS","default_port",400,400,363,363,0,0.000999999999997669,0.278000000000052,32
"ml-gls","test","research47","r47_f2_r90","two_factor",100,"GLS","layered_lbfgs",400,400,400,400,0,0,0.182999999999943,22
"ml-gls","test","research47","r47_f2_r90","two_factor",100,"GLS","layered_port",400,400,400,400,0,0.000999999999997669,0.305000000000021,21
"ml-gls","test","research47","r47_f2_r90","two_factor",100,"ML","default",400,400,400,400,0,0.000999999999997669,0.207999999999955,30
"ml-gls","test","research47","r47_f2_r90","two_factor",100,"ML","default_port",400,400,400,400,0,0.000999999999997669,0.206999999999997,29
"ml-gls","test","research47","r47_f2_r90","two_factor",100,"ML","layered_lbfgs",400,400,400,400,0,0.000999999999997669,0.20499999999997,23
"ml-gls","test","research47","r47_f2_r90","two_factor",100,"ML","layered_port",400,400,400,400,0,0.000999999999997669,0.206000000000052,20
"ml-gls","test","research47","r47_f2_r97","two_factor",25,"GLS","default",400,381,204,202,0,0.000999999999997669,0.304999999999985,37
"ml-gls","test","research47","r47_f2_r97","two_factor",25,"GLS","default_port",400,381,242,239,0,0.000999999999997669,0.416999999999969,42
"ml-gls","test","research47","r47_f2_r97","two_factor",25,"GLS","layered_lbfgs",400,381,368,365,0,0.000999999999997669,0.235000000000074,30
"ml-gls","test","research47","r47_f2_r97","two_factor",25,"GLS","layered_port",400,381,372,369,0,0.000999999999997669,0.374999999999978,29
"ml-gls","test","research47","r47_f2_r97","two_factor",25,"ML","default",400,400,394,394,0,0.000999999999997669,0.399999999999949,38
"ml-gls","test","research47","r47_f2_r97","two_factor",25,"ML","default_port",400,400,392,392,0,0.000999999999997669,0.317000000000046,41
"ml-gls","test","research47","r47_f2_r97","two_factor",25,"ML","layered_lbfgs",400,400,388,388,0,0.000999999999997669,0.242000000000025,30
"ml-gls","test","research47","r47_f2_r97","two_factor",25,"ML","layered_port",400,400,391,388,0,0.000999999999997669,0.309999999999934,30
"ml-gls","test","research47","r47_f2_r97","two_factor",100,"GLS","default",400,400,276,276,0,0.000999999999997669,0.249999999999996,28
"ml-gls","test","research47","r47_f2_r97","two_factor",100,"GLS","default_port",400,400,346,346,0,0.000999999999997669,0.309999999999973,30
"ml-gls","test","research47","r47_f2_r97","two_factor",100,"GLS","layered_lbfgs",400,400,400,400,0,0,0.240999999999932,23
"ml-gls","test","research47","r47_f2_r97","two_factor",100,"GLS","layered_port",400,400,400,400,0,0,0.194999999999957,22
"ml-gls","test","research47","r47_f2_r97","two_factor",100,"ML","default",400,400,400,400,0,0.000999999999997669,0.214000000000037,31
"ml-gls","test","research47","r47_f2_r97","two_factor",100,"ML","default_port",400,400,400,400,0,0.000999999999997669,0.229000000000006,31
"ml-gls","test","research47","r47_f2_r97","two_factor",100,"ML","layered_lbfgs",400,400,400,400,0,0.000999999999997669,0.208000000000023,24
"ml-gls","test","research47","r47_f2_r97","two_factor",100,"ML","layered_port",400,400,400,400,0,0.000999999999997669,0.212999999999958,21
"ml-gls","test","research47","r47_f2_r99","two_factor",25,"GLS","default",400,377,211,211,0,0.000999999999997669,0.284999999999932,38
"ml-gls","test","research47","r47_f2_r99","two_factor",25,"GLS","default_port",400,377,244,243,0,0.000999999999997669,0.44600000000004,40
"ml-gls","test","research47","r47_f2_r99","two_factor",25,"GLS","layered_lbfgs",400,377,364,359,0,0.000999999999997669,0.254999999999974,30
"ml-gls","test","research47","r47_f2_r99","two_factor",25,"GLS","layered_port",400,377,368,363,0,0.000999999999997669,0.42199999999994,29
"ml-gls","test","research47","r47_f2_r99","two_factor",25,"ML","default",400,400,395,395,0,0.000999999999997669,0.639000000000024,39
"ml-gls","test","research47","r47_f2_r99","two_factor",25,"ML","default_port",400,400,393,393,0,0.000999999999997669,0.316000000000009,41
"ml-gls","test","research47","r47_f2_r99","two_factor",25,"ML","layered_lbfgs",400,400,392,392,0,0.000999999999997669,0.219000000000043,30
"ml-gls","test","research47","r47_f2_r99","two_factor",25,"ML","layered_port",400,400,399,392,0,0.000999999999997669,0.295999999999963,29
"ml-gls","test","research47","r47_f2_r99","two_factor",100,"GLS","default",400,400,258,258,0,0.000999999999997669,0.290000000000034,28
"ml-gls","test","research47","r47_f2_r99","two_factor",100,"GLS","default_port",400,400,332,332,0,0.000999999999997669,0.305000000000056,29
"ml-gls","test","research47","r47_f2_r99","two_factor",100,"GLS","layered_lbfgs",400,400,400,400,0,0,0.173000000000016,23
"ml-gls","test","research47","r47_f2_r99","two_factor",100,"GLS","layered_port",400,400,400,400,0,0,0.191999999999971,22
"ml-gls","test","research47","r47_f2_r99","two_factor",100,"ML","default",400,400,400,400,0,0,0.198999999999934,32.5
"ml-gls","test","research47","r47_f2_r99","two_factor",100,"ML","default_port",400,400,400,400,0,0.000999999999997669,0.222000000000051,32
"ml-gls","test","research47","r47_f2_r99","two_factor",100,"ML","layered_lbfgs",400,400,400,400,0,0.000999999999997669,0.205000000000005,24
"ml-gls","test","research47","r47_f2_r99","two_factor",100,"ML","layered_port",400,400,400,400,0,0.000999999999997669,0.231999999999914,22
"ml-gls","test","research47","r47_imp_f1_p5","one_factor",25,"GLS","default",400,400,290,286,0,0.000999999999997669,0.293000000000013,49
"ml-gls","test","research47","r47_imp_f1_p5","one_factor",25,"GLS","default_port",400,400,278,266,0,0.00100000000000122,0.617999999999984,35.5
"ml-gls","test","research47","r47_imp_f1_p5","one_factor",25,"GLS","layered_lbfgs",400,400,372,372,0,0.000999999999997669,0.20799999999997,25
"ml-gls","test","research47","r47_imp_f1_p5","one_factor",25,"GLS","layered_port",400,400,400,400,0,0,0.190999999999984,19
"ml-gls","test","research47","r47_imp_f1_p5","one_factor",25,"ML","default",400,400,400,400,0,0,0.194999999999972,48
"ml-gls","test","research47","r47_imp_f1_p5","one_factor",25,"ML","default_port",400,400,400,400,0,0.000999999999997669,0.225000000000022,49
"ml-gls","test","research47","r47_imp_f1_p5","one_factor",25,"ML","layered_lbfgs",400,400,400,400,0,0,0.171999999999993,23
"ml-gls","test","research47","r47_imp_f1_p5","one_factor",25,"ML","layered_port",400,400,400,400,0,0,0.163999999999973,21.5
"ml-gls","test","research47","r47_imp_f1_p5","one_factor",100,"GLS","default",400,400,342,342,0,0,0.230999999999994,39
"ml-gls","test","research47","r47_imp_f1_p5","one_factor",100,"GLS","default_port",400,400,319,317,0,0.000999999999997669,0.484999999999949,41
"ml-gls","test","research47","r47_imp_f1_p5","one_factor",100,"GLS","layered_lbfgs",400,400,400,400,0,0,0.158000000000026,27
"ml-gls","test","research47","r47_imp_f1_p5","one_factor",100,"GLS","layered_port",400,400,400,400,0,0,0.150000000000023,18
"ml-gls","test","research47","r47_imp_f1_p5","one_factor",100,"ML","default",400,400,400,400,0,0,0.181999999999991,43
"ml-gls","test","research47","r47_imp_f1_p5","one_factor",100,"ML","default_port",400,400,400,400,0,0.000999999999997669,0.215000000000017,45
"ml-gls","test","research47","r47_imp_f1_p5","one_factor",100,"ML","layered_lbfgs",400,400,400,400,0,0,0.181000000000011,24
"ml-gls","test","research47","r47_imp_f1_p5","one_factor",100,"ML","layered_port",400,400,400,400,0,0,0.153999999999954,20
"ml-gls","test","research47","r47_imp_f2_r103","two_factor",25,"GLS","default",400,368,193,190,0,0.000999999999997669,0.295000000000101,40
"ml-gls","test","research47","r47_imp_f2_r103","two_factor",25,"GLS","default_port",400,368,222,217,0,0.000999999999997669,0.446000000000047,41.5
"ml-gls","test","research47","r47_imp_f2_r103","two_factor",25,"GLS","layered_lbfgs",400,368,364,361,0,0.000999999999997669,0.25099999999999,32
"ml-gls","test","research47","r47_imp_f2_r103","two_factor",25,"GLS","layered_port",400,368,364,361,0,0.000999999999997669,0.394000000000048,30
"ml-gls","test","research47","r47_imp_f2_r103","two_factor",25,"ML","default",400,397,393,393,0,0.000999999999997669,0.462000000000018,42
"ml-gls","test","research47","r47_imp_f2_r103","two_factor",25,"ML","default_port",400,397,393,393,0,0.000999999999997669,0.319000000000038,47
"ml-gls","test","research47","r47_imp_f2_r103","two_factor",25,"ML","layered_lbfgs",400,397,392,392,0,0.000999999999997669,0.264000000000045,32
"ml-gls","test","research47","r47_imp_f2_r103","two_factor",25,"ML","layered_port",400,397,392,392,0,0.000999999999997669,0.298999999999942,32
"ml-gls","test","research47","r47_imp_f2_r103","two_factor",100,"GLS","default",400,400,234,234,0,0.000999999999997669,0.283000000000029,28
"ml-gls","test","research47","r47_imp_f2_r103","two_factor",100,"GLS","default_port",400,400,298,298,0,0.000999999999997669,0.312999999999974,28
"ml-gls","test","research47","r47_imp_f2_r103","two_factor",100,"GLS","layered_lbfgs",400,400,400,400,0,0,0.193000000000076,24
"ml-gls","test","research47","r47_imp_f2_r103","two_factor",100,"GLS","layered_port",400,400,400,400,0,0.000999999999997669,0.215000000000039,23
"ml-gls","test","research47","r47_imp_f2_r103","two_factor",100,"ML","default",400,400,400,400,0,0.000999999999997669,0.223999999999982,35
"ml-gls","test","research47","r47_imp_f2_r103","two_factor",100,"ML","default_port",400,400,400,400,0,0.000999999999997669,0.246999999999971,34
"ml-gls","test","research47","r47_imp_f2_r103","two_factor",100,"ML","layered_lbfgs",400,400,400,400,0,0.000999999999997669,0.225999999999921,25
"ml-gls","test","research47","r47_imp_f2_r103","two_factor",100,"ML","layered_port",400,400,400,400,0,0.000999999999997669,0.223999999999918,22
"ml-gls","test","research47","r47_mis_f2_resid","two_factor",25,"GLS","default",400,392,217,212,0,0.000999999999997669,0.287999999999947,42
"ml-gls","test","research47","r47_mis_f2_resid","two_factor",25,"GLS","default_port",400,392,250,244,0,0.000999999999997669,0.412999999999975,45
"ml-gls","test","research47","r47_mis_f2_resid","two_factor",25,"GLS","layered_lbfgs",400,392,384,380,0,0.000999999999997669,0.217000000000041,32
"ml-gls","test","research47","r47_mis_f2_resid","two_factor",25,"GLS","layered_port",400,392,384,382,0,0.000999999999997669,0.329999999999977,31
"ml-gls","test","research47","r47_mis_f2_resid","two_factor",25,"ML","default",400,400,396,396,0,0.000999999999997669,0.842000000000006,40
"ml-gls","test","research47","r47_mis_f2_resid","two_factor",25,"ML","default_port",400,400,396,396,0,0.000999999999997669,0.312000000000047,43.5
"ml-gls","test","research47","r47_mis_f2_resid","two_factor",25,"ML","layered_lbfgs",400,400,396,396,0,0.000999999999997669,0.236000000000004,31
"ml-gls","test","research47","r47_mis_f2_resid","two_factor",25,"ML","layered_port",400,400,396,396,0,0.000999999999997669,0.289000000000015,31
"ml-gls","test","research47","r47_mis_f2_resid","two_factor",100,"GLS","default",400,400,255,253,0,0.000999999999997669,0.247000000000085,29
"ml-gls","test","research47","r47_mis_f2_resid","two_factor",100,"GLS","default_port",400,400,318,317,0,0.000999999999997669,0.287999999999939,30
"ml-gls","test","research47","r47_mis_f2_resid","two_factor",100,"GLS","layered_lbfgs",400,400,400,400,0,0,0.171000000000013,25
"ml-gls","test","research47","r47_mis_f2_resid","two_factor",100,"GLS","layered_port",400,400,400,400,0,0.000999999999997669,0.244000000000056,23
"ml-gls","test","research47","r47_mis_f2_resid","two_factor",100,"ML","default",400,400,400,400,0,0.000999999999997669,0.208000000000026,33
"ml-gls","test","research47","r47_mis_f2_resid","two_factor",100,"ML","default_port",400,400,400,400,0,0.000999999999997669,0.200999999999936,33
"ml-gls","test","research47","r47_mis_f2_resid","two_factor",100,"ML","layered_lbfgs",400,400,400,400,0,0,0.193000000000005,24
"ml-gls","test","research47","r47_mis_f2_resid","two_factor",100,"ML","layered_port",400,400,400,400,0,0.000999999999997669,0.214999999999939,22
"ml-gls","test","research47","r47_path_r2_100","path",25,"GLS","default",400,300,105,105,0,0.00199999999999534,1.10799999999983,56
"ml-gls","test","research47","r47_path_r2_100","path",25,"GLS","default_port",400,300,105,102,0,0.00399999999999068,2.39400000000002,60
"ml-gls","test","research47","r47_path_r2_100","path",25,"GLS","layered_lbfgs",400,300,280,272,0,0.00100000000000477,0.804999999999921,45
"ml-gls","test","research47","r47_path_r2_100","path",25,"GLS","layered_port",400,300,281,277,0,0.00199999999999534,1.72900000000001,45
"ml-gls","test","research47","r47_path_r2_100","path",25,"ML","default",400,394,372,363,0,0.00100000000000477,0.859000000000008,44
"ml-gls","test","research47","r47_path_r2_100","path",25,"ML","default_port",400,394,382,366,0,0.00100000000000477,0.966999999999927,55
"ml-gls","test","research47","r47_path_r2_100","path",25,"ML","layered_lbfgs",400,394,375,367,0,0.00100000000000477,0.93600000000002,36
"ml-gls","test","research47","r47_path_r2_100","path",25,"ML","layered_port",400,394,389,375,0,0.00100000000000477,0.876000000000046,40
"ml-gls","test","research47","r47_path_r2_100","path",100,"GLS","default",400,400,212,212,0,0.00100000000000477,0.787000000000105,42
"ml-gls","test","research47","r47_path_r2_100","path",100,"GLS","default_port",400,400,209,209,0,0.00199999999999534,1.08099999999978,46
"ml-gls","test","research47","r47_path_r2_100","path",100,"GLS","layered_lbfgs",400,400,400,400,0,0.00100000000000477,0.357000000000084,28
"ml-gls","test","research47","r47_path_r2_100","path",100,"GLS","layered_port",400,400,400,400,0,0.00100000000000477,0.389999999999929,27
"ml-gls","test","research47","r47_path_r2_100","path",100,"ML","default",400,400,400,400,0,0.00100000000000477,0.352999999999937,36
"ml-gls","test","research47","r47_path_r2_100","path",100,"ML","default_port",400,400,400,400,0,0.00100000000000477,0.427999999999968,36
"ml-gls","test","research47","r47_path_r2_100","path",100,"ML","layered_lbfgs",400,400,400,400,0,0.00100000000000477,0.364999999999809,27
"ml-gls","test","research47","r47_path_r2_100","path",100,"ML","layered_port",400,400,400,400,0,0.00100000000000477,0.408000000000128,25
"ml-gls","test","research47","r47_path_r2_90","path",25,"GLS","default",400,300,116,114,0,0.00199999999999534,1.05199999999996,64
"ml-gls","test","research47","r47_path_r2_90","path",25,"GLS","default_port",400,300,112,110,0,0.00300000000000011,2.14700000000012,63.5
"ml-gls","test","research47","r47_path_r2_90","path",25,"GLS","layered_lbfgs",400,300,278,278,0,0.00100000000000477,0.757000000000026,51
"ml-gls","test","research47","r47_path_r2_90","path",25,"GLS","layered_port",400,300,279,279,0,0.00100000000000477,1.64199999999995,47
"ml-gls","test","research47","r47_path_r2_90","path",25,"ML","default",400,389,367,367,0,0.000999999999997669,0.788000000000031,46
"ml-gls","test","research47","r47_path_r2_90","path",25,"ML","default_port",400,389,382,376,0,0.00100000000000477,0.902999999999891,56
"ml-gls","test","research47","r47_path_r2_90","path",25,"ML","layered_lbfgs",400,389,353,353,0,0.000999999999997669,0.877999999999964,37
"ml-gls","test","research47","r47_path_r2_90","path",25,"ML","layered_port",400,389,373,367,0,0.00100000000000477,1.04399999999999,40
"ml-gls","test","research47","r47_path_r2_90","path",100,"GLS","default",400,400,223,223,0,0.00100000000000477,0.804999999999971,42
"ml-gls","test","research47","r47_path_r2_90","path",100,"GLS","default_port",400,400,208,208,0,0.00199999999999534,1.06400000000019,46
"ml-gls","test","research47","r47_path_r2_90","path",100,"GLS","layered_lbfgs",400,400,400,400,0,0.000999999999997669,0.316999999999957,28
"ml-gls","test","research47","r47_path_r2_90","path",100,"GLS","layered_port",400,400,400,400,0,0.000999999999997669,0.368000000000023,27
"ml-gls","test","research47","r47_path_r2_90","path",100,"ML","default",400,400,400,400,0,0.000999999999997669,0.335999999999977,34
"ml-gls","test","research47","r47_path_r2_90","path",100,"ML","default_port",400,400,400,400,0,0.000999999999997669,0.416999999999987,35
"ml-gls","test","research47","r47_path_r2_90","path",100,"ML","layered_lbfgs",400,400,400,400,0,0.000999999999997669,0.355999999999965,27
"ml-gls","test","research47","r47_path_r2_90","path",100,"ML","layered_port",400,400,400,400,0,0.000999999999997669,0.379999999999931,25.5
"ml-gls","test","wolf","wolf_1f4i_l50","cfa",25,"GLS","default",400,391,342,342,0,0,0.167000000000058,26
"ml-gls","test","wolf","wolf_1f4i_l50","cfa",25,"GLS","default_port",400,391,353,350,0,0,0.224000000000074,33
"ml-gls","test","wolf","wolf_1f4i_l50","cfa",25,"GLS","layered_lbfgs",400,391,372,372,0,0,0.15900000000002,22
"ml-gls","test","wolf","wolf_1f4i_l50","cfa",25,"GLS","layered_port",400,391,380,380,0,0,0.237999999999999,22
"ml-gls","test","wolf","wolf_1f4i_l50","cfa",25,"ML","default",400,387,342,341,0,0,0.309999999999945,23
"ml-gls","test","wolf","wolf_1f4i_l50","cfa",25,"ML","default_port",400,387,365,351,0,0.00100000000000477,0.509000000000241,26
"ml-gls","test","wolf","wolf_1f4i_l50","cfa",25,"ML","layered_lbfgs",400,387,367,365,0,0,0.277999999999877,23
"ml-gls","test","wolf","wolf_1f4i_l50","cfa",25,"ML","layered_port",400,387,376,375,0,0,0.381000000000028,23
"ml-gls","test","wolf","wolf_1f4i_l50","cfa",100,"GLS","default",400,396,384,384,0,0,0.150000000000176,22
"ml-gls","test","wolf","wolf_1f4i_l50","cfa",100,"GLS","default_port",400,396,362,362,0,0,0.181000000000011,31
"ml-gls","test","wolf","wolf_1f4i_l50","cfa",100,"GLS","layered_lbfgs",400,396,396,396,0,0,0.142000000000137,19
"ml-gls","test","wolf","wolf_1f4i_l50","cfa",100,"GLS","layered_port",400,396,396,396,0,0,0.162000000000006,20
"ml-gls","test","wolf","wolf_1f4i_l50","cfa",100,"ML","default",400,400,396,396,0,0,0.179999999999779,20
"ml-gls","test","wolf","wolf_1f4i_l50","cfa",100,"ML","default_port",400,400,398,398,0,0,0.18599999999995,24
"ml-gls","test","wolf","wolf_1f4i_l50","cfa",100,"ML","layered_lbfgs",400,400,396,396,0,0,0.174999999999897,20
"ml-gls","test","wolf","wolf_1f4i_l50","cfa",100,"ML","layered_port",400,400,398,398,0,0,0.187999999999959,20
"ml-gls","test","wolf","wolf_1f4i_l80","cfa",25,"GLS","default",400,396,385,385,0,0,0.134000000000042,24
"ml-gls","test","wolf","wolf_1f4i_l80","cfa",25,"GLS","default_port",400,396,391,391,0,0,0.175999999999959,23
"ml-gls","test","wolf","wolf_1f4i_l80","cfa",25,"GLS","layered_lbfgs",400,396,396,396,0,0,0.143000000000142,15
"ml-gls","test","wolf","wolf_1f4i_l80","cfa",25,"GLS","layered_port",400,396,396,396,0,0,0.163000000000152,14
"ml-gls","test","wolf","wolf_1f4i_l80","cfa",25,"ML","default",400,400,400,400,0,0,0.135999999999711,19
"ml-gls","test","wolf","wolf_1f4i_l80","cfa",25,"ML","default_port",400,400,400,400,0,0,0.137000000000085,17
"ml-gls","test","wolf","wolf_1f4i_l80","cfa",25,"ML","layered_lbfgs",400,400,400,400,0,0,0.139999999999986,15
"ml-gls","test","wolf","wolf_1f4i_l80","cfa",25,"ML","layered_port",400,400,400,400,0,0,0.136000000000109,13
"ml-gls","test","wolf","wolf_1f4i_l80","cfa",100,"GLS","default",400,400,400,400,0,0,0.132000000000061,22
"ml-gls","test","wolf","wolf_1f4i_l80","cfa",100,"GLS","default_port",400,400,384,384,0,0,0.136999999999801,20
"ml-gls","test","wolf","wolf_1f4i_l80","cfa",100,"GLS","layered_lbfgs",400,400,400,400,0,0,0.12700000000018,13
"ml-gls","test","wolf","wolf_1f4i_l80","cfa",100,"GLS","layered_port",400,400,400,400,0,0,0.134000000000042,12
"ml-gls","test","wolf","wolf_1f4i_l80","cfa",100,"ML","default",400,400,400,400,0,0,0.126999999999782,17
"ml-gls","test","wolf","wolf_1f4i_l80","cfa",100,"ML","default_port",400,400,400,400,0,0,0.134000000000071,16
"ml-gls","test","wolf","wolf_1f4i_l80","cfa",100,"ML","layered_lbfgs",400,400,400,400,0,0,0.138000000000005,13
"ml-gls","test","wolf","wolf_1f4i_l80","cfa",100,"ML","layered_port",400,400,400,400,0,0,0.142000000000308,11
"ml-gls","test","wolf","wolf_1f6i_l50","cfa",25,"GLS","default",400,358,327,322,0,0.000999999999976353,0.262999999999919,32
"ml-gls","test","wolf","wolf_1f6i_l50","cfa",25,"GLS","default_port",400,358,330,320,0,0.00100000000000477,0.470000000000083,39
"ml-gls","test","wolf","wolf_1f6i_l50","cfa",25,"GLS","layered_lbfgs",400,358,333,325,0,0.000999999999976353,0.305000000000006,28
"ml-gls","test","wolf","wolf_1f6i_l50","cfa",25,"GLS","layered_port",400,358,340,333,0,0.00100000000000477,0.536000000000029,28
"ml-gls","test","wolf","wolf_1f6i_l50","cfa",25,"ML","default",400,391,367,364,0,0.000999999999976353,0.349999999999908,24
"ml-gls","test","wolf","wolf_1f6i_l50","cfa",25,"ML","default_port",400,391,374,372,0,0.00100000000000477,0.474000000000017,26
"ml-gls","test","wolf","wolf_1f6i_l50","cfa",25,"ML","layered_lbfgs",400,391,368,364,0,0.000999999999976353,0.284999999999939,23.5
"ml-gls","test","wolf","wolf_1f6i_l50","cfa",25,"ML","layered_port",400,391,384,373,0,0.00100000000000477,0.505000000000165,25.5
"ml-gls","test","wolf","wolf_1f6i_l50","cfa",100,"GLS","default",400,400,392,392,0,0,0.199000000000097,24
"ml-gls","test","wolf","wolf_1f6i_l50","cfa",100,"GLS","default_port",400,400,342,342,0,0.00100000000000477,0.248000000000046,34
"ml-gls","test","wolf","wolf_1f6i_l50","cfa",100,"GLS","layered_lbfgs",400,400,400,400,0,0,0.20399999999978,22
"ml-gls","test","wolf","wolf_1f6i_l50","cfa",100,"GLS","layered_port",400,400,400,400,0,0.000999999999976353,0.216000000000121,25
"ml-gls","test","wolf","wolf_1f6i_l50","cfa",100,"ML","default",400,400,400,400,0,0,0.189000000000134,22
"ml-gls","test","wolf","wolf_1f6i_l50","cfa",100,"ML","default_port",400,400,400,400,0,0.000999999999976353,0.231000000000079,26
"ml-gls","test","wolf","wolf_1f6i_l50","cfa",100,"ML","layered_lbfgs",400,400,400,400,0,0,0.187999999999959,23
"ml-gls","test","wolf","wolf_1f6i_l50","cfa",100,"ML","layered_port",400,400,400,400,0,0.000999999999976353,0.21499999999986,23
"ml-gls","test","wolf","wolf_1f6i_l80","cfa",25,"GLS","default",400,396,390,390,0,0.000999999999976353,0.223000000000268,29
"ml-gls","test","wolf","wolf_1f6i_l80","cfa",25,"GLS","default_port",400,396,381,375,0,0.000999999999976353,0.256999999999919,27
"ml-gls","test","wolf","wolf_1f6i_l80","cfa",25,"GLS","layered_lbfgs",400,396,392,392,0,0,0.178000000000167,19
"ml-gls","test","wolf","wolf_1f6i_l80","cfa",25,"GLS","layered_port",400,396,396,396,0,0,0.204000000000121,17
"ml-gls","test","wolf","wolf_1f6i_l80","cfa",25,"ML","default",400,400,400,400,0,0.000999999999976353,0.208000000000054,21
"ml-gls","test","wolf","wolf_1f6i_l80","cfa",25,"ML","default_port",400,400,400,400,0,0,0.196999999999661,18
"ml-gls","test","wolf","wolf_1f6i_l80","cfa",25,"ML","layered_lbfgs",400,400,400,400,0,0,0.181000000000096,16
"ml-gls","test","wolf","wolf_1f6i_l80","cfa",25,"ML","layered_port",400,400,400,400,0,0.000999999999976353,0.21500000000023,14
"ml-gls","test","wolf","wolf_1f6i_l80","cfa",100,"GLS","default",400,400,399,399,0,0,0.176999999999736,24
"ml-gls","test","wolf","wolf_1f6i_l80","cfa",100,"GLS","default_port",400,400,372,372,0,0,0.198000000000035,22
"ml-gls","test","wolf","wolf_1f6i_l80","cfa",100,"GLS","layered_lbfgs",400,400,400,400,0,0,0.186000000000006,14
"ml-gls","test","wolf","wolf_1f6i_l80","cfa",100,"GLS","layered_port",400,400,400,400,0,0,0.164999999999935,12
"ml-gls","test","wolf","wolf_1f6i_l80","cfa",100,"ML","default",400,400,400,400,0,0,0.16500000000002,18
"ml-gls","test","wolf","wolf_1f6i_l80","cfa",100,"ML","default_port",400,400,400,400,0,0,0.174999999999982,15
"ml-gls","test","wolf","wolf_1f6i_l80","cfa",100,"ML","layered_lbfgs",400,400,400,400,0,0,0.163000000000238,13
"ml-gls","test","wolf","wolf_1f6i_l80","cfa",100,"ML","layered_port",400,400,400,400,0,0,0.182999999999992,11
"ml-gls","test","wolf","wolf_1f8i_l50","cfa",25,"GLS","default",400,336,280,274,0,0.00100000000000477,0.400000000000317,43
"ml-gls","test","wolf","wolf_1f8i_l50","cfa",25,"GLS","default_port",400,336,282,273,0,0.00100000000000477,0.832000000000078,47
"ml-gls","test","wolf","wolf_1f8i_l50","cfa",25,"GLS","layered_lbfgs",400,336,268,266,0,0.00100000000000477,0.447999999999893,40
"ml-gls","test","wolf","wolf_1f8i_l50","cfa",25,"GLS","layered_port",400,336,300,295,0,0.00100000000000477,0.988999999999833,39
"ml-gls","test","wolf","wolf_1f8i_l50","cfa",25,"ML","default",400,384,368,364,0,0.00100000000000477,0.383000000000066,26
"ml-gls","test","wolf","wolf_1f8i_l50","cfa",25,"ML","default_port",400,384,384,378,0,0.00100000000000477,0.579000000000035,29
"ml-gls","test","wolf","wolf_1f8i_l50","cfa",25,"ML","layered_lbfgs",400,384,368,364,0,0.00100000000000477,0.371000000000008,27
"ml-gls","test","wolf","wolf_1f8i_l50","cfa",25,"ML","layered_port",400,384,383,376,0,0.00100000000000477,0.590999999999553,30
"ml-gls","test","wolf","wolf_1f8i_l50","cfa",100,"GLS","default",400,400,388,388,0,0.00100000000000477,0.279000000000052,26
"ml-gls","test","wolf","wolf_1f8i_l50","cfa",100,"GLS","default_port",400,400,312,312,0,0.00100000000000477,0.33600000000004,36
"ml-gls","test","wolf","wolf_1f8i_l50","cfa",100,"GLS","layered_lbfgs",400,400,400,400,0,0.000999999999976353,0.207999999999884,25
"ml-gls","test","wolf","wolf_1f8i_l50","cfa",100,"GLS","layered_port",400,400,400,400,0,0.00100000000000477,0.260999999999966,27
"ml-gls","test","wolf","wolf_1f8i_l50","cfa",100,"ML","default",400,400,400,400,0,0.000999999999976353,0.233000000000145,22
"ml-gls","test","wolf","wolf_1f8i_l50","cfa",100,"ML","default_port",400,400,400,400,0,0.00100000000000477,0.268000000000199,25
"ml-gls","test","wolf","wolf_1f8i_l50","cfa",100,"ML","layered_lbfgs",400,400,400,400,0,0.00100000000000477,0.245000000000146,23
"ml-gls","test","wolf","wolf_1f8i_l50","cfa",100,"ML","layered_port",400,400,400,400,0,0.00100000000000477,0.280000000000028,23
"ml-gls","test","wolf","wolf_1f8i_l80","cfa",25,"GLS","default",400,388,372,370,0,0.00100000000000477,0.304999999999835,36
"ml-gls","test","wolf","wolf_1f8i_l80","cfa",25,"GLS","default_port",400,388,341,328,0,0.00100000000000477,0.473999999999875,32
"ml-gls","test","wolf","wolf_1f8i_l80","cfa",25,"GLS","layered_lbfgs",400,388,384,378,0,0.00100000000000477,0.266000000000019,25
"ml-gls","test","wolf","wolf_1f8i_l80","cfa",25,"GLS","layered_port",400,388,388,382,0,0.00100000000000477,0.342000000000041,24
"ml-gls","test","wolf","wolf_1f8i_l80","cfa",25,"ML","default",400,400,400,400,0,0.000999999999976353,0.225000000000107,22
"ml-gls","test","wolf","wolf_1f8i_l80","cfa",25,"ML","default_port",400,400,400,400,0,0.00100000000000477,0.24399999999997,22
"ml-gls","test","wolf","wolf_1f8i_l80","cfa",25,"ML","layered_lbfgs",400,400,400,400,0,0.00100000000000477,0.242999999999966,19
"ml-gls","test","wolf","wolf_1f8i_l80","cfa",25,"ML","layered_port",400,400,400,400,0,0.000999999999976353,0.231000000000136,18
"ml-gls","test","wolf","wolf_1f8i_l80","cfa",100,"GLS","default",400,400,391,391,0,0.00100000000000477,0.260999999999938,25
"ml-gls","test","wolf","wolf_1f8i_l80","cfa",100,"GLS","default_port",400,400,345,345,0,0.00100000000000477,0.305000000000006,23
"ml-gls","test","wolf","wolf_1f8i_l80","cfa",100,"GLS","layered_lbfgs",400,400,400,400,0,0.000999999999976353,0.225999999999771,16
"ml-gls","test","wolf","wolf_1f8i_l80","cfa",100,"GLS","layered_port",400,400,400,400,0,0.00100000000000477,0.256000000000113,14
"ml-gls","test","wolf","wolf_1f8i_l80","cfa",100,"ML","default",400,400,400,400,0,0.000999999999976353,0.227999999999894,18
"ml-gls","test","wolf","wolf_1f8i_l80","cfa",100,"ML","default_port",400,400,400,400,0,0.00100000000000477,0.240000000000093,15
"ml-gls","test","wolf","wolf_1f8i_l80","cfa",100,"ML","layered_lbfgs",400,400,400,400,0,0.00100000000000477,0.240000000000065,14
"ml-gls","test","wolf","wolf_1f8i_l80","cfa",100,"ML","layered_port",400,400,400,400,0,0.000999999999976353,0.230999999999738,11
"ml-gls","test","wolf","wolf_2f3i_l50","cfa",25,"GLS","default",400,291,115,112,0,0.00100000000000477,0.44199999999995,58
"ml-gls","test","wolf","wolf_2f3i_l50","cfa",25,"GLS","default_port",400,291,134,130,0,0.00100000000000477,0.971000000000174,68.5
"ml-gls","test","wolf","wolf_2f3i_l50","cfa",25,"GLS","layered_lbfgs",400,291,205,197,0,0.00100000000000477,0.438000000000044,52
"ml-gls","test","wolf","wolf_2f3i_l50","cfa",25,"GLS","layered_port",400,291,219,207,0,0.00100000000000477,1.23800000000003,54
"ml-gls","test","wolf","wolf_2f3i_l50","cfa",25,"ML","default",400,345,182,168,0,0.00100000000000477,1.61100000000007,53
"ml-gls","test","wolf","wolf_2f3i_l50","cfa",25,"ML","default_port",400,345,222,195,0,0.00200000000000955,1.81400000000008,65
"ml-gls","test","wolf","wolf_2f3i_l50","cfa",25,"ML","layered_lbfgs",400,345,246,235,0,0.00100000000000477,1.20899999999978,59
"ml-gls","test","wolf","wolf_2f3i_l50","cfa",25,"ML","layered_port",400,345,310,265,0,0.00100000000000477,1.536,68
"ml-gls","test","wolf","wolf_2f3i_l50","cfa",100,"GLS","default",400,388,283,283,0,0.00100000000000477,0.302999999999854,35
"ml-gls","test","wolf","wolf_2f3i_l50","cfa",100,"GLS","default_port",400,388,293,293,0,0.00100000000000477,0.490000000000008,50
"ml-gls","test","wolf","wolf_2f3i_l50","cfa",100,"GLS","layered_lbfgs",400,388,380,376,0,0.000999999999976353,0.255000000000137,29
"ml-gls","test","wolf","wolf_2f3i_l50","cfa",100,"GLS","layered_port",400,388,380,376,0,0.00100000000000477,0.404000000000024,31
"ml-gls","test","wolf","wolf_2f3i_l50","cfa",100,"ML","default",400,388,378,378,0,0.000999999999976353,0.476999999999776,31
"ml-gls","test","wolf","wolf_2f3i_l50","cfa",100,"ML","default_port",400,388,385,384,0,0.00100000000000477,0.507000000000032,35
"ml-gls","test","wolf","wolf_2f3i_l50","cfa",100,"ML","layered_lbfgs",400,388,376,376,0,0.000999999999976353,0.527000000000157,28
"ml-gls","test","wolf","wolf_2f3i_l50","cfa",100,"ML","layered_port",400,388,386,382,0,0.00100000000000477,0.580000000000211,29
"ml-gls","test","wolf","wolf_2f3i_l80","cfa",25,"GLS","default",400,392,336,333,0,0.00100000000000477,0.287999999999726,39
"ml-gls","test","wolf","wolf_2f3i_l80","cfa",25,"GLS","default_port",400,392,355,351,0,0.00100000000000477,0.405999999999977,44
"ml-gls","test","wolf","wolf_2f3i_l80","cfa",25,"GLS","layered_lbfgs",400,392,392,388,0,0.000999999999976353,0.224000000000074,23
"ml-gls","test","wolf","wolf_2f3i_l80","cfa",25,"GLS","layered_port",400,392,392,388,0,0.00100000000000477,0.298000000000228,22
"ml-gls","test","wolf","wolf_2f3i_l80","cfa",25,"ML","default",400,400,400,400,0,0.000999999999976353,0.207000000000334,26
"ml-gls","test","wolf","wolf_2f3i_l80","cfa",25,"ML","default_port",400,400,400,400,0,0.000999999999976353,0.222999999999671,26
"ml-gls","test","wolf","wolf_2f3i_l80","cfa",25,"ML","layered_lbfgs",400,400,400,400,0,0,0.194000000000073,20
"ml-gls","test","wolf","wolf_2f3i_l80","cfa",25,"ML","layered_port",400,400,400,400,0,0.000999999999976353,0.228999999999956,19
"ml-gls","test","wolf","wolf_2f3i_l80","cfa",100,"GLS","default",400,400,387,387,0,0.00100000000000477,0.279000000000223,33
"ml-gls","test","wolf","wolf_2f3i_l80","cfa",100,"GLS","default_port",400,400,385,385,0,0.00100000000000477,0.288999999999844,33
"ml-gls","test","wolf","wolf_2f3i_l80","cfa",100,"GLS","layered_lbfgs",400,400,400,400,0,0,0.187000000000153,19
"ml-gls","test","wolf","wolf_2f3i_l80","cfa",100,"GLS","layered_port",400,400,400,400,0,0,0.194999999999936,17
"ml-gls","test","wolf","wolf_2f3i_l80","cfa",100,"ML","default",400,400,400,400,0,0,0.192000000000063,23
"ml-gls","test","wolf","wolf_2f3i_l80","cfa",100,"ML","default_port",400,400,400,400,0,0.000999999999976353,0.21900000000005,20
"ml-gls","test","wolf","wolf_2f3i_l80","cfa",100,"ML","layered_lbfgs",400,400,400,400,0,0,0.191999999999978,18
"ml-gls","test","wolf","wolf_2f3i_l80","cfa",100,"ML","layered_port",400,400,400,400,0,0,0.189999999999912,15
"ml-gls","test","wolf","wolf_2f6i_l50","cfa",25,"GLS","default",400,250,163,147,0,0.00200000000000955,1.11000000000061,78
"ml-gls","test","wolf","wolf_2f6i_l50","cfa",25,"GLS","default_port",400,250,174,161,0,0.0029999999999859,2.35399999999982,78
"ml-gls","test","wolf","wolf_2f6i_l50","cfa",25,"GLS","layered_lbfgs",400,250,178,164,0,0.00200000000000955,1.16500000000019,63
"ml-gls","test","wolf","wolf_2f6i_l50","cfa",25,"GLS","layered_port",400,250,189,182,0,0.00800000000002399,2.9760000000006,64
"ml-gls","test","wolf","wolf_2f6i_l50","cfa",25,"ML","default",400,378,330,316,0,0.00100000000000477,1.49400000000045,42.5
"ml-gls","test","wolf","wolf_2f6i_l50","cfa",25,"ML","default_port",400,378,365,338,0,0.00199999999999534,1.81899999999968,60
"ml-gls","test","wolf","wolf_2f6i_l50","cfa",25,"ML","layered_lbfgs",400,378,342,339,0,0.00100000000000477,1.02700000000016,43
"ml-gls","test","wolf","wolf_2f6i_l50","cfa",25,"ML","layered_port",400,378,366,358,0,0.00199999999998113,1.73500000000007,59
"ml-gls","test","wolf","wolf_2f6i_l50","cfa",100,"GLS","default",400,400,339,339,0,0.00100000000000477,0.62299999999999,36
"ml-gls","test","wolf","wolf_2f6i_l50","cfa",100,"GLS","default_port",400,400,300,300,0,0.00200000000000955,0.809999999999632,53
"ml-gls","test","wolf","wolf_2f6i_l50","cfa",100,"GLS","layered_lbfgs",400,400,400,400,0,0.00100000000000477,0.449999999999704,35
"ml-gls","test","wolf","wolf_2f6i_l50","cfa",100,"GLS","layered_port",400,400,400,400,0,0.00100000000000477,0.584000000000315,39
"ml-gls","test","wolf","wolf_2f6i_l50","cfa",100,"ML","default",400,400,400,400,0,0.00100000000000477,0.433000000000248,30
"ml-gls","test","wolf","wolf_2f6i_l50","cfa",100,"ML","default_port",400,400,400,400,0,0.0010000000000332,0.608000000000316,35
"ml-gls","test","wolf","wolf_2f6i_l50","cfa",100,"ML","layered_lbfgs",400,400,400,400,0,0.00100000000000477,0.453999999999467,31
"ml-gls","test","wolf","wolf_2f6i_l50","cfa",100,"ML","layered_port",400,400,400,400,0,0.00100000000000477,0.584000000000344,32
"ml-gls","test","wolf","wolf_2f6i_l80","cfa",25,"GLS","default",400,318,261,247,0,0.00200000000000955,1.09399999999937,56
"ml-gls","test","wolf","wolf_2f6i_l80","cfa",25,"GLS","default_port",400,318,228,215,0,0.00200000000000955,2.16699999999963,52
"ml-gls","test","wolf","wolf_2f6i_l80","cfa",25,"GLS","layered_lbfgs",400,318,293,287,0,0.0010000000000332,0.868000000000564,43
"ml-gls","test","wolf","wolf_2f6i_l80","cfa",25,"GLS","layered_port",400,318,308,303,0,0.00200000000000955,1.78799999999939,44
"ml-gls","test","wolf","wolf_2f6i_l80","cfa",25,"ML","default",400,400,400,400,0,0.000999999999976353,0.40099999999859,31
"ml-gls","test","wolf","wolf_2f6i_l80","cfa",25,"ML","default_port",400,400,400,400,0,0.0010000000000332,0.574999999999591,37
"ml-gls","test","wolf","wolf_2f6i_l80","cfa",25,"ML","layered_lbfgs",400,400,400,400,0,0.000999999999976353,0.376000000000204,25
"ml-gls","test","wolf","wolf_2f6i_l80","cfa",25,"ML","layered_port",400,400,400,400,0,0.0010000000000332,0.508999999999447,29
"ml-gls","test","wolf","wolf_2f6i_l80","cfa",100,"GLS","default",400,400,382,382,0,0.0010000000000332,0.550999999999761,39
"ml-gls","test","wolf","wolf_2f6i_l80","cfa",100,"GLS","default_port",400,400,306,306,0,0.00199999999995271,0.698999999999956,36
"ml-gls","test","wolf","wolf_2f6i_l80","cfa",100,"GLS","layered_lbfgs",400,400,400,400,0,0.000999999999976353,0.426999999999396,21
"ml-gls","test","wolf","wolf_2f6i_l80","cfa",100,"GLS","layered_port",400,400,400,400,0,0.0010000000000332,0.482000000000938,20
"ml-gls","test","wolf","wolf_2f6i_l80","cfa",100,"ML","default",400,400,400,400,0,0.000999999999976353,0.421999999999969,23
"ml-gls","test","wolf","wolf_2f6i_l80","cfa",100,"ML","default_port",400,400,400,400,0,0.0010000000000332,0.483000000000744,20
"ml-gls","test","wolf","wolf_2f6i_l80","cfa",100,"ML","layered_lbfgs",400,400,400,400,0,0.000999999999976353,0.417000000000201,18
"ml-gls","test","wolf","wolf_2f6i_l80","cfa",100,"ML","layered_port",400,400,400,400,0,0.0010000000000332,0.441000000000713,16
"ml-gls","test","wolf","wolf_2f8i_l50","cfa",26,"GLS","default",400,212,83,77,0,0.00600000000002865,2.78000000000066,153
"ml-gls","test","wolf","wolf_2f8i_l50","cfa",26,"GLS","default_port",400,212,109,98,0,0.0144999999999982,5.37899999999991,146
"ml-gls","test","wolf","wolf_2f8i_l50","cfa",26,"GLS","layered_lbfgs",400,212,70,51,0,0.007000000000005,3.0830000000006,137
"ml-gls","test","wolf","wolf_2f8i_l50","cfa",26,"GLS","layered_port",400,212,128,112,0,0.0179999999999723,6.13399999999934,142.5
"ml-gls","test","wolf","wolf_2f8i_l50","cfa",26,"ML","default",400,377,361,347,0,0.00200000000000955,1.43599999999998,45
"ml-gls","test","wolf","wolf_2f8i_l50","cfa",26,"ML","default_port",400,377,367,351,0,0.00300000000004275,2.43700000000041,84
"ml-gls","test","wolf","wolf_2f8i_l50","cfa",26,"ML","layered_lbfgs",400,377,355,349,0,0.00200000000000955,2.05300000000034,44
"ml-gls","test","wolf","wolf_2f8i_l50","cfa",26,"ML","layered_port",400,377,366,357,0,0.0029999999999859,2.62099999999913,78
"ml-gls","test","wolf","wolf_2f8i_l50","cfa",100,"GLS","default",400,396,321,321,0,0.00200000000000955,1.06100000000077,40
"ml-gls","test","wolf","wolf_2f8i_l50","cfa",100,"GLS","default_port",400,396,297,297,0,0.0029999999999859,1.4989999999998,58
"ml-gls","test","wolf","wolf_2f8i_l50","cfa",100,"GLS","layered_lbfgs",400,396,396,394,0,0.00200000000000955,0.788000000000068,39
"ml-gls","test","wolf","wolf_2f8i_l50","cfa",100,"GLS","layered_port",400,396,396,394,0,0.00200000000000955,1.13599999999985,44
"ml-gls","test","wolf","wolf_2f8i_l50","cfa",100,"ML","default",400,400,400,400,0,0.00149999999999296,0.646999999999651,30
"ml-gls","test","wolf","wolf_2f8i_l50","cfa",100,"ML","default_port",400,400,400,400,0,0.00200000000000955,0.89200000000028,34
"ml-gls","test","wolf","wolf_2f8i_l50","cfa",100,"ML","layered_lbfgs",400,400,400,400,0,0.00199999999995271,0.670000000000073,31
"ml-gls","test","wolf","wolf_2f8i_l50","cfa",100,"ML","layered_port",400,400,400,400,0,0.00200000000000955,0.904000000000338,31.5
"ml-gls","test","wolf","wolf_2f8i_l80","cfa",26,"GLS","default",400,267,125,107,0,0.0050000000000523,2.60499999999917,85
"ml-gls","test","wolf","wolf_2f8i_l80","cfa",26,"GLS","default_port",400,267,148,136,0,0.00900000000001455,4.98100000000023,124
"ml-gls","test","wolf","wolf_2f8i_l80","cfa",26,"GLS","layered_lbfgs",400,267,123,115,0,0.00599999999997181,2.54799999999892,70
"ml-gls","test","wolf","wolf_2f8i_l80","cfa",26,"GLS","layered_port",400,267,216,185,0,0.00599999999997181,4.79000000000019,88
"ml-gls","test","wolf","wolf_2f8i_l80","cfa",26,"ML","default",400,400,400,400,0,0.0010000000000332,0.606999999999914,35
"ml-gls","test","wolf","wolf_2f8i_l80","cfa",26,"ML","default_port",400,400,400,400,0,0.00200000000000955,1.07199999999995,56.5
"ml-gls","test","wolf","wolf_2f8i_l80","cfa",26,"ML","layered_lbfgs",400,400,400,400,0,0.0010000000000332,0.583000000000653,30
"ml-gls","test","wolf","wolf_2f8i_l80","cfa",26,"ML","layered_port",400,400,400,400,0,0.00200000000000955,0.956000000000586,47
"ml-gls","test","wolf","wolf_2f8i_l80","cfa",100,"GLS","default",400,400,366,366,0,0.00200000000000955,1.0349999999998,44
"ml-gls","test","wolf","wolf_2f8i_l80","cfa",100,"GLS","default_port",400,400,300,300,0,0.0029999999999859,1.33400000000006,41
"ml-gls","test","wolf","wolf_2f8i_l80","cfa",100,"GLS","layered_lbfgs",400,400,400,400,0,0.00200000000000955,0.741999999999564,25
"ml-gls","test","wolf","wolf_2f8i_l80","cfa",100,"GLS","layered_port",400,400,400,400,0,0.00200000000000955,0.868000000000677,24
"ml-gls","test","wolf","wolf_2f8i_l80","cfa",100,"ML","default",400,400,400,400,0,0.00200000000000955,0.685999999999581,25
"ml-gls","test","wolf","wolf_2f8i_l80","cfa",100,"ML","default_port",400,400,400,400,0,0.00200000000000955,0.814000000000022,23
"ml-gls","test","wolf","wolf_2f8i_l80","cfa",100,"ML","layered_lbfgs",400,400,400,400,0,0.00199999999995271,0.650000000000319,19
"ml-gls","test","wolf","wolf_2f8i_l80","cfa",100,"ML","layered_port",400,400,400,400,0,0.00200000000000955,0.751000000000829,18
"ml-gls","test","wolf","wolf_3f3i_l50","cfa",25,"GLS","default",400,232,61,56,0,0.00200000000000955,0.98299999999972,67
"ml-gls","test","wolf","wolf_3f3i_l50","cfa",25,"GLS","default_port",400,232,74,69,0,0.00399999999996226,2.23700000000054,95.5
"ml-gls","test","wolf","wolf_3f3i_l50","cfa",25,"GLS","layered_lbfgs",400,232,118,109,0,0.00200000000000955,1.12100000000032,87
"ml-gls","test","wolf","wolf_3f3i_l50","cfa",25,"GLS","layered_port",400,232,147,138,0,0.007000000000005,2.71500000000071,103
"ml-gls","test","wolf","wolf_3f3i_l50","cfa",25,"ML","default",400,294,140,126,0,0.0029999999999859,5.61999999999995,68.5
"ml-gls","test","wolf","wolf_3f3i_l50","cfa",25,"ML","default_port",400,294,155,131,0,0.0114999999999838,3.8930000000002,77
"ml-gls","test","wolf","wolf_3f3i_l50","cfa",25,"ML","layered_lbfgs",400,294,188,172,0,0.0029999999999859,2.8670000000003,77
"ml-gls","test","wolf","wolf_3f3i_l50","cfa",25,"ML","layered_port",400,294,226,203,0,0.00800000000000978,3.37899999999968,97
"ml-gls","test","wolf","wolf_3f3i_l50","cfa",100,"GLS","default",400,334,190,188,0,0.00199999999995271,0.889999999999646,45.5
"ml-gls","test","wolf","wolf_3f3i_l50","cfa",100,"GLS","default_port",400,334,196,194,0,0.00200000000000955,1.55500000000041,66
"ml-gls","test","wolf","wolf_3f3i_l50","cfa",100,"GLS","layered_lbfgs",400,334,319,315,0,0.0010000000000332,0.648000000000196,44
"ml-gls","test","wolf","wolf_3f3i_l50","cfa",100,"GLS","layered_port",400,334,324,320,0,0.0010000000000332,1.44800000000015,47
"ml-gls","test","wolf","wolf_3f3i_l50","cfa",100,"ML","default",400,389,364,364,0,0.000999999999976353,1.37799999999999,44
"ml-gls","test","wolf","wolf_3f3i_l50","cfa",100,"ML","default_port",400,389,378,376,0,0.0010000000000332,1.13199999999944,49
"ml-gls","test","wolf","wolf_3f3i_l50","cfa",100,"ML","layered_lbfgs",400,389,364,364,0,0.0010000000000332,1.24800000000096,45
"ml-gls","test","wolf","wolf_3f3i_l50","cfa",100,"ML","layered_port",400,389,372,370,0,0.0010000000000332,1.14699999999988,46
"ml-gls","test","wolf","wolf_3f3i_l80","cfa",25,"GLS","default",400,356,237,224,0,0.00199999999995271,0.850000000000421,56
"ml-gls","test","wolf","wolf_3f3i_l80","cfa",25,"GLS","default_port",400,356,252,235,0,0.00200000000000955,1.33900000000011,60.5
"ml-gls","test","wolf","wolf_3f3i_l80","cfa",25,"GLS","layered_lbfgs",400,356,344,328,0,0.000999999999976353,0.540999999999258,37.5
"ml-gls","test","wolf","wolf_3f3i_l80","cfa",25,"GLS","layered_port",400,356,348,336,0,0.0010000000000332,0.990999999999531,37
"ml-gls","test","wolf","wolf_3f3i_l80","cfa",25,"ML","default",400,396,396,396,0,0.000999999999976353,0.386000000000422,35
"ml-gls","test","wolf","wolf_3f3i_l80","cfa",25,"ML","default_port",400,396,396,396,0,0.000999999999976353,0.495999999999584,37
"ml-gls","test","wolf","wolf_3f3i_l80","cfa",25,"ML","layered_lbfgs",400,396,396,396,0,0.000999999999976353,0.372000000000469,29
"ml-gls","test","wolf","wolf_3f3i_l80","cfa",25,"ML","layered_port",400,396,396,396,0,0.000999999999976353,0.475000000000137,30
"ml-gls","test","wolf","wolf_3f3i_l80","cfa",100,"GLS","default",400,400,352,352,0,0.0010000000000332,0.583999999999833,45
"ml-gls","test","wolf","wolf_3f3i_l80","cfa",100,"GLS","default_port",400,400,331,331,0,0.0010000000000332,0.666999999999689,45
"ml-gls","test","wolf","wolf_3f3i_l80","cfa",100,"GLS","layered_lbfgs",400,400,400,400,0,0.000999999999976353,0.311999999998989,24
"ml-gls","test","wolf","wolf_3f3i_l80","cfa",100,"GLS","layered_port",400,400,400,400,0,0.000999999999976353,0.3449999999998,22
"ml-gls","test","wolf","wolf_3f3i_l80","cfa",100,"ML","default",400,400,400,400,0,0.000999999999976353,0.308999999999458,28
"ml-gls","test","wolf","wolf_3f3i_l80","cfa",100,"ML","default_port",400,400,400,400,0,0.000999999999976353,0.355999999999654,24
"ml-gls","test","wolf","wolf_3f3i_l80","cfa",100,"ML","layered_lbfgs",400,400,400,400,0,0.000999999999976353,0.324000000000411,23
"ml-gls","test","wolf","wolf_3f3i_l80","cfa",100,"ML","layered_port",400,400,400,400,0,0.000999999999976353,0.355000000000814,18
"ml-gls","test","wolf","wolf_3f6i_l50","cfa",28,"GLS","default",400,191,84,62,0,0.00900000000001455,4.2329999999995,189
"ml-gls","test","wolf","wolf_3f6i_l50","cfa",28,"GLS","default_port",400,191,93,81,0,0.0229999999999961,8.31999999999971,162
"ml-gls","test","wolf","wolf_3f6i_l50","cfa",28,"GLS","layered_lbfgs",400,191,71,51,0,0.0120000000000005,5.00999999999977,142
"ml-gls","test","wolf","wolf_3f6i_l50","cfa",28,"GLS","layered_port",400,191,99,76,0,0.0269999999999868,10.083,213
"ml-gls","test","wolf","wolf_3f6i_l50","cfa",28,"ML","default",400,340,290,282,0,0.00399999999996226,4.24100000000016,64.5
"ml-gls","test","wolf","wolf_3f6i_l50","cfa",28,"ML","default_port",400,340,309,301,0,0.007000000000005,5.95900000000018,109
"ml-gls","test","wolf","wolf_3f6i_l50","cfa",28,"ML","layered_lbfgs",400,340,297,289,0,0.00399999999996226,4.12599999999947,63
"ml-gls","test","wolf","wolf_3f6i_l50","cfa",28,"ML","layered_port",400,340,317,309,0,0.00600000000002865,5.69099999999946,99
"ml-gls","test","wolf","wolf_3f6i_l50","cfa",100,"GLS","default",400,392,294,294,0,0.00300000000004275,1.87000000000012,50
"ml-gls","test","wolf","wolf_3f6i_l50","cfa",100,"GLS","default_port",400,392,291,291,0,0.00499999999999545,2.71499999999969,75
"ml-gls","test","wolf","wolf_3f6i_l50","cfa",100,"GLS","layered_lbfgs",400,392,392,392,0,0.0029999999999859,1.39599999999956,52
"ml-gls","test","wolf","wolf_3f6i_l50","cfa",100,"GLS","layered_port",400,392,392,392,0,0.00399999999996226,2.06500000000057,56.5
"ml-gls","test","wolf","wolf_3f6i_l50","cfa",100,"ML","default",400,400,400,400,0,0.00200000000000955,1.01099999999968,38
"ml-gls","test","wolf","wolf_3f6i_l50","cfa",100,"ML","default_port",400,400,400,400,0,0.00300000000004275,1.49300000000005,43
"ml-gls","test","wolf","wolf_3f6i_l50","cfa",100,"ML","layered_lbfgs",400,400,400,400,0,0.00200000000000955,1.06300000000039,38
"ml-gls","test","wolf","wolf_3f6i_l50","cfa",100,"ML","layered_port",400,400,400,400,0,0.0029999999999859,1.46999999999969,40
"ml-gls","test","wolf","wolf_3f6i_l80","cfa",28,"GLS","default",400,278,105,84,0,0.00900000000001455,4.27099999999956,132
"ml-gls","test","wolf","wolf_3f6i_l80","cfa",28,"GLS","default_port",400,278,123,99,0,0.0180000000000007,7.58899999999961,127
"ml-gls","test","wolf","wolf_3f6i_l80","cfa",28,"GLS","layered_lbfgs",400,278,191,152,0,0.007000000000005,3.65300000000088,100
"ml-gls","test","wolf","wolf_3f6i_l80","cfa",28,"GLS","layered_port",400,278,227,181,0,0.00899999999995771,6.4880000000008,120
"ml-gls","test","wolf","wolf_3f6i_l80","cfa",28,"ML","default",400,400,400,400,0,0.00200000000000955,0.866999999999621,41
"ml-gls","test","wolf","wolf_3f6i_l80","cfa",28,"ML","default_port",400,400,400,400,0,0.0040000000000191,1.71999999999963,70
"ml-gls","test","wolf","wolf_3f6i_l80","cfa",28,"ML","layered_lbfgs",400,400,400,400,0,0.00200000000000955,0.854999999999962,34.5
"ml-gls","test","wolf","wolf_3f6i_l80","cfa",28,"ML","layered_port",400,400,400,400,0,0.00300000000004275,1.51999999999987,57
"ml-gls","test","wolf","wolf_3f6i_l80","cfa",100,"GLS","default",400,400,326,326,0,0.00399999999996226,1.54199999999941,59
"ml-gls","test","wolf","wolf_3f6i_l80","cfa",100,"GLS","default_port",400,400,300,300,0,0.00499999999999545,2.0000000000008,57
"ml-gls","test","wolf","wolf_3f6i_l80","cfa",100,"GLS","layered_lbfgs",400,400,400,400,0,0.00200000000000955,1.0499999999999,29
"ml-gls","test","wolf","wolf_3f6i_l80","cfa",100,"GLS","layered_port",400,400,400,400,0,0.0029999999999859,1.24400000000014,28
"ml-gls","test","wolf","wolf_3f6i_l80","cfa",100,"ML","default",400,400,400,400,0,0.00200000000000955,0.930000000000519,29
"ml-gls","test","wolf","wolf_3f6i_l80","cfa",100,"ML","default_port",400,400,400,400,0,0.0029999999999859,1.13699999999983,26
"ml-gls","test","wolf","wolf_3f6i_l80","cfa",100,"ML","layered_lbfgs",400,400,400,400,0,0.00200000000000955,0.908999999999935,23
"ml-gls","test","wolf","wolf_3f6i_l80","cfa",100,"ML","layered_port",400,400,400,400,0,0.00200000000000955,1.0679999999997,20
"ml-gls","test","wolf","wolf_3f8i_l50","cfa",34,"GLS","default",400,215,74,63,0,0.0180000000000291,8.32300000000084,218
"ml-gls","test","wolf","wolf_3f8i_l50","cfa",34,"GLS","default_port",400,215,105,88,0,0.0324999999999988,12.744,215
"ml-gls","test","wolf","wolf_3f8i_l50","cfa",34,"GLS","layered_lbfgs",400,215,45,39,0,0.0199999999999818,8.95800000000003,227
"ml-gls","test","wolf","wolf_3f8i_l50","cfa",34,"GLS","layered_port",400,215,113,85,0,0.04200000000003,15.4680000000005,279
"ml-gls","test","wolf","wolf_3f8i_l50","cfa",34,"ML","default",400,396,387,381,0,0.0040000000000191,2.90000000000015,63
"ml-gls","test","wolf","wolf_3f8i_l50","cfa",34,"ML","default_port",400,396,390,384,0,0.00999999999999091,4.94200000000052,125
"ml-gls","test","wolf","wolf_3f8i_l50","cfa",34,"ML","layered_lbfgs",400,396,380,380,0,0.0040000000000191,3.40499999999992,61
"ml-gls","test","wolf","wolf_3f8i_l50","cfa",34,"ML","layered_port",400,396,392,392,0,0.00999999999999091,4.94499999999983,124
"ml-gls","test","wolf","wolf_3f8i_l50","cfa",100,"GLS","default",400,396,297,297,0,0.00799999999998136,3.6779999999996,63
"ml-gls","test","wolf","wolf_3f8i_l50","cfa",100,"GLS","default_port",400,396,297,297,0,0.0115000000000123,5.03700000000004,86
"ml-gls","test","wolf","wolf_3f8i_l50","cfa",100,"GLS","layered_lbfgs",400,396,395,393,0,0.0050000000000523,2.82499999999999,62
"ml-gls","test","wolf","wolf_3f8i_l50","cfa",100,"GLS","layered_port",400,396,396,394,0,0.007000000000005,3.90399999999926,69
"ml-gls","test","wolf","wolf_3f8i_l50","cfa",100,"ML","default",400,400,400,400,0,0.0040000000000191,1.92400000000026,37
"ml-gls","test","wolf","wolf_3f8i_l50","cfa",100,"ML","default_port",400,400,400,400,0,0.0050000000000523,2.75500000000017,41
"ml-gls","test","wolf","wolf_3f8i_l50","cfa",100,"ML","layered_lbfgs",400,400,400,400,0,0.0040000000000191,1.96200000000067,36
"ml-gls","test","wolf","wolf_3f8i_l50","cfa",100,"ML","layered_port",400,400,400,400,0,0.0050000000000523,2.70000000000078,40
"ml-gls","test","wolf","wolf_3f8i_l80","cfa",34,"GLS","default",400,187,54,34,0,0.0209999999999866,9.1950000000004,230
"ml-gls","test","wolf","wolf_3f8i_l80","cfa",34,"GLS","default_port",400,187,73,57,0,0.0409999999999968,14.6800000000001,193
"ml-gls","test","wolf","wolf_3f8i_l80","cfa",34,"GLS","layered_lbfgs",400,187,99,85,0,0.0179999999999723,8.11599999999965,148
"ml-gls","test","wolf","wolf_3f8i_l80","cfa",34,"GLS","layered_port",400,187,135,122,0,0.0419999999999732,15.087,162
"ml-gls","test","wolf","wolf_3f8i_l80","cfa",34,"ML","default",400,400,400,400,0,0.00300000000004275,1.56200000000086,44
"ml-gls","test","wolf","wolf_3f8i_l80","cfa",34,"ML","default_port",400,400,400,400,0,0.007000000000005,3.36000000000013,91
"ml-gls","test","wolf","wolf_3f8i_l80","cfa",34,"ML","layered_lbfgs",400,400,400,400,0,0.0029999999999859,1.48999999999967,37
"ml-gls","test","wolf","wolf_3f8i_l80","cfa",34,"ML","layered_port",400,400,400,400,0,0.00600000000002865,2.95799999999969,71
"ml-gls","test","wolf","wolf_3f8i_l80","cfa",100,"GLS","default",400,400,310,310,0,0.00499999999999545,2.589,67
"ml-gls","test","wolf","wolf_3f8i_l80","cfa",100,"GLS","default_port",400,400,300,300,0,0.00600000000002865,3.31899999999974,65
"ml-gls","test","wolf","wolf_3f8i_l80","cfa",100,"GLS","layered_lbfgs",400,400,400,400,0,0.0040000000000191,1.82800000000009,36
"ml-gls","test","wolf","wolf_3f8i_l80","cfa",100,"GLS","layered_port",400,400,400,400,0,0.00499999999999545,2.26699999999994,37
"ml-gls","test","wolf","wolf_3f8i_l80","cfa",100,"ML","default",400,400,400,400,0,0.00300000000004275,1.50600000000037,30
"ml-gls","test","wolf","wolf_3f8i_l80","cfa",100,"ML","default_port",400,400,400,400,0,0.0040000000000191,1.8280000000006,28
"ml-gls","test","wolf","wolf_3f8i_l80","cfa",100,"ML","layered_lbfgs",400,400,400,400,0,0.0029999999999859,1.44899999999978,24
"ml-gls","test","wolf","wolf_3f8i_l80","cfa",100,"ML","layered_port",400,400,400,400,0,0.0040000000000191,1.7389999999989,23
