"candidate","family","role","pop","model","n","rep","transform","estimator","seed","fmin","newton_status","optimizer_status","f_evals","start_policy","message","std_extent","chart_extent","runaway","fmin_baseline","best_known","arms"
"layered_port","boomsma","test","boomsma_3CM","cfa",25,27,"native","lambda0.25",349012380,0.39828098,"nonpositive_curvature","converged",179,"layered","",1,1.9756493,FALSE,0.25422251,0.25422251,"d+ lp- dl+ ll- w+"
"layered_port","boomsma","test","boomsma_3CM","cfa",25,27,"native","lambda1",349012380,0.44262589,"nonpositive_curvature","noisy_objective",164,"layered","",1,1.9723241,FALSE,0.33752301,0.33752301,"d+ lp- dl+ ll- w+"
"layered_port","boomsma","test","boomsma_3CM","cfa",25,27,"x0.01","lambda0.25",349012380,0.39828098,"nonpositive_curvature","converged",270,"layered","",1,1.9757162,FALSE,0.25422251,0.25422251,"d+ lp- dl- ll- w+"
"layered_port","boomsma","test","boomsma_3CM","cfa",25,27,"x0.01","lambda1",349012380,0.44262589,"nonpositive_curvature","noisy_objective",168,"layered","",1,1.9723241,FALSE,0.33752301,0.33752301,"d+ lp- dl- ll- w+"
"layered_port","boomsma","test","boomsma_3CM","cfa",25,27,"x100","lambda0.25",349012380,0.39828101,"nonpositive_curvature","converged",154,"layered","",1,1.9755806,FALSE,0.25422251,0.25422251,"d+ lp- dl+ ll- w+"
"layered_port","boomsma","test","boomsma_3CM","cfa",25,27,"x100","lambda1",349012380,0.44262589,"nonpositive_curvature","noisy_objective",146,"layered","",1,1.9723241,FALSE,0.33752301,0.33752301,"d+ lp- dl+ ll- w+"
"layered_port","boomsma","test","boomsma_3CM","cfa",25,7,"mixed","lambda0.25",1920645783,0.40329266,"nonpositive_curvature","converged",145,"layered","",1,2.2210606,FALSE,0.21224336,0.21224336,"d+ lp- dl- ll- w+"
"layered_port","boomsma","test","boomsma_3CM","cfa",25,7,"mixed","lambda1",1920645783,0.45893981,"nonpositive_curvature","converged",149,"layered","",1,2.1991527,FALSE,0.30218536,0.30218536,"d+ lp- dl- ll- w+"
"layered_port","boomsma","test","boomsma_3CM","cfa",25,7,"native","lambda0.25",1920645783,0.40329266,"nonpositive_curvature","converged",247,"layered","",1,2.2210635,FALSE,0.21224336,0.21224336,"d+ lp- dl+ ll- w+"
"layered_port","boomsma","test","boomsma_3CM","cfa",25,7,"native","lambda1",1920645783,0.45893981,"nonpositive_curvature","noisy_objective",238,"layered","",1,2.1991694,FALSE,0.30218536,0.30218536,"d+ lp- dl+ ll- w+"
"layered_port","boomsma","test","boomsma_3CM","cfa",25,7,"x0.01","lambda0.25",1920645783,0.40329266,"nonpositive_curvature","converged",265,"layered","",1,2.2210606,FALSE,0.21224336,0.21224336,"d+ lp- dl- ll- w+"
"layered_port","boomsma","test","boomsma_3CM","cfa",25,7,"x0.01","lambda1",1920645783,0.45893981,"nonpositive_curvature","noisy_objective",213,"layered","",1,2.1990572,FALSE,0.30218536,0.30218536,"d+ lp- dl- ll- w+"
"layered_port","boomsma","test","boomsma_3CM","cfa",25,7,"x100","lambda0.25",1920645783,0.40329266,"nonpositive_curvature","converged",199,"layered","",1,2.2210652,FALSE,0.21224336,0.21224336,"d+ lp- dl+ ll- w+"
"layered_port","boomsma","test","boomsma_3CM","cfa",25,7,"x100","lambda1",1920645783,0.45893981,"nonpositive_curvature","noisy_objective",207,"layered","",1,2.19915,FALSE,0.30218536,0.30218536,"d+ lp- dl+ ll- w+"
"layered_port","boomsma","test","boomsma_3CM","cfa",25,70,"mixed","lambda1",349013028,0.34112162,"nonpositive_curvature","noisy_objective",146,"layered","",1,2.7898505,FALSE,0.2894822,0.2894822,"d+ lp- dl- ll- w+"
"layered_port","boomsma","test","boomsma_3CM","cfa",25,70,"native","lambda0.25",349013028,0.29078684,"nonpositive_curvature","converged",228,"layered","",1,2.7868087,FALSE,0.21223288,0.21223288,"d+ lp- dl+ ll- w+"
"layered_port","boomsma","test","boomsma_3CM","cfa",25,70,"native","lambda1",349013028,0.34112162,"nonpositive_curvature","noisy_objective",156,"layered","",1,2.7898505,FALSE,0.2894822,0.2894822,"d+ lp- dl+ ll- w+"
"layered_port","boomsma","test","boomsma_3CM","cfa",25,70,"x0.01","lambda0.25",349013028,0.29078684,"nonpositive_curvature","noisy_objective",267,"layered","",1,2.7867781,FALSE,0.21223288,0.21223288,"d+ lp- dl- ll- w+"
"layered_port","boomsma","test","boomsma_3CM","cfa",25,70,"x0.01","lambda1",349013028,0.34112162,"nonpositive_curvature","noisy_objective",141,"layered","",1,2.7898505,FALSE,0.2894822,0.2894822,"d+ lp- dl- ll- w+"
"layered_port","boomsma","test","boomsma_3CM","cfa",25,70,"x100","lambda0.25",349013028,0.29078684,"nonpositive_curvature","converged",232,"layered","",1,2.7868095,FALSE,0.21223288,0.21223288,"d+ lp- dl+ ll- w+"
"layered_port","boomsma","test","boomsma_3CM","cfa",25,70,"x100","lambda1",349013028,0.34112162,"nonpositive_curvature","noisy_objective",155,"layered","",1,2.7898505,FALSE,0.2894822,0.2894822,"d+ lp- dl+ ll- w+"
"layered_port","boomsma","test","boomsma_3CS","cfa",100,35,"native","lambda0.25",373265781,0.14374236,"nonpositive_curvature","noisy_objective",941,"layered","",1,59715.635,FALSE,0.069452343,0.069452343,"d+ lp- dl+ ll- w+"
"layered_port","boomsma","test","boomsma_3CS","cfa",100,35,"native","lambda1",373265781,0.2057532,"nonpositive_curvature","noisy_objective",245,"layered","",1,2.3634994,FALSE,0.087181217,0.087181217,"d+ lp- dl+ ll- w+"
"layered_port","boomsma","test","boomsma_3CS","cfa",100,35,"x100","lambda0.25",373265781,0.14373709,"nonpositive_curvature","noisy_objective",790,"layered","",1,35338.924,FALSE,0.069452343,0.069452343,"d+ lp- dl+ ll- w+"
"layered_port","boomsma","test","boomsma_3CS","cfa",100,35,"x100","lambda1",373265781,0.2057532,"nonpositive_curvature","noisy_objective",286,"layered","",1,2.3634187,FALSE,0.087181217,0.087181217,"d+ lp- dl+ ll- w+"
"layered_port","boomsma","test","boomsma_3CS","cfa",100,42,"native","lambda0.25",373265909,0.038795627,"available","noisy_objective",949,"layered","",1,9700.3532,TRUE,0.041091896,0.041091896,"d+ lp- dl+ ll- w-"
"layered_port","boomsma","test","boomsma_3CS","cfa",100,42,"x0.01","lambda0.25",373265909,0.038796702,"available","noisy_objective",773,"layered","",1,6852.394,TRUE,0.037800662,0.037800662,"d+ lp- dl- ll- w-"
"layered_port","boomsma","test","boomsma_3CS","cfa",100,42,"x100","lambda0.25",373265909,0.03879685,"available","noisy_objective",816,"layered","",1,6578.6619,FALSE,0.041091896,0.041091896,"d+ lp- dl+ ll- w-"
"layered_port","boomsma","test","boomsma_3CS","cfa",100,56,"native","lambda0.25",373266044,0.060365367,"available","noisy_objective",1008,"layered","",1,102021.77,FALSE,0.04755229,0.04755229,"d+ lp- dl+ ll- w+"
"layered_port","boomsma","test","boomsma_3CS","cfa",100,56,"native","lambda1",373266044,0.070761689,"available","singular_convergence",965,"layered","",1,54964.983,TRUE,0.061372856,0.061372856,"d+ lp- dl+ ll- w+"
"layered_port","boomsma","test","boomsma_3CS","cfa",100,56,"x0.01","lambda1",373266044,0.070761745,"available","singular_convergence",924,"layered","",1,50633.273,TRUE,0.061372856,0.061372856,"d+ lp- dl- ll- w+"
"layered_port","boomsma","test","boomsma_3CS","cfa",100,56,"x100","lambda0.25",373266044,0.060364856,"available","singular_convergence",1049,"layered","",1,121807.37,FALSE,0.04755229,0.04755229,"d+ lp- dl+ ll- w+"
"layered_port","boomsma","test","boomsma_3CS","cfa",100,56,"x100","lambda1",373266044,0.070763597,"available","noisy_objective",638,"layered","",1,14321.909,FALSE,0.061372856,0.061372856,"d+ lp- dl+ ll- w+"
"layered_port","boomsma","test","boomsma_3CS","cfa",100,60,"native","lambda0.25",373266169,0.15562313,"nonpositive_curvature","converged",146,"layered","",1,2.4017636,FALSE,0.069331592,0.069331592,"d+ lp- dl+ ll- w+"
"layered_port","boomsma","test","boomsma_3CS","cfa",100,60,"native","lambda1",373266169,0.16275186,"nonpositive_curvature","noisy_objective",318,"layered","",1,2.4020892,FALSE,0.084540336,0.084540336,"d+ lp- dl+ ll- w+"
"layered_port","boomsma","test","boomsma_3CS","cfa",100,60,"x100","lambda0.25",373266169,0.15562313,"nonpositive_curvature","noisy_objective",242,"layered","",1,2.4017845,FALSE,0.069331592,0.069331592,"d+ lp- dl+ ll- w+"
"layered_port","boomsma","test","boomsma_3CS","cfa",100,60,"x100","lambda1",373266169,0.16275182,"nonpositive_curvature","noisy_objective",266,"layered","",1,2.4016592,FALSE,0.084540336,0.084540336,"d+ lp- dl+ ll- w+"
"layered_port","boomsma","test","boomsma_3CS","cfa",100,63,"native","lambda0.25",373266172,0.050597199,"available","noisy_objective",1269,"layered","",1,88243.926,TRUE,0.048506472,0.048506472,"d+ lp- dl+ ll- w+"
"layered_port","boomsma","test","boomsma_3CS","cfa",100,63,"native","lambda1",373266172,0.064140701,"available","singular_convergence",1188,"layered","",1,69190.048,TRUE,0.062223103,0.062223103,"d+ lp- dl+ ll- w+"
"layered_port","boomsma","test","boomsma_3CS","cfa",100,63,"x100","lambda0.25",373266172,0.050597588,"available","noisy_objective",931,"layered","",1,35447.163,TRUE,0.048506472,0.048506472,"d+ lp- dl+ ll- w+"
"layered_port","boomsma","test","boomsma_3CS","cfa",100,63,"x100","lambda1",373266172,0.064143049,"available","noisy_objective",608,"layered","",1,8026.729,TRUE,0.062223103,0.062223103,"d+ lp- dl+ ll- w+"
"layered_port","boomsma","test","boomsma_3CS","cfa",100,76,"native","lambda0.25",373266306,0.10630352,"nonpositive_curvature","converged",173,"layered","",1,1.2638499,FALSE,0.062706354,0.062706354,"d+ lp- dl+ ll- w+"
"layered_port","boomsma","test","boomsma_3CS","cfa",100,76,"native","lambda1",373266306,0.11115505,"nonpositive_curvature","noisy_objective",165,"layered","",1,1.2674228,FALSE,0.074412714,0.074412714,"d+ lp- dl+ ll- w+"
"layered_port","boomsma","test","boomsma_3CS","cfa",100,76,"x0.01","lambda0.25",373266306,0.10630734,"nonpositive_curvature","noisy_objective",128,"layered","",1,1.271808,FALSE,0.062706354,0.062706354,"d+ lp- dl+ ll- w+"
"layered_port","boomsma","test","boomsma_3CS","cfa",100,76,"x0.01","lambda1",373266306,0.11117294,"nonpositive_curvature","noisy_objective",88,"layered","",1,1.2687746,FALSE,0.074412714,0.074412714,"d+ lp- dl+ ll- w+"
"layered_port","boomsma","test","boomsma_3CS","cfa",100,76,"x100","lambda0.25",373266306,0.10630352,"nonpositive_curvature","noisy_objective",235,"layered","",1,1.2640737,FALSE,0.062706354,0.062706354,"d+ lp- dl+ ll- w+"
"layered_port","boomsma","test","boomsma_3CS","cfa",100,76,"x100","lambda1",373266306,0.11117294,"nonpositive_curvature","noisy_objective",88,"layered","",1,1.2687746,FALSE,0.074412714,0.074412714,"d+ lp- dl+ ll- w+"
"layered_port","boomsma","test","boomsma_3CS","cfa",100,77,"mixed","lambda1",373266307,0.098999062,"nonpositive_curvature","noisy_objective",172,"layered","",1,4.3589171,FALSE,0.042044307,0.042044307,"d+ lp- dl- ll- w+"
"layered_port","boomsma","test","boomsma_3CS","cfa",100,77,"native","lambda0.25",373266307,0.095658563,"nonpositive_curvature","converged",243,"layered","",1,4.3581595,FALSE,0.032704099,0.032704099,"d+ lp- dl+ ll- w+"
"layered_port","boomsma","test","boomsma_3CS","cfa",100,77,"native","lambda1",373266307,0.098956823,"nonpositive_curvature","noisy_objective",225,"layered","",1,4.3588566,FALSE,0.042044307,0.042044307,"d+ lp- dl+ ll- w+"
"layered_port","boomsma","test","boomsma_3CS","cfa",100,77,"x0.01","lambda1",373266307,0.098956804,"nonpositive_curvature","converged",246,"layered","",1,4.3584622,FALSE,0.042044307,0.042044307,"d+ lp- dl- ll- w+"
"layered_port","boomsma","test","boomsma_3CS","cfa",100,77,"x100","lambda0.25",373266307,0.095658563,"nonpositive_curvature","converged",279,"layered","",1,4.3582461,FALSE,0.032704099,0.032704099,"d+ lp- dl+ ll- w+"
"layered_port","boomsma","test","boomsma_3CS","cfa",100,77,"x100","lambda1",373266307,0.098970573,"nonpositive_curvature","noisy_objective",187,"layered","",1,4.3578419,FALSE,0.042044307,0.042044307,"d+ lp- dl+ ll- w+"
"layered_port","boomsma","test","boomsma_3CS","cfa",100,86,"native","lambda0.25",373266437,0.1201024,"nonpositive_curvature","noisy_objective",295,"layered","",1,2.8325316,FALSE,0.043078267,0.043078267,"d+ lp- dl+ ll- w+"
"layered_port","boomsma","test","boomsma_3CS","cfa",100,86,"native","lambda1",373266437,0.12010269,"nonpositive_curvature","noisy_objective",272,"layered","",1,2.8297061,FALSE,0.054188529,0.054188529,"d+ lp- dl+ ll- w+"
"layered_port","boomsma","test","boomsma_3CS","cfa",100,86,"x0.01","lambda0.25",373266437,0.1201024,"nonpositive_curvature","noisy_objective",313,"layered","",1,2.8324961,FALSE,0.043078267,0.043078267,"d+ lp- dl- ll- w+"
"layered_port","boomsma","test","boomsma_3CS","cfa",100,86,"x100","lambda0.25",373266437,0.1201024,"nonpositive_curvature","noisy_objective",241,"layered","",1,2.8324159,FALSE,0.043078267,0.043078267,"d+ lp- dl+ ll- w+"
"layered_port","boomsma","test","boomsma_3CS","cfa",100,86,"x100","lambda1",373266437,0.1201029,"nonpositive_curvature","noisy_objective",227,"layered","",1,2.8298595,FALSE,0.054188529,0.054188529,"d+ lp- dl+ ll- w+"
"layered_port","boomsma","test","boomsma_3CS","cfa",100,88,"native","lambda0.25",373266439,0.078597398,"nonpositive_curvature","converged",305,"layered","",1,4.1580036,FALSE,0.029411585,0.029411585,"d+ lp- dl+ ll- w+"
"layered_port","boomsma","test","boomsma_3CS","cfa",100,88,"native","lambda1",373266439,0.086666214,"nonpositive_curvature","converged",220,"layered","",1,4.158241,FALSE,0.043358772,0.043358772,"d+ lp- dl+ ll- w+"
"layered_port","boomsma","test","boomsma_3CS","cfa",100,88,"x0.01","lambda1",373266439,0.086666221,"nonpositive_curvature","noisy_objective",260,"layered","",1,4.1581808,FALSE,0.043358772,0.043358772,"d+ lp- dl- ll- w+"
"layered_port","boomsma","test","boomsma_3CS","cfa",100,88,"x100","lambda0.25",373266439,0.078597398,"nonpositive_curvature","converged",242,"layered","",1,4.1579959,FALSE,0.029411585,0.029411585,"d+ lp- dl+ ll- w+"
"layered_port","boomsma","test","boomsma_3CS","cfa",100,88,"x100","lambda1",373266439,0.086666214,"nonpositive_curvature","converged",227,"layered","",1,4.1582013,FALSE,0.043358772,0.043358772,"d+ lp- dl+ ll- w+"
"layered_port","boomsma","test","boomsma_3CS","cfa",100,9,"native","lambda0.25",1052001670,0.14040401,"nonpositive_curvature","noisy_objective",771,"layered","",1,50790.859,FALSE,0.056127186,0.056127186,"d+ lp- dl+ ll- w+"
"layered_port","boomsma","test","boomsma_3CS","cfa",100,9,"native","lambda1",1052001670,0.18415334,"nonpositive_curvature","converged",274,"layered","",1,2.2827591,FALSE,0.074032958,0.074032958,"d+ lp- dl+ ll- w+"
"layered_port","boomsma","test","boomsma_3CS","cfa",100,9,"x0.01","lambda0.25",1052001670,0.1404796,"nonpositive_curvature","noisy_objective",742,"layered","",1,49104.68,FALSE,0.056127186,0.056127186,"d+ lp- dl- ll- w+"
"layered_port","boomsma","test","boomsma_3CS","cfa",100,9,"x100","lambda0.25",1052001670,0.14063132,"nonpositive_curvature","noisy_objective",713,"layered","",1,49003.873,FALSE,0.056127186,0.056127186,"d+ lp- dl+ ll- w+"
"layered_port","boomsma","test","boomsma_3CS","cfa",100,9,"x100","lambda1",1052001670,0.18415334,"nonpositive_curvature","noisy_objective",313,"layered","",1,2.2828964,FALSE,0.074032958,0.074032958,"d+ lp- dl+ ll- w+"
"layered_port","boomsma","test","boomsma_3CS","cfa",25,10,"native","lambda1",1359036448,0.30403784,"nonpositive_curvature","noisy_objective",238,"layered","",1,2.3133046,FALSE,0.237377,0.237377,"d+ lp- dl+ ll- w+"
"layered_port","boomsma","test","boomsma_3CS","cfa",25,10,"x0.01","lambda1",1359036448,0.30403783,"nonpositive_curvature","noisy_objective",231,"layered","",1,2.3133056,FALSE,0.237377,0.237377,"d+ lp- dl+ ll- w+"
"layered_port","boomsma","test","boomsma_3CS","cfa",25,10,"x100","lambda1",1359036448,0.30403077,"nonpositive_curvature","noisy_objective",282,"layered","",1,2.3122516,FALSE,0.237377,0.237377,"d+ lp- dl+ ll- w+"
"layered_port","boomsma","test","boomsma_3CS","cfa",25,100,"native","lambda0.25",1940117158,0.21173601,"nonpositive_curvature","converged",159,"layered","",1,1.7369109,FALSE,0.14900287,0.14900287,"d+ lp- dl+ ll- w+"
"layered_port","boomsma","test","boomsma_3CS","cfa",25,100,"native","lambda1",1940117158,0.2356664,"nonpositive_curvature","noisy_objective",108,"layered","",1,1.6928043,FALSE,0.20147739,0.20147739,"d+ lp- dl+ ll- w+"
"layered_port","boomsma","test","boomsma_3CS","cfa",25,100,"x0.01","lambda1",1940117158,0.2356664,"nonpositive_curvature","noisy_objective",112,"layered","",1,1.6928043,FALSE,0.20147739,0.20147739,"d+ lp- dl+ ll- w+"
"layered_port","boomsma","test","boomsma_3CS","cfa",25,100,"x100","lambda0.25",1940117158,0.21173601,"nonpositive_curvature","converged",133,"layered","",1,1.7369096,FALSE,0.14900287,0.14900287,"d+ lp- dl+ ll- w+"
"layered_port","boomsma","test","boomsma_3CS","cfa",25,100,"x100","lambda1",1940117158,0.2356664,"nonpositive_curvature","noisy_objective",98,"layered","",1,1.6928043,FALSE,0.20147739,0.20147739,"d+ lp- dl+ ll- w+"
"layered_port","boomsma","test","boomsma_3CS","cfa",25,21,"native","lambda0.25",1359036580,0.39235469,"nonpositive_curvature","noisy_objective",184,"layered","",1,2.9188127,FALSE,0.26553913,0.26553913,"d+ lp- dl+ ll- w+"
"layered_port","boomsma","test","boomsma_3CS","cfa",25,21,"native","lambda1",1359036580,0.41094913,"nonpositive_curvature","noisy_objective",166,"layered","",1,2.8379461,FALSE,0.32886019,0.32886019,"d+ lp- dl+ ll- w+"
"layered_port","boomsma","test","boomsma_3CS","cfa",25,21,"x0.01","lambda1",1359036580,0.41094913,"nonpositive_curvature","noisy_objective",165,"layered","",1,2.8379464,FALSE,0.32886019,0.32886019,"d+ lp- dl- ll- w+"
"layered_port","boomsma","test","boomsma_3CS","cfa",25,21,"x100","lambda0.25",1359036580,0.39235469,"nonpositive_curvature","noisy_objective",169,"layered","",1,2.9187983,FALSE,0.26553913,0.26553913,"d+ lp- dl+ ll- w+"
"layered_port","boomsma","test","boomsma_3CS","cfa",25,21,"x100","lambda1",1359036580,0.41092078,"nonpositive_curvature","noisy_objective",175,"layered","",1,2.6873702,FALSE,0.32886019,0.32886019,"d+ lp- dl+ ll- w+"
"layered_port","boomsma","test","boomsma_3CS","cfa",25,22,"native","lambda0.25",1359036581,0.67841106,"nonpositive_curvature","converged",250,"layered","",1,2.0930902,FALSE,0.33325743,0.33325743,"d+ lp- dl+ ll- w+"
"layered_port","boomsma","test","boomsma_3CS","cfa",25,22,"native","lambda1",1359036581,0.71645271,"nonpositive_curvature","noisy_objective",304,"layered","",1,1.7486114,FALSE,0.45352932,0.45352932,"d+ lp- dl+ ll- w+"
"layered_port","boomsma","test","boomsma_3CS","cfa",25,22,"x0.01","lambda1",1359036581,0.71645293,"nonpositive_curvature","noisy_objective",295,"layered","",1,1.7505845,FALSE,0.45352932,0.45352932,"d+ lp- dl+ ll- w+"
"layered_port","boomsma","test","boomsma_3CS","cfa",25,22,"x100","lambda0.25",1359036581,0.67841106,"nonpositive_curvature","converged",284,"layered","",1,2.0930951,FALSE,0.33325743,0.33325743,"d+ lp- dl+ ll- w+"
"layered_port","boomsma","test","boomsma_3CS","cfa",25,22,"x100","lambda1",1359036581,0.71650395,"nonpositive_curvature","noisy_objective",241,"layered","",1,1.7251929,FALSE,0.45352932,0.45352932,"d+ lp- dl+ ll- w+"
"layered_port","boomsma","test","boomsma_3CS","cfa",25,24,"native","lambda0.25",1359036583,0.50149985,"available","singular_convergence",529,"layered","",1,43660.434,FALSE,0.39453658,0.39453658,"d+ lp- dl+ ll- w+"
"layered_port","boomsma","test","boomsma_3CS","cfa",25,24,"native","lambda1",1359036583,0.56201516,"nonpositive_curvature","noisy_objective",218,"layered","",1,1.6947106,FALSE,0.48205671,0.48205671,"d+ lp- dl+ ll- w+"
"layered_port","boomsma","test","boomsma_3CS","cfa",25,24,"x0.01","lambda1",1359036583,0.56201273,"nonpositive_curvature","noisy_objective",223,"layered","",1,1.6939643,FALSE,0.48635002,0.48205671,"d+ lp- dl+ ll- w+"
"layered_port","boomsma","test","boomsma_3CS","cfa",25,24,"x100","lambda0.25",1359036583,0.50151217,"available","noisy_objective",375,"layered","",1,3770.404,FALSE,0.39453658,0.39453658,"d+ lp- dl+ ll- w+"
"layered_port","boomsma","test","boomsma_3CS","cfa",25,24,"x100","lambda1",1359036583,0.5620129,"nonpositive_curvature","noisy_objective",184,"layered","",1,1.694042,FALSE,0.48635002,0.48205671,"d+ lp- dl+ ll- w+"
"layered_port","boomsma","test","boomsma_3CS","cfa",25,26,"mixed","lambda0.25",1359036585,0.14364384,"nonpositive_curvature","converged",115,"layered","",1,3.0205172,FALSE,0.11711312,0.09854772,"d+ lp- dl- ll- w+"
"layered_port","boomsma","test","boomsma_3CS","cfa",25,26,"mixed","lambda1",1359036585,0.16710482,"nonpositive_curvature","noisy_objective",199,"layered","",1,3.022183,FALSE,0.1569418,0.1390269,"d+ lp- dl+ ll- w+"
"layered_port","boomsma","test","boomsma_3CS","cfa",25,26,"native","lambda0.25",1359036585,0.14364384,"nonpositive_curvature","converged",148,"layered","",1,3.0205203,FALSE,0.11711312,0.09854772,"d+ lp- dl+ ll- w+"
"layered_port","boomsma","test","boomsma_3CS","cfa",25,26,"native","lambda1",1359036585,0.1671048,"nonpositive_curvature","noisy_objective",190,"layered","",1,3.0221871,FALSE,0.1569418,0.1390269,"d+ lp- dl+ ll- w+"
"layered_port","boomsma","test","boomsma_3CS","cfa",25,26,"x0.01","lambda0.25",1359036585,0.14364385,"nonpositive_curvature","line_search_salvaged",131,"layered","",1,3.0205847,FALSE,0.11711312,0.09854772,"d+ lp- dl+ ll- w+"
"layered_port","boomsma","test","boomsma_3CS","cfa",25,26,"x0.01","lambda1",1359036585,0.16710482,"nonpositive_curvature","noisy_objective",209,"layered","",1,3.0222775,FALSE,0.1569418,0.1390269,"d+ lp- dl- ll- w+"
"layered_port","boomsma","test","boomsma_3CS","cfa",25,26,"x100","lambda0.25",1359036585,0.14364384,"nonpositive_curvature","converged",107,"layered","",1,3.0205206,FALSE,0.11711312,0.09854772,"d+ lp- dl+ ll- w+"
"layered_port","boomsma","test","boomsma_3CS","cfa",25,26,"x100","lambda1",1359036585,0.16710479,"nonpositive_curvature","noisy_objective",229,"layered","",1,3.0221955,FALSE,0.1390269,0.1390269,"d+ lp- dl+ ll- w+"
"layered_port","boomsma","test","boomsma_3CS","cfa",25,28,"native","lambda0.25",1359036587,0.31691851,"available","budget_exhausted",1219,"layered","",1,91019.562,TRUE,0.25278546,0.25278546,"d+ lp- dl+ ll- w+"
"layered_port","boomsma","test","boomsma_3CS","cfa",25,28,"native","lambda1",1359036587,0.41208317,"nonpositive_curvature","converged",160,"layered","",1,10.709618,FALSE,0.32422424,0.32422424,"d+ lp- dl+ ll- w+"
"layered_port","boomsma","test","boomsma_3CS","cfa",25,28,"x100","lambda0.25",1359036587,0.3169185,"available","budget_exhausted",1231,"layered","",1,80042.48,TRUE,0.25278546,0.25278546,"d+ lp- dl+ ll- w+"
"layered_port","boomsma","test","boomsma_3CS","cfa",25,28,"x100","lambda1",1359036587,0.41208328,"nonpositive_curvature","noisy_objective",227,"layered","",1,10.618552,FALSE,0.32422424,0.32422424,"d+ lp- dl+ ll- w+"
"layered_port","boomsma","test","boomsma_3CS","cfa",25,3,"mixed","lambda0.25",1469351753,0.53419295,"nonpositive_curvature","noisy_objective",198,"layered","",1,1.7549549,FALSE,0.31175419,0.31175419,"d+ lp- dl- ll- w+"
"layered_port","boomsma","test","boomsma_3CS","cfa",25,3,"native","lambda0.25",1469351753,0.53419295,"nonpositive_curvature","noisy_objective",151,"layered","",1,1.754956,FALSE,0.31175419,0.31175419,"d+ lp- dl+ ll- w+"
"layered_port","boomsma","test","boomsma_3CS","cfa",25,3,"native","lambda1",1469351753,0.57113214,"nonpositive_curvature","noisy_objective",266,"layered","",1,1.7288883,FALSE,0.40836845,0.40836845,"d+ lp- dl+ ll- w+"
"layered_port","boomsma","test","boomsma_3CS","cfa",25,3,"x100","lambda0.25",1469351753,0.53419249,"nonpositive_curvature","converged",130,"layered","",1,1.7548775,FALSE,0.31175419,0.31175419,"d+ lp- dl+ ll- w+"
"layered_port","boomsma","test","boomsma_3CS","cfa",25,3,"x100","lambda1",1469351753,0.57113202,"nonpositive_curvature","converged",146,"layered","",1,1.7287386,FALSE,0.40836845,0.40836845,"d+ lp- dl+ ll- w+"
"layered_port","boomsma","test","boomsma_3CS","cfa",25,33,"native","lambda0.25",1359036713,0.19062773,"available","noisy_objective",759,"layered","",1,34993.099,FALSE,0.16993998,0.16993998,"d+ lp- dl+ ll- w+"
"layered_port","boomsma","test","boomsma_3CS","cfa",25,33,"native","lambda1",1359036713,0.2298114,"nonpositive_curvature","converged",254,"layered","",1,2.2060055,FALSE,0.21090174,0.21090174,"d+ lp- dl+ ll- w+"
"layered_port","boomsma","test","boomsma_3CS","cfa",25,33,"x0.01","lambda1",1359036713,0.2298114,"nonpositive_curvature","converged",315,"layered","",1,2.2063649,FALSE,0.21090174,0.21090174,"d+ lp- dl- ll- w+"
"layered_port","boomsma","test","boomsma_3CS","cfa",25,33,"x100","lambda0.25",1359036713,0.19063164,"available","noisy_objective",430,"layered","",1,5842.5037,FALSE,0.16993998,0.16993998,"d+ lp- dl+ ll- w+"
"layered_port","boomsma","test","boomsma_3CS","cfa",25,33,"x100","lambda1",1359036713,0.22981154,"nonpositive_curvature","converged",353,"layered","",1,2.2059025,FALSE,0.21090174,0.21090174,"d+ lp- dl+ ll- w+"
"layered_port","boomsma","test","boomsma_3CS","cfa",25,36,"mixed","lambda0.25",1359036716,0.48714085,"available","noisy_objective",1177,"layered","",1,4260.3054,TRUE,0.48708658,0.47350614,"d+ lp- dl- ll- w+"
"layered_port","boomsma","test","boomsma_3CS","cfa",25,36,"mixed","lambda1",1359036716,0.7307652,"nonpositive_curvature","converged",241,"layered","",1,1.1970997,FALSE,0.54533457,0.54533457,"d+ lp- dl+ ll- w+"
"layered_port","boomsma","test","boomsma_3CS","cfa",25,36,"native","lambda0.25",1359036716,0.48714062,"nonpositive_curvature","budget_exhausted",1271,"layered","",1,5144.0047,FALSE,0.47243947,0.47243947,"d+ lp- dl+ ll- w+"
"layered_port","boomsma","test","boomsma_3CS","cfa",25,36,"native","lambda1",1359036716,0.73076521,"nonpositive_curvature","converged",163,"layered","",1,1.1971852,FALSE,0.54533457,0.54533457,"d+ lp- dl+ ll- w+"
"layered_port","boomsma","test","boomsma_3CS","cfa",25,36,"x0.01","lambda1",1359036716,0.7307652,"nonpositive_curvature","converged",131,"layered","",1,1.1971924,FALSE,0.54533457,0.54533457,"d+ lp- dl+ ll- w+"
"layered_port","boomsma","test","boomsma_3CS","cfa",25,36,"x100","lambda0.25",1359036716,0.48714076,"available","noisy_objective",1246,"layered","",1,4572.9521,TRUE,0.47243947,0.47243947,"d+ lp- dl+ ll- w+"
"layered_port","boomsma","test","boomsma_3CS","cfa",25,36,"x100","lambda1",1359036716,0.7307652,"nonpositive_curvature","converged",165,"layered","",1,1.1971836,FALSE,0.54533457,0.54533457,"d+ lp- dl+ ll- w+"
"layered_port","boomsma","test","boomsma_3CS","cfa",25,44,"native","lambda0.25",1359036845,0.36692625,"available","budget_exhausted",1198,"layered","",1,18861.845,TRUE,0.34406969,0.34406969,"d+ lp- dl+ ll- w+"
"layered_port","boomsma","test","boomsma_3CS","cfa",25,44,"native","lambda1",1359036845,0.45039316,"nonpositive_curvature","converged",987,"layered","",1,127105.11,FALSE,0.43764916,0.43764916,"d+ lp- dl+ ll- w+"
"layered_port","boomsma","test","boomsma_3CS","cfa",25,44,"x0.01","lambda1",1359036845,0.45190465,"available","noisy_objective",693,"layered","",1,23139.814,FALSE,0.43764916,0.43764916,"d+ lp- dl- ll- w+"
"layered_port","boomsma","test","boomsma_3CS","cfa",25,44,"x100","lambda0.25",1359036845,0.36692628,"nonpositive_curvature","budget_exhausted",1211,"layered","",1,18791.253,FALSE,0.34406969,0.34406969,"d+ lp- dl+ ll- w+"
"layered_port","boomsma","test","boomsma_3CS","cfa",25,44,"x100","lambda1",1359036845,0.45144038,"nonpositive_curvature","budget_exhausted",1228,"layered","",1,612553.1,FALSE,0.43764916,0.43764916,"d+ lp- dl+ ll- w+"
"layered_port","boomsma","test","boomsma_3CS","cfa",25,47,"mixed","lambda0.25",1359036848,0.38710351,"nonpositive_curvature","converged",341,"layered","",1,2.777069,FALSE,0.33719576,0.28475717,"d+ lp- dl+ ll- w+"
"layered_port","boomsma","test","boomsma_3CS","cfa",25,47,"mixed","lambda1",1359036848,0.40947615,"nonpositive_curvature","noisy_objective",143,"layered","",1,3.3156824,FALSE,0.34368564,0.34368564,"d+ lp- dl- ll- w+"
"layered_port","boomsma","test","boomsma_3CS","cfa",25,47,"native","lambda0.25",1359036848,0.38710351,"nonpositive_curvature","converged",386,"layered","",1,2.7770544,FALSE,0.28475717,0.28475717,"d+ lp- dl+ ll- w+"
"layered_port","boomsma","test","boomsma_3CS","cfa",25,47,"native","lambda1",1359036848,0.40947615,"nonpositive_curvature","noisy_objective",139,"layered","",1,3.3156825,FALSE,0.34368564,0.34368564,"d+ lp- dl+ ll- w+"
"layered_port","boomsma","test","boomsma_3CS","cfa",25,47,"x0.01","lambda0.25",1359036848,0.38712096,"nonpositive_curvature","noisy_objective",305,"layered","",1,2.7620381,FALSE,0.33719576,0.28475717,"d+ lp- dl- ll- w+"
"layered_port","boomsma","test","boomsma_3CS","cfa",25,47,"x0.01","lambda1",1359036848,0.40947615,"nonpositive_curvature","noisy_objective",141,"layered","",1,3.3156825,FALSE,0.34368564,0.34368564,"d+ lp- dl- ll- w+"
"layered_port","boomsma","test","boomsma_3CS","cfa",25,47,"x100","lambda0.25",1359036848,0.38710351,"nonpositive_curvature","noisy_objective",328,"layered","",1,2.7771023,FALSE,0.28475717,0.28475717,"d+ lp- dl+ ll- w+"
"layered_port","boomsma","test","boomsma_3CS","cfa",25,47,"x100","lambda1",1359036848,0.40947615,"nonpositive_curvature","noisy_objective",140,"layered","",1,3.3156837,FALSE,0.34368564,0.34368564,"d+ lp- dl+ ll- w+"
"layered_port","boomsma","test","boomsma_3CS","cfa",25,48,"native","lambda0.25",1359036849,0.30228761,"nonpositive_curvature","converged",247,"layered","",1,2.1211488,FALSE,0.17348221,0.17348221,"d+ lp- dl+ ll- w+"
"layered_port","boomsma","test","boomsma_3CS","cfa",25,48,"native","lambda1",1359036849,0.3370633,"nonpositive_curvature","converged",171,"layered","",1,1.946354,FALSE,0.23546845,0.23546845,"d+ lp- dl+ ll- w+"
"layered_port","boomsma","test","boomsma_3CS","cfa",25,48,"x0.01","lambda0.25",1359036849,0.30228761,"nonpositive_curvature","converged",236,"layered","",1,2.1211296,FALSE,0.17348221,0.17348221,"d+ lp- dl+ ll- w+"
"layered_port","boomsma","test","boomsma_3CS","cfa",25,48,"x0.01","lambda1",1359036849,0.3370634,"nonpositive_curvature","converged",160,"layered","",1,1.9463569,FALSE,0.23546845,0.23546845,"d+ lp- dl+ ll- w+"
"layered_port","boomsma","test","boomsma_3CS","cfa",25,48,"x100","lambda0.25",1359036849,0.30228761,"nonpositive_curvature","converged",267,"layered","",1,2.1211236,FALSE,0.17348221,0.17348221,"d+ lp- dl+ ll- w+"
"layered_port","boomsma","test","boomsma_3CS","cfa",25,48,"x100","lambda1",1359036849,0.33706332,"nonpositive_curvature","converged",168,"layered","",1,1.9463561,FALSE,0.23546845,0.23546845,"d+ lp- dl+ ll- w+"
"layered_port","boomsma","test","boomsma_3CS","cfa",25,5,"native","lambda0.25",1469351755,0.18036775,"nonpositive_curvature","noisy_objective",381,"layered","",1,2.4261194,FALSE,0.07778688,0.07778688,"d+ lp- dl+ ll- w+"
"layered_port","boomsma","test","boomsma_3CS","cfa",25,5,"native","lambda1",1469351755,0.21443504,"nonpositive_curvature","noisy_objective",204,"layered","",1,2.3917836,FALSE,0.13858925,0.13858925,"d+ lp- dl+ ll- w+"
"layered_port","boomsma","test","boomsma_3CS","cfa",25,5,"x0.01","lambda0.25",1469351755,0.18036775,"nonpositive_curvature","converged",296,"layered","",1,2.4261293,FALSE,0.07778688,0.07778688,"d+ lp- dl+ ll- w+"
"layered_port","boomsma","test","boomsma_3CS","cfa",25,5,"x0.01","lambda1",1469351755,0.2144349,"nonpositive_curvature","noisy_objective",172,"layered","",1,2.3917027,FALSE,0.13858925,0.13858925,"d+ lp- dl+ ll- w+"
"layered_port","boomsma","test","boomsma_3CS","cfa",25,5,"x100","lambda0.25",1469351755,0.18036775,"nonpositive_curvature","converged",267,"layered","",1,2.4261335,FALSE,0.07778688,0.07778688,"d+ lp- dl+ ll- w+"
"layered_port","boomsma","test","boomsma_3CS","cfa",25,5,"x100","lambda1",1469351755,0.21443525,"nonpositive_curvature","noisy_objective",172,"layered","",1,2.3919257,FALSE,0.13858925,0.13858925,"d+ lp- dl+ ll- w+"
"layered_port","boomsma","test","boomsma_3CS","cfa",25,50,"native","lambda0.25",1359036972,0.13389345,"nonpositive_curvature","noisy_objective",229,"layered","",1,2.9933704,FALSE,0.077408128,0.077408128,"d+ lp- dl+ ll- w-"
"layered_port","boomsma","test","boomsma_3CS","cfa",25,50,"native","lambda1",1359036972,0.11816217,"nonpositive_curvature","noisy_objective",433,"layered","",1,301.05918,FALSE,0.10767949,0.10767949,"d+ lp- dl+ ll- w-"
"layered_port","boomsma","test","boomsma_3CS","cfa",25,50,"x100","lambda0.25",1359036972,0.13389349,"nonpositive_curvature","noisy_objective",195,"layered","",1,2.9928715,FALSE,0.077408128,0.077408128,"d+ lp- dl+ ll- w-"
"layered_port","boomsma","test","boomsma_3CS","cfa",25,50,"x100","lambda1",1359036972,0.11828119,"nonpositive_curvature","noisy_objective",506,"layered","",1,212.56333,FALSE,0.10767949,0.10767949,"d+ lp- dl- ll- w-"
"layered_port","boomsma","test","boomsma_3CS","cfa",25,51,"native","lambda0.25",1359036973,0.36639272,"nonpositive_curvature","converged",237,"layered","",1,1,FALSE,0.19995766,0.19995766,"d+ lp- dl+ ll- w+"
"layered_port","boomsma","test","boomsma_3CS","cfa",25,51,"native","lambda1",1359036973,0.40891943,"nonpositive_curvature","noisy_objective",171,"layered","",1,1,FALSE,0.28045998,0.28045998,"d+ lp- dl+ ll- w+"
"layered_port","boomsma","test","boomsma_3CS","cfa",25,51,"x0.01","lambda0.25",1359036973,0.36639273,"nonpositive_curvature","converged",170,"layered","",1,1,FALSE,0.19995766,0.19995766,"d+ lp- dl+ ll- w+"
"layered_port","boomsma","test","boomsma_3CS","cfa",25,51,"x0.01","lambda1",1359036973,0.40891971,"nonpositive_curvature","noisy_objective",151,"layered","",1,1,FALSE,0.28045998,0.28045998,"d+ lp- dl+ ll- w+"
"layered_port","boomsma","test","boomsma_3CS","cfa",25,51,"x100","lambda0.25",1359036973,0.36639272,"nonpositive_curvature","converged",229,"layered","",1,1,FALSE,0.19995766,0.19995766,"d+ lp- dl+ ll- w+"
"layered_port","boomsma","test","boomsma_3CS","cfa",25,51,"x100","lambda1",1359036973,0.4089034,"nonpositive_curvature","noisy_objective",175,"layered","",1,1,FALSE,0.28045998,0.28045998,"d+ lp- dl+ ll- w+"
"layered_port","boomsma","test","boomsma_3CS","cfa",25,54,"native","lambda0.25",1359036976,0.35991916,"nonpositive_curvature","converged",150,"layered","",1,1,FALSE,0.27036768,0.27036768,"d+ lp- dl+ ll- w+"
"layered_port","boomsma","test","boomsma_3CS","cfa",25,54,"native","lambda1",1359036976,0.39791009,"nonpositive_curvature","noisy_objective",282,"layered","",1,1,FALSE,0.33924914,0.33924914,"d+ lp- dl+ ll- w+"
"layered_port","boomsma","test","boomsma_3CS","cfa",25,54,"x0.01","lambda1",1359036976,0.39791009,"nonpositive_curvature","noisy_objective",176,"layered","",1,1,FALSE,0.33924914,0.33924914,"d+ lp- dl+ ll- w+"
"layered_port","boomsma","test","boomsma_3CS","cfa",25,54,"x100","lambda0.25",1359036976,0.35991916,"nonpositive_curvature","noisy_objective",260,"layered","",1,1,FALSE,0.27036768,0.27036768,"d+ lp- dl+ ll- w+"
"layered_port","boomsma","test","boomsma_3CS","cfa",25,54,"x100","lambda1",1359036976,0.39791009,"nonpositive_curvature","noisy_objective",333,"layered","",1,1,FALSE,0.33924914,0.33924914,"d+ lp- dl+ ll- w+"
"layered_port","boomsma","test","boomsma_3CS","cfa",25,57,"mixed","lambda0.25",1359036979,0.17231707,"nonpositive_curvature","noisy_objective",899,"layered","",1,79029.069,FALSE,0.19384976,0.15987387,"d+ lp- dl- ll- w+"
"layered_port","boomsma","test","boomsma_3CS","cfa",25,57,"mixed","lambda1",1359036979,0.21663315,"available","noisy_objective",817,"layered","",1,17233.636,FALSE,0.24616805,0.21267592,"d+ lp- dl+ ll- w+"
"layered_port","boomsma","test","boomsma_3CS","cfa",25,57,"native","lambda0.25",1359036979,0.17247113,"nonpositive_curvature","noisy_objective",673,"layered","",1,25792.364,FALSE,0.15987387,0.15987387,"d+ lp- dl+ ll- w+"
"layered_port","boomsma","test","boomsma_3CS","cfa",25,57,"native","lambda1",1359036979,0.21661976,"available","noisy_objective",1152,"layered","",1,40738.861,FALSE,0.21267592,0.21267592,"d+ lp- dl+ ll- w+"
"layered_port","boomsma","test","boomsma_3CS","cfa",25,57,"x0.01","lambda0.25",1359036979,0.17275529,"nonpositive_curvature","noisy_objective",592,"layered","",1,9173.6747,FALSE,0.19384976,0.15987387,"d+ lp- dl+ ll- w+"
"layered_port","boomsma","test","boomsma_3CS","cfa",25,57,"x0.01","lambda1",1359036979,0.21662584,"available","noisy_objective",702,"layered","",1,6429.7036,FALSE,0.24616805,0.21267592,"d+ lp- dl+ ll- w+"
"layered_port","boomsma","test","boomsma_3CS","cfa",25,57,"x100","lambda0.25",1359036979,0.17212488,"nonpositive_curvature","noisy_objective",629,"layered","",1,26245.699,FALSE,0.15987387,0.15987387,"d+ lp- dl+ ll- w+"
"layered_port","boomsma","test","boomsma_3CS","cfa",25,57,"x100","lambda1",1359036979,0.21661648,"nonpositive_curvature","noisy_objective",605,"layered","",1,4085.6396,FALSE,0.21267592,0.21267592,"d+ lp- dl+ ll- w+"
"layered_port","boomsma","test","boomsma_3CS","cfa",25,58,"native","lambda0.25",1359036980,0.33443095,"available","noisy_objective",638,"layered","",1,25437.784,FALSE,0.2723783,0.2723783,"d+ lp- dl+ ll- w+"
"layered_port","boomsma","test","boomsma_3CS","cfa",25,58,"native","lambda1",1359036980,0.47519314,"nonpositive_curvature","converged",252,"layered","",1,1.9085566,FALSE,0.34981095,0.34981095,"d+ lp- dl+ ll- w+"
"layered_port","boomsma","test","boomsma_3CS","cfa",25,58,"x0.01","lambda1",1359036980,0.47521608,"nonpositive_curvature","noisy_objective",236,"layered","",1,1.9256205,FALSE,0.34981095,0.34981095,"d+ lp- dl+ ll- w+"
"layered_port","boomsma","test","boomsma_3CS","cfa",25,58,"x100","lambda0.25",1359036980,0.33445759,"available","singular_convergence",943,"layered","",1,137494.84,FALSE,0.2723783,0.2723783,"d+ lp- dl+ ll- w+"
"layered_port","boomsma","test","boomsma_3CS","cfa",25,58,"x100","lambda1",1359036980,0.47519314,"nonpositive_curvature","converged",255,"layered","",1,1.9085566,FALSE,0.34981095,0.34981095,"d+ lp- dl+ ll- w+"
"layered_port","boomsma","test","boomsma_3CS","cfa",25,64,"native","lambda0.25",1359037107,0.5443898,"nonpositive_curvature","noisy_objective",255,"layered","",1,2.5370667,FALSE,0.21673808,0.21673808,"d+ lp- dl+ ll- w+"
"layered_port","boomsma","test","boomsma_3CS","cfa",25,64,"native","lambda1",1359037107,0.57046964,"nonpositive_curvature","noisy_objective",200,"layered","",1,2.5422392,FALSE,0.30918851,0.30918851,"d+ lp- dl+ ll- w+"
"layered_port","boomsma","test","boomsma_3CS","cfa",25,64,"x0.01","lambda1",1359037107,0.57046964,"nonpositive_curvature","converged",186,"layered","",1,2.5384376,FALSE,0.30918851,0.30918851,"d+ lp- dl- ll- w+"
"layered_port","boomsma","test","boomsma_3CS","cfa",25,64,"x100","lambda0.25",1359037107,0.54438979,"nonpositive_curvature","noisy_objective",241,"layered","",1,2.5371139,FALSE,0.21673808,0.21673808,"d+ lp- dl+ ll- w+"
"layered_port","boomsma","test","boomsma_3CS","cfa",25,64,"x100","lambda1",1359037107,0.57046972,"nonpositive_curvature","converged",104,"layered","",1,2.5419699,FALSE,0.30918851,0.30918851,"d+ lp- dl+ ll- w+"
"layered_port","boomsma","test","boomsma_3CS","cfa",25,66,"x0.01","lambda0.25",1359037109,0.34446971,"nonpositive_curvature","converged",358,"layered","",1,2.0898343,FALSE,0.10634491,0.10634491,"d+ lp- dl+ ll- w-"
"layered_port","boomsma","test","boomsma_3CS","cfa",25,67,"native","lambda1",1359037110,0.40406234,"nonpositive_curvature","converged",247,"layered","",1,1.5387565,FALSE,0.26157201,0.26157201,"d+ lp- dl+ ll- w+"
"layered_port","boomsma","test","boomsma_3CS","cfa",25,67,"x0.01","lambda1",1359037110,0.40406248,"nonpositive_curvature","converged",130,"layered","",1,1.5378744,FALSE,0.26157201,0.26157201,"d+ lp- dl+ ll- w+"
"layered_port","boomsma","test","boomsma_3CS","cfa",25,67,"x100","lambda1",1359037110,0.40406234,"nonpositive_curvature","converged",171,"layered","",1,1.5395205,FALSE,0.26157201,0.26157201,"d+ lp- dl+ ll- w+"
"layered_port","boomsma","test","boomsma_3CS","cfa",25,69,"mixed","lambda0.25",1359037112,0.32508254,"nonpositive_curvature","converged",350,"layered","",1,1.7358757,FALSE,0.180028,0.180028,"d+ lp- dl- ll- w+"
"layered_port","boomsma","test","boomsma_3CS","cfa",25,69,"mixed","lambda1",1359037112,0.34881789,"nonpositive_curvature","noisy_objective",183,"layered","",1,1.7467884,FALSE,0.24235698,0.24235698,"d+ lp- dl+ ll- w+"
"layered_port","boomsma","test","boomsma_3CS","cfa",25,69,"native","lambda0.25",1359037112,0.32508254,"nonpositive_curvature","noisy_objective",317,"layered","",1,1.7358734,FALSE,0.180028,0.180028,"d+ lp- dl+ ll- w+"
"layered_port","boomsma","test","boomsma_3CS","cfa",25,69,"native","lambda1",1359037112,0.34892659,"nonpositive_curvature","noisy_objective",122,"layered","",1,1.7457645,FALSE,0.24235698,0.24235698,"d+ lp- dl+ ll- w+"
"layered_port","boomsma","test","boomsma_3CS","cfa",25,69,"x0.01","lambda0.25",1359037112,0.32508254,"nonpositive_curvature","converged",194,"layered","",1,1.7358798,FALSE,0.180028,0.180028,"d+ lp- dl- ll- w+"
"layered_port","boomsma","test","boomsma_3CS","cfa",25,69,"x0.01","lambda1",1359037112,0.34892659,"nonpositive_curvature","noisy_objective",120,"layered","",1,1.7457645,FALSE,0.24235698,0.24235698,"d+ lp- dl- ll- w+"
"layered_port","boomsma","test","boomsma_3CS","cfa",25,69,"x100","lambda0.25",1359037112,0.32508255,"nonpositive_curvature","converged",157,"layered","",1,1.7358771,FALSE,0.180028,0.180028,"d+ lp- dl+ ll- w+"
"layered_port","boomsma","test","boomsma_3CS","cfa",25,69,"x100","lambda1",1359037112,0.34892658,"nonpositive_curvature","noisy_objective",137,"layered","",1,1.7457645,FALSE,0.24235698,0.24235698,"d+ lp- dl+ ll- w+"
"layered_port","boomsma","test","boomsma_3CS","cfa",25,72,"mixed","lambda0.25",1359037236,0.18702041,"available","noisy_objective",678,"layered","",1,6424.4232,TRUE,0.18203215,0.18203215,"d+ lp- dl+ ll- w+"
"layered_port","boomsma","test","boomsma_3CS","cfa",25,72,"native","lambda0.25",1359037236,0.18701856,"available","budget_exhausted",1295,"layered","",1,45790.615,TRUE,0.18203215,0.18203215,"d+ lp- dl+ ll- w+"
"layered_port","boomsma","test","boomsma_3CS","cfa",25,72,"native","lambda1",1359037236,0.25230662,"available","noisy_objective",1170,"layered","",1,44628.362,TRUE,0.24822066,0.24822066,"d+ lp- dl+ ll- w+"
"layered_port","boomsma","test","boomsma_3CS","cfa",25,72,"x100","lambda0.25",1359037236,0.18701885,"available","noisy_objective",803,"layered","",1,10208.473,TRUE,0.18203215,0.18203215,"d+ lp- dl+ ll- w+"
"layered_port","boomsma","test","boomsma_3CS","cfa",25,72,"x100","lambda1",1359037236,0.25230669,"available","singular_convergence",1111,"layered","",1,40352.544,TRUE,0.24822066,0.24822066,"d+ lp- dl+ ll- w+"
"layered_port","boomsma","test","boomsma_3CS","cfa",25,75,"native","lambda0.25",1359037239,0.41813471,"nonpositive_curvature","converged",252,"layered","",1,1.332178,FALSE,0.25765932,0.25765932,"d+ lp- dl+ ll- w+"
"layered_port","boomsma","test","boomsma_3CS","cfa",25,75,"native","lambda1",1359037239,0.44369861,"nonpositive_curvature","converged",209,"layered","",1,1.5308767,FALSE,0.33202669,0.33202669,"d+ lp- dl+ ll- w+"
"layered_port","boomsma","test","boomsma_3CS","cfa",25,75,"x0.01","lambda1",1359037239,0.44369863,"nonpositive_curvature","noisy_objective",286,"layered","",1,1.5307043,FALSE,0.33202669,0.33202669,"d+ lp- dl+ ll- w+"
"layered_port","boomsma","test","boomsma_3CS","cfa",25,75,"x100","lambda0.25",1359037239,0.41813471,"nonpositive_curvature","converged",272,"layered","",1,1.3322036,FALSE,0.25765932,0.25765932,"d+ lp- dl+ ll- w+"
"layered_port","boomsma","test","boomsma_3CS","cfa",25,75,"x100","lambda1",1359037239,0.44369861,"nonpositive_curvature","converged",181,"layered","",1,1.5308772,FALSE,0.33202669,0.33202669,"d+ lp- dl+ ll- w+"
"layered_port","boomsma","test","boomsma_3CS","cfa",25,8,"native","lambda1",1469351758,0.26172448,"nonpositive_curvature","converged",353,"layered","",1,2.7531026,FALSE,0.2042102,0.2042102,"d+ lp- dl- ll- w+"
"layered_port","boomsma","test","boomsma_3CS","cfa",25,8,"x0.01","lambda1",1469351758,0.26172448,"nonpositive_curvature","converged",231,"layered","",1,2.7531076,FALSE,0.2042102,0.2042102,"d+ lp- dl- ll- w+"
"layered_port","boomsma","test","boomsma_3CS","cfa",25,8,"x100","lambda1",1469351758,0.26172451,"nonpositive_curvature","noisy_objective",248,"layered","",1,2.7532112,FALSE,0.2042102,0.2042102,"d+ lp- dl+ ll- w+"
"layered_port","boomsma","test","boomsma_3CS","cfa",25,84,"mixed","lambda1",1359037369,0.30847671,"nonpositive_curvature","noisy_objective",225,"layered","",1,2.3398246,FALSE,0.28727199,0.28727199,"d+ lp- dl- ll- w+"
"layered_port","boomsma","test","boomsma_3CS","cfa",25,84,"native","lambda1",1359037369,0.30847671,"nonpositive_curvature","converged",261,"layered","",1,2.3398265,FALSE,0.28727199,0.28727199,"d+ lp- dl+ ll- w+"
"layered_port","boomsma","test","boomsma_3CS","cfa",25,84,"x0.01","lambda1",1359037369,0.30847671,"nonpositive_curvature","converged",209,"layered","",1,2.3398291,FALSE,0.28727199,0.28727199,"d+ lp- dl- ll- w+"
"layered_port","boomsma","test","boomsma_3CS","cfa",25,84,"x100","lambda1",1359037369,0.30847671,"nonpositive_curvature","converged",176,"layered","",1,2.3398261,FALSE,0.28727199,0.28727199,"d+ lp- dl+ ll- w+"
"layered_port","boomsma","test","boomsma_3CS","cfa",25,88,"native","lambda0.25",1359037373,0.2851344,"nonpositive_curvature","noisy_objective",236,"layered","",1,2.5739976,FALSE,0.19141916,0.19141916,"d+ lp- dl+ ll- w+"
"layered_port","boomsma","test","boomsma_3CS","cfa",25,88,"native","lambda1",1359037373,0.31529464,"nonpositive_curvature","converged",81,"layered","",1,2.5702239,FALSE,0.24351542,0.24351542,"d+ lp- dl+ ll- w+"
"layered_port","boomsma","test","boomsma_3CS","cfa",25,88,"x0.01","lambda0.25",1359037373,0.28513539,"nonpositive_curvature","noisy_objective",222,"layered","",1,2.5737235,FALSE,0.19141916,0.19141916,"d+ lp- dl- ll- w+"
"layered_port","boomsma","test","boomsma_3CS","cfa",25,88,"x0.01","lambda1",1359037373,0.31529464,"nonpositive_curvature","converged",80,"layered","",1,2.570224,FALSE,0.24351542,0.24351542,"d+ lp- dl- ll- w+"
"layered_port","boomsma","test","boomsma_3CS","cfa",25,88,"x100","lambda0.25",1359037373,0.28513441,"nonpositive_curvature","noisy_objective",283,"layered","",1,2.5740042,FALSE,0.19141916,0.19141916,"d+ lp- dl+ ll- w+"
"layered_port","boomsma","test","boomsma_3CS","cfa",25,88,"x100","lambda1",1359037373,0.31529464,"nonpositive_curvature","converged",81,"layered","",1,2.5702239,FALSE,0.24351542,0.24351542,"d+ lp- dl+ ll- w+"
"layered_port","boomsma","test","boomsma_3CS","cfa",25,90,"native","lambda0.25",1359037496,0.28913995,"nonpositive_curvature","converged",208,"layered","",1,2.4454318,FALSE,0.14525713,0.14525713,"d+ lp- dl+ ll- w+"
"layered_port","boomsma","test","boomsma_3CS","cfa",25,90,"native","lambda1",1359037496,0.30760259,"nonpositive_curvature","noisy_objective",185,"layered","",1,2.4288412,FALSE,0.20380753,0.20380753,"d+ lp- dl+ ll- w+"
"layered_port","boomsma","test","boomsma_3CS","cfa",25,90,"x100","lambda0.25",1359037496,0.28913995,"nonpositive_curvature","converged",201,"layered","",1,2.4454492,FALSE,0.14525713,0.14525713,"d+ lp- dl+ ll- w+"
"layered_port","boomsma","test","boomsma_3CS","cfa",25,90,"x100","lambda1",1359037496,0.3076026,"nonpositive_curvature","noisy_objective",180,"layered","",1,2.4288298,FALSE,0.20380753,0.20380753,"d+ lp- dl+ ll- w+"
"layered_port","boomsma","test","boomsma_3CS","cfa",25,92,"native","lambda0.25",1359037498,0.19778446,"available","noisy_objective",945,"layered","",1,20812.694,FALSE,0.18549268,0.18549268,"d+ lp- dl+ ll- w+"
"layered_port","boomsma","test","boomsma_3CS","cfa",25,92,"native","lambda1",1359037498,0.49361522,"nonpositive_curvature","converged",140,"layered","",1,2.2392368,FALSE,0.27313307,0.27313307,"d+ lp- dl+ ll- w+"
"layered_port","boomsma","test","boomsma_3CS","cfa",25,92,"x0.01","lambda1",1359037498,0.49361522,"nonpositive_curvature","converged",134,"layered","",1,2.2392398,FALSE,0.27313307,0.27313307,"d+ lp- dl- ll- w+"
"layered_port","boomsma","test","boomsma_3CS","cfa",25,92,"x100","lambda0.25",1359037498,0.19778973,"available","noisy_objective",934,"layered","",1,23908.555,FALSE,0.18549268,0.18549268,"d+ lp- dl+ ll- w+"
"layered_port","boomsma","test","boomsma_3CS","cfa",25,92,"x100","lambda1",1359037498,0.49361522,"nonpositive_curvature","converged",119,"layered","",1,2.2392371,FALSE,0.27313307,0.27313307,"d+ lp- dl+ ll- w+"
"layered_port","boomsma","test","boomsma_3CS","cfa",25,93,"mixed","lambda0.25",1359037499,0.31273464,"available","singular_convergence",1132,"layered","",1,21736.079,TRUE,0.3124193,0.3124193,"d+ lp- dl+ ll- w+"
"layered_port","boomsma","test","boomsma_3CS","cfa",25,93,"native","lambda0.25",1359037499,0.31273544,"available","noisy_objective",821,"layered","",1,7520.2532,TRUE,0.31243459,0.31243459,"d+ lp- dl+ ll- w+"
"layered_port","boomsma","test","boomsma_3CS","cfa",25,93,"native","lambda1",1359037499,0.42334946,"nonpositive_curvature","noisy_objective",175,"layered","",1,1.4357712,FALSE,0.38282286,0.38282286,"d+ lp- dl+ ll- w+"
"layered_port","boomsma","test","boomsma_3CS","cfa",25,93,"x0.01","lambda0.25",1359037499,0.31273462,"available","singular_convergence",1143,"layered","",1,23242.886,TRUE,0.31243459,0.3124193,"d+ lp- dl+ ll- w+"
"layered_port","boomsma","test","boomsma_3CS","cfa",25,93,"x0.01","lambda1",1359037499,0.42334946,"nonpositive_curvature","noisy_objective",185,"layered","",1,1.4357676,FALSE,0.380966,0.380966,"d+ lp- dl- ll- w+"
"layered_port","boomsma","test","boomsma_3CS","cfa",25,93,"x100","lambda0.25",1359037499,0.31273474,"available","singular_convergence",1084,"layered","",1,18444.409,TRUE,0.31243459,0.31243459,"d+ lp- dl+ ll- w+"
"layered_port","boomsma","test","boomsma_3CS","cfa",25,93,"x100","lambda1",1359037499,0.42334945,"nonpositive_curvature","converged",168,"layered","",1,1.435525,FALSE,0.38282286,0.38282286,"d+ lp- dl+ ll- w+"
"layered_port","boomsma","test","boomsma_3CS","cfa",25,99,"native","lambda0.25",1359037505,0.31323059,"nonpositive_curvature","noisy_objective",389,"layered","",1,1.2586274,FALSE,0.13437025,0.13437025,"d+ lp- dl+ ll- w+"
"layered_port","boomsma","test","boomsma_3CS","cfa",25,99,"native","lambda1",1359037505,0.31323059,"nonpositive_curvature","noisy_objective",393,"layered","",1,1.2656817,FALSE,0.19247269,0.19247269,"d+ lp- dl+ ll- w+"
"layered_port","boomsma","test","boomsma_3CS","cfa",25,99,"x0.01","lambda0.25",1359037505,0.31323059,"nonpositive_curvature","converged",389,"layered","",1,1.2558894,FALSE,0.13437025,0.13437025,"d+ lp- dl+ ll- w+"
"layered_port","boomsma","test","boomsma_3CS","cfa",25,99,"x100","lambda0.25",1359037505,0.31323062,"nonpositive_curvature","noisy_objective",255,"layered","",1,1.2580228,FALSE,0.13437025,0.13437025,"d+ lp- dl+ ll- w+"
"layered_port","boomsma","test","boomsma_3CS","cfa",25,99,"x100","lambda1",1359037505,0.3132306,"nonpositive_curvature","noisy_objective",312,"layered","",1,1.2653429,FALSE,0.19247269,0.19247269,"d+ lp- dl+ ll- w+"
"layered_port","boomsma","test","boomsma_3UM","cfa",25,100,"native","lambda0.25",531052433,0.31204834,"nonpositive_curvature","converged",237,"layered","",1,1,FALSE,0.18442125,0.18442125,"d+ lp- dl+ ll- w+"
"layered_port","boomsma","test","boomsma_3UM","cfa",25,100,"native","lambda1",531052433,0.35258153,"nonpositive_curvature","noisy_objective",235,"layered","",1,1,FALSE,0.2587245,0.2587245,"d+ lp- dl+ ll- w+"
"layered_port","boomsma","test","boomsma_3UM","cfa",25,100,"x0.01","lambda0.25",531052433,0.3120487,"nonpositive_curvature","noisy_objective",226,"layered","",1,1,FALSE,0.18442125,0.18442125,"d+ lp- dl- ll- w+"
"layered_port","boomsma","test","boomsma_3UM","cfa",25,100,"x0.01","lambda1",531052433,0.37184517,"nonpositive_curvature","noisy_objective",163,"layered","",1,1,FALSE,0.2587245,0.2587245,"d+ lp- dl- ll- w+"
"layered_port","boomsma","test","boomsma_3UM","cfa",25,100,"x100","lambda0.25",531052433,0.31204834,"nonpositive_curvature","converged",211,"layered","",1,1,FALSE,0.18442125,0.18442125,"d+ lp- dl+ ll- w+"
"layered_port","boomsma","test","boomsma_3UM","cfa",25,100,"x100","lambda1",531052433,0.35258147,"nonpositive_curvature","noisy_objective",227,"layered","",1,1,FALSE,0.2587245,0.2587245,"d+ lp- dl+ ll- w+"
"layered_port","boomsma","test","boomsma_3UM","cfa",25,16,"mixed","lambda0.25",4053841,0.32088198,"nonpositive_curvature","converged",320,"layered","",1,1.0368224,FALSE,0.17307758,0.17307758,"d+ lp- dl+ ll- w+"
"layered_port","boomsma","test","boomsma_3UM","cfa",25,16,"mixed","lambda1",4053841,0.35399911,"nonpositive_curvature","converged",143,"layered","",1,1.0308392,FALSE,0.23667053,0.23667053,"d+ lp- dl+ ll- w+"
"layered_port","boomsma","test","boomsma_3UM","cfa",25,16,"native","lambda0.25",4053841,0.32088198,"nonpositive_curvature","converged",272,"layered","",1,1.0368259,FALSE,0.17307758,0.17307758,"d+ lp- dl+ ll- w+"
"layered_port","boomsma","test","boomsma_3UM","cfa",25,16,"native","lambda1",4053841,0.35399909,"nonpositive_curvature","converged",153,"layered","",1,1.030839,FALSE,0.23667053,0.23667053,"d+ lp- dl+ ll- w+"
"layered_port","boomsma","test","boomsma_3UM","cfa",25,16,"x0.01","lambda1",4053841,0.35399909,"nonpositive_curvature","noisy_objective",217,"layered","",1,1.0308387,FALSE,0.23667053,0.23667053,"d+ lp- dl+ ll- w+"
"layered_port","boomsma","test","boomsma_3UM","cfa",25,16,"x100","lambda0.25",4053841,0.32088198,"nonpositive_curvature","noisy_objective",306,"layered","",1,1.036824,FALSE,0.17307758,0.17307758,"d+ lp- dl+ ll- w+"
"layered_port","boomsma","test","boomsma_3UM","cfa",25,16,"x100","lambda1",4053841,0.35465855,"nonpositive_curvature","noisy_objective",122,"layered","",1,1.0278164,FALSE,0.23667053,0.23667053,"d+ lp- dl+ ll- w+"
"layered_port","boomsma","test","boomsma_3UM","cfa",25,82,"native","lambda0.25",4054754,0.17490948,"nonpositive_curvature","noisy_objective",623,"layered","",1,41787.013,FALSE,0.14410343,0.14410343,"d+ lp- dl+ ll- w+"
"layered_port","boomsma","test","boomsma_3UM","cfa",25,82,"native","lambda1",4054754,0.24294231,"available","noisy_objective",912,"layered","",1,45012.34,FALSE,0.21994326,0.21994326,"d+ lp- dl+ ll- w+"
"layered_port","boomsma","test","boomsma_3UM","cfa",25,82,"x0.01","lambda0.25",4054754,0.17451992,"nonpositive_curvature","noisy_objective",542,"layered","",1,22048.732,FALSE,0.14410343,0.14410343,"d+ lp- dl+ ll- w+"
"layered_port","boomsma","test","boomsma_3UM","cfa",25,82,"x0.01","lambda1",4054754,0.24296023,"available","singular_convergence",1012,"layered","",1,79890.225,FALSE,0.21994326,0.21994326,"d+ lp- dl- ll- w+"
"layered_port","boomsma","test","boomsma_3UM","cfa",25,82,"x100","lambda0.25",4054754,0.17516017,"nonpositive_curvature","noisy_objective",761,"layered","",1,90477.216,FALSE,0.14410343,0.14410343,"d+ lp- dl+ ll- w+"
"layered_port","boomsma","test","boomsma_3UM","cfa",25,82,"x100","lambda1",4054754,0.24296594,"available","noisy_objective",780,"layered","",1,21660.429,FALSE,0.21994326,0.21994326,"d+ lp- dl+ ll- w+"
"layered_port","boomsma","test","boomsma_3UM","cfa",25,83,"mixed","lambda1",4054755,0.33053397,"nonpositive_curvature","noisy_objective",236,"layered","",1,1.4771767,FALSE,0.15769279,0.15769279,"d+ lp- dl+ ll- w+"
"layered_port","boomsma","test","boomsma_3UM","cfa",25,83,"native","lambda0.25",4054755,0.31488395,"nonpositive_curvature","noisy_objective",181,"layered","",1,1.4925158,FALSE,0.10043344,0.10043344,"d+ lp- dl+ ll- w+"
"layered_port","boomsma","test","boomsma_3UM","cfa",25,83,"native","lambda1",4054755,0.33055522,"nonpositive_curvature","noisy_objective",196,"layered","",1,1.4775202,FALSE,0.15769279,0.15769279,"d+ lp- dl+ ll- w+"
"layered_port","boomsma","test","boomsma_3UM","cfa",25,83,"x0.01","lambda0.25",4054755,0.31448933,"nonpositive_curvature","converged",129,"layered","",1,1.4845107,FALSE,0.10043344,0.10043344,"d+ lp- dl- ll- w+"
"layered_port","boomsma","test","boomsma_3UM","cfa",25,83,"x100","lambda0.25",4054755,0.31448933,"nonpositive_curvature","converged",143,"layered","",1,1.4847506,FALSE,0.10043344,0.10043344,"d+ lp- dl+ ll- w+"
"layered_port","boomsma","test","boomsma_3UM","cfa",25,83,"x100","lambda1",4054755,0.33055472,"nonpositive_curvature","noisy_objective",186,"layered","",1,1.4763154,FALSE,0.15769279,0.15769279,"d+ lp- dl+ ll- w+"
"layered_port","boomsma","test","boomsma_3UM","cfa",25,93,"native","lambda0.25",4054886,0.5471545,"nonpositive_curvature","converged",214,"layered","",1,1.7399994,FALSE,0.26874019,0.26874019,"d+ lp- dl+ ll- w+"
"layered_port","boomsma","test","boomsma_3UM","cfa",25,93,"native","lambda1",4054886,0.60986995,"nonpositive_curvature","noisy_objective",158,"layered","",1,1.7320513,FALSE,0.38433483,0.38433483,"d+ lp- dl+ ll- w+"
"layered_port","boomsma","test","boomsma_3UM","cfa",25,93,"x0.01","lambda0.25",4054886,0.5471545,"nonpositive_curvature","noisy_objective",312,"layered","",1,1.7395941,FALSE,0.26874019,0.26874019,"d+ lp- dl+ ll- w+"
"layered_port","boomsma","test","boomsma_3UM","cfa",25,93,"x0.01","lambda1",4054886,0.60986996,"nonpositive_curvature","noisy_objective",153,"layered","",1,1.7320519,FALSE,0.38433483,0.38433483,"d+ lp- dl+ ll- w+"
"layered_port","boomsma","test","boomsma_3UM","cfa",25,93,"x100","lambda0.25",4054886,0.54715451,"nonpositive_curvature","converged",153,"layered","",1,1.73997,FALSE,0.26874019,0.26874019,"d+ lp- dl+ ll- w+"
"layered_port","boomsma","test","boomsma_3UM","cfa",25,93,"x100","lambda1",4054886,0.6098806,"nonpositive_curvature","noisy_objective",126,"layered","",1,1.731501,FALSE,0.38433483,0.38433483,"d+ lp- dl+ ll- w+"
"layered_port","boomsma","test","boomsma_3UM","cfa",25,94,"mixed","lambda1",4054887,0.6185103,"nonpositive_curvature","noisy_objective",212,"layered","",1,1.3498887,FALSE,0.48466053,0.48466053,"d+ lp- dl+ ll- w+"
"layered_port","boomsma","test","boomsma_3UM","cfa",25,94,"native","lambda0.25",4054887,0.56249267,"nonpositive_curvature","noisy_objective",245,"layered","",1,1.3367888,FALSE,0.38461276,0.38461276,"d+ lp- dl+ ll- w+"
"layered_port","boomsma","test","boomsma_3UM","cfa",25,94,"native","lambda1",4054887,0.61852151,"nonpositive_curvature","noisy_objective",166,"layered","",1,1.3524918,FALSE,0.48466053,0.48466053,"d+ lp- dl+ ll- w+"
"layered_port","boomsma","test","boomsma_3UM","cfa",25,94,"x0.01","lambda1",4054887,0.61852101,"nonpositive_curvature","noisy_objective",208,"layered","",1,1.3530622,FALSE,0.48466053,0.48466053,"d+ lp- dl+ ll- w+"
"layered_port","boomsma","test","boomsma_3UM","cfa",25,94,"x100","lambda0.25",4054887,0.56249258,"nonpositive_curvature","converged",153,"layered","",1,1.336657,FALSE,0.38461276,0.38461276,"d+ lp- dl+ ll- w+"
"layered_port","boomsma","test","boomsma_3UM","cfa",25,94,"x100","lambda1",4054887,0.61851029,"nonpositive_curvature","converged",209,"layered","",1,1.3502406,FALSE,0.48466053,0.48466053,"d+ lp- dl+ ll- w+"
"layered_port","boomsma","test","boomsma_3US","cfa",100,12,"native","lambda0.25",280870408,0.081723474,"nonpositive_curvature","converged",240,"layered","",1,2.1354885,FALSE,0.049036318,0.049036318,"d+ lp- dl+ ll- w+"
"layered_port","boomsma","test","boomsma_3US","cfa",100,12,"native","lambda1",280870408,0.087009913,"nonpositive_curvature","noisy_objective",237,"layered","",1,2.1376729,FALSE,0.060848394,0.060848394,"d+ lp- dl+ ll- w+"
"layered_port","boomsma","test","boomsma_3US","cfa",100,12,"x0.01","lambda1",280870408,0.087010648,"nonpositive_curvature","noisy_objective",200,"layered","",1,2.1369605,FALSE,0.060848394,0.060848394,"d+ lp- dl- ll- w+"
"layered_port","boomsma","test","boomsma_3US","cfa",100,12,"x100","lambda0.25",280870408,0.081723474,"nonpositive_curvature","noisy_objective",281,"layered","",1,2.1354887,FALSE,0.049036318,0.049036318,"d+ lp- dl+ ll- w+"
"layered_port","boomsma","test","boomsma_3US","cfa",100,12,"x100","lambda1",280870408,0.087009914,"nonpositive_curvature","noisy_objective",231,"layered","",1,2.1376838,FALSE,0.060848394,0.060848394,"d+ lp- dl+ ll- w+"
"layered_port","boomsma","test","boomsma_3US","cfa",100,17,"mixed","lambda0.25",280870413,0.10071434,"nonpositive_curvature","converged",170,"layered","",1,1,FALSE,0.066729098,0.066729098,"d+ lp- dl- ll- w+"
"layered_port","boomsma","test","boomsma_3US","cfa",100,17,"mixed","lambda1",280870413,0.1073857,"nonpositive_curvature","converged",177,"layered","",1,1,FALSE,0.077257475,0.077257475,"d+ lp- dl- ll- w+"
"layered_port","boomsma","test","boomsma_3US","cfa",100,17,"native","lambda0.25",280870413,0.10071433,"nonpositive_curvature","converged",268,"layered","",1,1,FALSE,0.066729098,0.066729098,"d+ lp- dl+ ll- w+"
"layered_port","boomsma","test","boomsma_3US","cfa",100,17,"native","lambda1",280870413,0.1073857,"nonpositive_curvature","converged",180,"layered","",1,1,FALSE,0.077257475,0.077257475,"d+ lp- dl+ ll- w+"
"layered_port","boomsma","test","boomsma_3US","cfa",100,17,"x0.01","lambda0.25",280870413,0.10071434,"nonpositive_curvature","noisy_objective",258,"layered","",1,1,FALSE,0.066729098,0.066729098,"d+ lp- dl+ ll- w+"
"layered_port","boomsma","test","boomsma_3US","cfa",100,17,"x0.01","lambda1",280870413,0.10738574,"nonpositive_curvature","noisy_objective",263,"layered","",1,1,FALSE,0.077257475,0.077257475,"d+ lp- dl+ ll- w+"
"layered_port","boomsma","test","boomsma_3US","cfa",100,17,"x100","lambda0.25",280870413,0.10071433,"nonpositive_curvature","noisy_objective",234,"layered","",1,1,FALSE,0.066729098,0.066729098,"d+ lp- dl+ ll- w+"
"layered_port","boomsma","test","boomsma_3US","cfa",100,17,"x100","lambda1",280870413,0.1073857,"nonpositive_curvature","noisy_objective",225,"layered","",1,1,FALSE,0.077257475,0.077257475,"d+ lp- dl+ ll- w+"
"layered_port","boomsma","test","boomsma_3US","cfa",100,22,"native","lambda0.25",280870539,0.10253261,"nonpositive_curvature","noisy_objective",330,"layered","",1,4.1684945,FALSE,0.043331457,0.043331457,"d+ lp- dl+ ll- w+"
"layered_port","boomsma","test","boomsma_3US","cfa",100,22,"native","lambda1",280870539,0.10365696,"nonpositive_curvature","noisy_objective",193,"layered","",1,4.1785847,FALSE,0.055187593,0.055187593,"d+ lp- dl+ ll- w+"
"layered_port","boomsma","test","boomsma_3US","cfa",100,22,"x0.01","lambda0.25",280870539,0.1025384,"nonpositive_curvature","noisy_objective",213,"layered","",1,4.1743812,FALSE,0.043331457,0.043331457,"d+ lp- dl- ll- w+"
"layered_port","boomsma","test","boomsma_3US","cfa",100,22,"x100","lambda0.25",280870539,0.10253261,"nonpositive_curvature","converged",294,"layered","",1,4.1684807,FALSE,0.043331457,0.043331457,"d+ lp- dl+ ll- w+"
"layered_port","boomsma","test","boomsma_3US","cfa",100,22,"x100","lambda1",280870539,0.10365696,"nonpositive_curvature","noisy_objective",381,"layered","",1,4.1785847,FALSE,0.055187593,0.055187593,"d+ lp- dl+ ll- w+"
"layered_port","boomsma","test","boomsma_3US","cfa",100,25,"native","lambda0.25",280870542,0.064130009,"nonpositive_curvature","singular_convergence",728,"layered","",1,55024.21,FALSE,0.054146858,0.054146858,"d+ lp- dl+ ll- w+"
"layered_port","boomsma","test","boomsma_3US","cfa",100,25,"x100","lambda0.25",280870542,0.064129327,"nonpositive_curvature","singular_convergence",733,"layered","",1,48395.025,FALSE,0.054146858,0.054146858,"d+ lp- dl+ ll- w+"
"layered_port","boomsma","test","boomsma_3US","cfa",100,32,"mixed","lambda0.25",280870670,0.11667433,"available","noisy_objective",379,"layered","",1,7248.4006,FALSE,0.064744668,0.064744668,"d+ lp- dl- ll- w+"
"layered_port","boomsma","test","boomsma_3US","cfa",100,32,"native","lambda0.25",280870670,0.11667276,"available","singular_convergence",518,"layered","",1,41260.71,FALSE,0.064744668,0.064744668,"d+ lp- dl+ ll- w+"
"layered_port","boomsma","test","boomsma_3US","cfa",100,32,"native","lambda1",280870670,0.13087747,"nonpositive_curvature","converged",273,"layered","",1,1.8886752,FALSE,0.080939481,0.080939481,"d+ lp- dl+ ll- w+"
"layered_port","boomsma","test","boomsma_3US","cfa",100,32,"x0.01","lambda1",280870670,0.13087751,"nonpositive_curvature","noisy_objective",274,"layered","",1,1.8886464,FALSE,0.080939481,0.080939481,"d+ lp- dl+ ll- w+"
"layered_port","boomsma","test","boomsma_3US","cfa",100,32,"x100","lambda0.25",280870670,0.11667281,"available","singular_convergence",501,"layered","",1,39536.028,FALSE,0.064744668,0.064744668,"d+ lp- dl+ ll- w+"
"layered_port","boomsma","test","boomsma_3US","cfa",100,32,"x100","lambda1",280870670,0.13087747,"nonpositive_curvature","converged",191,"layered","",1,1.8885085,FALSE,0.080939481,0.080939481,"d+ lp- dl+ ll- w+"
"layered_port","boomsma","test","boomsma_3US","cfa",100,7,"native","lambda0.25",707043261,0.16643387,"nonpositive_curvature","converged",135,"layered","",1,2.1226002,FALSE,0.03902739,0.03902739,"d+ lp- dl+ ll- w+"
"layered_port","boomsma","test","boomsma_3US","cfa",100,7,"native","lambda1",707043261,0.16948825,"nonpositive_curvature","noisy_objective",189,"layered","",1,2.1172291,FALSE,0.05489042,0.05489042,"d+ lp- dl+ ll- w+"
"layered_port","boomsma","test","boomsma_3US","cfa",100,7,"x0.01","lambda0.25",707043261,0.16643385,"nonpositive_curvature","converged",138,"layered","",1,2.122601,FALSE,0.03902739,0.03902739,"d+ lp- dl+ ll- w+"
"layered_port","boomsma","test","boomsma_3US","cfa",100,7,"x0.01","lambda1",707043261,0.16948819,"nonpositive_curvature","noisy_objective",191,"layered","",1,2.1168495,FALSE,0.05489042,0.05489042,"d+ lp- dl+ ll- w+"
"layered_port","boomsma","test","boomsma_3US","cfa",100,7,"x100","lambda0.25",707043261,0.16643386,"nonpositive_curvature","converged",107,"layered","",1,2.1226827,FALSE,0.03902739,0.03902739,"d+ lp- dl+ ll- w+"
"layered_port","boomsma","test","boomsma_3US","cfa",100,7,"x100","lambda1",707043261,0.16948816,"nonpositive_curvature","noisy_objective",229,"layered","",1,2.1172135,FALSE,0.05489042,0.05489042,"d+ lp- dl+ ll- w+"
"layered_port","boomsma","test","boomsma_3US","cfa",100,76,"mixed","lambda1",280871198,0.068838524,"nonpositive_curvature","converged",288,"layered","",1,4.2409341,FALSE,0.041018145,0.041018145,"d+ lp- dl+ ll- w+"
"layered_port","boomsma","test","boomsma_3US","cfa",100,76,"native","lambda0.25",280871198,0.064481695,"nonpositive_curvature","converged",181,"layered","",1,4.2432052,FALSE,0.031460372,0.031460372,"d+ lp- dl+ ll- w+"
"layered_port","boomsma","test","boomsma_3US","cfa",100,76,"native","lambda1",280871198,0.068838535,"nonpositive_curvature","noisy_objective",273,"layered","",1,4.2407162,FALSE,0.041018145,0.041018145,"d+ lp- dl+ ll- w+"
"layered_port","boomsma","test","boomsma_3US","cfa",100,76,"x0.01","lambda1",280871198,0.068838565,"nonpositive_curvature","converged",114,"layered","",1,4.2411921,FALSE,0.041018145,0.041018145,"d+ lp- dl- ll- w+"
"layered_port","boomsma","test","boomsma_3US","cfa",100,76,"x100","lambda0.25",280871198,0.064481676,"nonpositive_curvature","converged",256,"layered","",1,4.2431993,FALSE,0.031460372,0.031460372,"d+ lp- dl+ ll- w+"
"layered_port","boomsma","test","boomsma_3US","cfa",100,76,"x100","lambda1",280871198,0.068838617,"nonpositive_curvature","noisy_objective",250,"layered","",1,4.2403595,FALSE,0.041018145,0.041018145,"d+ lp- dl+ ll- w+"
"layered_port","boomsma","test","boomsma_3US","cfa",100,8,"native","lambda0.25",707043262,0.13765036,"nonpositive_curvature","converged",145,"layered","",1,1.2127701,FALSE,0.080189817,0.080189817,"d+ lp- dl+ ll- w+"
"layered_port","boomsma","test","boomsma_3US","cfa",100,8,"native","lambda1",707043262,0.14303102,"nonpositive_curvature","noisy_objective",212,"layered","",1,1.1977077,FALSE,0.093098769,0.093098769,"d+ lp- dl+ ll- w+"
"layered_port","boomsma","test","boomsma_3US","cfa",100,8,"x0.01","lambda1",707043262,0.14303102,"nonpositive_curvature","noisy_objective",211,"layered","",1,1.1977077,FALSE,0.093098769,0.093098769,"d+ lp- dl+ ll- w+"
"layered_port","boomsma","test","boomsma_3US","cfa",100,8,"x100","lambda0.25",707043262,0.13765036,"nonpositive_curvature","converged",235,"layered","",1,1.2127661,FALSE,0.080189817,0.080189817,"d+ lp- dl+ ll- w+"
"layered_port","boomsma","test","boomsma_3US","cfa",100,8,"x100","lambda1",707043262,0.14303102,"nonpositive_curvature","noisy_objective",178,"layered","",1,1.1977076,FALSE,0.093098769,0.093098769,"d+ lp- dl+ ll- w+"
"layered_port","boomsma","test","boomsma_3US","cfa",100,82,"native","lambda0.25",280871325,0.096854496,"nonpositive_curvature","converged",240,"layered","",1,3.026942,FALSE,0.062825028,0.062825028,"d+ lp- dl+ ll- w+"
"layered_port","boomsma","test","boomsma_3US","cfa",100,82,"native","lambda1",280871325,0.1029395,"nonpositive_curvature","noisy_objective",256,"layered","",1,2.9852964,FALSE,0.074634752,0.074634752,"d+ lp- dl+ ll- w+"
"layered_port","boomsma","test","boomsma_3US","cfa",100,82,"x100","lambda0.25",280871325,0.096854496,"nonpositive_curvature","noisy_objective",248,"layered","",1,3.0269218,FALSE,0.062825028,0.062825028,"d+ lp- dl+ ll- w+"
"layered_port","boomsma","test","boomsma_3US","cfa",100,82,"x100","lambda1",280871325,0.10293937,"nonpositive_curvature","converged",186,"layered","",1,2.9855623,FALSE,0.074634752,0.074634752,"d+ lp- dl+ ll- w+"
"layered_port","boomsma","test","boomsma_3US","cfa",100,85,"native","lambda0.25",280871328,0.071686781,"nonpositive_curvature","noisy_objective",462,"layered","",1,18783.191,FALSE,0.056495505,0.056495505,"d+ lp- dl+ ll- w+"
"layered_port","boomsma","test","boomsma_3US","cfa",100,85,"native","lambda1",280871328,0.11295148,"nonpositive_curvature","singular_convergence",637,"layered","",1,67859.147,FALSE,0.074311485,0.074311485,"d+ lp- dl+ ll- w+"
"layered_port","boomsma","test","boomsma_3US","cfa",100,85,"x0.01","lambda1",280871328,0.11295376,"nonpositive_curvature","noisy_objective",441,"layered","",1,6511.6398,FALSE,0.074311485,0.074311485,"d+ lp- dl- ll- w+"
"layered_port","boomsma","test","boomsma_3US","cfa",100,85,"x100","lambda0.25",280871328,0.071552393,"nonpositive_curvature","noisy_objective",568,"layered","",1,26551.715,FALSE,0.056495505,0.056495505,"d+ lp- dl+ ll- w+"
"layered_port","boomsma","test","boomsma_3US","cfa",100,85,"x100","lambda1",280871328,0.11295153,"nonpositive_curvature","singular_convergence",581,"layered","",1,51004.454,FALSE,0.074311485,0.074311485,"d+ lp- dl+ ll- w+"
"layered_port","boomsma","test","boomsma_3US","cfa",100,93,"native","lambda0.25",280871457,0.052973928,"available","noisy_objective",616,"layered","",1,15888.544,TRUE,0.035878386,0.035878386,"d+ lp- dl+ ll- w+"
"layered_port","boomsma","test","boomsma_3US","cfa",100,93,"native","lambda1",280871457,0.073419849,"nonpositive_curvature","noisy_objective",192,"layered","",1,3.9323797,FALSE,0.047212124,0.047212124,"d+ lp- dl+ ll- w+"
"layered_port","boomsma","test","boomsma_3US","cfa",100,93,"x100","lambda0.25",280871457,0.052971463,"available","noisy_objective",1101,"layered","",1,98011.922,TRUE,0.035878386,0.035878386,"d+ lp- dl+ ll- w+"
"layered_port","boomsma","test","boomsma_3US","cfa",100,93,"x100","lambda1",280871457,0.073419851,"nonpositive_curvature","noisy_objective",149,"layered","",1,3.9323797,FALSE,0.047212124,0.047212124,"d+ lp- dl+ ll- w+"
"layered_port","boomsma","test","boomsma_3US","cfa",100,98,"native","lambda0.25",280871462,0.053787945,"available","noisy_objective",769,"layered","",1,13664.173,TRUE,0.049072429,0.049072429,"d+ lp- dl+ ll- w+"
"layered_port","boomsma","test","boomsma_3US","cfa",100,98,"native","lambda1",280871462,0.084504425,"nonpositive_curvature","converged",173,"layered","",1,3.8921503,FALSE,0.061227869,0.061227869,"d+ lp- dl+ ll- w+"
"layered_port","boomsma","test","boomsma_3US","cfa",100,98,"x100","lambda0.25",280871462,0.053789139,"available","noisy_objective",716,"layered","",1,11056.894,FALSE,0.049072429,0.049072429,"d+ lp- dl+ ll- w+"
"layered_port","boomsma","test","boomsma_3US","cfa",100,98,"x100","lambda1",280871462,0.084504424,"nonpositive_curvature","converged",212,"layered","",1,3.8925824,FALSE,0.061227869,0.061227869,"d+ lp- dl+ ll- w+"
"layered_port","boomsma","test","boomsma_3US","cfa",25,2,"native","lambda0.25",204457112,0.43718588,"nonpositive_curvature","converged",269,"layered","",1,1.2920518,FALSE,0.31681802,0.31681802,"d+ lp- dl+ ll- w+"
"layered_port","boomsma","test","boomsma_3US","cfa",25,2,"native","lambda1",204457112,0.47277218,"nonpositive_curvature","noisy_objective",144,"layered","",1,1.2842797,FALSE,0.39980885,0.39980885,"d+ lp- dl+ ll- w+"
"layered_port","boomsma","test","boomsma_3US","cfa",25,2,"x0.01","lambda1",204457112,0.47272072,"nonpositive_curvature","converged",167,"layered","",1,1.2859003,FALSE,0.41827294,0.39980885,"d+ lp- dl+ ll- w+"
"layered_port","boomsma","test","boomsma_3US","cfa",25,2,"x100","lambda0.25",204457112,0.43718597,"nonpositive_curvature","noisy_objective",214,"layered","",1,1.2921971,FALSE,0.31681802,0.31681802,"d+ lp- dl+ ll- w+"
"layered_port","boomsma","test","boomsma_3US","cfa",25,2,"x100","lambda1",204457112,0.47277218,"nonpositive_curvature","noisy_objective",130,"layered","",1,1.2842797,FALSE,0.39980885,0.39980885,"d+ lp- dl+ ll- w+"
"layered_port","boomsma","test","boomsma_3US","cfa",25,20,"mixed","lambda1",1014078172,0.34522626,"nonpositive_curvature","converged",124,"layered","",1,1.8768721,FALSE,0.29846394,0.29846394,"d+ lp- dl- ll- w+"
"layered_port","boomsma","test","boomsma_3US","cfa",25,20,"native","lambda0.25",1014078172,0.31376852,"nonpositive_curvature","noisy_objective",262,"layered","",1,2.198391,FALSE,0.23349715,0.23349715,"d+ lp- dl+ ll- w+"
"layered_port","boomsma","test","boomsma_3US","cfa",25,20,"native","lambda1",1014078172,0.34522626,"nonpositive_curvature","converged",124,"layered","",1,1.8768723,FALSE,0.29846394,0.29846394,"d+ lp- dl+ ll- w+"
"layered_port","boomsma","test","boomsma_3US","cfa",25,20,"x0.01","lambda0.25",1014078172,0.31376852,"nonpositive_curvature","converged",193,"layered","",1,2.1984132,FALSE,0.23349715,0.23349715,"d+ lp- dl- ll- w+"
"layered_port","boomsma","test","boomsma_3US","cfa",25,20,"x0.01","lambda1",1014078172,0.34522626,"nonpositive_curvature","converged",124,"layered","",1,1.8768722,FALSE,0.29846394,0.29846394,"d+ lp- dl+ ll- w+"
"layered_port","boomsma","test","boomsma_3US","cfa",25,20,"x100","lambda0.25",1014078172,0.31376852,"nonpositive_curvature","converged",226,"layered","",1,2.1984097,FALSE,0.23349715,0.23349715,"d+ lp- dl+ ll- w+"
"layered_port","boomsma","test","boomsma_3US","cfa",25,20,"x100","lambda1",1014078172,0.34522626,"nonpositive_curvature","converged",124,"layered","",1,1.8768721,FALSE,0.29846394,0.29846394,"d+ lp- dl+ ll- w+"
"layered_port","boomsma","test","boomsma_3US","cfa",25,23,"mixed","lambda0.25",1014078175,0.40702454,"nonpositive_curvature","converged",145,"layered","",1,1,FALSE,0.28715074,0.28715074,"d+ lp- dl+ ll- w+"
"layered_port","boomsma","test","boomsma_3US","cfa",25,23,"mixed","lambda1",1014078175,0.42508068,"nonpositive_curvature","noisy_objective",316,"layered","",1,1,FALSE,0.34111859,0.34111859,"d+ lp- dl- ll- w+"
"layered_port","boomsma","test","boomsma_3US","cfa",25,23,"native","lambda0.25",1014078175,0.40702454,"nonpositive_curvature","converged",177,"layered","",1,1,FALSE,0.28715074,0.28715074,"d+ lp- dl+ ll- w+"
"layered_port","boomsma","test","boomsma_3US","cfa",25,23,"native","lambda1",1014078175,0.43193635,"nonpositive_curvature","noisy_objective",317,"layered","",1,1,FALSE,0.34111859,0.34111859,"d+ lp- dl+ ll- w+"
"layered_port","boomsma","test","boomsma_3US","cfa",25,23,"x100","lambda0.25",1014078175,0.40702455,"nonpositive_curvature","converged",141,"layered","",1,1,FALSE,0.2093457,0.2093457,"d+ lp- dl+ ll- w+"
"layered_port","boomsma","test","boomsma_3US","cfa",25,23,"x100","lambda1",1014078175,0.42508311,"nonpositive_curvature","noisy_objective",291,"layered","",1,1,FALSE,0.34111859,0.34111859,"d+ lp- dl+ ll- w+"
"layered_port","boomsma","test","boomsma_3US","cfa",25,31,"mixed","lambda0.25",1014078304,0.44544989,"nonpositive_curvature","noisy_objective",301,"layered","",1,1.8756406,FALSE,0.39732702,0.39732702,"d+ lp- dl- ll- w-"
"layered_port","boomsma","test","boomsma_3US","cfa",25,31,"native","lambda0.25",1014078304,0.4454499,"nonpositive_curvature","noisy_objective",304,"layered","",1,1.875399,FALSE,0.39732702,0.39732702,"d+ lp- dl+ ll- w-"
"layered_port","boomsma","test","boomsma_3US","cfa",25,31,"x0.01","lambda0.25",1014078304,0.44545117,"nonpositive_curvature","noisy_objective",170,"layered","",1,1.8764354,FALSE,0.39732702,0.30651893,"d+ lp- dl+ ll- w-"
"layered_port","boomsma","test","boomsma_3US","cfa",25,31,"x100","lambda0.25",1014078304,0.44544988,"nonpositive_curvature","noisy_objective",315,"layered","",1,1.8755671,FALSE,0.39732702,0.39732702,"d+ lp- dl+ ll- w-"
"layered_port","boomsma","test","boomsma_3US","cfa",25,33,"native","lambda0.25",1014078306,0.58596994,"nonpositive_curvature","noisy_objective",275,"layered","",1,1.8336798,FALSE,0.30629705,0.30629705,"d+ lp- dl+ ll- w-"
"layered_port","boomsma","test","boomsma_3US","cfa",25,33,"native","lambda1",1014078306,0.58597143,"nonpositive_curvature","noisy_objective",233,"layered","",1,1.8315065,FALSE,0.38848744,0.38848744,"d+ lp- dl+ ll- w+"
"layered_port","boomsma","test","boomsma_3US","cfa",25,33,"x0.01","lambda0.25",1014078306,0.58597008,"nonpositive_curvature","noisy_objective",280,"layered","",1,1.833404,FALSE,0.29340469,0.29340469,"d+ lp- dl- ll- w-"
"layered_port","boomsma","test","boomsma_3US","cfa",25,33,"x0.01","lambda1",1014078306,0.5859703,"nonpositive_curvature","noisy_objective",240,"layered","",1,1.8317948,FALSE,0.38848744,0.38848744,"d+ lp- dl- ll- w+"
"layered_port","boomsma","test","boomsma_3US","cfa",25,33,"x100","lambda0.25",1014078306,0.58596989,"nonpositive_curvature","noisy_objective",255,"layered","",1,1.8337573,FALSE,0.30629705,0.30629705,"d+ lp- dl+ ll- w-"
"layered_port","boomsma","test","boomsma_3US","cfa",25,33,"x100","lambda1",1014078306,0.58596997,"nonpositive_curvature","converged",241,"layered","",1,1.8315858,FALSE,0.38848744,0.38848744,"d+ lp- dl+ ll- w+"
"layered_port","boomsma","test","boomsma_3US","cfa",25,34,"native","lambda0.25",1014078307,0.35212506,"available","noisy_objective",640,"layered","",1,15243.663,TRUE,0.28300459,0.28300459,"d+ lp- dl+ ll- w+"
"layered_port","boomsma","test","boomsma_3US","cfa",25,34,"native","lambda1",1014078307,0.48683534,"nonpositive_curvature","converged",152,"layered","",1,1.9677469,FALSE,0.35575079,0.35575079,"d+ lp- dl+ ll- w+"
"layered_port","boomsma","test","boomsma_3US","cfa",25,34,"x0.01","lambda0.25",1014078307,0.35212238,"available","singular_convergence",865,"layered","",1,48552.412,TRUE,0.28300459,0.28300459,"d+ lp- dl+ ll- w+"
"layered_port","boomsma","test","boomsma_3US","cfa",25,34,"x0.01","lambda1",1014078307,0.48683538,"nonpositive_curvature","converged",179,"layered","",1,1.9677447,FALSE,0.35575079,0.35575079,"d+ lp- dl+ ll- w+"
"layered_port","boomsma","test","boomsma_3US","cfa",25,34,"x100","lambda0.25",1014078307,0.35212589,"available","noisy_objective",635,"layered","",1,12506.731,TRUE,0.28300459,0.28300459,"d+ lp- dl+ ll- w+"
"layered_port","boomsma","test","boomsma_3US","cfa",25,34,"x100","lambda1",1014078307,0.48683537,"nonpositive_curvature","converged",170,"layered","",1,1.9677574,FALSE,0.35575079,0.35575079,"d+ lp- dl+ ll- w+"
"layered_port","boomsma","test","boomsma_3US","cfa",25,38,"mixed","lambda1",1014078311,0.52596288,"nonpositive_curvature","converged",213,"layered","",1,1.6071829,FALSE,0.45180863,0.45180863,"d+ lp- dl- ll- w+"
"layered_port","boomsma","test","boomsma_3US","cfa",25,38,"native","lambda0.25",1014078311,0.51025258,"nonpositive_curvature","converged",205,"layered","",1,1.5485434,FALSE,0.43829813,0.42438909,"d+ lp- dl+ ll- w+"
"layered_port","boomsma","test","boomsma_3US","cfa",25,38,"native","lambda1",1014078311,0.52988492,"nonpositive_curvature","noisy_objective",505,"layered","",1,1.6509711,FALSE,0.47988268,0.47988268,"d+ lp- dl+ ll- w+"
"layered_port","boomsma","test","boomsma_3US","cfa",25,38,"x0.01","lambda0.25",1014078311,0.51025258,"nonpositive_curvature","noisy_objective",240,"layered","",1,1.5485226,FALSE,0.43829813,0.42438909,"d+ lp- dl+ ll- w+"
"layered_port","boomsma","test","boomsma_3US","cfa",25,38,"x100","lambda0.25",1014078311,0.51025258,"nonpositive_curvature","converged",188,"layered","",1,1.5485167,FALSE,0.43829813,0.42438909,"d+ lp- dl+ ll- w+"
"layered_port","boomsma","test","boomsma_3US","cfa",25,38,"x100","lambda1",1014078311,0.52596283,"nonpositive_curvature","converged",217,"layered","",1,1.5812567,FALSE,0.47988268,0.47988268,"d+ lp- dl+ ll- w+"
"layered_port","boomsma","test","boomsma_3US","cfa",25,39,"x0.01","lambda1",1014078312,0.2920035,"nonpositive_curvature","noisy_objective",208,"layered","",1,1.7932843,FALSE,0.24365969,0.24365969,"d+ lp- dl- ll- w-"
"layered_port","boomsma","test","boomsma_3US","cfa",25,4,"native","lambda1",204457114,0.19331973,"nonpositive_curvature","noisy_objective",350,"layered","",1,4.1995471,FALSE,0.16597686,0.16597686,"d+ lp- dl+ ll- w+"
"layered_port","boomsma","test","boomsma_3US","cfa",25,4,"x100","lambda1",204457114,0.19405519,"nonpositive_curvature","noisy_objective",281,"layered","",1,4.2429259,FALSE,0.16989291,0.16597686,"d+ lp- dl+ ll- w+"
"layered_port","boomsma","test","boomsma_3US","cfa",25,40,"native","lambda0.25",1014078434,0.38624343,"nonpositive_curvature","converged",281,"layered","",1,6.7685725,FALSE,0.20726888,0.20726888,"d+ lp- dl+ ll- w-"
"layered_port","boomsma","test","boomsma_3US","cfa",25,40,"native","lambda1",1014078434,0.41513945,"nonpositive_curvature","noisy_objective",170,"layered","",1,4.3807015,FALSE,0.28736111,0.28736111,"d+ lp- dl+ ll- w-"
"layered_port","boomsma","test","boomsma_3US","cfa",25,40,"x100","lambda0.25",1014078434,0.38624388,"nonpositive_curvature","converged",185,"layered","",1,6.7667733,FALSE,0.20726888,0.20726888,"d+ lp- dl+ ll- w-"
"layered_port","boomsma","test","boomsma_3US","cfa",25,40,"x100","lambda1",1014078434,0.41513945,"nonpositive_curvature","noisy_objective",110,"layered","",1,4.3807015,FALSE,0.28736111,0.28736111,"d+ lp- dl+ ll- w-"
"layered_port","boomsma","test","boomsma_3US","cfa",25,44,"mixed","lambda0.25",1014078438,0.4013377,"nonpositive_curvature","converged",189,"layered","",1,3.7748815,FALSE,0.22292164,0.22292164,"d+ lp- dl- ll- w-"
"layered_port","boomsma","test","boomsma_3US","cfa",25,44,"x0.01","lambda0.25",1014078438,0.40133757,"nonpositive_curvature","converged",212,"layered","",1,3.7745379,FALSE,0.22292164,0.22292164,"d+ lp- dl- ll- w-"
"layered_port","boomsma","test","boomsma_3US","cfa",25,46,"native","lambda0.25",1014078440,0.41428719,"available","noisy_objective",738,"layered","",1,5999.0135,TRUE,0.4140425,0.4140425,"d+ lp- dl+ ll- w+"
"layered_port","boomsma","test","boomsma_3US","cfa",25,46,"x100","lambda0.25",1014078440,0.41428676,"available","noisy_objective",815,"layered","",1,8716.3652,TRUE,0.4140425,0.4140425,"d+ lp- dl+ ll- w+"
"layered_port","boomsma","test","boomsma_3US","cfa",25,48,"native","lambda0.25",1014078442,0.38008143,"nonpositive_curvature","converged",175,"layered","",1,2.1938265,FALSE,0.33892474,0.33892474,"d+ lp- dl+ ll- w+"
"layered_port","boomsma","test","boomsma_3US","cfa",25,48,"native","lambda1",1014078442,0.4011329,"nonpositive_curvature","converged",212,"layered","",1,1.714251,FALSE,0.38593944,0.38593944,"d+ lp- dl+ ll- w+"
"layered_port","boomsma","test","boomsma_3US","cfa",25,48,"x0.01","lambda0.25",1014078442,0.38008142,"nonpositive_curvature","converged",173,"layered","",1,2.1938306,FALSE,0.28457205,0.28457205,"d+ lp- dl- ll- w+"
"layered_port","boomsma","test","boomsma_3US","cfa",25,48,"x0.01","lambda1",1014078442,0.4069256,"nonpositive_curvature","noisy_objective",150,"layered","",1,3.041451,FALSE,0.35203857,0.35203857,"d+ lp- dl- ll- w+"
"layered_port","boomsma","test","boomsma_3US","cfa",25,48,"x100","lambda0.25",1014078442,0.38008143,"nonpositive_curvature","converged",166,"layered","",1,2.1938358,FALSE,0.33892474,0.33892474,"d+ lp- dl+ ll- w+"
"layered_port","boomsma","test","boomsma_3US","cfa",25,48,"x100","lambda1",1014078442,0.4069256,"nonpositive_curvature","noisy_objective",138,"layered","",1,3.041451,FALSE,0.38593944,0.38593944,"d+ lp- dl+ ll- w+"
"layered_port","boomsma","test","boomsma_3US","cfa",25,52,"native","lambda0.25",1014078567,0.16744231,"nonpositive_curvature","converged",221,"layered","",1,3.0311865,FALSE,0.060995992,0.060995992,"d+ lp- dl+ ll- w+"
"layered_port","boomsma","test","boomsma_3US","cfa",25,52,"native","lambda1",1014078567,0.19353515,"nonpositive_curvature","noisy_objective",98,"layered","",1,3.0427589,FALSE,0.11437632,0.11437632,"d+ lp- dl+ ll- w+"
"layered_port","boomsma","test","boomsma_3US","cfa",25,52,"x0.01","lambda1",1014078567,0.19353515,"nonpositive_curvature","noisy_objective",92,"layered","",1,3.0427589,FALSE,0.11437632,0.11437632,"d+ lp- dl- ll- w+"
"layered_port","boomsma","test","boomsma_3US","cfa",25,52,"x100","lambda0.25",1014078567,0.16744231,"nonpositive_curvature","noisy_objective",422,"layered","",1,3.0310578,FALSE,0.060995992,0.060995992,"d+ lp- dl+ ll- w+"
"layered_port","boomsma","test","boomsma_3US","cfa",25,52,"x100","lambda1",1014078567,0.19353515,"nonpositive_curvature","noisy_objective",89,"layered","",1,3.0427589,FALSE,0.11437632,0.11437632,"d+ lp- dl+ ll- w+"
"layered_port","boomsma","test","boomsma_3US","cfa",25,55,"native","lambda0.25",1014078570,0.4367955,"nonpositive_curvature","converged",178,"layered","",1,1.4628734,FALSE,0.26308633,0.26308633,"d+ lp- dl+ ll- w+"
"layered_port","boomsma","test","boomsma_3US","cfa",25,55,"native","lambda1",1014078570,0.4560066,"nonpositive_curvature","noisy_objective",191,"layered","",1,1.3348124,FALSE,0.33666607,0.33666607,"d+ lp- dl+ ll- w+"
"layered_port","boomsma","test","boomsma_3US","cfa",25,55,"x0.01","lambda1",1014078570,0.45600499,"nonpositive_curvature","noisy_objective",191,"layered","",1,1.3393301,FALSE,0.33666607,0.33666607,"d+ lp- dl- ll- w+"
"layered_port","boomsma","test","boomsma_3US","cfa",25,55,"x100","lambda0.25",1014078570,0.4367955,"nonpositive_curvature","converged",206,"layered","",1,1.4628737,FALSE,0.26308633,0.26308633,"d+ lp- dl+ ll- w+"
"layered_port","boomsma","test","boomsma_3US","cfa",25,55,"x100","lambda1",1014078570,0.45600762,"nonpositive_curvature","noisy_objective",191,"layered","",1,1.3292801,FALSE,0.33666607,0.33666607,"d+ lp- dl+ ll- w+"
"layered_port","boomsma","test","boomsma_3US","cfa",25,58,"native","lambda0.25",1014078573,0.27639042,"nonpositive_curvature","noisy_objective",510,"layered","",1,20047.788,FALSE,0.21282707,0.21282707,"d+ lp- dl+ ll- w+"
"layered_port","boomsma","test","boomsma_3US","cfa",25,58,"native","lambda1",1014078573,0.38123598,"nonpositive_curvature","noisy_objective",211,"layered","",1,1.7787714,FALSE,0.28295504,0.28295504,"d+ lp- dl+ ll- w+"
"layered_port","boomsma","test","boomsma_3US","cfa",25,58,"x0.01","lambda1",1014078573,0.38123598,"nonpositive_curvature","noisy_objective",196,"layered","",1,1.7787719,FALSE,0.28295504,0.28295504,"d+ lp- dl+ ll- w+"
"layered_port","boomsma","test","boomsma_3US","cfa",25,58,"x100","lambda0.25",1014078573,0.2763652,"nonpositive_curvature","noisy_objective",466,"layered","",1,15451.693,FALSE,0.21282707,0.21282707,"d+ lp- dl+ ll- w+"
"layered_port","boomsma","test","boomsma_3US","cfa",25,58,"x100","lambda1",1014078573,0.38123598,"nonpositive_curvature","noisy_objective",201,"layered","",1,1.7787709,FALSE,0.28295504,0.28295504,"d+ lp- dl+ ll- w+"
"layered_port","boomsma","test","boomsma_3US","cfa",25,61,"mixed","lambda1",1014078697,0.16135929,"nonpositive_curvature","noisy_objective",104,"layered","",1,2.5857196,FALSE,0.11486552,0.11486552,"d+ lp- dl- ll- w+"
"layered_port","boomsma","test","boomsma_3US","cfa",25,61,"native","lambda0.25",1014078697,0.13903533,"nonpositive_curvature","noisy_objective",206,"layered","",1,2.5844213,FALSE,0.065774562,0.065774562,"d+ lp- dl+ ll- w+"
"layered_port","boomsma","test","boomsma_3US","cfa",25,61,"native","lambda1",1014078697,0.16135929,"nonpositive_curvature","noisy_objective",108,"layered","",1,2.5857196,FALSE,0.11486552,0.11486552,"d+ lp- dl+ ll- w+"
"layered_port","boomsma","test","boomsma_3US","cfa",25,61,"x0.01","lambda0.25",1014078697,0.13903535,"nonpositive_curvature","noisy_objective",270,"layered","",1,2.5844316,FALSE,0.065774562,0.065774562,"d+ lp- dl+ ll- w+"
"layered_port","boomsma","test","boomsma_3US","cfa",25,61,"x0.01","lambda1",1014078697,0.16135929,"nonpositive_curvature","noisy_objective",98,"layered","",1,2.5857196,FALSE,0.11486552,0.11486552,"d+ lp- dl- ll- w+"
"layered_port","boomsma","test","boomsma_3US","cfa",25,61,"x100","lambda0.25",1014078697,0.13903537,"nonpositive_curvature","noisy_objective",247,"layered","",1,2.5844721,FALSE,0.065774562,0.065774562,"d+ lp- dl+ ll- w+"
"layered_port","boomsma","test","boomsma_3US","cfa",25,61,"x100","lambda1",1014078697,0.16135929,"nonpositive_curvature","noisy_objective",104,"layered","",1,2.5857196,FALSE,0.11486552,0.11486552,"d+ lp- dl+ ll- w+"
"layered_port","boomsma","test","boomsma_3US","cfa",25,68,"mixed","lambda1",1014078704,0.51568693,"nonpositive_curvature","noisy_objective",164,"layered","",1,1.3743037,FALSE,0.40891243,0.40891243,"d+ lp- dl+ ll- w+"
"layered_port","boomsma","test","boomsma_3US","cfa",25,68,"native","lambda1",1014078704,0.51568693,"nonpositive_curvature","noisy_objective",175,"layered","",1,1.3747359,FALSE,0.40891243,0.40891243,"d+ lp- dl+ ll- w+"
"layered_port","boomsma","test","boomsma_3US","cfa",25,68,"x0.01","lambda1",1014078704,0.51568702,"nonpositive_curvature","noisy_objective",179,"layered","",1,1.3748953,FALSE,0.40891243,0.40891243,"d+ lp- dl- ll- w+"
"layered_port","boomsma","test","boomsma_3US","cfa",25,68,"x100","lambda1",1014078704,0.5156869,"nonpositive_curvature","converged",186,"layered","",1,1.3745424,FALSE,0.40891243,0.40891243,"d+ lp- dl+ ll- w+"
"layered_port","boomsma","test","boomsma_3US","cfa",25,7,"x0.01","lambda1",204457117,0.2745608,"nonpositive_curvature","converged",216,"layered","",1,1.8423648,FALSE,0.25044546,0.25044546,"d+ lp- dl+ ll- w-"
"layered_port","boomsma","test","boomsma_3US","cfa",25,70,"mixed","lambda0.25",1014078827,0.26807337,"nonpositive_curvature","converged",115,"layered","",1,2.2831611,FALSE,0.13447432,0.13447432,"d+ lp- dl- ll- w+"
"layered_port","boomsma","test","boomsma_3US","cfa",25,70,"native","lambda0.25",1014078827,0.2680753,"nonpositive_curvature","noisy_objective",168,"layered","",1,2.2825577,FALSE,0.13447432,0.13447432,"d+ lp- dl+ ll- w+"
"layered_port","boomsma","test","boomsma_3US","cfa",25,70,"native","lambda1",1014078827,0.28550709,"nonpositive_curvature","noisy_objective",139,"layered","",1,2.2298204,FALSE,0.18875282,0.18875282,"d+ lp- dl+ ll- w+"
"layered_port","boomsma","test","boomsma_3US","cfa",25,70,"x0.01","lambda1",1014078827,0.28550709,"nonpositive_curvature","noisy_objective",122,"layered","",1,2.2298204,FALSE,0.18875282,0.18875282,"d+ lp- dl+ ll- w+"
"layered_port","boomsma","test","boomsma_3US","cfa",25,70,"x100","lambda0.25",1014078827,0.26807336,"nonpositive_curvature","converged",166,"layered","",1,2.2831611,FALSE,0.13447432,0.13447432,"d+ lp- dl+ ll- w+"
"layered_port","boomsma","test","boomsma_3US","cfa",25,70,"x100","lambda1",1014078827,0.28550709,"nonpositive_curvature","noisy_objective",125,"layered","",1,2.2298204,FALSE,0.18875282,0.18875282,"d+ lp- dl+ ll- w+"
"layered_port","boomsma","test","boomsma_3US","cfa",25,71,"native","lambda0.25",1014078828,0.32992047,"nonpositive_curvature","noisy_objective",333,"layered","",1,1,FALSE,0.18751318,0.18751318,"d+ lp- dl+ ll- w+"
"layered_port","boomsma","test","boomsma_3US","cfa",25,71,"x100","lambda0.25",1014078828,0.32992047,"nonpositive_curvature","noisy_objective",348,"layered","",1,1,FALSE,0.18751318,0.18751318,"d+ lp- dl+ ll- w+"
"layered_port","boomsma","test","boomsma_3US","cfa",25,72,"mixed","lambda0.25",1014078829,0.30526799,"nonpositive_curvature","noisy_objective",281,"layered","",1,1.9633559,FALSE,0.1905266,0.1905266,"d+ lp- dl+ ll- w+"
"layered_port","boomsma","test","boomsma_3US","cfa",25,72,"mixed","lambda1",1014078829,0.33619505,"nonpositive_curvature","noisy_objective",151,"layered","",1,1.9583594,FALSE,0.24967477,0.24967477,"d+ lp- dl- ll- w+"
"layered_port","boomsma","test","boomsma_3US","cfa",25,72,"native","lambda0.25",1014078829,0.30526801,"nonpositive_curvature","converged",136,"layered","",1,1.9633463,FALSE,0.1905266,0.1905266,"d+ lp- dl+ ll- w+"
"layered_port","boomsma","test","boomsma_3US","cfa",25,72,"native","lambda1",1014078829,0.33619505,"nonpositive_curvature","noisy_objective",156,"layered","",1,1.9583594,FALSE,0.24967477,0.24967477,"d+ lp- dl+ ll- w+"
"layered_port","boomsma","test","boomsma_3US","cfa",25,72,"x0.01","lambda0.25",1014078829,0.305268,"nonpositive_curvature","noisy_objective",225,"layered","",1,1.9633842,FALSE,0.1905266,0.1905266,"d+ lp- dl+ ll- w+"
"layered_port","boomsma","test","boomsma_3US","cfa",25,72,"x0.01","lambda1",1014078829,0.33619503,"nonpositive_curvature","noisy_objective",146,"layered","",1,1.9583618,FALSE,0.24967477,0.24967477,"d+ lp- dl+ ll- w+"
"layered_port","boomsma","test","boomsma_3US","cfa",25,72,"x100","lambda0.25",1014078829,0.30526799,"nonpositive_curvature","converged",221,"layered","",1,1.9628391,FALSE,0.1905266,0.1905266,"d+ lp- dl+ ll- w+"
"layered_port","boomsma","test","boomsma_3US","cfa",25,72,"x100","lambda1",1014078829,0.33619505,"nonpositive_curvature","noisy_objective",166,"layered","",1,1.9583595,FALSE,0.24967477,0.24967477,"d+ lp- dl+ ll- w+"
"layered_port","boomsma","test","boomsma_3US","cfa",25,74,"native","lambda1",1014078831,0.1412671,"nonpositive_curvature","noisy_objective",218,"layered","",1,4.3455273,FALSE,0.10402969,0.10402969,"d+ lp- dl- ll- w+"
"layered_port","boomsma","test","boomsma_3US","cfa",25,74,"x100","lambda1",1014078831,0.14126669,"nonpositive_curvature","noisy_objective",218,"layered","",1,4.3465113,FALSE,0.10402969,0.10402969,"d+ lp- dl- ll- w+"
"layered_port","boomsma","test","boomsma_3US","cfa",25,75,"native","lambda1",1014078832,0.34123481,"available","converged",199,"layered","",1,3.0205441,FALSE,0.34110204,0.34110204,"d+ lp- dl+ ll- w+"
"layered_port","boomsma","test","boomsma_3US","cfa",25,75,"x0.01","lambda1",1014078832,0.40179677,"nonpositive_curvature","converged",168,"layered","",1,1.4735173,FALSE,0.34110204,0.34110204,"d+ lp- dl+ ll- w+"
"layered_port","boomsma","test","boomsma_3US","cfa",25,75,"x100","lambda1",1014078832,0.40179627,"nonpositive_curvature","converged",230,"layered","",1,1.1779428,FALSE,0.34110204,0.34110204,"d+ lp- dl+ ll- w+"
"layered_port","boomsma","test","boomsma_3US","cfa",25,76,"mixed","lambda1",1014078833,0.45140156,"nonpositive_curvature","noisy_objective",203,"layered","",1,1.7627768,FALSE,0.36036135,0.36036135,"d+ lp- dl- ll- w+"
"layered_port","boomsma","test","boomsma_3US","cfa",25,76,"native","lambda0.25",1014078833,0.42764732,"nonpositive_curvature","noisy_objective",155,"layered","",1,1.7120132,FALSE,0.27368228,0.27368228,"d+ lp- dl+ ll- w+"
"layered_port","boomsma","test","boomsma_3US","cfa",25,76,"native","lambda1",1014078833,0.45140156,"nonpositive_curvature","noisy_objective",208,"layered","",1,1.7627768,FALSE,0.36036135,0.36036135,"d+ lp- dl+ ll- w+"
"layered_port","boomsma","test","boomsma_3US","cfa",25,76,"x0.01","lambda1",1014078833,0.45140156,"nonpositive_curvature","noisy_objective",206,"layered","",1,1.762777,FALSE,0.36036135,0.36036135,"d+ lp- dl- ll- w+"
"layered_port","boomsma","test","boomsma_3US","cfa",25,76,"x100","lambda0.25",1014078833,0.42764732,"nonpositive_curvature","noisy_objective",155,"layered","",1,1.7120131,FALSE,0.27368228,0.27368228,"d+ lp- dl+ ll- w+"
"layered_port","boomsma","test","boomsma_3US","cfa",25,76,"x100","lambda1",1014078833,0.45140156,"nonpositive_curvature","noisy_objective",204,"layered","",1,1.7627772,FALSE,0.36036135,0.36036135,"d+ lp- dl+ ll- w+"
"layered_port","boomsma","test","boomsma_3US","cfa",25,81,"native","lambda0.25",1014078959,0.42340926,"nonpositive_curvature","noisy_objective",384,"layered","",1,1.5090508,FALSE,0.20923568,0.20923568,"d+ lp- dl+ ll- w+"
"layered_port","boomsma","test","boomsma_3US","cfa",25,81,"native","lambda1",1014078959,0.42340926,"nonpositive_curvature","noisy_objective",342,"layered","",1,1.482087,FALSE,0.26854686,0.26854686,"d+ lp- dl+ ll- w+"
"layered_port","boomsma","test","boomsma_3US","cfa",25,81,"x0.01","lambda0.25",1014078959,0.42340925,"nonpositive_curvature","noisy_objective",351,"layered","",1,1.5085428,FALSE,0.20923568,0.20923568,"d+ lp- dl+ ll- w+"
"layered_port","boomsma","test","boomsma_3US","cfa",25,81,"x100","lambda0.25",1014078959,0.42340926,"nonpositive_curvature","noisy_objective",287,"layered","",1,1.5096664,FALSE,0.20923568,0.20923568,"d+ lp- dl+ ll- w+"
"layered_port","boomsma","test","boomsma_3US","cfa",25,81,"x100","lambda1",1014078959,0.42340968,"nonpositive_curvature","noisy_objective",341,"layered","",1,1.4863513,FALSE,0.26854686,0.26854686,"d+ lp- dl+ ll- w+"
"layered_port","boomsma","test","boomsma_3US","cfa",25,82,"native","lambda0.25",1014078960,0.30138198,"available","singular_convergence",1059,"layered","",1,62616.673,TRUE,0.19756408,0.19756408,"d+ lp- dl+ ll- w+"
"layered_port","boomsma","test","boomsma_3US","cfa",25,82,"native","lambda1",1014078960,0.38750179,"nonpositive_curvature","noisy_objective",123,"layered","",1,4.2454651,FALSE,0.26256973,0.26073435,"d+ lp- dl+ ll- w+"
"layered_port","boomsma","test","boomsma_3US","cfa",25,82,"x100","lambda0.25",1014078960,0.30138857,"available","noisy_objective",668,"layered","",1,9448.9791,TRUE,0.19756408,0.19756408,"d+ lp- dl+ ll- w+"
"layered_port","boomsma","test","boomsma_3US","cfa",25,82,"x100","lambda1",1014078960,0.38750179,"nonpositive_curvature","noisy_objective",128,"layered","",1,4.2454651,FALSE,0.26256973,0.26073435,"d+ lp- dl+ ll- w+"
"layered_port","boomsma","test","boomsma_3US","cfa",25,84,"mixed","lambda0.25",1014078962,0.43698993,"nonpositive_curvature","noisy_objective",219,"layered","",1,2.525613,FALSE,0.24969607,0.24969607,"d+ lp- dl- ll- w+"
"layered_port","boomsma","test","boomsma_3US","cfa",25,84,"mixed","lambda1",1014078962,0.45616951,"nonpositive_curvature","noisy_objective",113,"layered","",1,2.5237056,FALSE,0.32582996,0.32582996,"d+ lp- dl- ll- w+"
"layered_port","boomsma","test","boomsma_3US","cfa",25,84,"native","lambda0.25",1014078962,0.43698992,"nonpositive_curvature","converged",163,"layered","",1,2.5253548,FALSE,0.24969607,0.24969607,"d+ lp- dl+ ll- w+"
"layered_port","boomsma","test","boomsma_3US","cfa",25,84,"native","lambda1",1014078962,0.45616951,"nonpositive_curvature","noisy_objective",119,"layered","",1,2.5237056,FALSE,0.32582996,0.32582996,"d+ lp- dl+ ll- w+"
"layered_port","boomsma","test","boomsma_3US","cfa",25,84,"x0.01","lambda0.25",1014078962,0.43698994,"nonpositive_curvature","noisy_objective",229,"layered","",1,2.5252315,FALSE,0.24969607,0.24969607,"d+ lp- dl+ ll- w+"
"layered_port","boomsma","test","boomsma_3US","cfa",25,84,"x0.01","lambda1",1014078962,0.45616951,"nonpositive_curvature","noisy_objective",108,"layered","",1,2.5237056,FALSE,0.32582996,0.32582996,"d+ lp- dl+ ll- w+"
"layered_port","boomsma","test","boomsma_3US","cfa",25,84,"x100","lambda0.25",1014078962,0.43698992,"nonpositive_curvature","converged",167,"layered","",1,2.5253597,FALSE,0.24969607,0.24969607,"d+ lp- dl+ ll- w+"
"layered_port","boomsma","test","boomsma_3US","cfa",25,84,"x100","lambda1",1014078962,0.45616951,"nonpositive_curvature","noisy_objective",117,"layered","",1,2.5237056,FALSE,0.32582996,0.32582996,"d+ lp- dl+ ll- w+"
"layered_port","boomsma","test","boomsma_3US","cfa",25,86,"native","lambda0.25",1014078964,0.34139897,"nonpositive_curvature","noisy_objective",200,"layered","",1,1,FALSE,0.15897346,0.15897346,"d+ lp- dl+ ll- w+"
"layered_port","boomsma","test","boomsma_3US","cfa",25,86,"native","lambda1",1014078964,0.3651011,"nonpositive_curvature","noisy_objective",90,"layered","",1,1,FALSE,0.22208488,0.22208488,"d+ lp- dl+ ll- w+"
"layered_port","boomsma","test","boomsma_3US","cfa",25,86,"x0.01","lambda0.25",1014078964,0.3413985,"nonpositive_curvature","noisy_objective",257,"layered","",1,1.0001109,FALSE,0.15897346,0.15897346,"d+ lp- dl+ ll- w+"
"layered_port","boomsma","test","boomsma_3US","cfa",25,86,"x100","lambda0.25",1014078964,0.3413985,"nonpositive_curvature","noisy_objective",210,"layered","",1,1.0001553,FALSE,0.15897346,0.15897346,"d+ lp- dl+ ll- w+"
"layered_port","boomsma","test","boomsma_3US","cfa",25,86,"x100","lambda1",1014078964,0.3651011,"nonpositive_curvature","noisy_objective",94,"layered","",1,1,FALSE,0.22208488,0.22208488,"d+ lp- dl+ ll- w+"
"layered_port","boomsma","test","boomsma_3US","cfa",25,89,"native","lambda0.25",1014078967,0.33844443,"nonpositive_curvature","noisy_objective",178,"layered","",1,1.7979361,FALSE,0.23799707,0.23799707,"d+ lp- dl+ ll- w+"
"layered_port","boomsma","test","boomsma_3US","cfa",25,89,"native","lambda1",1014078967,0.35820128,"nonpositive_curvature","noisy_objective",162,"layered","",1,1.7992956,FALSE,0.29780756,0.29780756,"d+ lp- dl+ ll- w+"
"layered_port","boomsma","test","boomsma_3US","cfa",25,89,"x0.01","lambda0.25",1014078967,0.33844443,"nonpositive_curvature","noisy_objective",177,"layered","",1,1.7979364,FALSE,0.27154393,0.23799707,"d+ lp- dl+ ll- w+"
"layered_port","boomsma","test","boomsma_3US","cfa",25,89,"x0.01","lambda1",1014078967,0.35820128,"nonpositive_curvature","noisy_objective",158,"layered","",1,1.7992956,FALSE,0.29780756,0.29780756,"d+ lp- dl- ll- w+"
"layered_port","boomsma","test","boomsma_3US","cfa",25,89,"x100","lambda0.25",1014078967,0.33844443,"nonpositive_curvature","noisy_objective",173,"layered","",1,1.797936,FALSE,0.23799707,0.23799707,"d+ lp- dl+ ll- w+"
"layered_port","boomsma","test","boomsma_3US","cfa",25,89,"x100","lambda1",1014078967,0.35820128,"nonpositive_curvature","noisy_objective",151,"layered","",1,1.7992956,FALSE,0.29780756,0.29780756,"d+ lp- dl+ ll- w+"
"layered_port","boomsma","test","boomsma_3US","cfa",25,90,"native","lambda0.25",1014079089,0.27695822,"available","noisy_objective",1153,"layered","",1,8298.6354,TRUE,0.31340575,0.27679899,"d+ lp- dl+ ll- w+"
"layered_port","boomsma","test","boomsma_3US","cfa",25,90,"x100","lambda0.25",1014079089,0.27695784,"available","noisy_objective",1301,"layered","",1,10761.635,TRUE,0.27679899,0.27679899,"d+ lp- dl- ll- w+"
"layered_port","boomsma","test","boomsma_3US","cfa",25,96,"native","lambda0.25",1014079095,0.30694205,"nonpositive_curvature","noisy_objective",216,"layered","",1,2.0364824,FALSE,0.27879574,0.27879574,"d+ lp- dl+ ll- w+"
"layered_port","boomsma","test","boomsma_3US","cfa",25,96,"native","lambda1",1014079095,0.31560798,"nonpositive_curvature","noisy_objective",151,"layered","",1,2.0344837,FALSE,0.30896452,0.30896452,"d+ lp- dl+ ll- w+"
"layered_port","boomsma","test","boomsma_3US","cfa",25,96,"x0.01","lambda0.25",1014079095,0.30694162,"nonpositive_curvature","noisy_objective",247,"layered","",1,2.0378843,FALSE,0.27879574,0.27879574,"d+ lp- dl- ll- w+"
"layered_port","boomsma","test","boomsma_3US","cfa",25,96,"x100","lambda0.25",1014079095,0.30694163,"nonpositive_curvature","noisy_objective",249,"layered","",1,2.0379648,FALSE,0.27879574,0.27879574,"d+ lp- dl+ ll- w+"
"layered_port","boomsma","test","boomsma_3US","cfa",25,96,"x100","lambda1",1014079095,0.31560798,"nonpositive_curvature","noisy_objective",131,"layered","",1,2.0344837,FALSE,0.30896452,0.30896452,"d+ lp- dl+ ll- w+"
"layered_port","boomsma","test","boomsma_3US","cfa",25,97,"native","lambda1",1014079096,0.27909918,"nonpositive_curvature","noisy_objective",140,"layered","",1,1.6743149,FALSE,0.20932313,0.20932313,"d+ lp- dl+ ll- w+"
"layered_port","boomsma","test","boomsma_3US","cfa",25,97,"x0.01","lambda1",1014079096,0.27909918,"nonpositive_curvature","noisy_objective",129,"layered","",1,1.6743149,FALSE,0.20932313,0.20932313,"d+ lp- dl+ ll- w+"
"layered_port","boomsma","test","boomsma_3US","cfa",25,97,"x100","lambda1",1014079096,0.27909918,"nonpositive_curvature","noisy_objective",141,"layered","",1,1.6743149,FALSE,0.20932313,0.20932313,"d+ lp- dl+ ll- w+"
"layered_port","boomsma","test","boomsma_3US","cfa",25,99,"mixed","lambda0.25",1014079098,0.34475509,"nonpositive_curvature","noisy_objective",188,"layered","",1,2.2728856,FALSE,0.22972668,0.22972668,"d+ lp- dl+ ll- w+"
"layered_port","boomsma","test","boomsma_3US","cfa",25,99,"mixed","lambda1",1014079098,0.37150998,"nonpositive_curvature","noisy_objective",237,"layered","",1,2.2509574,FALSE,0.29718478,0.29718478,"d+ lp- dl+ ll- w-"
"layered_port","boomsma","test","boomsma_3US","cfa",25,99,"native","lambda0.25",1014079098,0.34475504,"nonpositive_curvature","noisy_objective",253,"layered","",1,2.2728655,FALSE,0.22972668,0.22972668,"d+ lp- dl+ ll- w+"
"layered_port","boomsma","test","boomsma_3US","cfa",25,99,"native","lambda1",1014079098,0.37150999,"nonpositive_curvature","converged",171,"layered","",1,2.2511751,FALSE,0.29718478,0.29718478,"d+ lp- dl+ ll- w-"
"layered_port","boomsma","test","boomsma_3US","cfa",25,99,"x0.01","lambda0.25",1014079098,0.34475498,"nonpositive_curvature","converged",191,"layered","",1,2.272833,FALSE,0.22972668,0.22972668,"d+ lp- dl+ ll- w+"
"layered_port","boomsma","test","boomsma_3US","cfa",25,99,"x0.01","lambda1",1014079098,0.37150999,"nonpositive_curvature","converged",172,"layered","",1,2.2513419,FALSE,0.29718478,0.29718478,"d+ lp- dl+ ll- w-"
"layered_port","boomsma","test","boomsma_3US","cfa",25,99,"x100","lambda0.25",1014079098,0.34475509,"nonpositive_curvature","noisy_objective",198,"layered","",1,2.2728856,FALSE,0.22972668,0.22972668,"d+ lp- dl+ ll- w+"
"layered_port","boomsma","test","boomsma_3US","cfa",25,99,"x100","lambda1",1014079098,0.37150998,"nonpositive_curvature","noisy_objective",222,"layered","",1,2.2509456,FALSE,0.29718478,0.29718478,"d+ lp- dl+ ll- w-"
"layered_port","boomsma","test","boomsma_4CS","cfa",25,12,"mixed","lambda0.25",399466220,0.50171748,"available","noisy_objective",1117,"layered","",1,3510.2017,TRUE,0.51401441,0.51401441,"d+ lp- dl+ ll- w-"
"layered_port","boomsma","test","boomsma_4CS","cfa",25,12,"mixed","lambda1",399466220,0.75225609,"nonpositive_curvature","converged",133,"layered","",1,6.7578916,FALSE,0.57105677,0.57105674,"d+ lp- dl+ ll- w+"
"layered_port","boomsma","test","boomsma_4CS","cfa",25,12,"native","lambda1",399466220,0.75225609,"nonpositive_curvature","converged",133,"layered","",1,6.7576672,FALSE,0.57105674,0.57105674,"d+ lp- dl+ ll- w+"
"layered_port","boomsma","test","boomsma_4CS","cfa",25,12,"x0.01","lambda1",399466220,0.75225609,"nonpositive_curvature","converged",133,"layered","",1,6.7576878,FALSE,0.57105674,0.57105674,"d+ lp- dl+ ll- w+"
"layered_port","boomsma","test","boomsma_4CS","cfa",25,12,"x100","lambda1",399466220,0.75225609,"nonpositive_curvature","converged",131,"layered","",1,6.757783,FALSE,0.57105674,0.57105674,"d+ lp- dl+ ll- w+"
"layered_port","boomsma","test","boomsma_4CS","cfa",25,18,"native","lambda0.25",399466226,1.0834447,"nonpositive_curvature","noisy_objective",287,"layered","",1,1.1796969,FALSE,0.66704342,0.66704342,"d+ lp- dl+ ll- w+"
"layered_port","boomsma","test","boomsma_4CS","cfa",25,18,"x0.01","lambda0.25",399466226,1.0834447,"nonpositive_curvature","noisy_objective",250,"layered","",1,1.1797473,FALSE,0.66704342,0.66704342,"d+ lp- dl+ ll- w+"
"layered_port","boomsma","test","boomsma_4CS","cfa",25,18,"x100","lambda0.25",399466226,1.0834447,"nonpositive_curvature","noisy_objective",287,"layered","",1,1.1797149,FALSE,0.66704342,0.66704342,"d+ lp- dl+ ll- w+"
"layered_port","boomsma","test","boomsma_4CS","cfa",25,2,"mixed","lambda0.25",1330882750,0.67198826,"nonpositive_curvature","noisy_objective",357,"layered","",1,1.0066912,FALSE,0.45056373,0.45056373,"d+ lp- dl+ ll- w+"
"layered_port","boomsma","test","boomsma_4CS","cfa",25,2,"native","lambda0.25",1330882750,0.67198827,"nonpositive_curvature","noisy_objective",321,"layered","",1,1.0067065,FALSE,0.45056373,0.45056373,"d+ lp- dl+ ll- w+"
"layered_port","boomsma","test","boomsma_4CS","cfa",25,2,"x0.01","lambda0.25",1330882750,0.67198826,"nonpositive_curvature","noisy_objective",235,"layered","",1,1.0066823,FALSE,0.45056373,0.45056373,"d+ lp- dl+ ll- w+"
"layered_port","boomsma","test","boomsma_4CS","cfa",25,2,"x100","lambda0.25",1330882750,0.67198826,"nonpositive_curvature","noisy_objective",342,"layered","",1,1.006666,FALSE,0.45056373,0.45056373,"d+ lp- dl+ ll- w+"
"layered_port","boomsma","test","boomsma_4CS","cfa",25,85,"mixed","lambda0.25",399467140,0.79598655,"nonpositive_curvature","converged",205,"layered","",1,1,FALSE,0.65941008,0.65941008,"d+ lp- dl+ ll- w+"
"layered_port","boomsma","test","boomsma_4CS","cfa",25,85,"native","lambda0.25",399467140,0.79599089,"nonpositive_curvature","noisy_objective",313,"layered","",1,1,FALSE,0.65941008,0.65941008,"d+ lp- dl+ ll- w+"
"layered_port","boomsma","test","boomsma_4CS","cfa",25,85,"x0.01","lambda0.25",399467140,0.79598654,"nonpositive_curvature","converged",236,"layered","",1,1,FALSE,0.65941008,0.65941008,"d+ lp- dl+ ll- w+"
"layered_port","boomsma","test","boomsma_4CS","cfa",25,85,"x100","lambda0.25",399467140,0.7959866,"nonpositive_curvature","converged",193,"layered","",1,1,FALSE,0.65941008,0.65941008,"d+ lp- dl+ ll- w+"
"layered_port","boomsma","test","boomsma_4CS","cfa",25,9,"mixed","lambda0.25",1330882757,0.69774703,"nonpositive_curvature","noisy_objective",128,"layered","",1,2.0320145,FALSE,0.50304129,0.50304129,"d+ lp- dl+ ll- w+"
"layered_port","boomsma","test","boomsma_4CS","cfa",25,9,"mixed","lambda1",1330882757,0.73809017,"nonpositive_curvature","noisy_objective",103,"layered","",1,1.7513584,FALSE,0.57322945,0.57322945,"d+ lp- dl+ ll+ w+"
"layered_port","boomsma","test","boomsma_4CS","cfa",25,9,"native","lambda0.25",1330882757,0.69774703,"nonpositive_curvature","noisy_objective",146,"layered","",1,2.032014,FALSE,0.50304129,0.50304129,"d+ lp- dl+ ll- w+"
"layered_port","boomsma","test","boomsma_4CS","cfa",25,9,"native","lambda1",1330882757,0.73684616,"nonpositive_curvature","noisy_objective",488,"layered","",1,2.0040663,FALSE,0.57322945,0.57322945,"d+ lp- dl+ ll+ w+"
"layered_port","boomsma","test","boomsma_4CS","cfa",25,9,"x0.01","lambda0.25",1330882757,0.69774703,"nonpositive_curvature","noisy_objective",135,"layered","",1,2.0320145,FALSE,0.50304129,0.50304129,"d+ lp- dl+ ll- w+"
"layered_port","boomsma","test","boomsma_4CS","cfa",25,9,"x0.01","lambda1",1330882757,0.73809017,"nonpositive_curvature","noisy_objective",107,"layered","",1,1.7513584,FALSE,0.57322945,0.57322945,"d+ lp- dl+ ll+ w+"
"layered_port","boomsma","test","boomsma_4CS","cfa",25,9,"x100","lambda0.25",1330882757,0.69774703,"nonpositive_curvature","noisy_objective",138,"layered","",1,2.032015,FALSE,0.50304129,0.50304129,"d+ lp- dl+ ll- w+"
"layered_port","boomsma","test","boomsma_4CS","cfa",25,9,"x100","lambda1",1330882757,0.73809015,"nonpositive_curvature","noisy_objective",123,"layered","",1,1.751359,FALSE,0.57322945,0.57322945,"d+ lp- dl+ ll+ w+"
"layered_port","boomsma","test","boomsma_4UM","cfa",25,17,"mixed","lambda0.25",1191967241,0.65685601,"nonpositive_curvature","singular_convergence",578,"layered","",1,54456.432,FALSE,0.44631038,0.44631038,"d+ lp- dl+ ll- w-"
"layered_port","boomsma","test","boomsma_4UM","cfa",25,17,"mixed","lambda1",1191967241,0.75244058,"nonpositive_curvature","converged",237,"layered","",1,2.0356896,FALSE,0.57025269,0.57025269,"d+ lp- dl+ ll- w-"
"layered_port","boomsma","test","boomsma_4UM","cfa",25,17,"native","lambda0.25",1191967241,0.65685737,"nonpositive_curvature","singular_convergence",560,"layered","",1,48497.314,FALSE,0.44631038,0.44631038,"d+ lp- dl+ ll- w-"
"layered_port","boomsma","test","boomsma_4UM","cfa",25,17,"native","lambda1",1191967241,0.75244058,"nonpositive_curvature","converged",247,"layered","",1,2.0356767,FALSE,0.57025269,0.57025269,"d+ lp- dl+ ll- w-"
"layered_port","boomsma","test","boomsma_4UM","cfa",25,17,"x0.01","lambda0.25",1191967241,0.65686289,"nonpositive_curvature","noisy_objective",511,"layered","",1,12609.671,FALSE,0.44631038,0.44631038,"d+ lp- dl+ ll- w-"
"layered_port","boomsma","test","boomsma_4UM","cfa",25,17,"x0.01","lambda1",1191967241,0.75244058,"nonpositive_curvature","converged",226,"layered","",1,2.0356763,FALSE,0.57025269,0.57025269,"d+ lp- dl+ ll- w-"
"layered_port","boomsma","test","boomsma_4UM","cfa",25,17,"x100","lambda0.25",1191967241,0.65685685,"nonpositive_curvature","singular_convergence",629,"layered","",1,59867.379,FALSE,0.44631038,0.44631038,"d+ lp- dl+ ll- w-"
"layered_port","boomsma","test","boomsma_4UM","cfa",25,17,"x100","lambda1",1191967241,0.75244058,"nonpositive_curvature","converged",185,"layered","",1,2.0356922,FALSE,0.57025269,0.57025269,"d+ lp- dl+ ll- w-"
"layered_port","boomsma","test","boomsma_4US","cfa",25,3,"mixed","lambda0.25",65988111,0.76462588,"available","budget_exhausted",1230,"layered","",1,10520.664,TRUE,0.84351722,0.84351722,"d+ lp- dl+ ll- w+"
"layered_port","boomsma","test","boomsma_4US","cfa",25,52,"mixed","lambda0.25",54508337,0.55119224,"nonpositive_curvature","noisy_objective",282,"layered","",1,1,FALSE,0.42925701,0.42925701,"d+ lp- dl+ ll- w+"
"layered_port","boomsma","test","boomsma_4US","cfa",25,52,"mixed","lambda1",54508337,0.57579333,"nonpositive_curvature","noisy_objective",147,"layered","",1,1,FALSE,0.49061936,0.49061936,"d+ lp- dl+ ll- w+"
"layered_port","boomsma","test","boomsma_4US","cfa",25,52,"native","lambda0.25",54508337,0.55119224,"nonpositive_curvature","converged",160,"layered","",1,1,FALSE,0.42925701,0.42925701,"d+ lp- dl+ ll- w+"
"layered_port","boomsma","test","boomsma_4US","cfa",25,52,"native","lambda1",54508337,0.57579333,"nonpositive_curvature","noisy_objective",129,"layered","",1,1,FALSE,0.49061936,0.49061936,"d+ lp- dl+ ll- w+"
"layered_port","boomsma","test","boomsma_4US","cfa",25,52,"x0.01","lambda0.25",54508337,0.55119224,"nonpositive_curvature","noisy_objective",251,"layered","",1,1,FALSE,0.42925701,0.42925701,"d+ lp- dl+ ll- w+"
"layered_port","boomsma","test","boomsma_4US","cfa",25,52,"x0.01","lambda1",54508337,0.57579333,"nonpositive_curvature","noisy_objective",122,"layered","",1,1,FALSE,0.49061936,0.49061936,"d+ lp- dl+ ll- w+"
"layered_port","boomsma","test","boomsma_4US","cfa",25,52,"x100","lambda0.25",54508337,0.55119224,"nonpositive_curvature","noisy_objective",233,"layered","",1,1,FALSE,0.42925701,0.42925701,"d+ lp- dl+ ll- w+"
"layered_port","boomsma","test","boomsma_4US","cfa",25,52,"x100","lambda1",54508337,0.57579333,"nonpositive_curvature","noisy_objective",128,"layered","",1,1,FALSE,0.49061936,0.49061936,"d+ lp- dl+ ll- w+"
"layered_port","boomsma","test","boomsma_4US","cfa",25,69,"native","lambda1",54508475,0.65179598,"available","singular_convergence",1304,"layered","",1,44456.872,TRUE,0.63483261,0.63483261,"d+ lp- dl- ll- w-"
"layered_port","boomsma","test","boomsma_4US","cfa",25,69,"x0.01","lambda1",54508475,0.83881788,"nonpositive_curvature","noisy_objective",147,"layered","",1,1.2781542,FALSE,0.63483261,0.63483261,"d+ lp- dl- ll- w-"
"layered_port","boomsma","test","boomsma_4US","cfa",25,69,"x100","lambda1",54508475,0.83881788,"nonpositive_curvature","noisy_objective",145,"layered","",1,1.2781542,FALSE,0.63483261,0.63483261,"d+ lp- dl- ll- w-"
"layered_port","boomsma","test","boomsma_4US","cfa",25,7,"mixed","lambda0.25",65988115,0.73356549,"available","noisy_objective",709,"layered","",1,17752.819,FALSE,0.77376427,0.68744545,"d+ lp- dl+ ll- w+"
"layered_port","boomsma","test","boomsma_4US","cfa",25,7,"mixed","lambda1",65988115,0.82607671,"nonpositive_curvature","singular_convergence",798,"layered","",1,137827.19,FALSE,0.78825484,0.78825484,"d+ lp- dl+ ll- w+"
"layered_port","boomsma","test","boomsma_4US","cfa",25,7,"native","lambda0.25",65988115,0.73354852,"available","noisy_objective",1012,"layered","",1,58735.816,FALSE,0.77376427,0.68744545,"d+ lp- dl+ ll- w+"
"layered_port","boomsma","test","boomsma_4US","cfa",25,7,"native","lambda1",65988115,0.82610454,"nonpositive_curvature","noisy_objective",662,"layered","",1,68985.342,FALSE,0.78825484,0.78825484,"d+ lp- dl+ ll- w+"
"layered_port","boomsma","test","boomsma_4US","cfa",25,7,"x0.01","lambda0.25",65988115,0.73355626,"available","singular_convergence",1105,"layered","",1,68874.848,FALSE,0.77376427,0.68744545,"d+ lp- dl+ ll- w+"
"layered_port","boomsma","test","boomsma_4US","cfa",25,7,"x0.01","lambda1",65988115,0.82594712,"nonpositive_curvature","singular_convergence",887,"layered","",1,167812.88,FALSE,0.78825484,0.78825484,"d+ lp- dl+ ll- w+"
"layered_port","boomsma","test","boomsma_4US","cfa",25,7,"x100","lambda0.25",65988115,0.73360862,"available","noisy_objective",585,"layered","",1,5436.4788,FALSE,0.77376427,0.68744545,"d+ lp- dl+ ll- w+"
"layered_port","boomsma","test","boomsma_4US","cfa",25,7,"x100","lambda1",65988115,0.82607014,"nonpositive_curvature","noisy_objective",450,"layered","",1,13825.095,FALSE,0.78825484,0.78825484,"d+ lp- dl+ ll- w+"
"layered_port","boomsma","test","boomsma_4US","cfa",25,71,"mixed","lambda0.25",54508598,1.1532598,"nonpositive_curvature","converged",161,"layered","",1,1.2569268,FALSE,0.84669407,0.84669407,"d+ lp- dl+ ll- w+"
"layered_port","boomsma","test","boomsma_4US","cfa",25,71,"mixed","lambda1",54508598,1.2110439,"nonpositive_curvature","noisy_objective",159,"layered","",1,1.4172718,FALSE,0.94865547,0.94865547,"d+ lp- dl+ ll- w+"
"layered_port","boomsma","test","boomsma_4US","cfa",25,71,"native","lambda0.25",54508598,1.1532598,"nonpositive_curvature","converged",231,"layered","",1,1.256924,FALSE,0.84669407,0.84669407,"d+ lp- dl+ ll- w+"
"layered_port","boomsma","test","boomsma_4US","cfa",25,71,"native","lambda1",54508598,1.1914344,"nonpositive_curvature","converged",184,"layered","",1,1.2538758,FALSE,0.94865547,0.94865547,"d+ lp- dl+ ll- w+"
"layered_port","boomsma","test","boomsma_4US","cfa",25,71,"x0.01","lambda0.25",54508598,1.1532598,"nonpositive_curvature","converged",262,"layered","",1,1.2569212,FALSE,0.84669407,0.84669407,"d+ lp- dl+ ll- w+"
"layered_port","boomsma","test","boomsma_4US","cfa",25,71,"x0.01","lambda1",54508598,1.1914344,"nonpositive_curvature","converged",196,"layered","",1,1.2538748,FALSE,0.94865547,0.94865547,"d+ lp- dl+ ll- w+"
"layered_port","boomsma","test","boomsma_4US","cfa",25,71,"x100","lambda0.25",54508598,1.1532598,"nonpositive_curvature","converged",145,"layered","",1,1.2569236,FALSE,0.84669407,0.84669407,"d+ lp- dl+ ll- w+"
"layered_port","boomsma","test","boomsma_4US","cfa",25,71,"x100","lambda1",54508598,1.1914341,"nonpositive_curvature","converged",231,"layered","",1,1.253877,FALSE,0.94865547,0.94865547,"d+ lp- dl+ ll- w+"
"layered_port","boomsma","test","boomsma_4US","cfa",25,79,"native","lambda1",54508606,0.86301423,"nonpositive_curvature","noisy_objective",178,"layered","",1,4.6296048,FALSE,0.70096813,0.70096813,"d+ lp- dl+ ll- w+"
"layered_port","boomsma","test","boomsma_4US","cfa",25,79,"x0.01","lambda1",54508606,0.86299964,"nonpositive_curvature","noisy_objective",175,"layered","",1,4.7153842,FALSE,0.70096813,0.70096813,"d+ lp- dl+ ll- w+"
"layered_port","boomsma","test","boomsma_4US","cfa",25,79,"x100","lambda1",54508606,0.86308059,"nonpositive_curvature","noisy_objective",170,"layered","",1,4.5876334,FALSE,0.70096813,0.70096813,"d+ lp- dl+ ll- w+"
"layered_port","boomsma","test","boomsma_4US","cfa",25,83,"mixed","lambda1",54508731,0.62327664,"nonpositive_curvature","noisy_objective",167,"layered","",1,1.6120022,FALSE,0.49558218,0.49558218,"d+ lp- dl+ ll- w+"
"layered_port","boomsma","test","boomsma_4US","cfa",25,83,"native","lambda1",54508731,0.62327664,"nonpositive_curvature","noisy_objective",155,"layered","",1,1.6120025,FALSE,0.49558218,0.49558218,"d+ lp- dl+ ll- w+"
"layered_port","boomsma","test","boomsma_4US","cfa",25,83,"x0.01","lambda1",54508731,0.62327664,"nonpositive_curvature","noisy_objective",171,"layered","",1,1.6120023,FALSE,0.49558218,0.49558218,"d+ lp- dl+ ll- w+"
"layered_port","boomsma","test","boomsma_4US","cfa",25,83,"x100","lambda1",54508731,0.62327664,"nonpositive_curvature","noisy_objective",167,"layered","",1,1.6120023,FALSE,0.49558218,0.49558218,"d+ lp- dl+ ll- w+"
"layered_port","boomsma","test","boomsma_4US","cfa",25,88,"mixed","lambda0.25",54508736,0.5994844,"nonpositive_curvature","noisy_objective",257,"layered","",1,1.2370999,FALSE,0.54257658,0.54257658,"d+ lp- dl+ ll- w+"
"layered_port","boomsma","test","boomsma_4US","cfa",25,97,"mixed","lambda0.25",54508866,0.76518886,"nonpositive_curvature","noisy_objective",284,"layered","",1,4.1517622,FALSE,0.63307124,0.63307124,"d+ lp- dl+ ll- w+"
"layered_port","boomsma","test","boomsma_4US","cfa",25,97,"mixed","lambda1",54508866,0.81516034,"nonpositive_curvature","noisy_objective",112,"layered","",1,4.2333523,FALSE,0.73482658,0.73482658,"d+ lp- dl+ ll- w-"
"layered_port","boomsma","test","boomsma_4US","cfa",25,97,"native","lambda0.25",54508866,0.76518882,"nonpositive_curvature","converged",283,"layered","",1,4.1572094,FALSE,0.63307124,0.63307124,"d+ lp- dl+ ll- w+"
"layered_port","boomsma","test","boomsma_4US","cfa",25,97,"native","lambda1",54508866,0.81170126,"nonpositive_curvature","converged",195,"layered","",1,4.0870091,FALSE,0.77173469,0.77173469,"d+ lp- dl+ ll- w-"
"layered_port","boomsma","test","boomsma_4US","cfa",25,97,"x0.01","lambda0.25",54508866,0.76518882,"nonpositive_curvature","converged",222,"layered","",1,4.1573548,FALSE,0.63307124,0.63307124,"d+ lp- dl+ ll- w+"
"layered_port","boomsma","test","boomsma_4US","cfa",25,97,"x0.01","lambda1",54508866,0.81516034,"nonpositive_curvature","noisy_objective",102,"layered","",1,4.2333523,FALSE,0.77173469,0.77173469,"d+ lp- dl+ ll- w-"
"layered_port","boomsma","test","boomsma_4US","cfa",25,97,"x100","lambda0.25",54508866,0.76518882,"nonpositive_curvature","converged",287,"layered","",1,4.1558577,FALSE,0.63307124,0.63307124,"d+ lp- dl+ ll- w+"
"layered_port","boomsma","test","boomsma_4US","cfa",25,97,"x100","lambda1",54508866,0.81170127,"nonpositive_curvature","converged",202,"layered","",1,4.0870237,FALSE,0.77173469,0.77173469,"d+ lp- dl+ ll- w-"
"layered_port","boomsma","test","boomsma_4US","cfa",25,98,"mixed","lambda0.25",54508867,0.4725922,"nonpositive_curvature","converged",263,"layered","",1,2.6344236,FALSE,0.3148615,0.3148615,"d+ lp- dl- ll- w+"
"layered_port","boomsma","test","boomsma_4US","cfa",25,98,"mixed","lambda1",54508867,0.49779439,"nonpositive_curvature","converged",137,"layered","",1,2.6248054,FALSE,0.37859722,0.37859722,"d+ lp- dl+ ll- w+"
"layered_port","boomsma","test","boomsma_4US","cfa",25,98,"native","lambda0.25",54508867,0.47259224,"nonpositive_curvature","converged",210,"layered","",1,2.6343481,FALSE,0.3148615,0.3148615,"d+ lp- dl- ll- w+"
"layered_port","boomsma","test","boomsma_4US","cfa",25,98,"native","lambda1",54508867,0.49779439,"nonpositive_curvature","converged",139,"layered","",1,2.6248024,FALSE,0.37859722,0.37859722,"d+ lp- dl+ ll- w+"
"layered_port","boomsma","test","boomsma_4US","cfa",25,98,"x0.01","lambda0.25",54508867,0.4725922,"nonpositive_curvature","converged",173,"layered","",1,2.6344105,FALSE,0.3148615,0.3148615,"d+ lp- dl- ll- w+"
"layered_port","boomsma","test","boomsma_4US","cfa",25,98,"x0.01","lambda1",54508867,0.49779438,"nonpositive_curvature","converged",140,"layered","",1,2.6247887,FALSE,0.37859722,0.37859722,"d+ lp- dl+ ll- w+"
"layered_port","boomsma","test","boomsma_4US","cfa",25,98,"x100","lambda0.25",54508867,0.47259231,"nonpositive_curvature","noisy_objective",265,"layered","",1,2.6335052,FALSE,0.3148615,0.3148615,"d+ lp- dl- ll- w+"
"layered_port","boomsma","test","boomsma_4US","cfa",25,98,"x100","lambda1",54508867,0.49779439,"nonpositive_curvature","converged",137,"layered","",1,2.6248008,FALSE,0.37859722,0.37859722,"d+ lp- dl+ ll- w+"
"layered_port","constrained","test","eqchain_b20","equal_paths_disturbances",25,10,"native","lambda0.25",978387723,1.9896952,"nonpositive_curvature","noisy_objective",183,"layered","",1,1.5230224,FALSE,1.7870583,1.7870583,"d+ lp- dl+ ll- w+"
"layered_port","constrained","test","eqchain_b20","equal_paths_disturbances",25,10,"native","lambda1",978387723,2.09499,"nonpositive_curvature","noisy_objective",267,"layered","",1,1.3921237,FALSE,1.943092,1.943092,"d+ lp- dl+ ll- w+"
"layered_port","constrained","test","eqchain_b20","equal_paths_disturbances",25,10,"x100","lambda0.25",978387723,1.9896942,"nonpositive_curvature","noisy_objective",179,"layered","",1,1.5230206,FALSE,1.7870583,1.7870583,"d+ lp- dl+ ll- w+"
"layered_port","constrained","test","eqchain_b20","equal_paths_disturbances",25,10,"x100","lambda1",978387723,2.1852804,"nonpositive_curvature","noisy_objective",91,"layered","",1,1.4868048,FALSE,1.943092,1.943092,"d+ lp- dl+ ll- w+"
"layered_port","constrained","test","eqchain_b20","equal_paths_disturbances",25,2,"native","lambda0.25",2089380219,2.0404867,"nonpositive_curvature","noisy_objective",123,"layered","",1,2.4575538,FALSE,1.6446184,1.6446184,"d+ lp- dl+ ll- w+"
"layered_port","constrained","test","eqchain_b20","equal_paths_disturbances",25,2,"native","lambda1",2089380219,2.1365155,"nonpositive_curvature","noisy_objective",129,"layered","",1,2.3439253,FALSE,1.7647822,1.7647822,"d+ lp- dl+ ll- w+"
"layered_port","constrained","test","eqchain_b20","equal_paths_disturbances",25,2,"x100","lambda0.25",2089380219,2.0404867,"nonpositive_curvature","noisy_objective",174,"layered","",1,2.4575538,FALSE,1.6446184,1.6446184,"d+ lp- dl+ ll- w+"
"layered_port","constrained","test","eqchain_b20","equal_paths_disturbances",25,2,"x100","lambda1",2089380219,2.1365155,"nonpositive_curvature","noisy_objective",122,"layered","",1,2.3439253,FALSE,1.7647822,1.7647822,"d+ lp- dl+ ll- w+"
"layered_port","constrained","test","eqchain_b20","equal_paths",25,10,"native","lambda0.25",978387723,1.9005245,"nonpositive_curvature","noisy_objective",103,"layered","",1,1.4255964,FALSE,1.7182879,1.7182879,"d+ lp- dl+ ll- w+"
"layered_port","constrained","test","eqchain_b20","equal_paths",25,10,"native","lambda1",978387723,2.03355,"nonpositive_curvature","noisy_objective",125,"layered","",1,1.470616,FALSE,1.8853884,1.8853884,"d+ lp- dl+ ll- w+"
"layered_port","constrained","test","eqchain_b20","equal_paths",25,10,"x100","lambda0.25",978387723,1.9005245,"nonpositive_curvature","noisy_objective",155,"layered","",1,1.4255964,FALSE,1.7182879,1.7182879,"d+ lp- dl+ ll- w+"
"layered_port","constrained","test","eqchain_b20","equal_paths",25,10,"x100","lambda1",978387723,2.03355,"nonpositive_curvature","noisy_objective",116,"layered","",1,1.470616,FALSE,1.8853884,1.8853884,"d+ lp- dl+ ll- w+"
"layered_port","constrained","test","eqchain_b20","equal_paths",25,2,"native","lambda0.25",2089380219,1.7015981,"nonpositive_curvature","noisy_objective",115,"layered","",1,2.8033968,FALSE,1.5931072,1.5931072,"d+ lp- dl+ ll- w+"
"layered_port","constrained","test","eqchain_b20","equal_paths",25,2,"native","lambda1",2089380219,1.8373199,"nonpositive_curvature","noisy_objective",121,"layered","",1,2.5163023,FALSE,1.7285597,1.7285597,"d+ lp- dl+ ll- w+"
"layered_port","constrained","test","eqchain_b20","equal_paths",25,2,"x100","lambda0.25",2089380219,1.7015981,"nonpositive_curvature","noisy_objective",117,"layered","",1,2.8033968,FALSE,1.5931072,1.5931072,"d+ lp- dl+ ll- w+"
"layered_port","constrained","test","eqchain_b20","equal_paths",25,2,"x100","lambda1",2089380219,1.8373199,"nonpositive_curvature","noisy_objective",113,"layered","",1,2.5163023,FALSE,1.7285597,1.7285597,"d+ lp- dl+ ll- w+"
"layered_port","constrained","test","eqchain_b20","equal_paths",25,38,"x100","lambda0.25",978387993,1.7960857,"nonpositive_curvature","singular_convergence",490,"layered","",1,31447.679,FALSE,1.7386623,1.7386623,"d+ lp- dl+ ll- w+"
"layered_port","constrained","test","eqchain_b20","equal_paths",25,38,"x100","lambda1",978387993,2.001788,"nonpositive_curvature","noisy_objective",151,"layered","",1,2.6416386,FALSE,1.9150112,1.9150112,"d+ lp- dl+ ll+ w+"
"layered_port","constrained","test","eqchain_b20","equal_paths",25,60,"native","lambda0.25",978388378,1.5083939,"available","noisy_objective",1112,"layered","",1,14400.363,TRUE,1.5030304,1.5030304,"d+ lp- dl+ ll- w+"
"layered_port","constrained","test","eqchain_b20","equal_paths",25,60,"native","lambda1",978388378,1.8951864,"nonpositive_curvature","noisy_objective",128,"layered","",1,1.4612446,FALSE,1.672913,1.672913,"d+ lp- dl- ll- w+"
"layered_port","constrained","test","eqchain_b20","equal_paths",25,60,"x100","lambda0.25",978388378,1.5083943,"available","noisy_objective",873,"layered","",1,13021.959,TRUE,1.5030304,1.5030304,"d+ lp- dl+ ll- w+"
"layered_port","constrained","test","eqchain_b20","equal_paths",25,60,"x100","lambda1",978388378,1.7945028,"nonpositive_curvature","noisy_objective",239,"layered","",1,1.4371953,FALSE,1.672913,1.672913,"d+ lp- dl+ ll- w+"
"layered_port","constrained","test","eqchain_b20","equal_paths",25,82,"native","lambda0.25",978388642,1.577823,"nonpositive_curvature","noisy_objective",354,"layered","",1,1.8717831,FALSE,1.5253768,1.5253768,"d+ lp- dl+ ll- w+"
"layered_port","constrained","test","eqchain_b20","equal_paths",25,82,"native","lambda1",978388642,1.7432335,"nonpositive_curvature","noisy_objective",212,"layered","",1,1.7292466,FALSE,1.7050734,1.7050734,"d+ lp- dl+ ll- w+"
"layered_port","constrained","test","eqchain_b20","equal_paths",25,82,"x100","lambda0.25",978388642,1.577823,"nonpositive_curvature","noisy_objective",241,"layered","",1,1.8709315,FALSE,1.5253768,1.5253768,"d+ lp- dl+ ll- w+"
"layered_port","constrained","test","eqchain_b20","equal_paths",25,82,"x100","lambda1",978388642,1.7523199,"nonpositive_curvature","noisy_objective",128,"layered","",1,2.1340914,FALSE,1.7050734,1.7050734,"d+ lp- dl+ ll- w+"
"layered_port","constrained","test","eqchain_b50","equal_paths_disturbances",25,37,"native","lambda0.25",562980986,8.0061422,"nonpositive_curvature","noisy_objective",305,"layered","",1,6.5089977,FALSE,1.8969642,1.8969642,"d+ lp- dl+ ll- w+"
"layered_port","constrained","test","eqchain_b50","equal_paths_disturbances",25,37,"native","lambda1",562980986,2.141097,"nonpositive_curvature","noisy_objective",433,"layered","",1,2.7962368,FALSE,2.0473817,2.0473817,"d+ lp- dl+ ll- w-"
"layered_port","constrained","test","eqchain_b50","equal_paths_disturbances",25,37,"x100","lambda0.25",562980986,1.9103324,"nonpositive_curvature","converged",212,"layered","",1,1.6812593,FALSE,1.8969642,1.8969642,"d+ lp- dl+ ll- w+"
"layered_port","constrained","test","eqchain_b50","equal_paths_disturbances",25,37,"x100","lambda1",562980986,2.4692203,"nonpositive_curvature","noisy_objective",276,"layered","",1,4.9978498,FALSE,2.0473817,2.0473817,"d+ lp- dl+ ll- w-"
"layered_port","constrained","test","eqchain_b50","equal_paths_disturbances",25,77,"native","lambda0.25",562981510,1.3644548,"nonpositive_curvature","noisy_objective",127,"layered","",1,1.8088679,FALSE,1.2036964,1.2036964,"d+ lp- dl+ ll- w+"
"layered_port","constrained","test","eqchain_b50","equal_paths_disturbances",25,77,"native","lambda1",562981510,1.4974262,"nonpositive_curvature","noisy_objective",215,"layered","",1,1.8076198,FALSE,1.3795071,1.3795071,"d+ lp- dl+ ll- w+"
"layered_port","constrained","test","eqchain_b50","equal_paths_disturbances",25,77,"x100","lambda0.25",562981510,1.3644548,"nonpositive_curvature","noisy_objective",155,"layered","",1,1.8088679,FALSE,1.2036964,1.2036964,"d+ lp- dl+ ll- w+"
"layered_port","constrained","test","eqchain_b50","equal_paths_disturbances",25,77,"x100","lambda1",562981510,1.4974262,"nonpositive_curvature","noisy_objective",90,"layered","",1,1.8076198,FALSE,1.3795071,1.3795071,"d+ lp- dl+ ll- w+"
"layered_port","constrained","test","eqchain_b50","equal_paths_disturbances",25,90,"native","lambda0.25",562981765,2.0844596,"nonpositive_curvature","noisy_objective",100,"layered","",1,1.625589,FALSE,1.8982916,1.8982916,"d+ lp- dl+ ll- w+"
"layered_port","constrained","test","eqchain_b50","equal_paths_disturbances",25,90,"native","lambda1",562981765,2.249398,"nonpositive_curvature","noisy_objective",230,"layered","",1,1.639973,FALSE,2.1069621,2.1069621,"d+ lp- dl+ ll- w+"
"layered_port","constrained","test","eqchain_b50","equal_paths_disturbances",25,90,"x100","lambda0.25",562981765,2.0844596,"nonpositive_curvature","noisy_objective",92,"layered","",1,1.625589,FALSE,1.8982916,1.8982916,"d+ lp- dl+ ll- w+"
"layered_port","constrained","test","eqchain_b50","equal_paths_disturbances",25,90,"x100","lambda1",562981765,2.257468,"nonpositive_curvature","noisy_objective",156,"layered","",1,1.624744,FALSE,2.1069621,2.1069621,"d+ lp- dl+ ll- w+"
"layered_port","constrained","test","eqchain_b50","equal_paths",25,37,"native","lambda0.25",562980986,1.9042549,"nonpositive_curvature","noisy_objective",183,"layered","",1,4.2799996,FALSE,1.8673057,1.8673057,"d+ lp- dl+ ll- w+"
"layered_port","constrained","test","eqchain_b50","equal_paths",25,37,"native","lambda1",562980986,2.0194614,"nonpositive_curvature","converged",154,"layered","",1,2.5918273,FALSE,2.0164313,2.0164313,"d+ lp- dl+ ll- w-"
"layered_port","constrained","test","eqchain_b50","equal_paths",25,37,"x100","lambda0.25",562980986,1.9025185,"nonpositive_curvature","noisy_objective",230,"layered","",1,4.2345712,FALSE,1.8673057,1.8673057,"d+ lp- dl+ ll- w+"
"layered_port","constrained","test","eqchain_b50","equal_paths",25,37,"x100","lambda1",562980986,2.1272445,"nonpositive_curvature","noisy_objective",196,"layered","",1,4.16748,FALSE,2.0164313,2.0164313,"d+ lp- dl+ ll- w-"
"layered_port","constrained","test","eqchain_b50","equal_paths",25,42,"native","lambda0.25",562981112,1.5795013,"nonpositive_curvature","noisy_objective",258,"layered","",1,1.6704941,FALSE,1.3611959,1.3611959,"d+ lp- dl+ ll- w+"
"layered_port","constrained","test","eqchain_b50","equal_paths",25,42,"native","lambda1",562981112,1.7135707,"nonpositive_curvature","noisy_objective",227,"layered","",1,1.563874,FALSE,1.532982,1.532982,"d+ lp- dl+ ll- w+"
"layered_port","constrained","test","eqchain_b50","equal_paths",25,42,"x100","lambda0.25",562981112,1.5795013,"nonpositive_curvature","converged",154,"layered","",1,1.6705096,FALSE,1.3611959,1.3611959,"d+ lp- dl+ ll- w+"
"layered_port","constrained","test","eqchain_b50","equal_paths",25,42,"x100","lambda1",562981112,1.7135699,"nonpositive_curvature","converged",197,"layered","",1,1.5645291,FALSE,1.532982,1.532982,"d+ lp- dl+ ll- w+"
"layered_port","constrained","test","eqchain_b50","equal_paths",25,77,"native","lambda0.25",562981510,1.359679,"nonpositive_curvature","noisy_objective",91,"layered","",1,1.8075829,FALSE,1.1837216,1.1837216,"d+ lp- dl+ ll- w+"
"layered_port","constrained","test","eqchain_b50","equal_paths",25,77,"native","lambda1",562981510,1.4923504,"nonpositive_curvature","noisy_objective",100,"layered","",1,1.8074367,FALSE,1.3659216,1.3659216,"d+ lp- dl+ ll- w+"
"layered_port","constrained","test","eqchain_b50","equal_paths",25,77,"x100","lambda0.25",562981510,1.359679,"nonpositive_curvature","noisy_objective",191,"layered","",1,1.8075829,FALSE,1.1837216,1.1837216,"d+ lp- dl+ ll- w+"
"layered_port","constrained","test","eqchain_b50","equal_paths",25,77,"x100","lambda1",562981510,1.4923504,"nonpositive_curvature","noisy_objective",97,"layered","",1,1.8074367,FALSE,1.3659216,1.3659216,"d+ lp- dl+ ll- w+"
"layered_port","constrained","test","eqchain_b50","equal_paths",25,90,"native","lambda0.25",562981765,2.1017782,"nonpositive_curvature","noisy_objective",105,"layered","",1,1.6256018,FALSE,1.8589297,1.8589297,"d+ lp- dl+ ll- w+"
"layered_port","constrained","test","eqchain_b50","equal_paths",25,90,"native","lambda1",562981765,2.2790027,"nonpositive_curvature","noisy_objective",84,"layered","",1,1.6244726,FALSE,2.0750572,2.0750572,"d+ lp- dl+ ll- w+"
"layered_port","constrained","test","eqchain_b50","equal_paths",25,90,"x100","lambda0.25",562981765,2.0613706,"nonpositive_curvature","noisy_objective",283,"layered","",1,1.6327833,FALSE,1.8589297,1.8589297,"d+ lp- dl+ ll- w+"
"layered_port","constrained","test","eqchain_b50","equal_paths",25,90,"x100","lambda1",562981765,2.2362656,"nonpositive_curvature","noisy_objective",129,"layered","",1,1.631681,FALSE,2.0750572,2.0750572,"d+ lp- dl+ ll- w+"
"layered_port","constrained","test","eqmean","equal_intercepts_residuals",100,40,"native","lambda0.25",969202027,0.18365464,"available","noisy_objective",537,"layered","",1,9312.627,TRUE,0.16595418,0.16595418,"d+ lp- dl+ ll- w+"
"layered_port","constrained","test","eqmean","equal_intercepts_residuals",100,40,"native","lambda1",969202027,0.22475268,"nonpositive_curvature","line_search_salvaged",144,"layered","",1,3.2426108,FALSE,0.18062515,0.18062515,"d+ lp- dl+ ll- w+"
"layered_port","constrained","test","eqmean","equal_intercepts_residuals",100,40,"x0.01","lambda0.25",969202027,0.18365047,"available","noisy_objective",893,"layered","",1,53267.341,TRUE,0.16595418,0.16595418,"d+ lp- dl+ ll- w+"
"layered_port","constrained","test","eqmean","equal_intercepts_residuals",100,40,"x0.01","lambda1",969202027,0.22475268,"nonpositive_curvature","converged",140,"layered","",1,3.2426054,FALSE,0.18062515,0.18062515,"d+ lp- dl+ ll- w+"
"layered_port","constrained","test","eqmean","equal_intercepts_residuals",100,40,"x100","lambda0.25",969202027,0.18365403,"available","noisy_objective",494,"layered","",1,10705.89,TRUE,0.16595418,0.16595418,"d+ lp- dl+ ll- w+"
"layered_port","constrained","test","eqmean","equal_intercepts_residuals",100,40,"x100","lambda1",969202027,0.22475268,"nonpositive_curvature","converged",133,"layered","",1,3.2425901,FALSE,0.18062515,0.18062515,"d+ lp- dl+ ll- w+"
"layered_port","constrained","test","eqmean","equal_intercepts_residuals",100,47,"native","lambda0.25",969202034,0.20011638,"available","singular_convergence",689,"layered","",1,35438.795,TRUE,0.19697754,0.19697754,"d+ lp- dl+ ll- w+"
"layered_port","constrained","test","eqmean","equal_intercepts_residuals",100,47,"native","lambda1",969202034,0.21789142,"nonpositive_curvature","singular_convergence",709,"layered","",1,34921.478,FALSE,0.21331258,0.21331258,"d+ lp- dl+ ll- w+"
"layered_port","constrained","test","eqmean","equal_intercepts_residuals",100,47,"x100","lambda0.25",969202034,0.20011683,"available","singular_convergence",697,"layered","",1,44263.012,FALSE,0.19697754,0.19697754,"d+ lp- dl+ ll- w+"
"layered_port","constrained","test","eqmean","equal_intercepts_residuals",100,47,"x100","lambda1",969202034,0.2178918,"nonpositive_curvature","noisy_objective",618,"layered","",1,15615.083,FALSE,0.21331258,0.21331258,"d+ lp- dl+ ll- w+"
"layered_port","constrained","test","eqmean","equal_intercepts_residuals",100,50,"native","lambda0.25",969202158,0.20570465,"available","singular_convergence",836,"layered","",1,104024.54,FALSE,0.19357132,0.19357132,"d+ lp- dl+ ll- w+"
"layered_port","constrained","test","eqmean","equal_intercepts_residuals",100,50,"native","lambda1",969202158,0.22706166,"available","singular_convergence",878,"layered","",1,54678.481,TRUE,0.2153924,0.2153924,"d+ lp- dl+ ll- w+"
"layered_port","constrained","test","eqmean","equal_intercepts_residuals",100,50,"x100","lambda0.25",969202158,0.20570142,"available","singular_convergence",783,"layered","",1,46323.728,FALSE,0.19357132,0.19357132,"d+ lp- dl+ ll- w+"
"layered_port","constrained","test","eqmean","equal_intercepts_residuals",100,50,"x100","lambda1",969202158,0.22706832,"available","noisy_objective",679,"layered","",1,27948.636,FALSE,0.2153924,0.2153924,"d+ lp- dl+ ll- w+"
"layered_port","constrained","test","eqmean","equal_intercepts_residuals",100,72,"native","lambda0.25",969202422,0.35891542,"available","noisy_objective",867,"layered","",1,70349.579,FALSE,0.33283451,0.33283451,"d+ lp- dl+ ll- w+"
"layered_port","constrained","test","eqmean","equal_intercepts_residuals",100,72,"native","lambda1",969202422,0.37646427,"available","singular_convergence",844,"layered","",1,47478.711,TRUE,0.35133076,0.35133076,"d+ lp- dl+ ll- w+"
"layered_port","constrained","test","eqmean","equal_intercepts_residuals",100,72,"x0.01","lambda0.25",969202422,0.35890927,"available","singular_convergence",863,"layered","",1,48229.197,FALSE,0.33283451,0.33283451,"d+ lp- dl- ll- w+"
"layered_port","constrained","test","eqmean","equal_intercepts_residuals",100,72,"x100","lambda0.25",969202422,0.3589086,"available","singular_convergence",815,"layered","",1,47071.851,TRUE,0.33283451,0.33283451,"d+ lp- dl+ ll- w+"
"layered_port","constrained","test","eqmean","equal_intercepts_residuals",100,72,"x100","lambda1",969202422,0.37646382,"available","singular_convergence",1013,"layered","",1,74569.611,TRUE,0.35133076,0.35133076,"d+ lp- dl+ ll- w+"
"layered_port","constrained","test","eqmean","equal_intercepts_residuals",100,73,"native","lambda0.25",969202423,0.20914665,"nonpositive_curvature","singular_convergence",781,"layered","",1,79175.455,FALSE,0.18718817,0.18718817,"d+ lp- dl+ ll- w+"
"layered_port","constrained","test","eqmean","equal_intercepts_residuals",100,73,"native","lambda1",969202423,0.26880256,"nonpositive_curvature","converged",244,"layered","",1,1.4786146,FALSE,0.20527953,0.20527953,"d+ lp- dl+ ll- w+"
"layered_port","constrained","test","eqmean","equal_intercepts_residuals",100,73,"x100","lambda0.25",969202423,0.20914667,"nonpositive_curvature","singular_convergence",730,"layered","",1,71307.392,FALSE,0.18718817,0.18718817,"d+ lp- dl+ ll- w+"
"layered_port","constrained","test","eqmean","equal_intercepts_residuals",100,73,"x100","lambda1",969202423,0.26880256,"nonpositive_curvature","noisy_objective",247,"layered","",1,1.4785193,FALSE,0.20527953,0.20527953,"d+ lp- dl+ ll- w+"
"layered_port","constrained","test","eqmean","equal_intercepts_residuals",25,1,"native","lambda0.25",1052428523,1.2897882,"nonpositive_curvature","singular_convergence",696,"layered","",1,24917.51,FALSE,1.2724208,1.2724208,"d+ lp- dl+ ll- w+"
"layered_port","constrained","test","eqmean","equal_intercepts_residuals",25,1,"x100","lambda0.25",1052428523,1.2898147,"nonpositive_curvature","noisy_objective",418,"layered","",1,3506.4989,FALSE,1.2724208,1.2724208,"d+ lp- dl+ ll- w+"
"layered_port","constrained","test","eqmean","equal_intercepts_residuals",25,10,"native","lambda0.25",429184305,1.0859453,"available","singular_convergence",784,"layered","",1,14569.593,FALSE,1.0758937,1.0758937,"d+ lp- dl+ ll- w+"
"layered_port","constrained","test","eqmean","equal_intercepts_residuals",25,10,"x100","lambda0.25",429184305,1.0859469,"available","noisy_objective",757,"layered","",1,9637.9447,FALSE,1.0758937,1.0758937,"d+ lp- dl+ ll- w+"
"layered_port","constrained","test","eqmean","equal_intercepts_residuals",25,100,"x0.01","lambda0.25",388569649,0.59417819,"available","singular_convergence",1118,"layered","",1,19425.111,TRUE,0.59420709,0.59420709,"d+ lp- dl- ll- w-"
"layered_port","constrained","test","eqmean","equal_intercepts_residuals",25,13,"native","lambda0.25",429184308,1.0117427,"nonpositive_curvature","noisy_objective",631,"layered","",1,53935.463,FALSE,0.92772816,0.92772816,"d+ lp- dl+ ll- w+"
"layered_port","constrained","test","eqmean","equal_intercepts_residuals",25,13,"native","lambda1",429184308,1.1034507,"nonpositive_curvature","noisy_objective",520,"layered","",1,22716.586,FALSE,1.027331,1.027331,"d+ lp- dl+ ll- w+"
"layered_port","constrained","test","eqmean","equal_intercepts_residuals",25,13,"x100","lambda0.25",429184308,1.011715,"nonpositive_curvature","singular_convergence",757,"layered","",1,94414.802,FALSE,0.92772816,0.92772816,"d+ lp- dl+ ll- w+"
"layered_port","constrained","test","eqmean","equal_intercepts_residuals",25,13,"x100","lambda1",429184308,1.103446,"nonpositive_curvature","singular_convergence",645,"layered","",1,51634.576,FALSE,1.027331,1.027331,"d+ lp- dl+ ll- w+"
"layered_port","constrained","test","eqmean","equal_intercepts_residuals",25,28,"native","lambda1",429184444,1.1818493,"nonpositive_curvature","noisy_objective",215,"layered","",1,2.9955527,FALSE,1.135338,1.135338,"d+ lp- dl- ll+ w+"
"layered_port","constrained","test","eqmean","equal_intercepts_residuals",25,30,"native","lambda0.25",429184567,0.97398458,"available","singular_convergence",858,"layered","",1,46748.234,TRUE,0.91316926,0.91316926,"d+ lp- dl+ ll- w+"
"layered_port","constrained","test","eqmean","equal_intercepts_residuals",25,30,"native","lambda1",429184567,1.13565,"nonpositive_curvature","noisy_objective",352,"layered","",1,2.1649758,FALSE,0.97795223,0.97795223,"d+ lp- dl+ ll- w+"
"layered_port","constrained","test","eqmean","equal_intercepts_residuals",25,30,"x100","lambda0.25",429184567,0.97400106,"available","noisy_objective",657,"layered","",1,7161.0383,TRUE,0.91316926,0.91316926,"d+ lp- dl+ ll- w+"
"layered_port","constrained","test","eqmean","equal_intercepts_residuals",25,30,"x100","lambda1",429184567,1.13565,"nonpositive_curvature","noisy_objective",306,"layered","",1,2.1648884,FALSE,0.97795223,0.97795223,"d+ lp- dl+ ll- w+"
"layered_port","constrained","test","eqmean","equal_intercepts_residuals",25,36,"native","lambda0.25",429184573,0.71531978,"nonpositive_curvature","singular_convergence",781,"layered","",1,119012.59,FALSE,0.7027573,0.7027573,"d+ lp- dl+ ll- w+"
"layered_port","constrained","test","eqmean","equal_intercepts_residuals",25,36,"native","lambda1",429184573,0.80871792,"available","singular_convergence",794,"layered","",1,50841.017,FALSE,0.80056116,0.80056116,"d+ lp- dl+ ll- w+"
"layered_port","constrained","test","eqmean","equal_intercepts_residuals",25,36,"x0.01","lambda1",429184573,0.80873008,"available","singular_convergence",774,"layered","",1,48326.478,FALSE,0.80056116,0.80056116,"d+ lp- dl- ll- w+"
"layered_port","constrained","test","eqmean","equal_intercepts_residuals",25,36,"x100","lambda0.25",429184573,0.71530857,"nonpositive_curvature","singular_convergence",732,"layered","",1,118812.86,FALSE,0.7027573,0.7027573,"d+ lp- dl+ ll- w+"
"layered_port","constrained","test","eqmean","equal_intercepts_residuals",25,36,"x100","lambda1",429184573,0.80872499,"available","noisy_objective",732,"layered","",1,35571.618,FALSE,0.80056116,0.80056116,"d+ lp- dl+ ll- w+"
"layered_port","constrained","test","eqmean","equal_intercepts_residuals",25,37,"native","lambda0.25",429184574,0.98764062,"nonpositive_curvature","singular_convergence",621,"layered","",1,59833.121,FALSE,0.93854921,0.93854921,"d+ lp- dl+ ll- w+"
"layered_port","constrained","test","eqmean","equal_intercepts_residuals",25,37,"native","lambda1",429184574,1.0633458,"available","singular_convergence",602,"layered","",1,50238.099,FALSE,1.0172434,1.0172434,"d+ lp- dl+ ll- w+"
"layered_port","constrained","test","eqmean","equal_intercepts_residuals",25,37,"x100","lambda0.25",429184574,0.98764141,"available","singular_convergence",645,"layered","",1,52244.228,FALSE,0.93854921,0.93854921,"d+ lp- dl+ ll- w+"
"layered_port","constrained","test","eqmean","equal_intercepts_residuals",25,37,"x100","lambda1",429184574,1.063358,"nonpositive_curvature","noisy_objective",401,"layered","",1,7655.8917,FALSE,1.0172434,1.0172434,"d+ lp- dl+ ll- w+"
"layered_port","constrained","test","eqmean","equal_intercepts_residuals",25,39,"native","lambda0.25",429184576,0.92448476,"available","singular_convergence",915,"layered","",1,78129.711,FALSE,0.90744499,0.90744499,"d+ lp- dl+ ll- w+"
"layered_port","constrained","test","eqmean","equal_intercepts_residuals",25,39,"native","lambda1",429184576,1.0241125,"available","noisy_objective",642,"layered","",1,14076.67,TRUE,1.0088072,1.0088072,"d+ lp- dl+ ll- w+"
"layered_port","constrained","test","eqmean","equal_intercepts_residuals",25,39,"x100","lambda0.25",429184576,0.92448407,"available","noisy_objective",681,"layered","",1,19100.636,FALSE,0.90744499,0.90744499,"d+ lp- dl+ ll- w+"
"layered_port","constrained","test","eqmean","equal_intercepts_residuals",25,39,"x100","lambda1",429184576,1.0241089,"available","singular_convergence",806,"layered","",1,35611.929,TRUE,1.0088072,1.0088072,"d+ lp- dl+ ll- w+"
"layered_port","constrained","test","eqmean","equal_intercepts_residuals",25,4,"native","lambda0.25",1052428526,0.79991292,"nonpositive_curvature","noisy_objective",458,"layered","",1,13724.324,FALSE,0.66230976,0.66230976,"d+ lp- dl+ ll- w+"
"layered_port","constrained","test","eqmean","equal_intercepts_residuals",25,4,"native","lambda1",1052428526,0.89358062,"nonpositive_curvature","noisy_objective",245,"layered","",1,1.8783251,FALSE,0.73992905,0.73992905,"d+ lp- dl+ ll- w+"
"layered_port","constrained","test","eqmean","equal_intercepts_residuals",25,4,"x100","lambda0.25",1052428526,0.79968643,"nonpositive_curvature","singular_convergence",675,"layered","",1,97736.015,FALSE,0.66230976,0.66230976,"d+ lp- dl+ ll- w+"
"layered_port","constrained","test","eqmean","equal_intercepts_residuals",25,4,"x100","lambda1",1052428526,0.89358073,"nonpositive_curvature","noisy_objective",240,"layered","",1,1.8781683,FALSE,0.73992905,0.73992905,"d+ lp- dl+ ll- w+"
"layered_port","constrained","test","eqmean","equal_intercepts_residuals",25,42,"native","lambda0.25",429184700,0.94507842,"available","noisy_objective",912,"layered","",1,9557.5249,TRUE,0.94481051,0.94481051,"d+ lp- dl+ ll- w+"
"layered_port","constrained","test","eqmean","equal_intercepts_residuals",25,42,"native","lambda1",429184700,1.0048606,"available","noisy_objective",725,"layered","",1,5590.8885,TRUE,1.0046431,1.0046431,"d+ lp- dl+ ll- w+"
"layered_port","constrained","test","eqmean","equal_intercepts_residuals",25,42,"x100","lambda0.25",429184700,0.94508165,"available","noisy_objective",533,"layered","",1,2096.2873,TRUE,0.94481051,0.94481051,"d+ lp- dl+ ll- w+"
"layered_port","constrained","test","eqmean","equal_intercepts_residuals",25,42,"x100","lambda1",429184700,1.0048603,"available","noisy_objective",837,"layered","",1,6958.7203,TRUE,1.0046431,1.0046431,"d+ lp- dl+ ll- w+"
"layered_port","constrained","test","eqmean","equal_intercepts_residuals",25,47,"native","lambda0.25",429184705,0.97020957,"nonpositive_curvature","singular_convergence",654,"layered","",1,66072.734,FALSE,0.68179424,0.68179424,"d+ lp- dl+ ll- w+"
"layered_port","constrained","test","eqmean","equal_intercepts_residuals",25,47,"native","lambda1",429184705,1.13659,"nonpositive_curvature","converged",156,"layered","",1,2.0097263,FALSE,0.78923929,0.78923929,"d+ lp- dl+ ll- w+"
"layered_port","constrained","test","eqmean","equal_intercepts_residuals",25,47,"x0.01","lambda0.25",429184705,0.97020324,"nonpositive_curvature","singular_convergence",727,"layered","",1,115347.68,FALSE,0.68179424,0.68179424,"d+ lp- dl+ ll- w+"
"layered_port","constrained","test","eqmean","equal_intercepts_residuals",25,47,"x0.01","lambda1",429184705,1.1365898,"nonpositive_curvature","converged",191,"layered","",1,2.0097314,FALSE,0.78923929,0.78923929,"d+ lp- dl+ ll- w+"
"layered_port","constrained","test","eqmean","equal_intercepts_residuals",25,47,"x100","lambda0.25",429184705,0.9702073,"nonpositive_curvature","singular_convergence",663,"layered","",1,65271.717,FALSE,0.68179424,0.68179424,"d+ lp- dl+ ll- w+"
"layered_port","constrained","test","eqmean","equal_intercepts_residuals",25,47,"x100","lambda1",429184705,1.1365898,"nonpositive_curvature","converged",199,"layered","",1,2.009642,FALSE,0.78923929,0.78923929,"d+ lp- dl+ ll- w+"
"layered_port","constrained","test","eqmean","equal_intercepts_residuals",25,52,"native","lambda0.25",429184831,0.85398634,"available","singular_convergence",928,"layered","",1,37183.101,FALSE,0.84055615,0.84055615,"d+ lp- dl+ ll- w+"
"layered_port","constrained","test","eqmean","equal_intercepts_residuals",25,52,"native","lambda1",429184831,0.95728591,"available","singular_convergence",982,"layered","",1,51864.548,TRUE,0.94289054,0.94289054,"d+ lp- dl+ ll- w+"
"layered_port","constrained","test","eqmean","equal_intercepts_residuals",25,52,"x100","lambda0.25",429184831,0.85398929,"available","singular_convergence",955,"layered","",1,38381.587,FALSE,0.84055615,0.84055615,"d+ lp- dl+ ll- w+"
"layered_port","constrained","test","eqmean","equal_intercepts_residuals",25,52,"x100","lambda1",429184831,0.95729898,"available","noisy_objective",651,"layered","",1,5808.9771,TRUE,0.94289054,0.94289054,"d+ lp- dl+ ll- w+"
"layered_port","constrained","test","eqmean","equal_intercepts_residuals",25,61,"native","lambda0.25",429184961,0.91493771,"available","noisy_objective",763,"layered","",1,6604.1115,TRUE,0.83680915,0.83680915,"d+ lp- dl+ ll- w+"
"layered_port","constrained","test","eqmean","equal_intercepts_residuals",25,61,"x100","lambda0.25",429184961,0.91511425,"available","converged",496,"layered","",1,508.49776,FALSE,0.83680915,0.83680915,"d+ lp- dl+ ll- w+"
"layered_port","constrained","test","eqmean","equal_intercepts_residuals",25,73,"native","lambda0.25",429185094,1.6139755,"nonpositive_curvature","singular_convergence",1047,"layered","",1,267854.01,FALSE,1.154021,1.154021,"d+ lp- dl+ ll- w+"
"layered_port","constrained","test","eqmean","equal_intercepts_residuals",25,73,"native","lambda1",429185094,1.6872787,"nonpositive_curvature","converged",488,"layered","",1,13376.823,FALSE,1.2556136,1.2556136,"d+ lp- dl+ ll+ w+"
"layered_port","constrained","test","eqmean","equal_intercepts_residuals",25,73,"x0.01","lambda0.25",429185094,1.614625,"nonpositive_curvature","noisy_objective",883,"layered","",1,26198.201,FALSE,1.154021,1.154021,"d+ lp- dl+ ll- w+"
"layered_port","constrained","test","eqmean","equal_intercepts_residuals",25,73,"x0.01","lambda1",429185094,1.689634,"nonpositive_curvature","converged",483,"layered","",1,3732.1582,FALSE,1.2556136,1.2556136,"d+ lp- dl+ ll+ w+"
"layered_port","constrained","test","eqmean","equal_intercepts_residuals",25,73,"x100","lambda0.25",429185094,1.6140026,"available","singular_convergence",1130,"layered","",1,298845.52,FALSE,1.154021,1.154021,"d+ lp- dl+ ll- w+"
"layered_port","constrained","test","eqmean","equal_intercepts_residuals",25,73,"x100","lambda1",429185094,1.3301715,"nonpositive_curvature","converged",397,"layered","",1,7008.3786,FALSE,1.2556136,1.2556136,"d+ lp- dl+ ll+ w+"
"layered_port","constrained","test","eqmean","equal_intercepts_residuals",25,76,"native","lambda0.25",429185097,0.86615149,"available","noisy_objective",440,"layered","",1,9672.3027,FALSE,0.78501594,0.78501594,"d+ lp- dl+ ll- w+"
"layered_port","constrained","test","eqmean","equal_intercepts_residuals",25,76,"x100","lambda0.25",429185097,0.86613619,"available","singular_convergence",620,"layered","",1,55643.339,FALSE,0.78501594,0.78501594,"d+ lp- dl+ ll- w+"
"layered_port","constrained","test","eqmean","equal_intercepts_residuals",25,77,"x0.01","lambda0.25",429185098,1.0086732,"available","noisy_objective",597,"layered","",1,7436.0988,TRUE,1.0059145,1.0059145,"d+ lp- dl+ ll- w-"
"layered_port","constrained","test","eqmean","equal_intercepts_residuals",25,77,"x0.01","lambda1",429185098,1.0748643,"available","singular_convergence",676,"layered","",1,7117.8817,TRUE,1.0716222,1.0716222,"d+ lp- dl- ll- w-"
"layered_port","constrained","test","eqmean","equal_intercepts_residuals",25,78,"native","lambda0.25",429185099,0.92480238,"nonpositive_curvature","singular_convergence",831,"layered","",1,84795.686,FALSE,0.84495816,0.84495816,"d+ lp- dl+ ll- w+"
"layered_port","constrained","test","eqmean","equal_intercepts_residuals",25,78,"native","lambda1",429185099,1.07363,"nonpositive_curvature","converged",150,"layered","",1,1.2275852,FALSE,0.93791609,0.93791609,"d+ lp- dl+ ll- w+"
"layered_port","constrained","test","eqmean","equal_intercepts_residuals",25,78,"x100","lambda0.25",429185099,0.92487556,"nonpositive_curvature","noisy_objective",765,"layered","",1,43234.797,FALSE,0.84495816,0.84495816,"d+ lp- dl+ ll- w+"
"layered_port","constrained","test","eqmean","equal_intercepts_residuals",25,78,"x100","lambda1",429185099,1.0736299,"nonpositive_curvature","converged",229,"layered","",1,1.2275727,FALSE,0.93791609,0.93791609,"d+ lp- dl+ ll- w+"
"layered_port","constrained","test","eqmean","equal_intercepts_residuals",25,79,"native","lambda0.25",429185100,0.80316103,"nonpositive_curvature","converged",392,"layered","",1,2.8629747,FALSE,0.76192167,0.76192167,"d+ lp- dl+ ll- w+"
"layered_port","constrained","test","eqmean","equal_intercepts_residuals",25,79,"x100","lambda0.25",429185100,0.80316106,"nonpositive_curvature","noisy_objective",425,"layered","",1,2.8630946,FALSE,0.76192167,0.76192167,"d+ lp- dl+ ll- w+"
"layered_port","constrained","test","eqmean","equal_intercepts_residuals",25,8,"native","lambda0.25",1052428530,1.0628161,"available","noisy_objective",780,"layered","",1,11701.452,TRUE,1.0451573,1.0451573,"d+ lp- dl+ ll- w+"
"layered_port","constrained","test","eqmean","equal_intercepts_residuals",25,8,"native","lambda1",1052428530,1.2138211,"nonpositive_curvature","converged",204,"layered","",1,1.9918072,FALSE,1.1402357,1.1402357,"d+ lp- dl+ ll- w+"
"layered_port","constrained","test","eqmean","equal_intercepts_residuals",25,8,"x100","lambda1",1052428530,1.2138211,"nonpositive_curvature","converged",156,"layered","",1,1.991764,FALSE,1.1402357,1.1402357,"d+ lp- dl- ll- w+"
"layered_port","constrained","test","eqmean","equal_intercepts_residuals",25,87,"native","lambda0.25",429185229,1.3407025,"available","singular_convergence",807,"layered","",1,27173.501,FALSE,1.3123265,1.3123265,"d+ lp- dl+ ll- w+"
"layered_port","constrained","test","eqmean","equal_intercepts_residuals",25,87,"native","lambda1",429185229,1.460826,"available","singular_convergence",758,"layered","",1,29617.155,FALSE,1.4334203,1.4334203,"d+ lp- dl+ ll- w+"
"layered_port","constrained","test","eqmean","equal_intercepts_residuals",25,87,"x100","lambda0.25",429185229,1.3407115,"available","singular_convergence",922,"layered","",1,32813.356,FALSE,1.3123265,1.3123265,"d+ lp- dl+ ll- w+"
"layered_port","constrained","test","eqmean","equal_intercepts_residuals",25,87,"x100","lambda1",429185229,1.4608263,"available","noisy_objective",599,"layered","",1,13498.186,FALSE,1.4334203,1.4334203,"d+ lp- dl+ ll- w+"
"layered_port","constrained","test","eqmean","equal_intercepts_residuals",25,90,"native","lambda0.25",429185353,0.60409458,"available","noisy_objective",542,"layered","",1,2901.4365,TRUE,0.60253418,0.60253418,"d+ lp- dl+ ll- w+"
"layered_port","constrained","test","eqmean","equal_intercepts_residuals",25,90,"x100","lambda0.25",429185353,0.60408773,"available","singular_convergence",960,"layered","",1,19794.779,TRUE,0.60253418,0.60253418,"d+ lp- dl+ ll- w+"
"layered_port","constrained","test","eqmean","equal_intercepts_residuals",25,96,"native","lambda0.25",429185359,0.74152803,"nonpositive_curvature","singular_convergence",688,"layered","",1,29535.326,FALSE,0.71780153,0.71780153,"d+ lp- dl+ ll- w+"
"layered_port","constrained","test","eqmean","equal_intercepts_residuals",25,96,"x100","lambda0.25",429185359,0.74152876,"available","noisy_objective",684,"layered","",1,19745.86,FALSE,0.71780153,0.71780153,"d+ lp- dl+ ll- w+"
"layered_port","constrained","test","eqmean","equal_intercepts_residuals",25,97,"native","lambda0.25",429185360,0.90959295,"nonpositive_curvature","converged",232,"layered","",1,1.210868,FALSE,0.83888604,0.83888604,"d+ lp- dl+ ll- w+"
"layered_port","constrained","test","eqmean","equal_intercepts_residuals",25,97,"x100","lambda0.25",429185360,0.90959295,"nonpositive_curvature","converged",245,"layered","",1,1.2108836,FALSE,0.83888604,0.83888604,"d+ lp- dl+ ll- w+"
"layered_port","constrained","test","eqmean","equal_intercepts_residuals",25,99,"native","lambda0.25",429185362,0.73747522,"available","singular_convergence",1121,"layered","",1,8691.2177,TRUE,0.737446,0.737446,"d+ lp- dl- ll- w+"
"layered_port","constrained","test","eqmean","equal_intercepts_residuals",25,99,"native","lambda1",429185362,0.8246833,"available","noisy_objective",636,"layered","",1,2865.7539,TRUE,0.82451681,0.82451681,"d+ lp- dl+ ll- w+"
"layered_port","constrained","test","eqmean","equal_intercepts_residuals",25,99,"x100","lambda0.25",429185362,0.73747526,"available","singular_convergence",1121,"layered","",1,7947.6862,TRUE,0.737446,0.737446,"d+ lp- dl- ll- w+"
"layered_port","constrained","test","eqmean","equal_intercepts_residuals",25,99,"x100","lambda1",429185362,0.82468148,"available","singular_convergence",1061,"layered","",1,11971.997,TRUE,0.82451681,0.82451681,"d+ lp- dl+ ll- w+"
"layered_port","constrained","test","eqmean","equal_intercepts",100,40,"native","lambda0.25",969202027,0.1557674,"nonpositive_curvature","noisy_objective",616,"layered","",1,7069.6388,FALSE,0.13239419,0.13239419,"d+ lp- dl+ ll- w+"
"layered_port","constrained","test","eqmean","equal_intercepts",100,40,"native","lambda1",969202027,0.19293267,"nonpositive_curvature","noisy_objective",249,"layered","",1,2.9189925,FALSE,0.15041572,0.15041572,"d+ lp- dl+ ll- w+"
"layered_port","constrained","test","eqmean","equal_intercepts",100,40,"x100","lambda0.25",969202027,0.15576999,"nonpositive_curvature","singular_convergence",1110,"layered","",1,52602.351,FALSE,0.13239419,0.13239419,"d+ lp- dl+ ll- w+"
"layered_port","constrained","test","eqmean","equal_intercepts",100,40,"x100","lambda1",969202027,0.19293267,"nonpositive_curvature","noisy_objective",254,"layered","",1,2.9188952,FALSE,0.15041572,0.15041572,"d+ lp- dl+ ll- w+"
"layered_port","constrained","test","eqmean","equal_intercepts",100,47,"native","lambda0.25",969202034,0.16320052,"available","singular_convergence",790,"layered","",1,28831.812,TRUE,0.16164662,0.16164662,"d+ lp- dl+ ll- w+"
"layered_port","constrained","test","eqmean","equal_intercepts",100,47,"native","lambda1",969202034,0.19027381,"available","singular_convergence",811,"layered","",1,42331.094,TRUE,0.18765729,0.18765729,"d+ lp- dl+ ll- w+"
"layered_port","constrained","test","eqmean","equal_intercepts",100,47,"x100","lambda0.25",969202034,0.1632005,"available","singular_convergence",740,"layered","",1,30785.4,TRUE,0.16164662,0.16164662,"d+ lp- dl+ ll- w+"
"layered_port","constrained","test","eqmean","equal_intercepts",100,47,"x100","lambda1",969202034,0.19027389,"available","singular_convergence",805,"layered","",1,34607.317,TRUE,0.18765729,0.18765729,"d+ lp- dl+ ll- w+"
"layered_port","constrained","test","eqmean","equal_intercepts",100,50,"native","lambda0.25",969202158,0.17782933,"available","noisy_objective",666,"layered","",1,9898.0075,FALSE,0.16411116,0.16411116,"d+ lp- dl+ ll- w+"
"layered_port","constrained","test","eqmean","equal_intercepts",100,50,"native","lambda1",969202158,0.20288019,"available","noisy_objective",561,"layered","",1,11665.872,TRUE,0.19045967,0.19045967,"d+ lp- dl+ ll- w+"
"layered_port","constrained","test","eqmean","equal_intercepts",100,50,"x0.01","lambda0.25",969202158,0.17782614,"available","noisy_objective",1153,"layered","",1,82574.126,FALSE,0.16411116,0.16411116,"d+ lp- dl- ll- w+"
"layered_port","constrained","test","eqmean","equal_intercepts",100,50,"x0.01","lambda1",969202158,0.20287896,"available","noisy_objective",606,"layered","",1,14474.781,TRUE,0.19045967,0.19045967,"d+ lp- dl- ll- w+"
"layered_port","constrained","test","eqmean","equal_intercepts",100,50,"x100","lambda0.25",969202158,0.17781981,"available","noisy_objective",832,"layered","",1,32890.137,TRUE,0.16411116,0.16411116,"d+ lp- dl+ ll- w+"
"layered_port","constrained","test","eqmean","equal_intercepts",100,50,"x100","lambda1",969202158,0.20287883,"available","noisy_objective",657,"layered","",1,14890.526,TRUE,0.19045967,0.19045967,"d+ lp- dl+ ll- w+"
"layered_port","constrained","test","eqmean","equal_intercepts",100,72,"native","lambda0.25",969202422,0.2592068,"available","noisy_objective",555,"layered","",1,18518.947,FALSE,0.23698454,0.23698454,"d+ lp- dl+ ll- w+"
"layered_port","constrained","test","eqmean","equal_intercepts",100,72,"native","lambda1",969202422,0.28642281,"nonpositive_curvature","noisy_objective",520,"layered","",1,10503.774,FALSE,0.26379069,0.26379069,"d+ lp- dl+ ll- w+"
"layered_port","constrained","test","eqmean","equal_intercepts",100,72,"x100","lambda0.25",969202422,0.25934331,"nonpositive_curvature","noisy_objective",1045,"layered","",1,151280.91,FALSE,0.23698454,0.23698454,"d+ lp- dl+ ll- w+"
"layered_port","constrained","test","eqmean","equal_intercepts",100,72,"x100","lambda1",969202422,0.28536809,"available","singular_convergence",961,"layered","",1,154486.3,FALSE,0.26379069,0.26379069,"d+ lp- dl+ ll- w+"
"layered_port","constrained","test","eqmean","equal_intercepts",100,73,"native","lambda0.25",969202423,0.22904058,"nonpositive_curvature","converged",260,"layered","",1,1.4439904,FALSE,0.17016434,0.17016434,"d+ lp- dl+ ll- w+"
"layered_port","constrained","test","eqmean","equal_intercepts",100,73,"native","lambda1",969202423,0.2418203,"nonpositive_curvature","noisy_objective",230,"layered","",1,1.3349695,FALSE,0.18811667,0.18811667,"d+ lp- dl+ ll- w+"
"layered_port","constrained","test","eqmean","equal_intercepts",100,73,"x100","lambda0.25",969202423,0.22904058,"nonpositive_curvature","converged",202,"layered","",1,1.4440266,FALSE,0.17016434,0.17016434,"d+ lp- dl+ ll- w+"
"layered_port","constrained","test","eqmean","equal_intercepts",100,73,"x100","lambda1",969202423,0.24182,"nonpositive_curvature","converged",301,"layered","",1,1.3352847,FALSE,0.18811667,0.18811667,"d+ lp- dl+ ll- w+"
"layered_port","constrained","test","eqmean","equal_intercepts",25,100,"native","lambda0.25",388569649,0.43881795,"available","singular_convergence",1144,"layered","",1,5604.801,TRUE,0.43880946,0.43880946,"d+ lp- dl- ll- w+"
"layered_port","constrained","test","eqmean","equal_intercepts",25,100,"native","lambda1",388569649,0.54207305,"available","noisy_objective",488,"layered","",1,2882.903,FALSE,0.54086373,0.54086373,"d+ lp- dl+ ll+ w+"
"layered_port","constrained","test","eqmean","equal_intercepts",25,100,"x100","lambda0.25",388569649,0.43881794,"available","singular_convergence",1163,"layered","",1,5532.3081,TRUE,0.43880946,0.43880946,"d+ lp- dl- ll- w+"
"layered_port","constrained","test","eqmean","equal_intercepts",25,100,"x100","lambda1",388569649,0.54207458,"available","singular_convergence",840,"layered","",1,23279.722,FALSE,0.54086373,0.54086373,"d+ lp- dl+ ll+ w+"
"layered_port","constrained","test","eqmean","equal_intercepts",25,13,"native","lambda0.25",429184308,0.85234138,"nonpositive_curvature","noisy_objective",494,"layered","",1,19918.066,FALSE,0.76275991,0.76275991,"d+ lp- dl+ ll- w+"
"layered_port","constrained","test","eqmean","equal_intercepts",25,13,"native","lambda1",429184308,0.98959728,"nonpositive_curvature","singular_convergence",759,"layered","",1,101344.53,FALSE,0.90242982,0.90242982,"d+ lp- dl+ ll- w+"
"layered_port","constrained","test","eqmean","equal_intercepts",25,13,"x0.01","lambda0.25",429184308,0.85234048,"nonpositive_curvature","noisy_objective",557,"layered","",1,23390.812,FALSE,0.76276167,0.76275991,"d+ lp- dl+ ll- w+"
"layered_port","constrained","test","eqmean","equal_intercepts",25,13,"x100","lambda0.25",429184308,0.85231892,"nonpositive_curvature","noisy_objective",529,"layered","",1,24413.786,FALSE,0.76275991,0.76275991,"d+ lp- dl+ ll- w+"
"layered_port","constrained","test","eqmean","equal_intercepts",25,13,"x100","lambda1",429184308,0.9896113,"nonpositive_curvature","singular_convergence",880,"layered","",1,186439,FALSE,0.90242982,0.90242982,"d+ lp- dl+ ll- w+"
"layered_port","constrained","test","eqmean","equal_intercepts",25,20,"native","lambda1",429184436,0.9643781,"nonpositive_curvature","converged",164,"layered","",1,1.4687659,FALSE,0.81972316,0.81972316,"d+ lp- dl+ ll- w+"
"layered_port","constrained","test","eqmean","equal_intercepts",25,20,"x100","lambda1",429184436,0.96437788,"nonpositive_curvature","converged",247,"layered","",1,1.4576804,FALSE,0.81972316,0.81972316,"d+ lp- dl+ ll- w+"
"layered_port","constrained","test","eqmean","equal_intercepts",25,30,"native","lambda0.25",429184567,0.90189803,"nonpositive_curvature","converged",417,"layered","",1,5.4833528,FALSE,0.7841123,0.772806,"d+ lp- dl+ ll- w+"
"layered_port","constrained","test","eqmean","equal_intercepts",25,30,"native","lambda1",429184567,1.0760986,"nonpositive_curvature","noisy_objective",319,"layered","",1,1.7668146,FALSE,0.8731179,0.8731179,"d+ lp- dl+ ll- w+"
"layered_port","constrained","test","eqmean","equal_intercepts",25,30,"x100","lambda0.25",429184567,0.90189803,"nonpositive_curvature","noisy_objective",402,"layered","",1,5.4859567,FALSE,0.7841123,0.772806,"d+ lp- dl+ ll- w+"
"layered_port","constrained","test","eqmean","equal_intercepts",25,30,"x100","lambda1",429184567,1.0760976,"nonpositive_curvature","noisy_objective",381,"layered","",1,1.7679585,FALSE,0.8731179,0.8731179,"d+ lp- dl+ ll- w+"
"layered_port","constrained","test","eqmean","equal_intercepts",25,32,"native","lambda0.25",429184569,0.70892398,"available","budget_exhausted",1229,"layered","",1,114757.1,FALSE,0.62732747,0.62732747,"d+ lp- dl- ll- w+"
"layered_port","constrained","test","eqmean","equal_intercepts",25,32,"native","lambda1",429184569,1.2254925,"nonpositive_curvature","converged",319,"layered","",1,2.1679,FALSE,0.795332,0.795332,"d+ lp- dl- ll- w+"
"layered_port","constrained","test","eqmean","equal_intercepts",25,32,"x0.01","lambda0.25",429184569,0.70891042,"available","budget_exhausted",1257,"layered","",1,162887.95,FALSE,0.62732747,0.62732747,"d+ lp- dl- ll- w+"
"layered_port","constrained","test","eqmean","equal_intercepts",25,32,"x100","lambda0.25",429184569,0.70894597,"available","budget_exhausted",1289,"layered","",1,100552.36,FALSE,0.62732747,0.62732747,"d+ lp- dl+ ll- w+"
"layered_port","constrained","test","eqmean","equal_intercepts",25,32,"x100","lambda1",429184569,1.2254925,"nonpositive_curvature","converged",331,"layered","",1,2.1681779,FALSE,0.795332,0.795332,"d+ lp- dl- ll- w+"
"layered_port","constrained","test","eqmean","equal_intercepts",25,36,"native","lambda0.25",429184573,0.70860498,"nonpositive_curvature","converged",220,"layered","",1,1.6070707,FALSE,0.57170328,0.57170328,"d+ lp- dl+ ll- w+"
"layered_port","constrained","test","eqmean","equal_intercepts",25,36,"native","lambda1",429184573,0.78285023,"nonpositive_curvature","converged",206,"layered","",1,1.5920311,FALSE,0.68865615,0.68865615,"d+ lp- dl+ ll- w+"
"layered_port","constrained","test","eqmean","equal_intercepts",25,36,"x0.01","lambda0.25",429184573,0.70860498,"nonpositive_curvature","converged",257,"layered","",1,1.6070738,FALSE,0.57170328,0.57170328,"d+ lp- dl+ ll- w+"
"layered_port","constrained","test","eqmean","equal_intercepts",25,36,"x100","lambda0.25",429184573,0.70860498,"nonpositive_curvature","converged",227,"layered","",1,1.6070756,FALSE,0.57170328,0.57170328,"d+ lp- dl+ ll- w+"
"layered_port","constrained","test","eqmean","equal_intercepts",25,36,"x100","lambda1",429184573,0.78285023,"nonpositive_curvature","noisy_objective",169,"layered","",1,1.5917251,FALSE,0.68865615,0.68865615,"d+ lp- dl+ ll- w+"
"layered_port","constrained","test","eqmean","equal_intercepts",25,37,"native","lambda0.25",429184574,0.91048662,"nonpositive_curvature","noisy_objective",529,"layered","",1,21343.478,FALSE,0.80835171,0.80835171,"d+ lp- dl+ ll- w+"
"layered_port","constrained","test","eqmean","equal_intercepts",25,37,"native","lambda1",429184574,1.0434534,"nonpositive_curvature","converged",265,"layered","",1,1.5107531,FALSE,0.91686885,0.91686885,"d+ lp- dl+ ll- w+"
"layered_port","constrained","test","eqmean","equal_intercepts",25,37,"x100","lambda0.25",429184574,0.91046946,"nonpositive_curvature","singular_convergence",745,"layered","",1,97355.728,FALSE,0.80835171,0.80835171,"d+ lp- dl+ ll- w+"
"layered_port","constrained","test","eqmean","equal_intercepts",25,37,"x100","lambda1",429184574,1.0434534,"nonpositive_curvature","converged",214,"layered","",1,1.5107419,FALSE,0.91686885,0.91686885,"d+ lp- dl+ ll- w+"
"layered_port","constrained","test","eqmean","equal_intercepts",25,39,"native","lambda0.25",429184576,0.80717891,"available","noisy_objective",821,"layered","",1,8918.8824,TRUE,0.79094231,0.79094231,"d+ lp- dl+ ll- w+"
"layered_port","constrained","test","eqmean","equal_intercepts",25,39,"native","lambda1",429184576,0.91337693,"available","singular_convergence",976,"layered","",1,13415.616,FALSE,0.90944963,0.90944963,"d+ lp- dl+ ll- w+"
"layered_port","constrained","test","eqmean","equal_intercepts",25,39,"x100","lambda0.25",429184576,0.80717722,"available","singular_convergence",960,"layered","",1,11087.067,TRUE,0.79094231,0.79094231,"d+ lp- dl+ ll- w+"
"layered_port","constrained","test","eqmean","equal_intercepts",25,39,"x100","lambda1",429184576,0.91337534,"available","singular_convergence",944,"layered","",1,13989.708,TRUE,0.90944963,0.90944963,"d+ lp- dl+ ll- w+"
"layered_port","constrained","test","eqmean","equal_intercepts",25,47,"native","lambda0.25",429184705,0.92286015,"nonpositive_curvature","noisy_objective",478,"layered","",1,16121.482,FALSE,0.60946561,0.60946561,"d+ lp- dl+ ll- w+"
"layered_port","constrained","test","eqmean","equal_intercepts",25,47,"native","lambda1",429184705,1.0680605,"nonpositive_curvature","converged",258,"layered","",1,1.3653724,FALSE,0.72121653,0.72121653,"d+ lp- dl+ ll- w+"
"layered_port","constrained","test","eqmean","equal_intercepts",25,47,"x0.01","lambda0.25",429184705,0.92291008,"nonpositive_curvature","noisy_objective",596,"layered","",1,33273.769,FALSE,0.60946561,0.60946561,"d+ lp- dl+ ll- w+"
"layered_port","constrained","test","eqmean","equal_intercepts",25,47,"x0.01","lambda1",429184705,1.0680605,"nonpositive_curvature","converged",213,"layered","",1,1.3653703,FALSE,0.72121653,0.72121653,"d+ lp- dl+ ll- w+"
"layered_port","constrained","test","eqmean","equal_intercepts",25,47,"x100","lambda0.25",429184705,0.92282626,"nonpositive_curvature","singular_convergence",785,"layered","",1,91914.528,FALSE,0.60946561,0.60946561,"d+ lp- dl+ ll- w+"
"layered_port","constrained","test","eqmean","equal_intercepts",25,47,"x100","lambda1",429184705,1.0680605,"nonpositive_curvature","noisy_objective",307,"layered","",1,1.3653814,FALSE,0.72121653,0.72121653,"d+ lp- dl+ ll- w+"
"layered_port","constrained","test","eqmean","equal_intercepts",25,52,"native","lambda0.25",429184831,0.74958048,"available","singular_convergence",1181,"layered","",1,63733.546,FALSE,0.72760562,0.72760562,"d+ lp- dl+ ll- w+"
"layered_port","constrained","test","eqmean","equal_intercepts",25,52,"x100","lambda0.25",429184831,0.74956202,"available","noisy_objective",1222,"layered","",1,55136.036,FALSE,0.72760562,0.72760562,"d+ lp- dl+ ll- w+"
"layered_port","constrained","test","eqmean","equal_intercepts",25,54,"native","lambda0.25",429184833,0.7978011,"available","budget_exhausted",1187,"layered","",1,37553.463,TRUE,0.78968063,0.78968063,"d+ lp- dl+ ll- w+"
"layered_port","constrained","test","eqmean","equal_intercepts",25,54,"x100","lambda0.25",429184833,0.79780119,"available","budget_exhausted",1182,"layered","",1,36827.884,TRUE,0.78968063,0.78968063,"d+ lp- dl+ ll- w+"
"layered_port","constrained","test","eqmean","equal_intercepts",25,61,"native","lambda0.25",429184961,0.71528095,"available","noisy_objective",1105,"layered","",1,68363.921,TRUE,0.66221176,0.66221176,"d+ lp- dl+ ll- w+"
"layered_port","constrained","test","eqmean","equal_intercepts",25,61,"x100","lambda0.25",429184961,0.71531105,"available","noisy_objective",618,"layered","",1,7162.906,TRUE,0.66221176,0.66221176,"d+ lp- dl+ ll- w+"
"layered_port","constrained","test","eqmean","equal_intercepts",25,64,"native","lambda0.25",429184964,0.60276485,"available","noisy_objective",929,"layered","",1,25448.813,TRUE,0.59260303,0.59260303,"d+ lp- dl+ ll- w+"
"layered_port","constrained","test","eqmean","equal_intercepts",25,64,"native","lambda1",429184964,0.69413018,"available","noisy_objective",714,"layered","",1,11516.268,TRUE,0.6898757,0.6898757,"d+ lp- dl+ ll- w+"
"layered_port","constrained","test","eqmean","equal_intercepts",25,64,"x100","lambda0.25",429184964,0.60276403,"available","noisy_objective",1016,"layered","",1,32137.721,TRUE,0.59260303,0.59260303,"d+ lp- dl+ ll- w+"
"layered_port","constrained","test","eqmean","equal_intercepts",25,64,"x100","lambda1",429184964,0.69413054,"available","noisy_objective",762,"layered","",1,11454.584,TRUE,0.6898757,0.6898757,"d+ lp- dl+ ll- w+"
"layered_port","constrained","test","eqmean","equal_intercepts",25,71,"native","lambda0.25",429185092,0.72652486,"available","singular_convergence",1013,"layered","",1,47214.221,TRUE,0.70458882,0.70458882,"d+ lp- dl+ ll- w+"
"layered_port","constrained","test","eqmean","equal_intercepts",25,71,"native","lambda1",429185092,0.85804415,"nonpositive_curvature","noisy_objective",237,"layered","",1,1.4799238,FALSE,0.80330861,0.80330861,"d+ lp- dl+ ll- w+"
"layered_port","constrained","test","eqmean","equal_intercepts",25,71,"x100","lambda0.25",429185092,0.72652564,"available","singular_convergence",1101,"layered","",1,53438.473,TRUE,0.70458882,0.70458882,"d+ lp- dl+ ll- w+"
"layered_port","constrained","test","eqmean","equal_intercepts",25,71,"x100","lambda1",429185092,0.85804411,"nonpositive_curvature","noisy_objective",307,"layered","",1,1.4797679,FALSE,0.80330861,0.80330861,"d+ lp- dl+ ll- w+"
"layered_port","constrained","test","eqmean","equal_intercepts",25,73,"native","lambda0.25",429185094,0.97129096,"available","noisy_objective",1157,"layered","",1,5241.509,TRUE,0.97107615,0.97107615,"d+ lp- dl- ll- w+"
"layered_port","constrained","test","eqmean","equal_intercepts",25,73,"x0.01","lambda0.25",429185094,0.97129034,"available","budget_exhausted",1238,"layered","",1,6307.3731,TRUE,0.97134576,0.97107615,"d+ lp- dl- ll- w+"
"layered_port","constrained","test","eqmean","equal_intercepts",25,73,"x100","lambda0.25",429185094,0.97129036,"available","budget_exhausted",1231,"layered","",1,6253.6126,TRUE,0.97107615,0.97107615,"d+ lp- dl- ll- w+"
"layered_port","constrained","test","eqmean","equal_intercepts",25,76,"native","lambda0.25",429185097,0.73576671,"available","noisy_objective",718,"layered","",1,28868.086,FALSE,0.6230913,0.6230913,"d+ lp- dl+ ll- w+"
"layered_port","constrained","test","eqmean","equal_intercepts",25,76,"x0.01","lambda0.25",429185097,0.73575917,"available","singular_convergence",1034,"layered","",1,102516.44,FALSE,0.6230913,0.6230913,"d+ lp- dl+ ll- w+"
"layered_port","constrained","test","eqmean","equal_intercepts",25,76,"x100","lambda0.25",429185097,0.7357593,"available","noisy_objective",816,"layered","",1,65069.734,FALSE,0.6230913,0.6230913,"d+ lp- dl+ ll- w+"
"layered_port","constrained","test","eqmean","equal_intercepts",25,77,"native","lambda1",429185098,0.89542988,"nonpositive_curvature","noisy_objective",553,"layered","",1,20157.091,FALSE,0.87991469,0.87991469,"d+ lp- dl- ll- w-"
"layered_port","constrained","test","eqmean","equal_intercepts",25,79,"native","lambda0.25",429185100,0.78121815,"nonpositive_curvature","noisy_objective",370,"layered","",1,2.5075887,FALSE,0.63458234,0.63458234,"d+ lp- dl+ ll- w+"
"layered_port","constrained","test","eqmean","equal_intercepts",25,79,"native","lambda1",429185100,0.79395675,"nonpositive_curvature","converged",274,"layered","",1,2.1327937,FALSE,0.723215,0.72213365,"d+ lp- dl+ ll- w+"
"layered_port","constrained","test","eqmean","equal_intercepts",25,79,"x100","lambda0.25",429185100,0.78123577,"nonpositive_curvature","noisy_objective",322,"layered","",1,2.6314508,FALSE,0.63458234,0.63458234,"d+ lp- dl+ ll- w+"
"layered_port","constrained","test","eqmean","equal_intercepts",25,79,"x100","lambda1",429185100,0.79395654,"nonpositive_curvature","noisy_objective",395,"layered","",1,2.1331246,FALSE,0.723215,0.72213365,"d+ lp- dl+ ll- w+"
"layered_port","constrained","test","eqmean","equal_intercepts",25,8,"native","lambda0.25",1052428530,1.1948365,"nonpositive_curvature","noisy_objective",266,"layered","",1,2.9105375,FALSE,0.86001827,0.86001827,"d+ lp- dl+ ll- w+"
"layered_port","constrained","test","eqmean","equal_intercepts",25,8,"native","lambda1",1052428530,1.0178164,"available","noisy_objective",813,"layered","",1,17360.469,FALSE,0.99045798,0.99045798,"d+ lp- dl+ ll- w+"
"layered_port","constrained","test","eqmean","equal_intercepts",25,8,"x100","lambda0.25",1052428530,1.1948366,"nonpositive_curvature","noisy_objective",256,"layered","",1,2.9104747,FALSE,0.86001827,0.86001827,"d+ lp- dl+ ll- w+"
"layered_port","constrained","test","eqmean","equal_intercepts",25,8,"x100","lambda1",1052428530,1.0177174,"available","noisy_objective",912,"layered","",1,19487.542,TRUE,0.99045798,0.99045798,"d+ lp- dl+ ll- w+"
"layered_port","constrained","test","eqmean","equal_intercepts",25,85,"native","lambda0.25",429185227,0.71782217,"available","noisy_objective",1259,"layered","",1,18239.908,TRUE,0.64727762,0.64727762,"d+ lp- dl+ ll- w+"
"layered_port","constrained","test","eqmean","equal_intercepts",25,85,"native","lambda1",429185227,0.84055568,"nonpositive_curvature","converged",223,"layered","",1,2.507299,FALSE,0.77971851,0.77971851,"d+ lp- dl+ ll- w+"
"layered_port","constrained","test","eqmean","equal_intercepts",25,85,"x100","lambda0.25",429185227,0.71782211,"available","budget_exhausted",1294,"layered","",1,19187.178,TRUE,0.64727762,0.64727762,"d+ lp- dl+ ll- w+"
"layered_port","constrained","test","eqmean","equal_intercepts",25,85,"x100","lambda1",429185227,0.84055568,"nonpositive_curvature","noisy_objective",300,"layered","",1,2.507232,FALSE,0.77971851,0.77971851,"d+ lp- dl+ ll- w+"
"layered_port","constrained","test","eqmean","equal_intercepts",25,87,"native","lambda0.25",429185229,0.98982277,"available","noisy_objective",897,"layered","",1,8792.7469,FALSE,0.96316951,0.96316951,"d+ lp- dl+ ll- w+"
"layered_port","constrained","test","eqmean","equal_intercepts",25,87,"native","lambda1",429185229,1.1709158,"available","converged",370,"layered","",1,1547.8696,FALSE,1.1441715,1.1441715,"d+ lp- dl+ ll- w+"
"layered_port","constrained","test","eqmean","equal_intercepts",25,87,"x100","lambda0.25",429185229,0.98972624,"available","budget_exhausted",1203,"layered","",1,35697.771,FALSE,0.96316951,0.96316951,"d+ lp- dl+ ll- w+"
"layered_port","constrained","test","eqmean","equal_intercepts",25,87,"x100","lambda1",429185229,1.1707884,"available","budget_exhausted",1189,"layered","",1,56195.805,TRUE,1.1441715,1.1441715,"d+ lp- dl+ ll- w+"
"layered_port","constrained","test","eqmean","equal_intercepts",25,90,"native","lambda0.25",429185353,0.43086615,"available","budget_exhausted",1227,"layered","",1,31486.885,FALSE,0.42648911,0.42648911,"d+ lp- dl+ ll- w+"
"layered_port","constrained","test","eqmean","equal_intercepts",25,90,"x100","lambda0.25",429185353,0.43087216,"available","noisy_objective",969,"layered","",1,12641.268,FALSE,0.42648911,0.42648911,"d+ lp- dl+ ll- w+"
"layered_port","constrained","test","eqmean","equal_intercepts",25,96,"native","lambda0.25",429185359,0.643059,"nonpositive_curvature","noisy_objective",974,"layered","",1,116751.6,FALSE,0.61565755,0.61565755,"d+ lp- dl+ ll- w+"
"layered_port","constrained","test","eqmean","equal_intercepts",25,96,"x100","lambda0.25",429185359,0.64315033,"available","noisy_objective",855,"layered","",1,69117.239,FALSE,0.61565755,0.61565755,"d+ lp- dl+ ll- w+"
"layered_port","constrained","test","eqmean","equal_intercepts",25,97,"native","lambda0.25",429185360,0.69655069,"available","budget_exhausted",1239,"layered","",1,14022.486,TRUE,0.7643629,0.7643629,"d+ lp- dl+ ll- w+"
"layered_port","constrained","test","eqmean","equal_intercepts",25,97,"x100","lambda0.25",429185360,0.69655059,"available","budget_exhausted",1244,"layered","",1,15079.988,TRUE,0.7643629,0.7643629,"d+ lp- dl+ ll- w+"
"layered_port","engineering15","test","high_r2","sem",25,10,"native","lambda0.25",1300470811,0.84112987,"nonpositive_curvature","noisy_objective",491,"layered","",1,1.3285795,FALSE,0.48949217,0.48949217,"d+ lp- dl+ ll- w+"
"layered_port","engineering15","test","high_r2","sem",25,10,"native","lambda1",1300470811,0.86841184,"nonpositive_curvature","noisy_objective",439,"layered","",1,1.3278542,FALSE,0.57315489,0.57315489,"d+ lp- dl+ ll- w+"
"layered_port","engineering15","test","high_r2","sem",25,10,"x0.01","lambda0.25",1300470811,0.84112987,"nonpositive_curvature","noisy_objective",391,"layered","",1,1.3285795,FALSE,0.48949217,0.48949217,"d+ lp- dl+ ll- w+"
"layered_port","engineering15","test","high_r2","sem",25,10,"x100","lambda0.25",1300470811,0.84112987,"nonpositive_curvature","noisy_objective",491,"layered","",1,1.3285795,FALSE,0.48949217,0.48949217,"d+ lp- dl+ ll- w+"
"layered_port","engineering15","test","high_r2","sem",25,10,"x100","lambda1",1300470811,0.86841184,"nonpositive_curvature","noisy_objective",439,"layered","",1,1.3278542,FALSE,0.57315489,0.57315489,"d+ lp- dl+ ll- w+"
"layered_port","engineering15","test","high_r2","sem",25,30,"native","lambda0.25",1300471073,0.70188782,"nonpositive_curvature","converged",178,"layered","",1,1.2940141,FALSE,0.20598209,0.20598209,"d+ lp- dl+ ll- w+"
"layered_port","engineering15","test","high_r2","sem",25,30,"native","lambda1",1300471073,0.73237928,"nonpositive_curvature","noisy_objective",210,"layered","",1,1.2893328,FALSE,0.29928804,0.29928804,"d+ lp- dl+ ll- w+"
"layered_port","engineering15","test","high_r2","sem",25,30,"x100","lambda0.25",1300471073,0.70188782,"nonpositive_curvature","noisy_objective",213,"layered","",1,1.2941112,FALSE,0.20598209,0.20598209,"d+ lp- dl+ ll- w+"
"layered_port","engineering15","test","high_r2","sem",25,30,"x100","lambda1",1300471073,0.73237928,"nonpositive_curvature","noisy_objective",198,"layered","",1,1.2893328,FALSE,0.29928804,0.29928804,"d+ lp- dl+ ll- w+"
"layered_port","engineering15","test","high_r2","sem",25,40,"native","lambda0.25",1300471204,0.23116536,"available","noisy_objective",986,"layered","",1,42478.424,FALSE,0.20976616,0.20976616,"d+ lp- dl+ ll- w+"
"layered_port","engineering15","test","high_r2","sem",25,40,"native","lambda1",1300471204,0.57824443,"nonpositive_curvature","noisy_objective",131,"layered","",1,2.3598626,FALSE,0.31563161,0.31563161,"d+ lp- dl+ ll- w+"
"layered_port","engineering15","test","high_r2","sem",25,40,"x0.01","lambda0.25",1300471204,0.2311638,"available","noisy_objective",746,"layered","",1,13492.7,FALSE,0.20976616,0.20976616,"d+ lp- dl- ll- w+"
"layered_port","engineering15","test","high_r2","sem",25,40,"x100","lambda0.25",1300471204,0.23117347,"available","noisy_objective",698,"layered","",1,11836.391,FALSE,0.20976616,0.20976616,"d+ lp- dl+ ll- w+"
"layered_port","engineering15","test","high_r2","sem",25,40,"x100","lambda1",1300471204,0.57824443,"nonpositive_curvature","noisy_objective",164,"layered","",1,2.3598626,FALSE,0.31563161,0.31563161,"d+ lp- dl+ ll- w+"
"layered_port","engineering15","test","high_r2","sem",25,41,"mixed","lambda1",1300471205,0.79145459,"nonpositive_curvature","noisy_objective",250,"layered","",1,1.3481956,FALSE,0.29958054,0.29958054,"d+ lp- dl+ ll- w+"
"layered_port","engineering15","test","high_r2","sem",25,41,"native","lambda0.25",1300471205,0.74214779,"nonpositive_curvature","converged",223,"layered","",1,1.3222045,FALSE,0.17788744,0.17788744,"d+ lp- dl+ ll- w+"
"layered_port","engineering15","test","high_r2","sem",25,41,"native","lambda1",1300471205,0.79145544,"nonpositive_curvature","noisy_objective",199,"layered","",1,1.3485913,FALSE,0.29958054,0.29958054,"d+ lp- dl+ ll- w+"
"layered_port","engineering15","test","high_r2","sem",25,41,"x0.01","lambda0.25",1300471205,0.74214779,"nonpositive_curvature","noisy_objective",254,"layered","",1,1.3222148,FALSE,0.17788744,0.17788744,"d+ lp- dl+ ll- w+"
"layered_port","engineering15","test","high_r2","sem",25,41,"x100","lambda0.25",1300471205,0.74214779,"nonpositive_curvature","converged",229,"layered","",1,1.3222015,FALSE,0.17788744,0.17788744,"d+ lp- dl+ ll- w+"
"layered_port","engineering15","test","high_r2","sem",25,41,"x100","lambda1",1300471205,0.79145459,"nonpositive_curvature","converged",153,"layered","",1,1.3482576,FALSE,0.29958054,0.29958054,"d+ lp- dl+ ll- w+"
"layered_port","engineering15","test","high_r2","sem",25,44,"native","lambda0.25",1300471208,0.60738163,"nonpositive_curvature","noisy_objective",100,"layered","",1,1.2199487,FALSE,0.28859481,0.28859481,"d+ lp- dl+ ll- w+"
"layered_port","engineering15","test","high_r2","sem",25,44,"native","lambda1",1300471208,0.72874333,"nonpositive_curvature","noisy_objective",207,"layered","",1,1.1595107,FALSE,0.41046129,0.41046129,"d+ lp- dl+ ll- w+"
"layered_port","engineering15","test","high_r2","sem",25,44,"x100","lambda0.25",1300471208,0.60738163,"nonpositive_curvature","noisy_objective",88,"layered","",1,1.2199487,FALSE,0.28859481,0.28859481,"d+ lp- dl+ ll- w+"
"layered_port","engineering15","test","high_r2","sem",25,44,"x100","lambda1",1300471208,0.72874333,"nonpositive_curvature","noisy_objective",169,"layered","",1,1.1595107,FALSE,0.41046129,0.41046129,"d+ lp- dl+ ll- w+"
"layered_port","engineering15","test","high_r2","sem",25,45,"native","lambda0.25",1300471209,0.41994277,"nonpositive_curvature","singular_convergence",907,"layered","",1,179285.44,FALSE,0.29155945,0.29155945,"d+ lp- dl+ ll- w+"
"layered_port","engineering15","test","high_r2","sem",25,45,"native","lambda1",1300471209,0.92750438,"nonpositive_curvature","noisy_objective",293,"layered","",1,1.5749338,FALSE,0.41769897,0.41769897,"d+ lp- dl+ ll- w+"
"layered_port","engineering15","test","high_r2","sem",25,45,"x100","lambda0.25",1300471209,0.41993499,"nonpositive_curvature","singular_convergence",815,"layered","",1,172375.38,FALSE,0.29155945,0.29155945,"d+ lp- dl+ ll- w+"
"layered_port","engineering15","test","high_r2","sem",25,45,"x100","lambda1",1300471209,0.92750438,"nonpositive_curvature","noisy_objective",261,"layered","",1,1.5749338,FALSE,0.41769897,0.41769897,"d+ lp- dl+ ll- w+"
"layered_port","engineering15","test","high_r2","sem",25,46,"native","lambda0.25",1300471210,0.25942451,"nonpositive_curvature","singular_convergence",1055,"layered","",1,206768.87,FALSE,0.13550581,0.13550581,"d+ lp- dl+ ll- w+"
"layered_port","engineering15","test","high_r2","sem",25,46,"native","lambda1",1300471210,0.52030541,"nonpositive_curvature","noisy_objective",147,"layered","",1,1.9341339,FALSE,0.22825073,0.22825073,"d+ lp- dl+ ll- w+"
"layered_port","engineering15","test","high_r2","sem",25,46,"x100","lambda0.25",1300471210,0.25942732,"nonpositive_curvature","noisy_objective",471,"layered","",1,14034.749,FALSE,0.13550581,0.13550581,"d+ lp- dl+ ll- w+"
"layered_port","engineering15","test","high_r2","sem",25,46,"x100","lambda1",1300471210,0.52030594,"nonpositive_curvature","noisy_objective",147,"layered","",1,1.9341049,FALSE,0.22825073,0.22825073,"d+ lp- dl+ ll- w+"
"layered_port","engineering15","test","high_r2","sem",25,52,"native","lambda0.25",1300471337,0.49283908,"nonpositive_curvature","converged",189,"layered","",1,2.3195518,FALSE,0.3168668,0.3168668,"d+ lp- dl+ ll- w+"
"layered_port","engineering15","test","high_r2","sem",25,52,"native","lambda1",1300471337,0.5210736,"nonpositive_curvature","noisy_objective",234,"layered","",1,1.9206335,FALSE,0.38594014,0.38594014,"d+ lp- dl+ ll- w+"
"layered_port","engineering15","test","high_r2","sem",25,52,"x100","lambda0.25",1300471337,0.49283908,"nonpositive_curvature","noisy_objective",300,"layered","",1,2.3195127,FALSE,0.3168668,0.3168668,"d+ lp- dl+ ll- w+"
"layered_port","engineering15","test","high_r2","sem",25,52,"x100","lambda1",1300471337,0.52107348,"nonpositive_curvature","noisy_objective",219,"layered","",1,1.920473,FALSE,0.38594014,0.38594014,"d+ lp- dl+ ll- w+"
"layered_port","engineering15","test","high_r2","sem",25,58,"native","lambda0.25",1300471343,0.56476161,"nonpositive_curvature","noisy_objective",475,"layered","",1,3.3036152,FALSE,0.1966905,0.1966905,"d+ lp- dl+ ll- w+"
"layered_port","engineering15","test","high_r2","sem",25,58,"native","lambda1",1300471343,0.58124985,"nonpositive_curvature","noisy_objective",493,"layered","",1,3.2009477,FALSE,0.28099634,0.28099634,"d+ lp- dl+ ll- w+"
"layered_port","engineering15","test","high_r2","sem",25,58,"x100","lambda0.25",1300471343,0.56476161,"nonpositive_curvature","noisy_objective",474,"layered","",1,3.3036152,FALSE,0.1966905,0.1966905,"d+ lp- dl+ ll- w+"
"layered_port","engineering15","test","high_r2","sem",25,58,"x100","lambda1",1300471343,0.58124985,"nonpositive_curvature","noisy_objective",543,"layered","",1,3.2009477,FALSE,0.28099634,0.28099634,"d+ lp- dl+ ll- w+"
"layered_port","engineering15","test","high_r2","sem",25,63,"native","lambda0.25",1300471469,0.20737555,"nonpositive_curvature","noisy_objective",739,"layered","",1,122057.75,FALSE,0.1015473,0.1015473,"d+ lp- dl+ ll- w+"
"layered_port","engineering15","test","high_r2","sem",25,63,"native","lambda1",1300471469,0.3532873,"nonpositive_curvature","noisy_objective",144,"layered","",1,1.6045801,FALSE,0.18576832,0.18576832,"d+ lp- dl+ ll- w+"
"layered_port","engineering15","test","high_r2","sem",25,63,"x100","lambda0.25",1300471469,0.20708833,"nonpositive_curvature","singular_convergence",1113,"layered","",1,296679.86,FALSE,0.1015473,0.1015473,"d+ lp- dl+ ll- w+"
"layered_port","engineering15","test","high_r2","sem",25,63,"x100","lambda1",1300471469,0.3532873,"nonpositive_curvature","noisy_objective",121,"layered","",1,1.6045801,FALSE,0.18576832,0.18576832,"d+ lp- dl+ ll- w+"
"layered_port","engineering15","test","high_r2","sem",25,73,"mixed","lambda0.25",1300471600,0.26806477,"nonpositive_curvature","singular_convergence",683,"layered","",1,227909.27,FALSE,0.16703266,0.16703266,"d+ lp- dl- ll- w+"
"layered_port","engineering15","test","high_r2","sem",25,73,"native","lambda0.25",1300471600,0.26805927,"nonpositive_curvature","singular_convergence",616,"layered","",1,172958.33,FALSE,0.16703266,0.16703266,"d+ lp- dl+ ll- w+"
"layered_port","engineering15","test","high_r2","sem",25,73,"native","lambda1",1300471600,0.36162976,"nonpositive_curvature","noisy_objective",604,"layered","",1,52726.383,FALSE,0.25377374,0.25377374,"d+ lp- dl+ ll- w+"
"layered_port","engineering15","test","high_r2","sem",25,73,"x0.01","lambda0.25",1300471600,0.26805521,"nonpositive_curvature","noisy_objective",549,"layered","",1,89362.894,FALSE,0.16703266,0.16703266,"d+ lp- dl+ ll- w+"
"layered_port","engineering15","test","high_r2","sem",25,73,"x100","lambda0.25",1300471600,0.26806809,"nonpositive_curvature","singular_convergence",628,"layered","",1,185588.86,FALSE,0.16703266,0.16703266,"d+ lp- dl+ ll- w+"
"layered_port","engineering15","test","high_r2","sem",25,73,"x100","lambda1",1300471600,0.3616814,"nonpositive_curvature","singular_convergence",676,"layered","",1,99712.04,FALSE,0.25377374,0.25377374,"d+ lp- dl+ ll- w+"
"layered_port","engineering15","test","high_r2","sem",25,89,"mixed","lambda1",1300471737,0.87856602,"nonpositive_curvature","noisy_objective",199,"layered","",1,1.2578948,FALSE,0.38351654,0.38351654,"d+ lp- dl+ ll- w+"
"layered_port","engineering15","test","high_r2","sem",25,89,"native","lambda0.25",1300471737,0.82759963,"nonpositive_curvature","converged",219,"layered","",1,1.2731024,FALSE,0.27532959,0.27532959,"d+ lp- dl+ ll- w+"
"layered_port","engineering15","test","high_r2","sem",25,89,"native","lambda1",1300471737,0.878566,"nonpositive_curvature","noisy_objective",197,"layered","",1,1.257857,FALSE,0.38351654,0.38351654,"d+ lp- dl+ ll- w+"
"layered_port","engineering15","test","high_r2","sem",25,89,"x100","lambda0.25",1300471737,0.82759963,"nonpositive_curvature","converged",151,"layered","",1,1.2730988,FALSE,0.27532959,0.27532959,"d+ lp- dl+ ll- w+"
"layered_port","engineering15","test","high_r2","sem",25,89,"x100","lambda1",1300471737,0.87856602,"nonpositive_curvature","noisy_objective",198,"layered","",1,1.2578902,FALSE,0.38351654,0.38351654,"d+ lp- dl+ ll- w+"
"layered_port","engineering15","test","weak_marker","sem",100,1,"native","lambda1",1982216011,0.093898591,"nonpositive_curvature","converged",165,"layered","",1,4.3612751,FALSE,0.052530766,0.052530766,"d+ lp- dl- ll- w+"
"layered_port","engineering15","test","weak_marker","sem",100,1,"x100","lambda1",1982216011,0.09389853,"nonpositive_curvature","noisy_objective",354,"layered","",1,4.3615401,FALSE,0.052530766,0.052530766,"d+ lp- dl- ll- w+"
"layered_port","engineering15","test","weak_marker","sem",100,13,"native","lambda1",1972262012,0.14403392,"nonpositive_curvature","noisy_objective",330,"layered","",1,4.3643196,FALSE,0.060170128,0.060170128,"d+ lp- dl+ ll- w-"
"layered_port","engineering15","test","weak_marker","sem",100,13,"x100","lambda1",1972262012,0.14403398,"nonpositive_curvature","noisy_objective",269,"layered","",1,4.3608514,FALSE,0.060170128,0.060170128,"d+ lp- dl+ ll- w-"
"layered_port","engineering15","test","weak_marker","sem",100,19,"native","lambda0.25",1972262018,0.27740474,"nonpositive_curvature","noisy_objective",116,"layered","",1,4.331636,FALSE,0.063003056,0.063003056,"d+ lp- dl- ll- w+"
"layered_port","engineering15","test","weak_marker","sem",100,19,"native","lambda1",1972262018,0.30264964,"nonpositive_curvature","noisy_objective",95,"layered","",1,4.1739606,FALSE,0.08303827,0.08303827,"d+ lp- dl- ll- w+"
"layered_port","engineering15","test","weak_marker","sem",100,19,"x100","lambda0.25",1972262018,0.27740474,"nonpositive_curvature","noisy_objective",298,"layered","",1,4.331636,FALSE,0.063003056,0.063003056,"d+ lp- dl- ll- w+"
"layered_port","engineering15","test","weak_marker","sem",100,19,"x100","lambda1",1972262018,0.30264964,"nonpositive_curvature","noisy_objective",103,"layered","",1,4.1739606,FALSE,0.08303827,0.08303827,"d+ lp- dl- ll- w+"
"layered_port","engineering15","test","weak_marker","sem",100,21,"x0.01","lambda0.25",1972262141,0.15546917,"nonpositive_curvature","noisy_objective",87,"layered","",1,4.3752437,FALSE,0.084580493,0.084580493,"d+ lp- dl- ll- w-"
"layered_port","engineering15","test","weak_marker","sem",100,23,"native","lambda0.25",1972262143,0.062427563,"nonpositive_curvature","noisy_objective",152,"layered","",1,4.1461731,FALSE,0.024366136,0.024366136,"d+ lp- dl+ ll- w+"
"layered_port","engineering15","test","weak_marker","sem",100,23,"native","lambda1",1972262143,0.068476905,"nonpositive_curvature","noisy_objective",88,"layered","",1,4.1442071,FALSE,0.034513807,0.034513807,"d+ lp- dl+ ll- w+"
"layered_port","engineering15","test","weak_marker","sem",100,23,"x100","lambda0.25",1972262143,0.062427563,"nonpositive_curvature","noisy_objective",120,"layered","",1,4.1461731,FALSE,0.024366136,0.024366136,"d+ lp- dl+ ll- w+"
"layered_port","engineering15","test","weak_marker","sem",100,23,"x100","lambda1",1972262143,0.068476905,"nonpositive_curvature","noisy_objective",227,"layered","",1,4.1442071,FALSE,0.034513807,0.034513807,"d+ lp- dl+ ll- w+"
"layered_port","engineering15","test","weak_marker","sem",100,24,"native","lambda1",1972262144,0.12765976,"nonpositive_curvature","noisy_objective",93,"layered","",1,4.3200041,FALSE,0.065155088,0.065155088,"d+ lp- dl- ll- w+"
"layered_port","engineering15","test","weak_marker","sem",100,24,"x100","lambda1",1972262144,0.12765976,"nonpositive_curvature","noisy_objective",89,"layered","",1,4.3200041,FALSE,0.065155206,0.065155088,"d+ lp- dl- ll- w+"
"layered_port","engineering15","test","weak_marker","sem",100,27,"mixed","lambda1",1972262147,0.19294261,"nonpositive_curvature","converged",181,"layered","",1,4.3593833,FALSE,0.050561092,0.050561092,"d+ lp- dl- ll- w-"
"layered_port","engineering15","test","weak_marker","sem",100,27,"x0.01","lambda1",1972262147,0.19294258,"nonpositive_curvature","converged",198,"layered","",1,4.3594158,FALSE,0.050560545,0.050560545,"d+ lp- dl- ll- w-"
"layered_port","engineering15","test","weak_marker","sem",100,29,"native","lambda0.25",1972262149,0.13821045,"nonpositive_curvature","converged",176,"layered","",1,6.3738058,FALSE,0.033119481,0.033119481,"d+ lp- dl- ll- w+"
"layered_port","engineering15","test","weak_marker","sem",100,29,"native","lambda1",1972262149,0.14405418,"nonpositive_curvature","noisy_objective",189,"layered","",1,4.3883521,FALSE,0.046153489,0.046153489,"d+ lp- dl- ll- w+"
"layered_port","engineering15","test","weak_marker","sem",100,29,"x100","lambda0.25",1972262149,0.033242708,"available","budget_exhausted",1359,"layered","",1,11401.306,TRUE,0.033119481,0.033119481,"d+ lp- dl- ll- w+"
"layered_port","engineering15","test","weak_marker","sem",100,29,"x100","lambda1",1972262149,0.14375569,"nonpositive_curvature","converged",226,"layered","",1,5.8317025,FALSE,0.046153489,0.046153489,"d+ lp- dl- ll- w+"
"layered_port","engineering15","test","weak_marker","sem",100,32,"native","lambda0.25",1972262273,0.046129964,"available","budget_exhausted",1289,"layered","",1,8866.9833,TRUE,0.046082114,0.046082114,"d+ lp- dl- ll- w+"
"layered_port","engineering15","test","weak_marker","sem",100,32,"x100","lambda0.25",1972262273,0.046129963,"available","budget_exhausted",1290,"layered","",1,8877.6324,TRUE,0.046082114,0.046082114,"d+ lp- dl+ ll- w+"
"layered_port","engineering15","test","weak_marker","sem",100,34,"native","lambda1",1972262275,0.07324297,"nonpositive_curvature","budget_exhausted",1220,"layered","",1,31628.349,FALSE,0.069865162,0.069865162,"d+ lp- dl+ ll- w+"
"layered_port","engineering15","test","weak_marker","sem",100,34,"x100","lambda1",1972262275,0.07325494,"available","budget_exhausted",1192,"layered","",1,27415.466,FALSE,0.069865162,0.069865162,"d+ lp- dl+ ll- w+"
"layered_port","engineering15","test","weak_marker","sem",100,35,"x100","lambda0.25",1972262276,0.17741779,"nonpositive_curvature","noisy_objective",192,"layered","",1,4.3571006,FALSE,0.043514002,0.043514002,"d+ lp- dl- ll- w+"
"layered_port","engineering15","test","weak_marker","sem",100,39,"native","lambda0.25",1972262280,0.18160607,"nonpositive_curvature","noisy_objective",482,"layered","",1,4.3375573,FALSE,0.065403545,0.065403545,"d+ lp- dl+ ll- w+"
"layered_port","engineering15","test","weak_marker","sem",100,39,"native","lambda1",1972262280,0.18986161,"nonpositive_curvature","noisy_objective",97,"layered","",1,4.3377383,FALSE,0.087161691,0.087161691,"d+ lp- dl+ ll- w+"
"layered_port","engineering15","test","weak_marker","sem",100,39,"x0.01","lambda1",1972262280,0.18986161,"nonpositive_curvature","noisy_objective",86,"layered","",1,4.3377383,FALSE,0.087161691,0.087161691,"d+ lp- dl- ll- w+"
"layered_port","engineering15","test","weak_marker","sem",100,39,"x100","lambda0.25",1972262280,0.18160607,"nonpositive_curvature","noisy_objective",135,"layered","",1,4.3375573,FALSE,0.065403545,0.065403545,"d+ lp- dl+ ll- w+"
"layered_port","engineering15","test","weak_marker","sem",100,39,"x100","lambda1",1972262280,0.18986161,"nonpositive_curvature","noisy_objective",112,"layered","",1,4.3377383,FALSE,0.087161691,0.087161691,"d+ lp- dl+ ll- w+"
"layered_port","engineering15","test","weak_marker","sem",100,40,"native","lambda0.25",1972262402,0.081196113,"available","line_search_salvaged",961,"layered","",1,5507.0306,FALSE,0.081838126,0.081838126,"d+ lp- dl+ ll- w-"
"layered_port","engineering15","test","weak_marker","sem",100,40,"x100","lambda0.25",1972262402,0.081194824,"available","noisy_objective",1212,"layered","",1,10552.758,TRUE,0.081838126,0.081838126,"d+ lp- dl+ ll- w-"
"layered_port","engineering15","test","weak_marker","sem",100,42,"mixed","lambda0.25",1972262404,0.034585773,"nonpositive_curvature","budget_exhausted",1242,"layered","",1,22589.023,FALSE,0.030648435,0.030648435,"d+ lp- dl- ll- w-"
"layered_port","engineering15","test","weak_marker","sem",100,42,"mixed","lambda1",1972262404,0.14924456,"nonpositive_curvature","converged",259,"layered","",1,14.04102,FALSE,0.04639792,0.04639792,"d+ lp- dl- ll- w-"
"layered_port","engineering15","test","weak_marker","sem",100,42,"native","lambda0.25",1972262404,0.14287501,"nonpositive_curvature","converged",402,"layered","",1,14.036093,FALSE,0.030648435,0.030648435,"d+ lp- dl- ll- w-"
"layered_port","engineering15","test","weak_marker","sem",100,42,"native","lambda1",1972262404,0.14924621,"nonpositive_curvature","noisy_objective",416,"layered","",1,13.92285,FALSE,0.04639792,0.04639792,"d+ lp- dl+ ll- w-"
"layered_port","engineering15","test","weak_marker","sem",100,42,"x100","lambda0.25",1972262404,0.034586135,"available","budget_exhausted",1286,"layered","",1,19212.884,TRUE,0.030648435,0.030648435,"d+ lp- dl- ll- w-"
"layered_port","engineering15","test","weak_marker","sem",100,42,"x100","lambda1",1972262404,0.14924621,"nonpositive_curvature","noisy_objective",367,"layered","",1,13.92414,FALSE,0.04639792,0.04639792,"d+ lp- dl+ ll- w-"
"layered_port","engineering15","test","weak_marker","sem",100,47,"native","lambda0.25",1972262409,0.080262056,"available","noisy_objective",1202,"layered","",1,60466.49,TRUE,0.072190656,0.072190656,"d+ lp- dl+ ll- w+"
"layered_port","engineering15","test","weak_marker","sem",100,47,"native","lambda1",1972262409,0.095624986,"available","noisy_objective",1167,"layered","",1,53433.327,TRUE,0.089268254,0.089268254,"d+ lp- dl+ ll- w+"
"layered_port","engineering15","test","weak_marker","sem",100,47,"x100","lambda0.25",1972262409,0.080261974,"available","budget_exhausted",1322,"layered","",1,63340.33,TRUE,0.072190656,0.072190656,"d+ lp- dl+ ll- w+"
"layered_port","engineering15","test","weak_marker","sem",100,47,"x100","lambda1",1972262409,0.095625213,"available","noisy_objective",1082,"layered","",1,44482.494,TRUE,0.089268254,0.089268254,"d+ lp- dl+ ll- w+"
"layered_port","engineering15","test","weak_marker","sem",100,48,"native","lambda1",1972262410,0.16412459,"nonpositive_curvature","noisy_objective",272,"layered","",1,3.0137793,FALSE,0.11594876,0.11594876,"d+ lp- dl+ ll- w+"
"layered_port","engineering15","test","weak_marker","sem",100,48,"x100","lambda1",1972262410,0.16412459,"nonpositive_curvature","noisy_objective",376,"layered","",1,3.0138434,FALSE,0.11594876,0.11594876,"d+ lp- dl+ ll- w+"
"layered_port","engineering15","test","weak_marker","sem",100,49,"native","lambda0.25",1972262411,0.045510229,"available","budget_exhausted",1194,"layered","",1,35392.941,TRUE,0.044423256,0.044423256,"d+ lp- dl+ ll- w+"
"layered_port","engineering15","test","weak_marker","sem",100,49,"native","lambda1",1972262411,0.18185493,"nonpositive_curvature","converged",138,"layered","",1,5.4743769,FALSE,0.062035117,0.062035117,"d+ lp- dl+ ll- w+"
"layered_port","engineering15","test","weak_marker","sem",100,49,"x0.01","lambda0.25",1972262411,0.045510279,"available","noisy_objective",1207,"layered","",1,32736.042,TRUE,0.044423256,0.044423256,"d+ lp- dl- ll- w+"
"layered_port","engineering15","test","weak_marker","sem",100,49,"x0.01","lambda1",1972262411,0.1818549,"nonpositive_curvature","converged",136,"layered","",1,5.4745453,FALSE,0.062035117,0.062035117,"d+ lp- dl- ll- w+"
"layered_port","engineering15","test","weak_marker","sem",100,49,"x100","lambda0.25",1972262411,0.045510638,"available","noisy_objective",1033,"layered","",1,21385.81,TRUE,0.044423256,0.044423256,"d+ lp- dl+ ll- w+"
"layered_port","engineering15","test","weak_marker","sem",100,49,"x100","lambda1",1972262411,0.18185486,"nonpositive_curvature","converged",135,"layered","",1,5.474775,FALSE,0.062035117,0.062035117,"d+ lp- dl+ ll- w+"
"layered_port","engineering15","test","weak_marker","sem",100,52,"native","lambda0.25",1972262535,0.090086946,"nonpositive_curvature","noisy_objective",884,"layered","",1,33267.927,FALSE,0.094236411,0.086357992,"d+ lp- dl+ ll+ w+"
"layered_port","engineering15","test","weak_marker","sem",100,52,"native","lambda1",1972262535,0.1719672,"nonpositive_curvature","converged",251,"layered","",1,3.9620726,FALSE,0.10021895,0.10021895,"d+ lp- dl- ll- w+"
"layered_port","engineering15","test","weak_marker","sem",100,52,"x0.01","lambda0.25",1972262535,0.09007804,"nonpositive_curvature","noisy_objective",961,"layered","",1,49176.331,FALSE,0.086357992,0.086357992,"d+ lp- dl- ll+ w+"
"layered_port","engineering15","test","weak_marker","sem",100,52,"x100","lambda0.25",1972262535,0.090067177,"nonpositive_curvature","singular_convergence",1277,"layered","",1,118397.92,FALSE,0.094236411,0.086357992,"d+ lp- dl+ ll+ w+"
"layered_port","engineering15","test","weak_marker","sem",100,52,"x100","lambda1",1972262535,0.1719672,"nonpositive_curvature","converged",298,"layered","",1,3.9627152,FALSE,0.10021895,0.10021895,"d+ lp- dl- ll- w+"
"layered_port","engineering15","test","weak_marker","sem",100,54,"native","lambda1",1972262537,0.091896477,"nonpositive_curvature","converged",221,"layered","",1,13.158321,FALSE,0.069912503,0.069912503,"d+ lp- dl+ ll- w+"
"layered_port","engineering15","test","weak_marker","sem",100,54,"x100","lambda1",1972262537,0.091896933,"nonpositive_curvature","converged",182,"layered","",1,13.142735,FALSE,0.069912503,0.069912503,"d+ lp- dl+ ll- w+"
"layered_port","engineering15","test","weak_marker","sem",100,55,"native","lambda0.25",1972262538,0.11969828,"nonpositive_curvature","converged",278,"layered","",1,5.756166,FALSE,0.0368913,0.0368913,"d+ lp- dl+ ll- w-"
"layered_port","engineering15","test","weak_marker","sem",100,55,"native","lambda1",1972262538,0.12114982,"nonpositive_curvature","converged",235,"layered","",1,5.1471266,FALSE,0.049047622,0.049047622,"d+ lp- dl+ ll- w-"
"layered_port","engineering15","test","weak_marker","sem",100,55,"x100","lambda0.25",1972262538,0.11969889,"nonpositive_curvature","converged",189,"layered","",1,5.7338753,FALSE,0.0368913,0.0368913,"d+ lp- dl+ ll- w-"
"layered_port","engineering15","test","weak_marker","sem",100,55,"x100","lambda1",1972262538,0.12114982,"nonpositive_curvature","converged",315,"layered","",1,5.1461289,FALSE,0.049047622,0.049047622,"d+ lp- dl+ ll- w-"
"layered_port","engineering15","test","weak_marker","sem",100,58,"native","lambda0.25",1972262541,0.093674911,"nonpositive_curvature","noisy_objective",90,"layered","",1,4.3950526,FALSE,0.023392279,0.023392279,"d+ lp- dl+ ll- w+"
"layered_port","engineering15","test","weak_marker","sem",100,58,"native","lambda1",1972262541,0.1008744,"nonpositive_curvature","noisy_objective",149,"layered","",1,4.4120646,FALSE,0.037492459,0.037492459,"d+ lp- dl+ ll- w+"
"layered_port","engineering15","test","weak_marker","sem",100,58,"x100","lambda0.25",1972262541,0.093674911,"nonpositive_curvature","noisy_objective",90,"layered","",1,4.3950526,FALSE,0.023392279,0.023392279,"d+ lp- dl+ ll- w+"
"layered_port","engineering15","test","weak_marker","sem",100,58,"x100","lambda1",1972262541,0.1008744,"nonpositive_curvature","noisy_objective",86,"layered","",1,4.4120646,FALSE,0.037492459,0.037492459,"d+ lp- dl+ ll- w+"
"layered_port","engineering15","test","weak_marker","sem",100,59,"native","lambda0.25",1972262542,0.071923502,"available","noisy_objective",855,"layered","",1,37772.567,FALSE,0.061159518,0.061159518,"d+ lp- dl+ ll- w-"
"layered_port","engineering15","test","weak_marker","sem",100,59,"native","lambda1",1972262542,0.086263915,"available","noisy_objective",847,"layered","",1,22584.795,TRUE,0.078174684,0.078174684,"d+ lp- dl+ ll- w-"
"layered_port","engineering15","test","weak_marker","sem",100,59,"x100","lambda0.25",1972262542,0.071906857,"available","noisy_objective",848,"layered","",1,42845.751,FALSE,0.061159518,0.061159518,"d+ lp- dl+ ll- w-"
"layered_port","engineering15","test","weak_marker","sem",100,59,"x100","lambda1",1972262542,0.086267676,"available","line_search_salvaged",699,"layered","",1,10477.53,FALSE,0.078174684,0.078174684,"d+ lp- dl+ ll- w-"
"layered_port","engineering15","test","weak_marker","sem",100,60,"native","lambda0.25",1972262664,0.052137265,"available","noisy_objective",727,"layered","",1,4411.7087,FALSE,0.0506253,0.0506253,"d+ lp- dl+ ll- w-"
"layered_port","engineering15","test","weak_marker","sem",100,60,"native","lambda1",1972262664,0.06481182,"available","line_search_salvaged",827,"layered","",1,8637.1909,FALSE,0.063679292,0.063679292,"d+ lp- dl+ ll- w-"
"layered_port","engineering15","test","weak_marker","sem",100,60,"x100","lambda0.25",1972262664,0.052131719,"available","noisy_objective",1144,"layered","",1,23441.285,TRUE,0.0506253,0.0506253,"d+ lp- dl+ ll- w-"
"layered_port","engineering15","test","weak_marker","sem",100,60,"x100","lambda1",1972262664,0.064813056,"available","noisy_objective",727,"layered","",1,5759.0675,FALSE,0.063679292,0.063679292,"d+ lp- dl+ ll- w-"
"layered_port","engineering15","test","weak_marker","sem",100,62,"x0.01","lambda0.25",1972262666,0.10331022,"nonpositive_curvature","noisy_objective",120,"layered","",1,4.3632531,FALSE,0.014395561,0.014395561,"d+ lp- dl- ll- w-"
"layered_port","engineering15","test","weak_marker","sem",100,64,"native","lambda0.25",1972262668,0.20162809,"nonpositive_curvature","noisy_objective",88,"layered","",1,3.9863238,FALSE,0.050405703,0.050405703,"d+ lp- dl+ ll- w-"
"layered_port","engineering15","test","weak_marker","sem",100,64,"native","lambda1",1972262668,0.21046957,"nonpositive_curvature","noisy_objective",106,"layered","",1,3.9863091,FALSE,0.070652243,0.070652243,"d+ lp- dl+ ll- w-"
"layered_port","engineering15","test","weak_marker","sem",100,64,"x0.01","lambda0.25",1972262668,0.20162809,"nonpositive_curvature","noisy_objective",117,"layered","",1,3.9863238,FALSE,0.050405703,0.050405703,"d+ lp- dl- ll- w-"
"layered_port","engineering15","test","weak_marker","sem",100,64,"x100","lambda0.25",1972262668,0.20162809,"nonpositive_curvature","noisy_objective",121,"layered","",1,3.9863238,FALSE,0.050405703,0.050405703,"d+ lp- dl+ ll- w-"
"layered_port","engineering15","test","weak_marker","sem",100,64,"x100","lambda1",1972262668,0.21046957,"nonpositive_curvature","noisy_objective",112,"layered","",1,3.9863091,FALSE,0.070652243,0.070652243,"d+ lp- dl+ ll- w-"
"layered_port","engineering15","test","weak_marker","sem",100,72,"native","lambda0.25",1972262797,0.11604846,"nonpositive_curvature","noisy_objective",149,"layered","",1,4.3417984,FALSE,0.049675557,0.049675557,"d+ lp- dl+ ll- w-"
"layered_port","engineering15","test","weak_marker","sem",100,72,"native","lambda1",1972262797,0.12530322,"nonpositive_curvature","noisy_objective",132,"layered","",1,4.3404269,FALSE,0.067062213,0.067062213,"d+ lp- dl+ ll- w-"
"layered_port","engineering15","test","weak_marker","sem",100,72,"x0.01","lambda1",1972262797,0.12530322,"nonpositive_curvature","noisy_objective",103,"layered","",1,4.3404269,FALSE,0.067062213,0.067062213,"d+ lp- dl- ll- w-"
"layered_port","engineering15","test","weak_marker","sem",100,72,"x100","lambda0.25",1972262797,0.11604846,"nonpositive_curvature","noisy_objective",145,"layered","",1,4.3417984,FALSE,0.049675557,0.049675557,"d+ lp- dl+ ll- w-"
"layered_port","engineering15","test","weak_marker","sem",100,72,"x100","lambda1",1972262797,0.12530322,"nonpositive_curvature","noisy_objective",123,"layered","",1,4.3404269,FALSE,0.067062213,0.067062213,"d+ lp- dl+ ll- w-"
"layered_port","engineering15","test","weak_marker","sem",100,79,"native","lambda0.25",1972262804,0.12861151,"nonpositive_curvature","noisy_objective",138,"layered","",1,4.3150175,FALSE,0.054974094,0.054974094,"d+ lp- dl+ ll- w-"
"layered_port","engineering15","test","weak_marker","sem",100,79,"native","lambda1",1972262804,0.13367125,"nonpositive_curvature","noisy_objective",114,"layered","",1,4.3193408,FALSE,0.066742353,0.066742353,"d+ lp- dl+ ll- w-"
"layered_port","engineering15","test","weak_marker","sem",100,79,"x100","lambda0.25",1972262804,0.12861151,"nonpositive_curvature","noisy_objective",90,"layered","",1,4.3150175,FALSE,0.054974094,0.054974094,"d+ lp- dl+ ll- w-"
"layered_port","engineering15","test","weak_marker","sem",100,79,"x100","lambda1",1972262804,0.13367125,"nonpositive_curvature","noisy_objective",108,"layered","",1,4.3193408,FALSE,0.066742353,0.066742353,"d+ lp- dl+ ll- w-"
"layered_port","engineering15","test","weak_marker","sem",100,80,"native","lambda0.25",1972262926,0.12848792,"nonpositive_curvature","noisy_objective",207,"layered","",1,3.1481801,FALSE,0.055866355,0.055866355,"d+ lp- dl+ ll- w+"
"layered_port","engineering15","test","weak_marker","sem",100,80,"native","lambda1",1972262926,0.14331594,"nonpositive_curvature","noisy_objective",118,"layered","",1,3.1089493,FALSE,0.077506658,0.077506658,"d+ lp- dl+ ll- w+"
"layered_port","engineering15","test","weak_marker","sem",100,80,"x0.01","lambda1",1972262926,0.14331594,"nonpositive_curvature","noisy_objective",118,"layered","",1,3.1089493,FALSE,0.077506658,0.077506658,"d+ lp- dl- ll- w+"
"layered_port","engineering15","test","weak_marker","sem",100,80,"x100","lambda0.25",1972262926,0.12848692,"nonpositive_curvature","noisy_objective",189,"layered","",1,3.148258,FALSE,0.055866355,0.055866355,"d+ lp- dl+ ll- w+"
"layered_port","engineering15","test","weak_marker","sem",100,80,"x100","lambda1",1972262926,0.14331594,"nonpositive_curvature","noisy_objective",119,"layered","",1,3.1089493,FALSE,0.077506658,0.077506658,"d+ lp- dl+ ll- w+"
"layered_port","engineering15","test","weak_marker","sem",100,83,"native","lambda1",1972262929,0.12832272,"nonpositive_curvature","noisy_objective",353,"layered","",1,7.4550701,FALSE,0.037771739,0.037771725,"d+ lp- dl- ll- w+"
"layered_port","engineering15","test","weak_marker","sem",100,83,"x0.01","lambda1",1972262929,0.12832272,"nonpositive_curvature","converged",391,"layered","",1,7.4555737,FALSE,0.037771751,0.037771725,"d+ lp- dl- ll- w+"
"layered_port","engineering15","test","weak_marker","sem",100,83,"x100","lambda0.25",1972262929,0.12308827,"nonpositive_curvature","noisy_objective",243,"layered","",1,7.6310846,FALSE,0.025041901,0.025041901,"d+ lp- dl- ll- w-"
"layered_port","engineering15","test","weak_marker","sem",100,83,"x100","lambda1",1972262929,0.12832278,"nonpositive_curvature","converged",245,"layered","",1,7.4551043,FALSE,0.037771725,0.037771725,"d+ lp- dl- ll- w+"
"layered_port","engineering15","test","weak_marker","sem",100,85,"native","lambda0.25",1972262931,0.12355875,"nonpositive_curvature","converged",321,"layered","",1,4.7877141,FALSE,0.060363117,0.060363117,"d+ lp- dl- ll- w-"
"layered_port","engineering15","test","weak_marker","sem",100,85,"native","lambda1",1972262931,0.12692837,"nonpositive_curvature","noisy_objective",303,"layered","",1,4.0039674,FALSE,0.074484059,0.074484059,"d+ lp- dl- ll- w-"
"layered_port","engineering15","test","weak_marker","sem",100,85,"x100","lambda0.25",1972262931,0.12355874,"nonpositive_curvature","noisy_objective",353,"layered","",1,4.7877756,FALSE,0.060363117,0.060363117,"d+ lp- dl- ll- w-"
"layered_port","engineering15","test","weak_marker","sem",100,85,"x100","lambda1",1972262931,0.12692895,"nonpositive_curvature","noisy_objective",299,"layered","",1,4.0030304,FALSE,0.074484059,0.074484059,"d+ lp- dl- ll- w-"
"layered_port","engineering15","test","weak_marker","sem",100,86,"native","lambda0.25",1972262932,0.24671268,"nonpositive_curvature","converged",198,"layered","",1,8.5872909,FALSE,0.080250691,0.080250691,"d+ lp- dl+ ll- w-"
"layered_port","engineering15","test","weak_marker","sem",100,86,"native","lambda1",1972262932,0.25276163,"nonpositive_curvature","noisy_objective",452,"layered","",1,8.2092166,FALSE,0.099856942,0.099856942,"d+ lp- dl+ ll- w-"
"layered_port","engineering15","test","weak_marker","sem",100,86,"x100","lambda0.25",1972262932,0.24671269,"nonpositive_curvature","converged",201,"layered","",1,8.5872087,FALSE,0.080250691,0.080250691,"d+ lp- dl+ ll- w-"
"layered_port","engineering15","test","weak_marker","sem",100,86,"x100","lambda1",1972262932,0.25276163,"nonpositive_curvature","converged",347,"layered","",1,8.2091575,FALSE,0.099856942,0.099856942,"d+ lp- dl+ ll- w-"
"layered_port","engineering15","test","weak_marker","sem",100,87,"x0.01","lambda1",1972262933,0.12230831,"nonpositive_curvature","noisy_objective",96,"layered","",1,4.3995556,FALSE,0.048416028,0.048416028,"d+ lp- dl- ll- w-"
"layered_port","engineering15","test","weak_marker","sem",100,88,"native","lambda0.25",1972262934,0.045605205,"nonpositive_curvature","budget_exhausted",1300,"layered","",1,22918.637,FALSE,0.044835409,0.044835409,"d+ lp- dl+ ll- w+"
"layered_port","engineering15","test","weak_marker","sem",100,88,"native","lambda1",1972262934,0.16715921,"nonpositive_curvature","converged",240,"layered","",1,4.3573997,FALSE,0.062701925,0.062701925,"d+ lp- dl+ ll- w+"
"layered_port","engineering15","test","weak_marker","sem",100,88,"x100","lambda0.25",1972262934,0.045605285,"available","budget_exhausted",1279,"layered","",1,21579.4,TRUE,0.044835409,0.044835409,"d+ lp- dl+ ll- w+"
"layered_port","engineering15","test","weak_marker","sem",100,88,"x100","lambda1",1972262934,0.16715921,"nonpositive_curvature","converged",348,"layered","",1,4.378305,FALSE,0.062701925,0.062701925,"d+ lp- dl+ ll- w+"
"layered_port","engineering15","test","weak_marker","sem",100,9,"x100","lambda0.25",1982216019,0.17672094,"nonpositive_curvature","noisy_objective",97,"layered","",1,4.3160787,FALSE,0.05897722,0.05897722,"d+ lp- dl- ll- w-"
"layered_port","engineering15","test","weak_marker","sem",100,90,"native","lambda0.25",1972263057,0.21709304,"nonpositive_curvature","noisy_objective",352,"layered","",1,3.9294115,FALSE,0.075857864,0.075857864,"d+ lp- dl+ ll- w+"
"layered_port","engineering15","test","weak_marker","sem",100,90,"native","lambda1",1972263057,0.25030174,"nonpositive_curvature","noisy_objective",335,"layered","",1,3.9297304,FALSE,0.08975251,0.08975251,"d+ lp- dl+ ll- w+"
"layered_port","engineering15","test","weak_marker","sem",100,90,"x100","lambda0.25",1972263057,0.21709304,"nonpositive_curvature","noisy_objective",256,"layered","",1,3.9294115,FALSE,0.075857864,0.075857864,"d+ lp- dl+ ll- w+"
"layered_port","engineering15","test","weak_marker","sem",100,90,"x100","lambda1",1972263057,0.25030174,"nonpositive_curvature","noisy_objective",443,"layered","",1,3.9297304,FALSE,0.08975251,0.08975251,"d+ lp- dl+ ll- w+"
"layered_port","engineering15","test","weak_marker","sem",100,92,"native","lambda0.25",1972263059,0.14006673,"nonpositive_curvature","noisy_objective",93,"layered","",1,4.3535963,FALSE,0.051994702,0.051994702,"d+ lp- dl+ ll- w+"
"layered_port","engineering15","test","weak_marker","sem",100,92,"native","lambda1",1972263059,0.1476145,"nonpositive_curvature","noisy_objective",104,"layered","",1,4.3556724,FALSE,0.069434458,0.069434458,"d+ lp- dl+ ll- w+"
"layered_port","engineering15","test","weak_marker","sem",100,92,"x0.01","lambda0.25",1972263059,0.14006673,"nonpositive_curvature","noisy_objective",114,"layered","",1,4.3535963,FALSE,0.051994702,0.051994702,"d+ lp- dl- ll- w+"
"layered_port","engineering15","test","weak_marker","sem",100,92,"x100","lambda0.25",1972263059,0.14006673,"nonpositive_curvature","noisy_objective",111,"layered","",1,4.3535963,FALSE,0.051994702,0.051994702,"d+ lp- dl+ ll- w+"
"layered_port","engineering15","test","weak_marker","sem",100,92,"x100","lambda1",1972263059,0.1476145,"nonpositive_curvature","noisy_objective",86,"layered","",1,4.3556724,FALSE,0.069434458,0.069434458,"d+ lp- dl+ ll- w+"
"layered_port","engineering15","test","weak_marker","sem",100,96,"mixed","lambda0.25",1972263063,0.15138984,"nonpositive_curvature","converged",260,"layered","",1,2.8614098,FALSE,0.13691092,0.071921871,"d+ lp- dl- ll- w+"
"layered_port","engineering15","test","weak_marker","sem",100,96,"native","lambda0.25",1972263063,0.15138984,"nonpositive_curvature","converged",227,"layered","",1,2.8614082,FALSE,0.071921871,0.071921871,"d+ lp- dl+ ll- w+"
"layered_port","engineering15","test","weak_marker","sem",100,96,"native","lambda1",1972263063,0.15782886,"nonpositive_curvature","converged",326,"layered","",1,2.6208762,FALSE,0.088658607,0.088658607,"d+ lp- dl+ ll- w+"
"layered_port","engineering15","test","weak_marker","sem",100,96,"x100","lambda0.25",1972263063,0.15138984,"nonpositive_curvature","converged",290,"layered","",1,2.861418,FALSE,0.071921871,0.071921871,"d+ lp- dl+ ll- w+"
"layered_port","engineering15","test","weak_marker","sem",100,96,"x100","lambda1",1972263063,0.15783026,"nonpositive_curvature","noisy_objective",338,"layered","",1,2.6176862,FALSE,0.088658607,0.088658607,"d+ lp- dl+ ll- w+"
"layered_port","engineering15","test","weak_marker","sem",100,99,"native","lambda1",1972263066,0.062037491,"available","noisy_objective",1325,"layered","",1,9812.7072,TRUE,0.061998663,0.061998663,"d+ lp- dl- ll- w+"
"layered_port","engineering15","test","weak_marker","sem",100,99,"x100","lambda0.25",1972263066,0.04939476,"available","noisy_objective",836,"layered","",1,3314.7597,FALSE,0.049215458,0.049215458,"d+ lp- dl- ll- w+"
"layered_port","engineering15","test","weak_marker","sem",100,99,"x100","lambda1",1972263066,0.062037982,"available","line_search_salvaged",946,"layered","",1,4371.7968,TRUE,0.061998664,0.061998663,"d+ lp- dl- ll- w+"
"layered_port","engineering15","test","weak_marker","sem",25,10,"native","lambda0.25",141767168,0.62605352,"nonpositive_curvature","noisy_objective",407,"layered","",1,1.9100606,FALSE,0.38124175,0.38124175,"d+ lp- dl+ ll- w-"
"layered_port","engineering15","test","weak_marker","sem",25,10,"native","lambda1",141767168,0.73568386,"nonpositive_curvature","noisy_objective",134,"layered","",1,1.7718133,FALSE,0.45614644,0.45614644,"d+ lp- dl+ ll- w+"
"layered_port","engineering15","test","weak_marker","sem",25,10,"x100","lambda0.25",141767168,0.62605352,"nonpositive_curvature","noisy_objective",232,"layered","",1,1.9100606,FALSE,0.38124175,0.38124175,"d+ lp- dl+ ll- w-"
"layered_port","engineering15","test","weak_marker","sem",25,10,"x100","lambda1",141767168,0.73568386,"nonpositive_curvature","noisy_objective",243,"layered","",1,1.7718133,FALSE,0.45614644,0.45614644,"d+ lp- dl+ ll- w+"
"layered_port","engineering15","test","weak_marker","sem",25,100,"native","lambda0.25",1391630024,0.44602643,"nonpositive_curvature","noisy_objective",163,"layered","",1,2.4698903,FALSE,0.26934624,0.26934624,"d+ lp- dl+ ll- w+"
"layered_port","engineering15","test","weak_marker","sem",25,100,"native","lambda1",1391630024,0.49460443,"nonpositive_curvature","noisy_objective",100,"layered","",1,2.4143077,FALSE,0.35110796,0.35110796,"d+ lp- dl+ ll- w+"
"layered_port","engineering15","test","weak_marker","sem",25,100,"x0.01","lambda0.25",1391630024,0.44602643,"nonpositive_curvature","noisy_objective",88,"layered","",1,2.4698903,FALSE,0.26934624,0.26934624,"d+ lp- dl+ ll- w+"
"layered_port","engineering15","test","weak_marker","sem",25,100,"x100","lambda0.25",1391630024,0.44602643,"nonpositive_curvature","noisy_objective",194,"layered","",1,2.4698903,FALSE,0.26934624,0.26934624,"d+ lp- dl+ ll- w+"
"layered_port","engineering15","test","weak_marker","sem",25,100,"x100","lambda1",1391630024,0.49460443,"nonpositive_curvature","noisy_objective",100,"layered","",1,2.4143077,FALSE,0.35110796,0.35110796,"d+ lp- dl+ ll- w+"
"layered_port","engineering15","test","weak_marker","sem",25,12,"native","lambda0.25",141767170,0.40310302,"nonpositive_curvature","noisy_objective",121,"layered","",1,2.7256131,FALSE,0.2178958,0.2178958,"d+ lp- dl+ ll- w+"
"layered_port","engineering15","test","weak_marker","sem",25,12,"native","lambda1",141767170,0.41429148,"nonpositive_curvature","noisy_objective",195,"layered","",1,2.7243028,FALSE,0.28602108,0.28602108,"d+ lp- dl+ ll- w+"
"layered_port","engineering15","test","weak_marker","sem",25,12,"x100","lambda0.25",141767170,0.40310302,"nonpositive_curvature","noisy_objective",224,"layered","",1,2.7256131,FALSE,0.2178958,0.2178958,"d+ lp- dl+ ll- w+"
"layered_port","engineering15","test","weak_marker","sem",25,12,"x100","lambda1",141767170,0.41429148,"nonpositive_curvature","noisy_objective",99,"layered","",1,2.7243028,FALSE,0.28602108,0.28602108,"d+ lp- dl+ ll- w+"
"layered_port","engineering15","test","weak_marker","sem",25,13,"native","lambda0.25",141767171,0.41076113,"nonpositive_curvature","converged",185,"layered","",1,2.8066137,FALSE,0.19723112,0.19723112,"d+ lp- dl+ ll- w+"
"layered_port","engineering15","test","weak_marker","sem",25,13,"native","lambda1",141767171,0.44969345,"nonpositive_curvature","noisy_objective",222,"layered","",1,2.8167011,FALSE,0.27961436,0.27961436,"d+ lp- dl+ ll- w+"
"layered_port","engineering15","test","weak_marker","sem",25,13,"x0.01","lambda0.25",141767171,0.41076113,"nonpositive_curvature","converged",132,"layered","",1,2.8066183,FALSE,0.19723112,0.19723112,"d+ lp- dl- ll- w+"
"layered_port","engineering15","test","weak_marker","sem",25,13,"x100","lambda0.25",141767171,0.41076113,"nonpositive_curvature","converged",162,"layered","",1,2.8066259,FALSE,0.19723112,0.19723112,"d+ lp- dl+ ll- w+"
"layered_port","engineering15","test","weak_marker","sem",25,13,"x100","lambda1",141767171,0.44964889,"nonpositive_curvature","converged",209,"layered","",1,2.7249184,FALSE,0.27961436,0.27961436,"d+ lp- dl+ ll- w+"
"layered_port","engineering15","test","weak_marker","sem",25,14,"mixed","lambda0.25",141767172,0.16522939,"nonpositive_curvature","singular_convergence",820,"layered","",1,108556.87,FALSE,0.15102718,0.15102718,"d+ lp- dl+ ll- w+"
"layered_port","engineering15","test","weak_marker","sem",25,14,"native","lambda0.25",141767172,0.16523233,"available","singular_convergence",824,"layered","",1,113901.57,FALSE,0.15102718,0.15102718,"d+ lp- dl+ ll- w+"
"layered_port","engineering15","test","weak_marker","sem",25,14,"native","lambda1",141767172,0.24523855,"available","singular_convergence",878,"layered","",1,79721.035,FALSE,0.23081602,0.23081602,"d+ lp- dl+ ll- w+"
"layered_port","engineering15","test","weak_marker","sem",25,14,"x100","lambda0.25",141767172,0.16522877,"nonpositive_curvature","singular_convergence",844,"layered","",1,113018.56,FALSE,0.15102718,0.15102718,"d+ lp- dl+ ll- w+"
"layered_port","engineering15","test","weak_marker","sem",25,14,"x100","lambda1",141767172,0.24523855,"available","singular_convergence",831,"layered","",1,68122.416,FALSE,0.23081602,0.23081602,"d+ lp- dl+ ll- w+"
"layered_port","engineering15","test","weak_marker","sem",25,2,"native","lambda0.25",476479332,0.18979124,"nonpositive_curvature","singular_convergence",993,"layered","",1,45222.502,FALSE,0.16198256,0.16198256,"d+ lp- dl+ ll- w+"
"layered_port","engineering15","test","weak_marker","sem",25,2,"x100","lambda0.25",476479332,0.18979304,"nonpositive_curvature","noisy_objective",528,"layered","",1,7196.6112,FALSE,0.16198256,0.16198256,"d+ lp- dl+ ll- w+"
"layered_port","engineering15","test","weak_marker","sem",25,20,"native","lambda0.25",141767299,0.56839084,"nonpositive_curvature","noisy_objective",632,"layered","",1,3.2269027,FALSE,0.20992037,0.20992037,"d+ lp- dl+ ll- w+"
"layered_port","engineering15","test","weak_marker","sem",25,20,"native","lambda1",141767299,0.56734822,"nonpositive_curvature","noisy_objective",411,"layered","",1,3.2257498,FALSE,0.29678737,0.29678737,"d+ lp- dl+ ll- w+"
"layered_port","engineering15","test","weak_marker","sem",25,20,"x100","lambda0.25",141767299,0.56839084,"nonpositive_curvature","noisy_objective",303,"layered","",1,3.2269027,FALSE,0.20992037,0.20992037,"d+ lp- dl+ ll- w+"
"layered_port","engineering15","test","weak_marker","sem",25,20,"x100","lambda1",141767299,0.56734822,"nonpositive_curvature","noisy_objective",601,"layered","",1,3.2257498,FALSE,0.29678737,0.29678737,"d+ lp- dl+ ll- w+"
"layered_port","engineering15","test","weak_marker","sem",25,21,"native","lambda0.25",141767300,0.45882799,"nonpositive_curvature","noisy_objective",572,"layered","",1,2.1971663,FALSE,0.3605358,0.3605358,"d+ lp- dl+ ll- w-"
"layered_port","engineering15","test","weak_marker","sem",25,21,"x100","lambda0.25",141767300,0.45882799,"nonpositive_curvature","noisy_objective",566,"layered","",1,2.1971663,FALSE,0.3605358,0.3605358,"d+ lp- dl+ ll- w-"
"layered_port","engineering15","test","weak_marker","sem",25,22,"native","lambda0.25",141767301,0.35101229,"nonpositive_curvature","noisy_objective",296,"layered","",1,1,FALSE,0.16486602,0.16486602,"d+ lp- dl+ ll- w-"
"layered_port","engineering15","test","weak_marker","sem",25,22,"native","lambda1",141767301,0.36676951,"nonpositive_curvature","noisy_objective",222,"layered","",1,1,FALSE,0.22895335,0.22895335,"d+ lp- dl+ ll- w-"
"layered_port","engineering15","test","weak_marker","sem",25,22,"x100","lambda0.25",141767301,0.35101228,"nonpositive_curvature","converged",255,"layered","",1,1,FALSE,0.16486602,0.16486602,"d+ lp- dl+ ll- w-"
"layered_port","engineering15","test","weak_marker","sem",25,22,"x100","lambda1",141767301,0.36676951,"nonpositive_curvature","converged",221,"layered","",1,1,FALSE,0.22895335,0.22895335,"d+ lp- dl+ ll- w-"
"layered_port","engineering15","test","weak_marker","sem",25,24,"native","lambda0.25",141767303,0.56599858,"nonpositive_curvature","noisy_objective",314,"layered","",1,1.7214695,FALSE,0.29328356,0.29328356,"d+ lp- dl+ ll- w+"
"layered_port","engineering15","test","weak_marker","sem",25,24,"native","lambda1",141767303,0.67165523,"nonpositive_curvature","noisy_objective",109,"layered","",1,1.717147,FALSE,0.35834806,0.35834806,"d+ lp- dl+ ll- w+"
"layered_port","engineering15","test","weak_marker","sem",25,24,"x100","lambda0.25",141767303,0.56599858,"nonpositive_curvature","noisy_objective",160,"layered","",1,1.7214695,FALSE,0.29328356,0.29328356,"d+ lp- dl+ ll- w+"
"layered_port","engineering15","test","weak_marker","sem",25,24,"x100","lambda1",141767303,0.67165523,"nonpositive_curvature","noisy_objective",99,"layered","",1,1.717147,FALSE,0.35834806,0.35834806,"d+ lp- dl+ ll- w+"
"layered_port","engineering15","test","weak_marker","sem",25,25,"native","lambda0.25",141767304,0.42313352,"nonpositive_curvature","noisy_objective",197,"layered","",1,2.5026929,FALSE,0.1591871,0.1591871,"d+ lp- dl- ll- w+"
"layered_port","engineering15","test","weak_marker","sem",25,25,"x0.01","lambda0.25",141767304,0.42313361,"nonpositive_curvature","noisy_objective",221,"layered","",1,2.5025748,FALSE,0.1591871,0.1591871,"d+ lp- dl- ll- w+"
"layered_port","engineering15","test","weak_marker","sem",25,25,"x100","lambda0.25",141767304,0.42313395,"nonpositive_curvature","noisy_objective",210,"layered","",1,2.5019814,FALSE,0.1591871,0.1591871,"d+ lp- dl- ll- w+"
"layered_port","engineering15","test","weak_marker","sem",25,31,"native","lambda0.25",141767431,0.17410503,"nonpositive_curvature","budget_exhausted",1251,"layered","",1,23985.803,FALSE,0.16581221,0.16581221,"d+ lp- dl+ ll- w-"
"layered_port","engineering15","test","weak_marker","sem",25,31,"native","lambda1",141767431,0.26344587,"nonpositive_curvature","converged",342,"layered","",1,3.5842312,FALSE,0.21548072,0.21548072,"d+ lp- dl+ ll- w-"
"layered_port","engineering15","test","weak_marker","sem",25,31,"x0.01","lambda0.25",141767431,0.17410676,"available","noisy_objective",967,"layered","",1,10500.179,TRUE,0.16581221,0.16581221,"d+ lp- dl- ll- w-"
"layered_port","engineering15","test","weak_marker","sem",25,31,"x100","lambda0.25",141767431,0.1741051,"available","budget_exhausted",1254,"layered","",1,25459.903,TRUE,0.16581221,0.16581221,"d+ lp- dl+ ll- w-"
"layered_port","engineering15","test","weak_marker","sem",25,31,"x100","lambda1",141767431,0.26344587,"nonpositive_curvature","converged",323,"layered","",1,3.5815459,FALSE,0.21548072,0.21548072,"d+ lp- dl+ ll- w-"
"layered_port","engineering15","test","weak_marker","sem",25,33,"mixed","lambda0.25",141767433,0.27491532,"available","noisy_objective",620,"layered","",1,40045.982,FALSE,0.23481397,0.23481397,"d+ lp- dl- ll- w-"
"layered_port","engineering15","test","weak_marker","sem",25,33,"native","lambda0.25",141767433,0.27493778,"available","noisy_objective",520,"layered","",1,18261.084,FALSE,0.23481397,0.23481397,"d+ lp- dl+ ll- w-"
"layered_port","engineering15","test","weak_marker","sem",25,33,"x0.01","lambda0.25",141767433,0.27492318,"available","noisy_objective",509,"layered","",1,16893.545,FALSE,0.23481397,0.23481397,"d+ lp- dl+ ll- w-"
"layered_port","engineering15","test","weak_marker","sem",25,35,"native","lambda0.25",141767435,0.50567798,"nonpositive_curvature","noisy_objective",187,"layered","",1,2.5554234,FALSE,0.18978716,0.18978716,"d+ lp- dl- ll- w+"
"layered_port","engineering15","test","weak_marker","sem",25,35,"native","lambda1",141767435,0.5237507,"nonpositive_curvature","noisy_objective",180,"layered","",1,2.5478807,FALSE,0.26422634,0.26422634,"d+ lp- dl+ ll- w+"
"layered_port","engineering15","test","weak_marker","sem",25,35,"x100","lambda0.25",141767435,0.50567798,"nonpositive_curvature","noisy_objective",124,"layered","",1,2.5554234,FALSE,0.18978716,0.18978716,"d+ lp- dl- ll- w+"
"layered_port","engineering15","test","weak_marker","sem",25,35,"x100","lambda1",141767435,0.5237507,"nonpositive_curvature","noisy_objective",99,"layered","",1,2.5478807,FALSE,0.26422634,0.26422634,"d+ lp- dl+ ll- w+"
"layered_port","engineering15","test","weak_marker","sem",25,37,"native","lambda0.25",141767437,0.25848279,"available","noisy_objective",806,"layered","",1,25745.302,TRUE,0.1916127,0.1916127,"d+ lp- dl+ ll- w+"
"layered_port","engineering15","test","weak_marker","sem",25,37,"native","lambda1",141767437,0.44983254,"nonpositive_curvature","noisy_objective",98,"layered","",1,1.683448,FALSE,0.29216674,0.29216674,"d+ lp- dl+ ll- w-"
"layered_port","engineering15","test","weak_marker","sem",25,37,"x100","lambda0.25",141767437,0.25848383,"available","noisy_objective",852,"layered","",1,22123.968,TRUE,0.1916127,0.1916127,"d+ lp- dl+ ll- w+"
"layered_port","engineering15","test","weak_marker","sem",25,37,"x100","lambda1",141767437,0.44983254,"nonpositive_curvature","noisy_objective",90,"layered","",1,1.683448,FALSE,0.29216674,0.29216674,"d+ lp- dl+ ll- w-"
"layered_port","engineering15","test","weak_marker","sem",25,38,"native","lambda0.25",141767438,0.32148264,"nonpositive_curvature","noisy_objective",95,"layered","",1,4.3267255,FALSE,0.22772598,0.22772598,"d+ lp- dl+ ll- w-"
"layered_port","engineering15","test","weak_marker","sem",25,38,"native","lambda1",141767438,0.34864622,"nonpositive_curvature","noisy_objective",163,"layered","",1,4.3409707,FALSE,0.28236883,0.28236883,"d+ lp- dl+ ll- w-"
"layered_port","engineering15","test","weak_marker","sem",25,38,"x100","lambda0.25",141767438,0.32148264,"nonpositive_curvature","noisy_objective",119,"layered","",1,4.3267255,FALSE,0.22772598,0.22772598,"d+ lp- dl+ ll- w-"
"layered_port","engineering15","test","weak_marker","sem",25,38,"x100","lambda1",141767438,0.34864622,"nonpositive_curvature","noisy_objective",99,"layered","",1,4.3409707,FALSE,0.28236883,0.28236883,"d+ lp- dl+ ll- w-"
"layered_port","engineering15","test","weak_marker","sem",25,39,"x0.01","lambda0.25",141767439,0.32742558,"nonpositive_curvature","line_search_salvaged",704,"layered","",1,6463.5306,FALSE,0.32039107,0.32039107,"d+ lp- dl- ll- w-"
"layered_port","engineering15","test","weak_marker","sem",25,4,"native","lambda0.25",476479334,0.17563896,"available","noisy_objective",930,"layered","",1,19666.236,FALSE,0.17119504,0.17119504,"d+ lp- dl+ ll- w-"
"layered_port","engineering15","test","weak_marker","sem",25,4,"native","lambda1",476479334,0.32678138,"nonpositive_curvature","noisy_objective",175,"layered","",1,3.5028366,FALSE,0.23790419,0.23790419,"d+ lp- dl+ ll- w-"
"layered_port","engineering15","test","weak_marker","sem",25,4,"x0.01","lambda0.25",476479334,0.17564112,"available","noisy_objective",816,"layered","",1,14473.459,FALSE,0.17119504,0.17119504,"d+ lp- dl- ll- w-"
"layered_port","engineering15","test","weak_marker","sem",25,4,"x100","lambda0.25",476479334,0.1756657,"nonpositive_curvature","line_search_salvaged",623,"layered","",1,7496.8521,FALSE,0.17119504,0.17119504,"d+ lp- dl+ ll- w-"
"layered_port","engineering15","test","weak_marker","sem",25,4,"x100","lambda1",476479334,0.32678138,"nonpositive_curvature","noisy_objective",284,"layered","",1,3.5028366,FALSE,0.23790419,0.23790419,"d+ lp- dl+ ll- w-"
"layered_port","engineering15","test","weak_marker","sem",25,43,"mixed","lambda0.25",141767564,0.19116995,"available","budget_exhausted",1234,"layered","",1,27357.881,TRUE,0.19042249,0.19042249,"d+ lp- dl- ll- w+"
"layered_port","engineering15","test","weak_marker","sem",25,43,"native","lambda0.25",141767564,0.19117229,"available","noisy_objective",895,"layered","",1,7931.848,TRUE,0.19042249,0.19042249,"d+ lp- dl+ ll- w+"
"layered_port","engineering15","test","weak_marker","sem",25,43,"native","lambda1",141767564,0.31001677,"nonpositive_curvature","noisy_objective",214,"layered","",1,2.6662703,FALSE,0.25267615,0.25267615,"d+ lp- dl+ ll- w+"
"layered_port","engineering15","test","weak_marker","sem",25,43,"x100","lambda0.25",141767564,0.191171,"available","noisy_objective",1015,"layered","",1,12997.333,TRUE,0.19042249,0.19042249,"d+ lp- dl+ ll- w+"
"layered_port","engineering15","test","weak_marker","sem",25,43,"x100","lambda1",141767564,0.31000852,"nonpositive_curvature","noisy_objective",238,"layered","",1,2.6682652,FALSE,0.25267615,0.25267615,"d+ lp- dl+ ll- w+"
"layered_port","engineering15","test","weak_marker","sem",25,46,"native","lambda0.25",141767567,0.18407823,"nonpositive_curvature","converged",364,"layered","",1,2.7593948,FALSE,0.11224512,0.11224512,"d+ lp- dl+ ll- w-"
"layered_port","engineering15","test","weak_marker","sem",25,46,"x100","lambda0.25",141767567,0.18407823,"nonpositive_curvature","converged",343,"layered","",1,2.7566384,FALSE,0.11224512,0.11224512,"d+ lp- dl+ ll- w-"
"layered_port","engineering15","test","weak_marker","sem",25,46,"x100","lambda1",141767567,0.19253114,"nonpositive_curvature","noisy_objective",248,"layered","",1,2.6839795,FALSE,0.14551978,0.14551978,"d+ lp- dl+ ll- w-"
"layered_port","engineering15","test","weak_marker","sem",25,48,"native","lambda0.25",141767569,0.27640027,"available","budget_exhausted",1292,"layered","",1,15303.006,TRUE,0.27617641,0.27617641,"d+ lp- dl- ll- w-"
"layered_port","engineering15","test","weak_marker","sem",25,48,"x100","lambda0.25",141767569,0.27640023,"available","budget_exhausted",1322,"layered","",1,16151.896,TRUE,0.27617641,0.27617641,"d+ lp- dl+ ll- w-"
"layered_port","engineering15","test","weak_marker","sem",25,48,"x100","lambda1",141767569,0.50431895,"nonpositive_curvature","converged",261,"layered","",1,1.8008856,FALSE,0.33938766,0.33938766,"d+ lp- dl- ll- w-"
"layered_port","engineering15","test","weak_marker","sem",25,49,"native","lambda0.25",141767570,0.44055967,"nonpositive_curvature","noisy_objective",213,"layered","",1,2.3021568,FALSE,0.22898383,0.22898383,"d+ lp- dl+ ll- w+"
"layered_port","engineering15","test","weak_marker","sem",25,49,"x100","lambda0.25",141767570,0.44055967,"nonpositive_curvature","noisy_objective",124,"layered","",1,2.3021568,FALSE,0.22898383,0.22898383,"d+ lp- dl+ ll- w+"
"layered_port","engineering15","test","weak_marker","sem",25,5,"native","lambda0.25",476479335,0.50244607,"nonpositive_curvature","converged",269,"layered","",1,2.7518921,FALSE,0.2326895,0.2326895,"d+ lp- dl+ ll- w+"
"layered_port","engineering15","test","weak_marker","sem",25,5,"x100","lambda0.25",476479335,0.50244607,"nonpositive_curvature","converged",172,"layered","",1,2.7518664,FALSE,0.2326895,0.2326895,"d+ lp- dl+ ll- w+"
"layered_port","engineering15","test","weak_marker","sem",25,50,"native","lambda0.25",141767692,0.5096449,"nonpositive_curvature","noisy_objective",230,"layered","",1,4.4171849,FALSE,0.29497757,0.29497757,"d+ lp- dl+ ll- w-"
"layered_port","engineering15","test","weak_marker","sem",25,50,"native","lambda1",141767692,0.52631772,"nonpositive_curvature","noisy_objective",155,"layered","",1,4.5118915,FALSE,0.35049902,0.35049902,"d+ lp- dl+ ll- w-"
"layered_port","engineering15","test","weak_marker","sem",25,50,"x100","lambda0.25",141767692,0.50980134,"nonpositive_curvature","noisy_objective",143,"layered","",1,4.4222214,FALSE,0.29497757,0.29497757,"d+ lp- dl+ ll- w-"
"layered_port","engineering15","test","weak_marker","sem",25,50,"x100","lambda1",141767692,0.52631772,"nonpositive_curvature","noisy_objective",109,"layered","",1,4.5118915,FALSE,0.35049902,0.35049902,"d+ lp- dl+ ll- w-"
"layered_port","engineering15","test","weak_marker","sem",25,52,"mixed","lambda0.25",141767694,0.25961274,"available","singular_convergence",1144,"layered","",1,43066.911,TRUE,0.25849777,0.25849777,"d+ lp- dl- ll- w-"
"layered_port","engineering15","test","weak_marker","sem",25,53,"native","lambda1",141767695,0.23896014,"nonpositive_curvature","noisy_objective",136,"layered","",1,2.1496587,FALSE,0.17980029,0.17980029,"d+ lp- dl+ ll- w-"
"layered_port","engineering15","test","weak_marker","sem",25,53,"x100","lambda1",141767695,0.23896014,"nonpositive_curvature","noisy_objective",175,"layered","",1,2.1496587,FALSE,0.17980029,0.17980029,"d+ lp- dl+ ll- w-"
"layered_port","engineering15","test","weak_marker","sem",25,54,"native","lambda0.25",141767696,0.41412654,"nonpositive_curvature","noisy_objective",154,"layered","",1,1.9944386,FALSE,0.27251438,0.27251438,"d+ lp- dl+ ll- w-"
"layered_port","engineering15","test","weak_marker","sem",25,54,"native","lambda1",141767696,0.43777572,"nonpositive_curvature","noisy_objective",138,"layered","",1,1.9934267,FALSE,0.34282679,0.34282679,"d+ lp- dl+ ll- w-"
"layered_port","engineering15","test","weak_marker","sem",25,54,"x0.01","lambda0.25",141767696,0.41412654,"nonpositive_curvature","noisy_objective",126,"layered","",1,1.9944386,FALSE,0.27251438,0.27251438,"d+ lp- dl+ ll- w-"
"layered_port","engineering15","test","weak_marker","sem",25,54,"x100","lambda0.25",141767696,0.41412654,"nonpositive_curvature","noisy_objective",90,"layered","",1,1.9944386,FALSE,0.27251438,0.27251438,"d+ lp- dl+ ll- w-"
"layered_port","engineering15","test","weak_marker","sem",25,54,"x100","lambda1",141767696,0.43777572,"nonpositive_curvature","noisy_objective",133,"layered","",1,1.9934267,FALSE,0.34282679,0.34282679,"d+ lp- dl+ ll- w-"
"layered_port","engineering15","test","weak_marker","sem",25,56,"native","lambda0.25",141767698,0.63727417,"nonpositive_curvature","noisy_objective",327,"layered","",1,1.9499956,FALSE,0.29080643,0.29080643,"d+ lp- dl+ ll- w+"
"layered_port","engineering15","test","weak_marker","sem",25,56,"native","lambda1",141767698,0.59634585,"nonpositive_curvature","noisy_objective",864,"layered","",1,1.9363807,FALSE,0.38741338,0.38741338,"d+ lp- dl+ ll- w+"
"layered_port","engineering15","test","weak_marker","sem",25,56,"x0.01","lambda0.25",141767698,0.63621227,"nonpositive_curvature","noisy_objective",409,"layered","",1,1.9464015,FALSE,0.29080643,0.29080643,"d+ lp- dl- ll- w+"
"layered_port","engineering15","test","weak_marker","sem",25,56,"x100","lambda0.25",141767698,0.63011155,"nonpositive_curvature","noisy_objective",215,"layered","",1,1.9549022,FALSE,0.29080643,0.29080643,"d+ lp- dl+ ll- w+"
"layered_port","engineering15","test","weak_marker","sem",25,56,"x100","lambda1",141767698,0.68790215,"nonpositive_curvature","noisy_objective",146,"layered","",1,2.0773428,FALSE,0.38741338,0.38741338,"d+ lp- dl+ ll- w+"
"layered_port","engineering15","test","weak_marker","sem",25,58,"native","lambda1",141767700,0.30981504,"nonpositive_curvature","converged",251,"layered","",1,3.1888151,FALSE,0.26333365,0.26333365,"d+ lp- dl+ ll- w-"
"layered_port","engineering15","test","weak_marker","sem",25,58,"x100","lambda1",141767700,0.30981503,"nonpositive_curvature","converged",224,"layered","",1,3.1888139,FALSE,0.26333365,0.26333365,"d+ lp- dl+ ll- w-"
"layered_port","engineering15","test","weak_marker","sem",25,66,"native","lambda0.25",141767829,0.48814489,"nonpositive_curvature","noisy_objective",464,"layered","",1,2.7212902,FALSE,0.17101192,0.17101192,"d+ lp- dl+ ll- w+"
"layered_port","engineering15","test","weak_marker","sem",25,66,"native","lambda1",141767829,0.59559427,"nonpositive_curvature","noisy_objective",215,"layered","",1,2.4966275,FALSE,0.23973445,0.23973445,"d+ lp- dl+ ll- w+"
"layered_port","engineering15","test","weak_marker","sem",25,66,"x100","lambda0.25",141767829,0.48814489,"nonpositive_curvature","noisy_objective",522,"layered","",1,2.7212902,FALSE,0.17101192,0.17101192,"d+ lp- dl+ ll- w+"
"layered_port","engineering15","test","weak_marker","sem",25,66,"x100","lambda1",141767829,0.59559427,"nonpositive_curvature","noisy_objective",206,"layered","",1,2.4966275,FALSE,0.23973445,0.23973445,"d+ lp- dl+ ll- w+"
"layered_port","engineering15","test","weak_marker","sem",25,67,"mixed","lambda0.25",141767830,0.42054376,"nonpositive_curvature","converged",301,"layered","",1,2.2981822,FALSE,0.31790909,0.31790909,"d+ lp- dl- ll- w-"
"layered_port","engineering15","test","weak_marker","sem",25,67,"native","lambda0.25",141767830,0.42054376,"nonpositive_curvature","noisy_objective",317,"layered","",1,2.2982344,FALSE,0.31790909,0.31790909,"d+ lp- dl+ ll- w-"
"layered_port","engineering15","test","weak_marker","sem",25,67,"native","lambda1",141767830,0.45424711,"nonpositive_curvature","noisy_objective",245,"layered","",1,2.2980072,FALSE,0.38758451,0.38758451,"d+ lp- dl+ ll- w-"
"layered_port","engineering15","test","weak_marker","sem",25,67,"x0.01","lambda0.25",141767830,0.42054378,"nonpositive_curvature","noisy_objective",257,"layered","",1,2.2981072,FALSE,0.31790909,0.31790909,"d+ lp- dl- ll- w-"
"layered_port","engineering15","test","weak_marker","sem",25,67,"x100","lambda0.25",141767830,0.42054376,"nonpositive_curvature","converged",222,"layered","",1,2.2982116,FALSE,0.31790909,0.31790909,"d+ lp- dl+ ll- w-"
"layered_port","engineering15","test","weak_marker","sem",25,67,"x100","lambda1",141767830,0.45512413,"nonpositive_curvature","noisy_objective",131,"layered","",1,2.3043632,FALSE,0.38758451,0.38758451,"d+ lp- dl+ ll- w-"
"layered_port","engineering15","test","weak_marker","sem",25,68,"native","lambda1",141767831,0.43242507,"nonpositive_curvature","converged",316,"layered","",1,2.7988145,FALSE,0.36973662,0.36973662,"d+ lp- dl- ll- w+"
"layered_port","engineering15","test","weak_marker","sem",25,68,"x0.01","lambda0.25",141767831,0.29984439,"available","budget_exhausted",1288,"layered","",1,5426.7974,TRUE,0.29984928,0.29984928,"d+ lp- dl- ll- w-"
"layered_port","engineering15","test","weak_marker","sem",25,68,"x100","lambda1",141767831,0.43242508,"nonpositive_curvature","noisy_objective",346,"layered","",1,2.7984963,FALSE,0.36973662,0.36973662,"d+ lp- dl- ll- w+"
"layered_port","engineering15","test","weak_marker","sem",25,71,"native","lambda1",141767955,0.56083312,"nonpositive_curvature","noisy_objective",91,"layered","",1,4.4635537,FALSE,0.46535019,0.46535019,"d+ lp- dl+ ll- w-"
"layered_port","engineering15","test","weak_marker","sem",25,71,"x100","lambda1",141767955,0.56083312,"nonpositive_curvature","noisy_objective",82,"layered","",1,4.4635537,FALSE,0.46535019,0.46535019,"d+ lp- dl+ ll- w-"
"layered_port","engineering15","test","weak_marker","sem",25,77,"native","lambda1",141767961,0.23141787,"nonpositive_curvature","converged",297,"layered","",1,2.2059015,FALSE,0.19140201,0.19140201,"d+ lp- dl+ ll- w+"
"layered_port","engineering15","test","weak_marker","sem",25,77,"x100","lambda1",141767961,0.23141787,"nonpositive_curvature","converged",196,"layered","",1,2.2058949,FALSE,0.19140201,0.19140201,"d+ lp- dl+ ll- w+"
"layered_port","engineering15","test","weak_marker","sem",25,78,"native","lambda0.25",141767962,0.28002429,"available","noisy_objective",912,"layered","",1,26158.033,TRUE,0.26905861,0.26905861,"d+ lp- dl+ ll- w+"
"layered_port","engineering15","test","weak_marker","sem",25,78,"native","lambda1",141767962,0.47822341,"nonpositive_curvature","noisy_objective",95,"layered","",1,1.7493722,FALSE,0.36091716,0.36091716,"d+ lp- dl+ ll- w+"
"layered_port","engineering15","test","weak_marker","sem",25,78,"x100","lambda0.25",141767962,0.28002387,"available","noisy_objective",935,"layered","",1,28935.879,TRUE,0.26905861,0.26905861,"d+ lp- dl+ ll- w+"
"layered_port","engineering15","test","weak_marker","sem",25,78,"x100","lambda1",141767962,0.46362319,"nonpositive_curvature","noisy_objective",147,"layered","",1,1.7240311,FALSE,0.36091716,0.36091716,"d+ lp- dl+ ll- w+"
"layered_port","engineering15","test","weak_marker","sem",25,8,"native","lambda0.25",476479338,0.23208955,"nonpositive_curvature","noisy_objective",161,"layered","",1,4.3782008,FALSE,0.072316355,0.072316355,"d+ lp- dl+ ll- w-"
"layered_port","engineering15","test","weak_marker","sem",25,8,"native","lambda1",476479338,0.27060585,"nonpositive_curvature","noisy_objective",103,"layered","",1,4.3687452,FALSE,0.12930823,0.12930823,"d+ lp- dl+ ll- w-"
"layered_port","engineering15","test","weak_marker","sem",25,8,"x100","lambda0.25",476479338,0.23208955,"nonpositive_curvature","noisy_objective",135,"layered","",1,4.3782008,FALSE,0.072316355,0.072316355,"d+ lp- dl+ ll- w-"
"layered_port","engineering15","test","weak_marker","sem",25,8,"x100","lambda1",476479338,0.27060585,"nonpositive_curvature","noisy_objective",98,"layered","",1,4.3687452,FALSE,0.12930823,0.12930823,"d+ lp- dl+ ll- w-"
"layered_port","engineering15","test","weak_marker","sem",25,81,"native","lambda0.25",141768086,0.16466446,"available","noisy_objective",847,"layered","",1,5118.1922,TRUE,0.16452255,0.16452255,"d+ lp- dl- ll- w-"
"layered_port","engineering15","test","weak_marker","sem",25,81,"native","lambda1",141768086,0.28182904,"nonpositive_curvature","converged",193,"layered","",1,2.4905029,FALSE,0.23584312,0.23584312,"d+ lp- dl- ll- w-"
"layered_port","engineering15","test","weak_marker","sem",25,81,"x100","lambda0.25",141768086,0.1646629,"available","budget_exhausted",1252,"layered","",1,14887.904,TRUE,0.16452255,0.16452255,"d+ lp- dl- ll- w-"
"layered_port","engineering15","test","weak_marker","sem",25,81,"x100","lambda1",141768086,0.28183051,"nonpositive_curvature","noisy_objective",255,"layered","",1,2.4920703,FALSE,0.23584312,0.23584312,"d+ lp- dl- ll- w-"
"layered_port","engineering15","test","weak_marker","sem",25,82,"native","lambda0.25",141768087,0.44585806,"nonpositive_curvature","converged",123,"layered","",1,1.7116903,FALSE,0.25935777,0.25935777,"d+ lp- dl+ ll- w-"
"layered_port","engineering15","test","weak_marker","sem",25,82,"native","lambda1",141768087,0.45926635,"nonpositive_curvature","converged",144,"layered","",1,1.2420194,FALSE,0.3231614,0.3231614,"d+ lp- dl+ ll- w-"
"layered_port","engineering15","test","weak_marker","sem",25,82,"x100","lambda0.25",141768087,0.4458581,"nonpositive_curvature","converged",176,"layered","",1,1.7114861,FALSE,0.25935777,0.25935777,"d+ lp- dl+ ll- w-"
"layered_port","engineering15","test","weak_marker","sem",25,82,"x100","lambda1",141768087,0.45926636,"nonpositive_curvature","converged",151,"layered","",1,1.2420179,FALSE,0.3231614,0.3231614,"d+ lp- dl+ ll- w-"
"layered_port","engineering15","test","weak_marker","sem",25,86,"native","lambda0.25",141768091,0.14575639,"nonpositive_curvature","noisy_objective",97,"layered","",1,4.3524313,FALSE,0.10595235,0.10595235,"d+ lp- dl+ ll- w-"
"layered_port","engineering15","test","weak_marker","sem",25,86,"native","lambda1",141768091,0.17269809,"nonpositive_curvature","noisy_objective",87,"layered","",1,4.3494032,FALSE,0.13683006,0.13683006,"d+ lp- dl+ ll- w-"
"layered_port","engineering15","test","weak_marker","sem",25,86,"x100","lambda0.25",141768091,0.14575639,"nonpositive_curvature","noisy_objective",91,"layered","",1,4.3524313,FALSE,0.10595235,0.10595235,"d+ lp- dl+ ll- w-"
"layered_port","engineering15","test","weak_marker","sem",25,86,"x100","lambda1",141768091,0.17269809,"nonpositive_curvature","noisy_objective",87,"layered","",1,4.3494032,FALSE,0.13683006,0.13683006,"d+ lp- dl+ ll- w-"
"layered_port","engineering15","test","weak_marker","sem",25,88,"native","lambda1",141768093,0.38175848,"nonpositive_curvature","noisy_objective",255,"layered","",1,1.7215124,FALSE,0.30179509,0.30179509,"d+ lp- dl+ ll- w+"
"layered_port","engineering15","test","weak_marker","sem",25,88,"x100","lambda1",141768093,0.38175917,"nonpositive_curvature","noisy_objective",196,"layered","",1,1.7213911,FALSE,0.30179509,0.30179509,"d+ lp- dl+ ll- w+"
"layered_port","engineering15","test","weak_marker","sem",25,89,"native","lambda0.25",141768094,0.50572446,"nonpositive_curvature","converged",203,"layered","",1,6.2233151,FALSE,0.3275702,0.3275702,"d+ lp- dl+ ll- w+"
"layered_port","engineering15","test","weak_marker","sem",25,89,"native","lambda1",141768094,0.5233047,"nonpositive_curvature","noisy_objective",339,"layered","",1,5.9827228,FALSE,0.39937672,0.39937672,"d+ lp- dl- ll- w+"
"layered_port","engineering15","test","weak_marker","sem",25,89,"x100","lambda0.25",141768094,0.50572671,"nonpositive_curvature","converged",246,"layered","",1,6.2185163,FALSE,0.3275702,0.3275702,"d+ lp- dl+ ll- w+"
"layered_port","engineering15","test","weak_marker","sem",25,89,"x100","lambda1",141768094,0.5233047,"nonpositive_curvature","converged",287,"layered","",1,5.9721906,FALSE,0.39937672,0.39937672,"d+ lp- dl+ ll- w+"
"layered_port","engineering15","test","weak_marker","sem",25,9,"mixed","lambda1",476479339,0.20176915,"nonpositive_curvature","converged",270,"layered","",1,1.8819193,FALSE,0.17059694,0.17059694,"d+ lp- dl- ll- w+"
"layered_port","engineering15","test","weak_marker","sem",25,9,"native","lambda0.25",476479339,0.18387991,"nonpositive_curvature","converged",329,"layered","",1,2.1297662,FALSE,0.13037474,0.13037474,"d+ lp- dl+ ll- w+"
"layered_port","engineering15","test","weak_marker","sem",25,9,"native","lambda1",476479339,0.20176916,"nonpositive_curvature","noisy_objective",286,"layered","",1,1.8820199,FALSE,0.17059694,0.17059694,"d+ lp- dl+ ll- w+"
"layered_port","engineering15","test","weak_marker","sem",25,9,"x100","lambda0.25",476479339,0.18387991,"nonpositive_curvature","converged",252,"layered","",1,2.1297575,FALSE,0.14108074,0.13037474,"d+ lp- dl+ ll- w+"
"layered_port","engineering15","test","weak_marker","sem",25,9,"x100","lambda1",476479339,0.20176915,"nonpositive_curvature","noisy_objective",272,"layered","",1,1.8819419,FALSE,0.17059694,0.17059694,"d+ lp- dl+ ll- w+"
"layered_port","engineering15","test","weak_marker","sem",25,90,"native","lambda0.25",141768216,0.33102288,"nonpositive_curvature","noisy_objective",120,"layered","",1,1.5316734,FALSE,0.23406128,0.23406128,"d+ lp- dl+ ll- w+"
"layered_port","engineering15","test","weak_marker","sem",25,90,"native","lambda1",141768216,0.36014958,"nonpositive_curvature","noisy_objective",132,"layered","",1,1.5355045,FALSE,0.30018721,0.30018721,"d+ lp- dl+ ll- w+"
"layered_port","engineering15","test","weak_marker","sem",25,90,"x100","lambda0.25",141768216,0.33102288,"nonpositive_curvature","noisy_objective",85,"layered","",1,1.5316734,FALSE,0.23406128,0.23406128,"d+ lp- dl+ ll- w+"
"layered_port","engineering15","test","weak_marker","sem",25,90,"x100","lambda1",141768216,0.36014958,"nonpositive_curvature","noisy_objective",95,"layered","",1,1.5355045,FALSE,0.30018721,0.30018721,"d+ lp- dl+ ll- w+"
"layered_port","engineering15","test","weak_marker","sem",25,96,"native","lambda0.25",141768222,0.38252908,"nonpositive_curvature","noisy_objective",107,"layered","",1,3.3522943,FALSE,0.21539365,0.21539365,"d+ lp- dl+ ll- w+"
"layered_port","engineering15","test","weak_marker","sem",25,96,"native","lambda1",141768222,0.40981618,"nonpositive_curvature","noisy_objective",127,"layered","",1,3.3500871,FALSE,0.29146589,0.29146589,"d+ lp- dl+ ll- w+"
"layered_port","engineering15","test","weak_marker","sem",25,96,"x100","lambda0.25",141768222,0.38252908,"nonpositive_curvature","noisy_objective",135,"layered","",1,3.3522943,FALSE,0.21539365,0.21539365,"d+ lp- dl+ ll- w+"
"layered_port","engineering15","test","weak_marker","sem",25,96,"x100","lambda1",141768222,0.40981618,"nonpositive_curvature","noisy_objective",100,"layered","",1,3.3500871,FALSE,0.29146589,0.29146589,"d+ lp- dl+ ll- w+"
"layered_port","ernst","control","ernst","sem",25,12,"mixed","lambda0.25",1703139730,0.22076419,"available","noisy_objective",504,"layered","",1,9974.374,TRUE,0.17536592,0.17536592,"d+ lp- dl- ll- w+"
"layered_port","ernst","control","ernst","sem",25,12,"native","lambda0.25",1703139730,0.22076323,"available","noisy_objective",517,"layered","",1,10606.261,TRUE,0.17536592,0.17536592,"d+ lp- dl+ ll- w+"
"layered_port","ernst","control","ernst","sem",25,12,"native","lambda1",1703139730,0.30245217,"nonpositive_curvature","noisy_objective",287,"layered","",1,1.1405118,FALSE,0.2385647,0.2385647,"d+ lp- dl+ ll- w+"
"layered_port","ernst","control","ernst","sem",25,12,"x0.01","lambda0.25",1703139730,0.22074995,"available","singular_convergence",1076,"layered","",1,129674.03,TRUE,0.17536592,0.17536592,"d+ lp- dl+ ll- w+"
"layered_port","ernst","control","ernst","sem",25,12,"x100","lambda0.25",1703139730,0.22075021,"available","noisy_objective",1021,"layered","",1,106078.96,TRUE,0.17536592,0.17536592,"d+ lp- dl+ ll- w+"
"layered_port","ernst","control","ernst","sem",25,12,"x100","lambda1",1703139730,0.30244175,"nonpositive_curvature","noisy_objective",282,"layered","",1,1.1437834,FALSE,0.2385647,0.2385647,"d+ lp- dl+ ll- w+"
"layered_port","ernst","control","ernst","sem",25,2,"native","lambda0.25",1521157509,0.39205365,"available","noisy_objective",619,"layered","",1,17485.671,TRUE,0.28425678,0.28425678,"d+ lp- dl+ ll- w+"
"layered_port","ernst","control","ernst","sem",25,2,"native","lambda1",1521157509,0.51183727,"available","noisy_objective",887,"layered","",1,71797.492,FALSE,0.41699249,0.41699249,"d+ lp- dl+ ll- w+"
"layered_port","ernst","control","ernst","sem",25,2,"x100","lambda0.25",1521157509,0.39203374,"available","singular_convergence",1083,"layered","",1,139356.57,TRUE,0.28425678,0.28425678,"d+ lp- dl+ ll- w+"
"layered_port","ernst","control","ernst","sem",25,2,"x100","lambda1",1521157509,0.51189469,"available","noisy_objective",860,"layered","",1,65887.065,FALSE,0.41699249,0.41699249,"d+ lp- dl+ ll- w+"
"layered_port","ernst","control","ernst","sem",25,24,"native","lambda0.25",1703139863,0.32169863,"available","noisy_objective",617,"layered","",1,16641.274,TRUE,0.26159835,0.26159835,"d+ lp- dl+ ll- w+"
"layered_port","ernst","control","ernst","sem",25,24,"native","lambda1",1703139863,0.41331471,"nonpositive_curvature","noisy_objective",264,"layered","",1,1.2410126,FALSE,0.35046596,0.35046596,"d+ lp- dl+ ll- w+"
"layered_port","ernst","control","ernst","sem",25,24,"x0.01","lambda1",1703139863,0.4133147,"nonpositive_curvature","converged",192,"layered","",1,1.2410261,FALSE,0.35046596,0.35046596,"d+ lp- dl+ ll- w+"
"layered_port","ernst","control","ernst","sem",25,24,"x100","lambda0.25",1703139863,0.32169946,"available","singular_convergence",720,"layered","",1,30864.001,TRUE,0.26159835,0.26159835,"d+ lp- dl+ ll- w+"
"layered_port","ernst","control","ernst","sem",25,24,"x100","lambda1",1703139863,0.4133147,"nonpositive_curvature","converged",175,"layered","",1,1.2410261,FALSE,0.35046596,0.35046596,"d+ lp- dl+ ll- w+"
"layered_port","ernst","control","ernst","sem",25,26,"native","lambda0.25",1703139865,0.76884055,"nonpositive_curvature","noisy_objective",125,"layered","",1,1,FALSE,0.39623188,0.39623188,"d+ lp- dl+ ll- w+"
"layered_port","ernst","control","ernst","sem",25,26,"native","lambda1",1703139865,0.83457836,"nonpositive_curvature","noisy_objective",166,"layered","",1,1,FALSE,0.49017205,0.49017205,"d+ lp- dl+ ll- w+"
"layered_port","ernst","control","ernst","sem",25,26,"x0.01","lambda1",1703139865,0.83457836,"nonpositive_curvature","noisy_objective",104,"layered","",1,1,FALSE,0.49017205,0.49017205,"d+ lp- dl+ ll- w+"
"layered_port","ernst","control","ernst","sem",25,26,"x100","lambda0.25",1703139865,0.76884055,"nonpositive_curvature","noisy_objective",99,"layered","",1,1,FALSE,0.39623188,0.39623188,"d+ lp- dl+ ll- w+"
"layered_port","ernst","control","ernst","sem",25,26,"x100","lambda1",1703139865,0.83457836,"nonpositive_curvature","noisy_objective",100,"layered","",1,1,FALSE,0.49017205,0.49017205,"d+ lp- dl+ ll- w+"
"layered_port","ernst","control","ernst","sem",25,42,"native","lambda1",1703140123,0.35081294,"nonpositive_curvature","noisy_objective",185,"layered","",1,1.0223255,FALSE,0.3220454,0.3220454,"d+ lp- dl+ ll- w+"
"layered_port","ernst","control","ernst","sem",25,42,"x0.01","lambda1",1703140123,0.35081184,"nonpositive_curvature","noisy_objective",177,"layered","",1,1.0212192,FALSE,0.3220454,0.3220454,"d+ lp- dl+ ll- w+"
"layered_port","ernst","control","ernst","sem",25,42,"x100","lambda1",1703140123,0.35081184,"nonpositive_curvature","converged",167,"layered","",1,1.0211958,FALSE,0.3220454,0.3220454,"d+ lp- dl+ ll- w+"
"layered_port","ernst","control","ernst","sem",25,51,"native","lambda0.25",1703140253,0.36441909,"nonpositive_curvature","noisy_objective",96,"layered","",1,1,FALSE,0.2629938,0.2618004,"d+ lp- dl+ ll- w+"
"layered_port","ernst","control","ernst","sem",25,51,"native","lambda1",1703140253,0.41594122,"nonpositive_curvature","noisy_objective",102,"layered","",1,1,FALSE,0.33370118,0.33194285,"d+ lp- dl+ ll- w+"
"layered_port","ernst","control","ernst","sem",25,51,"x100","lambda0.25",1703140253,0.36441909,"nonpositive_curvature","noisy_objective",162,"layered","",1,1,FALSE,0.2629938,0.2618004,"d+ lp- dl+ ll- w+"
"layered_port","ernst","control","ernst","sem",25,51,"x100","lambda1",1703140253,0.41594122,"nonpositive_curvature","noisy_objective",91,"layered","",1,1,FALSE,0.33370118,0.33194285,"d+ lp- dl+ ll- w+"
"layered_port","ernst","control","ernst","sem",25,57,"native","lambda0.25",1703140259,0.11763842,"available","noisy_objective",606,"layered","",1,9534.4797,TRUE,0.11151474,0.11151474,"d+ lp- dl+ ll- w+"
"layered_port","ernst","control","ernst","sem",25,57,"native","lambda1",1703140259,0.18819238,"nonpositive_curvature","converged",179,"layered","",1,2.2653946,FALSE,0.16451429,0.16451429,"d+ lp- dl+ ll- w+"
"layered_port","ernst","control","ernst","sem",25,57,"x100","lambda0.25",1703140259,0.11763588,"available","noisy_objective",797,"layered","",1,23226.663,TRUE,0.11151474,0.11151474,"d+ lp- dl+ ll- w+"
"layered_port","ernst","control","ernst","sem",25,57,"x100","lambda1",1703140259,0.18819238,"nonpositive_curvature","noisy_objective",241,"layered","",1,2.2653824,FALSE,0.16451429,0.16451429,"d+ lp- dl+ ll- w+"
"layered_port","ernst","control","ernst","sem",25,62,"native","lambda0.25",1703140385,0.35345344,"nonpositive_curvature","noisy_objective",95,"layered","",1,1,FALSE,0.26456922,0.26456922,"d+ lp- dl+ ll- w+"
"layered_port","ernst","control","ernst","sem",25,62,"native","lambda1",1703140385,0.43488246,"nonpositive_curvature","noisy_objective",98,"layered","",1,1,FALSE,0.35933813,0.35933813,"d+ lp- dl+ ll- w+"
"layered_port","ernst","control","ernst","sem",25,62,"x0.01","lambda0.25",1703140385,0.35345344,"nonpositive_curvature","noisy_objective",111,"layered","",1,1,FALSE,0.26456922,0.26456922,"d+ lp- dl- ll- w+"
"layered_port","ernst","control","ernst","sem",25,62,"x100","lambda0.25",1703140385,0.35345344,"nonpositive_curvature","noisy_objective",85,"layered","",1,1,FALSE,0.26456922,0.26456922,"d+ lp- dl+ ll- w+"
"layered_port","ernst","control","ernst","sem",25,62,"x100","lambda1",1703140385,0.42219941,"nonpositive_curvature","noisy_objective",146,"layered","",1,1,FALSE,0.35933813,0.35933813,"d+ lp- dl+ ll- w+"
"layered_port","ernst","control","ernst","sem",25,63,"mixed","lambda0.25",1703140386,0.47024896,"nonpositive_curvature","converged",264,"layered","",1,1.6723154,FALSE,0.29829327,0.29829327,"d+ lp- dl+ ll- w+"
"layered_port","ernst","control","ernst","sem",25,63,"native","lambda0.25",1703140386,0.47024896,"nonpositive_curvature","converged",196,"layered","",1,1.6723176,FALSE,0.29829327,0.29829327,"d+ lp- dl+ ll- w+"
"layered_port","ernst","control","ernst","sem",25,63,"native","lambda1",1703140386,0.50766587,"nonpositive_curvature","converged",126,"layered","",1,1.5040443,FALSE,0.39317059,0.39317059,"d+ lp- dl+ ll- w+"
"layered_port","ernst","control","ernst","sem",25,63,"x0.01","lambda1",1703140386,0.50766587,"nonpositive_curvature","converged",123,"layered","",1,1.5040398,FALSE,0.39317059,0.39317059,"d+ lp- dl- ll- w+"
"layered_port","ernst","control","ernst","sem",25,63,"x100","lambda0.25",1703140386,0.47024896,"nonpositive_curvature","converged",264,"layered","",1,1.6723094,FALSE,0.29829327,0.29829327,"d+ lp- dl+ ll- w+"
"layered_port","ernst","control","ernst","sem",25,63,"x100","lambda1",1703140386,0.50766587,"nonpositive_curvature","converged",126,"layered","",1,1.5040445,FALSE,0.39317059,0.39317059,"d+ lp- dl+ ll- w+"
"layered_port","ernst","control","ernst","sem",25,65,"native","lambda0.25",1703140388,0.46374219,"nonpositive_curvature","noisy_objective",103,"layered","",1,1.2142028,FALSE,0.22434076,0.22434076,"d+ lp- dl+ ll- w+"
"layered_port","ernst","control","ernst","sem",25,65,"native","lambda1",1703140388,0.52257789,"nonpositive_curvature","noisy_objective",205,"layered","",1,1.2037226,FALSE,0.31659422,0.31659422,"d+ lp- dl+ ll- w+"
"layered_port","ernst","control","ernst","sem",25,65,"x0.01","lambda0.25",1703140388,0.46374219,"nonpositive_curvature","noisy_objective",127,"layered","",1,1.2142028,FALSE,0.22434076,0.22434076,"d+ lp- dl+ ll- w+"
"layered_port","ernst","control","ernst","sem",25,65,"x0.01","lambda1",1703140388,0.52257789,"nonpositive_curvature","noisy_objective",103,"layered","",1,1.2037226,FALSE,0.31659422,0.31659422,"d+ lp- dl+ ll- w+"
"layered_port","ernst","control","ernst","sem",25,65,"x100","lambda0.25",1703140388,0.46374219,"nonpositive_curvature","noisy_objective",98,"layered","",1,1.2142028,FALSE,0.22434076,0.22434076,"d+ lp- dl+ ll- w+"
"layered_port","ernst","control","ernst","sem",25,65,"x100","lambda1",1703140388,0.52257789,"nonpositive_curvature","noisy_objective",245,"layered","",1,1.2037226,FALSE,0.31659422,0.31659422,"d+ lp- dl+ ll- w+"
"layered_port","ernst","control","ernst","sem",25,68,"native","lambda1",1703140391,0.8088968,"nonpositive_curvature","noisy_objective",102,"layered","",1,1,FALSE,0.47275779,0.47275779,"d+ lp- dl+ ll+ w+"
"layered_port","ernst","control","ernst","sem",25,68,"x0.01","lambda1",1703140391,0.79765371,"nonpositive_curvature","noisy_objective",144,"layered","",1,1,FALSE,0.47275779,0.47275779,"d+ lp- dl+ ll+ w+"
"layered_port","ernst","control","ernst","sem",25,68,"x100","lambda1",1703140391,0.7975446,"nonpositive_curvature","noisy_objective",181,"layered","",1,1,FALSE,0.47275779,0.47275779,"d+ lp- dl+ ll+ w+"
"layered_port","ernst","control","ernst","sem",25,76,"mixed","lambda0.25",1703140520,0.26761146,"nonpositive_curvature","converged",108,"layered","",1,1,FALSE,0.24589732,0.24589732,"d+ lp- dl- ll- w+"
"layered_port","ernst","control","ernst","sem",25,76,"native","lambda0.25",1703140520,0.26761146,"nonpositive_curvature","converged",118,"layered","",1,1,FALSE,0.24589732,0.24589732,"d+ lp- dl+ ll- w+"
"layered_port","ernst","control","ernst","sem",25,76,"native","lambda1",1703140520,0.32452383,"nonpositive_curvature","converged",174,"layered","",1,1,FALSE,0.28788566,0.28788566,"d+ lp- dl+ ll- w+"
"layered_port","ernst","control","ernst","sem",25,76,"x100","lambda0.25",1703140520,0.26761146,"nonpositive_curvature","noisy_objective",191,"layered","",1,1,FALSE,0.22120305,0.22120305,"d+ lp- dl+ ll- w+"
"layered_port","ernst","control","ernst","sem",25,76,"x100","lambda1",1703140520,0.32452383,"nonpositive_curvature","converged",288,"layered","",1,1,FALSE,0.28788566,0.28788566,"d+ lp- dl+ ll- w+"
"layered_port","research47","test","r47_f1_p3_face","one_factor",25,14,"native","lambda0.25",1364291406,1.0248475,"nonpositive_curvature","noisy_objective",179,"layered","",1,1,FALSE,0.035140001,0.035140001,"d+ lp- dl+ ll- w+"
"layered_port","research47","test","r47_f1_p3_face","one_factor",25,14,"native","lambda1",1364291406,1.0248652,"nonpositive_curvature","noisy_objective",140,"layered","",1,1,FALSE,0.1330658,0.1330658,"d+ lp- dl+ ll- w+"
"layered_port","research47","test","r47_f1_p3_face","one_factor",25,14,"x0.01","lambda0.25",1364291406,1.0248475,"nonpositive_curvature","noisy_objective",145,"layered","",1,1,FALSE,0.035140001,0.035140001,"d+ lp- dl+ ll- w+"
"layered_port","research47","test","r47_f1_p3_face","one_factor",25,14,"x0.01","lambda1",1364291406,1.0248652,"nonpositive_curvature","noisy_objective",105,"layered","",1,1,FALSE,0.1330658,0.1330658,"d+ lp- dl+ ll- w+"
"layered_port","research47","test","r47_f1_p3_face","one_factor",25,14,"x100","lambda0.25",1364291406,1.0248475,"nonpositive_curvature","noisy_objective",119,"layered","",1,1,FALSE,0.035140001,0.035140001,"d+ lp- dl+ ll- w+"
"layered_port","research47","test","r47_f1_p3_face","one_factor",25,14,"x100","lambda1",1364291406,1.0248652,"nonpositive_curvature","noisy_objective",91,"layered","",1,1,FALSE,0.1330658,0.1330658,"d+ lp- dl+ ll- w+"
"layered_port","research47","test","r47_f1_p3_face","one_factor",25,18,"native","lambda0.25",1364291410,0.83044391,"nonpositive_curvature","noisy_objective",208,"layered","",1,1,FALSE,0.17052619,0.17052619,"d+ lp- dl+ ll- w+"
"layered_port","research47","test","r47_f1_p3_face","one_factor",25,18,"native","lambda1",1364291410,0.83048303,"nonpositive_curvature","noisy_objective",335,"layered","",1,1,FALSE,0.24611017,0.24611017,"d+ lp- dl+ ll- w+"
"layered_port","research47","test","r47_f1_p3_face","one_factor",25,18,"x0.01","lambda0.25",1364291410,0.83044391,"nonpositive_curvature","noisy_objective",113,"layered","",1,1,FALSE,0.17052619,0.17052619,"d+ lp- dl+ ll- w+"
"layered_port","research47","test","r47_f1_p3_face","one_factor",25,18,"x0.01","lambda1",1364291410,0.83048303,"nonpositive_curvature","noisy_objective",276,"layered","",1,1,FALSE,0.24611017,0.24611017,"d+ lp- dl+ ll- w+"
"layered_port","research47","test","r47_f1_p3_face","one_factor",25,18,"x100","lambda0.25",1364291410,0.83044391,"nonpositive_curvature","noisy_objective",136,"layered","",1,1,FALSE,0.17052619,0.17052619,"d+ lp- dl+ ll- w+"
"layered_port","research47","test","r47_f1_p3_face","one_factor",25,18,"x100","lambda1",1364291410,0.83048303,"nonpositive_curvature","noisy_objective",370,"layered","",1,1,FALSE,0.24611017,0.24611017,"d+ lp- dl+ ll- w+"
"layered_port","research47","test","r47_f1_p3_face","one_factor",25,20,"native","lambda0.25",1364291533,0.87140862,"nonpositive_curvature","noisy_objective",244,"layered","",1,1,FALSE,0.03351689,0.03351689,"d+ lp- dl+ ll- w+"
"layered_port","research47","test","r47_f1_p3_face","one_factor",25,20,"native","lambda1",1364291533,0.87142429,"nonpositive_curvature","noisy_objective",163,"layered","",1,1,FALSE,0.12132232,0.12132232,"d+ lp- dl+ ll- w+"
"layered_port","research47","test","r47_f1_p3_face","one_factor",25,20,"x0.01","lambda0.25",1364291533,0.87140862,"nonpositive_curvature","noisy_objective",84,"layered","",1,1,FALSE,0.03351689,0.03351689,"d+ lp- dl+ ll- w+"
"layered_port","research47","test","r47_f1_p3_face","one_factor",25,20,"x0.01","lambda1",1364291533,0.87142429,"nonpositive_curvature","noisy_objective",110,"layered","",1,1,FALSE,0.12132232,0.12132232,"d+ lp- dl+ ll- w+"
"layered_port","research47","test","r47_f1_p3_face","one_factor",25,20,"x100","lambda0.25",1364291533,0.87140862,"nonpositive_curvature","noisy_objective",216,"layered","",1,1,FALSE,0.03351689,0.03351689,"d+ lp- dl+ ll- w+"
"layered_port","research47","test","r47_f1_p3_face","one_factor",25,20,"x100","lambda1",1364291533,0.87142429,"nonpositive_curvature","noisy_objective",197,"layered","",1,1,FALSE,0.12132232,0.12132232,"d+ lp- dl+ ll- w+"
"layered_port","research47","test","r47_f1_p3_face","one_factor",25,21,"native","lambda0.25",1364291534,0.67176028,"nonpositive_curvature","noisy_objective",83,"layered","",1,1,FALSE,0.12486048,0.12486048,"d+ lp- dl+ ll- w+"
"layered_port","research47","test","r47_f1_p3_face","one_factor",25,21,"native","lambda1",1364291534,0.67183032,"nonpositive_curvature","noisy_objective",158,"layered","",1,1,FALSE,0.19610294,0.19610294,"d+ lp- dl+ ll- w+"
"layered_port","research47","test","r47_f1_p3_face","one_factor",25,21,"x0.01","lambda0.25",1364291534,0.67176028,"nonpositive_curvature","noisy_objective",106,"layered","",1,1,FALSE,0.12486048,0.12486048,"d+ lp- dl+ ll- w+"
"layered_port","research47","test","r47_f1_p3_face","one_factor",25,21,"x0.01","lambda1",1364291534,0.67183032,"nonpositive_curvature","noisy_objective",123,"layered","",1,1,FALSE,0.19610294,0.19610294,"d+ lp- dl+ ll- w+"
"layered_port","research47","test","r47_f1_p3_face","one_factor",25,21,"x100","lambda0.25",1364291534,0.67176028,"nonpositive_curvature","noisy_objective",107,"layered","",1,1,FALSE,0.12486048,0.12486048,"d+ lp- dl+ ll- w+"
"layered_port","research47","test","r47_f1_p3_face","one_factor",25,21,"x100","lambda1",1364291534,0.67183032,"nonpositive_curvature","noisy_objective",97,"layered","",1,1,FALSE,0.19610294,0.19610294,"d+ lp- dl+ ll- w+"
"layered_port","research47","test","r47_f1_p3_face","one_factor",25,77,"native","lambda0.25",1364292195,1.0883812,"nonpositive_curvature","noisy_objective",118,"layered","",1,1,FALSE,0.088948331,0.088948331,"d+ lp- dl+ ll- w+"
"layered_port","research47","test","r47_f1_p3_face","one_factor",25,77,"native","lambda1",1364292195,1.0884026,"nonpositive_curvature","noisy_objective",147,"layered","",1,1,FALSE,0.18751663,0.18751663,"d+ lp- dl+ ll- w+"
"layered_port","research47","test","r47_f1_p3_face","one_factor",25,77,"x0.01","lambda0.25",1364292195,1.0883812,"nonpositive_curvature","noisy_objective",114,"layered","",1,1,FALSE,0.088948331,0.088948331,"d+ lp- dl+ ll- w+"
"layered_port","research47","test","r47_f1_p3_face","one_factor",25,77,"x0.01","lambda1",1364292195,1.0884026,"nonpositive_curvature","noisy_objective",94,"layered","",1,1,FALSE,0.18751663,0.18751663,"d+ lp- dl+ ll- w+"
"layered_port","research47","test","r47_f1_p3_face","one_factor",25,77,"x100","lambda0.25",1364292195,1.0883812,"nonpositive_curvature","noisy_objective",114,"layered","",1,1,FALSE,0.088948331,0.088948331,"d+ lp- dl+ ll- w+"
"layered_port","research47","test","r47_f1_p3_face","one_factor",25,77,"x100","lambda1",1364292195,1.0884026,"nonpositive_curvature","noisy_objective",116,"layered","",1,1,FALSE,0.18751663,0.18751663,"d+ lp- dl+ ll- w+"
"layered_port","research47","test","r47_f1_p3_face","one_factor",25,81,"native","lambda0.25",1364292320,1.0838098,"nonpositive_curvature","noisy_objective",143,"layered","",1,1,FALSE,0.16858368,0.16858368,"d+ lp- dl+ ll- w+"
"layered_port","research47","test","r47_f1_p3_face","one_factor",25,81,"native","lambda1",1364292320,1.0838285,"nonpositive_curvature","noisy_objective",141,"layered","",1,1,FALSE,0.26305357,0.26305357,"d+ lp- dl+ ll- w+"
"layered_port","research47","test","r47_f1_p3_face","one_factor",25,81,"x0.01","lambda0.25",1364292320,1.0838098,"nonpositive_curvature","noisy_objective",135,"layered","",1,1,FALSE,0.16858368,0.16858368,"d+ lp- dl+ ll- w+"
"layered_port","research47","test","r47_f1_p3_face","one_factor",25,81,"x0.01","lambda1",1364292320,1.0838285,"nonpositive_curvature","noisy_objective",161,"layered","",1,1,FALSE,0.26305357,0.26305357,"d+ lp- dl+ ll- w+"
"layered_port","research47","test","r47_f1_p3_face","one_factor",25,81,"x100","lambda0.25",1364292320,1.0838098,"nonpositive_curvature","noisy_objective",112,"layered","",1,1,FALSE,0.16858368,0.16858368,"d+ lp- dl+ ll- w+"
"layered_port","research47","test","r47_f1_p3_face","one_factor",25,81,"x100","lambda1",1364292320,1.0838285,"nonpositive_curvature","noisy_objective",182,"layered","",1,1,FALSE,0.26305357,0.26305357,"d+ lp- dl+ ll- w+"
"layered_port","research47","test","r47_f1_p3","one_factor",25,100,"native","lambda0.25",1653403907,0.46775529,"nonpositive_curvature","noisy_objective",468,"layered","",1,1.2325341,FALSE,0.074887557,0.074887557,"d+ lp- dl+ ll- w+"
"layered_port","research47","test","r47_f1_p3","one_factor",25,100,"native","lambda1",1653403907,0.46777919,"nonpositive_curvature","noisy_objective",79,"layered","",1,1.2308436,FALSE,0.13275082,0.13275082,"d+ lp- dl+ ll- w+"
"layered_port","research47","test","r47_f1_p3","one_factor",25,100,"x0.01","lambda0.25",1653403907,0.46775529,"nonpositive_curvature","noisy_objective",369,"layered","",1,1.2325341,FALSE,0.074887557,0.074887557,"d+ lp- dl+ ll- w+"
"layered_port","research47","test","r47_f1_p3","one_factor",25,100,"x0.01","lambda1",1653403907,0.46777919,"nonpositive_curvature","noisy_objective",79,"layered","",1,1.2308436,FALSE,0.13275082,0.13275082,"d+ lp- dl+ ll- w+"
"layered_port","research47","test","r47_f1_p3","one_factor",25,100,"x100","lambda0.25",1653403907,0.46775529,"nonpositive_curvature","noisy_objective",414,"layered","",1,1.2325341,FALSE,0.074887557,0.074887557,"d+ lp- dl+ ll- w+"
"layered_port","research47","test","r47_f1_p3","one_factor",25,100,"x100","lambda1",1653403907,0.46777919,"nonpositive_curvature","noisy_objective",79,"layered","",1,1.2308436,FALSE,0.13275082,0.13275082,"d+ lp- dl+ ll- w+"
"layered_port","research47","test","r47_f1_p3","one_factor",25,19,"native","lambda0.25",1045380715,0.26221017,"nonpositive_curvature","noisy_objective",516,"layered","",1,1.5262397,FALSE,0.017084321,0.017084321,"d+ lp- dl+ ll- w+"
"layered_port","research47","test","r47_f1_p3","one_factor",25,19,"native","lambda1",1045380715,0.26226414,"nonpositive_curvature","noisy_objective",309,"layered","",1,1.5253513,FALSE,0.059152919,0.059152919,"d+ lp- dl+ ll- w+"
"layered_port","research47","test","r47_f1_p3","one_factor",25,19,"x0.01","lambda0.25",1045380715,0.26221017,"nonpositive_curvature","noisy_objective",411,"layered","",1,1.5262397,FALSE,0.017084321,0.017084321,"d+ lp- dl+ ll- w+"
"layered_port","research47","test","r47_f1_p3","one_factor",25,19,"x0.01","lambda1",1045380715,0.26226414,"nonpositive_curvature","noisy_objective",307,"layered","",1,1.5253513,FALSE,0.059152919,0.059152919,"d+ lp- dl+ ll- w+"
"layered_port","research47","test","r47_f1_p3","one_factor",25,19,"x100","lambda0.25",1045380715,0.26221017,"nonpositive_curvature","noisy_objective",409,"layered","",1,1.5262397,FALSE,0.017084321,0.017084321,"d+ lp- dl+ ll- w+"
"layered_port","research47","test","r47_f1_p3","one_factor",25,19,"x100","lambda1",1045380715,0.26226414,"nonpositive_curvature","noisy_objective",260,"layered","",1,1.5253513,FALSE,0.059152919,0.059152919,"d+ lp- dl+ ll- w+"
"layered_port","research47","test","r47_f1_p3","one_factor",25,47,"native","lambda0.25",1045381106,0.4203543,"nonpositive_curvature","noisy_objective",174,"layered","",1,1,FALSE,0.047428233,0.047428233,"d+ lp- dl+ ll- w+"
"layered_port","research47","test","r47_f1_p3","one_factor",25,47,"native","lambda1",1045381106,0.42041448,"nonpositive_curvature","noisy_objective",90,"layered","",1,1,FALSE,0.10142257,0.10142257,"d+ lp- dl+ ll- w+"
"layered_port","research47","test","r47_f1_p3","one_factor",25,47,"x0.01","lambda0.25",1045381106,0.4203543,"nonpositive_curvature","noisy_objective",162,"layered","",1,1,FALSE,0.047428233,0.047428233,"d+ lp- dl+ ll- w+"
"layered_port","research47","test","r47_f1_p3","one_factor",25,47,"x0.01","lambda1",1045381106,0.42041448,"nonpositive_curvature","noisy_objective",90,"layered","",1,1,FALSE,0.10142257,0.10142257,"d+ lp- dl+ ll- w+"
"layered_port","research47","test","r47_f1_p3","one_factor",25,47,"x100","lambda0.25",1045381106,0.4203543,"nonpositive_curvature","noisy_objective",125,"layered","",1,1,FALSE,0.047428233,0.047428233,"d+ lp- dl+ ll- w+"
"layered_port","research47","test","r47_f1_p3","one_factor",25,47,"x100","lambda1",1045381106,0.42041448,"nonpositive_curvature","noisy_objective",90,"layered","",1,1,FALSE,0.10142257,0.10142257,"d+ lp- dl+ ll- w+"
"layered_port","research47","test","r47_f1_p3","one_factor",25,7,"native","lambda0.25",1909568568,0.33984825,"nonpositive_curvature","noisy_objective",383,"layered","",1,1.3767193,FALSE,0.018858287,0.018858287,"d+ lp- dl+ ll- w+"
"layered_port","research47","test","r47_f1_p3","one_factor",25,7,"native","lambda1",1909568568,0.3398681,"nonpositive_curvature","noisy_objective",487,"layered","",1,1.3747283,FALSE,0.067954398,0.067954398,"d+ lp- dl+ ll- w+"
"layered_port","research47","test","r47_f1_p3","one_factor",25,7,"x0.01","lambda0.25",1909568568,0.33984825,"nonpositive_curvature","noisy_objective",386,"layered","",1,1.3767193,FALSE,0.018858287,0.018858287,"d+ lp- dl+ ll- w+"
"layered_port","research47","test","r47_f1_p3","one_factor",25,7,"x100","lambda0.25",1909568568,0.33984825,"nonpositive_curvature","noisy_objective",286,"layered","",1,1.3767193,FALSE,0.018858287,0.018858287,"d+ lp- dl+ ll- w+"
"layered_port","research47","test","r47_f1_p3","one_factor",25,7,"x100","lambda1",1909568568,0.3398681,"nonpositive_curvature","noisy_objective",433,"layered","",1,1.3747283,FALSE,0.067954398,0.067954398,"d+ lp- dl+ ll- w+"
"layered_port","research47","test","r47_f1_p3","one_factor",25,84,"native","lambda0.25",1045381627,0.80746524,"nonpositive_curvature","noisy_objective",356,"layered","",1,1,FALSE,0.061603587,0.061603587,"d+ lp- dl+ ll- w+"
"layered_port","research47","test","r47_f1_p3","one_factor",25,84,"native","lambda1",1045381627,0.80747145,"nonpositive_curvature","noisy_objective",113,"layered","",1,1,FALSE,0.14313505,0.14313505,"d+ lp- dl+ ll- w+"
"layered_port","research47","test","r47_f1_p3","one_factor",25,84,"x0.01","lambda0.25",1045381627,0.80746524,"nonpositive_curvature","noisy_objective",308,"layered","",1,1,FALSE,0.061603587,0.061603587,"d+ lp- dl+ ll- w+"
"layered_port","research47","test","r47_f1_p3","one_factor",25,84,"x0.01","lambda1",1045381627,0.80747145,"nonpositive_curvature","noisy_objective",298,"layered","",1,1,FALSE,0.14313505,0.14313505,"d+ lp- dl+ ll- w+"
"layered_port","research47","test","r47_f1_p3","one_factor",25,84,"x100","lambda0.25",1045381627,0.80746524,"nonpositive_curvature","noisy_objective",215,"layered","",1,1,FALSE,0.061603587,0.061603587,"d+ lp- dl+ ll- w+"
"layered_port","research47","test","r47_f1_p3","one_factor",25,84,"x100","lambda1",1045381627,0.80747145,"nonpositive_curvature","noisy_objective",107,"layered","",1,1,FALSE,0.14313505,0.14313505,"d+ lp- dl+ ll- w+"
"layered_port","research47","test","r47_f2_r100","two_factor",25,74,"native","lambda1",74053846,1.0664829,"nonpositive_curvature","noisy_objective",256,"layered","",1,3.5748345,FALSE,0.34744426,0.34744426,"d+ lp- dl- ll- w+"
"layered_port","research47","test","r47_f2_r100","two_factor",25,74,"x100","lambda1",74053846,1.0664774,"nonpositive_curvature","noisy_objective",282,"layered","",1,3.5713699,FALSE,0.34744426,0.34744426,"d+ lp- dl- ll- w+"
"layered_port","research47","test","r47_f2_r97","two_factor",25,61,"native","lambda0.25",1874971482,0.32185454,"nonpositive_curvature","noisy_objective",955,"layered","",1,79730.232,FALSE,0.22851854,0.22851854,"d+ lp- dl+ ll- w+"
"layered_port","research47","test","r47_f2_r97","two_factor",25,61,"native","lambda1",1874971482,0.42473556,"nonpositive_curvature","singular_convergence",1266,"layered","",1,362023.46,FALSE,0.33499272,0.33499272,"d+ lp- dl+ ll- w+"
"layered_port","research47","test","r47_f2_r97","two_factor",25,61,"x100","lambda0.25",1874971482,0.32186628,"nonpositive_curvature","noisy_objective",1069,"layered","",1,130965.05,FALSE,0.22851854,0.22851854,"d+ lp- dl+ ll- w+"
"layered_port","research47","test","r47_f2_r97","two_factor",25,61,"x100","lambda1",1874971482,0.42474726,"available","noisy_objective",682,"layered","",1,35416.046,FALSE,0.33499272,0.33499272,"d+ lp- dl+ ll- w+"
"layered_port","research47","test","r47_f2_r99","two_factor",25,87,"native","lambda0.25",1495818609,0.27943654,"available","budget_exhausted",1263,"layered","",1,46243.851,TRUE,0.26495177,0.26495177,"d+ lp- dl+ ll- w+"
"layered_port","research47","test","r47_f2_r99","two_factor",25,87,"native","lambda1",1495818609,0.41534645,"available","budget_exhausted",1245,"layered","",1,63745.766,TRUE,0.39899605,0.39899605,"d+ lp- dl+ ll- w+"
"layered_port","research47","test","r47_f2_r99","two_factor",25,87,"x100","lambda0.25",1495818609,0.27943649,"available","budget_exhausted",1236,"layered","",1,47089.497,TRUE,0.26495177,0.26495177,"d+ lp- dl+ ll- w+"
"layered_port","research47","test","r47_f2_r99","two_factor",25,87,"x100","lambda1",1495818609,0.41534697,"available","singular_convergence",1209,"layered","",1,50768.031,TRUE,0.39899605,0.39899605,"d+ lp- dl+ ll- w+"
"layered_port","research47","test","r47_imp_f2_r103","two_factor",25,28,"mixed","lambda1",741383598,0.55201601,"nonpositive_curvature","converged",217,"layered","",1,2.3136127,FALSE,0.31644384,0.31644384,"d+ lp- dl- ll- w+"
"layered_port","research47","test","r47_imp_f2_r103","two_factor",25,28,"native","lambda0.25",741383598,0.53026299,"nonpositive_curvature","converged",175,"layered","",1,2.3489885,FALSE,0.22273162,0.22273162,"d+ lp- dl+ ll- w+"
"layered_port","research47","test","r47_imp_f2_r103","two_factor",25,28,"native","lambda1",741383598,0.55201616,"nonpositive_curvature","noisy_objective",229,"layered","",1,2.313057,FALSE,0.31644384,0.31644384,"d+ lp- dl+ ll- w+"
"layered_port","research47","test","r47_imp_f2_r103","two_factor",25,28,"x0.01","lambda1",741383598,0.55201601,"nonpositive_curvature","converged",206,"layered","",1,2.3136154,FALSE,0.31644384,0.31644384,"d+ lp- dl- ll- w+"
"layered_port","research47","test","r47_imp_f2_r103","two_factor",25,28,"x100","lambda0.25",741383598,0.53026299,"nonpositive_curvature","converged",191,"layered","",1,2.3490686,FALSE,0.22273162,0.22273162,"d+ lp- dl+ ll- w+"
"layered_port","research47","test","r47_imp_f2_r103","two_factor",25,28,"x100","lambda1",741383598,0.55201616,"nonpositive_curvature","noisy_objective",221,"layered","",1,2.3130548,FALSE,0.31644384,0.31644384,"d+ lp- dl+ ll- w+"
"layered_port","research47","test","r47_imp_f2_r103","two_factor",25,57,"native","lambda0.25",741383990,0.47698198,"nonpositive_curvature","noisy_objective",230,"layered","",1,1.3906268,FALSE,0.21407092,0.21407092,"d+ lp- dl+ ll- w+"
"layered_port","research47","test","r47_imp_f2_r103","two_factor",25,57,"native","lambda1",741383990,0.49813601,"nonpositive_curvature","noisy_objective",148,"layered","",1,1.4053729,FALSE,0.29699539,0.29699539,"d+ lp- dl+ ll- w+"
"layered_port","research47","test","r47_imp_f2_r103","two_factor",25,57,"x0.01","lambda1",741383990,0.49533778,"nonpositive_curvature","converged",155,"layered","",1,1.3541505,FALSE,0.29699539,0.29699539,"d+ lp- dl- ll- w+"
"layered_port","research47","test","r47_imp_f2_r103","two_factor",25,57,"x100","lambda0.25",741383990,0.47698198,"nonpositive_curvature","converged",221,"layered","",1,1.3908252,FALSE,0.21407092,0.21407092,"d+ lp- dl+ ll- w+"
"layered_port","research47","test","r47_imp_f2_r103","two_factor",25,57,"x100","lambda1",741383990,0.49533779,"nonpositive_curvature","converged",158,"layered","",1,1.3552381,FALSE,0.29699539,0.29699539,"d+ lp- dl+ ll- w+"
"layered_port","research47","test","r47_imp_f2_r103","two_factor",25,74,"native","lambda0.25",741384249,0.84390175,"nonpositive_curvature","converged",240,"layered","",1,1.7527907,FALSE,0.3584507,0.3584507,"d+ lp- dl+ ll- w+"
"layered_port","research47","test","r47_imp_f2_r103","two_factor",25,74,"native","lambda1",741384249,0.88838453,"nonpositive_curvature","converged",206,"layered","",1,1.7526767,FALSE,0.48803917,0.48803917,"d+ lp- dl+ ll- w+"
"layered_port","research47","test","r47_imp_f2_r103","two_factor",25,74,"x100","lambda0.25",741384249,0.84390177,"nonpositive_curvature","noisy_objective",319,"layered","",1,1.7527343,FALSE,0.3584507,0.3584507,"d+ lp- dl+ ll- w+"
"layered_port","research47","test","r47_imp_f2_r103","two_factor",25,74,"x100","lambda1",741384249,0.88840738,"nonpositive_curvature","noisy_objective",211,"layered","",1,1.7498986,FALSE,0.48803917,0.48803917,"d+ lp- dl+ ll- w+"
"layered_port","research47","test","r47_mis_f2_resid","two_factor",25,34,"native","lambda0.25",1080452740,0.1772938,"available","budget_exhausted",1290,"layered","",1,71704.32,TRUE,0.1529615,0.1529615,"d+ lp- dl+ ll- w+"
"layered_port","research47","test","r47_mis_f2_resid","two_factor",25,34,"native","lambda1",1080452740,0.29441172,"available","noisy_objective",796,"layered","",1,23018.894,TRUE,0.26998446,0.26998446,"d+ lp- dl+ ll- w+"
"layered_port","research47","test","r47_mis_f2_resid","two_factor",25,34,"x0.01","lambda1",1080452740,0.2944098,"available","noisy_objective",1138,"layered","",1,60242.012,FALSE,0.26998446,0.26998446,"d+ lp- dl- ll- w+"
"layered_port","research47","test","r47_mis_f2_resid","two_factor",25,34,"x100","lambda0.25",1080452740,0.17730077,"available","noisy_objective",769,"layered","",1,15871.952,TRUE,0.1529615,0.1529615,"d+ lp- dl+ ll- w+"
"layered_port","research47","test","r47_mis_f2_resid","two_factor",25,34,"x100","lambda1",1080452740,0.29443796,"available","singular_convergence",1252,"layered","",1,102008.82,FALSE,0.26998446,0.26998446,"d+ lp- dl+ ll- w+"
"layered_port","research47","test","r47_mis_f2_resid","two_factor",25,55,"mixed","lambda1",1080453003,0.57131384,"nonpositive_curvature","noisy_objective",311,"layered","",1,1.6170441,FALSE,0.26833441,0.26833441,"d+ lp- dl+ ll- w+"
"layered_port","research47","test","r47_mis_f2_resid","two_factor",25,55,"native","lambda0.25",1080453003,0.31095302,"nonpositive_curvature","noisy_objective",727,"layered","",1,97135.554,FALSE,0.16196924,0.16196924,"d+ lp- dl+ ll- w+"
"layered_port","research47","test","r47_mis_f2_resid","two_factor",25,55,"native","lambda1",1080453003,0.57131385,"nonpositive_curvature","converged",120,"layered","",1,1.6170805,FALSE,0.26833441,0.26833441,"d+ lp- dl+ ll- w+"
"layered_port","research47","test","r47_mis_f2_resid","two_factor",25,55,"x0.01","lambda1",1080453003,0.57131384,"nonpositive_curvature","converged",141,"layered","",1,1.6171178,FALSE,0.26833441,0.26833441,"d+ lp- dl- ll- w+"
"layered_port","research47","test","r47_mis_f2_resid","two_factor",25,55,"x100","lambda0.25",1080453003,0.310955,"nonpositive_curvature","singular_convergence",1081,"layered","",1,336033.8,FALSE,0.16196924,0.16196924,"d+ lp- dl+ ll- w+"
"layered_port","research47","test","r47_mis_f2_resid","two_factor",25,55,"x100","lambda1",1080453003,0.57131385,"nonpositive_curvature","converged",120,"layered","",1,1.6170785,FALSE,0.26833441,0.26833441,"d+ lp- dl+ ll- w+"
"layered_port","research47","test","r47_mis_f2_resid","two_factor",25,68,"native","lambda1",1080453137,0.92454485,"nonpositive_curvature","noisy_objective",191,"layered","",1,2.0951879,FALSE,0.56806086,0.56806086,"d+ lp- dl+ ll- w+"
"layered_port","research47","test","r47_mis_f2_resid","two_factor",25,68,"x100","lambda1",1080453137,0.92454345,"nonpositive_curvature","noisy_objective",213,"layered","",1,2.0951155,FALSE,0.56806086,0.56806086,"d+ lp- dl+ ll- w+"
"layered_port","research47","test","r47_mis_f2_resid","two_factor",25,70,"mixed","lambda1",1080453260,0.61599054,"nonpositive_curvature","noisy_objective",178,"layered","",1,1.7661678,FALSE,0.38997084,0.38997084,"d+ lp- dl+ ll- w+"
"layered_port","research47","test","r47_mis_f2_resid","two_factor",25,70,"native","lambda0.25",1080453260,0.58533955,"nonpositive_curvature","converged",295,"layered","",1,1.8533595,FALSE,0.31469164,0.31469164,"d+ lp- dl+ ll- w+"
"layered_port","research47","test","r47_mis_f2_resid","two_factor",25,70,"native","lambda1",1080453260,0.61599056,"nonpositive_curvature","noisy_objective",175,"layered","",1,1.7664535,FALSE,0.38997084,0.38997084,"d+ lp- dl+ ll- w+"
"layered_port","research47","test","r47_mis_f2_resid","two_factor",25,70,"x100","lambda0.25",1080453260,0.58533955,"nonpositive_curvature","noisy_objective",325,"layered","",1,1.8533408,FALSE,0.31469164,0.31469164,"d+ lp- dl+ ll- w+"
"layered_port","research47","test","r47_mis_f2_resid","two_factor",25,70,"x100","lambda1",1080453260,0.61599054,"nonpositive_curvature","noisy_objective",154,"layered","",1,1.766264,FALSE,0.38997084,0.38997084,"d+ lp- dl+ ll- w+"
"layered_port","research47","test","r47_mis_f2_resid","two_factor",25,79,"mixed","lambda1",1080453269,0.46955775,"nonpositive_curvature","noisy_objective",141,"layered","",1,1.7041219,FALSE,0.31306913,0.31306913,"d+ lp- dl+ ll- w+"
"layered_port","research47","test","r47_mis_f2_resid","two_factor",25,79,"native","lambda0.25",1080453269,0.44343525,"nonpositive_curvature","converged",174,"layered","",1,1.7473628,FALSE,0.23358959,0.23358959,"d+ lp- dl+ ll- w+"
"layered_port","research47","test","r47_mis_f2_resid","two_factor",25,79,"native","lambda1",1080453269,0.46955775,"nonpositive_curvature","noisy_objective",143,"layered","",1,1.7041219,FALSE,0.31306913,0.31306913,"d+ lp- dl+ ll- w+"
"layered_port","research47","test","r47_mis_f2_resid","two_factor",25,79,"x0.01","lambda1",1080453269,0.46955775,"nonpositive_curvature","noisy_objective",137,"layered","",1,1.7041219,FALSE,0.31306913,0.31306913,"d+ lp- dl+ ll- w+"
"layered_port","research47","test","r47_mis_f2_resid","two_factor",25,79,"x100","lambda0.25",1080453269,0.44343525,"nonpositive_curvature","noisy_objective",322,"layered","",1,1.7473299,FALSE,0.23358959,0.23358959,"d+ lp- dl+ ll- w+"
"layered_port","research47","test","r47_mis_f2_resid","two_factor",25,79,"x100","lambda1",1080453269,0.46955775,"nonpositive_curvature","noisy_objective",147,"layered","",1,1.7041219,FALSE,0.31306913,0.31306913,"d+ lp- dl+ ll- w+"
"layered_port","research47","test","r47_path_r2_100","path",25,15,"native","lambda0.25",1022393334,1.2723308,"nonpositive_curvature","converged",285,"layered","",1,4.0439076,FALSE,0.85462059,0.85462059,"d+ lp- dl+ ll- w+"
"layered_port","research47","test","r47_path_r2_100","path",25,15,"native","lambda1",1022393334,1.3303013,"nonpositive_curvature","noisy_objective",194,"layered","",1,3.4633379,FALSE,0.99234173,0.99234173,"d+ lp- dl+ ll- w+"
"layered_port","research47","test","r47_path_r2_100","path",25,15,"x0.01","lambda1",1022393334,1.3302999,"nonpositive_curvature","noisy_objective",212,"layered","",1,3.4614931,FALSE,0.99077568,0.99077568,"d+ lp- dl+ ll- w+"
"layered_port","research47","test","r47_path_r2_100","path",25,15,"x100","lambda0.25",1022393334,1.272452,"nonpositive_curvature","noisy_objective",156,"layered","",1,3.6727927,FALSE,0.85462059,0.85462059,"d+ lp- dl+ ll- w+"
"layered_port","research47","test","r47_path_r2_100","path",25,15,"x100","lambda1",1022393334,1.3303,"nonpositive_curvature","noisy_objective",207,"layered","",1,3.4681622,FALSE,0.99234173,0.99234173,"d+ lp- dl+ ll- w+"
"layered_port","research47","test","r47_path_r2_90","path",25,55,"native","lambda0.25",791278379,0.66504437,"available","noisy_objective",1002,"layered","",1,11479.711,FALSE,0.66418962,0.66418962,"d+ lp- dl+ ll- w+"
"layered_port","research47","test","r47_path_r2_90","path",25,55,"native","lambda1",791278379,0.988853,"nonpositive_curvature","noisy_objective",283,"layered","",1,2.5369965,FALSE,0.79690039,0.79690039,"d+ lp- dl+ ll- w+"
"layered_port","research47","test","r47_path_r2_90","path",25,55,"x100","lambda0.25",791278379,0.66504223,"available","noisy_objective",942,"layered","",1,7436.5335,TRUE,0.66418962,0.66418962,"d+ lp- dl+ ll- w+"
"layered_port","research47","test","r47_path_r2_90","path",25,55,"x100","lambda1",791278379,0.98681747,"nonpositive_curvature","converged",259,"layered","",1,2.5464339,FALSE,0.79690039,0.79690039,"d+ lp- dl+ ll- w+"
"layered_port","wolf","test","wolf_1f4i_l50","cfa",25,13,"mixed","lambda0.25",672298928,0.061449022,"nonpositive_curvature","noisy_objective",170,"layered","",1,1,FALSE,0.032849078,0.032849078,"d+ lp- dl+ ll- w+"
"layered_port","wolf","test","wolf_1f4i_l50","cfa",25,13,"native","lambda0.25",672298928,0.061449022,"nonpositive_curvature","noisy_objective",131,"layered","",1,1,FALSE,0.032849078,0.032849078,"d+ lp- dl+ ll- w+"
"layered_port","wolf","test","wolf_1f4i_l50","cfa",25,13,"native","lambda1",672298928,0.06150603,"nonpositive_curvature","noisy_objective",121,"layered","",1,1,FALSE,0.044582815,0.044582815,"d+ lp- dl+ ll- w+"
"layered_port","wolf","test","wolf_1f4i_l50","cfa",25,13,"x0.01","lambda0.25",672298928,0.061449022,"nonpositive_curvature","noisy_objective",126,"layered","",1,1,FALSE,0.032849078,0.032849078,"d+ lp- dl+ ll- w+"
"layered_port","wolf","test","wolf_1f4i_l50","cfa",25,13,"x0.01","lambda1",672298928,0.06150603,"nonpositive_curvature","noisy_objective",88,"layered","",1,1,FALSE,0.044582815,0.044582815,"d+ lp- dl+ ll- w+"
"layered_port","wolf","test","wolf_1f4i_l50","cfa",25,13,"x100","lambda0.25",672298928,0.061449022,"nonpositive_curvature","noisy_objective",98,"layered","",1,1,FALSE,0.032849078,0.032849078,"d+ lp- dl+ ll- w+"
"layered_port","wolf","test","wolf_1f4i_l50","cfa",25,13,"x100","lambda1",672298928,0.06150603,"nonpositive_curvature","noisy_objective",85,"layered","",1,1,FALSE,0.044582815,0.044582815,"d+ lp- dl+ ll- w+"
"layered_port","wolf","test","wolf_1f4i_l50","cfa",25,30,"mixed","lambda0.25",672299187,0.087517748,"nonpositive_curvature","noisy_objective",165,"layered","",1,1,FALSE,0.046907573,0.046907573,"d+ lp- dl+ ll- w+"
"layered_port","wolf","test","wolf_1f4i_l50","cfa",25,30,"mixed","lambda1",672299187,0.087607075,"nonpositive_curvature","noisy_objective",99,"layered","",1,1,FALSE,0.061199943,0.061199943,"d+ lp- dl+ ll- w+"
"layered_port","wolf","test","wolf_1f4i_l50","cfa",25,30,"native","lambda0.25",672299187,0.087517748,"nonpositive_curvature","noisy_objective",102,"layered","",1,1,FALSE,0.047510187,0.047510187,"d+ lp- dl+ ll- w+"
"layered_port","wolf","test","wolf_1f4i_l50","cfa",25,30,"native","lambda1",672299187,0.087607075,"nonpositive_curvature","noisy_objective",95,"layered","",1,1,FALSE,0.061199943,0.061199943,"d+ lp- dl+ ll- w+"
"layered_port","wolf","test","wolf_1f4i_l50","cfa",25,30,"x0.01","lambda0.25",672299187,0.087517748,"nonpositive_curvature","noisy_objective",96,"layered","",1,1,FALSE,0.047510187,0.047510187,"d+ lp- dl+ ll- w+"
"layered_port","wolf","test","wolf_1f4i_l50","cfa",25,30,"x0.01","lambda1",672299187,0.087607075,"nonpositive_curvature","noisy_objective",90,"layered","",1,1,FALSE,0.061199943,0.061199943,"d+ lp- dl+ ll- w+"
"layered_port","wolf","test","wolf_1f4i_l50","cfa",25,30,"x100","lambda0.25",672299187,0.087517748,"nonpositive_curvature","noisy_objective",90,"layered","",1,1,FALSE,0.047510187,0.047510187,"d+ lp- dl+ ll- w+"
"layered_port","wolf","test","wolf_1f4i_l50","cfa",25,30,"x100","lambda1",672299187,0.087607075,"nonpositive_curvature","noisy_objective",95,"layered","",1,1,FALSE,0.061199943,0.061199943,"d+ lp- dl+ ll- w+"
"layered_port","wolf","test","wolf_1f4i_l50","cfa",25,60,"mixed","lambda0.25",672299580,0.11360393,"nonpositive_curvature","noisy_objective",103,"layered","",1,1,FALSE,0.05014844,0.05014844,"d+ lp- dl+ ll- w+"
"layered_port","wolf","test","wolf_1f4i_l50","cfa",25,60,"mixed","lambda1",672299580,0.11364471,"nonpositive_curvature","noisy_objective",89,"layered","",1,1,FALSE,0.070587569,0.070587569,"d+ lp- dl+ ll- w+"
"layered_port","wolf","test","wolf_1f4i_l50","cfa",25,76,"mixed","lambda1",672299717,0.41514656,"nonpositive_curvature","noisy_objective",89,"layered","",1,1.5904856,FALSE,0.16018027,0.16018027,"d+ lp- dl+ ll- w+"
"layered_port","wolf","test","wolf_1f4i_l50","cfa",25,76,"native","lambda1",672299717,0.41514656,"nonpositive_curvature","noisy_objective",89,"layered","",1,1.5904856,FALSE,0.16018027,0.16018027,"d+ lp- dl+ ll- w+"
"layered_port","wolf","test","wolf_1f4i_l50","cfa",25,76,"x0.01","lambda1",672299717,0.41514656,"nonpositive_curvature","noisy_objective",89,"layered","",1,1.5904856,FALSE,0.16018027,0.16018027,"d+ lp- dl+ ll- w+"
"layered_port","wolf","test","wolf_1f4i_l50","cfa",25,76,"x100","lambda1",672299717,0.41514656,"nonpositive_curvature","noisy_objective",122,"layered","",1,1.5904856,FALSE,0.16018027,0.16018027,"d+ lp- dl+ ll- w+"
"layered_port","wolf","test","wolf_1f4i_l50","cfa",25,8,"mixed","lambda0.25",1119856386,0.41008367,"nonpositive_curvature","noisy_objective",131,"layered","",1,1,FALSE,0.15989429,0.15989429,"d+ lp- dl+ ll- w+"
"layered_port","wolf","test","wolf_1f4i_l50","cfa",25,8,"mixed","lambda1",1119856386,0.4102286,"nonpositive_curvature","noisy_objective",90,"layered","",1,1,FALSE,0.20716883,0.20716883,"d+ lp- dl+ ll- w+"
"layered_port","wolf","test","wolf_1f4i_l50","cfa",25,8,"native","lambda0.25",1119856386,0.41008367,"nonpositive_curvature","noisy_objective",205,"layered","",1,1,FALSE,0.15989429,0.15989429,"d+ lp- dl+ ll- w+"
"layered_port","wolf","test","wolf_1f4i_l50","cfa",25,8,"native","lambda1",1119856386,0.4102286,"nonpositive_curvature","noisy_objective",93,"layered","",1,1,FALSE,0.20716883,0.20716883,"d+ lp- dl+ ll- w+"
"layered_port","wolf","test","wolf_1f4i_l50","cfa",25,8,"x0.01","lambda0.25",1119856386,0.41008367,"nonpositive_curvature","noisy_objective",102,"layered","",1,1,FALSE,0.15989429,0.15989429,"d+ lp- dl+ ll- w+"
"layered_port","wolf","test","wolf_1f4i_l50","cfa",25,8,"x0.01","lambda1",1119856386,0.4102286,"nonpositive_curvature","noisy_objective",85,"layered","",1,1,FALSE,0.20716883,0.20716883,"d+ lp- dl+ ll- w+"
"layered_port","wolf","test","wolf_1f4i_l50","cfa",25,8,"x100","lambda0.25",1119856386,0.41008367,"nonpositive_curvature","noisy_objective",96,"layered","",1,1,FALSE,0.15989429,0.15989429,"d+ lp- dl+ ll- w+"
"layered_port","wolf","test","wolf_1f4i_l50","cfa",25,8,"x100","lambda1",1119856386,0.4102286,"nonpositive_curvature","noisy_objective",85,"layered","",1,1,FALSE,0.20716883,0.20716883,"d+ lp- dl+ ll- w+"
"layered_port","wolf","test","wolf_1f6i_l50","cfa",25,41,"native","lambda0.25",261279909,0.076898454,"available","budget_exhausted",1230,"layered","",1,4550.4712,TRUE,0.076902423,0.076887271,"d+ lp- dl- ll- w+"
"layered_port","wolf","test","wolf_1f6i_l50","cfa",25,48,"mixed","lambda0.25",261279916,0.14924345,"nonpositive_curvature","noisy_objective",135,"layered","",1,1,FALSE,0.089936726,0.089936726,"d+ lp- dl+ ll- w+"
"layered_port","wolf","test","wolf_1f6i_l50","cfa",25,48,"mixed","lambda1",261279916,0.15212176,"nonpositive_curvature","noisy_objective",92,"layered","",1,1,FALSE,0.10609847,0.10609847,"d+ lp- dl+ ll- w+"
"layered_port","wolf","test","wolf_1f6i_l50","cfa",25,48,"native","lambda0.25",261279916,0.14954175,"nonpositive_curvature","noisy_objective",120,"layered","",1,1,FALSE,0.089936726,0.089936726,"d+ lp- dl+ ll- w+"
"layered_port","wolf","test","wolf_1f6i_l50","cfa",25,48,"native","lambda1",261279916,0.15212176,"nonpositive_curvature","noisy_objective",99,"layered","",1,1,FALSE,0.10609847,0.10609847,"d+ lp- dl+ ll- w+"
"layered_port","wolf","test","wolf_1f6i_l50","cfa",25,48,"x0.01","lambda0.25",261279916,0.14888835,"nonpositive_curvature","noisy_objective",158,"layered","",1,1,FALSE,0.089936726,0.089936726,"d+ lp- dl+ ll- w+"
"layered_port","wolf","test","wolf_1f6i_l50","cfa",25,48,"x0.01","lambda1",261279916,0.15212176,"nonpositive_curvature","noisy_objective",96,"layered","",1,1,FALSE,0.10609847,0.10609847,"d+ lp- dl+ ll- w+"
"layered_port","wolf","test","wolf_1f6i_l50","cfa",25,48,"x100","lambda0.25",261279916,0.14954175,"nonpositive_curvature","noisy_objective",95,"layered","",1,1,FALSE,0.089936726,0.089936726,"d+ lp- dl+ ll- w+"
"layered_port","wolf","test","wolf_1f6i_l50","cfa",25,48,"x100","lambda1",261279916,0.15212176,"nonpositive_curvature","noisy_objective",99,"layered","",1,1,FALSE,0.10609847,0.10609847,"d+ lp- dl+ ll- w+"
"layered_port","wolf","test","wolf_1f6i_l50","cfa",25,56,"mixed","lambda0.25",261280045,0.75659914,"nonpositive_curvature","noisy_objective",181,"layered","",1,1,FALSE,0.50536655,0.50536655,"d+ lp- dl+ ll- w+"
"layered_port","wolf","test","wolf_1f6i_l50","cfa",25,56,"mixed","lambda1",261280045,0.75665832,"nonpositive_curvature","noisy_objective",119,"layered","",1,1,FALSE,0.53640049,0.53640049,"d+ lp- dl+ ll- w+"
"layered_port","wolf","test","wolf_1f6i_l50","cfa",25,56,"native","lambda0.25",261280045,0.75659914,"nonpositive_curvature","noisy_objective",225,"layered","",1,1,FALSE,0.50536655,0.50536655,"d+ lp- dl+ ll- w+"
"layered_port","wolf","test","wolf_1f6i_l50","cfa",25,56,"native","lambda1",261280045,0.75665832,"nonpositive_curvature","noisy_objective",224,"layered","",1,1,FALSE,0.53640049,0.53640049,"d+ lp- dl+ ll- w+"
"layered_port","wolf","test","wolf_1f6i_l50","cfa",25,56,"x0.01","lambda0.25",261280045,0.75659914,"nonpositive_curvature","noisy_objective",120,"layered","",1,1,FALSE,0.50536655,0.50536655,"d+ lp- dl+ ll- w+"
"layered_port","wolf","test","wolf_1f6i_l50","cfa",25,56,"x0.01","lambda1",261280045,0.75665832,"nonpositive_curvature","noisy_objective",186,"layered","",1,1,FALSE,0.53640049,0.53640049,"d+ lp- dl+ ll- w+"
"layered_port","wolf","test","wolf_1f6i_l50","cfa",25,56,"x100","lambda0.25",261280045,0.75659914,"nonpositive_curvature","noisy_objective",180,"layered","",1,1,FALSE,0.50536655,0.50536655,"d+ lp- dl+ ll- w+"
"layered_port","wolf","test","wolf_1f6i_l50","cfa",25,56,"x100","lambda1",261280045,0.75665832,"nonpositive_curvature","noisy_objective",219,"layered","",1,1,FALSE,0.53640049,0.53640049,"d+ lp- dl+ ll- w+"
"layered_port","wolf","test","wolf_1f6i_l50","cfa",25,67,"native","lambda1",261280177,0.32456196,"available","line_search_salvaged",691,"layered","",1,1150.9996,TRUE,0.32456502,0.32456502,"d+ lp- dl- ll- w-"
"layered_port","wolf","test","wolf_1f8i_l50","cfa",25,36,"mixed","lambda0.25",1997744002,0.90085512,"nonpositive_curvature","noisy_objective",91,"layered","",1,1,FALSE,0.55424612,0.55424612,"d+ lp- dl+ ll- w+"
"layered_port","wolf","test","wolf_1f8i_l50","cfa",25,36,"mixed","lambda1",1997744002,0.90041348,"nonpositive_curvature","noisy_objective",136,"layered","",1,1,FALSE,0.60996605,0.60996605,"d+ lp- dl+ ll- w+"
"layered_port","wolf","test","wolf_1f8i_l50","cfa",25,36,"native","lambda0.25",1997744002,0.90040007,"nonpositive_curvature","noisy_objective",158,"layered","",1,1,FALSE,0.55424612,0.55424612,"d+ lp- dl+ ll- w+"
"layered_port","wolf","test","wolf_1f8i_l50","cfa",25,36,"native","lambda1",1997744002,0.90041345,"nonpositive_curvature","noisy_objective",152,"layered","",1,1,FALSE,0.60996605,0.60996605,"d+ lp- dl+ ll- w+"
"layered_port","wolf","test","wolf_1f8i_l50","cfa",25,36,"x0.01","lambda0.25",1997744002,0.90085512,"nonpositive_curvature","noisy_objective",88,"layered","",1,1,FALSE,0.55424612,0.55424612,"d+ lp- dl+ ll- w+"
"layered_port","wolf","test","wolf_1f8i_l50","cfa",25,36,"x0.01","lambda1",1997744002,0.90042813,"nonpositive_curvature","noisy_objective",179,"layered","",1,1,FALSE,0.60996605,0.60996605,"d+ lp- dl+ ll- w+"
"layered_port","wolf","test","wolf_1f8i_l50","cfa",25,36,"x100","lambda0.25",1997744002,0.90039425,"nonpositive_curvature","noisy_objective",130,"layered","",1,1,FALSE,0.55424612,0.55424612,"d+ lp- dl+ ll- w+"
"layered_port","wolf","test","wolf_1f8i_l50","cfa",25,36,"x100","lambda1",1997744002,0.90041349,"nonpositive_curvature","noisy_objective",185,"layered","",1,1,FALSE,0.60996605,0.60996605,"d+ lp- dl+ ll- w+"
"layered_port","wolf","test","wolf_1f8i_l50","cfa",25,55,"mixed","lambda0.25",1997744263,0.53981267,"nonpositive_curvature","noisy_objective",181,"layered","",1,1,FALSE,0.38662383,0.38662383,"d+ lp- dl+ ll- w+"
"layered_port","wolf","test","wolf_1f8i_l50","cfa",25,55,"mixed","lambda1",1997744263,0.53982117,"nonpositive_curvature","noisy_objective",111,"layered","",1,1,FALSE,0.41262871,0.41262871,"d+ lp- dl+ ll- w+"
"layered_port","wolf","test","wolf_1f8i_l50","cfa",25,55,"native","lambda0.25",1997744263,0.54367914,"nonpositive_curvature","noisy_objective",81,"layered","",1,1,FALSE,0.38662383,0.38662383,"d+ lp- dl+ ll- w+"
"layered_port","wolf","test","wolf_1f8i_l50","cfa",25,55,"native","lambda1",1997744263,0.5446256,"nonpositive_curvature","noisy_objective",71,"layered","",1,1,FALSE,0.41262871,0.41262871,"d+ lp- dl+ ll- w+"
"layered_port","wolf","test","wolf_1f8i_l50","cfa",25,55,"x0.01","lambda0.25",1997744263,0.54059225,"nonpositive_curvature","noisy_objective",231,"layered","",1,1,FALSE,0.38662383,0.38662383,"d+ lp- dl+ ll- w+"
"layered_port","wolf","test","wolf_1f8i_l50","cfa",25,55,"x0.01","lambda1",1997744263,0.5446256,"nonpositive_curvature","noisy_objective",169,"layered","",1,1,FALSE,0.41262871,0.41262871,"d+ lp- dl+ ll- w+"
"layered_port","wolf","test","wolf_1f8i_l50","cfa",25,55,"x100","lambda0.25",1997744263,0.53981268,"nonpositive_curvature","noisy_objective",117,"layered","",1,1,FALSE,0.38662383,0.38662383,"d+ lp- dl+ ll- w+"
"layered_port","wolf","test","wolf_1f8i_l50","cfa",25,55,"x100","lambda1",1997744263,0.53982393,"nonpositive_curvature","noisy_objective",144,"layered","",1,1,FALSE,0.41262871,0.41262871,"d+ lp- dl+ ll- w+"
"layered_port","wolf","test","wolf_2f3i_l50","cfa",100,49,"mixed","lambda0.25",424199646,0.075604096,"nonpositive_curvature","converged",264,"layered","",1,1,FALSE,0.038488995,0.038488995,"d+ lp- dl+ ll- w+"
"layered_port","wolf","test","wolf_2f3i_l50","cfa",100,49,"mixed","lambda1",424199646,0.080174228,"nonpositive_curvature","noisy_objective",176,"layered","",1,1,FALSE,0.049944078,0.049944078,"d+ lp- dl+ ll- w+"
"layered_port","wolf","test","wolf_2f3i_l50","cfa",100,49,"native","lambda0.25",424199646,0.075604096,"nonpositive_curvature","converged",236,"layered","",1,1,FALSE,0.038488995,0.038488995,"d+ lp- dl+ ll- w+"
"layered_port","wolf","test","wolf_2f3i_l50","cfa",100,49,"native","lambda1",424199646,0.080174228,"nonpositive_curvature","noisy_objective",189,"layered","",1,1,FALSE,0.049944078,0.049944078,"d+ lp- dl+ ll- w+"
"layered_port","wolf","test","wolf_2f3i_l50","cfa",100,49,"x0.01","lambda0.25",424199646,0.075604162,"nonpositive_curvature","noisy_objective",202,"layered","",1,1,FALSE,0.038488995,0.038488995,"d+ lp- dl+ ll- w+"
"layered_port","wolf","test","wolf_2f3i_l50","cfa",100,49,"x100","lambda0.25",424199646,0.075604096,"nonpositive_curvature","converged",232,"layered","",1,1,FALSE,0.038488995,0.038488995,"d+ lp- dl+ ll- w+"
"layered_port","wolf","test","wolf_2f3i_l50","cfa",100,49,"x100","lambda1",424199646,0.080174228,"nonpositive_curvature","noisy_objective",165,"layered","",1,1,FALSE,0.049944078,0.049944078,"d+ lp- dl+ ll- w+"
"layered_port","wolf","test","wolf_2f3i_l50","cfa",100,62,"native","lambda0.25",424199901,0.088705472,"available","noisy_objective",790,"layered","",1,16545.922,FALSE,0.085553727,0.083900351,"d+ lp- dl+ ll- w+"
"layered_port","wolf","test","wolf_2f3i_l50","cfa",100,62,"native","lambda1",424199901,0.10918404,"nonpositive_curvature","noisy_objective",166,"layered","",1,4.3573118,FALSE,0.096219296,0.09451997,"d+ lp- dl+ ll- w+"
"layered_port","wolf","test","wolf_2f3i_l50","cfa",100,62,"x100","lambda0.25",424199901,0.088728686,"nonpositive_curvature","noisy_objective",1131,"layered","",1,55421.534,FALSE,0.083900351,0.083900351,"d+ lp- dl+ ll- w+"
"layered_port","wolf","test","wolf_2f3i_l50","cfa",100,62,"x100","lambda1",424199901,0.10918404,"nonpositive_curvature","converged",141,"layered","",1,4.3573231,FALSE,0.09451997,0.09451997,"d+ lp- dl+ ll- w+"
"layered_port","wolf","test","wolf_2f3i_l50","cfa",25,10,"native","lambda0.25",293879943,0.65824663,"nonpositive_curvature","noisy_objective",327,"layered","",1,2.181074,FALSE,0.44484984,0.44484984,"d+ lp- dl+ ll- w+"
"layered_port","wolf","test","wolf_2f3i_l50","cfa",25,10,"native","lambda1",293879943,0.70135575,"nonpositive_curvature","converged",134,"layered","",1,2.1766975,FALSE,0.53721328,0.53721328,"d+ lp- dl+ ll- w+"
"layered_port","wolf","test","wolf_2f3i_l50","cfa",25,10,"x100","lambda0.25",293879943,0.65824663,"nonpositive_curvature","converged",213,"layered","",1,2.1810744,FALSE,0.44484984,0.44484984,"d+ lp- dl+ ll- w+"
"layered_port","wolf","test","wolf_2f3i_l50","cfa",25,10,"x100","lambda1",293879943,0.70135584,"nonpositive_curvature","noisy_objective",182,"layered","",1,2.1765399,FALSE,0.53721328,0.53721328,"d+ lp- dl+ ll- w+"
"layered_port","wolf","test","wolf_2f3i_l50","cfa",25,100,"mixed","lambda0.25",1991050888,0.31358862,"nonpositive_curvature","noisy_objective",311,"layered","",1,2.0251326,FALSE,0.18416655,0.18416655,"d+ lp- dl- ll- w-"
"layered_port","wolf","test","wolf_2f3i_l50","cfa",25,100,"x0.01","lambda0.25",1991050888,0.31358862,"nonpositive_curvature","converged",189,"layered","",1,2.0248042,FALSE,0.18673148,0.18673148,"d+ lp- dl- ll- w-"
"layered_port","wolf","test","wolf_2f3i_l50","cfa",25,100,"x0.01","lambda1",1991050888,0.33062882,"nonpositive_curvature","noisy_objective",149,"layered","",1,2.0313193,FALSE,0.23303923,0.23303923,"d+ lp- dl- ll- w-"
"layered_port","wolf","test","wolf_2f3i_l50","cfa",25,17,"native","lambda0.25",293879950,0.53849996,"nonpositive_curvature","noisy_objective",195,"layered","",1,1.360667,FALSE,0.29650063,0.29650063,"d+ lp- dl+ ll- w+"
"layered_port","wolf","test","wolf_2f3i_l50","cfa",25,17,"native","lambda1",293879950,0.56828518,"nonpositive_curvature","noisy_objective",145,"layered","",1,1.3597319,FALSE,0.38126867,0.38126867,"d+ lp- dl+ ll- w+"
"layered_port","wolf","test","wolf_2f3i_l50","cfa",25,17,"x0.01","lambda1",293879950,0.56828518,"nonpositive_curvature","noisy_objective",136,"layered","",1,1.3597319,FALSE,0.38126867,0.38126867,"d+ lp- dl+ ll- w+"
"layered_port","wolf","test","wolf_2f3i_l50","cfa",25,17,"x100","lambda0.25",293879950,0.53849996,"nonpositive_curvature","noisy_objective",145,"layered","",1,1.360667,FALSE,0.29650063,0.29650063,"d+ lp- dl+ ll- w+"
"layered_port","wolf","test","wolf_2f3i_l50","cfa",25,17,"x100","lambda1",293879950,0.56828518,"nonpositive_curvature","noisy_objective",143,"layered","",1,1.3597319,FALSE,0.38126867,0.38126867,"d+ lp- dl+ ll- w+"
"layered_port","wolf","test","wolf_2f3i_l50","cfa",25,18,"mixed","lambda0.25",293879951,0.3469665,"nonpositive_curvature","converged",424,"layered","",1,2.0198268,FALSE,0.20276572,0.20276572,"d+ lp- dl- ll- w-"
"layered_port","wolf","test","wolf_2f3i_l50","cfa",25,18,"x0.01","lambda0.25",293879951,0.34696833,"nonpositive_curvature","noisy_objective",299,"layered","",1,2.0141355,FALSE,0.20276572,0.20276572,"d+ lp- dl- ll- w-"
"layered_port","wolf","test","wolf_2f3i_l50","cfa",25,19,"mixed","lambda0.25",293879952,0.40486577,"nonpositive_curvature","converged",134,"layered","",1,1.0992501,FALSE,0.22808941,0.22808941,"d+ lp- dl+ ll- w+"
"layered_port","wolf","test","wolf_2f3i_l50","cfa",25,19,"mixed","lambda1",293879952,0.42105778,"nonpositive_curvature","noisy_objective",328,"layered","",1,1.1528881,FALSE,0.2818164,0.2818164,"d+ lp- dl- ll- w+"
"layered_port","wolf","test","wolf_2f3i_l50","cfa",25,19,"native","lambda0.25",293879952,0.40486575,"nonpositive_curvature","converged",184,"layered","",1,1.0992437,FALSE,0.22808941,0.22808941,"d+ lp- dl+ ll- w+"
"layered_port","wolf","test","wolf_2f3i_l50","cfa",25,19,"native","lambda1",293879952,0.42105778,"nonpositive_curvature","noisy_objective",237,"layered","",1,1.1528881,FALSE,0.2818164,0.2818164,"d+ lp- dl+ ll- w+"
"layered_port","wolf","test","wolf_2f3i_l50","cfa",25,19,"x0.01","lambda0.25",293879952,0.40576704,"nonpositive_curvature","noisy_objective",125,"layered","",1,1.1538393,FALSE,0.22808941,0.22808941,"d+ lp- dl+ ll- w+"
"layered_port","wolf","test","wolf_2f3i_l50","cfa",25,19,"x0.01","lambda1",293879952,0.42105778,"nonpositive_curvature","noisy_objective",272,"layered","",1,1.1528881,FALSE,0.2818164,0.2818164,"d+ lp- dl+ ll- w+"
"layered_port","wolf","test","wolf_2f3i_l50","cfa",25,19,"x100","lambda0.25",293879952,0.40486575,"nonpositive_curvature","converged",190,"layered","",1,1.0992506,FALSE,0.22808941,0.22808941,"d+ lp- dl+ ll- w+"
"layered_port","wolf","test","wolf_2f3i_l50","cfa",25,19,"x100","lambda1",293879952,0.42105778,"nonpositive_curvature","noisy_objective",235,"layered","",1,1.1528881,FALSE,0.2818164,0.2818164,"d+ lp- dl+ ll- w+"
"layered_port","wolf","test","wolf_2f3i_l50","cfa",25,25,"native","lambda0.25",293880079,0.10317792,"nonpositive_curvature","converged",245,"layered","",1,3.1286541,FALSE,0.069126794,0.069126794,"d+ lp- dl+ ll- w+"
"layered_port","wolf","test","wolf_2f3i_l50","cfa",25,25,"native","lambda1",293880079,0.11228509,"nonpositive_curvature","noisy_objective",175,"layered","",1,3.1192232,FALSE,0.09480587,0.09480587,"d+ lp- dl+ ll- w+"
"layered_port","wolf","test","wolf_2f3i_l50","cfa",25,25,"x100","lambda0.25",293880079,0.10317792,"nonpositive_curvature","noisy_objective",266,"layered","",1,3.1256005,FALSE,0.069126794,0.069126794,"d+ lp- dl+ ll- w+"
"layered_port","wolf","test","wolf_2f3i_l50","cfa",25,25,"x100","lambda1",293880079,0.11228512,"nonpositive_curvature","noisy_objective",186,"layered","",1,3.1181474,FALSE,0.09480587,0.09480587,"d+ lp- dl+ ll- w+"
"layered_port","wolf","test","wolf_2f3i_l50","cfa",25,29,"native","lambda1",293880083,0.42300218,"nonpositive_curvature","noisy_objective",341,"layered","",1,1.1175524,FALSE,0.31370187,0.31370187,"d+ lp- dl+ ll- w+"
"layered_port","wolf","test","wolf_2f3i_l50","cfa",25,29,"x0.01","lambda1",293880083,0.42300295,"nonpositive_curvature","converged",189,"layered","",1,1.1182094,FALSE,0.31370187,0.31370187,"d+ lp- dl- ll- w+"
"layered_port","wolf","test","wolf_2f3i_l50","cfa",25,29,"x100","lambda1",293880083,0.42300217,"nonpositive_curvature","noisy_objective",274,"layered","",1,1.1182009,FALSE,0.31370187,0.31370187,"d+ lp- dl+ ll- w+"
"layered_port","wolf","test","wolf_2f3i_l50","cfa",25,31,"native","lambda1",293880206,0.23816001,"nonpositive_curvature","noisy_objective",173,"layered","",1,4.4975335,FALSE,0.22955835,0.22955835,"d+ lp- dl+ ll- w+"
"layered_port","wolf","test","wolf_2f3i_l50","cfa",25,31,"x100","lambda1",293880206,0.23816001,"nonpositive_curvature","noisy_objective",162,"layered","",1,4.4975335,FALSE,0.22955835,0.22955835,"d+ lp- dl+ ll- w+"
"layered_port","wolf","test","wolf_2f3i_l50","cfa",25,38,"native","lambda0.25",293880213,0.255617,"nonpositive_curvature","converged",233,"layered","",1,1.7113224,FALSE,0.10793064,0.10793064,"d+ lp- dl+ ll- w+"
"layered_port","wolf","test","wolf_2f3i_l50","cfa",25,38,"native","lambda1",293880213,0.28599144,"nonpositive_curvature","converged",234,"layered","",1,1.563393,FALSE,0.17156572,0.17156572,"d+ lp- dl+ ll- w+"
"layered_port","wolf","test","wolf_2f3i_l50","cfa",25,38,"x100","lambda0.25",293880213,0.255617,"nonpositive_curvature","converged",227,"layered","",1,1.7113129,FALSE,0.10839114,0.10839114,"d+ lp- dl+ ll- w+"
"layered_port","wolf","test","wolf_2f3i_l50","cfa",25,38,"x100","lambda1",293880213,0.28599144,"nonpositive_curvature","converged",192,"layered","",1,1.5633843,FALSE,0.17156572,0.17156572,"d+ lp- dl+ ll- w+"
"layered_port","wolf","test","wolf_2f3i_l50","cfa",25,39,"mixed","lambda1",293880214,0.54755847,"nonpositive_curvature","converged",201,"layered","",1,1.021685,FALSE,0.43825772,0.43825772,"d+ lp- dl+ ll- w+"
"layered_port","wolf","test","wolf_2f3i_l50","cfa",25,39,"native","lambda0.25",293880214,0.52648812,"nonpositive_curvature","converged",314,"layered","",1,1.0158973,FALSE,0.37308021,0.37308021,"d+ lp- dl+ ll- w+"
"layered_port","wolf","test","wolf_2f3i_l50","cfa",25,39,"native","lambda1",293880214,0.54755847,"nonpositive_curvature","converged",166,"layered","",1,1.0220392,FALSE,0.43825772,0.43825772,"d+ lp- dl+ ll- w+"
"layered_port","wolf","test","wolf_2f3i_l50","cfa",25,39,"x0.01","lambda0.25",293880214,0.52648812,"nonpositive_curvature","converged",254,"layered","",1,1.0159709,FALSE,0.37958263,0.37308021,"d+ lp- dl+ ll- w+"
"layered_port","wolf","test","wolf_2f3i_l50","cfa",25,39,"x0.01","lambda1",293880214,0.55421562,"nonpositive_curvature","noisy_objective",136,"layered","",1,1.0549184,FALSE,0.43825772,0.43825772,"d+ lp- dl+ ll- w+"
"layered_port","wolf","test","wolf_2f3i_l50","cfa",25,39,"x100","lambda0.25",293880214,0.52648814,"nonpositive_curvature","noisy_objective",234,"layered","",1,1.0159577,FALSE,0.37308021,0.37308021,"d+ lp- dl+ ll- w+"
"layered_port","wolf","test","wolf_2f3i_l50","cfa",25,39,"x100","lambda1",293880214,0.54755847,"nonpositive_curvature","converged",145,"layered","",1,1.0395052,FALSE,0.43825772,0.43825772,"d+ lp- dl+ ll- w+"
"layered_port","wolf","test","wolf_2f3i_l50","cfa",25,40,"mixed","lambda1",293880336,0.21362226,"nonpositive_curvature","noisy_objective",106,"layered","",1,1.3474316,FALSE,0.19548192,0.19548192,"d+ lp- dl- ll- w+"
"layered_port","wolf","test","wolf_2f3i_l50","cfa",25,40,"native","lambda0.25",293880336,0.19002734,"nonpositive_curvature","converged",274,"layered","",1,1.3628149,FALSE,0.15799058,0.15799058,"d+ lp- dl+ ll- w+"
"layered_port","wolf","test","wolf_2f3i_l50","cfa",25,40,"native","lambda1",293880336,0.21362226,"nonpositive_curvature","noisy_objective",101,"layered","",1,1.3474316,FALSE,0.19548192,0.19548192,"d+ lp- dl+ ll- w+"
"layered_port","wolf","test","wolf_2f3i_l50","cfa",25,40,"x0.01","lambda1",293880336,0.21362226,"nonpositive_curvature","noisy_objective",99,"layered","",1,1.3474316,FALSE,0.19548192,0.19548192,"d+ lp- dl- ll- w+"
"layered_port","wolf","test","wolf_2f3i_l50","cfa",25,40,"x100","lambda0.25",293880336,0.19002734,"nonpositive_curvature","noisy_objective",286,"layered","",1,1.3616702,FALSE,0.15799058,0.15799058,"d+ lp- dl+ ll- w+"
"layered_port","wolf","test","wolf_2f3i_l50","cfa",25,40,"x100","lambda1",293880336,0.21362226,"nonpositive_curvature","noisy_objective",105,"layered","",1,1.3474316,FALSE,0.19548192,0.19548192,"d+ lp- dl+ ll- w+"
"layered_port","wolf","test","wolf_2f3i_l50","cfa",25,44,"native","lambda0.25",293880340,0.38153119,"nonpositive_curvature","noisy_objective",323,"layered","",1,1.7945889,FALSE,0.29979929,0.29979929,"d+ lp- dl+ ll- w+"
"layered_port","wolf","test","wolf_2f3i_l50","cfa",25,44,"native","lambda1",293880340,0.40840976,"nonpositive_curvature","noisy_objective",163,"layered","",1,1.7972429,FALSE,0.35569508,0.35569508,"d+ lp- dl+ ll- w+"
"layered_port","wolf","test","wolf_2f3i_l50","cfa",25,44,"x0.01","lambda1",293880340,0.40840976,"nonpositive_curvature","noisy_objective",158,"layered","",1,1.7972368,FALSE,0.35569508,0.35569508,"d+ lp- dl+ ll- w+"
"layered_port","wolf","test","wolf_2f3i_l50","cfa",25,44,"x100","lambda0.25",293880340,0.38156037,"nonpositive_curvature","noisy_objective",175,"layered","",1,1.7999566,FALSE,0.29979929,0.29979929,"d+ lp- dl+ ll- w+"
"layered_port","wolf","test","wolf_2f3i_l50","cfa",25,44,"x100","lambda1",293880340,0.40840976,"nonpositive_curvature","noisy_objective",160,"layered","",1,1.797237,FALSE,0.35569508,0.35569508,"d+ lp- dl+ ll- w+"
"layered_port","wolf","test","wolf_2f3i_l50","cfa",25,47,"native","lambda0.25",293880343,0.44868843,"nonpositive_curvature","noisy_objective",170,"layered","",1,2.6646485,FALSE,0.30445457,0.30445457,"d+ lp- dl+ ll- w+"
"layered_port","wolf","test","wolf_2f3i_l50","cfa",25,47,"native","lambda1",293880343,0.47149227,"nonpositive_curvature","noisy_objective",99,"layered","",1,2.6973899,FALSE,0.39576547,0.39576547,"d+ lp- dl+ ll- w+"
"layered_port","wolf","test","wolf_2f3i_l50","cfa",25,47,"x0.01","lambda0.25",293880343,0.44868843,"nonpositive_curvature","noisy_objective",163,"layered","",1,2.6646476,FALSE,0.30445457,0.30445457,"d+ lp- dl- ll- w+"
"layered_port","wolf","test","wolf_2f3i_l50","cfa",25,47,"x0.01","lambda1",293880343,0.47149227,"nonpositive_curvature","noisy_objective",217,"layered","",1,2.6973899,FALSE,0.39576547,0.39576547,"d+ lp- dl+ ll- w+"
"layered_port","wolf","test","wolf_2f3i_l50","cfa",25,47,"x100","lambda0.25",293880343,0.44868843,"nonpositive_curvature","noisy_objective",162,"layered","",1,2.6646218,FALSE,0.30445457,0.30445457,"d+ lp- dl+ ll- w+"
"layered_port","wolf","test","wolf_2f3i_l50","cfa",25,47,"x100","lambda1",293880343,0.47149227,"nonpositive_curvature","noisy_objective",155,"layered","",1,2.6973899,FALSE,0.39576547,0.39576547,"d+ lp- dl+ ll- w+"
"layered_port","wolf","test","wolf_2f3i_l50","cfa",25,5,"x0.01","lambda0.25",248138434,0.18729647,"available","converged",221,"layered","",1,2.5629926,FALSE,0.22486071,0.18644252,"d+ lp- dl- ll+ w+"
"layered_port","wolf","test","wolf_2f3i_l50","cfa",25,5,"x100","lambda0.25",248138434,0.24669598,"nonpositive_curvature","converged",148,"layered","",1,1.2278806,FALSE,0.18895353,0.18644252,"d+ lp- dl+ ll+ w+"
"layered_port","wolf","test","wolf_2f3i_l50","cfa",25,5,"x100","lambda1",248138434,0.29655198,"nonpositive_curvature","noisy_objective",104,"layered","",1,1.7195537,FALSE,0.24307162,0.24307162,"d+ lp- dl- ll- w+"
"layered_port","wolf","test","wolf_2f3i_l50","cfa",25,51,"mixed","lambda1",293880468,0.3629492,"nonpositive_curvature","noisy_objective",165,"layered","",1,1.3276909,FALSE,0.25978431,0.25978431,"d+ lp- dl+ ll- w+"
"layered_port","wolf","test","wolf_2f3i_l50","cfa",25,51,"native","lambda0.25",293880468,0.34498762,"nonpositive_curvature","converged",174,"layered","",1,1.5100118,FALSE,0.19165871,0.19165871,"d+ lp- dl+ ll- w+"
"layered_port","wolf","test","wolf_2f3i_l50","cfa",25,51,"native","lambda1",293880468,0.3629492,"nonpositive_curvature","noisy_objective",174,"layered","",1,1.3276904,FALSE,0.25978431,0.25978431,"d+ lp- dl+ ll- w+"
"layered_port","wolf","test","wolf_2f3i_l50","cfa",25,51,"x0.01","lambda1",293880468,0.36294921,"nonpositive_curvature","noisy_objective",162,"layered","",1,1.3276646,FALSE,0.25978431,0.25978431,"d+ lp- dl+ ll- w+"
"layered_port","wolf","test","wolf_2f3i_l50","cfa",25,51,"x100","lambda0.25",293880468,0.34498792,"nonpositive_curvature","converged",218,"layered","",1,1.5100763,FALSE,0.19165871,0.19165871,"d+ lp- dl+ ll- w+"
"layered_port","wolf","test","wolf_2f3i_l50","cfa",25,51,"x100","lambda1",293880468,0.36294921,"nonpositive_curvature","noisy_objective",171,"layered","",1,1.3276615,FALSE,0.25978431,0.25978431,"d+ lp- dl+ ll- w+"
"layered_port","wolf","test","wolf_2f3i_l50","cfa",25,52,"native","lambda0.25",293880469,0.25247154,"nonpositive_curvature","converged",280,"layered","",1,2.3688286,FALSE,0.15263277,0.15263277,"d+ lp- dl+ ll- w+"
"layered_port","wolf","test","wolf_2f3i_l50","cfa",25,52,"native","lambda1",293880469,0.29177457,"nonpositive_curvature","noisy_objective",300,"layered","",1,2.3415798,FALSE,0.2212809,0.2212809,"d+ lp- dl+ ll- w+"
"layered_port","wolf","test","wolf_2f3i_l50","cfa",25,52,"x0.01","lambda0.25",293880469,0.25247154,"nonpositive_curvature","noisy_objective",324,"layered","",1,2.3700404,FALSE,0.15263277,0.15263277,"d+ lp- dl- ll- w+"
"layered_port","wolf","test","wolf_2f3i_l50","cfa",25,52,"x0.01","lambda1",293880469,0.29177457,"nonpositive_curvature","converged",290,"layered","",1,2.341768,FALSE,0.2212809,0.2212809,"d+ lp- dl- ll- w+"
"layered_port","wolf","test","wolf_2f3i_l50","cfa",25,52,"x100","lambda0.25",293880469,0.25247154,"nonpositive_curvature","noisy_objective",376,"layered","",1,2.3719409,FALSE,0.15263277,0.15263277,"d+ lp- dl+ ll- w+"
"layered_port","wolf","test","wolf_2f3i_l50","cfa",25,52,"x100","lambda1",293880469,0.29177457,"nonpositive_curvature","noisy_objective",260,"layered","",1,2.3417711,FALSE,0.2212809,0.2212809,"d+ lp- dl+ ll- w+"
"layered_port","wolf","test","wolf_2f3i_l50","cfa",25,55,"mixed","lambda0.25",293880472,0.16960764,"available","noisy_objective",642,"layered","",1,9561.0974,TRUE,0.15472942,0.15472942,"d+ lp- dl- ll- w+"
"layered_port","wolf","test","wolf_2f3i_l50","cfa",25,55,"mixed","lambda1",293880472,0.25107962,"available","noisy_objective",727,"layered","",1,17383.993,TRUE,0.23900309,0.23900309,"d+ lp- dl+ ll- w+"
"layered_port","wolf","test","wolf_2f3i_l50","cfa",25,55,"native","lambda0.25",293880472,0.16959743,"available","noisy_objective",1166,"layered","",1,76190.567,TRUE,0.15472942,0.15472942,"d+ lp- dl+ ll- w+"
"layered_port","wolf","test","wolf_2f3i_l50","cfa",25,55,"native","lambda1",293880472,0.25107555,"available","singular_convergence",1076,"layered","",1,71661.516,TRUE,0.23900309,0.23900309,"d+ lp- dl+ ll- w+"
"layered_port","wolf","test","wolf_2f3i_l50","cfa",25,55,"x0.01","lambda0.25",293880472,0.16960557,"available","noisy_objective",622,"layered","",1,11706.459,TRUE,0.15472942,0.15472942,"d+ lp- dl- ll- w+"
"layered_port","wolf","test","wolf_2f3i_l50","cfa",25,55,"x0.01","lambda1",293880472,0.25107656,"available","noisy_objective",938,"layered","",1,40113.915,TRUE,0.23900309,0.23900309,"d+ lp- dl- ll- w+"
"layered_port","wolf","test","wolf_2f3i_l50","cfa",25,55,"x100","lambda0.25",293880472,0.1696073,"available","noisy_objective",692,"layered","",1,9898.4626,TRUE,0.15472942,0.15472942,"d+ lp- dl+ ll- w+"
"layered_port","wolf","test","wolf_2f3i_l50","cfa",25,55,"x100","lambda1",293880472,0.25107534,"available","singular_convergence",1162,"layered","",1,85039.344,TRUE,0.23900309,0.23900309,"d+ lp- dl+ ll- w+"
"layered_port","wolf","test","wolf_2f3i_l50","cfa",25,56,"native","lambda0.25",293880473,0.23436029,"available","budget_exhausted",1233,"layered","",1,150093.18,TRUE,0.12598607,0.12598607,"d+ lp- dl+ ll- w+"
"layered_port","wolf","test","wolf_2f3i_l50","cfa",25,56,"x100","lambda0.25",293880473,0.23438578,"available","noisy_objective",643,"layered","",1,13971.53,TRUE,0.12598607,0.12598607,"d+ lp- dl+ ll- w+"
"layered_port","wolf","test","wolf_2f3i_l50","cfa",25,59,"native","lambda0.25",293880476,0.22426881,"available","noisy_objective",962,"layered","",1,20460.147,TRUE,0.21824409,0.21824409,"d+ lp- dl+ ll- w+"
"layered_port","wolf","test","wolf_2f3i_l50","cfa",25,59,"native","lambda1",293880476,0.32575175,"nonpositive_curvature","noisy_objective",228,"layered","",1,2.6318397,FALSE,0.26370861,0.26370861,"d+ lp- dl+ ll- w+"
"layered_port","wolf","test","wolf_2f3i_l50","cfa",25,59,"x100","lambda0.25",293880476,0.22426672,"available","budget_exhausted",1307,"layered","",1,49859.762,TRUE,0.21824409,0.21824409,"d+ lp- dl+ ll- w+"
"layered_port","wolf","test","wolf_2f3i_l50","cfa",25,59,"x100","lambda1",293880476,0.32535478,"nonpositive_curvature","converged",184,"layered","",1,2.1654522,FALSE,0.26370861,0.26370861,"d+ lp- dl+ ll- w+"
"layered_port","wolf","test","wolf_2f3i_l50","cfa",25,60,"native","lambda0.25",293880598,0.21944296,"available","noisy_objective",861,"layered","",1,22008.075,FALSE,0.21042964,0.21042964,"d+ lp- dl+ ll- w+"
"layered_port","wolf","test","wolf_2f3i_l50","cfa",25,60,"native","lambda1",293880598,0.27341989,"available","noisy_objective",776,"layered","",1,13070.821,TRUE,0.27018645,0.27018645,"d+ lp- dl+ ll- w+"
"layered_port","wolf","test","wolf_2f3i_l50","cfa",25,60,"x0.01","lambda0.25",293880598,0.21944233,"available","noisy_objective",722,"layered","",1,10867.158,FALSE,0.2561038,0.21042964,"d+ lp- dl+ ll- w+"
"layered_port","wolf","test","wolf_2f3i_l50","cfa",25,60,"x100","lambda0.25",293880598,0.21944665,"available","noisy_objective",1103,"layered","",1,49359.238,FALSE,0.21042964,0.21042964,"d+ lp- dl+ ll- w+"
"layered_port","wolf","test","wolf_2f3i_l50","cfa",25,60,"x100","lambda1",293880598,0.27341877,"available","singular_convergence",1062,"layered","",1,34411.365,TRUE,0.27018645,0.27018645,"d+ lp- dl+ ll- w+"
"layered_port","wolf","test","wolf_2f3i_l50","cfa",25,61,"native","lambda0.25",293880599,0.23426595,"nonpositive_curvature","converged",301,"layered","",1,2.9478953,FALSE,0.11677793,0.11677793,"d+ lp- dl+ ll- w+"
"layered_port","wolf","test","wolf_2f3i_l50","cfa",25,61,"native","lambda1",293880599,0.25818489,"nonpositive_curvature","noisy_objective",290,"layered","",1,3.4435133,FALSE,0.17846177,0.17846177,"d+ lp- dl+ ll- w+"
"layered_port","wolf","test","wolf_2f3i_l50","cfa",25,61,"x0.01","lambda1",293880599,0.25818489,"nonpositive_curvature","noisy_objective",159,"layered","",1,3.4435133,FALSE,0.17846177,0.17846177,"d+ lp- dl+ ll- w+"
"layered_port","wolf","test","wolf_2f3i_l50","cfa",25,61,"x100","lambda0.25",293880599,0.23426596,"nonpositive_curvature","noisy_objective",353,"layered","",1,2.9483361,FALSE,0.11677793,0.11677793,"d+ lp- dl+ ll- w+"
"layered_port","wolf","test","wolf_2f3i_l50","cfa",25,61,"x100","lambda1",293880599,0.25818489,"nonpositive_curvature","noisy_objective",160,"layered","",1,3.4435133,FALSE,0.17846177,0.17846177,"d+ lp- dl+ ll- w+"
"layered_port","wolf","test","wolf_2f3i_l50","cfa",25,62,"native","lambda0.25",293880600,0.23462799,"nonpositive_curvature","noisy_objective",151,"layered","",1,1.1698621,FALSE,0.18464947,0.18464947,"d+ lp- dl+ ll- w+"
"layered_port","wolf","test","wolf_2f3i_l50","cfa",25,62,"native","lambda1",293880600,0.24139967,"nonpositive_curvature","noisy_objective",166,"layered","",1,1.1497989,FALSE,0.21253173,0.21253173,"d+ lp- dl+ ll- w+"
"layered_port","wolf","test","wolf_2f3i_l50","cfa",25,62,"x100","lambda0.25",293880600,0.23462799,"nonpositive_curvature","noisy_objective",132,"layered","",1,1.169862,FALSE,0.18464947,0.18464947,"d+ lp- dl+ ll- w+"
"layered_port","wolf","test","wolf_2f3i_l50","cfa",25,62,"x100","lambda1",293880600,0.24139959,"nonpositive_curvature","noisy_objective",154,"layered","",1,1.1498478,FALSE,0.21253173,0.21253173,"d+ lp- dl+ ll- w+"
"layered_port","wolf","test","wolf_2f3i_l50","cfa",25,65,"native","lambda0.25",293880603,0.16024921,"available","noisy_objective",484,"layered","",1,8193.7115,FALSE,0.15390436,0.15235798,"d+ lp- dl+ ll- w+"
"layered_port","wolf","test","wolf_2f3i_l50","cfa",25,65,"native","lambda1",293880603,0.20800506,"nonpositive_curvature","converged",228,"layered","",1,2.6559102,FALSE,0.19591717,0.19591717,"d+ lp- dl+ ll- w+"
"layered_port","wolf","test","wolf_2f3i_l50","cfa",25,65,"x100","lambda0.25",293880603,0.16025148,"available","singular_convergence",820,"layered","",1,62427.323,FALSE,0.15390436,0.15235798,"d+ lp- dl+ ll- w+"
"layered_port","wolf","test","wolf_2f3i_l50","cfa",25,65,"x100","lambda1",293880603,0.20800506,"nonpositive_curvature","noisy_objective",229,"layered","",1,2.655906,FALSE,0.19591717,0.19591717,"d+ lp- dl+ ll- w+"
"layered_port","wolf","test","wolf_2f3i_l50","cfa",25,68,"native","lambda0.25",293880606,0.13664692,"available","noisy_objective",1144,"layered","",1,43206.023,TRUE,0.13170251,0.13170251,"d+ lp- dl+ ll- w+"
"layered_port","wolf","test","wolf_2f3i_l50","cfa",25,68,"native","lambda1",293880606,0.21230052,"nonpositive_curvature","budget_exhausted",1218,"layered","",1,57851.06,FALSE,0.20821942,0.20821942,"d+ lp- dl+ ll- w+"
"layered_port","wolf","test","wolf_2f3i_l50","cfa",25,68,"x100","lambda0.25",293880606,0.1366673,"available","noisy_objective",754,"layered","",1,9020.8667,FALSE,0.13170251,0.13170251,"d+ lp- dl+ ll- w+"
"layered_port","wolf","test","wolf_2f3i_l50","cfa",25,68,"x100","lambda1",293880606,0.21230212,"available","noisy_objective",908,"layered","",1,20916.748,TRUE,0.20821942,0.20821942,"d+ lp- dl+ ll- w+"
"layered_port","wolf","test","wolf_2f3i_l50","cfa",25,70,"native","lambda0.25",293880729,0.30321777,"nonpositive_curvature","converged",276,"layered","",1,1.7892593,FALSE,0.20762942,0.20762942,"d+ lp- dl+ ll- w+"
"layered_port","wolf","test","wolf_2f3i_l50","cfa",25,70,"native","lambda1",293880729,0.34099938,"nonpositive_curvature","converged",194,"layered","",1,1.5052242,FALSE,0.27503704,0.27503704,"d+ lp- dl+ ll- w+"
"layered_port","wolf","test","wolf_2f3i_l50","cfa",25,70,"x0.01","lambda1",293880729,0.34100083,"nonpositive_curvature","noisy_objective",203,"layered","",1,1.5074005,FALSE,0.27503704,0.27503704,"d+ lp- dl+ ll- w+"
"layered_port","wolf","test","wolf_2f3i_l50","cfa",25,70,"x100","lambda0.25",293880729,0.30321777,"nonpositive_curvature","converged",286,"layered","",1,1.7892652,FALSE,0.20762942,0.20762942,"d+ lp- dl+ ll- w+"
"layered_port","wolf","test","wolf_2f3i_l50","cfa",25,70,"x100","lambda1",293880729,0.34100083,"nonpositive_curvature","noisy_objective",176,"layered","",1,1.5074016,FALSE,0.27503704,0.27503704,"d+ lp- dl+ ll- w+"
"layered_port","wolf","test","wolf_2f3i_l50","cfa",25,78,"native","lambda0.25",293880737,0.41709478,"nonpositive_curvature","converged",129,"layered","",1,2.0140995,FALSE,0.27339361,0.27339361,"d+ lp- dl+ ll- w+"
"layered_port","wolf","test","wolf_2f3i_l50","cfa",25,78,"native","lambda1",293880737,0.43447106,"nonpositive_curvature","converged",181,"layered","",1,1.7522729,FALSE,0.35087522,0.35087522,"d+ lp- dl+ ll- w+"
"layered_port","wolf","test","wolf_2f3i_l50","cfa",25,79,"mixed","lambda0.25",293880738,0.42940049,"nonpositive_curvature","noisy_objective",379,"layered","",1,2.6100867,FALSE,0.20208819,0.20208819,"d+ lp- dl- ll- w+"
"layered_port","wolf","test","wolf_2f3i_l50","cfa",25,79,"mixed","lambda1",293880738,0.46290008,"nonpositive_curvature","converged",166,"layered","",1,2.3383182,FALSE,0.27362247,0.27362247,"d+ lp- dl+ ll- w+"
"layered_port","wolf","test","wolf_2f3i_l50","cfa",25,79,"native","lambda0.25",293880738,0.42940049,"nonpositive_curvature","converged",253,"layered","",1,2.6100702,FALSE,0.20208819,0.20208819,"d+ lp- dl+ ll- w+"
"layered_port","wolf","test","wolf_2f3i_l50","cfa",25,79,"native","lambda1",293880738,0.46290003,"nonpositive_curvature","converged",192,"layered","",1,2.3383171,FALSE,0.27362247,0.27362247,"d+ lp- dl+ ll- w+"
"layered_port","wolf","test","wolf_2f3i_l50","cfa",25,79,"x0.01","lambda0.25",293880738,0.42940049,"nonpositive_curvature","noisy_objective",346,"layered","",1,2.6106089,FALSE,0.20208819,0.20208819,"d+ lp- dl+ ll- w+"
"layered_port","wolf","test","wolf_2f3i_l50","cfa",25,79,"x0.01","lambda1",293880738,0.46290003,"nonpositive_curvature","converged",356,"layered","",1,2.3383174,FALSE,0.27362247,0.27362247,"d+ lp- dl- ll- w+"
"layered_port","wolf","test","wolf_2f3i_l50","cfa",25,79,"x100","lambda0.25",293880738,0.42940049,"nonpositive_curvature","converged",225,"layered","",1,2.6100703,FALSE,0.20208819,0.20208819,"d+ lp- dl+ ll- w+"
"layered_port","wolf","test","wolf_2f3i_l50","cfa",25,79,"x100","lambda1",293880738,0.46290006,"nonpositive_curvature","converged",145,"layered","",1,2.3383228,FALSE,0.27362247,0.27362247,"d+ lp- dl+ ll- w+"
"layered_port","wolf","test","wolf_2f3i_l50","cfa",25,8,"native","lambda0.25",248138437,0.55717185,"nonpositive_curvature","converged",169,"layered","",1,1.1386811,FALSE,0.14949321,0.14949321,"d+ lp- dl+ ll- w+"
"layered_port","wolf","test","wolf_2f3i_l50","cfa",25,8,"native","lambda1",248138437,0.57551259,"nonpositive_curvature","noisy_objective",220,"layered","",1,1.1004173,FALSE,0.23707147,0.23707147,"d+ lp- dl+ ll- w+"
"layered_port","wolf","test","wolf_2f3i_l50","cfa",25,8,"x0.01","lambda0.25",248138437,0.55717202,"nonpositive_curvature","noisy_objective",193,"layered","",1,1.1367213,FALSE,0.14949321,0.14949321,"d+ lp- dl- ll- w+"
"layered_port","wolf","test","wolf_2f3i_l50","cfa",25,8,"x100","lambda0.25",248138437,0.55717185,"nonpositive_curvature","converged",199,"layered","",1,1.138662,FALSE,0.14949321,0.14949321,"d+ lp- dl+ ll- w+"
"layered_port","wolf","test","wolf_2f3i_l50","cfa",25,8,"x100","lambda1",248138437,0.57698974,"nonpositive_curvature","noisy_objective",126,"layered","",1,1.1370948,FALSE,0.23707147,0.23707147,"d+ lp- dl+ ll- w+"
"layered_port","wolf","test","wolf_2f3i_l50","cfa",25,82,"native","lambda0.25",293880862,0.42219211,"nonpositive_curvature","noisy_objective",314,"layered","",1,2.1528642,FALSE,0.2048979,0.2048979,"d+ lp- dl+ ll- w+"
"layered_port","wolf","test","wolf_2f3i_l50","cfa",25,82,"native","lambda1",293880862,0.33750438,"nonpositive_curvature","converged",254,"layered","",1,1.7219473,FALSE,0.26049687,0.26049687,"d+ lp- dl+ ll- w+"
"layered_port","wolf","test","wolf_2f3i_l50","cfa",25,82,"x0.01","lambda0.25",293880862,0.42219211,"nonpositive_curvature","noisy_objective",320,"layered","",1,2.1546375,FALSE,0.2048979,0.2048979,"d+ lp- dl+ ll- w+"
"layered_port","wolf","test","wolf_2f3i_l50","cfa",25,82,"x100","lambda0.25",293880862,0.42219211,"nonpositive_curvature","noisy_objective",273,"layered","",1,2.1401177,FALSE,0.2048979,0.2048979,"d+ lp- dl+ ll- w+"
"layered_port","wolf","test","wolf_2f3i_l50","cfa",25,82,"x100","lambda1",293880862,0.33750783,"nonpositive_curvature","noisy_objective",220,"layered","",1,1.7229496,FALSE,0.26049687,0.26049687,"d+ lp- dl+ ll- w+"
"layered_port","wolf","test","wolf_2f3i_l50","cfa",25,83,"native","lambda0.25",293880863,0.43142203,"nonpositive_curvature","noisy_objective",224,"layered","",1,2.8679688,FALSE,0.23539711,0.23539711,"d+ lp- dl- ll- w+"
"layered_port","wolf","test","wolf_2f3i_l50","cfa",25,83,"x100","lambda0.25",293880863,0.43144615,"nonpositive_curvature","noisy_objective",205,"layered","",1,2.8678237,FALSE,0.23539711,0.23539711,"d+ lp- dl- ll- w+"
"layered_port","wolf","test","wolf_2f3i_l50","cfa",25,94,"native","lambda0.25",293880995,0.23474203,"nonpositive_curvature","converged",213,"layered","",1,2.6601174,FALSE,0.13326189,0.13326189,"d+ lp- dl+ ll- w+"
"layered_port","wolf","test","wolf_2f3i_l50","cfa",25,94,"native","lambda1",293880995,0.26698674,"nonpositive_curvature","noisy_objective",134,"layered","",1,2.6715346,FALSE,0.19531927,0.19531927,"d+ lp- dl+ ll- w+"
"layered_port","wolf","test","wolf_2f3i_l50","cfa",25,94,"x0.01","lambda0.25",293880995,0.23474203,"nonpositive_curvature","converged",218,"layered","",1,2.6601226,FALSE,0.13326189,0.13326189,"d+ lp- dl+ ll- w+"
"layered_port","wolf","test","wolf_2f3i_l50","cfa",25,94,"x0.01","lambda1",293880995,0.26698674,"nonpositive_curvature","noisy_objective",127,"layered","",1,2.6715346,FALSE,0.19531927,0.19531927,"d+ lp- dl+ ll- w+"
"layered_port","wolf","test","wolf_2f3i_l50","cfa",25,94,"x100","lambda0.25",293880995,0.23474232,"nonpositive_curvature","noisy_objective",166,"layered","",1,2.6598973,FALSE,0.13326189,0.13326189,"d+ lp- dl+ ll- w+"
"layered_port","wolf","test","wolf_2f3i_l50","cfa",25,94,"x100","lambda1",293880995,0.26698674,"nonpositive_curvature","noisy_objective",134,"layered","",1,2.6715346,FALSE,0.19531927,0.19531927,"d+ lp- dl+ ll- w+"
"layered_port","wolf","test","wolf_2f6i_l50","cfa",25,57,"mixed","lambda0.25",1824834988,1.1070008,"nonpositive_curvature","noisy_objective",221,"layered","",1,1.1114718,FALSE,0.90225197,0.90225197,"d+ lp- dl- ll- w-"
"layered_port","wolf","test","wolf_2f6i_l50","cfa",25,57,"mixed","lambda1",1824834988,1.142534,"nonpositive_curvature","noisy_objective",162,"layered","",1,1.1153957,FALSE,0.96533842,0.96533842,"d+ lp- dl+ ll- w-"
"layered_port","wolf","test","wolf_2f6i_l50","cfa",25,57,"native","lambda0.25",1824834988,1.1070005,"nonpositive_curvature","converged",152,"layered","",1,1.11161,FALSE,0.90225197,0.90225197,"d+ lp- dl+ ll- w-"
"layered_port","wolf","test","wolf_2f6i_l50","cfa",25,57,"native","lambda1",1824834988,1.1416451,"nonpositive_curvature","noisy_objective",171,"layered","",1,1.1103927,FALSE,0.96533842,0.96533842,"d+ lp- dl+ ll- w-"
"layered_port","wolf","test","wolf_2f6i_l50","cfa",25,57,"x0.01","lambda0.25",1824834988,1.1070006,"nonpositive_curvature","noisy_objective",206,"layered","",1,1.111768,FALSE,0.90225197,0.90225197,"d+ lp- dl- ll- w-"
"layered_port","wolf","test","wolf_2f6i_l50","cfa",25,57,"x0.01","lambda1",1824834988,1.142534,"nonpositive_curvature","noisy_objective",163,"layered","",1,1.1153958,FALSE,0.96533842,0.96533842,"d+ lp- dl+ ll- w-"
"layered_port","wolf","test","wolf_2f6i_l50","cfa",25,57,"x100","lambda0.25",1824834988,1.1070118,"nonpositive_curvature","noisy_objective",171,"layered","",1,1.1097713,FALSE,0.90225197,0.90225197,"d+ lp- dl- ll- w-"
"layered_port","wolf","test","wolf_2f6i_l50","cfa",25,57,"x100","lambda1",1824834988,1.142534,"nonpositive_curvature","noisy_objective",162,"layered","",1,1.1153958,FALSE,0.96533842,0.96533842,"d+ lp- dl- ll- w-"
"layered_port","wolf","test","wolf_2f8i_l50","cfa",26,4,"mixed","lambda1",994389933,3.1887505,"available","singular_convergence",1102,"layered","",1,3495.2249,TRUE,3.1886963,3.1886963,"d+ lp- dl- ll- w-"
"layered_port","wolf","test","wolf_2f8i_l50","cfa",26,4,"native","lambda0.25",994389933,3.1196805,"available","converged",418,"layered","",1,287.48414,FALSE,3.1196066,3.1196066,"d+ lp- dl- ll- w-"
"layered_port","wolf","test","wolf_2f8i_l50","cfa",26,4,"native","lambda1",994389933,3.1887815,"available","converged",382,"layered","",1,170.56298,FALSE,3.1886962,3.1886962,"d+ lp- dl- ll- w-"
"layered_port","wolf","test","wolf_2f8i_l50","cfa",26,4,"x0.01","lambda0.25",994389933,3.119667,"available","singular_convergence",1045,"layered","",1,6931.4152,FALSE,3.1196064,3.1196064,"d+ lp- dl- ll- w-"
"layered_port","wolf","test","wolf_2f8i_l50","cfa",26,4,"x0.01","lambda1",994389933,3.1887504,"available","singular_convergence",1076,"layered","",1,3134.6315,TRUE,3.188696,3.188696,"d+ lp- dl- ll- w-"
"layered_port","wolf","test","wolf_2f8i_l50","cfa",26,4,"x100","lambda0.25",994389933,3.1196752,"available","converged",479,"layered","",1,455.68422,FALSE,3.1196064,3.1196064,"d+ lp- dl- ll- w-"
"layered_port","wolf","test","wolf_2f8i_l50","cfa",26,89,"mixed","lambda1",1416064064,2.6949482,"available","converged",325,"layered","",1,80.968255,FALSE,2.6949465,2.6949465,"d+ lp- dl- ll- w+"
"layered_port","wolf","test","wolf_3f3i_l50","cfa",100,29,"native","lambda0.25",1238952031,0.094784723,"nonpositive_curvature","noisy_objective",856,"layered","",1,6615.5713,FALSE,0.09380304,0.09380304,"d+ lp- dl+ ll- w+"
"layered_port","wolf","test","wolf_3f3i_l50","cfa",100,29,"native","lambda1",1238952031,0.11175607,"available","budget_exhausted",1267,"layered","",1,7645.1124,TRUE,0.11171589,0.11171576,"d+ lp- dl- ll- w+"
"layered_port","wolf","test","wolf_3f3i_l50","cfa",100,29,"x100","lambda0.25",1238952031,0.094782693,"available","budget_exhausted",1254,"layered","",1,23427.465,TRUE,0.09380304,0.09380304,"d+ lp- dl+ ll- w+"
"layered_port","wolf","test","wolf_3f3i_l50","cfa",100,29,"x100","lambda1",1238952031,0.11175605,"available","budget_exhausted",1272,"layered","",1,7902.106,TRUE,0.11171576,0.11171576,"d+ lp- dl- ll- w+"
"layered_port","wolf","test","wolf_3f3i_l50","cfa",100,90,"x0.01","lambda1",1238952939,0.14207541,"available","noisy_objective",547,"layered","",1,9400.9524,FALSE,0.13980799,0.13980799,"d+ lp- dl- ll- w-"
"layered_port","wolf","test","wolf_3f3i_l50","cfa",25,14,"native","lambda0.25",1857434889,0.79515321,"available","noisy_objective",607,"layered","",1,7676.7315,TRUE,0.74361697,0.74361697,"d+ lp- dl+ ll- w+"
"layered_port","wolf","test","wolf_3f3i_l50","cfa",25,14,"native","lambda1",1857434889,0.91757442,"available","noisy_objective",875,"layered","",1,36841.806,FALSE,0.87704603,0.87704603,"d+ lp- dl+ ll- w+"
"layered_port","wolf","test","wolf_3f3i_l50","cfa",25,14,"x0.01","lambda1",1857434889,0.91757699,"available","noisy_objective",735,"layered","",1,16678.305,FALSE,0.87704603,0.87704603,"d+ lp- dl- ll- w+"
"layered_port","wolf","test","wolf_3f3i_l50","cfa",25,14,"x100","lambda0.25",1857434889,0.79512469,"available","noisy_objective",1103,"layered","",1,82080.062,TRUE,0.74361697,0.74361697,"d+ lp- dl+ ll- w+"
"layered_port","wolf","test","wolf_3f3i_l50","cfa",25,14,"x100","lambda1",1857434889,0.9175841,"available","noisy_objective",795,"layered","",1,21547.199,FALSE,0.87704603,0.87704603,"d+ lp- dl+ ll- w+"
"layered_port","wolf","test","wolf_3f3i_l50","cfa",25,15,"native","lambda1",1857434890,0.6117093,"nonpositive_curvature","noisy_objective",361,"layered","",1,1.9093646,FALSE,0.45516053,0.45516053,"d+ lp- dl+ ll- w+"
"layered_port","wolf","test","wolf_3f3i_l50","cfa",25,15,"x0.01","lambda1",1857434890,0.6117093,"nonpositive_curvature","noisy_objective",322,"layered","",1,1.9094293,FALSE,0.45516053,0.45516053,"d+ lp- dl- ll- w+"
"layered_port","wolf","test","wolf_3f3i_l50","cfa",25,15,"x100","lambda1",1857434890,0.6117093,"nonpositive_curvature","converged",273,"layered","",1,1.9094095,FALSE,0.45516053,0.45516053,"d+ lp- dl+ ll- w+"
"layered_port","wolf","test","wolf_3f3i_l50","cfa",25,19,"native","lambda0.25",1857434894,0.46989621,"nonpositive_curvature","converged",228,"layered","",1,49.996632,FALSE,0.49665442,0.49665442,"d+ lp- dl+ ll- w+"
"layered_port","wolf","test","wolf_3f3i_l50","cfa",25,19,"native","lambda1",1857434894,0.57511694,"nonpositive_curvature","converged",321,"layered","",1,845.94364,FALSE,0.58933364,0.58933364,"d+ lp- dl+ ll- w+"
"layered_port","wolf","test","wolf_3f3i_l50","cfa",25,19,"x100","lambda0.25",1857434894,0.46989307,"nonpositive_curvature","converged",242,"layered","",1,48.135449,FALSE,0.49665442,0.49665442,"d+ lp- dl+ ll- w+"
"layered_port","wolf","test","wolf_3f3i_l50","cfa",25,19,"x100","lambda1",1857434894,0.57511682,"nonpositive_curvature","converged",360,"layered","",1,844.84363,FALSE,0.58933364,0.58933364,"d+ lp- dl+ ll- w+"
"layered_port","wolf","test","wolf_3f3i_l50","cfa",25,2,"native","lambda1",1243654253,0.93970347,"nonpositive_curvature","noisy_objective",199,"layered","",1,1.5718976,FALSE,0.8983917,0.8983917,"d+ lp- dl+ ll- w+"
"layered_port","wolf","test","wolf_3f3i_l50","cfa",25,2,"x0.01","lambda1",1243654253,0.93970171,"nonpositive_curvature","converged",160,"layered","",1,1.5754922,FALSE,0.8983917,0.8983917,"d+ lp- dl- ll- w+"
"layered_port","wolf","test","wolf_3f3i_l50","cfa",25,2,"x100","lambda1",1243654253,0.93970353,"nonpositive_curvature","noisy_objective",215,"layered","",1,1.572599,FALSE,0.8983917,0.8983917,"d+ lp- dl+ ll- w+"
"layered_port","wolf","test","wolf_3f3i_l50","cfa",25,24,"mixed","lambda1",1857435020,0.77518304,"nonpositive_curvature","converged",224,"layered","",1,1.5611181,FALSE,0.71564997,0.71564997,"d+ lp- dl- ll- w+"
"layered_port","wolf","test","wolf_3f3i_l50","cfa",25,24,"native","lambda1",1857435020,0.77518304,"nonpositive_curvature","noisy_objective",250,"layered","",1,1.5611163,FALSE,0.71564997,0.71564997,"d+ lp- dl+ ll- w+"
"layered_port","wolf","test","wolf_3f3i_l50","cfa",25,24,"x0.01","lambda1",1857435020,0.77518304,"nonpositive_curvature","converged",214,"layered","",1,1.5611197,FALSE,0.71564997,0.71564997,"d+ lp- dl+ ll- w+"
"layered_port","wolf","test","wolf_3f3i_l50","cfa",25,24,"x100","lambda1",1857435020,0.77518304,"nonpositive_curvature","converged",241,"layered","",1,1.5611199,FALSE,0.71564997,0.71564997,"d+ lp- dl+ ll- w+"
"layered_port","wolf","test","wolf_3f3i_l50","cfa",25,28,"native","lambda0.25",1857435024,0.7656445,"nonpositive_curvature","noisy_objective",528,"layered","",1,11043.189,FALSE,0.73406959,0.73406959,"d+ lp- dl+ ll- w+"
"layered_port","wolf","test","wolf_3f3i_l50","cfa",25,28,"native","lambda1",1857435024,0.92989364,"nonpositive_curvature","converged",169,"layered","",1,1.2727856,FALSE,0.85136937,0.85136937,"d+ lp- dl+ ll- w+"
"layered_port","wolf","test","wolf_3f3i_l50","cfa",25,28,"x0.01","lambda1",1857435024,0.92989364,"nonpositive_curvature","converged",218,"layered","",1,1.2727838,FALSE,0.85136937,0.85136937,"d+ lp- dl+ ll- w+"
"layered_port","wolf","test","wolf_3f3i_l50","cfa",25,28,"x100","lambda0.25",1857435024,0.76564478,"nonpositive_curvature","noisy_objective",471,"layered","",1,10678.41,FALSE,0.73406959,0.73406959,"d+ lp- dl+ ll- w+"
"layered_port","wolf","test","wolf_3f3i_l50","cfa",25,28,"x100","lambda1",1857435024,0.92991607,"nonpositive_curvature","noisy_objective",198,"layered","",1,1.2728129,FALSE,0.85136937,0.85136937,"d+ lp- dl+ ll- w+"
"layered_port","wolf","test","wolf_3f3i_l50","cfa",25,34,"native","lambda0.25",1857435151,0.64890882,"nonpositive_curvature","converged",464,"layered","",1,3.2892543,FALSE,0.50515707,0.50515707,"d+ lp- dl+ ll- w+"
"layered_port","wolf","test","wolf_3f3i_l50","cfa",25,34,"native","lambda1",1857435151,0.70982898,"nonpositive_curvature","noisy_objective",293,"layered","",1,2.7582933,FALSE,0.60947617,0.60947617,"d+ lp- dl+ ll- w+"
"layered_port","wolf","test","wolf_3f3i_l50","cfa",25,34,"x0.01","lambda1",1857435151,0.70982896,"nonpositive_curvature","noisy_objective",282,"layered","",1,2.7575858,FALSE,0.60947617,0.60947617,"d+ lp- dl- ll- w+"
"layered_port","wolf","test","wolf_3f3i_l50","cfa",25,34,"x100","lambda0.25",1857435151,0.64890882,"nonpositive_curvature","converged",236,"layered","",1,3.2892535,FALSE,0.50515707,0.50515707,"d+ lp- dl+ ll- w+"
"layered_port","wolf","test","wolf_3f3i_l50","cfa",25,34,"x100","lambda1",1857435151,0.70982911,"nonpositive_curvature","noisy_objective",241,"layered","",1,2.7583468,FALSE,0.60947617,0.60947617,"d+ lp- dl+ ll- w+"
"layered_port","wolf","test","wolf_3f3i_l50","cfa",25,37,"native","lambda1",1857435154,1.2821977,"nonpositive_curvature","noisy_objective",418,"layered","",1,2.967268,FALSE,0.94154402,0.94154402,"d+ lp- dl+ ll- w-"
"layered_port","wolf","test","wolf_3f3i_l50","cfa",25,37,"x100","lambda1",1857435154,1.2821977,"nonpositive_curvature","converged",432,"layered","",1,2.9672955,FALSE,0.94154402,0.94154402,"d+ lp- dl+ ll- w-"
"layered_port","wolf","test","wolf_3f3i_l50","cfa",25,40,"native","lambda1",1857435278,0.8502031,"nonpositive_curvature","converged",310,"layered","",1,15.783826,FALSE,0.62026807,0.62026807,"d+ lp- dl- ll- w+"
"layered_port","wolf","test","wolf_3f3i_l50","cfa",25,40,"x100","lambda1",1857435278,0.8502031,"nonpositive_curvature","converged",343,"layered","",1,15.783983,FALSE,0.62026807,0.62026807,"d+ lp- dl+ ll- w+"
"layered_port","wolf","test","wolf_3f3i_l50","cfa",25,42,"native","lambda0.25",1857435280,0.46844875,"available","noisy_objective",882,"layered","",1,91258.988,TRUE,0.39392248,0.39392248,"d+ lp- dl+ ll- w+"
"layered_port","wolf","test","wolf_3f3i_l50","cfa",25,42,"native","lambda1",1857435280,0.60336605,"nonpositive_curvature","converged",306,"layered","",1,1.8376567,FALSE,0.5030398,0.5030398,"d+ lp- dl+ ll- w+"
"layered_port","wolf","test","wolf_3f3i_l50","cfa",25,42,"x100","lambda0.25",1857435280,0.46844924,"available","singular_convergence",846,"layered","",1,74183.296,TRUE,0.39392248,0.39392248,"d+ lp- dl+ ll- w+"
"layered_port","wolf","test","wolf_3f3i_l50","cfa",25,42,"x100","lambda1",1857435280,0.60336712,"nonpositive_curvature","converged",179,"layered","",1,1.8390161,FALSE,0.5030398,0.5030398,"d+ lp- dl+ ll- w+"
"layered_port","wolf","test","wolf_3f3i_l50","cfa",25,43,"x0.01","lambda0.25",1857435281,0.79755036,"available","budget_exhausted",1261,"layered","",1,1394.7516,TRUE,0.9034948,0.9034948,"d+ lp- dl- ll- w-"
"layered_port","wolf","test","wolf_3f3i_l50","cfa",25,43,"x0.01","lambda1",1857435281,1.1053508,"nonpositive_curvature","converged",261,"layered","",1,3.0283433,FALSE,1.0554831,1.0554831,"d+ lp- dl+ ll- w-"
"layered_port","wolf","test","wolf_3f3i_l50","cfa",25,44,"native","lambda1",1857435282,0.67259554,"available","singular_convergence",1094,"layered","",1,25286.648,TRUE,0.67098292,0.67098292,"d+ lp- dl+ ll- w+"
"layered_port","wolf","test","wolf_3f3i_l50","cfa",25,44,"x100","lambda1",1857435282,0.67259561,"available","singular_convergence",1100,"layered","",1,24452.236,TRUE,0.67098292,0.67098292,"d+ lp- dl+ ll- w+"
"layered_port","wolf","test","wolf_3f3i_l50","cfa",25,49,"native","lambda1",1857435287,0.95786432,"nonpositive_curvature","converged",209,"layered","",1,1.4935949,FALSE,0.75283704,0.75283704,"d+ lp- dl+ ll- w+"
"layered_port","wolf","test","wolf_3f3i_l50","cfa",25,49,"x0.01","lambda1",1857435287,0.95786432,"nonpositive_curvature","converged",230,"layered","",1,1.4935946,FALSE,0.75283704,0.75283704,"d+ lp- dl+ ll- w+"
"layered_port","wolf","test","wolf_3f3i_l50","cfa",25,49,"x100","lambda1",1857435287,0.95786432,"nonpositive_curvature","converged",146,"layered","",1,1.4935916,FALSE,0.75283704,0.75283704,"d+ lp- dl+ ll- w+"
"layered_port","wolf","test","wolf_3f3i_l50","cfa",25,51,"native","lambda0.25",1857435410,0.32841803,"available","noisy_objective",754,"layered","",1,14154.597,TRUE,0.30419787,0.30419787,"d+ lp- dl+ ll- w+"
"layered_port","wolf","test","wolf_3f3i_l50","cfa",25,51,"native","lambda1",1857435410,0.42334095,"available","singular_convergence",1181,"layered","",1,89059.945,TRUE,0.40894062,0.40894062,"d+ lp- dl+ ll- w+"
"layered_port","wolf","test","wolf_3f3i_l50","cfa",25,51,"x100","lambda0.25",1857435410,0.32840827,"nonpositive_curvature","budget_exhausted",1259,"layered","",1,81794.186,FALSE,0.30419787,0.30419787,"d+ lp- dl+ ll- w+"
"layered_port","wolf","test","wolf_3f3i_l50","cfa",25,51,"x100","lambda1",1857435410,0.42334401,"available","noisy_objective",867,"layered","",1,23420.422,TRUE,0.40894062,0.40894062,"d+ lp- dl+ ll- w+"
"layered_port","wolf","test","wolf_3f3i_l50","cfa",25,53,"native","lambda1",1857435412,1.0557761,"nonpositive_curvature","noisy_objective",203,"layered","",1,1.4529808,FALSE,0.78222203,0.78222203,"d+ lp- dl+ ll- w+"
"layered_port","wolf","test","wolf_3f3i_l50","cfa",25,53,"x0.01","lambda1",1857435412,1.0557761,"nonpositive_curvature","converged",245,"layered","",1,1.4529703,FALSE,0.78222203,0.78222203,"d+ lp- dl+ ll- w+"
"layered_port","wolf","test","wolf_3f3i_l50","cfa",25,53,"x100","lambda1",1857435412,1.0557761,"nonpositive_curvature","noisy_objective",244,"layered","",1,1.4529521,FALSE,0.78222203,0.78222203,"d+ lp- dl+ ll- w+"
"layered_port","wolf","test","wolf_3f3i_l50","cfa",25,56,"native","lambda0.25",1857435415,0.89037941,"nonpositive_curvature","noisy_objective",1014,"layered","",1,173090.52,FALSE,0.83807151,0.83807151,"d+ lp- dl+ ll- w+"
"layered_port","wolf","test","wolf_3f3i_l50","cfa",25,56,"native","lambda1",1857435415,1.0350059,"nonpositive_curvature","singular_convergence",788,"layered","",1,212947.3,FALSE,0.97081359,0.97081359,"d+ lp- dl+ ll- w+"
"layered_port","wolf","test","wolf_3f3i_l50","cfa",25,56,"x0.01","lambda1",1857435415,1.0351835,"nonpositive_curvature","noisy_objective",567,"layered","",1,34757.071,FALSE,0.97081359,0.97081359,"d+ lp- dl+ ll- w+"
"layered_port","wolf","test","wolf_3f3i_l50","cfa",25,56,"x100","lambda0.25",1857435415,0.89069179,"nonpositive_curvature","noisy_objective",623,"layered","",1,21162.832,FALSE,0.85350251,0.85350251,"d+ lp- dl+ ll- w+"
"layered_port","wolf","test","wolf_3f3i_l50","cfa",25,56,"x100","lambda1",1857435415,1.0350737,"nonpositive_curvature","singular_convergence",893,"layered","",1,176792.35,FALSE,0.97827449,0.97827449,"d+ lp- dl+ ll- w+"
"layered_port","wolf","test","wolf_3f3i_l50","cfa",25,57,"native","lambda0.25",1857435416,0.5483309,"nonpositive_curvature","budget_exhausted",1181,"layered","",1,26502.236,FALSE,0.53969248,0.53969248,"d+ lp- dl+ ll- w+"
"layered_port","wolf","test","wolf_3f3i_l50","cfa",25,57,"native","lambda1",1857435416,0.64581421,"nonpositive_curvature","budget_exhausted",1232,"layered","",1,44874.364,FALSE,0.63328151,0.63328151,"d+ lp- dl- ll- w+"
"layered_port","wolf","test","wolf_3f3i_l50","cfa",25,6,"native","lambda0.25",1243654257,0.83073563,"available","budget_exhausted",1168,"layered","",1,20446.325,TRUE,0.75499609,0.75499609,"d+ lp- dl+ ll- w-"
"layered_port","wolf","test","wolf_3f3i_l50","cfa",25,6,"native","lambda1",1243654257,0.91392386,"available","singular_convergence",878,"layered","",1,28224.495,FALSE,0.87792963,0.87792963,"d+ lp- dl+ ll- w-"
"layered_port","wolf","test","wolf_3f3i_l50","cfa",25,6,"x0.01","lambda1",1243654257,0.91392017,"available","noisy_objective",781,"layered","",1,18431.051,FALSE,0.87792963,0.87792963,"d+ lp- dl- ll- w-"
"layered_port","wolf","test","wolf_3f3i_l50","cfa",25,6,"x100","lambda0.25",1243654257,0.83073973,"available","noisy_objective",869,"layered","",1,6812.6148,TRUE,0.75499609,0.75499609,"d+ lp- dl+ ll- w-"
"layered_port","wolf","test","wolf_3f3i_l50","cfa",25,6,"x100","lambda1",1243654257,0.91392485,"available","noisy_objective",609,"layered","",1,7261.2532,FALSE,0.87792963,0.87792963,"d+ lp- dl+ ll- w-"
"layered_port","wolf","test","wolf_3f3i_l50","cfa",25,62,"native","lambda0.25",1857435542,0.79444497,"available","singular_convergence",1133,"layered","",1,7673.9817,TRUE,0.79603713,0.79603713,"d+ lp- dl+ ll- w+"
"layered_port","wolf","test","wolf_3f3i_l50","cfa",25,62,"native","lambda1",1857435542,0.93205756,"nonpositive_curvature","singular_convergence",978,"layered","",1,18406.948,FALSE,0.93063411,0.93063411,"d+ lp- dl+ ll- w+"
"layered_port","wolf","test","wolf_3f3i_l50","cfa",25,62,"x0.01","lambda1",1857435542,0.93205868,"available","noisy_objective",829,"layered","",1,9581.4654,TRUE,0.93063411,0.93063411,"d+ lp- dl- ll- w+"
"layered_port","wolf","test","wolf_3f3i_l50","cfa",25,62,"x100","lambda0.25",1857435542,0.79444494,"available","singular_convergence",1121,"layered","",1,8066.965,TRUE,0.79603713,0.79603713,"d+ lp- dl+ ll- w+"
"layered_port","wolf","test","wolf_3f3i_l50","cfa",25,62,"x100","lambda1",1857435542,0.93205763,"available","singular_convergence",973,"layered","",1,17462.33,TRUE,0.93063411,0.93063411,"d+ lp- dl+ ll- w+"
"layered_port","wolf","test","wolf_3f3i_l50","cfa",25,65,"native","lambda0.25",1857435545,0.88986297,"nonpositive_curvature","noisy_objective",531,"layered","",1,15025.091,FALSE,0.82959165,0.82959165,"d+ lp- dl+ ll- w+"
"layered_port","wolf","test","wolf_3f3i_l50","cfa",25,65,"native","lambda1",1857435545,1.1223998,"nonpositive_curvature","converged",211,"layered","",1,1.5812063,FALSE,0.94924406,0.94924406,"d+ lp- dl+ ll- w+"
"layered_port","wolf","test","wolf_3f3i_l50","cfa",25,65,"x0.01","lambda0.25",1857435545,0.88957877,"nonpositive_curvature","singular_convergence",734,"layered","",1,79214.454,FALSE,0.82959165,0.82959165,"d+ lp- dl+ ll- w+"
"layered_port","wolf","test","wolf_3f3i_l50","cfa",25,65,"x0.01","lambda1",1857435545,1.1223998,"nonpositive_curvature","converged",165,"layered","",1,1.5812033,FALSE,0.94924406,0.94924406,"d+ lp- dl+ ll- w+"
"layered_port","wolf","test","wolf_3f3i_l50","cfa",25,65,"x100","lambda0.25",1857435545,0.8899798,"nonpositive_curvature","noisy_objective",534,"layered","",1,26665.657,FALSE,0.82959165,0.82959165,"d+ lp- dl+ ll- w+"
"layered_port","wolf","test","wolf_3f3i_l50","cfa",25,65,"x100","lambda1",1857435545,1.1223998,"nonpositive_curvature","converged",146,"layered","",1,1.581194,FALSE,0.94924406,0.94924406,"d+ lp- dl+ ll- w+"
"layered_port","wolf","test","wolf_3f3i_l50","cfa",25,72,"native","lambda0.25",1857435673,0.99404874,"available","noisy_objective",548,"layered","",1,8046.8617,FALSE,0.87255337,0.87255337,"d+ lp- dl+ ll- w+"
"layered_port","wolf","test","wolf_3f3i_l50","cfa",25,72,"native","lambda1",1857435673,1.1748102,"nonpositive_curvature","noisy_objective",309,"layered","",1,7.7755325,FALSE,1.0213519,1.0213519,"d+ lp- dl+ ll- w+"
"layered_port","wolf","test","wolf_3f3i_l50","cfa",25,72,"x0.01","lambda1",1857435673,1.1748102,"nonpositive_curvature","converged",314,"layered","",1,7.7804083,FALSE,1.0213519,1.0213519,"d+ lp- dl+ ll- w+"
"layered_port","wolf","test","wolf_3f3i_l50","cfa",25,72,"x100","lambda0.25",1857435673,0.99404848,"available","noisy_objective",617,"layered","",1,7577.5168,FALSE,0.87255337,0.87255337,"d+ lp- dl+ ll- w+"
"layered_port","wolf","test","wolf_3f3i_l50","cfa",25,72,"x100","lambda1",1857435673,1.1748102,"nonpositive_curvature","converged",339,"layered","",1,7.7802463,FALSE,1.0213519,1.0213519,"d+ lp- dl+ ll- w+"
"layered_port","wolf","test","wolf_3f3i_l50","cfa",25,73,"native","lambda0.25",1857435674,0.6112001,"available","noisy_objective",1078,"layered","",1,12877.81,TRUE,0.56719032,0.56719032,"d+ lp- dl+ ll- w+"
"layered_port","wolf","test","wolf_3f3i_l50","cfa",25,73,"x100","lambda0.25",1857435674,0.61119888,"available","budget_exhausted",1208,"layered","",1,20008.217,TRUE,0.56719032,0.56719032,"d+ lp- dl+ ll- w+"
"layered_port","wolf","test","wolf_3f3i_l50","cfa",25,75,"native","lambda0.25",1857435676,0.67321327,"available","budget_exhausted",1205,"layered","",1,6609.2073,TRUE,0.65130196,0.65130196,"d+ lp- dl+ ll- w+"
"layered_port","wolf","test","wolf_3f3i_l50","cfa",25,75,"x100","lambda0.25",1857435676,0.67321327,"available","budget_exhausted",1178,"layered","",1,6617.0676,TRUE,0.65130196,0.65130196,"d+ lp- dl+ ll- w+"
"layered_port","wolf","test","wolf_3f3i_l50","cfa",25,76,"mixed","lambda0.25",1857435677,0.50060037,"available","noisy_objective",996,"layered","",1,22436.94,TRUE,0.4965515,0.4965515,"d+ lp- dl- ll- w+"
"layered_port","wolf","test","wolf_3f3i_l50","cfa",25,76,"mixed","lambda1",1857435677,0.69210752,"nonpositive_curvature","converged",247,"layered","",1,1.8820534,FALSE,0.61853912,0.61853912,"d+ lp- dl- ll- w+"
"layered_port","wolf","test","wolf_3f3i_l50","cfa",25,76,"native","lambda0.25",1857435677,0.50059885,"nonpositive_curvature","budget_exhausted",1284,"layered","",1,44176.672,FALSE,0.4965515,0.4965515,"d+ lp- dl+ ll- w+"
"layered_port","wolf","test","wolf_3f3i_l50","cfa",25,76,"native","lambda1",1857435677,0.69210752,"nonpositive_curvature","converged",242,"layered","",1,1.882039,FALSE,0.61853912,0.61853912,"d+ lp- dl+ ll- w+"
"layered_port","wolf","test","wolf_3f3i_l50","cfa",25,76,"x0.01","lambda0.25",1857435677,0.50060113,"available","noisy_objective",940,"layered","",1,18028.251,TRUE,0.4965515,0.4965515,"d+ lp- dl- ll- w+"
"layered_port","wolf","test","wolf_3f3i_l50","cfa",25,76,"x100","lambda0.25",1857435677,0.50060214,"available","noisy_objective",948,"layered","",1,14222.878,TRUE,0.4965515,0.4965515,"d+ lp- dl+ ll- w+"
"layered_port","wolf","test","wolf_3f3i_l50","cfa",25,76,"x100","lambda1",1857435677,0.69210753,"nonpositive_curvature","noisy_objective",232,"layered","",1,1.8811661,FALSE,0.61853912,0.61853912,"d+ lp- dl+ ll- w+"
"layered_port","wolf","test","wolf_3f3i_l50","cfa",25,81,"native","lambda0.25",1857435803,0.59927884,"nonpositive_curvature","singular_convergence",969,"layered","",1,92301.676,FALSE,0.53676564,0.53676564,"d+ lp- dl+ ll- w+"
"layered_port","wolf","test","wolf_3f3i_l50","cfa",25,81,"x100","lambda0.25",1857435803,0.59930138,"available","noisy_objective",500,"layered","",1,10930.584,FALSE,0.53676564,0.53676564,"d+ lp- dl+ ll- w+"
"layered_port","wolf","test","wolf_3f3i_l50","cfa",25,91,"native","lambda0.25",1857435934,0.71048922,"available","noisy_objective",484,"layered","",1,10404.91,FALSE,0.65821461,0.65821461,"d+ lp- dl+ ll- w+"
"layered_port","wolf","test","wolf_3f3i_l50","cfa",25,91,"native","lambda1",1857435934,0.84005561,"available","noisy_objective",703,"layered","",1,34629.922,FALSE,0.8004011,0.8004011,"d+ lp- dl+ ll- w+"
"layered_port","wolf","test","wolf_3f3i_l50","cfa",25,91,"x0.01","lambda1",1857435934,0.84003999,"nonpositive_curvature","noisy_objective",735,"layered","",1,37326.807,FALSE,0.8004011,0.8004011,"d+ lp- dl+ ll- w+"
"layered_port","wolf","test","wolf_3f3i_l50","cfa",25,91,"x100","lambda0.25",1857435934,0.71046425,"available","noisy_objective",627,"layered","",1,22889.449,FALSE,0.65821461,0.65821461,"d+ lp- dl+ ll- w+"
"layered_port","wolf","test","wolf_3f3i_l50","cfa",25,91,"x100","lambda1",1857435934,0.83993421,"available","noisy_objective",502,"layered","",1,9529.414,FALSE,0.8004011,0.8004011,"d+ lp- dl+ ll- w+"
"layered_port","wolf","test","wolf_3f3i_l50","cfa",25,93,"native","lambda0.25",1857435936,1.1083943,"nonpositive_curvature","converged",349,"layered","",1,2.2388617,FALSE,0.85872738,0.85872738,"d+ lp- dl+ ll- w+"
"layered_port","wolf","test","wolf_3f3i_l50","cfa",25,93,"native","lambda1",1857435936,1.1419767,"nonpositive_curvature","converged",404,"layered","",1,2.0685648,FALSE,0.95532518,0.95532518,"d+ lp- dl- ll- w+"
"layered_port","wolf","test","wolf_3f3i_l50","cfa",25,93,"x100","lambda0.25",1857435936,1.1083943,"nonpositive_curvature","noisy_objective",354,"layered","",1,2.2385725,FALSE,0.85872738,0.85872738,"d+ lp- dl+ ll- w+"
"layered_port","wolf","test","wolf_3f3i_l50","cfa",25,93,"x100","lambda1",1857435936,1.1419767,"nonpositive_curvature","noisy_objective",356,"layered","",1,2.0693412,FALSE,0.95532518,0.95532518,"d+ lp- dl- ll- w+"
"layered_port","wolf","test","wolf_3f3i_l50","cfa",25,94,"native","lambda0.25",1857435937,0.65062261,"available","singular_convergence",808,"layered","",1,130946.69,FALSE,0.55309406,0.55309406,"d+ lp- dl+ ll- w+"
"layered_port","wolf","test","wolf_3f3i_l50","cfa",25,94,"native","lambda1",1857435937,0.78092616,"nonpositive_curvature","noisy_objective",164,"layered","",1,1,FALSE,0.6539333,0.6539333,"d+ lp- dl+ ll- w+"
"layered_port","wolf","test","wolf_3f3i_l50","cfa",25,94,"x0.01","lambda1",1857435937,0.68907214,"available","noisy_objective",665,"layered","",1,78754.092,FALSE,0.6539333,0.6539333,"d+ lp- dl- ll- w+"
"layered_port","wolf","test","wolf_3f3i_l50","cfa",25,94,"x100","lambda0.25",1857435937,0.65065159,"available","singular_convergence",908,"layered","",1,275952.52,FALSE,0.55309406,0.55309406,"d+ lp- dl+ ll- w+"
"layered_port","wolf","test","wolf_3f3i_l50","cfa",25,94,"x100","lambda1",1857435937,0.78092616,"nonpositive_curvature","noisy_objective",134,"layered","",1,1,FALSE,0.6539333,0.6539333,"d+ lp- dl+ ll- w+"
"layered_port","wolf","test","wolf_3f3i_l50","cfa",25,95,"native","lambda1",1857435938,1.0610168,"nonpositive_curvature","noisy_objective",271,"layered","",1,4.5674171,FALSE,0.93378969,0.93378969,"d+ lp- dl+ ll- w+"
"layered_port","wolf","test","wolf_3f3i_l50","cfa",25,95,"x0.01","lambda1",1857435938,1.0610167,"nonpositive_curvature","noisy_objective",267,"layered","",1,4.5672115,FALSE,0.93378969,0.93378969,"d+ lp- dl- ll- w+"
"layered_port","wolf","test","wolf_3f3i_l50","cfa",25,95,"x100","lambda1",1857435938,1.0610167,"nonpositive_curvature","noisy_objective",240,"layered","",1,4.5675866,FALSE,0.93378969,0.93378969,"d+ lp- dl+ ll- w+"
"layered_port","wolf","test","wolf_3f3i_l50","cfa",25,96,"native","lambda0.25",1857435939,0.7542421,"available","singular_convergence",967,"layered","",1,36645.921,TRUE,0.72871949,0.72871949,"d+ lp- dl+ ll- w+"
"layered_port","wolf","test","wolf_3f3i_l50","cfa",25,96,"x100","lambda0.25",1857435939,0.75425116,"available","noisy_objective",580,"layered","",1,5397.6891,TRUE,0.72871949,0.72871949,"d+ lp- dl+ ll- w+"
"layered_port","wolf","test","wolf_3f6i_l50","cfa",28,10,"mixed","lambda0.25",1247650043,3.840906,"available","noisy_objective",837,"layered","",1,17862.764,FALSE,3.8259506,3.8259506,"d+ lp- dl+ ll- w+"
"layered_port","wolf","test","wolf_3f6i_l50","cfa",28,10,"mixed","lambda1",1247650043,3.9391695,"available","noisy_objective",875,"layered","",1,11612.288,FALSE,3.9295094,3.9295094,"d+ lp- dl+ ll- w+"
"layered_port","wolf","test","wolf_3f6i_l50","cfa",28,10,"native","lambda0.25",1247650043,3.8409348,"available","singular_convergence",811,"layered","",1,17526.086,FALSE,3.8259506,3.8259506,"d+ lp- dl+ ll- w+"
"layered_port","wolf","test","wolf_3f6i_l50","cfa",28,10,"native","lambda1",1247650043,3.9391709,"available","noisy_objective",859,"layered","",1,12715.843,FALSE,3.9295094,3.9295094,"d+ lp- dl+ ll- w+"
"layered_port","wolf","test","wolf_3f6i_l50","cfa",28,10,"x0.01","lambda0.25",1247650043,3.8409248,"available","singular_convergence",858,"layered","",1,16865.903,FALSE,3.8259506,3.8259506,"d+ lp- dl+ ll- w+"
"layered_port","wolf","test","wolf_3f6i_l50","cfa",28,10,"x0.01","lambda1",1247650043,3.9391711,"available","singular_convergence",805,"layered","",1,11595.913,FALSE,3.9295094,3.9295094,"d+ lp- dl+ ll- w+"
"layered_port","wolf","test","wolf_3f6i_l50","cfa",28,10,"x100","lambda0.25",1247650043,3.8408796,"available","singular_convergence",843,"layered","",1,19994.313,FALSE,3.8259506,3.8259506,"d+ lp- dl+ ll- w+"
"layered_port","wolf","test","wolf_3f6i_l50","cfa",28,10,"x100","lambda1",1247650043,3.9391725,"available","noisy_objective",933,"layered","",1,14927.634,FALSE,3.9295094,3.9295094,"d+ lp- dl+ ll- w+"
"layered_port","wolf","test","wolf_3f6i_l50","cfa",28,73,"mixed","lambda1",1247650832,4.3244815,"available","converged",210,"layered","",1,6.9270385,FALSE,4.324479,4.324479,"d+ lp- dl+ ll+ w+"
"layered_port","wolf","test","wolf_3f6i_l50","cfa",28,73,"native","lambda1",1247650832,4.3244815,"available","converged",210,"layered","",1,6.9270385,FALSE,4.324479,4.324479,"d+ lp- dl+ ll+ w+"
"layered_port","wolf","test","wolf_3f6i_l50","cfa",28,73,"x0.01","lambda1",1247650832,4.3244815,"available","converged",210,"layered","",1,6.9270385,FALSE,4.324479,4.324479,"d+ lp- dl+ ll+ w+"
"layered_port","wolf","test","wolf_3f6i_l50","cfa",28,73,"x100","lambda1",1247650832,4.3244815,"available","converged",210,"layered","",1,6.9270385,FALSE,4.324479,4.324479,"d+ lp- dl+ ll+ w+"
"layered_port","wolf","test","wolf_3f6i_l50","cfa",28,88,"mixed","lambda0.25",1247650968,3.8831266,"available","singular_convergence",1009,"layered","",1,3866.2527,FALSE,4.0481724,3.8875845,"d+ lp- dl+ ll- w+"
"layered_port","wolf","test","wolf_3f6i_l50","cfa",28,88,"mixed","lambda1",1247650968,3.9903889,"available","singular_convergence",1116,"layered","",1,1838.1347,TRUE,4.1677544,4.1677544,"d+ lp- dl- ll- w-"
"layered_port","wolf","test","wolf_3f6i_l50","cfa",28,88,"native","lambda0.25",1247650968,3.8831258,"available","singular_convergence",1070,"layered","",1,4305.001,FALSE,4.0481724,3.8875845,"d+ lp- dl+ ll- w+"
"layered_port","wolf","test","wolf_3f6i_l50","cfa",28,88,"native","lambda1",1247650968,3.9903893,"available","singular_convergence",1105,"layered","",1,2074.6255,TRUE,4.1677544,4.1677544,"d+ lp- dl+ ll- w-"
"layered_port","wolf","test","wolf_3f6i_l50","cfa",28,88,"x0.01","lambda0.25",1247650968,3.8831264,"available","singular_convergence",1028,"layered","",1,3960.355,FALSE,4.0481724,3.8875845,"d+ lp- dl+ ll- w+"
"layered_port","wolf","test","wolf_3f6i_l50","cfa",28,88,"x0.01","lambda1",1247650968,3.9903893,"available","singular_convergence",1205,"layered","",1,2242.9281,TRUE,4.1677544,4.1677544,"d+ lp- dl+ ll- w-"
"layered_port","wolf","test","wolf_3f6i_l50","cfa",28,88,"x100","lambda0.25",1247650968,3.8831207,"available","singular_convergence",1010,"layered","",1,4135.111,TRUE,4.0481724,3.8875845,"d+ lp- dl+ ll- w+"
"layered_port","wolf","test","wolf_3f6i_l50","cfa",28,88,"x100","lambda1",1247650968,3.9903893,"available","singular_convergence",1126,"layered","",1,2087.3985,TRUE,4.1677544,4.1677544,"d+ lp- dl+ ll- w-"
"layered_port","wolf","test","wolf_3f8i_l50","cfa",34,8,"mixed","lambda0.25",1992119528,5.4246574,"available","converged",391,"layered","",1,107.62624,FALSE,5.4246489,5.4246489,"d+ lp- dl- ll- w-"
"layered_port","wolf","test","wolf_3f8i_l50","cfa",34,91,"mixed","lambda1",1122139239,6.0471238,"available","singular_convergence",977,"layered","",1,14416.969,FALSE,6.0426428,6.0426426,"d+ lp- dl+ ll- w-"
"layered_port","wolf","test","wolf_3f8i_l50","cfa",34,91,"native","lambda1",1122139239,6.0471226,"available","singular_convergence",959,"layered","",1,13512.566,FALSE,6.0426426,6.0426426,"d+ lp- dl+ ll- w-"
"layered_port","wolf","test","wolf_3f8i_l50","cfa",34,91,"x0.01","lambda1",1122139239,6.0471015,"available","singular_convergence",964,"layered","",1,11711.735,FALSE,6.0426426,6.0426426,"d+ lp- dl+ ll- w-"
"layered_port","wolf","test","wolf_3f8i_l50","cfa",34,91,"x100","lambda1",1122139239,6.0470599,"available","singular_convergence",1000,"layered","",1,13459.834,FALSE,6.0426426,6.0426426,"d+ lp- dl+ ll- w-"
"default_lbfgs","boomsma","test","boomsma_3CM","cfa",25,27,"x0.01","lambda0.25",349012380,,"","",,"","[LineSearchFailed] after 817 iters  f=0.794472: nlopt Limite",,,FALSE,0.25422251,0.25422251,"d+ lp- dl- ll- w+"
"default_lbfgs","boomsma","test","boomsma_3CM","cfa",25,27,"x0.01","lambda1",349012380,,"","",,"","[LineSearchFailed] after 288 iters  f=0.442664: nlopt Limite",,,FALSE,0.33752301,0.33752301,"d+ lp- dl- ll- w+"
"default_lbfgs","boomsma","test","boomsma_3CM","cfa",25,7,"mixed","lambda0.25",1920645783,0.21293134,"available","converged",2486,"transported-std-lv-fabin","",1,5.6001644,FALSE,0.21224336,0.21224336,"d+ lp- dl- ll- w+"
"default_lbfgs","boomsma","test","boomsma_3CM","cfa",25,7,"mixed","lambda1",1920645783,0.30281325,"available","converged",1477,"transported-std-lv-fabin","",1,5.0588948,FALSE,0.30218536,0.30218536,"d+ lp- dl- ll- w+"
"default_lbfgs","boomsma","test","boomsma_3CM","cfa",25,7,"x0.01","lambda0.25",1920645783,0.21348946,"available","converged",1122,"transported-std-lv-fabin","",1,4.952574,FALSE,0.21224336,0.21224336,"d+ lp- dl- ll- w+"
"default_lbfgs","boomsma","test","boomsma_3CM","cfa",25,7,"x0.01","lambda1",1920645783,0.30277638,"available","converged",1260,"transported-std-lv-fabin","",1,5.1068893,FALSE,0.30218536,0.30218536,"d+ lp- dl- ll- w+"
"default_lbfgs","boomsma","test","boomsma_3CM","cfa",25,70,"mixed","lambda1",349013028,,"","",,"","[LineSearchFailed] after 464 iters  f=0.341111: nlopt Limite",,,FALSE,0.2894822,0.2894822,"d+ lp- dl- ll- w+"
"default_lbfgs","boomsma","test","boomsma_3CM","cfa",25,70,"x0.01","lambda0.25",349013028,0.21225906,"available","converged",650,"transported-std-lv-fabin","",1,3.5131186,FALSE,0.21223288,0.21223288,"d+ lp- dl- ll- w+"
"default_lbfgs","boomsma","test","boomsma_3CM","cfa",25,70,"x0.01","lambda1",349013028,0.28951204,"available","converged",416,"transported-std-lv-fabin","",1,3.0656406,FALSE,0.2894822,0.2894822,"d+ lp- dl- ll- w+"
"default_lbfgs","boomsma","test","boomsma_3CS","cfa",100,18,"mixed","lambda0.25",373265522,1.9589542,"nonpositive_curvature","converged",1356,"transported-std-lv-fabin","",1,2.0177785,FALSE,0.049788511,0.048803198,"d+ lp+ dl- ll+ w+"
"default_lbfgs","boomsma","test","boomsma_3CS","cfa",100,18,"x0.01","lambda1",373265522,,"","",,"","[LineSearchFailed] after 788 iters  f=1.5145: nlopt Limited-",,,FALSE,0.059715063,0.059715063,"d+ lp+ dl- ll+ w+"
"default_lbfgs","boomsma","test","boomsma_3CS","cfa",100,42,"x0.01","lambda0.25",373265909,0.041268129,"available","converged",2694,"transported-std-lv-fabin","",1,5.8863499,FALSE,0.037800662,0.037800662,"d+ lp- dl- ll- w-"
"default_lbfgs","boomsma","test","boomsma_3CS","cfa",100,56,"x0.01","lambda1",373266044,0.073400439,"available","converged",2184,"transported-std-lv-fabin","",1,4.2974859,FALSE,0.061372856,0.061372856,"d+ lp- dl- ll- w+"
"default_lbfgs","boomsma","test","boomsma_3CS","cfa",100,77,"mixed","lambda1",373266307,0.042047945,"available","converged",1138,"transported-std-lv-fabin","",1,3.0984092,FALSE,0.042044307,0.042044307,"d+ lp- dl- ll- w+"
"default_lbfgs","boomsma","test","boomsma_3CS","cfa",100,77,"x0.01","lambda1",373266307,0.042065891,"available","converged",1071,"transported-std-lv-fabin","",1,3.013266,FALSE,0.042044307,0.042044307,"d+ lp- dl- ll- w+"
"default_lbfgs","boomsma","test","boomsma_3CS","cfa",100,86,"x0.01","lambda0.25",373266437,,"","",,"","[LineSearchFailed] after 3072 iters  f=0.527577: nlopt Limit",,,FALSE,0.043078267,0.043078267,"d+ lp- dl- ll- w+"
"default_lbfgs","boomsma","test","boomsma_3CS","cfa",100,88,"x0.01","lambda1",373266439,0.043368302,"available","line_search_salvaged",1139,"transported-std-lv-fabin","",1,3.7991305,FALSE,0.043358772,0.043358772,"d+ lp- dl- ll- w+"
"default_lbfgs","boomsma","test","boomsma_3CS","cfa",100,9,"x0.01","lambda0.25",1052001670,,"","",,"","[LineSearchFailed] after 809 iters  f=1.74223: nlopt Limited",,,FALSE,0.056127186,0.056127186,"d+ lp- dl- ll- w+"
"default_lbfgs","boomsma","test","boomsma_3CS","cfa",25,10,"x0.01","lambda0.25",1359036448,,"","",,"","[LineSearchFailed] after 2039 iters  f=0.240862: nlopt Limit",,,FALSE,0.17678101,0.17678101,"d+ lp+ dl- ll+ w+"
"default_lbfgs","boomsma","test","boomsma_3CS","cfa",25,21,"x0.01","lambda1",1359036580,,"","",,"","[LineSearchFailed] after 589 iters  f=1.1673: nlopt Limited-",,,FALSE,0.32886019,0.32886019,"d+ lp- dl- ll- w+"
"default_lbfgs","boomsma","test","boomsma_3CS","cfa",25,26,"mixed","lambda0.25",1359036585,,"","",,"","[LineSearchFailed] after 421 iters  f=0.258288: nlopt Limite",,,FALSE,0.11711312,0.09854772,"d+ lp- dl- ll- w+"
"default_lbfgs","boomsma","test","boomsma_3CS","cfa",25,26,"x0.01","lambda1",1359036585,,"","",,"","[LineSearchFailed] after 536 iters  f=1.11865: nlopt Limited",,,FALSE,0.1569418,0.1390269,"d+ lp- dl- ll- w+"
"default_lbfgs","boomsma","test","boomsma_3CS","cfa",25,3,"mixed","lambda0.25",1469351753,0.3118918,"available","converged",1987,"transported-std-lv-fabin","",1,4.0842604,FALSE,0.31175419,0.31175419,"d+ lp- dl- ll- w+"
"default_lbfgs","boomsma","test","boomsma_3CS","cfa",25,33,"x0.01","lambda1",1359036713,,"","",,"","[LineSearchFailed] after 516 iters  f=0.764049: nlopt Limite",,,FALSE,0.21090174,0.21090174,"d+ lp- dl- ll- w+"
"default_lbfgs","boomsma","test","boomsma_3CS","cfa",25,36,"mixed","lambda0.25",1359036716,0.49160235,"available","converged",789,"transported-std-lv-fabin","",1,6.5649288,FALSE,0.48708658,0.47350614,"d+ lp- dl- ll- w+"
"default_lbfgs","boomsma","test","boomsma_3CS","cfa",25,4,"x0.01","lambda0.25",1469351754,,"","",,"","[LineSearchFailed] after 1331 iters  f=1.54662: nlopt Limite",,,FALSE,0.30979929,0.30979929,"d+ lp+ dl- ll- w+"
"default_lbfgs","boomsma","test","boomsma_3CS","cfa",25,4,"x0.01","lambda1",1469351754,,"","",,"","[LineSearchFailed] after 751 iters  f=0.439779: nlopt Limite",,,FALSE,0.37398283,0.37398283,"d+ lp+ dl- ll- w+"
"default_lbfgs","boomsma","test","boomsma_3CS","cfa",25,44,"x0.01","lambda1",1359036845,,"","",,"","[LineSearchFailed] after 517 iters  f=0.620906: nlopt Limite",,,FALSE,0.43764916,0.43764916,"d+ lp- dl- ll- w+"
"default_lbfgs","boomsma","test","boomsma_3CS","cfa",25,47,"mixed","lambda1",1359036848,0.34368871,"available","converged",728,"transported-std-lv-fabin","",1,2.9044528,FALSE,0.34368564,0.34368564,"d+ lp- dl- ll- w+"
"default_lbfgs","boomsma","test","boomsma_3CS","cfa",25,47,"x0.01","lambda0.25",1359036848,,"","",,"","[LineSearchFailed] after 1724 iters  f=0.386231: nlopt Limit",,,FALSE,0.33719576,0.28475717,"d+ lp- dl- ll- w+"
"default_lbfgs","boomsma","test","boomsma_3CS","cfa",25,47,"x0.01","lambda1",1359036848,4.8835712,"nonpositive_curvature","converged",116,"transported-std-lv-fabin","",1,26.799826,FALSE,0.34368564,0.34368564,"d+ lp- dl- ll- w+"
"default_lbfgs","boomsma","test","boomsma_3CS","cfa",25,49,"x0.01","lambda0.25",1359036850,0.33858306,"available","converged",1824,"transported-std-lv-fabin","",1,3.7435412,FALSE,0.33857887,0.33857887,"d+ lp+ dl- ll+ w+"
"default_lbfgs","boomsma","test","boomsma_3CS","cfa",25,50,"x100","lambda1",1359036972,,"","",,"","[LineSearchFailed] after 130 iters  f=0.115137: nlopt Limite",,,FALSE,0.10767949,0.10767949,"d+ lp- dl- ll- w-"
"default_lbfgs","boomsma","test","boomsma_3CS","cfa",25,57,"mixed","lambda0.25",1359036979,0.17965166,"available","converged",1336,"transported-std-lv-fabin","",1,7.8454409,FALSE,0.19384976,0.15987387,"d+ lp- dl- ll- w+"
"default_lbfgs","boomsma","test","boomsma_3CS","cfa",25,64,"x0.01","lambda1",1359037107,0.31111415,"available","converged",1047,"transported-std-lv-fabin","",1,4.4668619,FALSE,0.30918851,0.30918851,"d+ lp- dl- ll- w+"
"default_lbfgs","boomsma","test","boomsma_3CS","cfa",25,69,"mixed","lambda0.25",1359037112,,"","",,"","[LineSearchFailed] after 318 iters  f=0.261756: nlopt Limite",,,FALSE,0.180028,0.180028,"d+ lp- dl- ll- w+"
"default_lbfgs","boomsma","test","boomsma_3CS","cfa",25,69,"x0.01","lambda0.25",1359037112,,"","",,"","[LineSearchFailed] after 588 iters  f=0.329519: nlopt Limite",,,FALSE,0.180028,0.180028,"d+ lp- dl- ll- w+"
"default_lbfgs","boomsma","test","boomsma_3CS","cfa",25,69,"x0.01","lambda1",1359037112,2.7644178,"nonpositive_curvature","converged",614,"transported-std-lv-fabin","",1,6.9689767,FALSE,0.24235698,0.24235698,"d+ lp- dl- ll- w+"
"default_lbfgs","boomsma","test","boomsma_3CS","cfa",25,70,"mixed","lambda1",1359037234,0.47968748,"available","converged",1109,"transported-std-lv-fabin","",1,6.0148244,FALSE,0.37224212,0.37224212,"d+ lp+ dl- ll+ w+"
"default_lbfgs","boomsma","test","boomsma_3CS","cfa",25,8,"native","lambda1",1469351758,0.20421447,"available","converged",692,"transported-std-lv-fabin","",1,18.079255,FALSE,0.2042102,0.2042102,"d+ lp- dl- ll- w+"
"default_lbfgs","boomsma","test","boomsma_3CS","cfa",25,8,"x0.01","lambda1",1469351758,0.20558984,"available","converged",1449,"transported-std-lv-fabin","",1,5.7229967,FALSE,0.2042102,0.2042102,"d+ lp- dl- ll- w+"
"default_lbfgs","boomsma","test","boomsma_3CS","cfa",25,82,"x0.01","lambda1",1359037367,,"","",,"","[LineSearchFailed] after 165 iters  f=4.72362: nlopt Limited",,,FALSE,0.22380312,0.22380312,"d+ lp+ dl- ll- w-"
"default_lbfgs","boomsma","test","boomsma_3CS","cfa",25,84,"mixed","lambda0.25",1359037369,0.23962151,"available","converged",1900,"transported-std-lv-fabin","",1,5.777131,FALSE,0.23691363,0.23691363,"d+ lp+ dl- ll+ w+"
"default_lbfgs","boomsma","test","boomsma_3CS","cfa",25,84,"mixed","lambda1",1359037369,0.28728359,"available","converged",441,"transported-std-lv-fabin","",1,1.5099484,FALSE,0.28727199,0.28727199,"d+ lp- dl- ll- w+"
"default_lbfgs","boomsma","test","boomsma_3CS","cfa",25,84,"x0.01","lambda1",1359037369,0.28731474,"available","converged",473,"transported-std-lv-fabin","",1,2.0662728,FALSE,0.28727199,0.28727199,"d+ lp- dl- ll- w+"
"default_lbfgs","boomsma","test","boomsma_3CS","cfa",25,85,"x0.01","lambda0.25",1359037370,0.42247303,"available","converged",347,"transported-std-lv-fabin","",1,1.480869,FALSE,0.24693666,0.24693666,"d+ lp+ dl- ll+ w+"
"default_lbfgs","boomsma","test","boomsma_3CS","cfa",25,88,"x0.01","lambda0.25",1359037373,0.1914267,"available","converged",591,"transported-std-lv-fabin","",1,3.1546998,FALSE,0.19141916,0.19141916,"d+ lp- dl- ll- w+"
"default_lbfgs","boomsma","test","boomsma_3CS","cfa",25,88,"x0.01","lambda1",1359037373,0.24353921,"available","converged",827,"transported-std-lv-fabin","",1,3.0076953,FALSE,0.24351542,0.24351542,"d+ lp- dl- ll- w+"
"default_lbfgs","boomsma","test","boomsma_3CS","cfa",25,92,"x0.01","lambda1",1359037498,0.27333158,"available","converged",1192,"transported-std-lv-fabin","",1,5.3938013,FALSE,0.27313307,0.27313307,"d+ lp- dl- ll- w+"
"default_lbfgs","boomsma","test","boomsma_3CS","cfa",25,93,"x0.01","lambda1",1359037499,0.38367993,"available","converged",1137,"transported-std-lv-fabin","",1,4.2678308,FALSE,0.380966,0.380966,"d+ lp- dl- ll- w+"
"default_lbfgs","boomsma","test","boomsma_3UM","cfa",25,100,"x0.01","lambda0.25",531052433,0.18446221,"available","converged",2217,"transported-std-lv-fabin","",1,4.264604,FALSE,0.18442125,0.18442125,"d+ lp- dl- ll- w+"
"default_lbfgs","boomsma","test","boomsma_3UM","cfa",25,100,"x0.01","lambda1",531052433,0.25876642,"available","converged",761,"transported-std-lv-fabin","",1,4.0165781,FALSE,0.2587245,0.2587245,"d+ lp- dl- ll- w+"
"default_lbfgs","boomsma","test","boomsma_3UM","cfa",25,82,"x0.01","lambda1",4054754,0.21994891,"available","converged",382,"transported-std-lv-fabin","",1,2.9357067,FALSE,0.21994326,0.21994326,"d+ lp- dl- ll- w+"
"default_lbfgs","boomsma","test","boomsma_3UM","cfa",25,83,"x0.01","lambda0.25",4054755,,"","",,"","[LineSearchFailed] after 1303 iters  f=0.319541: nlopt Limit",,,FALSE,0.10043344,0.10043344,"d+ lp- dl- ll- w+"
"default_lbfgs","boomsma","test","boomsma_3US","cfa",100,12,"x0.01","lambda1",280870408,,"","",,"","[LineSearchFailed] after 585 iters  f=0.512592: nlopt Limite",,,FALSE,0.060848394,0.060848394,"d+ lp- dl- ll- w+"
"default_lbfgs","boomsma","test","boomsma_3US","cfa",100,17,"mixed","lambda0.25",280870413,0.067224505,"nonpositive_curvature","converged",1037,"transported-std-lv-fabin","",1,1.2887715,FALSE,0.066729098,0.066729098,"d+ lp- dl- ll- w+"
"default_lbfgs","boomsma","test","boomsma_3US","cfa",100,17,"mixed","lambda1",280870413,,"","",,"","[LineSearchFailed] after 750 iters  f=0.107672: nlopt Limite",,,FALSE,0.077257475,0.077257475,"d+ lp- dl- ll- w+"
"default_lbfgs","boomsma","test","boomsma_3US","cfa",100,22,"x0.01","lambda0.25",280870539,,"","",,"","[LineSearchFailed] after 845 iters  f=1.24739: nlopt Limited",,,FALSE,0.043331457,0.043331457,"d+ lp- dl- ll- w+"
"default_lbfgs","boomsma","test","boomsma_3US","cfa",100,32,"mixed","lambda0.25",280870670,0.064745937,"available","converged",1098,"transported-std-lv-fabin","",1,2.6673489,FALSE,0.064744668,0.064744668,"d+ lp- dl- ll- w+"
"default_lbfgs","boomsma","test","boomsma_3US","cfa",100,76,"x0.01","lambda1",280871198,0.04101887,"available","converged",1134,"transported-std-lv-fabin","",1,2.9345437,FALSE,0.041018145,0.041018145,"d+ lp- dl- ll- w+"
"default_lbfgs","boomsma","test","boomsma_3US","cfa",100,85,"x0.01","lambda1",280871328,,"","",,"","[LineSearchFailed] after 543 iters  f=1.29667: nlopt Limited",,,FALSE,0.074311485,0.074311485,"d+ lp- dl- ll- w+"
"default_lbfgs","boomsma","test","boomsma_3US","cfa",25,1,"mixed","lambda0.25",204457111,,"","",,"","[LineSearchFailed] after 893 iters  f=0.288831: nlopt Limite",,,FALSE,0.15695953,0.15695953,"d+ lp+ dl- ll+ w+"
"default_lbfgs","boomsma","test","boomsma_3US","cfa",25,1,"mixed","lambda1",204457111,,"","",,"","[LineSearchFailed] after 343 iters  f=4.02596: nlopt Limited",,,FALSE,0.2094229,0.2094229,"d+ lp+ dl- ll+ w+"
"default_lbfgs","boomsma","test","boomsma_3US","cfa",25,1,"x0.01","lambda1",204457111,,"","",,"","[LineSearchFailed] after 471 iters  f=1.86321: nlopt Limited",,,FALSE,0.2094229,0.2094229,"d+ lp+ dl- ll+ w+"
"default_lbfgs","boomsma","test","boomsma_3US","cfa",25,20,"mixed","lambda1",1014078172,2.8162132,"nonpositive_curvature","converged",519,"transported-std-lv-fabin","",1,20.589395,FALSE,0.29846394,0.29846394,"d+ lp- dl- ll- w+"
"default_lbfgs","boomsma","test","boomsma_3US","cfa",25,20,"x0.01","lambda0.25",1014078172,,"","",,"","[LineSearchFailed] after 754 iters  f=0.338545: nlopt Limite",,,FALSE,0.23349715,0.23349715,"d+ lp- dl- ll- w+"
"default_lbfgs","boomsma","test","boomsma_3US","cfa",25,23,"mixed","lambda1",1014078175,,"","",,"","[LineSearchFailed] after 1427 iters  f=0.427607: nlopt Limit",,,FALSE,0.34111859,0.34111859,"d+ lp- dl- ll- w+"
"default_lbfgs","boomsma","test","boomsma_3US","cfa",25,25,"x0.01","lambda1",1014078177,,"","",,"","[LineSearchFailed] after 56 iters  f=4.71769: nlopt Limited-",,,FALSE,0.22482748,0.22482748,"d+ lp+ dl- ll+ w+"
"default_lbfgs","boomsma","test","boomsma_3US","cfa",25,31,"mixed","lambda0.25",1014078304,,"","",,"","[LineSearchFailed] after 1131 iters  f=0.8125: nlopt Limited",,,FALSE,0.39732702,0.39732702,"d+ lp- dl- ll- w-"
"default_lbfgs","boomsma","test","boomsma_3US","cfa",25,33,"x0.01","lambda0.25",1014078306,0.29341909,"available","converged",1218,"transported-std-lv-fabin","",1,4.0325066,FALSE,0.29340469,0.29340469,"d+ lp- dl- ll- w-"
"default_lbfgs","boomsma","test","boomsma_3US","cfa",25,33,"x0.01","lambda1",1014078306,0.3885111,"available","converged",1016,"transported-std-lv-fabin","",1,2.9660074,FALSE,0.38848744,0.38848744,"d+ lp- dl- ll- w+"
"default_lbfgs","boomsma","test","boomsma_3US","cfa",25,38,"mixed","lambda1",1014078311,,"","",,"","[LineSearchFailed] after 320 iters  f=2.63024: nlopt Limited",,,FALSE,0.45180863,0.45180863,"d+ lp- dl- ll- w+"
"default_lbfgs","boomsma","test","boomsma_3US","cfa",25,39,"x0.01","lambda1",1014078312,0.27947793,"available","converged",1349,"transported-std-lv-fabin","",1,6.4682054,FALSE,0.24365969,0.24365969,"d+ lp- dl- ll- w-"
"default_lbfgs","boomsma","test","boomsma_3US","cfa",25,44,"mixed","lambda0.25",1014078438,,"","",,"","[LineSearchFailed] after 232 iters  f=4.44549: nlopt Limited",,,FALSE,0.22292164,0.22292164,"d+ lp- dl- ll- w-"
"default_lbfgs","boomsma","test","boomsma_3US","cfa",25,44,"x0.01","lambda0.25",1014078438,,"","",,"","[LineSearchFailed] after 73 iters  f=4.50274: nlopt Limited-",,,FALSE,0.22292164,0.22292164,"d+ lp- dl- ll- w-"
"default_lbfgs","boomsma","test","boomsma_3US","cfa",25,45,"mixed","lambda0.25",1014078439,,"","",,"","[LineSearchFailed] after 752 iters  f=1.08885: nlopt Limited",,,FALSE,0.15505734,0.13855602,"d+ lp+ dl- ll+ w+"
"default_lbfgs","boomsma","test","boomsma_3US","cfa",25,45,"x0.01","lambda1",1014078439,,"","",,"","[LineSearchFailed] after 644 iters  f=0.23195: nlopt Limited",,,FALSE,0.2004078,0.20020327,"d+ lp+ dl- ll- w+"
"default_lbfgs","boomsma","test","boomsma_3US","cfa",25,46,"native","lambda1",1014078440,0.48154715,"available","converged",154,"transported-std-lv-fabin","",1,17.887274,FALSE,0.48152419,0.48152419,"d+ lp+ dl- ll- w+"
"default_lbfgs","boomsma","test","boomsma_3US","cfa",25,46,"x0.01","lambda1",1014078440,,"","",,"","[LineSearchFailed] after 711 iters  f=0.55475: nlopt Limited",,,FALSE,0.48152419,0.48152419,"d+ lp+ dl- ll- w+"
"default_lbfgs","boomsma","test","boomsma_3US","cfa",25,48,"x0.01","lambda0.25",1014078442,0.33896431,"available","converged",1420,"transported-std-lv-fabin","",1,4.4847931,FALSE,0.28457205,0.28457205,"d+ lp- dl- ll- w+"
"default_lbfgs","boomsma","test","boomsma_3US","cfa",25,48,"x0.01","lambda1",1014078442,0.35204202,"available","converged",1357,"transported-std-lv-fabin","",1,3.2160851,FALSE,0.35203857,0.35203857,"d+ lp- dl- ll- w+"
"default_lbfgs","boomsma","test","boomsma_3US","cfa",25,52,"x0.01","lambda1",1014078567,,"","",,"","[LineSearchFailed] after 841 iters  f=0.190049: nlopt Limite",,,FALSE,0.11437632,0.11437632,"d+ lp- dl- ll- w+"
"default_lbfgs","boomsma","test","boomsma_3US","cfa",25,54,"x0.01","lambda1",1014078569,0.48993436,"available","converged",916,"transported-std-lv-fabin","",1,5.2460403,FALSE,0.48957563,0.48957563,"d+ lp+ dl- ll+ w+"
"default_lbfgs","boomsma","test","boomsma_3US","cfa",25,55,"x0.01","lambda1",1014078570,,"","",,"","[LineSearchFailed] after 697 iters  f=2.50592: nlopt Limited",,,FALSE,0.33666607,0.33666607,"d+ lp- dl- ll- w+"
"default_lbfgs","boomsma","test","boomsma_3US","cfa",25,57,"mixed","lambda0.25",1014078572,,"","",,"","[LineSearchFailed] after 99 iters  f=4.36054: nlopt Limited-",,,FALSE,0.25364772,0.25364772,"d+ lp+ dl- ll+ w+"
"default_lbfgs","boomsma","test","boomsma_3US","cfa",25,60,"x0.01","lambda0.25",1014078696,0.13239607,"available","converged",1434,"transported-std-lv-fabin","",1,7.6561019,FALSE,0.12860151,0.12860149,"d+ lp+ dl- ll- w-"
"default_lbfgs","boomsma","test","boomsma_3US","cfa",25,61,"mixed","lambda1",1014078697,,"","",,"","[LineSearchFailed] after 51 iters  f=4.49984: nlopt Limited-",,,FALSE,0.11486552,0.11486552,"d+ lp- dl- ll- w+"
"default_lbfgs","boomsma","test","boomsma_3US","cfa",25,61,"x0.01","lambda1",1014078697,,"","",,"","[LineSearchFailed] after 566 iters  f=2.20682: nlopt Limited",,,FALSE,0.11486552,0.11486552,"d+ lp- dl- ll- w+"
"default_lbfgs","boomsma","test","boomsma_3US","cfa",25,68,"x0.01","lambda1",1014078704,,"","",,"","[LineSearchFailed] after 518 iters  f=1.42886: nlopt Limited",,,FALSE,0.40891243,0.40891243,"d+ lp- dl- ll- w+"
"default_lbfgs","boomsma","test","boomsma_3US","cfa",25,70,"mixed","lambda0.25",1014078827,0.196927,"available","converged",1504,"transported-std-lv-fabin","",1,6.5668614,FALSE,0.13447432,0.13447432,"d+ lp- dl- ll- w+"
"default_lbfgs","boomsma","test","boomsma_3US","cfa",25,72,"mixed","lambda1",1014078829,0.29616275,"available","converged",1940,"transported-std-lv-fabin","",1,7.4683937,FALSE,0.24967477,0.24967477,"d+ lp- dl- ll- w+"
"default_lbfgs","boomsma","test","boomsma_3US","cfa",25,74,"native","lambda1",1014078831,0.10406638,"available","converged",758,"transported-std-lv-fabin","",1,22.684503,FALSE,0.10402969,0.10402969,"d+ lp- dl- ll- w+"
"default_lbfgs","boomsma","test","boomsma_3US","cfa",25,74,"x100","lambda1",1014078831,0.10404139,"available","converged",1123,"transported-std-lv-fabin","",1,29.638515,FALSE,0.10402969,0.10402969,"d+ lp- dl- ll- w+"
"default_lbfgs","boomsma","test","boomsma_3US","cfa",25,76,"mixed","lambda1",1014078833,0.36060524,"available","converged",868,"transported-std-lv-fabin","",1,4.9313559,FALSE,0.36036135,0.36036135,"d+ lp- dl- ll- w+"
"default_lbfgs","boomsma","test","boomsma_3US","cfa",25,76,"x0.01","lambda1",1014078833,0.36042387,"available","converged",855,"transported-std-lv-fabin","",1,5.4129392,FALSE,0.36036135,0.36036135,"d+ lp- dl- ll- w+"
"default_lbfgs","boomsma","test","boomsma_3US","cfa",25,84,"mixed","lambda0.25",1014078962,4.1202288,"nonpositive_curvature","converged",178,"transported-std-lv-fabin","",1,3.696163,FALSE,0.24969607,0.24969607,"d+ lp- dl- ll- w+"
"default_lbfgs","boomsma","test","boomsma_3US","cfa",25,84,"mixed","lambda1",1014078962,,"","",,"","[LineSearchFailed] after 421 iters  f=1.06417: nlopt Limited",,,FALSE,0.32582996,0.32582996,"d+ lp- dl- ll- w+"
"default_lbfgs","boomsma","test","boomsma_3US","cfa",25,89,"x0.01","lambda1",1014078967,,"","",,"","[LineSearchFailed] after 47 iters  f=4.64419: nlopt Limited-",,,FALSE,0.29780756,0.29780756,"d+ lp- dl- ll- w+"
"default_lbfgs","boomsma","test","boomsma_3US","cfa",25,90,"x100","lambda0.25",1014079089,0.27681823,"available","converged",875,"transported-std-lv-fabin","",1,32.042289,FALSE,0.27679899,0.27679899,"d+ lp- dl- ll- w+"
"default_lbfgs","boomsma","test","boomsma_3US","cfa",25,93,"native","lambda0.25",1014079092,,"","",,"","[LineSearchFailed] after 104 iters  f=0.16101: nlopt Limited",,,FALSE,0.16088721,0.16088721,"d+ lp+ dl- ll+ w+"
"default_lbfgs","boomsma","test","boomsma_3US","cfa",25,93,"x0.01","lambda0.25",1014079092,0.16463259,"available","converged",1816,"transported-std-lv-fabin","",1,6.8703661,FALSE,0.16088721,0.16088721,"d+ lp+ dl- ll+ w+"
"default_lbfgs","boomsma","test","boomsma_3US","cfa",25,93,"x0.01","lambda1",1014079092,,"","",,"","[LineSearchFailed] after 503 iters  f=1.46431: nlopt Limited",,,FALSE,0.21914116,0.21914116,"d+ lp+ dl- ll+ w+"
"default_lbfgs","boomsma","test","boomsma_3US","cfa",25,93,"x100","lambda0.25",1014079092,0.16090418,"available","converged",703,"transported-std-lv-fabin","",1,30.129064,FALSE,0.16088721,0.16088721,"d+ lp+ dl- ll+ w+"
"default_lbfgs","boomsma","test","boomsma_3US","cfa",25,96,"x0.01","lambda0.25",1014079095,,"","",,"","[LineSearchFailed] after 60 iters  f=4.26767: nlopt Limited-",,,FALSE,0.27879574,0.27879574,"d+ lp- dl- ll- w+"
"default_lbfgs","boomsma","test","boomsma_4CS","cfa",25,28,"mixed","lambda1",399466357,0.56629017,"available","converged",691,"transported-std-lv-fabin","",1,18.812364,FALSE,0.56628522,0.56628522,"d+ lp+ dl- ll- w+"
"default_lbfgs","boomsma","test","boomsma_4CS","cfa",25,28,"x0.01","lambda1",399466357,0.56628866,"available","converged",470,"transported-std-lv-fabin","",1,19.206701,FALSE,0.56628522,0.56628522,"d+ lp+ dl- ll- w+"
"default_lbfgs","boomsma","test","boomsma_4CS","cfa",25,28,"x100","lambda1",399466357,0.5662888,"available","converged",395,"transported-std-lv-fabin","",1,19.278723,FALSE,0.56628522,0.56628522,"d+ lp+ dl- ll- w+"
"default_lbfgs","boomsma","test","boomsma_4CS","cfa",25,43,"x100","lambda1",399466614,0.46576657,"available","converged",260,"transported-std-lv-fabin","",1,19.65201,FALSE,0.46574324,0.46574324,"d+ lp+ dl- ll+ w+"
"default_lbfgs","boomsma","test","boomsma_4US","cfa",25,3,"mixed","lambda1",65988111,0.88279706,"available","converged",1292,"transported-std-lv-fabin","",1,33.072709,FALSE,0.88270194,0.88270194,"d+ lp+ dl- ll- w+"
"default_lbfgs","boomsma","test","boomsma_4US","cfa",25,3,"native","lambda1",65988111,0.88276666,"available","converged",1182,"transported-std-lv-fabin","",1,36.467197,FALSE,0.88270194,0.88270194,"d+ lp+ dl- ll- w+"
"default_lbfgs","boomsma","test","boomsma_4US","cfa",25,3,"x0.01","lambda1",65988111,0.88275985,"available","converged",1627,"transported-std-lv-fabin","",1,37.510875,FALSE,0.88270194,0.88270194,"d+ lp+ dl- ll- w+"
"default_lbfgs","boomsma","test","boomsma_4US","cfa",25,3,"x100","lambda1",65988111,0.88289552,"available","converged",642,"transported-std-lv-fabin","",1,26.976102,FALSE,0.88270194,0.88270194,"d+ lp+ dl- ll- w+"
"default_lbfgs","boomsma","test","boomsma_4US","cfa",25,69,"native","lambda0.25",54508475,,"","",,"","[LineSearchFailed] after 234 iters  f=0.773869: nlopt Limite",,,FALSE,0.55459462,0.55459462,"d+ lp+ dl- ll+ w-"
"default_lbfgs","boomsma","test","boomsma_4US","cfa",25,69,"native","lambda1",54508475,,"","",,"","[LineSearchFailed] after 103 iters  f=0.810966: nlopt Limite",,,FALSE,0.63483261,0.63483261,"d+ lp- dl- ll- w-"
"default_lbfgs","boomsma","test","boomsma_4US","cfa",25,69,"x0.01","lambda0.25",54508475,,"","",,"","[LineSearchFailed] after 281 iters  f=0.64379: nlopt Limited",,,FALSE,0.55459462,0.55459462,"d+ lp+ dl- ll+ w-"
"default_lbfgs","boomsma","test","boomsma_4US","cfa",25,69,"x0.01","lambda1",54508475,,"","",,"","[LineSearchFailed] after 103 iters  f=0.810966: nlopt Limite",,,FALSE,0.63483261,0.63483261,"d+ lp- dl- ll- w-"
"default_lbfgs","boomsma","test","boomsma_4US","cfa",25,69,"x100","lambda0.25",54508475,,"","",,"","[LineSearchFailed] after 222 iters  f=0.773869: nlopt Limite",,,FALSE,0.55459462,0.55459462,"d+ lp+ dl- ll+ w-"
"default_lbfgs","boomsma","test","boomsma_4US","cfa",25,69,"x100","lambda1",54508475,,"","",,"","[LineSearchFailed] after 103 iters  f=0.810966: nlopt Limite",,,FALSE,0.63483261,0.63483261,"d+ lp- dl- ll- w-"
"default_lbfgs","boomsma","test","boomsma_4US","cfa",25,79,"mixed","lambda0.25",54508606,,"","",,"","[LineSearchFailed] after 103 iters  f=0.918567: nlopt Limite",,,FALSE,0.59941573,0.59941573,"d+ lp+ dl- ll- w+"
"default_lbfgs","boomsma","test","boomsma_4US","cfa",25,98,"mixed","lambda0.25",54508867,0.31486492,"available","converged",754,"transported-std-lv-fabin","",1,26.679598,FALSE,0.3148615,0.3148615,"d+ lp- dl- ll- w+"
"default_lbfgs","boomsma","test","boomsma_4US","cfa",25,98,"native","lambda0.25",54508867,0.3148693,"available","converged",625,"transported-std-lv-fabin","",1,25.053375,FALSE,0.3148615,0.3148615,"d+ lp- dl- ll- w+"
"default_lbfgs","boomsma","test","boomsma_4US","cfa",25,98,"x0.01","lambda0.25",54508867,0.31486852,"available","converged",1027,"transported-std-lv-fabin","",1,25.183835,FALSE,0.3148615,0.3148615,"d+ lp- dl- ll- w+"
"default_lbfgs","boomsma","test","boomsma_4US","cfa",25,98,"x100","lambda0.25",54508867,0.31486745,"available","converged",803,"transported-std-lv-fabin","",1,25.557023,FALSE,0.3148615,0.3148615,"d+ lp- dl- ll- w+"
"default_lbfgs","constrained","test","eqchain_b20","equal_paths_disturbances",25,34,"x0.01","lambda1",978387989,,"","",,"","[LineSearchFailed] after 580 iters  f=5.67764: nlopt Limited",,,FALSE,1.7859362,1.7859362,"d+ lp+ dl- ll+ w+"
"default_lbfgs","constrained","test","eqchain_b20","equal_paths_disturbances",25,42,"x0.01","lambda1",978388118,,"","",,"","[LineSearchFailed] after 200 iters  f=13.6603: nlopt Limited",,,FALSE,1.6544198,1.6544198,"d+ lp+ dl- ll+ w+"
"default_lbfgs","constrained","test","eqchain_b20","equal_paths_disturbances",25,45,"x0.01","lambda0.25",978388121,,"","",,"","[LineSearchFailed] after 552 iters  f=9.26349: nlopt Limited",,,FALSE,1.8464087,1.8464087,"d+ lp+ dl- ll+ w+"
"default_lbfgs","constrained","test","eqchain_b20","equal_paths_disturbances",25,52,"x0.01","lambda0.25",978388249,,"","",,"","[LineSearchFailed] after 513 iters  f=9.86996: nlopt Limited",,,FALSE,1.9626208,1.9626208,"d+ lp+ dl- ll+ w+"
"default_lbfgs","constrained","test","eqchain_b20","equal_paths_disturbances",25,56,"x0.01","lambda0.25",978388253,1.3383571,"available","converged",1142,"native-fabin-fallback","",1,4.6055713,FALSE,1.3383388,1.3383388,"d+ lp+ dl- ll+ w+"
"default_lbfgs","constrained","test","eqchain_b20","equal_paths_disturbances",25,60,"x0.01","lambda1",978388378,,"","",,"","[LineSearchFailed] after 384 iters  f=8.4931: nlopt Limited-",,,FALSE,1.7201638,1.7201638,"d+ lp+ dl- ll+ w+"
"default_lbfgs","constrained","test","eqchain_b20","equal_paths_disturbances",25,80,"x0.01","lambda0.25",978388640,,"","",,"","[LineSearchFailed] after 772 iters  f=2.10643: nlopt Limited",,,FALSE,1.3693367,1.3693367,"d+ lp+ dl- ll+ w+"
"default_lbfgs","constrained","test","eqchain_b20","equal_paths_disturbances",25,91,"x0.01","lambda1",978388772,,"","",,"","[LineSearchFailed] after 314 iters  f=7.93662: nlopt Limited",,,FALSE,2.2365501,2.2365501,"d+ lp+ dl- ll+ w+"
"default_lbfgs","constrained","test","eqchain_b20","equal_paths_disturbances",25,94,"x0.01","lambda1",978388775,,"","",,"","[LineSearchFailed] after 383 iters  f=7.19197: nlopt Limited",,,FALSE,2.3965156,2.3965156,"d+ lp+ dl- ll+ w+"
"default_lbfgs","constrained","test","eqchain_b20","equal_paths",25,21,"x0.01","lambda0.25",978387855,,"","",,"","[LineSearchFailed] after 470 iters  f=4.4026: nlopt Limited-",,,FALSE,1.3261883,1.3261883,"d+ lp+ dl- ll+ w+"
"default_lbfgs","constrained","test","eqchain_b20","equal_paths",25,34,"x0.01","lambda0.25",978387989,,"","",,"","[LineSearchFailed] after 383 iters  f=7.22009: nlopt Limited",,,FALSE,1.4591736,1.4591736,"d+ lp+ dl- ll+ w+"
"default_lbfgs","constrained","test","eqchain_b20","equal_paths",25,40,"x0.01","lambda1",978388116,,"","",,"","[LineSearchFailed] after 510 iters  f=5.35192: nlopt Limited",,,FALSE,1.8034987,1.8034987,"d+ lp+ dl- ll+ w+"
"default_lbfgs","constrained","test","eqchain_b20","equal_paths",25,60,"native","lambda1",978388378,1.672926,"available","converged",804,"native-fabin-fallback","",1,25.591909,FALSE,1.672913,1.672913,"d+ lp- dl- ll- w+"
"default_lbfgs","constrained","test","eqchain_b20","equal_paths",25,61,"x0.01","lambda0.25",978388379,2.2110075,"available","converged",3254,"native-fabin-fallback","",1,11.74052,FALSE,2.0437821,2.0437821,"d+ lp+ dl- ll+ w+"
"default_lbfgs","constrained","test","eqchain_b20","equal_paths",25,63,"x0.01","lambda0.25",978388381,1.3374061,"available","converged",3308,"native-fabin-fallback","",1,13.398494,FALSE,1.3276431,1.3276431,"d+ lp+ dl- ll+ w+"
"default_lbfgs","constrained","test","eqchain_b50","equal_paths_disturbances",25,20,"x0.01","lambda0.25",562980848,,"","",,"","[LineSearchFailed] after 579 iters  f=2.54199: nlopt Limited",,,FALSE,1.7847971,1.784796,"d+ lp+ dl- ll+ w+"
"default_lbfgs","constrained","test","eqchain_b50","equal_paths_disturbances",25,25,"x0.01","lambda1",562980853,,"","",,"","[LineSearchFailed] after 562 iters  f=3.02009: nlopt Limited",,,FALSE,1.6150508,1.6150508,"d+ lp+ dl- ll+ w+"
"default_lbfgs","constrained","test","eqchain_b50","equal_paths_disturbances",25,50,"x0.01","lambda0.25",562981241,,"","",,"","[LineSearchFailed] after 226 iters  f=12.4126: nlopt Limited",,,FALSE,1.9234653,1.9234653,"d+ lp+ dl- ll+ w+"
"default_lbfgs","constrained","test","eqchain_b50","equal_paths_disturbances",25,75,"x0.01","lambda1",562981508,,"","",,"","[LineSearchFailed] after 351 iters  f=8.75693: nlopt Limited",,,FALSE,1.4135449,1.4135449,"d+ lp+ dl- ll+ w+"
"default_lbfgs","constrained","test","eqchain_b50","equal_paths",25,53,"x0.01","lambda1",562981244,,"","",,"","[LineSearchFailed] after 440 iters  f=5.3288: nlopt Limited-",,,FALSE,1.6996518,1.6996518,"d+ lp+ dl- ll+ w+"
"default_lbfgs","constrained","test","eqchain_b50","equal_paths",25,55,"x0.01","lambda1",562981246,,"","",,"","[LineSearchFailed] after 735 iters  f=3.54444: nlopt Limited",,,FALSE,1.7857081,1.7857081,"d+ lp+ dl- ll+ w+"
"default_lbfgs","constrained","test","eqchain_b50","equal_paths",25,58,"x0.01","lambda1",562981249,,"","",,"","[LineSearchFailed] after 359 iters  f=7.87613: nlopt Limited",,,FALSE,1.1391624,1.1391624,"d+ lp+ dl- ll+ w+"
"default_lbfgs","constrained","test","eqchain_b50","equal_paths",25,96,"x0.01","lambda1",562981771,,"","",,"","[LineSearchFailed] after 455 iters  f=8.0247: nlopt Limited-",,,FALSE,1.7818809,1.7818809,"d+ lp+ dl- ll+ w+"
"default_lbfgs","constrained","test","eqmean","equal_intercepts_residuals",100,12,"x0.01","lambda1",969201636,,"","",,"","[LineSearchFailed] after 1033 iters  f=0.355375: nlopt Limit",,,FALSE,0.1695627,0.1695627,"d+ lp+ dl- ll+ w+"
"default_lbfgs","constrained","test","eqmean","equal_intercepts_residuals",100,72,"x0.01","lambda0.25",969202422,,"","",,"","[LineSearchFailed] after 1983 iters  f=0.500508: nlopt Limit",,,FALSE,0.33283451,0.33283451,"d+ lp- dl- ll- w+"
"default_lbfgs","constrained","test","eqmean","equal_intercepts_residuals",100,87,"x0.01","lambda1",969202558,,"","",,"","[LineSearchFailed] after 1018 iters  f=0.408851: nlopt Limit",,,FALSE,0.27089196,0.27089149,"d+ lp+ dl- ll+ w+"
"default_lbfgs","constrained","test","eqmean","equal_intercepts_residuals",100,91,"x0.01","lambda0.25",969202683,0.15870236,"available","converged",4393,"native-fabin-fallback","",1,8.2966466,FALSE,0.13907487,0.13907487,"d+ lp+ dl- ll+ w+"
"default_lbfgs","constrained","test","eqmean","equal_intercepts_residuals",25,100,"x0.01","lambda0.25",388569649,0.59986827,"available","converged",1354,"native-fabin-fallback","",1,5.5923438,FALSE,0.59420709,0.59420709,"d+ lp- dl- ll- w-"
"default_lbfgs","constrained","test","eqmean","equal_intercepts_residuals",25,12,"native","lambda1",429184307,0.87965531,"available","converged",417,"native-fabin-fallback","",1,19.174256,FALSE,0.87963909,0.87963909,"d+ lp+ dl- ll- w+"
"default_lbfgs","constrained","test","eqmean","equal_intercepts_residuals",25,12,"x100","lambda1",429184307,0.87965025,"available","converged",1129,"native-fabin-fallback","",1,22.908049,FALSE,0.87963909,0.87963909,"d+ lp+ dl- ll- w+"
"default_lbfgs","constrained","test","eqmean","equal_intercepts_residuals",25,20,"native","lambda1",429184436,0.82359054,"available","converged",426,"native-fabin-fallback","",1,20.770808,FALSE,0.82356783,0.82356783,"d+ lp+ dl- ll- w+"
"default_lbfgs","constrained","test","eqmean","equal_intercepts_residuals",25,20,"x100","lambda0.25",429184436,0.73719434,"available","converged",475,"native-fabin-fallback","",1,22.036245,FALSE,0.73718218,0.73718218,"d+ lp+ dl- ll+ w+"
"default_lbfgs","constrained","test","eqmean","equal_intercepts_residuals",25,20,"x100","lambda1",429184436,0.82357234,"available","converged",719,"native-fabin-fallback","",1,23.714991,FALSE,0.82356783,0.82356783,"d+ lp+ dl- ll- w+"
"default_lbfgs","constrained","test","eqmean","equal_intercepts_residuals",25,28,"native","lambda1",429184444,,"","",,"","[LineSearchFailed] after 224 iters  f=1.18185: nlopt Limited",,,FALSE,1.135338,1.135338,"d+ lp- dl- ll+ w+"
"default_lbfgs","constrained","test","eqmean","equal_intercepts_residuals",25,36,"x0.01","lambda1",429184573,0.81594576,"available","converged",3663,"native-fabin-fallback","",1,11.06114,FALSE,0.80056116,0.80056116,"d+ lp- dl- ll- w+"
"default_lbfgs","constrained","test","eqmean","equal_intercepts_residuals",25,43,"x0.01","lambda1",429184701,,"","",,"","[LineSearchFailed] after 578 iters  f=4.15976: nlopt Limited",,,FALSE,0.94719636,0.94719636,"d+ lp+ dl- ll+ w+"
"default_lbfgs","constrained","test","eqmean","equal_intercepts_residuals",25,49,"native","lambda0.25",429184707,1.0159626,"available","converged",600,"native-fabin-fallback","",1,29.083821,FALSE,1.0159503,1.0159503,"d+ lp+ dl- ll- w-"
"default_lbfgs","constrained","test","eqmean","equal_intercepts_residuals",25,49,"x100","lambda0.25",429184707,,"","",,"","[LineSearchFailed] after 113 iters  f=1.01816: nlopt Limited",,,FALSE,1.0159503,1.0159503,"d+ lp+ dl- ll- w-"
"default_lbfgs","constrained","test","eqmean","equal_intercepts_residuals",25,77,"x0.01","lambda1",429185098,1.0716265,"available","converged",583,"native-fabin-fallback","",1,1.3861364,FALSE,1.0716222,1.0716222,"d+ lp- dl- ll- w-"
"default_lbfgs","constrained","test","eqmean","equal_intercepts_residuals",25,8,"x100","lambda1",1052428530,,"","",,"","[LineSearchFailed] after 12 iters  f=2.93457: nlopt Limited-",,,FALSE,1.1402357,1.1402357,"d+ lp- dl- ll- w+"
"default_lbfgs","constrained","test","eqmean","equal_intercepts_residuals",25,9,"x0.01","lambda0.25",1052428531,1.2716802,"available","converged",3398,"native-fabin-fallback","",1,8.3249545,FALSE,1.2192625,1.2192625,"d+ lp+ dl- ll+ w+"
"default_lbfgs","constrained","test","eqmean","equal_intercepts_residuals",25,99,"native","lambda0.25",429185362,0.73748172,"available","converged",847,"native-fabin-fallback","",1,25.113627,FALSE,0.737446,0.737446,"d+ lp- dl- ll- w+"
"default_lbfgs","constrained","test","eqmean","equal_intercepts_residuals",25,99,"x100","lambda0.25",429185362,,"","",,"","[LineSearchFailed] after 320 iters  f=0.737503: nlopt Limite",,,FALSE,0.737446,0.737446,"d+ lp- dl- ll- w+"
"default_lbfgs","constrained","test","eqmean","equal_intercepts",100,21,"x0.01","lambda1",969201766,,"","",,"","[LineSearchFailed] after 1546 iters  f=0.373344: nlopt Limit",,,FALSE,0.18937818,0.18937818,"d+ lp+ dl- ll+ w+"
"default_lbfgs","constrained","test","eqmean","equal_intercepts",100,27,"x0.01","lambda0.25",969201772,0.1382919,"available","converged",3293,"native-fabin-fallback","",1,11.176466,FALSE,0.11885784,0.11885784,"d+ lp+ dl- ll+ w+"
"default_lbfgs","constrained","test","eqmean","equal_intercepts",100,49,"x0.01","lambda1",969202036,0.24353722,"available","converged",2322,"native-fabin-fallback","",1,7.3857274,FALSE,0.24293243,0.24293243,"d+ lp+ dl- ll+ w+"
"default_lbfgs","constrained","test","eqmean","equal_intercepts",100,50,"x0.01","lambda0.25",969202158,0.16412838,"available","converged",1575,"native-fabin-fallback","",1,3.8903167,FALSE,0.16411116,0.16411116,"d+ lp- dl- ll- w+"
"default_lbfgs","constrained","test","eqmean","equal_intercepts",100,50,"x0.01","lambda1",969202158,0.19046071,"available","converged",998,"native-fabin-fallback","",1,3.1287333,FALSE,0.19045967,0.19045967,"d+ lp- dl- ll- w+"
"default_lbfgs","constrained","test","eqmean","equal_intercepts",100,7,"x0.01","lambda0.25",122149525,0.16415091,"available","converged",1396,"native-fabin-fallback","",1,3.8254001,FALSE,0.16414387,0.16414387,"d+ lp+ dl- ll+ w+"
"default_lbfgs","constrained","test","eqmean","equal_intercepts",100,75,"x0.01","lambda0.25",969202425,,"","",,"","[LineSearchFailed] after 1752 iters  f=0.402156: nlopt Limit",,,FALSE,0.21449969,0.21449969,"d+ lp+ dl- ll+ w+"
"default_lbfgs","constrained","test","eqmean","equal_intercepts",100,94,"x0.01","lambda1",969202686,,"","",,"","[LineSearchFailed] after 949 iters  f=0.357922: nlopt Limite",,,FALSE,0.20112521,0.20112521,"d+ lp+ dl- ll+ w+"
"default_lbfgs","constrained","test","eqmean","equal_intercepts",25,100,"native","lambda0.25",388569649,0.43883507,"available","converged",736,"native-fabin-fallback","",1,22.217436,FALSE,0.43880946,0.43880946,"d+ lp- dl- ll- w+"
"default_lbfgs","constrained","test","eqmean","equal_intercepts",25,100,"x100","lambda0.25",388569649,0.438823,"available","converged",1341,"native-fabin-fallback","",1,26.971067,FALSE,0.43880946,0.43880946,"d+ lp- dl- ll- w+"
"default_lbfgs","constrained","test","eqmean","equal_intercepts",25,22,"native","lambda1",429184438,0.98994287,"available","converged",394,"native-fabin-fallback","",1,47.771449,FALSE,0.98987109,0.98987109,"d+ lp+ dl- ll- w+"
"default_lbfgs","constrained","test","eqmean","equal_intercepts",25,22,"x100","lambda1",429184438,0.98992579,"available","converged",845,"native-fabin-fallback","",1,52.961321,FALSE,0.98987109,0.98987109,"d+ lp+ dl- ll- w+"
"default_lbfgs","constrained","test","eqmean","equal_intercepts",25,24,"x0.01","lambda0.25",429184440,0.6950307,"available","converged",1727,"native-fabin-fallback","",1,3.4670597,FALSE,0.69502832,0.69502832,"d+ lp+ dl- ll+ w+"
"default_lbfgs","constrained","test","eqmean","equal_intercepts",25,27,"x100","lambda0.25",429184443,,"","",,"","[LineSearchFailed] after 621 iters  f=0.962627: nlopt Limite",,,FALSE,0.98303296,0.98303296,"d+ lp+ dl- ll+ w-"
"default_lbfgs","constrained","test","eqmean","equal_intercepts",25,32,"native","lambda0.25",429184569,,"","",,"","[LineSearchFailed] after 165 iters  f=0.628232: nlopt Limite",,,FALSE,0.62732747,0.62732747,"d+ lp- dl- ll- w+"
"default_lbfgs","constrained","test","eqmean","equal_intercepts",25,32,"native","lambda1",429184569,0.7953345,"available","converged",1142,"native-fabin-fallback","",1,24.661214,FALSE,0.795332,0.795332,"d+ lp- dl- ll- w+"
"default_lbfgs","constrained","test","eqmean","equal_intercepts",25,32,"x0.01","lambda0.25",429184569,0.62948211,"available","converged",4551,"native-fabin-fallback","",1,8.1792207,FALSE,0.62732747,0.62732747,"d+ lp- dl- ll- w+"
"default_lbfgs","constrained","test","eqmean","equal_intercepts",25,32,"x100","lambda1",429184569,,"","",,"","[LineSearchFailed] after 122 iters  f=0.79556: nlopt Limited",,,FALSE,0.795332,0.795332,"d+ lp- dl- ll- w+"
"default_lbfgs","constrained","test","eqmean","equal_intercepts",25,45,"native","lambda0.25",429184703,0.58399876,"available","converged",1077,"native-fabin-fallback","",1,39.974541,FALSE,0.58398828,0.58398828,"d+ lp+ dl- ll- w+"
"default_lbfgs","constrained","test","eqmean","equal_intercepts",25,49,"x100","lambda0.25",429184707,0.93852025,"available","converged",907,"native-fabin-fallback","",1,66.752292,FALSE,0.9287301,0.91988033,"d+ lp+ dl- ll+ w+"
"default_lbfgs","constrained","test","eqmean","equal_intercepts",25,73,"native","lambda0.25",429185094,,"","",,"","[LineSearchFailed] after 320 iters  f=0.97164: nlopt Limited",,,FALSE,0.97107615,0.97107615,"d+ lp- dl- ll- w+"
"default_lbfgs","constrained","test","eqmean","equal_intercepts",25,73,"x0.01","lambda0.25",429185094,0.97766031,"available","converged",4647,"native-fabin-fallback","",1,9.6344906,FALSE,0.97134576,0.97107615,"d+ lp- dl- ll- w+"
"default_lbfgs","constrained","test","eqmean","equal_intercepts",25,73,"x100","lambda0.25",429185094,,"","",,"","[LineSearchFailed] after 516 iters  f=0.971204: nlopt Limite",,,FALSE,0.97107615,0.97107615,"d+ lp- dl- ll- w+"
"default_lbfgs","constrained","test","eqmean","equal_intercepts",25,77,"native","lambda1",429185098,0.87998063,"available","converged",382,"native-fabin-fallback","",1,26.97098,FALSE,0.87991469,0.87991469,"d+ lp- dl- ll- w-"
"default_lbfgs","constrained","test","eqmean","equal_intercepts",25,77,"x100","lambda0.25",429185098,0.77930712,"available","converged",1359,"native-fabin-fallback","",1,44.058551,FALSE,0.77926332,0.77925875,"d+ lp+ dl- ll- w+"
"default_lbfgs","constrained","test","eqmean","equal_intercepts",25,88,"x0.01","lambda1",429185230,,"","",,"","[LineSearchFailed] after 203 iters  f=7.19416: nlopt Limited",,,FALSE,0.70799186,0.70799186,"d+ lp+ dl- ll+ w+"
"default_lbfgs","constrained","test","eqmean","equal_intercepts",25,90,"x0.01","lambda1",429185353,0.69202879,"nonpositive_curvature","converged",637,"native-fabin-fallback","",1,1,FALSE,0.54577321,0.54577321,"d+ lp+ dl- ll- w+"
"default_lbfgs","engineering15","test","high_r2","sem",25,40,"x0.01","lambda0.25",1300471204,0.20977145,"available","converged",517,"transported-std-lv-fabin","",1,2.7365145,FALSE,0.20976616,0.20976616,"d+ lp- dl- ll- w+"
"default_lbfgs","engineering15","test","high_r2","sem",25,73,"mixed","lambda0.25",1300471600,,"","",,"","[LineSearchFailed] after 462 iters  f=0.439951: nlopt Limite",,,FALSE,0.16703266,0.16703266,"d+ lp- dl- ll- w+"
"default_lbfgs","engineering15","test","weak_marker","sem",100,1,"native","lambda1",1982216011,0.052534925,"available","converged",1301,"transported-std-lv-fabin","",1,21.668382,FALSE,0.052530766,0.052530766,"d+ lp- dl- ll- w+"
"default_lbfgs","engineering15","test","weak_marker","sem",100,1,"x100","lambda1",1982216011,0.052532881,"available","converged",176,"transported-std-lv-fabin","",1,22.897978,FALSE,0.052530766,0.052530766,"d+ lp- dl- ll- w+"
"default_lbfgs","engineering15","test","weak_marker","sem",100,11,"mixed","lambda0.25",1972262010,0.0069053955,"available","converged",3161,"transported-std-lv-fabin","",1,61.510513,FALSE,0.0069036077,0.0069036077,"d+ lp+ dl- ll- w-"
"default_lbfgs","engineering15","test","weak_marker","sem",100,11,"mixed","lambda1",1972262010,0.018329219,"available","converged",1788,"transported-std-lv-fabin","",1,48.777941,FALSE,0.018320759,0.018320759,"d+ lp+ dl- ll- w-"
"default_lbfgs","engineering15","test","weak_marker","sem",100,11,"native","lambda0.25",1972262010,0.0069059295,"available","converged",2958,"transported-std-lv-fabin","",1,59.786229,FALSE,0.0069036077,0.0069036077,"d+ lp+ dl- ll- w-"
"default_lbfgs","engineering15","test","weak_marker","sem",100,11,"native","lambda1",1972262010,0.018332618,"available","converged",1446,"transported-std-lv-fabin","",1,45.494854,FALSE,0.018320759,0.018320759,"d+ lp+ dl- ll- w-"
"default_lbfgs","engineering15","test","weak_marker","sem",100,11,"x0.01","lambda0.25",1972262010,0.0069200831,"available","converged",1008,"transported-std-lv-fabin","",1,43.386647,FALSE,0.0069036077,0.0069036077,"d+ lp+ dl- ll- w-"
"default_lbfgs","engineering15","test","weak_marker","sem",100,11,"x0.01","lambda1",1972262010,0.018327362,"available","converged",2110,"transported-std-lv-fabin","",1,51.125575,FALSE,0.018320759,0.018320759,"d+ lp+ dl- ll- w-"
"default_lbfgs","engineering15","test","weak_marker","sem",100,11,"x100","lambda0.25",1972262010,0.0069164522,"available","converged",1068,"transported-std-lv-fabin","",1,45.953533,FALSE,0.0069036077,0.0069036077,"d+ lp+ dl- ll- w-"
"default_lbfgs","engineering15","test","weak_marker","sem",100,11,"x100","lambda1",1972262010,0.018325893,"available","converged",2865,"transported-std-lv-fabin","",1,53.439453,FALSE,0.018320759,0.018320759,"d+ lp+ dl- ll- w-"
"default_lbfgs","engineering15","test","weak_marker","sem",100,13,"mixed","lambda0.25",1972262012,,"","",,"","[LineSearchFailed] after 155 iters  f=4.10281: nlopt Limited",,,FALSE,0.047778394,0.047778394,"d+ lp+ dl- ll+ w-"
"default_lbfgs","engineering15","test","weak_marker","sem",100,13,"x0.01","lambda0.25",1972262012,,"","",,"","[LineSearchFailed] after 724 iters  f=0.146915: nlopt Limite",,,FALSE,0.047778394,0.047778394,"d+ lp+ dl- ll+ w-"
"default_lbfgs","engineering15","test","weak_marker","sem",100,14,"mixed","lambda0.25",1972262013,,"","",,"","[LineSearchFailed] after 1082 iters  f=3.26512: nlopt Limite",,,FALSE,0.021500329,0.021500329,"d+ lp+ dl- ll- w-"
"default_lbfgs","engineering15","test","weak_marker","sem",100,19,"native","lambda0.25",1972262018,,"","",,"","[LineSearchFailed] after 1109 iters  f=0.0632715: nlopt Limi",,,FALSE,0.063003056,0.063003056,"d+ lp- dl- ll- w+"
"default_lbfgs","engineering15","test","weak_marker","sem",100,19,"native","lambda1",1972262018,0.083066435,"available","converged",1496,"transported-std-lv-fabin","",1,28.77455,FALSE,0.08303827,0.08303827,"d+ lp- dl- ll- w+"
"default_lbfgs","engineering15","test","weak_marker","sem",100,19,"x100","lambda0.25",1972262018,,"","",,"","[LineSearchFailed] after 99 iters  f=0.0669329: nlopt Limite",,,FALSE,0.063003056,0.063003056,"d+ lp- dl- ll- w+"
"default_lbfgs","engineering15","test","weak_marker","sem",100,19,"x100","lambda1",1972262018,0.083042097,"available","converged",1793,"transported-std-lv-fabin","",1,37.063354,FALSE,0.08303827,0.08303827,"d+ lp- dl- ll- w+"
"default_lbfgs","engineering15","test","weak_marker","sem",100,21,"x0.01","lambda0.25",1972262141,,"","",,"","[LineSearchFailed] after 588 iters  f=1.30804: nlopt Limited",,,FALSE,0.084580493,0.084580493,"d+ lp- dl- ll- w-"
"default_lbfgs","engineering15","test","weak_marker","sem",100,24,"native","lambda1",1972262144,0.065175428,"available","converged",1914,"transported-std-lv-fabin","",1,29.123293,FALSE,0.065155088,0.065155088,"d+ lp- dl- ll- w+"
"default_lbfgs","engineering15","test","weak_marker","sem",100,24,"x100","lambda1",1972262144,0.065167689,"available","converged",1736,"transported-std-lv-fabin","",1,32.202506,FALSE,0.065155206,0.065155088,"d+ lp- dl- ll- w+"
"default_lbfgs","engineering15","test","weak_marker","sem",100,27,"mixed","lambda1",1972262147,,"","",,"","[LineSearchFailed] after 133 iters  f=4.02767: nlopt Limited",,,FALSE,0.050561092,0.050561092,"d+ lp- dl- ll- w-"
"default_lbfgs","engineering15","test","weak_marker","sem",100,27,"x0.01","lambda1",1972262147,,"","",,"","[LineSearchFailed] after 300 iters  f=4.02046: nlopt Limited",,,FALSE,0.050560545,0.050560545,"d+ lp- dl- ll- w-"
"default_lbfgs","engineering15","test","weak_marker","sem",100,29,"native","lambda0.25",1972262149,0.033133007,"available","converged",1718,"transported-std-lv-fabin","",1,29.514613,FALSE,0.033119481,0.033119481,"d+ lp- dl- ll- w+"
"default_lbfgs","engineering15","test","weak_marker","sem",100,29,"native","lambda1",1972262149,,"","",,"","[LineSearchFailed] after 1403 iters  f=0.0461898: nlopt Limi",,,FALSE,0.046153489,0.046153489,"d+ lp- dl- ll- w+"
"default_lbfgs","engineering15","test","weak_marker","sem",100,29,"x100","lambda0.25",1972262149,0.033137067,"available","converged",834,"transported-std-lv-fabin","",1,28.529597,FALSE,0.033119481,0.033119481,"d+ lp- dl- ll- w+"
"default_lbfgs","engineering15","test","weak_marker","sem",100,29,"x100","lambda1",1972262149,0.04616688,"available","converged",1480,"transported-std-lv-fabin","",1,34.143306,FALSE,0.046153489,0.046153489,"d+ lp- dl- ll- w+"
"default_lbfgs","engineering15","test","weak_marker","sem",100,32,"native","lambda0.25",1972262273,0.046143849,"available","converged",1117,"transported-std-lv-fabin","",1,30.72134,FALSE,0.046082114,0.046082114,"d+ lp- dl- ll- w+"
"default_lbfgs","engineering15","test","weak_marker","sem",100,35,"x100","lambda0.25",1972262276,0.043599006,"available","converged",495,"transported-std-lv-fabin","",1,35.101942,FALSE,0.043514002,0.043514002,"d+ lp- dl- ll- w+"
"default_lbfgs","engineering15","test","weak_marker","sem",100,39,"x0.01","lambda1",1972262280,,"","",,"","[LineSearchFailed] after 150 iters  f=4.20988: nlopt Limited",,,FALSE,0.087161691,0.087161691,"d+ lp- dl- ll- w+"
"default_lbfgs","engineering15","test","weak_marker","sem",100,42,"mixed","lambda0.25",1972262404,,"","",,"","[LineSearchFailed] after 90 iters  f=4.08037: nlopt Limited-",,,FALSE,0.030648435,0.030648435,"d+ lp- dl- ll- w-"
"default_lbfgs","engineering15","test","weak_marker","sem",100,42,"mixed","lambda1",1972262404,,"","",,"","[LineSearchFailed] after 173 iters  f=4.13218: nlopt Limited",,,FALSE,0.04639792,0.04639792,"d+ lp- dl- ll- w-"
"default_lbfgs","engineering15","test","weak_marker","sem",100,42,"native","lambda0.25",1972262404,,"","",,"","[LineSearchFailed] after 97 iters  f=0.0342375: nlopt Limite",,,FALSE,0.030648435,0.030648435,"d+ lp- dl- ll- w-"
"default_lbfgs","engineering15","test","weak_marker","sem",100,42,"x100","lambda0.25",1972262404,0.030656096,"available","converged",465,"transported-std-lv-fabin","",1,41.615053,FALSE,0.030648435,0.030648435,"d+ lp- dl- ll- w-"
"default_lbfgs","engineering15","test","weak_marker","sem",100,44,"mixed","lambda0.25",1972262406,0.034301674,"available","converged",2059,"transported-std-lv-fabin","",1,57.31642,FALSE,0.034299094,0.034299094,"d+ lp+ dl- ll- w+"
"default_lbfgs","engineering15","test","weak_marker","sem",100,44,"native","lambda0.25",1972262406,0.034299763,"available","converged",3545,"transported-std-lv-fabin","",1,62.135489,FALSE,0.034299094,0.034299094,"d+ lp+ dl- ll- w+"
"default_lbfgs","engineering15","test","weak_marker","sem",100,44,"x100","lambda0.25",1972262406,0.034309162,"available","converged",1399,"transported-std-lv-fabin","",1,49.715193,FALSE,0.034299094,0.034299094,"d+ lp+ dl- ll- w+"
"default_lbfgs","engineering15","test","weak_marker","sem",100,48,"x0.01","lambda0.25",1972262410,,"","",,"","[LineSearchFailed] after 301 iters  f=3.79369: nlopt Limited",,,FALSE,0.10364314,0.10364314,"d+ lp+ dl- ll+ w+"
"default_lbfgs","engineering15","test","weak_marker","sem",100,49,"x0.01","lambda0.25",1972262411,,"","",,"","[LineSearchFailed] after 127 iters  f=4.14999: nlopt Limited",,,FALSE,0.044423256,0.044423256,"d+ lp- dl- ll- w+"
"default_lbfgs","engineering15","test","weak_marker","sem",100,49,"x0.01","lambda1",1972262411,,"","",,"","[LineSearchFailed] after 164 iters  f=4.18528: nlopt Limited",,,FALSE,0.062035117,0.062035117,"d+ lp- dl- ll- w+"
"default_lbfgs","engineering15","test","weak_marker","sem",100,52,"native","lambda1",1972262535,0.10021988,"available","converged",736,"transported-std-lv-fabin","",1,13.947912,FALSE,0.10021895,0.10021895,"d+ lp- dl- ll- w+"
"default_lbfgs","engineering15","test","weak_marker","sem",100,52,"x0.01","lambda0.25",1972262535,,"","",,"","[LineSearchFailed] after 124 iters  f=4.20252: nlopt Limited",,,FALSE,0.086357992,0.086357992,"d+ lp- dl- ll+ w+"
"default_lbfgs","engineering15","test","weak_marker","sem",100,52,"x100","lambda1",1972262535,,"","",,"","[LineSearchFailed] after 104 iters  f=0.103173: nlopt Limite",,,FALSE,0.10021895,0.10021895,"d+ lp- dl- ll- w+"
"default_lbfgs","engineering15","test","weak_marker","sem",100,6,"mixed","lambda0.25",1982216016,0.04247528,"available","converged",2938,"transported-std-lv-fabin","",1,70.483654,FALSE,0.042447503,0.042447503,"d+ lp+ dl- ll- w+"
"default_lbfgs","engineering15","test","weak_marker","sem",100,6,"mixed","lambda1",1982216016,0.058427982,"available","converged",1034,"transported-std-lv-fabin","",1,43.07252,FALSE,0.058356918,0.058356918,"d+ lp+ dl- ll- w+"
"default_lbfgs","engineering15","test","weak_marker","sem",100,6,"native","lambda0.25",1982216016,0.042497273,"available","converged",1670,"transported-std-lv-fabin","",1,56.192074,FALSE,0.042447503,0.042447503,"d+ lp+ dl- ll- w+"
"default_lbfgs","engineering15","test","weak_marker","sem",100,6,"native","lambda1",1982216016,0.058424742,"available","converged",772,"transported-std-lv-fabin","",1,43.638292,FALSE,0.058356918,0.058356918,"d+ lp+ dl- ll- w+"
"default_lbfgs","engineering15","test","weak_marker","sem",100,6,"x0.01","lambda0.25",1982216016,0.042476544,"available","converged",2590,"transported-std-lv-fabin","",1,69.426617,FALSE,0.042447503,0.042447503,"d+ lp+ dl- ll- w+"
"default_lbfgs","engineering15","test","weak_marker","sem",100,6,"x0.01","lambda1",1982216016,0.058411065,"available","converged",1085,"transported-std-lv-fabin","",1,48.24343,FALSE,0.058357303,0.058356918,"d+ lp+ dl- ll- w+"
"default_lbfgs","engineering15","test","weak_marker","sem",100,6,"x100","lambda0.25",1982216016,0.042489496,"available","converged",2040,"transported-std-lv-fabin","",1,60.306791,FALSE,0.042447503,0.042447503,"d+ lp+ dl- ll- w+"
"default_lbfgs","engineering15","test","weak_marker","sem",100,6,"x100","lambda1",1982216016,0.058426906,"available","converged",661,"transported-std-lv-fabin","",1,43.034256,FALSE,0.058356918,0.058356918,"d+ lp+ dl- ll- w+"
"default_lbfgs","engineering15","test","weak_marker","sem",100,62,"x0.01","lambda0.25",1972262666,,"","",,"","[LineSearchFailed] after 300 iters  f=4.10948: nlopt Limited",,,FALSE,0.014395561,0.014395561,"d+ lp- dl- ll- w-"
"default_lbfgs","engineering15","test","weak_marker","sem",100,64,"x0.01","lambda0.25",1972262668,,"","",,"","[LineSearchFailed] after 1547 iters  f=0.207275: nlopt Limit",,,FALSE,0.050405703,0.050405703,"d+ lp- dl- ll- w-"
"default_lbfgs","engineering15","test","weak_marker","sem",100,72,"x0.01","lambda1",1972262797,0.067080725,"available","converged",1761,"transported-std-lv-fabin","",1,4.8831495,FALSE,0.067062213,0.067062213,"d+ lp- dl- ll- w-"
"default_lbfgs","engineering15","test","weak_marker","sem",100,80,"x0.01","lambda1",1972262926,,"","",,"","[LineSearchFailed] after 654 iters  f=0.224719: nlopt Limite",,,FALSE,0.077506658,0.077506658,"d+ lp- dl- ll- w+"
"default_lbfgs","engineering15","test","weak_marker","sem",100,83,"native","lambda1",1972262929,,"","",,"","[LineSearchFailed] after 1590 iters  f=0.0378873: nlopt Limi",,,FALSE,0.037771739,0.037771725,"d+ lp- dl- ll- w+"
"default_lbfgs","engineering15","test","weak_marker","sem",100,83,"x0.01","lambda1",1972262929,,"","",,"","[LineSearchFailed] after 146 iters  f=4.19006: nlopt Limited",,,FALSE,0.037771751,0.037771725,"d+ lp- dl- ll- w+"
"default_lbfgs","engineering15","test","weak_marker","sem",100,83,"x100","lambda0.25",1972262929,0.025244111,"available","converged",1032,"transported-std-lv-fabin","",1,40.681457,FALSE,0.025041901,0.025041901,"d+ lp- dl- ll- w-"
"default_lbfgs","engineering15","test","weak_marker","sem",100,83,"x100","lambda1",1972262929,0.037841438,"available","converged",1699,"transported-std-lv-fabin","",1,40.462416,FALSE,0.037771725,0.037771725,"d+ lp- dl- ll- w+"
"default_lbfgs","engineering15","test","weak_marker","sem",100,85,"native","lambda0.25",1972262931,0.060424546,"available","converged",903,"transported-std-lv-fabin","",1,26.452595,FALSE,0.060363117,0.060363117,"d+ lp- dl- ll- w-"
"default_lbfgs","engineering15","test","weak_marker","sem",100,85,"native","lambda1",1972262931,,"","",,"","[LineSearchFailed] after 87 iters  f=0.0747571: nlopt Limite",,,FALSE,0.074484059,0.074484059,"d+ lp- dl- ll- w-"
"default_lbfgs","engineering15","test","weak_marker","sem",100,85,"x100","lambda0.25",1972262931,0.06038667,"available","converged",2339,"transported-std-lv-fabin","",1,38.238068,FALSE,0.060363117,0.060363117,"d+ lp- dl- ll- w-"
"default_lbfgs","engineering15","test","weak_marker","sem",100,85,"x100","lambda1",1972262931,0.074508302,"available","converged",1775,"transported-std-lv-fabin","",1,35.116829,FALSE,0.074484059,0.074484059,"d+ lp- dl- ll- w-"
"default_lbfgs","engineering15","test","weak_marker","sem",100,87,"x0.01","lambda1",1972262933,,"","",,"","[LineSearchFailed] after 439 iters  f=1.39956: nlopt Limited",,,FALSE,0.048416028,0.048416028,"d+ lp- dl- ll- w-"
"default_lbfgs","engineering15","test","weak_marker","sem",100,89,"x0.01","lambda1",1972262935,0.10446208,"available","converged",917,"transported-std-lv-fabin","",1,37.796648,FALSE,0.10446089,0.10446089,"d+ lp+ dl- ll+ w-"
"default_lbfgs","engineering15","test","weak_marker","sem",100,89,"x100","lambda1",1972262935,0.10446323,"available","converged",890,"transported-std-lv-fabin","",1,36.588868,FALSE,0.10446089,0.10446089,"d+ lp+ dl- ll+ w-"
"default_lbfgs","engineering15","test","weak_marker","sem",100,9,"x100","lambda0.25",1982216019,0.059076687,"available","converged",1910,"transported-std-lv-fabin","",1,40.71046,FALSE,0.05897722,0.05897722,"d+ lp- dl- ll- w-"
"default_lbfgs","engineering15","test","weak_marker","sem",100,91,"mixed","lambda0.25",1972263058,0.04147984,"available","converged",2146,"transported-std-lv-fabin","",1,66.782517,FALSE,0.041434064,0.041434064,"d+ lp+ dl- ll- w+"
"default_lbfgs","engineering15","test","weak_marker","sem",100,91,"native","lambda0.25",1972263058,0.041466866,"available","converged",2867,"transported-std-lv-fabin","",1,75.158557,FALSE,0.041434064,0.041434064,"d+ lp+ dl- ll- w+"
"default_lbfgs","engineering15","test","weak_marker","sem",100,91,"x0.01","lambda0.25",1972263058,0.041469357,"available","converged",2752,"transported-std-lv-fabin","",1,73.041988,FALSE,0.041434064,0.041434064,"d+ lp+ dl- ll- w+"
"default_lbfgs","engineering15","test","weak_marker","sem",100,91,"x100","lambda0.25",1972263058,0.041478485,"available","converged",2467,"transported-std-lv-fabin","",1,67.588877,FALSE,0.041434064,0.041434064,"d+ lp+ dl- ll- w+"
"default_lbfgs","engineering15","test","weak_marker","sem",100,92,"x0.01","lambda0.25",1972263059,,"","",,"","[LineSearchFailed] after 1534 iters  f=0.138175: nlopt Limit",,,FALSE,0.051994702,0.051994702,"d+ lp- dl- ll- w+"
"default_lbfgs","engineering15","test","weak_marker","sem",100,96,"mixed","lambda0.25",1972263063,,"","",,"","[LineSearchFailed] after 252 iters  f=3.68924: nlopt Limited",,,FALSE,0.13691092,0.071921871,"d+ lp- dl- ll- w+"
"default_lbfgs","engineering15","test","weak_marker","sem",100,99,"native","lambda1",1972263066,0.062019995,"available","converged",1307,"transported-std-lv-fabin","",1,29.088424,FALSE,0.061998663,0.061998663,"d+ lp- dl- ll- w+"
"default_lbfgs","engineering15","test","weak_marker","sem",100,99,"x100","lambda0.25",1972263066,0.049216946,"available","converged",866,"transported-std-lv-fabin","",1,31.127187,FALSE,0.049215458,0.049215458,"d+ lp- dl- ll- w+"
"default_lbfgs","engineering15","test","weak_marker","sem",100,99,"x100","lambda1",1972263066,0.062007047,"available","converged",1411,"transported-std-lv-fabin","",1,34.54804,FALSE,0.061998664,0.061998663,"d+ lp- dl- ll- w+"
"default_lbfgs","engineering15","test","weak_marker","sem",25,11,"native","lambda1",141767169,0.23243791,"available","converged",562,"transported-std-lv-fabin","",1,23.188613,FALSE,0.23239879,0.23239879,"d+ lp+ dl- ll+ w+"
"default_lbfgs","engineering15","test","weak_marker","sem",25,11,"x100","lambda1",141767169,0.23240592,"available","converged",498,"transported-std-lv-fabin","",1,28.112406,FALSE,0.23239879,0.23239879,"d+ lp+ dl- ll+ w+"
"default_lbfgs","engineering15","test","weak_marker","sem",25,13,"x0.01","lambda0.25",141767171,4.1142112,"nonpositive_curvature","converged",239,"transported-std-lv-fabin","",1,43.245288,FALSE,0.19723112,0.19723112,"d+ lp- dl- ll- w+"
"default_lbfgs","engineering15","test","weak_marker","sem",25,15,"x0.01","lambda0.25",141767173,,"","",,"","[LineSearchFailed] after 256 iters  f=3.90789: nlopt Limited",,,FALSE,0.22033073,0.22033073,"d+ lp+ dl- ll+ w-"
"default_lbfgs","engineering15","test","weak_marker","sem",25,25,"native","lambda0.25",141767304,0.15923806,"available","converged",412,"transported-std-lv-fabin","",1,22.686799,FALSE,0.1591871,0.1591871,"d+ lp- dl- ll- w+"
"default_lbfgs","engineering15","test","weak_marker","sem",25,25,"x0.01","lambda0.25",141767304,,"","",,"","[LineSearchFailed] after 514 iters  f=1.08395: nlopt Limited",,,FALSE,0.1591871,0.1591871,"d+ lp- dl- ll- w+"
"default_lbfgs","engineering15","test","weak_marker","sem",25,25,"x100","lambda0.25",141767304,0.15920381,"available","converged",472,"transported-std-lv-fabin","",1,25.932083,FALSE,0.1591871,0.1591871,"d+ lp- dl- ll- w+"
"default_lbfgs","engineering15","test","weak_marker","sem",25,31,"x0.01","lambda0.25",141767431,,"","",,"","[LineSearchFailed] after 518 iters  f=2.46397: nlopt Limited",,,FALSE,0.16581221,0.16581221,"d+ lp- dl- ll- w-"
"default_lbfgs","engineering15","test","weak_marker","sem",25,33,"mixed","lambda0.25",141767433,,"","",,"","[LineSearchFailed] after 655 iters  f=3.41118: nlopt Limited",,,FALSE,0.23481397,0.23481397,"d+ lp- dl- ll- w-"
"default_lbfgs","engineering15","test","weak_marker","sem",25,35,"native","lambda0.25",141767435,0.18981837,"available","converged",1829,"transported-std-lv-fabin","",1,37.356174,FALSE,0.18978716,0.18978716,"d+ lp- dl- ll- w+"
"default_lbfgs","engineering15","test","weak_marker","sem",25,35,"x100","lambda0.25",141767435,0.18986153,"available","converged",393,"transported-std-lv-fabin","",1,29.533407,FALSE,0.18978716,0.18978716,"d+ lp- dl- ll- w+"
"default_lbfgs","engineering15","test","weak_marker","sem",25,39,"x0.01","lambda0.25",141767439,,"","",,"","[LineSearchFailed] after 733 iters  f=0.550187: nlopt Limite",,,FALSE,0.32039107,0.32039107,"d+ lp- dl- ll- w-"
"default_lbfgs","engineering15","test","weak_marker","sem",25,4,"x0.01","lambda0.25",476479334,0.17237789,"available","converged",958,"transported-std-lv-fabin","",1,4.3590784,FALSE,0.17119504,0.17119504,"d+ lp- dl- ll- w-"
"default_lbfgs","engineering15","test","weak_marker","sem",25,43,"mixed","lambda0.25",141767564,,"","",,"","[LineSearchFailed] after 284 iters  f=2.40766: nlopt Limited",,,FALSE,0.19042249,0.19042249,"d+ lp- dl- ll- w+"
"default_lbfgs","engineering15","test","weak_marker","sem",25,48,"native","lambda0.25",141767569,0.27618828,"available","converged",978,"transported-std-lv-fabin","",1,21.732439,FALSE,0.27617641,0.27617641,"d+ lp- dl- ll- w-"
"default_lbfgs","engineering15","test","weak_marker","sem",25,48,"x100","lambda1",141767569,0.33941984,"available","converged",1572,"transported-std-lv-fabin","",1,41.317906,FALSE,0.33938766,0.33938766,"d+ lp- dl- ll- w-"
"default_lbfgs","engineering15","test","weak_marker","sem",25,52,"mixed","lambda0.25",141767694,0.25963656,"available","converged",845,"transported-std-lv-fabin","",1,4.6487674,FALSE,0.25849777,0.25849777,"d+ lp- dl- ll- w-"
"default_lbfgs","engineering15","test","weak_marker","sem",25,56,"x0.01","lambda0.25",141767698,,"","",,"","[LineSearchFailed] after 973 iters  f=0.444005: nlopt Limite",,,FALSE,0.29080643,0.29080643,"d+ lp- dl- ll- w+"
"default_lbfgs","engineering15","test","weak_marker","sem",25,62,"mixed","lambda0.25",141767825,0.25403939,"available","converged",1416,"transported-std-lv-fabin","",1,55.720836,FALSE,0.25401612,0.25401612,"d+ lp+ dl- ll- w-"
"default_lbfgs","engineering15","test","weak_marker","sem",25,62,"native","lambda0.25",141767825,0.25403622,"available","converged",1476,"transported-std-lv-fabin","",1,57.45115,FALSE,0.25401612,0.25401612,"d+ lp+ dl- ll- w-"
"default_lbfgs","engineering15","test","weak_marker","sem",25,62,"x0.01","lambda0.25",141767825,0.25403854,"available","converged",1409,"transported-std-lv-fabin","",1,56.242905,FALSE,0.25401612,0.25401612,"d+ lp+ dl- ll- w-"
"default_lbfgs","engineering15","test","weak_marker","sem",25,62,"x100","lambda0.25",141767825,0.25403171,"available","converged",1705,"transported-std-lv-fabin","",1,60.392721,FALSE,0.25401612,0.25401612,"d+ lp+ dl- ll- w-"
"default_lbfgs","engineering15","test","weak_marker","sem",25,67,"mixed","lambda0.25",141767830,,"","",,"","[LineSearchFailed] after 399 iters  f=1.09339: nlopt Limited",,,FALSE,0.31790909,0.31790909,"d+ lp- dl- ll- w-"
"default_lbfgs","engineering15","test","weak_marker","sem",25,67,"x0.01","lambda0.25",141767830,,"","",,"","[LineSearchFailed] after 721 iters  f=1.96975: nlopt Limited",,,FALSE,0.31790909,0.31790909,"d+ lp- dl- ll- w-"
"default_lbfgs","engineering15","test","weak_marker","sem",25,68,"native","lambda1",141767831,0.36975549,"available","converged",942,"transported-std-lv-fabin","",1,19.926914,FALSE,0.36973662,0.36973662,"d+ lp- dl- ll- w+"
"default_lbfgs","engineering15","test","weak_marker","sem",25,68,"x0.01","lambda0.25",141767831,,"","",,"","[LineSearchFailed] after 501 iters  f=2.55529: nlopt Limited",,,FALSE,0.29984928,0.29984928,"d+ lp- dl- ll- w-"
"default_lbfgs","engineering15","test","weak_marker","sem",25,68,"x100","lambda1",141767831,0.36974294,"available","converged",706,"transported-std-lv-fabin","",1,22.541098,FALSE,0.36973662,0.36973662,"d+ lp- dl- ll- w+"
"default_lbfgs","engineering15","test","weak_marker","sem",25,81,"native","lambda0.25",141768086,0.16453807,"available","converged",1340,"transported-std-lv-fabin","",1,32.652914,FALSE,0.16452255,0.16452255,"d+ lp- dl- ll- w-"
"default_lbfgs","engineering15","test","weak_marker","sem",25,81,"native","lambda1",141768086,0.23592251,"available","converged",1246,"transported-std-lv-fabin","",1,28.502532,FALSE,0.23584312,0.23584312,"d+ lp- dl- ll- w-"
"default_lbfgs","engineering15","test","weak_marker","sem",25,81,"x100","lambda0.25",141768086,0.16455764,"available","converged",504,"transported-std-lv-fabin","",1,28.991796,FALSE,0.16452255,0.16452255,"d+ lp- dl- ll- w-"
"default_lbfgs","engineering15","test","weak_marker","sem",25,81,"x100","lambda1",141768086,0.235942,"available","converged",472,"transported-std-lv-fabin","",1,26.211448,FALSE,0.23584312,0.23584312,"d+ lp- dl- ll- w-"
"default_lbfgs","engineering15","test","weak_marker","sem",25,88,"mixed","lambda0.25",141768093,,"","",,"","[LineSearchFailed] after 606 iters  f=1.47897: nlopt Limited",,,FALSE,0.22859777,0.22859777,"d+ lp+ dl- ll+ w+"
"default_lbfgs","engineering15","test","weak_marker","sem",25,89,"native","lambda1",141768094,0.39937942,"available","converged",546,"transported-std-lv-fabin","",1,20.052503,FALSE,0.39937672,0.39937672,"d+ lp- dl- ll- w+"
"default_lbfgs","engineering15","test","weak_marker","sem",25,9,"mixed","lambda1",476479339,,"","",,"","[LineSearchFailed] after 357 iters  f=2.51633: nlopt Limited",,,FALSE,0.17059694,0.17059694,"d+ lp- dl- ll- w+"
"default_lbfgs","engineering15","test","weak_marker","sem",25,93,"mixed","lambda0.25",141768219,0.26419811,"available","converged",1413,"transported-std-lv-fabin","",1,38.199548,FALSE,0.26421256,0.26419115,"d+ lp+ dl- ll- w-"
"default_lbfgs","engineering15","test","weak_marker","sem",25,93,"mixed","lambda1",141768219,0.33279448,"available","converged",400,"transported-std-lv-fabin","",1,29.207694,FALSE,0.33278355,0.33278355,"d+ lp+ dl- ll+ w-"
"default_lbfgs","engineering15","test","weak_marker","sem",25,93,"native","lambda1",141768219,0.33279052,"available","converged",692,"transported-std-lv-fabin","",1,31.261787,FALSE,0.33278355,0.33278355,"d+ lp+ dl- ll- w-"
"default_lbfgs","engineering15","test","weak_marker","sem",25,93,"x0.01","lambda1",141768219,0.33278917,"available","converged",745,"transported-std-lv-fabin","",1,32.13682,FALSE,0.33278355,0.33278355,"d+ lp+ dl- ll- w-"
"default_lbfgs","engineering15","test","weak_marker","sem",25,93,"x100","lambda1",141768219,0.33279661,"available","converged",511,"transported-std-lv-fabin","",1,28.388893,FALSE,0.33278355,0.33278355,"d+ lp+ dl- ll- w-"
"default_lbfgs","ernst","control","ernst","sem",25,12,"mixed","lambda0.25",1703139730,,"","",,"","[LineSearchFailed] after 345 iters  f=3.13285: nlopt Limited",,,FALSE,0.17536592,0.17536592,"d+ lp- dl- ll- w+"
"default_lbfgs","ernst","control","ernst","sem",25,29,"x0.01","lambda0.25",1703139868,,"","",,"","[LineSearchFailed] after 622 iters  f=0.702895: nlopt Limite",,,FALSE,0.23186136,0.23186136,"d+ lp+ dl- ll+ w+"
"default_lbfgs","ernst","control","ernst","sem",25,39,"mixed","lambda1",1703139999,,"","",,"","[LineSearchFailed] after 335 iters  f=0.479966: nlopt Limite",,,FALSE,0.40446699,0.39344402,"d+ lp+ dl- ll+ w+"
"default_lbfgs","ernst","control","ernst","sem",25,39,"x0.01","lambda1",1703139999,,"","",,"","[LineSearchFailed] after 403 iters  f=0.935789: nlopt Limite",,,FALSE,0.39344402,0.39344402,"d+ lp+ dl- ll+ w+"
"default_lbfgs","ernst","control","ernst","sem",25,62,"x0.01","lambda0.25",1703140385,,"","",,"","[LineSearchFailed] after 284 iters  f=0.368102: nlopt Limite",,,FALSE,0.26456922,0.26456922,"d+ lp- dl- ll- w+"
"default_lbfgs","ernst","control","ernst","sem",25,63,"x0.01","lambda1",1703140386,,"","",,"","[LineSearchFailed] after 551 iters  f=1.24112: nlopt Limited",,,FALSE,0.39317059,0.39317059,"d+ lp- dl- ll- w+"
"default_lbfgs","ernst","control","ernst","sem",25,76,"mixed","lambda0.25",1703140520,,"","",,"","[LineSearchFailed] after 789 iters  f=1.19735: nlopt Limited",,,FALSE,0.24589732,0.24589732,"d+ lp- dl- ll- w+"
"default_lbfgs","research47","test","r47_f2_r100","two_factor",25,74,"native","lambda0.25",74053846,0.20002217,"available","converged",1501,"transported-std-lv-fabin","",1,20.806715,FALSE,0.19983219,0.19983219,"d+ lp+ dl- ll+ w+"
"default_lbfgs","research47","test","r47_f2_r100","two_factor",25,74,"native","lambda1",74053846,0.34769641,"available","converged",1433,"transported-std-lv-fabin","",1,21.558375,FALSE,0.34744426,0.34744426,"d+ lp- dl- ll- w+"
"default_lbfgs","research47","test","r47_f2_r100","two_factor",25,74,"x100","lambda0.25",74053846,,"","",,"","[LineSearchFailed] after 235 iters  f=0.200131: nlopt Limite",,,FALSE,0.19983219,0.19983219,"d+ lp+ dl- ll+ w+"
"default_lbfgs","research47","test","r47_f2_r100","two_factor",25,74,"x100","lambda1",74053846,,"","",,"","[LineSearchFailed] after 206 iters  f=0.347837: nlopt Limite",,,FALSE,0.34744426,0.34744426,"d+ lp- dl- ll- w+"
"default_lbfgs","research47","test","r47_imp_f2_r103","two_factor",25,28,"mixed","lambda1",741383598,0.31670129,"available","converged",913,"transported-std-lv-fabin","",1,4.0034462,FALSE,0.31644384,0.31644384,"d+ lp- dl- ll- w+"
"default_lbfgs","research47","test","r47_imp_f2_r103","two_factor",25,28,"x0.01","lambda1",741383598,0.31666802,"available","converged",1392,"transported-std-lv-fabin","",1,4.0099242,FALSE,0.31644384,0.31644384,"d+ lp- dl- ll- w+"
"default_lbfgs","research47","test","r47_imp_f2_r103","two_factor",25,57,"x0.01","lambda1",741383990,,"","",,"","[LineSearchFailed] after 1036 iters  f=1.69136: nlopt Limite",,,FALSE,0.29699539,0.29699539,"d+ lp- dl- ll- w+"
"default_lbfgs","research47","test","r47_mis_f2_resid","two_factor",25,34,"x0.01","lambda1",1080452740,0.27002193,"available","converged",717,"transported-std-lv-fabin","",1,2.9595269,FALSE,0.26998446,0.26998446,"d+ lp- dl- ll- w+"
"default_lbfgs","research47","test","r47_mis_f2_resid","two_factor",25,55,"x0.01","lambda1",1080453003,0.4182959,"available","converged",2373,"transported-std-lv-fabin","",1,14.49124,FALSE,0.26833441,0.26833441,"d+ lp- dl- ll- w+"
"default_lbfgs","research47","test","r47_mis_f2_resid","two_factor",25,85,"mixed","lambda0.25",1080453396,0.41219711,"available","converged",1029,"transported-std-lv-fabin","",1,17.465453,FALSE,0.41218864,0.41218864,"d+ lp+ dl- ll- w+"
"default_lbfgs","research47","test","r47_mis_f2_resid","two_factor",25,85,"native","lambda0.25",1080453396,0.41221458,"available","converged",1042,"transported-std-lv-fabin","",1,16.142619,FALSE,0.41218864,0.41218864,"d+ lp+ dl- ll- w+"
"default_lbfgs","research47","test","r47_mis_f2_resid","two_factor",25,85,"x0.01","lambda0.25",1080453396,0.41219702,"available","converged",1119,"transported-std-lv-fabin","",1,17.528429,FALSE,0.41218864,0.41218864,"d+ lp+ dl- ll- w+"
"default_lbfgs","research47","test","r47_mis_f2_resid","two_factor",25,85,"x100","lambda0.25",1080453396,0.41223228,"available","converged",730,"transported-std-lv-fabin","",1,15.337842,FALSE,0.41218864,0.41218864,"d+ lp+ dl- ll- w+"
"default_lbfgs","research47","test","r47_path_r2_90","path",25,93,"x0.01","lambda0.25",791278901,,"","",,"","[LineSearchFailed] after 798 iters  f=0.772738: nlopt Limite",,,FALSE,0.66358673,0.66358673,"d+ lp+ dl- ll+ w+"
"default_lbfgs","wolf","test","wolf_1f4i_l50","cfa",25,84,"mixed","lambda1",672299846,,"","",,"","[LineSearchFailed] after 88 iters  f=0.165442: nlopt Limited",,,FALSE,0.16495726,0.16495726,"d+ lp+ dl- ll+ w+"
"default_lbfgs","wolf","test","wolf_1f6i_l50","cfa",25,41,"mixed","lambda1",261279909,0.11549831,"available","converged",1573,"transported-std-lv-fabin","",1,39.811084,FALSE,0.11537953,0.11537917,"d+ lp+ dl- ll- w-"
"default_lbfgs","wolf","test","wolf_1f6i_l50","cfa",25,41,"native","lambda0.25",261279909,0.077088409,"available","converged",1807,"transported-std-lv-fabin","",1,52.715106,FALSE,0.076902423,0.076887271,"d+ lp- dl- ll- w+"
"default_lbfgs","wolf","test","wolf_1f6i_l50","cfa",25,41,"native","lambda1",261279909,0.11550296,"available","converged",880,"transported-std-lv-fabin","",1,39.095632,FALSE,0.11537925,0.11537925,"d+ lp+ dl- ll- w-"
"default_lbfgs","wolf","test","wolf_1f6i_l50","cfa",25,41,"x0.01","lambda1",261279909,0.11549947,"available","converged",1001,"transported-std-lv-fabin","",1,39.633617,FALSE,0.11538056,0.11537919,"d+ lp+ dl- ll- w+"
"default_lbfgs","wolf","test","wolf_1f6i_l50","cfa",25,41,"x100","lambda1",261279909,0.11552634,"available","converged",702,"transported-std-lv-fabin","",1,36.255171,FALSE,0.1153792,0.11537918,"d+ lp+ dl- ll- w-"
"default_lbfgs","wolf","test","wolf_1f6i_l50","cfa",25,67,"native","lambda1",261280177,0.32486401,"available","converged",1406,"transported-std-lv-fabin","",1,43.540564,FALSE,0.32456502,0.32456502,"d+ lp- dl- ll- w-"
"default_lbfgs","wolf","test","wolf_2f3i_l50","cfa",25,100,"mixed","lambda0.25",1991050888,0.18916584,"available","converged",1238,"transported-std-lv-fabin","",1,4.8782878,FALSE,0.18416655,0.18416655,"d+ lp- dl- ll- w-"
"default_lbfgs","wolf","test","wolf_2f3i_l50","cfa",25,100,"x0.01","lambda0.25",1991050888,0.18437245,"available","converged",2096,"transported-std-lv-fabin","",1,6.3948254,FALSE,0.18673148,0.18673148,"d+ lp- dl- ll- w-"
"default_lbfgs","wolf","test","wolf_2f3i_l50","cfa",25,100,"x0.01","lambda1",1991050888,0.23565256,"available","converged",2092,"transported-std-lv-fabin","",1,5.6174129,FALSE,0.23303923,0.23303923,"d+ lp- dl- ll- w-"
"default_lbfgs","wolf","test","wolf_2f3i_l50","cfa",25,13,"mixed","lambda1",293879946,0.26535728,"available","converged",621,"transported-std-lv-fabin","",1,2.6333654,FALSE,0.26529877,0.26529877,"d+ lp+ dl- ll+ w+"
"default_lbfgs","wolf","test","wolf_2f3i_l50","cfa",25,13,"x0.01","lambda1",293879946,0.26531016,"available","converged",808,"transported-std-lv-fabin","",1,2.7394404,FALSE,0.26529877,0.26529877,"d+ lp+ dl- ll+ w+"
"default_lbfgs","wolf","test","wolf_2f3i_l50","cfa",25,14,"x0.01","lambda0.25",293879947,,"","",,"","[LineSearchFailed] after 715 iters  f=1.87094: nlopt Limited",,,FALSE,0.22261184,0.22261184,"d+ lp+ dl- ll+ w-"
"default_lbfgs","wolf","test","wolf_2f3i_l50","cfa",25,18,"mixed","lambda0.25",293879951,0.23967052,"nonpositive_curvature","converged",2063,"transported-std-lv-fabin","",1,6.3830007,FALSE,0.20276572,0.20276572,"d+ lp- dl- ll- w-"
"default_lbfgs","wolf","test","wolf_2f3i_l50","cfa",25,18,"x0.01","lambda0.25",293879951,0.20302395,"available","converged",2924,"transported-std-lv-fabin","",1,4.5107339,FALSE,0.20276572,0.20276572,"d+ lp- dl- ll- w-"
"default_lbfgs","wolf","test","wolf_2f3i_l50","cfa",25,19,"mixed","lambda1",293879952,,"","",,"","[LineSearchFailed] after 521 iters  f=1.27338: nlopt Limited",,,FALSE,0.2818164,0.2818164,"d+ lp- dl- ll- w+"
"default_lbfgs","wolf","test","wolf_2f3i_l50","cfa",25,23,"x0.01","lambda1",293880077,,"","",,"","[LineSearchFailed] after 58 iters  f=4.89314: nlopt Limited-",,,FALSE,0.26100625,0.26100625,"d+ lp+ dl- ll+ w+"
"default_lbfgs","wolf","test","wolf_2f3i_l50","cfa",25,29,"x0.01","lambda1",293880083,,"","",,"","[LineSearchFailed] after 750 iters  f=0.436743: nlopt Limite",,,FALSE,0.31370187,0.31370187,"d+ lp- dl- ll- w+"
"default_lbfgs","wolf","test","wolf_2f3i_l50","cfa",25,40,"mixed","lambda1",293880336,,"","",,"","[LineSearchFailed] after 418 iters  f=1.58237: nlopt Limited",,,FALSE,0.19548192,0.19548192,"d+ lp- dl- ll- w+"
"default_lbfgs","wolf","test","wolf_2f3i_l50","cfa",25,40,"x0.01","lambda1",293880336,,"","",,"","[LineSearchFailed] after 424 iters  f=2.5165: nlopt Limited-",,,FALSE,0.19548192,0.19548192,"d+ lp- dl- ll- w+"
"default_lbfgs","wolf","test","wolf_2f3i_l50","cfa",25,47,"x0.01","lambda0.25",293880343,,"","",,"","[LineSearchFailed] after 64 iters  f=4.37311: nlopt Limited-",,,FALSE,0.30445457,0.30445457,"d+ lp- dl- ll- w+"
"default_lbfgs","wolf","test","wolf_2f3i_l50","cfa",25,5,"x0.01","lambda0.25",248138434,0.18897767,"available","converged",1106,"transported-std-lv-fabin","",1,4.2878177,FALSE,0.22486071,0.18644252,"d+ lp- dl- ll+ w+"
"default_lbfgs","wolf","test","wolf_2f3i_l50","cfa",25,5,"x100","lambda1",248138434,0.24308066,"available","converged",1171,"transported-std-lv-fabin","",1,27.055658,FALSE,0.24307162,0.24307162,"d+ lp- dl- ll- w+"
"default_lbfgs","wolf","test","wolf_2f3i_l50","cfa",25,52,"x0.01","lambda0.25",293880469,0.15264617,"available","converged",887,"transported-std-lv-fabin","",1,4.552199,FALSE,0.15263277,0.15263277,"d+ lp- dl- ll- w+"
"default_lbfgs","wolf","test","wolf_2f3i_l50","cfa",25,52,"x0.01","lambda1",293880469,,"","",,"","[LineSearchFailed] after 596 iters  f=0.352131: nlopt Limite",,,FALSE,0.2212809,0.2212809,"d+ lp- dl- ll- w+"
"default_lbfgs","wolf","test","wolf_2f3i_l50","cfa",25,55,"mixed","lambda0.25",293880472,0.15474059,"available","converged",830,"transported-std-lv-fabin","",1,4.1872072,FALSE,0.15472942,0.15472942,"d+ lp- dl- ll- w+"
"default_lbfgs","wolf","test","wolf_2f3i_l50","cfa",25,55,"x0.01","lambda0.25",293880472,0.15473436,"available","converged",1069,"transported-std-lv-fabin","",1,4.2221294,FALSE,0.15472942,0.15472942,"d+ lp- dl- ll- w+"
"default_lbfgs","wolf","test","wolf_2f3i_l50","cfa",25,55,"x0.01","lambda1",293880472,0.23901934,"available","converged",675,"transported-std-lv-fabin","",1,4.001674,FALSE,0.23900309,0.23900309,"d+ lp- dl- ll- w+"
"default_lbfgs","wolf","test","wolf_2f3i_l50","cfa",25,56,"mixed","lambda1",293880473,,"","",,"","[LineSearchFailed] after 212 iters  f=4.41571: nlopt Limited",,,FALSE,0.21836286,0.21836286,"d+ lp+ dl- ll- w+"
"default_lbfgs","wolf","test","wolf_2f3i_l50","cfa",25,73,"mixed","lambda0.25",293880732,0.38680321,"available","converged",3515,"transported-std-lv-fabin","",1,8.3351659,FALSE,0.39710651,0.3842874,"d+ lp+ dl- ll- w+"
"default_lbfgs","wolf","test","wolf_2f3i_l50","cfa",25,73,"native","lambda1",293880732,0.45738417,"available","converged",123,"transported-std-lv-fabin","",1,19.563387,FALSE,0.45738149,0.45738149,"d+ lp+ dl- ll+ w+"
"default_lbfgs","wolf","test","wolf_2f3i_l50","cfa",25,73,"x100","lambda0.25",293880732,0.38437551,"available","converged",943,"transported-std-lv-fabin","",1,34.271157,FALSE,0.3842874,0.3842874,"d+ lp+ dl- ll- w+"
"default_lbfgs","wolf","test","wolf_2f3i_l50","cfa",25,75,"x0.01","lambda0.25",293880734,,"","",,"","[LineSearchFailed] after 571 iters  f=0.36623: nlopt Limited",,,FALSE,0.14408083,0.14408083,"d+ lp+ dl- ll+ w+"
"default_lbfgs","wolf","test","wolf_2f3i_l50","cfa",25,76,"x0.01","lambda0.25",293880735,0.32880256,"nonpositive_curvature","converged",508,"transported-std-lv-fabin","",1,1.0028417,FALSE,0.28345845,0.2598279,"d+ lp+ dl- ll- w+"
"default_lbfgs","wolf","test","wolf_2f3i_l50","cfa",25,79,"mixed","lambda0.25",293880738,,"","",,"","[LineSearchFailed] after 756 iters  f=0.4294: nlopt Limited-",,,FALSE,0.20208819,0.20208819,"d+ lp- dl- ll- w+"
"default_lbfgs","wolf","test","wolf_2f3i_l50","cfa",25,79,"x0.01","lambda1",293880738,,"","",,"","[LineSearchFailed] after 1008 iters  f=0.4629: nlopt Limited",,,FALSE,0.27362247,0.27362247,"d+ lp- dl- ll- w+"
"default_lbfgs","wolf","test","wolf_2f3i_l50","cfa",25,8,"x0.01","lambda0.25",248138437,,"","",,"","[LineSearchFailed] after 88 iters  f=4.1618: nlopt Limited-m",,,FALSE,0.14949321,0.14949321,"d+ lp- dl- ll- w+"
"default_lbfgs","wolf","test","wolf_2f3i_l50","cfa",25,80,"mixed","lambda1",293880860,0.18042197,"available","converged",955,"transported-std-lv-fabin","",1,2.6264633,FALSE,0.18034464,0.18034464,"d+ lp+ dl- ll+ w+"
"default_lbfgs","wolf","test","wolf_2f3i_l50","cfa",25,80,"x0.01","lambda0.25",293880860,0.10329565,"available","converged",1175,"transported-std-lv-fabin","",1,2.4332946,FALSE,0.1031922,0.1031922,"d+ lp+ dl- ll+ w+"
"default_lbfgs","wolf","test","wolf_2f3i_l50","cfa",25,80,"x0.01","lambda1",293880860,0.18040909,"available","converged",532,"transported-std-lv-fabin","",1,2.640228,FALSE,0.18034464,0.18034464,"d+ lp+ dl- ll+ w+"
"default_lbfgs","wolf","test","wolf_2f3i_l50","cfa",25,83,"native","lambda0.25",293880863,0.23541853,"available","converged",651,"transported-std-lv-fabin","",1,23.644092,FALSE,0.23539711,0.23539711,"d+ lp- dl- ll- w+"
"default_lbfgs","wolf","test","wolf_2f3i_l50","cfa",25,83,"x100","lambda0.25",293880863,0.23540168,"available","converged",907,"transported-std-lv-fabin","",1,28.108254,FALSE,0.23539711,0.23539711,"d+ lp- dl- ll- w+"
"default_lbfgs","wolf","test","wolf_2f6i_l50","cfa",25,57,"mixed","lambda0.25",1824834988,0.90225687,"available","converged",691,"transported-std-lv-fabin","",1,18.623657,FALSE,0.90225197,0.90225197,"d+ lp- dl- ll- w-"
"default_lbfgs","wolf","test","wolf_2f6i_l50","cfa",25,57,"x0.01","lambda0.25",1824834988,0.90225467,"available","converged",246,"transported-std-lv-fabin","",1,19.390315,FALSE,0.90225197,0.90225197,"d+ lp- dl- ll- w-"
"default_lbfgs","wolf","test","wolf_2f6i_l50","cfa",25,57,"x100","lambda0.25",1824834988,0.90225606,"available","converged",538,"transported-std-lv-fabin","",1,18.8744,FALSE,0.90225197,0.90225197,"d+ lp- dl- ll- w-"
"default_lbfgs","wolf","test","wolf_2f6i_l50","cfa",25,57,"x100","lambda1",1824834988,0.96534089,"available","converged",228,"transported-std-lv-fabin","",1,17.02599,FALSE,0.96533842,0.96533842,"d+ lp- dl- ll- w-"
"default_lbfgs","wolf","test","wolf_2f6i_l50","cfa",25,62,"mixed","lambda0.25",1824835114,1.6273241,"available","converged",841,"transported-std-lv-fabin","",1,18.960078,FALSE,1.6272405,1.6272405,"d+ lp+ dl- ll- w+"
"default_lbfgs","wolf","test","wolf_2f6i_l50","cfa",25,62,"native","lambda0.25",1824835114,1.6273201,"available","converged",1279,"transported-std-lv-fabin","",1,19.233581,FALSE,1.6272411,1.6272405,"d+ lp+ dl- ll- w+"
"default_lbfgs","wolf","test","wolf_2f6i_l50","cfa",25,62,"x0.01","lambda0.25",1824835114,1.6273465,"available","converged",855,"transported-std-lv-fabin","",1,17.925446,FALSE,1.6272414,1.6272405,"d+ lp+ dl- ll- w+"
"default_lbfgs","wolf","test","wolf_2f6i_l50","cfa",25,62,"x100","lambda0.25",1824835114,1.6273246,"available","converged",1145,"transported-std-lv-fabin","",1,19.157008,FALSE,1.627241,1.6272405,"d+ lp+ dl- ll- w+"
"default_lbfgs","wolf","test","wolf_2f8i_l50","cfa",26,20,"native","lambda0.25",1416063269,2.3252942,"available","converged",1663,"transported-std-lv-fabin","",1,27.851331,FALSE,2.3252816,2.3252816,"d+ lp+ dl- ll- w+"
"default_lbfgs","wolf","test","wolf_2f8i_l50","cfa",26,20,"native","lambda1",1416063269,2.4144581,"available","converged",1154,"transported-std-lv-fabin","",1,24.764618,FALSE,2.4144412,2.4144409,"d+ lp+ dl- ll- w+"
"default_lbfgs","wolf","test","wolf_2f8i_l50","cfa",26,20,"x0.01","lambda0.25",1416063269,2.3252939,"available","converged",1548,"transported-std-lv-fabin","",1,27.897618,FALSE,2.3252816,2.3252816,"d+ lp+ dl- ll- w+"
"default_lbfgs","wolf","test","wolf_2f8i_l50","cfa",26,20,"x0.01","lambda1",1416063269,2.4144575,"available","converged",1133,"transported-std-lv-fabin","",1,24.926565,FALSE,2.4144412,2.4144409,"d+ lp+ dl- ll- w+"
"default_lbfgs","wolf","test","wolf_2f8i_l50","cfa",26,20,"x100","lambda0.25",1416063269,2.3252909,"available","converged",1759,"transported-std-lv-fabin","",1,28.979699,FALSE,2.3252816,2.3252816,"d+ lp+ dl- ll- w+"
"default_lbfgs","wolf","test","wolf_2f8i_l50","cfa",26,20,"x100","lambda1",1416063269,2.4144658,"available","converged",784,"transported-std-lv-fabin","",1,23.655906,FALSE,2.414441,2.4144409,"d+ lp+ dl- ll- w+"
"default_lbfgs","wolf","test","wolf_2f8i_l50","cfa",26,37,"mixed","lambda0.25",1416063407,3.0675531,"available","converged",912,"transported-std-lv-fabin","",1,23.536572,FALSE,3.0675155,3.0675149,"d+ lp+ dl- ll- w+"
"default_lbfgs","wolf","test","wolf_2f8i_l50","cfa",26,37,"mixed","lambda1",1416063407,3.1717404,"available","converged",1275,"transported-std-lv-fabin","",1,25.242261,FALSE,3.1717329,3.1717329,"d+ lp+ dl- ll+ w+"
"default_lbfgs","wolf","test","wolf_2f8i_l50","cfa",26,37,"native","lambda0.25",1416063407,3.0675365,"available","converged",598,"transported-std-lv-fabin","",1,25.060115,FALSE,3.067515,3.0675149,"d+ lp+ dl- ll+ w+"
"default_lbfgs","wolf","test","wolf_2f8i_l50","cfa",26,37,"native","lambda1",1416063407,3.1717497,"available","converged",793,"transported-std-lv-fabin","",1,23.865641,FALSE,3.171733,3.1717329,"d+ lp+ dl- ll+ w+"
"default_lbfgs","wolf","test","wolf_2f8i_l50","cfa",26,37,"x0.01","lambda0.25",1416063407,3.0675195,"available","converged",860,"transported-std-lv-fabin","",1,28.021388,FALSE,3.067515,3.0675149,"d+ lp+ dl- ll+ w+"
"default_lbfgs","wolf","test","wolf_2f8i_l50","cfa",26,37,"x0.01","lambda1",1416063407,3.1717508,"available","converged",287,"transported-std-lv-fabin","",1,23.734403,FALSE,3.171733,3.1717329,"d+ lp+ dl- ll+ w+"
"default_lbfgs","wolf","test","wolf_2f8i_l50","cfa",26,37,"x100","lambda0.25",1416063407,3.0675347,"available","converged",680,"transported-std-lv-fabin","",1,25.265861,FALSE,3.067515,3.0675149,"d+ lp+ dl- ll+ w+"
"default_lbfgs","wolf","test","wolf_2f8i_l50","cfa",26,37,"x100","lambda1",1416063407,3.1717732,"available","converged",445,"transported-std-lv-fabin","",1,21.89423,FALSE,3.171733,3.1717329,"d+ lp+ dl- ll+ w+"
"default_lbfgs","wolf","test","wolf_2f8i_l50","cfa",26,4,"mixed","lambda1",994389933,3.1887155,"available","converged",1760,"transported-std-lv-fabin","",1,28.393602,FALSE,3.1886963,3.1886963,"d+ lp- dl- ll- w-"
"default_lbfgs","wolf","test","wolf_2f8i_l50","cfa",26,4,"native","lambda0.25",994389933,3.1196222,"available","converged",2388,"transported-std-lv-fabin","",1,29.602532,FALSE,3.1196066,3.1196066,"d+ lp- dl- ll- w-"
"default_lbfgs","wolf","test","wolf_2f8i_l50","cfa",26,4,"native","lambda1",994389933,3.1887505,"available","converged",640,"transported-std-lv-fabin","",1,22.651213,FALSE,3.1886962,3.1886962,"d+ lp- dl- ll- w-"
"default_lbfgs","wolf","test","wolf_2f8i_l50","cfa",26,4,"x0.01","lambda0.25",994389933,3.1196218,"available","converged",2351,"transported-std-lv-fabin","",1,30.015732,FALSE,3.1196064,3.1196064,"d+ lp- dl- ll- w-"
"default_lbfgs","wolf","test","wolf_2f8i_l50","cfa",26,4,"x0.01","lambda1",994389933,3.1887141,"available","converged",2113,"transported-std-lv-fabin","",1,28.850162,FALSE,3.188696,3.188696,"d+ lp- dl- ll- w-"
"default_lbfgs","wolf","test","wolf_2f8i_l50","cfa",26,4,"x100","lambda0.25",994389933,3.1196264,"available","converged",1689,"transported-std-lv-fabin","",1,28.514119,FALSE,3.1196064,3.1196064,"d+ lp- dl- ll- w-"
"default_lbfgs","wolf","test","wolf_2f8i_l50","cfa",26,4,"x100","lambda1",994389933,3.1887445,"available","converged",1091,"transported-std-lv-fabin","",1,23.368549,FALSE,3.188696,3.188696,"d+ lp+ dl- ll- w-"
"default_lbfgs","wolf","test","wolf_2f8i_l50","cfa",26,40,"mixed","lambda0.25",1416063531,2.5550438,"available","converged",2413,"transported-std-lv-fabin","",1,29.34561,FALSE,2.5550262,2.5550255,"d+ lp+ dl- ll- w+"
"default_lbfgs","wolf","test","wolf_2f8i_l50","cfa",26,40,"mixed","lambda1",1416063531,2.6468989,"available","converged",975,"transported-std-lv-fabin","",1,19.584996,FALSE,2.6468923,2.6468923,"d+ lp+ dl- ll+ w+"
"default_lbfgs","wolf","test","wolf_2f8i_l50","cfa",26,40,"native","lambda0.25",1416063531,2.555061,"available","converged",1976,"transported-std-lv-fabin","",1,26.636663,FALSE,2.5550257,2.5550255,"d+ lp+ dl- ll- w+"
"default_lbfgs","wolf","test","wolf_2f8i_l50","cfa",26,40,"native","lambda1",1416063531,2.6468949,"available","converged",1241,"transported-std-lv-fabin","",1,20.458798,FALSE,2.6468923,2.6468923,"d+ lp+ dl- ll- w+"
"default_lbfgs","wolf","test","wolf_2f8i_l50","cfa",26,40,"x0.01","lambda0.25",1416063531,2.555057,"available","converged",1513,"transported-std-lv-fabin","",1,27.171083,FALSE,2.5550256,2.5550255,"d+ lp+ dl- ll- w+"
"default_lbfgs","wolf","test","wolf_2f8i_l50","cfa",26,40,"x100","lambda0.25",1416063531,2.555075,"available","converged",1079,"transported-std-lv-fabin","",1,25.178943,FALSE,2.5550259,2.5550255,"d+ lp+ dl- ll- w+"
"default_lbfgs","wolf","test","wolf_2f8i_l50","cfa",26,40,"x100","lambda1",1416063531,2.6468951,"available","converged",1431,"transported-std-lv-fabin","",1,20.304485,FALSE,2.6468923,2.6468923,"d+ lp+ dl- ll- w+"
"default_lbfgs","wolf","test","wolf_2f8i_l50","cfa",26,74,"mixed","lambda1",1416063928,,"","",,"","[LineSearchFailed] after 2010 iters  f=2.624: nlopt Limited-",,,FALSE,2.6238353,2.6238353,"d+ lp+ dl- ll- w-"
"default_lbfgs","wolf","test","wolf_2f8i_l50","cfa",26,74,"native","lambda1",1416063928,2.6240824,"available","converged",1232,"transported-std-lv-fabin","",1,29.075432,FALSE,2.6238353,2.6238353,"d+ lp+ dl- ll- w+"
"default_lbfgs","wolf","test","wolf_2f8i_l50","cfa",26,74,"x0.01","lambda1",1416063928,2.6240712,"available","converged",1512,"transported-std-lv-fabin","",1,29.964311,FALSE,2.6238353,2.6238353,"d+ lp+ dl- ll- w+"
"default_lbfgs","wolf","test","wolf_2f8i_l50","cfa",26,74,"x100","lambda1",1416063928,2.6240578,"available","converged",1341,"transported-std-lv-fabin","",1,30.390157,FALSE,2.6238351,2.6238351,"d+ lp+ dl- ll- w+"
"default_lbfgs","wolf","test","wolf_2f8i_l50","cfa",26,89,"mixed","lambda0.25",1416064064,2.6082971,"available","converged",2267,"transported-std-lv-fabin","",1,40.104783,FALSE,2.6081586,2.6081586,"d+ lp+ dl- ll- w-"
"default_lbfgs","wolf","test","wolf_2f8i_l50","cfa",26,89,"mixed","lambda1",1416064064,2.6950238,"available","converged",1155,"transported-std-lv-fabin","",1,30.505992,FALSE,2.6949465,2.6949465,"d+ lp- dl- ll- w+"
"default_lbfgs","wolf","test","wolf_2f8i_l50","cfa",26,89,"native","lambda0.25",1416064064,2.6083564,"available","converged",973,"transported-std-lv-fabin","",1,33.70212,FALSE,2.6081586,2.6081586,"d+ lp+ dl- ll- w-"
"default_lbfgs","wolf","test","wolf_2f8i_l50","cfa",26,89,"x0.01","lambda0.25",1416064064,2.6082933,"available","converged",1834,"transported-std-lv-fabin","",1,40.533952,FALSE,2.6081582,2.608158,"d+ lp+ dl- ll- w+"
"default_lbfgs","wolf","test","wolf_2f8i_l50","cfa",26,89,"x0.01","lambda1",1416064064,2.6949953,"available","converged",1881,"transported-std-lv-fabin","",1,34.251555,FALSE,2.6949465,2.6949465,"d+ lp+ dl- ll- w+"
"default_lbfgs","wolf","test","wolf_2f8i_l50","cfa",26,89,"x100","lambda0.25",1416064064,2.6083116,"available","converged",1708,"transported-std-lv-fabin","",1,37.98579,FALSE,2.6081584,2.6081584,"d+ lp+ dl- ll- w-"
"default_lbfgs","wolf","test","wolf_2f8i_l50","cfa",26,89,"x100","lambda1",1416064064,2.6949823,"available","converged",2000,"transported-std-lv-fabin","",1,37.014305,FALSE,2.6949466,2.6949466,"d+ lp+ dl- ll- w+"
"default_lbfgs","wolf","test","wolf_3f3i_l50","cfa",100,29,"native","lambda1",1238952031,0.11172704,"available","converged",1517,"transported-std-lv-fabin","",1,27.142109,FALSE,0.11171589,0.11171576,"d+ lp- dl- ll- w+"
"default_lbfgs","wolf","test","wolf_3f3i_l50","cfa",100,29,"x100","lambda1",1238952031,0.11171649,"available","converged",2934,"transported-std-lv-fabin","",1,35.919394,FALSE,0.11171576,0.11171576,"d+ lp- dl- ll- w+"
"default_lbfgs","wolf","test","wolf_3f3i_l50","cfa",100,90,"x0.01","lambda1",1238952939,0.13987703,"available","converged",1435,"transported-std-lv-fabin","",1,3.925469,FALSE,0.13980799,0.13980799,"d+ lp- dl- ll- w-"
"default_lbfgs","wolf","test","wolf_3f3i_l50","cfa",25,14,"x0.01","lambda1",1857434889,0.87705728,"available","converged",1396,"transported-std-lv-fabin","",1,3.1260183,FALSE,0.87704603,0.87704603,"d+ lp- dl- ll- w+"
"default_lbfgs","wolf","test","wolf_3f3i_l50","cfa",25,15,"native","lambda0.25",1857434890,0.33948196,"available","converged",1339,"transported-std-lv-fabin","",1,25.802241,FALSE,0.33945453,0.3394545,"d+ lp+ dl- ll- w+"
"default_lbfgs","wolf","test","wolf_3f3i_l50","cfa",25,15,"x0.01","lambda0.25",1857434890,0.34229706,"available","converged",2587,"transported-std-lv-fabin","",1,6.2086924,FALSE,0.3394545,0.3394545,"d+ lp+ dl- ll- w+"
"default_lbfgs","wolf","test","wolf_3f3i_l50","cfa",25,15,"x0.01","lambda1",1857434890,0.45715799,"available","converged",2192,"transported-std-lv-fabin","",1,5.9895956,FALSE,0.45516053,0.45516053,"d+ lp- dl- ll- w+"
"default_lbfgs","wolf","test","wolf_3f3i_l50","cfa",25,15,"x100","lambda0.25",1857434890,0.33946525,"available","converged",1142,"transported-std-lv-fabin","",1,29.490827,FALSE,0.3394545,0.3394545,"d+ lp+ dl- ll- w+"
"default_lbfgs","wolf","test","wolf_3f3i_l50","cfa",25,16,"x0.01","lambda0.25",1857434891,,"","",,"","[LineSearchFailed] after 2333 iters  f=1.202: nlopt Limited-",,,FALSE,0.59024254,0.59024254,"d+ lp+ dl- ll- w-"
"default_lbfgs","wolf","test","wolf_3f3i_l50","cfa",25,2,"x0.01","lambda1",1243654253,,"","",,"","[LineSearchFailed] after 1052 iters  f=1.0911: nlopt Limited",,,FALSE,0.8983917,0.8983917,"d+ lp- dl- ll- w+"
"default_lbfgs","wolf","test","wolf_3f3i_l50","cfa",25,24,"mixed","lambda1",1857435020,0.71270532,"available","converged",1584,"transported-std-lv-fabin","",1,5.9761248,FALSE,0.71564997,0.71564997,"d+ lp- dl- ll- w+"
"default_lbfgs","wolf","test","wolf_3f3i_l50","cfa",25,24,"native","lambda0.25",1857435020,0.58063684,"available","converged",1440,"transported-std-lv-fabin","",1,31.914231,FALSE,0.58042296,0.58042296,"d+ lp+ dl- ll- w+"
"default_lbfgs","wolf","test","wolf_3f3i_l50","cfa",25,24,"x0.01","lambda0.25",1857435020,0.58350764,"available","converged",2634,"transported-std-lv-fabin","",1,9.1883654,FALSE,0.60652955,0.58042296,"d+ lp+ dl- ll- w+"
"default_lbfgs","wolf","test","wolf_3f3i_l50","cfa",25,3,"x0.01","lambda0.25",1243654254,0.5547738,"available","converged",1607,"transported-std-lv-fabin","",1,3.4244985,FALSE,0.55476859,0.52875905,"d+ lp+ dl- ll+ w+"
"default_lbfgs","wolf","test","wolf_3f3i_l50","cfa",25,34,"x0.01","lambda1",1857435151,,"","",,"","[LineSearchFailed] after 71 iters  f=4.84268: nlopt Limited-",,,FALSE,0.60947617,0.60947617,"d+ lp- dl- ll- w+"
"default_lbfgs","wolf","test","wolf_3f3i_l50","cfa",25,36,"x0.01","lambda1",1857435153,,"","",,"","[LineSearchFailed] after 203 iters  f=5.04517: nlopt Limited",,,FALSE,0.7527485,0.7527485,"d+ lp+ dl- ll+ w+"
"default_lbfgs","wolf","test","wolf_3f3i_l50","cfa",25,40,"native","lambda1",1857435278,0.62028385,"available","converged",438,"transported-std-lv-fabin","",1,25.810306,FALSE,0.62026807,0.62026807,"d+ lp- dl- ll- w+"
"default_lbfgs","wolf","test","wolf_3f3i_l50","cfa",25,43,"x0.01","lambda0.25",1857435281,0.80003439,"available","converged",1895,"transported-std-lv-fabin","",1,6.3281601,FALSE,0.9034948,0.9034948,"d+ lp- dl- ll- w-"
"default_lbfgs","wolf","test","wolf_3f3i_l50","cfa",25,44,"x0.01","lambda0.25",1857435282,0.58182831,"nonpositive_curvature","converged",910,"transported-std-lv-fabin","",1,2.7272877,FALSE,0.57875986,0.57448242,"d+ lp+ dl- ll+ w+"
"default_lbfgs","wolf","test","wolf_3f3i_l50","cfa",25,57,"native","lambda1",1857435416,,"","",,"","[LineSearchFailed] after 97 iters  f=0.671533: nlopt Limited",,,FALSE,0.63328151,0.63328151,"d+ lp- dl- ll- w+"
"default_lbfgs","wolf","test","wolf_3f3i_l50","cfa",25,6,"x0.01","lambda1",1243654257,3.6538617,"nonpositive_curvature","converged",804,"transported-std-lv-fabin","",1,5.114003,FALSE,0.87792963,0.87792963,"d+ lp- dl- ll- w-"
"default_lbfgs","wolf","test","wolf_3f3i_l50","cfa",25,62,"x0.01","lambda1",1857435542,0.93755315,"available","converged",548,"transported-std-lv-fabin","",1,2.4523951,FALSE,0.93063411,0.93063411,"d+ lp- dl- ll- w+"
"default_lbfgs","wolf","test","wolf_3f3i_l50","cfa",25,76,"mixed","lambda0.25",1857435677,0.49695156,"available","converged",2012,"transported-std-lv-fabin","",1,6.6726308,FALSE,0.4965515,0.4965515,"d+ lp- dl- ll- w+"
"default_lbfgs","wolf","test","wolf_3f3i_l50","cfa",25,76,"mixed","lambda1",1857435677,0.61925926,"available","converged",1228,"transported-std-lv-fabin","",1,5.4054619,FALSE,0.61853912,0.61853912,"d+ lp- dl- ll- w+"
"default_lbfgs","wolf","test","wolf_3f3i_l50","cfa",25,76,"x0.01","lambda0.25",1857435677,0.50834765,"available","line_search_salvaged",5000,"transported-std-lv-fabin","",1,11.46311,FALSE,0.4965515,0.4965515,"d+ lp- dl- ll- w+"
"default_lbfgs","wolf","test","wolf_3f3i_l50","cfa",25,8,"x0.01","lambda0.25",1243654259,0.45696878,"available","converged",4570,"transported-std-lv-fabin","",1,8.9551225,FALSE,0.44623534,0.43887331,"d+ lp+ dl- ll+ w-"
"default_lbfgs","wolf","test","wolf_3f3i_l50","cfa",25,8,"x0.01","lambda1",1243654259,0.53877105,"available","converged",1268,"transported-std-lv-fabin","",1,1.676542,FALSE,0.53873557,0.53873557,"d+ lp+ dl- ll+ w-"
"default_lbfgs","wolf","test","wolf_3f3i_l50","cfa",25,82,"x0.01","lambda0.25",1857435804,,"","",,"","[LineSearchFailed] after 224 iters  f=0.695697: nlopt Limite",,,FALSE,0.6956811,0.6956811,"d+ lp+ dl- ll+ w+"
"default_lbfgs","wolf","test","wolf_3f3i_l50","cfa",25,92,"native","lambda0.25",1857435935,0.63292974,"available","converged",275,"transported-std-lv-fabin","",1,35.165174,FALSE,0.63292676,0.63292676,"d+ lp+ dl- ll+ w+"
"default_lbfgs","wolf","test","wolf_3f3i_l50","cfa",25,92,"native","lambda1",1857435935,0.74412643,"available","converged",1092,"transported-std-lv-fabin","",1,47.631791,FALSE,0.74411824,0.74411824,"d+ lp+ dl- ll- w+"
"default_lbfgs","wolf","test","wolf_3f3i_l50","cfa",25,92,"x100","lambda1",1857435935,0.74413571,"available","converged",805,"transported-std-lv-fabin","",1,41.295153,FALSE,0.74411824,0.74411824,"d+ lp+ dl- ll- w+"
"default_lbfgs","wolf","test","wolf_3f3i_l50","cfa",25,93,"native","lambda1",1857435936,0.95534204,"available","converged",922,"transported-std-lv-fabin","",1,18.811101,FALSE,0.95532518,0.95532518,"d+ lp- dl- ll- w+"
"default_lbfgs","wolf","test","wolf_3f3i_l50","cfa",25,93,"x100","lambda1",1857435936,0.95532819,"available","converged",1245,"transported-std-lv-fabin","",1,22.669596,FALSE,0.95532518,0.95532518,"d+ lp- dl- ll- w+"
"default_lbfgs","wolf","test","wolf_3f3i_l50","cfa",25,94,"x0.01","lambda1",1857435937,,"","",,"","[LineSearchFailed] after 1057 iters  f=3.6159: nlopt Limited",,,FALSE,0.6539333,0.6539333,"d+ lp- dl- ll- w+"
"default_lbfgs","wolf","test","wolf_3f3i_l50","cfa",25,95,"x0.01","lambda1",1857435938,,"","",,"","[LineSearchFailed] after 339 iters  f=5.30987: nlopt Limited",,,FALSE,0.93378969,0.93378969,"d+ lp- dl- ll- w+"
"default_lbfgs","wolf","test","wolf_3f6i_l50","cfa",28,88,"mixed","lambda1",1247650968,3.9905117,"available","converged",2446,"transported-std-lv-fabin","",1,26.37697,FALSE,4.1677544,4.1677544,"d+ lp- dl- ll- w-"
"default_lbfgs","wolf","test","wolf_3f8i_l50","cfa",34,8,"mixed","lambda0.25",1992119528,5.4248935,"available","converged",1337,"transported-std-lv-fabin","",1,22.527125,FALSE,5.4246489,5.4246489,"d+ lp- dl- ll- w-"
"layered_lbfgs","boomsma","test","boomsma_3CM","cfa",25,27,"native","lambda0.25",349012380,,"","",,"","[LineSearchFailed] after 56 iters  f=0.399356: nlopt Limited",,,FALSE,0.25422251,0.25422251,"d+ lp- dl+ ll- w+"
"layered_lbfgs","boomsma","test","boomsma_3CM","cfa",25,27,"native","lambda1",349012380,,"","",,"","[LineSearchFailed] after 162 iters  f=0.442628: nlopt Limite",,,FALSE,0.33752301,0.33752301,"d+ lp- dl+ ll- w+"
"layered_lbfgs","boomsma","test","boomsma_3CM","cfa",25,27,"x0.01","lambda0.25",349012380,,"","",,"","[LineSearchFailed] after 56 iters  f=0.399356: nlopt Limited",,,FALSE,0.25422251,0.25422251,"d+ lp- dl- ll- w+"
"layered_lbfgs","boomsma","test","boomsma_3CM","cfa",25,27,"x0.01","lambda1",349012380,,"","",,"","[LineSearchFailed] after 146 iters  f=0.442628: nlopt Limite",,,FALSE,0.33752301,0.33752301,"d+ lp- dl- ll- w+"
"layered_lbfgs","boomsma","test","boomsma_3CM","cfa",25,27,"x100","lambda0.25",349012380,,"","",,"","[LineSearchFailed] after 56 iters  f=0.399356: nlopt Limited",,,FALSE,0.25422251,0.25422251,"d+ lp- dl+ ll- w+"
"layered_lbfgs","boomsma","test","boomsma_3CM","cfa",25,27,"x100","lambda1",349012380,,"","",,"","[LineSearchFailed] after 176 iters  f=0.442628: nlopt Limite",,,FALSE,0.33752301,0.33752301,"d+ lp- dl+ ll- w+"
"layered_lbfgs","boomsma","test","boomsma_3CM","cfa",25,7,"mixed","lambda0.25",1920645783,,"","",,"","[LineSearchFailed] after 146 iters  f=0.403299: nlopt Limite",,,FALSE,0.21224336,0.21224336,"d+ lp- dl- ll- w+"
"layered_lbfgs","boomsma","test","boomsma_3CM","cfa",25,7,"mixed","lambda1",1920645783,,"","",,"","[LineSearchFailed] after 47 iters  f=0.459201: nlopt Limited",,,FALSE,0.30218536,0.30218536,"d+ lp- dl- ll- w+"
"layered_lbfgs","boomsma","test","boomsma_3CM","cfa",25,7,"native","lambda0.25",1920645783,,"","",,"","[LineSearchFailed] after 103 iters  f=0.403299: nlopt Limite",,,FALSE,0.21224336,0.21224336,"d+ lp- dl+ ll- w+"
"layered_lbfgs","boomsma","test","boomsma_3CM","cfa",25,7,"native","lambda1",1920645783,,"","",,"","[LineSearchFailed] after 47 iters  f=0.459201: nlopt Limited",,,FALSE,0.30218536,0.30218536,"d+ lp- dl+ ll- w+"
"layered_lbfgs","boomsma","test","boomsma_3CM","cfa",25,7,"x0.01","lambda0.25",1920645783,,"","",,"","[LineSearchFailed] after 105 iters  f=0.403299: nlopt Limite",,,FALSE,0.21224336,0.21224336,"d+ lp- dl- ll- w+"
"layered_lbfgs","boomsma","test","boomsma_3CM","cfa",25,7,"x0.01","lambda1",1920645783,,"","",,"","[LineSearchFailed] after 47 iters  f=0.459201: nlopt Limited",,,FALSE,0.30218536,0.30218536,"d+ lp- dl- ll- w+"
"layered_lbfgs","boomsma","test","boomsma_3CM","cfa",25,7,"x100","lambda0.25",1920645783,,"","",,"","[LineSearchFailed] after 83 iters  f=0.403299: nlopt Limited",,,FALSE,0.21224336,0.21224336,"d+ lp- dl+ ll- w+"
"layered_lbfgs","boomsma","test","boomsma_3CM","cfa",25,7,"x100","lambda1",1920645783,,"","",,"","[LineSearchFailed] after 47 iters  f=0.459201: nlopt Limited",,,FALSE,0.30218536,0.30218536,"d+ lp- dl+ ll- w+"
"layered_lbfgs","boomsma","test","boomsma_3CM","cfa",25,70,"mixed","lambda1",349013028,,"","",,"","[LineSearchFailed] after 118 iters  f=0.355479: nlopt Limite",,,FALSE,0.2894822,0.2894822,"d+ lp- dl- ll- w+"
"layered_lbfgs","boomsma","test","boomsma_3CM","cfa",25,70,"native","lambda0.25",349013028,,"","",,"","[LineSearchFailed] after 95 iters  f=0.290807: nlopt Limited",,,FALSE,0.21223288,0.21223288,"d+ lp- dl+ ll- w+"
"layered_lbfgs","boomsma","test","boomsma_3CM","cfa",25,70,"native","lambda1",349013028,,"","",,"","[LineSearchFailed] after 118 iters  f=0.355479: nlopt Limite",,,FALSE,0.2894822,0.2894822,"d+ lp- dl+ ll- w+"
"layered_lbfgs","boomsma","test","boomsma_3CM","cfa",25,70,"x0.01","lambda0.25",349013028,,"","",,"","[LineSearchFailed] after 95 iters  f=0.290807: nlopt Limited",,,FALSE,0.21223288,0.21223288,"d+ lp- dl- ll- w+"
"layered_lbfgs","boomsma","test","boomsma_3CM","cfa",25,70,"x0.01","lambda1",349013028,,"","",,"","[LineSearchFailed] after 118 iters  f=0.355479: nlopt Limite",,,FALSE,0.2894822,0.2894822,"d+ lp- dl- ll- w+"
"layered_lbfgs","boomsma","test","boomsma_3CM","cfa",25,70,"x100","lambda0.25",349013028,,"","",,"","[LineSearchFailed] after 95 iters  f=0.290807: nlopt Limited",,,FALSE,0.21223288,0.21223288,"d+ lp- dl+ ll- w+"
"layered_lbfgs","boomsma","test","boomsma_3CM","cfa",25,70,"x100","lambda1",349013028,,"","",,"","[LineSearchFailed] after 118 iters  f=0.355479: nlopt Limite",,,FALSE,0.2894822,0.2894822,"d+ lp- dl+ ll- w+"
"layered_lbfgs","boomsma","test","boomsma_3CM","cfa",25,85,"native","lambda0.25",349013164,,"","",,"","[LineSearchFailed] after 201 iters  f=0.30589: nlopt Limited",,,FALSE,0.18438409,0.18438409,"d+ lp+ dl+ ll- w+"
"layered_lbfgs","boomsma","test","boomsma_3CM","cfa",25,85,"x0.01","lambda0.25",349013164,,"","",,"","[LineSearchFailed] after 307 iters  f=0.305672: nlopt Limite",,,FALSE,0.18438409,0.18438409,"d+ lp+ dl+ ll- w+"
"layered_lbfgs","boomsma","test","boomsma_3CM","cfa",25,85,"x100","lambda0.25",349013164,,"","",,"","[LineSearchFailed] after 93 iters  f=0.311928: nlopt Limited",,,FALSE,0.18438409,0.18438409,"d+ lp+ dl+ ll- w+"
"layered_lbfgs","boomsma","test","boomsma_3CS","cfa",100,35,"native","lambda0.25",373265781,,"","",,"","[LineSearchFailed] after 105 iters  f=0.14594: nlopt Limited",,,FALSE,0.069452343,0.069452343,"d+ lp- dl+ ll- w+"
"layered_lbfgs","boomsma","test","boomsma_3CS","cfa",100,35,"native","lambda1",373265781,,"","",,"","[LineSearchFailed] after 187 iters  f=0.205754: nlopt Limite",,,FALSE,0.087181217,0.087181217,"d+ lp- dl+ ll- w+"
"layered_lbfgs","boomsma","test","boomsma_3CS","cfa",100,35,"x100","lambda0.25",373265781,,"","",,"","[LineSearchFailed] after 204 iters  f=0.144645: nlopt Limite",,,FALSE,0.069452343,0.069452343,"d+ lp- dl+ ll- w+"
"layered_lbfgs","boomsma","test","boomsma_3CS","cfa",100,35,"x100","lambda1",373265781,,"","",,"","[LineSearchFailed] after 197 iters  f=0.205754: nlopt Limite",,,FALSE,0.087181217,0.087181217,"d+ lp- dl+ ll- w+"
"layered_lbfgs","boomsma","test","boomsma_3CS","cfa",100,42,"native","lambda0.25",373265909,0.039010315,"available","converged",2639,"layered","",1,116.08874,FALSE,0.041091896,0.041091896,"d+ lp- dl+ ll- w-"
"layered_lbfgs","boomsma","test","boomsma_3CS","cfa",100,42,"x0.01","lambda0.25",373265909,0.039131635,"available","converged",923,"layered","",1,74.765048,FALSE,0.037800662,0.037800662,"d+ lp- dl- ll- w-"
"layered_lbfgs","boomsma","test","boomsma_3CS","cfa",100,42,"x100","lambda0.25",373265909,0.03915218,"available","converged",722,"layered","",1,70.466775,FALSE,0.041091896,0.041091896,"d+ lp- dl+ ll- w-"
"layered_lbfgs","boomsma","test","boomsma_3CS","cfa",100,56,"native","lambda0.25",373266044,0.060659212,"available","converged",1192,"layered","",1,51.123013,FALSE,0.04755229,0.04755229,"d+ lp- dl+ ll- w+"
"layered_lbfgs","boomsma","test","boomsma_3CS","cfa",100,56,"native","lambda1",373266044,0.070989704,"available","converged",1914,"layered","",1,56.612698,FALSE,0.061372856,0.061372856,"d+ lp- dl+ ll- w+"
"layered_lbfgs","boomsma","test","boomsma_3CS","cfa",100,56,"x0.01","lambda1",373266044,0.071079774,"available","converged",716,"layered","",1,40.005338,FALSE,0.061372856,0.061372856,"d+ lp- dl- ll- w+"
"layered_lbfgs","boomsma","test","boomsma_3CS","cfa",100,56,"x100","lambda0.25",373266044,0.060677889,"available","converged",834,"layered","",1,47.986459,FALSE,0.04755229,0.04755229,"d+ lp- dl+ ll- w+"
"layered_lbfgs","boomsma","test","boomsma_3CS","cfa",100,56,"x100","lambda1",373266044,0.071006003,"available","converged",987,"layered","",1,53.309708,FALSE,0.061372856,0.061372856,"d+ lp- dl+ ll- w+"
"layered_lbfgs","boomsma","test","boomsma_3CS","cfa",100,57,"native","lambda1",373266045,,"","",,"","[LineSearchFailed] after 119 iters  f=0.145129: nlopt Limite",,,FALSE,0.083824185,0.083824185,"d+ lp+ dl+ ll- w+"
"layered_lbfgs","boomsma","test","boomsma_3CS","cfa",100,57,"x100","lambda1",373266045,,"","",,"","[LineSearchFailed] after 171 iters  f=0.142606: nlopt Limite",,,FALSE,0.091645858,0.083824185,"d+ lp+ dl+ ll- w+"
"layered_lbfgs","boomsma","test","boomsma_3CS","cfa",100,60,"native","lambda0.25",373266169,,"","",,"","[LineSearchFailed] after 86 iters  f=0.155628: nlopt Limited",,,FALSE,0.069331592,0.069331592,"d+ lp- dl+ ll- w+"
"layered_lbfgs","boomsma","test","boomsma_3CS","cfa",100,60,"native","lambda1",373266169,,"","",,"","[LineSearchFailed] after 152 iters  f=0.162752: nlopt Limite",,,FALSE,0.084540336,0.084540336,"d+ lp- dl+ ll- w+"
"layered_lbfgs","boomsma","test","boomsma_3CS","cfa",100,60,"x100","lambda0.25",373266169,,"","",,"","[LineSearchFailed] after 86 iters  f=0.155628: nlopt Limited",,,FALSE,0.069331592,0.069331592,"d+ lp- dl+ ll- w+"
"layered_lbfgs","boomsma","test","boomsma_3CS","cfa",100,60,"x100","lambda1",373266169,,"","",,"","[LineSearchFailed] after 170 iters  f=0.162753: nlopt Limite",,,FALSE,0.084540336,0.084540336,"d+ lp- dl+ ll- w+"
"layered_lbfgs","boomsma","test","boomsma_3CS","cfa",100,63,"native","lambda0.25",373266172,0.05090727,"available","converged",1268,"layered","",1,77.071693,FALSE,0.048506472,0.048506472,"d+ lp- dl+ ll- w+"
"layered_lbfgs","boomsma","test","boomsma_3CS","cfa",100,63,"native","lambda1",373266172,0.064411331,"available","converged",1615,"layered","",1,81.033744,FALSE,0.062223103,0.062223103,"d+ lp- dl+ ll- w+"
"layered_lbfgs","boomsma","test","boomsma_3CS","cfa",100,63,"x100","lambda0.25",373266172,0.050825781,"available","converged",1866,"layered","",1,103.43716,FALSE,0.048506472,0.048506472,"d+ lp- dl+ ll- w+"
"layered_lbfgs","boomsma","test","boomsma_3CS","cfa",100,63,"x100","lambda1",373266172,0.064453406,"available","converged",999,"layered","",1,70.460615,FALSE,0.062223103,0.062223103,"d+ lp- dl+ ll- w+"
"layered_lbfgs","boomsma","test","boomsma_3CS","cfa",100,76,"native","lambda0.25",373266306,,"","",,"","[LineSearchFailed] after 83 iters  f=0.106306: nlopt Limited",,,FALSE,0.062706354,0.062706354,"d+ lp- dl+ ll- w+"
"layered_lbfgs","boomsma","test","boomsma_3CS","cfa",100,76,"native","lambda1",373266306,,"","",,"","[LineSearchFailed] after 83 iters  f=0.111159: nlopt Limited",,,FALSE,0.074412714,0.074412714,"d+ lp- dl+ ll- w+"
"layered_lbfgs","boomsma","test","boomsma_3CS","cfa",100,76,"x0.01","lambda0.25",373266306,,"","",,"","[LineSearchFailed] after 83 iters  f=0.106306: nlopt Limited",,,FALSE,0.062706354,0.062706354,"d+ lp- dl+ ll- w+"
"layered_lbfgs","boomsma","test","boomsma_3CS","cfa",100,76,"x0.01","lambda1",373266306,,"","",,"","[LineSearchFailed] after 83 iters  f=0.111159: nlopt Limited",,,FALSE,0.074412714,0.074412714,"d+ lp- dl+ ll- w+"
"layered_lbfgs","boomsma","test","boomsma_3CS","cfa",100,76,"x100","lambda0.25",373266306,,"","",,"","[LineSearchFailed] after 83 iters  f=0.106306: nlopt Limited",,,FALSE,0.062706354,0.062706354,"d+ lp- dl+ ll- w+"
"layered_lbfgs","boomsma","test","boomsma_3CS","cfa",100,76,"x100","lambda1",373266306,,"","",,"","[LineSearchFailed] after 83 iters  f=0.111159: nlopt Limited",,,FALSE,0.074412714,0.074412714,"d+ lp- dl+ ll- w+"
"layered_lbfgs","boomsma","test","boomsma_3CS","cfa",100,77,"mixed","lambda1",373266307,,"","",,"","[LineSearchFailed] after 112 iters  f=0.0996338: nlopt Limit",,,FALSE,0.042044307,0.042044307,"d+ lp- dl- ll- w+"
"layered_lbfgs","boomsma","test","boomsma_3CS","cfa",100,77,"native","lambda0.25",373266307,,"","",,"","[LineSearchFailed] after 137 iters  f=0.0962051: nlopt Limit",,,FALSE,0.032704099,0.032704099,"d+ lp- dl+ ll- w+"
"layered_lbfgs","boomsma","test","boomsma_3CS","cfa",100,77,"native","lambda1",373266307,,"","",,"","[LineSearchFailed] after 112 iters  f=0.0996338: nlopt Limit",,,FALSE,0.042044307,0.042044307,"d+ lp- dl+ ll- w+"
"layered_lbfgs","boomsma","test","boomsma_3CS","cfa",100,77,"x0.01","lambda1",373266307,,"","",,"","[LineSearchFailed] after 112 iters  f=0.0996338: nlopt Limit",,,FALSE,0.042044307,0.042044307,"d+ lp- dl- ll- w+"
"layered_lbfgs","boomsma","test","boomsma_3CS","cfa",100,77,"x100","lambda0.25",373266307,,"","",,"","[LineSearchFailed] after 137 iters  f=0.0962051: nlopt Limit",,,FALSE,0.032704099,0.032704099,"d+ lp- dl+ ll- w+"
"layered_lbfgs","boomsma","test","boomsma_3CS","cfa",100,77,"x100","lambda1",373266307,,"","",,"","[LineSearchFailed] after 112 iters  f=0.0996338: nlopt Limit",,,FALSE,0.042044307,0.042044307,"d+ lp- dl+ ll- w+"
"layered_lbfgs","boomsma","test","boomsma_3CS","cfa",100,86,"native","lambda0.25",373266437,,"","",,"","[LineSearchFailed] after 108 iters  f=0.12241: nlopt Limited",,,FALSE,0.043078267,0.043078267,"d+ lp- dl+ ll- w+"
"layered_lbfgs","boomsma","test","boomsma_3CS","cfa",100,86,"native","lambda1",373266437,,"","",,"","[LineSearchFailed] after 111 iters  f=0.132124: nlopt Limite",,,FALSE,0.054188529,0.054188529,"d+ lp- dl+ ll- w+"
"layered_lbfgs","boomsma","test","boomsma_3CS","cfa",100,86,"x0.01","lambda0.25",373266437,,"","",,"","[LineSearchFailed] after 99 iters  f=0.122385: nlopt Limited",,,FALSE,0.043078267,0.043078267,"d+ lp- dl- ll- w+"
"layered_lbfgs","boomsma","test","boomsma_3CS","cfa",100,86,"x100","lambda0.25",373266437,,"","",,"","[LineSearchFailed] after 174 iters  f=0.122419: nlopt Limite",,,FALSE,0.043078267,0.043078267,"d+ lp- dl+ ll- w+"
"layered_lbfgs","boomsma","test","boomsma_3CS","cfa",100,86,"x100","lambda1",373266437,,"","",,"","[LineSearchFailed] after 111 iters  f=0.132124: nlopt Limite",,,FALSE,0.054188529,0.054188529,"d+ lp- dl+ ll- w+"
"layered_lbfgs","boomsma","test","boomsma_3CS","cfa",100,88,"native","lambda0.25",373266439,,"","",,"","[LineSearchFailed] after 86 iters  f=0.0793261: nlopt Limite",,,FALSE,0.029411585,0.029411585,"d+ lp- dl+ ll- w+"
"layered_lbfgs","boomsma","test","boomsma_3CS","cfa",100,88,"native","lambda1",373266439,,"","",,"","[LineSearchFailed] after 155 iters  f=0.0866677: nlopt Limit",,,FALSE,0.043358772,0.043358772,"d+ lp- dl+ ll- w+"
"layered_lbfgs","boomsma","test","boomsma_3CS","cfa",100,88,"x0.01","lambda1",373266439,,"","",,"","[LineSearchFailed] after 154 iters  f=0.0866678: nlopt Limit",,,FALSE,0.043358772,0.043358772,"d+ lp- dl- ll- w+"
"layered_lbfgs","boomsma","test","boomsma_3CS","cfa",100,88,"x100","lambda0.25",373266439,,"","",,"","[LineSearchFailed] after 86 iters  f=0.0793261: nlopt Limite",,,FALSE,0.029411585,0.029411585,"d+ lp- dl+ ll- w+"
"layered_lbfgs","boomsma","test","boomsma_3CS","cfa",100,88,"x100","lambda1",373266439,,"","",,"","[LineSearchFailed] after 152 iters  f=0.0866677: nlopt Limit",,,FALSE,0.043358772,0.043358772,"d+ lp- dl+ ll- w+"
"layered_lbfgs","boomsma","test","boomsma_3CS","cfa",100,9,"native","lambda0.25",1052001670,,"","",,"","[LineSearchFailed] after 615 iters  f=0.134261: nlopt Limite",,,FALSE,0.056127186,0.056127186,"d+ lp- dl+ ll- w+"
"layered_lbfgs","boomsma","test","boomsma_3CS","cfa",100,9,"native","lambda1",1052001670,,"","",,"","[LineSearchFailed] after 117 iters  f=0.185919: nlopt Limite",,,FALSE,0.074032958,0.074032958,"d+ lp- dl+ ll- w+"
"layered_lbfgs","boomsma","test","boomsma_3CS","cfa",100,9,"x0.01","lambda0.25",1052001670,,"","",,"","[LineSearchFailed] after 279 iters  f=0.135392: nlopt Limite",,,FALSE,0.056127186,0.056127186,"d+ lp- dl- ll- w+"
"layered_lbfgs","boomsma","test","boomsma_3CS","cfa",100,9,"x100","lambda0.25",1052001670,,"","",,"","[LineSearchFailed] after 784 iters  f=0.13434: nlopt Limited",,,FALSE,0.056127186,0.056127186,"d+ lp- dl+ ll- w+"
"layered_lbfgs","boomsma","test","boomsma_3CS","cfa",100,9,"x100","lambda1",1052001670,,"","",,"","[LineSearchFailed] after 117 iters  f=0.185919: nlopt Limite",,,FALSE,0.074032958,0.074032958,"d+ lp- dl+ ll- w+"
"layered_lbfgs","boomsma","test","boomsma_3CS","cfa",25,10,"native","lambda1",1359036448,,"","",,"","[LineSearchFailed] after 74 iters  f=0.34416: nlopt Limited-",,,FALSE,0.237377,0.237377,"d+ lp- dl+ ll- w+"
"layered_lbfgs","boomsma","test","boomsma_3CS","cfa",25,10,"x0.01","lambda1",1359036448,,"","",,"","[LineSearchFailed] after 74 iters  f=0.344155: nlopt Limited",,,FALSE,0.237377,0.237377,"d+ lp- dl+ ll- w+"
"layered_lbfgs","boomsma","test","boomsma_3CS","cfa",25,10,"x100","lambda1",1359036448,,"","",,"","[LineSearchFailed] after 74 iters  f=0.344161: nlopt Limited",,,FALSE,0.237377,0.237377,"d+ lp- dl+ ll- w+"
"layered_lbfgs","boomsma","test","boomsma_3CS","cfa",25,100,"native","lambda0.25",1940117158,,"","",,"","[LineSearchFailed] after 139 iters  f=0.211808: nlopt Limite",,,FALSE,0.14900287,0.14900287,"d+ lp- dl+ ll- w+"
"layered_lbfgs","boomsma","test","boomsma_3CS","cfa",25,100,"native","lambda1",1940117158,,"","",,"","[LineSearchFailed] after 83 iters  f=0.236292: nlopt Limited",,,FALSE,0.20147739,0.20147739,"d+ lp- dl+ ll- w+"
"layered_lbfgs","boomsma","test","boomsma_3CS","cfa",25,100,"x0.01","lambda1",1940117158,,"","",,"","[LineSearchFailed] after 83 iters  f=0.236292: nlopt Limited",,,FALSE,0.20147739,0.20147739,"d+ lp- dl+ ll- w+"
"layered_lbfgs","boomsma","test","boomsma_3CS","cfa",25,100,"x100","lambda0.25",1940117158,,"","",,"","[LineSearchFailed] after 118 iters  f=0.211771: nlopt Limite",,,FALSE,0.14900287,0.14900287,"d+ lp- dl+ ll- w+"
"layered_lbfgs","boomsma","test","boomsma_3CS","cfa",25,100,"x100","lambda1",1940117158,,"","",,"","[LineSearchFailed] after 83 iters  f=0.236292: nlopt Limited",,,FALSE,0.20147739,0.20147739,"d+ lp- dl+ ll- w+"
"layered_lbfgs","boomsma","test","boomsma_3CS","cfa",25,21,"native","lambda0.25",1359036580,,"","",,"","[LineSearchFailed] after 124 iters  f=0.392607: nlopt Limite",,,FALSE,0.26553913,0.26553913,"d+ lp- dl+ ll- w+"
"layered_lbfgs","boomsma","test","boomsma_3CS","cfa",25,21,"native","lambda1",1359036580,,"","",,"","[LineSearchFailed] after 117 iters  f=0.411145: nlopt Limite",,,FALSE,0.32886019,0.32886019,"d+ lp- dl+ ll- w+"
"layered_lbfgs","boomsma","test","boomsma_3CS","cfa",25,21,"x0.01","lambda1",1359036580,,"","",,"","[LineSearchFailed] after 117 iters  f=0.411145: nlopt Limite",,,FALSE,0.32886019,0.32886019,"d+ lp- dl- ll- w+"
"layered_lbfgs","boomsma","test","boomsma_3CS","cfa",25,21,"x100","lambda0.25",1359036580,,"","",,"","[LineSearchFailed] after 119 iters  f=0.392607: nlopt Limite",,,FALSE,0.26553913,0.26553913,"d+ lp- dl+ ll- w+"
"layered_lbfgs","boomsma","test","boomsma_3CS","cfa",25,21,"x100","lambda1",1359036580,,"","",,"","[LineSearchFailed] after 117 iters  f=0.411145: nlopt Limite",,,FALSE,0.32886019,0.32886019,"d+ lp- dl+ ll- w+"
"layered_lbfgs","boomsma","test","boomsma_3CS","cfa",25,22,"native","lambda0.25",1359036581,,"","",,"","[LineSearchFailed] after 239 iters  f=0.41615: nlopt Limited",,,FALSE,0.33325743,0.33325743,"d+ lp- dl+ ll- w+"
"layered_lbfgs","boomsma","test","boomsma_3CS","cfa",25,22,"native","lambda1",1359036581,,"","",,"","[LineSearchFailed] after 155 iters  f=0.798656: nlopt Limite",,,FALSE,0.45352932,0.45352932,"d+ lp- dl+ ll- w+"
"layered_lbfgs","boomsma","test","boomsma_3CS","cfa",25,22,"x0.01","lambda1",1359036581,,"","",,"","[LineSearchFailed] after 155 iters  f=0.798656: nlopt Limite",,,FALSE,0.45352932,0.45352932,"d+ lp- dl+ ll- w+"
"layered_lbfgs","boomsma","test","boomsma_3CS","cfa",25,22,"x100","lambda0.25",1359036581,,"","",,"","[LineSearchFailed] after 574 iters  f=0.395651: nlopt Limite",,,FALSE,0.33325743,0.33325743,"d+ lp- dl+ ll- w+"
"layered_lbfgs","boomsma","test","boomsma_3CS","cfa",25,22,"x100","lambda1",1359036581,,"","",,"","[LineSearchFailed] after 155 iters  f=0.798656: nlopt Limite",,,FALSE,0.45352932,0.45352932,"d+ lp- dl+ ll- w+"
"layered_lbfgs","boomsma","test","boomsma_3CS","cfa",25,24,"native","lambda0.25",1359036583,,"","",,"","[LineSearchFailed] after 69 iters  f=0.504756: nlopt Limited",,,FALSE,0.39453658,0.39453658,"d+ lp- dl+ ll- w+"
"layered_lbfgs","boomsma","test","boomsma_3CS","cfa",25,24,"native","lambda1",1359036583,,"","",,"","[LineSearchFailed] after 196 iters  f=0.562013: nlopt Limite",,,FALSE,0.48205671,0.48205671,"d+ lp- dl+ ll- w+"
"layered_lbfgs","boomsma","test","boomsma_3CS","cfa",25,24,"x0.01","lambda1",1359036583,,"","",,"","[LineSearchFailed] after 189 iters  f=0.562013: nlopt Limite",,,FALSE,0.48635002,0.48205671,"d+ lp- dl+ ll- w+"
"layered_lbfgs","boomsma","test","boomsma_3CS","cfa",25,24,"x100","lambda0.25",1359036583,,"","",,"","[LineSearchFailed] after 69 iters  f=0.504756: nlopt Limited",,,FALSE,0.39453658,0.39453658,"d+ lp- dl+ ll- w+"
"layered_lbfgs","boomsma","test","boomsma_3CS","cfa",25,24,"x100","lambda1",1359036583,,"","",,"","[LineSearchFailed] after 149 iters  f=0.562013: nlopt Limite",,,FALSE,0.48635002,0.48205671,"d+ lp- dl+ ll- w+"
"layered_lbfgs","boomsma","test","boomsma_3CS","cfa",25,26,"mixed","lambda0.25",1359036585,,"","",,"","[LineSearchFailed] after 173 iters  f=0.143644: nlopt Limite",,,FALSE,0.11711312,0.09854772,"d+ lp- dl- ll- w+"
"layered_lbfgs","boomsma","test","boomsma_3CS","cfa",25,26,"mixed","lambda1",1359036585,,"","",,"","[LineSearchFailed] after 108 iters  f=0.167801: nlopt Limite",,,FALSE,0.1569418,0.1390269,"d+ lp- dl+ ll- w+"
"layered_lbfgs","boomsma","test","boomsma_3CS","cfa",25,26,"native","lambda0.25",1359036585,,"","",,"","[LineSearchFailed] after 183 iters  f=0.143644: nlopt Limite",,,FALSE,0.11711312,0.09854772,"d+ lp- dl+ ll- w+"
"layered_lbfgs","boomsma","test","boomsma_3CS","cfa",25,26,"native","lambda1",1359036585,,"","",,"","[LineSearchFailed] after 108 iters  f=0.167801: nlopt Limite",,,FALSE,0.1569418,0.1390269,"d+ lp- dl+ ll- w+"
"layered_lbfgs","boomsma","test","boomsma_3CS","cfa",25,26,"x0.01","lambda0.25",1359036585,,"","",,"","[LineSearchFailed] after 109 iters  f=0.143656: nlopt Limite",,,FALSE,0.11711312,0.09854772,"d+ lp- dl+ ll- w+"
"layered_lbfgs","boomsma","test","boomsma_3CS","cfa",25,26,"x0.01","lambda1",1359036585,,"","",,"","[LineSearchFailed] after 108 iters  f=0.167801: nlopt Limite",,,FALSE,0.1569418,0.1390269,"d+ lp- dl- ll- w+"
"layered_lbfgs","boomsma","test","boomsma_3CS","cfa",25,26,"x100","lambda0.25",1359036585,,"","",,"","[LineSearchFailed] after 222 iters  f=0.143644: nlopt Limite",,,FALSE,0.11711312,0.09854772,"d+ lp- dl+ ll- w+"
"layered_lbfgs","boomsma","test","boomsma_3CS","cfa",25,26,"x100","lambda1",1359036585,,"","",,"","[LineSearchFailed] after 108 iters  f=0.167801: nlopt Limite",,,FALSE,0.1390269,0.1390269,"d+ lp- dl+ ll- w+"
"layered_lbfgs","boomsma","test","boomsma_3CS","cfa",25,28,"native","lambda0.25",1359036587,,"","",,"","[LineSearchFailed] after 80 iters  f=0.381338: nlopt Limited",,,FALSE,0.25278546,0.25278546,"d+ lp- dl+ ll- w+"
"layered_lbfgs","boomsma","test","boomsma_3CS","cfa",25,28,"native","lambda1",1359036587,,"","",,"","[LineSearchFailed] after 120 iters  f=0.416626: nlopt Limite",,,FALSE,0.32422424,0.32422424,"d+ lp- dl+ ll- w+"
"layered_lbfgs","boomsma","test","boomsma_3CS","cfa",25,28,"x100","lambda0.25",1359036587,,"","",,"","[LineSearchFailed] after 80 iters  f=0.381338: nlopt Limited",,,FALSE,0.25278546,0.25278546,"d+ lp- dl+ ll- w+"
"layered_lbfgs","boomsma","test","boomsma_3CS","cfa",25,28,"x100","lambda1",1359036587,,"","",,"","[LineSearchFailed] after 120 iters  f=0.416626: nlopt Limite",,,FALSE,0.32422424,0.32422424,"d+ lp- dl+ ll- w+"
"layered_lbfgs","boomsma","test","boomsma_3CS","cfa",25,3,"mixed","lambda0.25",1469351753,,"","",,"","[LineSearchFailed] after 181 iters  f=0.534193: nlopt Limite",,,FALSE,0.31175419,0.31175419,"d+ lp- dl- ll- w+"
"layered_lbfgs","boomsma","test","boomsma_3CS","cfa",25,3,"native","lambda0.25",1469351753,,"","",,"","[LineSearchFailed] after 145 iters  f=0.5342: nlopt Limited-",,,FALSE,0.31175419,0.31175419,"d+ lp- dl+ ll- w+"
"layered_lbfgs","boomsma","test","boomsma_3CS","cfa",25,3,"native","lambda1",1469351753,,"","",,"","[LineSearchFailed] after 112 iters  f=0.571871: nlopt Limite",,,FALSE,0.40836845,0.40836845,"d+ lp- dl+ ll- w+"
"layered_lbfgs","boomsma","test","boomsma_3CS","cfa",25,3,"x100","lambda0.25",1469351753,,"","",,"","[LineSearchFailed] after 182 iters  f=0.534193: nlopt Limite",,,FALSE,0.31175419,0.31175419,"d+ lp- dl+ ll- w+"
"layered_lbfgs","boomsma","test","boomsma_3CS","cfa",25,3,"x100","lambda1",1469351753,,"","",,"","[LineSearchFailed] after 112 iters  f=0.571871: nlopt Limite",,,FALSE,0.40836845,0.40836845,"d+ lp- dl+ ll- w+"
"layered_lbfgs","boomsma","test","boomsma_3CS","cfa",25,33,"native","lambda0.25",1359036713,,"","",,"","[LineSearchFailed] after 74 iters  f=0.194056: nlopt Limited",,,FALSE,0.16993998,0.16993998,"d+ lp- dl+ ll- w+"
"layered_lbfgs","boomsma","test","boomsma_3CS","cfa",25,33,"native","lambda1",1359036713,,"","",,"","[LineSearchFailed] after 55 iters  f=0.232974: nlopt Limited",,,FALSE,0.21090174,0.21090174,"d+ lp- dl+ ll- w+"
"layered_lbfgs","boomsma","test","boomsma_3CS","cfa",25,33,"x0.01","lambda1",1359036713,,"","",,"","[LineSearchFailed] after 55 iters  f=0.232974: nlopt Limited",,,FALSE,0.21090174,0.21090174,"d+ lp- dl- ll- w+"
"layered_lbfgs","boomsma","test","boomsma_3CS","cfa",25,33,"x100","lambda0.25",1359036713,,"","",,"","[LineSearchFailed] after 74 iters  f=0.194057: nlopt Limited",,,FALSE,0.16993998,0.16993998,"d+ lp- dl+ ll- w+"
"layered_lbfgs","boomsma","test","boomsma_3CS","cfa",25,33,"x100","lambda1",1359036713,,"","",,"","[LineSearchFailed] after 55 iters  f=0.232974: nlopt Limited",,,FALSE,0.21090174,0.21090174,"d+ lp- dl+ ll- w+"
"layered_lbfgs","boomsma","test","boomsma_3CS","cfa",25,36,"mixed","lambda0.25",1359036716,0.48727784,"available","converged",1872,"layered","",1,56.816377,FALSE,0.48708658,0.47350614,"d+ lp- dl- ll- w+"
"layered_lbfgs","boomsma","test","boomsma_3CS","cfa",25,36,"mixed","lambda1",1359036716,,"","",,"","[LineSearchFailed] after 159 iters  f=0.736821: nlopt Limite",,,FALSE,0.54533457,0.54533457,"d+ lp- dl+ ll- w+"
"layered_lbfgs","boomsma","test","boomsma_3CS","cfa",25,36,"native","lambda0.25",1359036716,0.48730382,"available","converged",1355,"layered","",1,49.734282,FALSE,0.47243947,0.47243947,"d+ lp- dl+ ll- w+"
"layered_lbfgs","boomsma","test","boomsma_3CS","cfa",25,36,"native","lambda1",1359036716,,"","",,"","[LineSearchFailed] after 159 iters  f=0.736821: nlopt Limite",,,FALSE,0.54533457,0.54533457,"d+ lp- dl+ ll- w+"
"layered_lbfgs","boomsma","test","boomsma_3CS","cfa",25,36,"x0.01","lambda1",1359036716,,"","",,"","[LineSearchFailed] after 159 iters  f=0.736821: nlopt Limite",,,FALSE,0.54533457,0.54533457,"d+ lp- dl+ ll- w+"
"layered_lbfgs","boomsma","test","boomsma_3CS","cfa",25,36,"x100","lambda0.25",1359036716,0.48732771,"available","converged",1125,"layered","",1,44.706992,FALSE,0.47243947,0.47243947,"d+ lp- dl+ ll- w+"
"layered_lbfgs","boomsma","test","boomsma_3CS","cfa",25,36,"x100","lambda1",1359036716,,"","",,"","[LineSearchFailed] after 159 iters  f=0.736821: nlopt Limite",,,FALSE,0.54533457,0.54533457,"d+ lp- dl+ ll- w+"
"layered_lbfgs","boomsma","test","boomsma_3CS","cfa",25,4,"mixed","lambda1",1469351754,,"","",,"","[LineSearchFailed] after 142 iters  f=0.442196: nlopt Limite",,,FALSE,0.37398283,0.37398283,"d+ lp+ dl+ ll- w+"
"layered_lbfgs","boomsma","test","boomsma_3CS","cfa",25,4,"native","lambda0.25",1469351754,,"","",,"","[LineSearchFailed] after 110 iters  f=0.425716: nlopt Limite",,,FALSE,0.30979929,0.30979929,"d+ lp+ dl+ ll- w+"
"layered_lbfgs","boomsma","test","boomsma_3CS","cfa",25,4,"native","lambda1",1469351754,,"","",,"","[LineSearchFailed] after 142 iters  f=0.442196: nlopt Limite",,,FALSE,0.37398283,0.37398283,"d+ lp+ dl+ ll- w+"
"layered_lbfgs","boomsma","test","boomsma_3CS","cfa",25,4,"x0.01","lambda0.25",1469351754,,"","",,"","[LineSearchFailed] after 158 iters  f=0.425688: nlopt Limite",,,FALSE,0.30979929,0.30979929,"d+ lp+ dl- ll- w+"
"layered_lbfgs","boomsma","test","boomsma_3CS","cfa",25,4,"x0.01","lambda1",1469351754,,"","",,"","[LineSearchFailed] after 142 iters  f=0.442196: nlopt Limite",,,FALSE,0.37398283,0.37398283,"d+ lp+ dl- ll- w+"
"layered_lbfgs","boomsma","test","boomsma_3CS","cfa",25,4,"x100","lambda0.25",1469351754,,"","",,"","[LineSearchFailed] after 180 iters  f=0.425708: nlopt Limite",,,FALSE,0.30979929,0.30979929,"d+ lp+ dl+ ll- w+"
"layered_lbfgs","boomsma","test","boomsma_3CS","cfa",25,4,"x100","lambda1",1469351754,,"","",,"","[LineSearchFailed] after 142 iters  f=0.442196: nlopt Limite",,,FALSE,0.37398283,0.37398283,"d+ lp+ dl+ ll- w+"
"layered_lbfgs","boomsma","test","boomsma_3CS","cfa",25,44,"native","lambda0.25",1359036845,0.3619737,"available","converged",1758,"layered","",1,108.96346,FALSE,0.34406969,0.34406969,"d+ lp- dl+ ll- w+"
"layered_lbfgs","boomsma","test","boomsma_3CS","cfa",25,44,"native","lambda1",1359036845,,"","",,"","[LineSearchFailed] after 2496 iters  f=0.451421: nlopt Limit",,,FALSE,0.43764916,0.43764916,"d+ lp- dl+ ll- w+"
"layered_lbfgs","boomsma","test","boomsma_3CS","cfa",25,44,"x0.01","lambda1",1359036845,,"","",,"","[LineSearchFailed] after 286 iters  f=0.452465: nlopt Limite",,,FALSE,0.43764916,0.43764916,"d+ lp- dl- ll- w+"
"layered_lbfgs","boomsma","test","boomsma_3CS","cfa",25,44,"x100","lambda0.25",1359036845,0.36205418,"available","converged",1265,"layered","",1,103.84869,FALSE,0.34406969,0.34406969,"d+ lp- dl+ ll- w+"
"layered_lbfgs","boomsma","test","boomsma_3CS","cfa",25,44,"x100","lambda1",1359036845,,"","",,"","[LineSearchFailed] after 1339 iters  f=0.451659: nlopt Limit",,,FALSE,0.43764916,0.43764916,"d+ lp- dl+ ll- w+"
"layered_lbfgs","boomsma","test","boomsma_3CS","cfa",25,47,"mixed","lambda0.25",1359036848,,"","",,"","[LineSearchFailed] after 83 iters  f=0.39168: nlopt Limited-",,,FALSE,0.33719576,0.28475717,"d+ lp- dl+ ll- w+"
"layered_lbfgs","boomsma","test","boomsma_3CS","cfa",25,47,"mixed","lambda1",1359036848,,"","",,"","[LineSearchFailed] after 90 iters  f=0.422307: nlopt Limited",,,FALSE,0.34368564,0.34368564,"d+ lp- dl- ll- w+"
"layered_lbfgs","boomsma","test","boomsma_3CS","cfa",25,47,"native","lambda0.25",1359036848,,"","",,"","[LineSearchFailed] after 83 iters  f=0.39168: nlopt Limited-",,,FALSE,0.28475717,0.28475717,"d+ lp- dl+ ll- w+"
"layered_lbfgs","boomsma","test","boomsma_3CS","cfa",25,47,"native","lambda1",1359036848,,"","",,"","[LineSearchFailed] after 90 iters  f=0.422307: nlopt Limited",,,FALSE,0.34368564,0.34368564,"d+ lp- dl+ ll- w+"
"layered_lbfgs","boomsma","test","boomsma_3CS","cfa",25,47,"x0.01","lambda0.25",1359036848,,"","",,"","[LineSearchFailed] after 83 iters  f=0.39168: nlopt Limited-",,,FALSE,0.33719576,0.28475717,"d+ lp- dl- ll- w+"
"layered_lbfgs","boomsma","test","boomsma_3CS","cfa",25,47,"x0.01","lambda1",1359036848,,"","",,"","[LineSearchFailed] after 90 iters  f=0.422307: nlopt Limited",,,FALSE,0.34368564,0.34368564,"d+ lp- dl- ll- w+"
"layered_lbfgs","boomsma","test","boomsma_3CS","cfa",25,47,"x100","lambda0.25",1359036848,,"","",,"","[LineSearchFailed] after 83 iters  f=0.39168: nlopt Limited-",,,FALSE,0.28475717,0.28475717,"d+ lp- dl+ ll- w+"
"layered_lbfgs","boomsma","test","boomsma_3CS","cfa",25,47,"x100","lambda1",1359036848,,"","",,"","[LineSearchFailed] after 90 iters  f=0.422307: nlopt Limited",,,FALSE,0.34368564,0.34368564,"d+ lp- dl+ ll- w+"
"layered_lbfgs","boomsma","test","boomsma_3CS","cfa",25,48,"native","lambda0.25",1359036849,,"","",,"","[LineSearchFailed] after 144 iters  f=0.302288: nlopt Limite",,,FALSE,0.17348221,0.17348221,"d+ lp- dl+ ll- w+"
"layered_lbfgs","boomsma","test","boomsma_3CS","cfa",25,48,"native","lambda1",1359036849,,"","",,"","[LineSearchFailed] after 81 iters  f=0.3432: nlopt Limited-m",,,FALSE,0.23546845,0.23546845,"d+ lp- dl+ ll- w+"
"layered_lbfgs","boomsma","test","boomsma_3CS","cfa",25,48,"x0.01","lambda0.25",1359036849,,"","",,"","[LineSearchFailed] after 144 iters  f=0.302288: nlopt Limite",,,FALSE,0.17348221,0.17348221,"d+ lp- dl+ ll- w+"
"layered_lbfgs","boomsma","test","boomsma_3CS","cfa",25,48,"x0.01","lambda1",1359036849,,"","",,"","[LineSearchFailed] after 81 iters  f=0.343203: nlopt Limited",,,FALSE,0.23546845,0.23546845,"d+ lp- dl+ ll- w+"
"layered_lbfgs","boomsma","test","boomsma_3CS","cfa",25,48,"x100","lambda0.25",1359036849,,"","",,"","[LineSearchFailed] after 144 iters  f=0.302288: nlopt Limite",,,FALSE,0.17348221,0.17348221,"d+ lp- dl+ ll- w+"
"layered_lbfgs","boomsma","test","boomsma_3CS","cfa",25,48,"x100","lambda1",1359036849,,"","",,"","[LineSearchFailed] after 81 iters  f=0.343203: nlopt Limited",,,FALSE,0.23546845,0.23546845,"d+ lp- dl+ ll- w+"
"layered_lbfgs","boomsma","test","boomsma_3CS","cfa",25,49,"mixed","lambda1",1359036850,,"","",,"","[LineSearchFailed] after 93 iters  f=0.423702: nlopt Limited",,,FALSE,0.39812439,0.39812439,"d+ lp+ dl+ ll- w+"
"layered_lbfgs","boomsma","test","boomsma_3CS","cfa",25,49,"native","lambda1",1359036850,,"","",,"","[LineSearchFailed] after 93 iters  f=0.423702: nlopt Limited",,,FALSE,0.39812439,0.39812439,"d+ lp+ dl+ ll- w+"
"layered_lbfgs","boomsma","test","boomsma_3CS","cfa",25,49,"x100","lambda1",1359036850,,"","",,"","[LineSearchFailed] after 93 iters  f=0.423702: nlopt Limited",,,FALSE,0.39812439,0.39812439,"d+ lp+ dl+ ll- w+"
"layered_lbfgs","boomsma","test","boomsma_3CS","cfa",25,5,"native","lambda0.25",1469351755,,"","",,"","[LineSearchFailed] after 78 iters  f=0.18115: nlopt Limited-",,,FALSE,0.07778688,0.07778688,"d+ lp- dl+ ll- w+"
"layered_lbfgs","boomsma","test","boomsma_3CS","cfa",25,5,"native","lambda1",1469351755,,"","",,"","[LineSearchFailed] after 74 iters  f=0.218328: nlopt Limited",,,FALSE,0.13858925,0.13858925,"d+ lp- dl+ ll- w+"
"layered_lbfgs","boomsma","test","boomsma_3CS","cfa",25,5,"x0.01","lambda0.25",1469351755,,"","",,"","[LineSearchFailed] after 78 iters  f=0.18115: nlopt Limited-",,,FALSE,0.07778688,0.07778688,"d+ lp- dl+ ll- w+"
"layered_lbfgs","boomsma","test","boomsma_3CS","cfa",25,5,"x0.01","lambda1",1469351755,,"","",,"","[LineSearchFailed] after 74 iters  f=0.218328: nlopt Limited",,,FALSE,0.13858925,0.13858925,"d+ lp- dl+ ll- w+"
"layered_lbfgs","boomsma","test","boomsma_3CS","cfa",25,5,"x100","lambda0.25",1469351755,,"","",,"","[LineSearchFailed] after 78 iters  f=0.18115: nlopt Limited-",,,FALSE,0.07778688,0.07778688,"d+ lp- dl+ ll- w+"
"layered_lbfgs","boomsma","test","boomsma_3CS","cfa",25,5,"x100","lambda1",1469351755,,"","",,"","[LineSearchFailed] after 74 iters  f=0.218328: nlopt Limited",,,FALSE,0.13858925,0.13858925,"d+ lp- dl+ ll- w+"
"layered_lbfgs","boomsma","test","boomsma_3CS","cfa",25,50,"native","lambda0.25",1359036972,,"","",,"","[LineSearchFailed] after 100 iters  f=0.134783: nlopt Limite",,,FALSE,0.077408128,0.077408128,"d+ lp- dl+ ll- w-"
"layered_lbfgs","boomsma","test","boomsma_3CS","cfa",25,50,"native","lambda1",1359036972,,"","",,"","[LineSearchFailed] after 115 iters  f=0.142206: nlopt Limite",,,FALSE,0.10767949,0.10767949,"d+ lp- dl+ ll- w-"
"layered_lbfgs","boomsma","test","boomsma_3CS","cfa",25,50,"x100","lambda0.25",1359036972,,"","",,"","[LineSearchFailed] after 100 iters  f=0.134783: nlopt Limite",,,FALSE,0.077408128,0.077408128,"d+ lp- dl+ ll- w-"
"layered_lbfgs","boomsma","test","boomsma_3CS","cfa",25,50,"x100","lambda1",1359036972,,"","",,"","[LineSearchFailed] after 123 iters  f=0.142206: nlopt Limite",,,FALSE,0.10767949,0.10767949,"d+ lp- dl- ll- w-"
"layered_lbfgs","boomsma","test","boomsma_3CS","cfa",25,51,"native","lambda0.25",1359036973,,"","",,"","[LineSearchFailed] after 145 iters  f=0.367853: nlopt Limite",,,FALSE,0.19995766,0.19995766,"d+ lp- dl+ ll- w+"
"layered_lbfgs","boomsma","test","boomsma_3CS","cfa",25,51,"native","lambda1",1359036973,,"","",,"","[LineSearchFailed] after 201 iters  f=0.414113: nlopt Limite",,,FALSE,0.28045998,0.28045998,"d+ lp- dl+ ll- w+"
"layered_lbfgs","boomsma","test","boomsma_3CS","cfa",25,51,"x0.01","lambda0.25",1359036973,,"","",,"","[LineSearchFailed] after 145 iters  f=0.367853: nlopt Limite",,,FALSE,0.19995766,0.19995766,"d+ lp- dl+ ll- w+"
"layered_lbfgs","boomsma","test","boomsma_3CS","cfa",25,51,"x0.01","lambda1",1359036973,,"","",,"","[LineSearchFailed] after 196 iters  f=0.414113: nlopt Limite",,,FALSE,0.28045998,0.28045998,"d+ lp- dl+ ll- w+"
"layered_lbfgs","boomsma","test","boomsma_3CS","cfa",25,51,"x100","lambda0.25",1359036973,,"","",,"","[LineSearchFailed] after 145 iters  f=0.367853: nlopt Limite",,,FALSE,0.19995766,0.19995766,"d+ lp- dl+ ll- w+"
"layered_lbfgs","boomsma","test","boomsma_3CS","cfa",25,51,"x100","lambda1",1359036973,,"","",,"","[LineSearchFailed] after 194 iters  f=0.414113: nlopt Limite",,,FALSE,0.28045998,0.28045998,"d+ lp- dl+ ll- w+"
"layered_lbfgs","boomsma","test","boomsma_3CS","cfa",25,54,"native","lambda0.25",1359036976,,"","",,"","[LineSearchFailed] after 77 iters  f=0.361071: nlopt Limited",,,FALSE,0.27036768,0.27036768,"d+ lp- dl+ ll- w+"
"layered_lbfgs","boomsma","test","boomsma_3CS","cfa",25,54,"native","lambda1",1359036976,,"","",,"","[LineSearchFailed] after 89 iters  f=0.400984: nlopt Limited",,,FALSE,0.33924914,0.33924914,"d+ lp- dl+ ll- w+"
"layered_lbfgs","boomsma","test","boomsma_3CS","cfa",25,54,"x0.01","lambda1",1359036976,,"","",,"","[LineSearchFailed] after 89 iters  f=0.400984: nlopt Limited",,,FALSE,0.33924914,0.33924914,"d+ lp- dl+ ll- w+"
"layered_lbfgs","boomsma","test","boomsma_3CS","cfa",25,54,"x100","lambda0.25",1359036976,,"","",,"","[LineSearchFailed] after 77 iters  f=0.361071: nlopt Limited",,,FALSE,0.27036768,0.27036768,"d+ lp- dl+ ll- w+"
"layered_lbfgs","boomsma","test","boomsma_3CS","cfa",25,54,"x100","lambda1",1359036976,,"","",,"","[LineSearchFailed] after 89 iters  f=0.400984: nlopt Limited",,,FALSE,0.33924914,0.33924914,"d+ lp- dl+ ll- w+"
"layered_lbfgs","boomsma","test","boomsma_3CS","cfa",25,57,"mixed","lambda0.25",1359036979,0.1697878,"available","converged",1611,"layered","",1,102.43524,FALSE,0.19384976,0.15987387,"d+ lp- dl- ll- w+"
"layered_lbfgs","boomsma","test","boomsma_3CS","cfa",25,57,"mixed","lambda1",1359036979,,"","",,"","[LineSearchFailed] after 190 iters  f=0.268297: nlopt Limite",,,FALSE,0.24616805,0.21267592,"d+ lp- dl+ ll- w+"
"layered_lbfgs","boomsma","test","boomsma_3CS","cfa",25,57,"native","lambda0.25",1359036979,0.16990489,"available","converged",1381,"layered","",1,90.096716,FALSE,0.15987387,0.15987387,"d+ lp- dl+ ll- w+"
"layered_lbfgs","boomsma","test","boomsma_3CS","cfa",25,57,"native","lambda1",1359036979,,"","",,"","[LineSearchFailed] after 178 iters  f=0.268298: nlopt Limite",,,FALSE,0.21267592,0.21267592,"d+ lp- dl+ ll- w+"
"layered_lbfgs","boomsma","test","boomsma_3CS","cfa",25,57,"x0.01","lambda0.25",1359036979,0.16969094,"available","converged",2802,"layered","",1,116.37972,FALSE,0.19384976,0.15987387,"d+ lp- dl+ ll- w+"
"layered_lbfgs","boomsma","test","boomsma_3CS","cfa",25,57,"x0.01","lambda1",1359036979,,"","",,"","[LineSearchFailed] after 198 iters  f=0.268297: nlopt Limite",,,FALSE,0.24616805,0.21267592,"d+ lp- dl+ ll- w+"
"layered_lbfgs","boomsma","test","boomsma_3CS","cfa",25,57,"x100","lambda0.25",1359036979,0.16996824,"available","converged",1064,"layered","",1,84.645745,FALSE,0.15987387,0.15987387,"d+ lp- dl+ ll- w+"
"layered_lbfgs","boomsma","test","boomsma_3CS","cfa",25,57,"x100","lambda1",1359036979,,"","",,"","[LineSearchFailed] after 127 iters  f=0.268297: nlopt Limite",,,FALSE,0.21267592,0.21267592,"d+ lp- dl+ ll- w+"
"layered_lbfgs","boomsma","test","boomsma_3CS","cfa",25,58,"native","lambda0.25",1359036980,,"","",,"","[LineSearchFailed] after 557 iters  f=0.337236: nlopt Limite",,,FALSE,0.2723783,0.2723783,"d+ lp- dl+ ll- w+"
"layered_lbfgs","boomsma","test","boomsma_3CS","cfa",25,58,"native","lambda1",1359036980,,"","",,"","[LineSearchFailed] after 105 iters  f=0.50471: nlopt Limited",,,FALSE,0.34981095,0.34981095,"d+ lp- dl+ ll- w+"
"layered_lbfgs","boomsma","test","boomsma_3CS","cfa",25,58,"x0.01","lambda1",1359036980,,"","",,"","[LineSearchFailed] after 105 iters  f=0.50471: nlopt Limited",,,FALSE,0.34981095,0.34981095,"d+ lp- dl+ ll- w+"
"layered_lbfgs","boomsma","test","boomsma_3CS","cfa",25,58,"x100","lambda0.25",1359036980,,"","",,"","[LineSearchFailed] after 332 iters  f=0.337438: nlopt Limite",,,FALSE,0.2723783,0.2723783,"d+ lp- dl+ ll- w+"
"layered_lbfgs","boomsma","test","boomsma_3CS","cfa",25,58,"x100","lambda1",1359036980,,"","",,"","[LineSearchFailed] after 105 iters  f=0.50471: nlopt Limited",,,FALSE,0.34981095,0.34981095,"d+ lp- dl+ ll- w+"
"layered_lbfgs","boomsma","test","boomsma_3CS","cfa",25,59,"native","lambda0.25",1359036981,,"","",,"","[LineSearchFailed] after 76 iters  f=0.375688: nlopt Limited",,,FALSE,0.28096862,0.28096862,"d+ lp+ dl+ ll- w+"
"layered_lbfgs","boomsma","test","boomsma_3CS","cfa",25,59,"x0.01","lambda0.25",1359036981,,"","",,"","[LineSearchFailed] after 80 iters  f=0.375945: nlopt Limited",,,FALSE,0.28096862,0.28096862,"d+ lp+ dl+ ll- w+"
"layered_lbfgs","boomsma","test","boomsma_3CS","cfa",25,59,"x100","lambda0.25",1359036981,,"","",,"","[LineSearchFailed] after 173 iters  f=0.372205: nlopt Limite",,,FALSE,0.28096862,0.28096862,"d+ lp+ dl+ ll- w+"
"layered_lbfgs","boomsma","test","boomsma_3CS","cfa",25,64,"native","lambda0.25",1359037107,,"","",,"","[LineSearchFailed] after 155 iters  f=0.544404: nlopt Limite",,,FALSE,0.21673808,0.21673808,"d+ lp- dl+ ll- w+"
"layered_lbfgs","boomsma","test","boomsma_3CS","cfa",25,64,"native","lambda1",1359037107,,"","",,"","[LineSearchFailed] after 98 iters  f=0.572802: nlopt Limited",,,FALSE,0.30918851,0.30918851,"d+ lp- dl+ ll- w+"
"layered_lbfgs","boomsma","test","boomsma_3CS","cfa",25,64,"x0.01","lambda1",1359037107,,"","",,"","[LineSearchFailed] after 98 iters  f=0.572802: nlopt Limited",,,FALSE,0.30918851,0.30918851,"d+ lp- dl- ll- w+"
"layered_lbfgs","boomsma","test","boomsma_3CS","cfa",25,64,"x100","lambda0.25",1359037107,,"","",,"","[LineSearchFailed] after 142 iters  f=0.5444: nlopt Limited-",,,FALSE,0.21673808,0.21673808,"d+ lp- dl+ ll- w+"
"layered_lbfgs","boomsma","test","boomsma_3CS","cfa",25,64,"x100","lambda1",1359037107,,"","",,"","[LineSearchFailed] after 98 iters  f=0.572802: nlopt Limited",,,FALSE,0.30918851,0.30918851,"d+ lp- dl+ ll- w+"
"layered_lbfgs","boomsma","test","boomsma_3CS","cfa",25,66,"x0.01","lambda0.25",1359037109,,"","",,"","[LineSearchFailed] after 110 iters  f=0.347552: nlopt Limite",,,FALSE,0.10634491,0.10634491,"d+ lp- dl+ ll- w-"
"layered_lbfgs","boomsma","test","boomsma_3CS","cfa",25,67,"native","lambda1",1359037110,,"","",,"","[LineSearchFailed] after 168 iters  f=0.404173: nlopt Limite",,,FALSE,0.26157201,0.26157201,"d+ lp- dl+ ll- w+"
"layered_lbfgs","boomsma","test","boomsma_3CS","cfa",25,67,"x0.01","lambda1",1359037110,,"","",,"","[LineSearchFailed] after 147 iters  f=0.406334: nlopt Limite",,,FALSE,0.26157201,0.26157201,"d+ lp- dl+ ll- w+"
"layered_lbfgs","boomsma","test","boomsma_3CS","cfa",25,67,"x100","lambda1",1359037110,,"","",,"","[LineSearchFailed] after 158 iters  f=0.406334: nlopt Limite",,,FALSE,0.26157201,0.26157201,"d+ lp- dl+ ll- w+"
"layered_lbfgs","boomsma","test","boomsma_3CS","cfa",25,69,"mixed","lambda0.25",1359037112,,"","",,"","[LineSearchFailed] after 95 iters  f=0.325086: nlopt Limited",,,FALSE,0.180028,0.180028,"d+ lp- dl- ll- w+"
"layered_lbfgs","boomsma","test","boomsma_3CS","cfa",25,69,"mixed","lambda1",1359037112,,"","",,"","[LineSearchFailed] after 111 iters  f=0.349862: nlopt Limite",,,FALSE,0.24235698,0.24235698,"d+ lp- dl+ ll- w+"
"layered_lbfgs","boomsma","test","boomsma_3CS","cfa",25,69,"native","lambda0.25",1359037112,,"","",,"","[LineSearchFailed] after 95 iters  f=0.325086: nlopt Limited",,,FALSE,0.180028,0.180028,"d+ lp- dl+ ll- w+"
"layered_lbfgs","boomsma","test","boomsma_3CS","cfa",25,69,"native","lambda1",1359037112,,"","",,"","[LineSearchFailed] after 111 iters  f=0.349862: nlopt Limite",,,FALSE,0.24235698,0.24235698,"d+ lp- dl+ ll- w+"
"layered_lbfgs","boomsma","test","boomsma_3CS","cfa",25,69,"x0.01","lambda0.25",1359037112,,"","",,"","[LineSearchFailed] after 95 iters  f=0.325086: nlopt Limited",,,FALSE,0.180028,0.180028,"d+ lp- dl- ll- w+"
"layered_lbfgs","boomsma","test","boomsma_3CS","cfa",25,69,"x0.01","lambda1",1359037112,,"","",,"","[LineSearchFailed] after 111 iters  f=0.349862: nlopt Limite",,,FALSE,0.24235698,0.24235698,"d+ lp- dl- ll- w+"
"layered_lbfgs","boomsma","test","boomsma_3CS","cfa",25,69,"x100","lambda0.25",1359037112,,"","",,"","[LineSearchFailed] after 95 iters  f=0.325086: nlopt Limited",,,FALSE,0.180028,0.180028,"d+ lp- dl+ ll- w+"
"layered_lbfgs","boomsma","test","boomsma_3CS","cfa",25,69,"x100","lambda1",1359037112,,"","",,"","[LineSearchFailed] after 111 iters  f=0.349862: nlopt Limite",,,FALSE,0.24235698,0.24235698,"d+ lp- dl+ ll- w+"
"layered_lbfgs","boomsma","test","boomsma_3CS","cfa",25,72,"mixed","lambda0.25",1359037236,0.18753837,"available","converged",887,"layered","",1,52.948565,FALSE,0.18203215,0.18203215,"d+ lp- dl+ ll- w+"
"layered_lbfgs","boomsma","test","boomsma_3CS","cfa",25,72,"native","lambda0.25",1359037236,0.18757883,"available","converged",772,"layered","",1,49.133351,FALSE,0.18203215,0.18203215,"d+ lp- dl+ ll- w+"
"layered_lbfgs","boomsma","test","boomsma_3CS","cfa",25,72,"native","lambda1",1359037236,0.25308239,"available","converged",384,"layered","",1,41.734189,FALSE,0.24822066,0.24822066,"d+ lp- dl+ ll- w+"
"layered_lbfgs","boomsma","test","boomsma_3CS","cfa",25,72,"x100","lambda0.25",1359037236,0.18749178,"available","converged",1235,"layered","",1,57.777565,FALSE,0.18203215,0.18203215,"d+ lp- dl+ ll- w+"
"layered_lbfgs","boomsma","test","boomsma_3CS","cfa",25,72,"x100","lambda1",1359037236,0.25281427,"available","converged",1250,"layered","",1,63.110471,FALSE,0.24822066,0.24822066,"d+ lp- dl+ ll- w+"
"layered_lbfgs","boomsma","test","boomsma_3CS","cfa",25,75,"native","lambda0.25",1359037239,,"","",,"","[LineSearchFailed] after 144 iters  f=0.418147: nlopt Limite",,,FALSE,0.25765932,0.25765932,"d+ lp- dl+ ll- w+"
"layered_lbfgs","boomsma","test","boomsma_3CS","cfa",25,75,"native","lambda1",1359037239,,"","",,"","[LineSearchFailed] after 169 iters  f=0.455194: nlopt Limite",,,FALSE,0.33202669,0.33202669,"d+ lp- dl+ ll- w+"
"layered_lbfgs","boomsma","test","boomsma_3CS","cfa",25,75,"x0.01","lambda1",1359037239,,"","",,"","[LineSearchFailed] after 156 iters  f=0.455195: nlopt Limite",,,FALSE,0.33202669,0.33202669,"d+ lp- dl+ ll- w+"
"layered_lbfgs","boomsma","test","boomsma_3CS","cfa",25,75,"x100","lambda0.25",1359037239,,"","",,"","[LineSearchFailed] after 183 iters  f=0.418135: nlopt Limite",,,FALSE,0.25765932,0.25765932,"d+ lp- dl+ ll- w+"
"layered_lbfgs","boomsma","test","boomsma_3CS","cfa",25,75,"x100","lambda1",1359037239,,"","",,"","[LineSearchFailed] after 159 iters  f=0.455195: nlopt Limite",,,FALSE,0.33202669,0.33202669,"d+ lp- dl+ ll- w+"
"layered_lbfgs","boomsma","test","boomsma_3CS","cfa",25,8,"native","lambda1",1469351758,0.26172448,"nonpositive_curvature","converged",195,"layered","",1,2.7684288,FALSE,0.2042102,0.2042102,"d+ lp- dl- ll- w+"
"layered_lbfgs","boomsma","test","boomsma_3CS","cfa",25,8,"x0.01","lambda1",1469351758,0.26172451,"nonpositive_curvature","converged",237,"layered","",1,2.7630204,FALSE,0.2042102,0.2042102,"d+ lp- dl- ll- w+"
"layered_lbfgs","boomsma","test","boomsma_3CS","cfa",25,8,"x100","lambda1",1469351758,,"","",,"","[LineSearchFailed] after 151 iters  f=0.261727: nlopt Limite",,,FALSE,0.2042102,0.2042102,"d+ lp- dl+ ll- w+"
"layered_lbfgs","boomsma","test","boomsma_3CS","cfa",25,82,"native","lambda1",1359037367,,"","",,"","[LineSearchFailed] after 61 iters  f=0.272415: nlopt Limited",,,FALSE,0.22380312,0.22380312,"d+ lp+ dl+ ll- w-"
"layered_lbfgs","boomsma","test","boomsma_3CS","cfa",25,82,"x0.01","lambda1",1359037367,,"","",,"","[LineSearchFailed] after 61 iters  f=0.272415: nlopt Limited",,,FALSE,0.22380312,0.22380312,"d+ lp+ dl- ll- w-"
"layered_lbfgs","boomsma","test","boomsma_3CS","cfa",25,84,"mixed","lambda1",1359037369,,"","",,"","[LineSearchFailed] after 78 iters  f=0.33634: nlopt Limited-",,,FALSE,0.28727199,0.28727199,"d+ lp- dl- ll- w+"
"layered_lbfgs","boomsma","test","boomsma_3CS","cfa",25,84,"native","lambda1",1359037369,,"","",,"","[LineSearchFailed] after 78 iters  f=0.33634: nlopt Limited-",,,FALSE,0.28727199,0.28727199,"d+ lp- dl+ ll- w+"
"layered_lbfgs","boomsma","test","boomsma_3CS","cfa",25,84,"x0.01","lambda1",1359037369,,"","",,"","[LineSearchFailed] after 78 iters  f=0.33634: nlopt Limited-",,,FALSE,0.28727199,0.28727199,"d+ lp- dl- ll- w+"
"layered_lbfgs","boomsma","test","boomsma_3CS","cfa",25,84,"x100","lambda1",1359037369,,"","",,"","[LineSearchFailed] after 78 iters  f=0.33634: nlopt Limited-",,,FALSE,0.28727199,0.28727199,"d+ lp- dl+ ll- w+"
"layered_lbfgs","boomsma","test","boomsma_3CS","cfa",25,85,"mixed","lambda1",1359037370,,"","",,"","[LineSearchFailed] after 133 iters  f=0.472749: nlopt Limite",,,FALSE,0.3317792,0.3317792,"d+ lp+ dl+ ll- w+"
"layered_lbfgs","boomsma","test","boomsma_3CS","cfa",25,85,"native","lambda1",1359037370,,"","",,"","[LineSearchFailed] after 140 iters  f=0.472768: nlopt Limite",,,FALSE,0.3317792,0.3317792,"d+ lp+ dl+ ll- w+"
"layered_lbfgs","boomsma","test","boomsma_3CS","cfa",25,85,"x0.01","lambda1",1359037370,,"","",,"","[LineSearchFailed] after 109 iters  f=0.472769: nlopt Limite",,,FALSE,0.3317792,0.3317792,"d+ lp+ dl+ ll- w+"
"layered_lbfgs","boomsma","test","boomsma_3CS","cfa",25,85,"x100","lambda1",1359037370,,"","",,"","[LineSearchFailed] after 109 iters  f=0.472769: nlopt Limite",,,FALSE,0.3317792,0.3317792,"d+ lp+ dl+ ll- w+"
"layered_lbfgs","boomsma","test","boomsma_3CS","cfa",25,88,"native","lambda0.25",1359037373,,"","",,"","[LineSearchFailed] after 101 iters  f=0.293893: nlopt Limite",,,FALSE,0.19141916,0.19141916,"d+ lp- dl+ ll- w+"
"layered_lbfgs","boomsma","test","boomsma_3CS","cfa",25,88,"native","lambda1",1359037373,,"","",,"","[LineSearchFailed] after 204 iters  f=0.315295: nlopt Limite",,,FALSE,0.24351542,0.24351542,"d+ lp- dl+ ll- w+"
"layered_lbfgs","boomsma","test","boomsma_3CS","cfa",25,88,"x0.01","lambda0.25",1359037373,,"","",,"","[LineSearchFailed] after 101 iters  f=0.293893: nlopt Limite",,,FALSE,0.19141916,0.19141916,"d+ lp- dl- ll- w+"
"layered_lbfgs","boomsma","test","boomsma_3CS","cfa",25,88,"x0.01","lambda1",1359037373,,"","",,"","[LineSearchFailed] after 155 iters  f=0.315335: nlopt Limite",,,FALSE,0.24351542,0.24351542,"d+ lp- dl- ll- w+"
"layered_lbfgs","boomsma","test","boomsma_3CS","cfa",25,88,"x100","lambda0.25",1359037373,,"","",,"","[LineSearchFailed] after 101 iters  f=0.293893: nlopt Limite",,,FALSE,0.19141916,0.19141916,"d+ lp- dl+ ll- w+"
"layered_lbfgs","boomsma","test","boomsma_3CS","cfa",25,88,"x100","lambda1",1359037373,,"","",,"","[LineSearchFailed] after 211 iters  f=0.315295: nlopt Limite",,,FALSE,0.24351542,0.24351542,"d+ lp- dl+ ll- w+"
"layered_lbfgs","boomsma","test","boomsma_3CS","cfa",25,90,"native","lambda0.25",1359037496,,"","",,"","[LineSearchFailed] after 126 iters  f=0.289321: nlopt Limite",,,FALSE,0.14525713,0.14525713,"d+ lp- dl+ ll- w+"
"layered_lbfgs","boomsma","test","boomsma_3CS","cfa",25,90,"native","lambda1",1359037496,,"","",,"","[LineSearchFailed] after 118 iters  f=0.308621: nlopt Limite",,,FALSE,0.20380753,0.20380753,"d+ lp- dl+ ll- w+"
"layered_lbfgs","boomsma","test","boomsma_3CS","cfa",25,90,"x100","lambda0.25",1359037496,,"","",,"","[LineSearchFailed] after 126 iters  f=0.289321: nlopt Limite",,,FALSE,0.14525713,0.14525713,"d+ lp- dl+ ll- w+"
"layered_lbfgs","boomsma","test","boomsma_3CS","cfa",25,90,"x100","lambda1",1359037496,,"","",,"","[LineSearchFailed] after 118 iters  f=0.308621: nlopt Limite",,,FALSE,0.20380753,0.20380753,"d+ lp- dl+ ll- w+"
"layered_lbfgs","boomsma","test","boomsma_3CS","cfa",25,91,"native","lambda1",1359037497,,"","",,"","[LineSearchFailed] after 104 iters  f=0.355129: nlopt Limite",,,FALSE,0.27270825,0.27270825,"d+ lp+ dl+ ll- w+"
"layered_lbfgs","boomsma","test","boomsma_3CS","cfa",25,91,"x100","lambda1",1359037497,,"","",,"","[LineSearchFailed] after 104 iters  f=0.355129: nlopt Limite",,,FALSE,0.27270825,0.27270825,"d+ lp+ dl+ ll- w+"
"layered_lbfgs","boomsma","test","boomsma_3CS","cfa",25,92,"native","lambda0.25",1359037498,0.19858655,"available","converged",1416,"layered","",1,101.94953,FALSE,0.18549268,0.18549268,"d+ lp- dl+ ll- w+"
"layered_lbfgs","boomsma","test","boomsma_3CS","cfa",25,92,"native","lambda1",1359037498,,"","",,"","[LineSearchFailed] after 87 iters  f=0.49441: nlopt Limited-",,,FALSE,0.27313307,0.27313307,"d+ lp- dl+ ll- w+"
"layered_lbfgs","boomsma","test","boomsma_3CS","cfa",25,92,"x0.01","lambda1",1359037498,,"","",,"","[LineSearchFailed] after 87 iters  f=0.49441: nlopt Limited-",,,FALSE,0.27313307,0.27313307,"d+ lp- dl- ll- w+"
"layered_lbfgs","boomsma","test","boomsma_3CS","cfa",25,92,"x100","lambda0.25",1359037498,0.19854089,"available","converged",1842,"layered","",1,107.69177,FALSE,0.18549268,0.18549268,"d+ lp- dl+ ll- w+"
"layered_lbfgs","boomsma","test","boomsma_3CS","cfa",25,92,"x100","lambda1",1359037498,,"","",,"","[LineSearchFailed] after 87 iters  f=0.49441: nlopt Limited-",,,FALSE,0.27313307,0.27313307,"d+ lp- dl+ ll- w+"
"layered_lbfgs","boomsma","test","boomsma_3CS","cfa",25,93,"mixed","lambda0.25",1359037499,0.31314566,"available","converged",463,"layered","",1,27.852973,FALSE,0.3124193,0.3124193,"d+ lp- dl+ ll- w+"
"layered_lbfgs","boomsma","test","boomsma_3CS","cfa",25,93,"native","lambda0.25",1359037499,0.31310078,"available","converged",634,"layered","",1,30.652,FALSE,0.31243459,0.31243459,"d+ lp- dl+ ll- w+"
"layered_lbfgs","boomsma","test","boomsma_3CS","cfa",25,93,"native","lambda1",1359037499,,"","",,"","[LineSearchFailed] after 130 iters  f=0.423363: nlopt Limite",,,FALSE,0.38282286,0.38282286,"d+ lp- dl+ ll- w+"
"layered_lbfgs","boomsma","test","boomsma_3CS","cfa",25,93,"x0.01","lambda0.25",1359037499,,"","",,"","[LineSearchFailed] after 138 iters  f=0.313326: nlopt Limite",,,FALSE,0.31243459,0.3124193,"d+ lp- dl+ ll- w+"
"layered_lbfgs","boomsma","test","boomsma_3CS","cfa",25,93,"x0.01","lambda1",1359037499,,"","",,"","[LineSearchFailed] after 100 iters  f=0.423359: nlopt Limite",,,FALSE,0.380966,0.380966,"d+ lp- dl- ll- w+"
"layered_lbfgs","boomsma","test","boomsma_3CS","cfa",25,93,"x100","lambda0.25",1359037499,,"","",,"","[LineSearchFailed] after 479 iters  f=0.313155: nlopt Limite",,,FALSE,0.31243459,0.31243459,"d+ lp- dl+ ll- w+"
"layered_lbfgs","boomsma","test","boomsma_3CS","cfa",25,93,"x100","lambda1",1359037499,,"","",,"","[LineSearchFailed] after 110 iters  f=0.424614: nlopt Limite",,,FALSE,0.38282286,0.38282286,"d+ lp- dl+ ll- w+"
"layered_lbfgs","boomsma","test","boomsma_3CS","cfa",25,99,"native","lambda0.25",1359037505,,"","",,"","[LineSearchFailed] after 121 iters  f=0.319061: nlopt Limite",,,FALSE,0.13437025,0.13437025,"d+ lp- dl+ ll- w+"
"layered_lbfgs","boomsma","test","boomsma_3CS","cfa",25,99,"native","lambda1",1359037505,,"","",,"","[LineSearchFailed] after 124 iters  f=0.319246: nlopt Limite",,,FALSE,0.19247269,0.19247269,"d+ lp- dl+ ll- w+"
"layered_lbfgs","boomsma","test","boomsma_3CS","cfa",25,99,"x0.01","lambda0.25",1359037505,,"","",,"","[LineSearchFailed] after 121 iters  f=0.319061: nlopt Limite",,,FALSE,0.13437025,0.13437025,"d+ lp- dl+ ll- w+"
"layered_lbfgs","boomsma","test","boomsma_3CS","cfa",25,99,"x100","lambda0.25",1359037505,,"","",,"","[LineSearchFailed] after 121 iters  f=0.319061: nlopt Limite",,,FALSE,0.13437025,0.13437025,"d+ lp- dl+ ll- w+"
"layered_lbfgs","boomsma","test","boomsma_3CS","cfa",25,99,"x100","lambda1",1359037505,,"","",,"","[LineSearchFailed] after 124 iters  f=0.319246: nlopt Limite",,,FALSE,0.19247269,0.19247269,"d+ lp- dl+ ll- w+"
"layered_lbfgs","boomsma","test","boomsma_3UM","cfa",25,100,"native","lambda0.25",531052433,,"","",,"","[LineSearchFailed] after 193 iters  f=0.312656: nlopt Limite",,,FALSE,0.18442125,0.18442125,"d+ lp- dl+ ll- w+"
"layered_lbfgs","boomsma","test","boomsma_3UM","cfa",25,100,"native","lambda1",531052433,,"","",,"","[LineSearchFailed] after 129 iters  f=0.37186: nlopt Limited",,,FALSE,0.2587245,0.2587245,"d+ lp- dl+ ll- w+"
"layered_lbfgs","boomsma","test","boomsma_3UM","cfa",25,100,"x0.01","lambda0.25",531052433,,"","",,"","[LineSearchFailed] after 205 iters  f=0.312048: nlopt Limite",,,FALSE,0.18442125,0.18442125,"d+ lp- dl- ll- w+"
"layered_lbfgs","boomsma","test","boomsma_3UM","cfa",25,100,"x0.01","lambda1",531052433,,"","",,"","[LineSearchFailed] after 129 iters  f=0.37186: nlopt Limited",,,FALSE,0.2587245,0.2587245,"d+ lp- dl- ll- w+"
"layered_lbfgs","boomsma","test","boomsma_3UM","cfa",25,100,"x100","lambda0.25",531052433,,"","",,"","[LineSearchFailed] after 182 iters  f=0.312656: nlopt Limite",,,FALSE,0.18442125,0.18442125,"d+ lp- dl+ ll- w+"
"layered_lbfgs","boomsma","test","boomsma_3UM","cfa",25,100,"x100","lambda1",531052433,,"","",,"","[LineSearchFailed] after 129 iters  f=0.37186: nlopt Limited",,,FALSE,0.2587245,0.2587245,"d+ lp- dl+ ll- w+"
"layered_lbfgs","boomsma","test","boomsma_3UM","cfa",25,16,"mixed","lambda0.25",4053841,,"","",,"","[LineSearchFailed] after 138 iters  f=0.321007: nlopt Limite",,,FALSE,0.17307758,0.17307758,"d+ lp- dl+ ll- w+"
"layered_lbfgs","boomsma","test","boomsma_3UM","cfa",25,16,"mixed","lambda1",4053841,,"","",,"","[LineSearchFailed] after 170 iters  f=0.354763: nlopt Limite",,,FALSE,0.23667053,0.23667053,"d+ lp- dl+ ll- w+"
"layered_lbfgs","boomsma","test","boomsma_3UM","cfa",25,16,"native","lambda0.25",4053841,,"","",,"","[LineSearchFailed] after 138 iters  f=0.321007: nlopt Limite",,,FALSE,0.17307758,0.17307758,"d+ lp- dl+ ll- w+"
"layered_lbfgs","boomsma","test","boomsma_3UM","cfa",25,16,"native","lambda1",4053841,,"","",,"","[LineSearchFailed] after 170 iters  f=0.354763: nlopt Limite",,,FALSE,0.23667053,0.23667053,"d+ lp- dl+ ll- w+"
"layered_lbfgs","boomsma","test","boomsma_3UM","cfa",25,16,"x0.01","lambda1",4053841,,"","",,"","[LineSearchFailed] after 176 iters  f=0.354763: nlopt Limite",,,FALSE,0.23667053,0.23667053,"d+ lp- dl+ ll- w+"
"layered_lbfgs","boomsma","test","boomsma_3UM","cfa",25,16,"x100","lambda0.25",4053841,,"","",,"","[LineSearchFailed] after 138 iters  f=0.321007: nlopt Limite",,,FALSE,0.17307758,0.17307758,"d+ lp- dl+ ll- w+"
"layered_lbfgs","boomsma","test","boomsma_3UM","cfa",25,16,"x100","lambda1",4053841,,"","",,"","[LineSearchFailed] after 168 iters  f=0.354763: nlopt Limite",,,FALSE,0.23667053,0.23667053,"d+ lp- dl+ ll- w+"
"layered_lbfgs","boomsma","test","boomsma_3UM","cfa",25,82,"native","lambda0.25",4054754,0.17468766,"available","converged",1099,"layered","",1,104.44014,FALSE,0.14410343,0.14410343,"d+ lp- dl+ ll- w+"
"layered_lbfgs","boomsma","test","boomsma_3UM","cfa",25,82,"native","lambda1",4054754,,"","",,"","[LineSearchFailed] after 122 iters  f=0.251428: nlopt Limite",,,FALSE,0.21994326,0.21994326,"d+ lp- dl+ ll- w+"
"layered_lbfgs","boomsma","test","boomsma_3UM","cfa",25,82,"x0.01","lambda0.25",4054754,0.17459342,"available","converged",1279,"layered","",1,110.22366,FALSE,0.14410343,0.14410343,"d+ lp- dl+ ll- w+"
"layered_lbfgs","boomsma","test","boomsma_3UM","cfa",25,82,"x0.01","lambda1",4054754,0.24387715,"available","converged",1673,"layered","",1,126.98867,FALSE,0.21994326,0.21994326,"d+ lp- dl- ll- w+"
"layered_lbfgs","boomsma","test","boomsma_3UM","cfa",25,82,"x100","lambda0.25",4054754,,"","",,"","[LineSearchFailed] after 219 iters  f=0.176572: nlopt Limite",,,FALSE,0.14410343,0.14410343,"d+ lp- dl+ ll- w+"
"layered_lbfgs","boomsma","test","boomsma_3UM","cfa",25,82,"x100","lambda1",4054754,,"","",,"","[LineSearchFailed] after 1418 iters  f=0.244152: nlopt Limit",,,FALSE,0.21994326,0.21994326,"d+ lp- dl+ ll- w+"
"layered_lbfgs","boomsma","test","boomsma_3UM","cfa",25,83,"mixed","lambda1",4054755,,"","",,"","[LineSearchFailed] after 100 iters  f=0.33332: nlopt Limited",,,FALSE,0.15769279,0.15769279,"d+ lp- dl+ ll- w+"
"layered_lbfgs","boomsma","test","boomsma_3UM","cfa",25,83,"native","lambda0.25",4054755,,"","",,"","[LineSearchFailed] after 36 iters  f=0.315853: nlopt Limited",,,FALSE,0.10043344,0.10043344,"d+ lp- dl+ ll- w+"
"layered_lbfgs","boomsma","test","boomsma_3UM","cfa",25,83,"native","lambda1",4054755,,"","",,"","[LineSearchFailed] after 100 iters  f=0.33332: nlopt Limited",,,FALSE,0.15769279,0.15769279,"d+ lp- dl+ ll- w+"
"layered_lbfgs","boomsma","test","boomsma_3UM","cfa",25,83,"x0.01","lambda0.25",4054755,,"","",,"","[LineSearchFailed] after 36 iters  f=0.315853: nlopt Limited",,,FALSE,0.10043344,0.10043344,"d+ lp- dl- ll- w+"
"layered_lbfgs","boomsma","test","boomsma_3UM","cfa",25,83,"x100","lambda0.25",4054755,,"","",,"","[LineSearchFailed] after 36 iters  f=0.315853: nlopt Limited",,,FALSE,0.10043344,0.10043344,"d+ lp- dl+ ll- w+"
"layered_lbfgs","boomsma","test","boomsma_3UM","cfa",25,83,"x100","lambda1",4054755,,"","",,"","[LineSearchFailed] after 100 iters  f=0.33332: nlopt Limited",,,FALSE,0.15769279,0.15769279,"d+ lp- dl+ ll- w+"
"layered_lbfgs","boomsma","test","boomsma_3UM","cfa",25,93,"native","lambda0.25",4054886,,"","",,"","[LineSearchFailed] after 93 iters  f=0.547313: nlopt Limited",,,FALSE,0.26874019,0.26874019,"d+ lp- dl+ ll- w+"
"layered_lbfgs","boomsma","test","boomsma_3UM","cfa",25,93,"native","lambda1",4054886,,"","",,"","[LineSearchFailed] after 74 iters  f=0.61122: nlopt Limited-",,,FALSE,0.38433483,0.38433483,"d+ lp- dl+ ll- w+"
"layered_lbfgs","boomsma","test","boomsma_3UM","cfa",25,93,"x0.01","lambda0.25",4054886,,"","",,"","[LineSearchFailed] after 93 iters  f=0.547313: nlopt Limited",,,FALSE,0.26874019,0.26874019,"d+ lp- dl+ ll- w+"
"layered_lbfgs","boomsma","test","boomsma_3UM","cfa",25,93,"x0.01","lambda1",4054886,,"","",,"","[LineSearchFailed] after 74 iters  f=0.61122: nlopt Limited-",,,FALSE,0.38433483,0.38433483,"d+ lp- dl+ ll- w+"
"layered_lbfgs","boomsma","test","boomsma_3UM","cfa",25,93,"x100","lambda0.25",4054886,,"","",,"","[LineSearchFailed] after 93 iters  f=0.547313: nlopt Limited",,,FALSE,0.26874019,0.26874019,"d+ lp- dl+ ll- w+"
"layered_lbfgs","boomsma","test","boomsma_3UM","cfa",25,93,"x100","lambda1",4054886,,"","",,"","[LineSearchFailed] after 74 iters  f=0.61122: nlopt Limited-",,,FALSE,0.38433483,0.38433483,"d+ lp- dl+ ll- w+"
"layered_lbfgs","boomsma","test","boomsma_3UM","cfa",25,94,"mixed","lambda1",4054887,,"","",,"","[LineSearchFailed] after 88 iters  f=0.619034: nlopt Limited",,,FALSE,0.48466053,0.48466053,"d+ lp- dl+ ll- w+"
"layered_lbfgs","boomsma","test","boomsma_3UM","cfa",25,94,"native","lambda0.25",4054887,,"","",,"","[LineSearchFailed] after 104 iters  f=0.562723: nlopt Limite",,,FALSE,0.38461276,0.38461276,"d+ lp- dl+ ll- w+"
"layered_lbfgs","boomsma","test","boomsma_3UM","cfa",25,94,"native","lambda1",4054887,,"","",,"","[LineSearchFailed] after 88 iters  f=0.619034: nlopt Limited",,,FALSE,0.48466053,0.48466053,"d+ lp- dl+ ll- w+"
"layered_lbfgs","boomsma","test","boomsma_3UM","cfa",25,94,"x0.01","lambda1",4054887,,"","",,"","[LineSearchFailed] after 88 iters  f=0.619034: nlopt Limited",,,FALSE,0.48466053,0.48466053,"d+ lp- dl+ ll- w+"
"layered_lbfgs","boomsma","test","boomsma_3UM","cfa",25,94,"x100","lambda0.25",4054887,,"","",,"","[LineSearchFailed] after 104 iters  f=0.562723: nlopt Limite",,,FALSE,0.38461276,0.38461276,"d+ lp- dl+ ll- w+"
"layered_lbfgs","boomsma","test","boomsma_3UM","cfa",25,94,"x100","lambda1",4054887,,"","",,"","[LineSearchFailed] after 88 iters  f=0.619034: nlopt Limited",,,FALSE,0.48466053,0.48466053,"d+ lp- dl+ ll- w+"
"layered_lbfgs","boomsma","test","boomsma_3US","cfa",100,12,"native","lambda0.25",280870408,,"","",,"","[LineSearchFailed] after 151 iters  f=0.081724: nlopt Limite",,,FALSE,0.049036318,0.049036318,"d+ lp- dl+ ll- w+"
"layered_lbfgs","boomsma","test","boomsma_3US","cfa",100,12,"native","lambda1",280870408,,"","",,"","[LineSearchFailed] after 85 iters  f=0.091037: nlopt Limited",,,FALSE,0.060848394,0.060848394,"d+ lp- dl+ ll- w+"
"layered_lbfgs","boomsma","test","boomsma_3US","cfa",100,12,"x0.01","lambda1",280870408,,"","",,"","[LineSearchFailed] after 85 iters  f=0.091037: nlopt Limited",,,FALSE,0.060848394,0.060848394,"d+ lp- dl- ll- w+"
"layered_lbfgs","boomsma","test","boomsma_3US","cfa",100,12,"x100","lambda0.25",280870408,,"","",,"","[LineSearchFailed] after 132 iters  f=0.0817245: nlopt Limit",,,FALSE,0.049036318,0.049036318,"d+ lp- dl+ ll- w+"
"layered_lbfgs","boomsma","test","boomsma_3US","cfa",100,12,"x100","lambda1",280870408,,"","",,"","[LineSearchFailed] after 85 iters  f=0.091037: nlopt Limited",,,FALSE,0.060848394,0.060848394,"d+ lp- dl+ ll- w+"
"layered_lbfgs","boomsma","test","boomsma_3US","cfa",100,17,"mixed","lambda0.25",280870413,,"","",,"","[LineSearchFailed] after 83 iters  f=0.100733: nlopt Limited",,,FALSE,0.066729098,0.066729098,"d+ lp- dl- ll- w+"
"layered_lbfgs","boomsma","test","boomsma_3US","cfa",100,17,"mixed","lambda1",280870413,,"","",,"","[LineSearchFailed] after 65 iters  f=0.107572: nlopt Limited",,,FALSE,0.077257475,0.077257475,"d+ lp- dl- ll- w+"
"layered_lbfgs","boomsma","test","boomsma_3US","cfa",100,17,"native","lambda0.25",280870413,,"","",,"","[LineSearchFailed] after 83 iters  f=0.100733: nlopt Limited",,,FALSE,0.066729098,0.066729098,"d+ lp- dl+ ll- w+"
"layered_lbfgs","boomsma","test","boomsma_3US","cfa",100,17,"native","lambda1",280870413,,"","",,"","[LineSearchFailed] after 65 iters  f=0.107572: nlopt Limited",,,FALSE,0.077257475,0.077257475,"d+ lp- dl+ ll- w+"
"layered_lbfgs","boomsma","test","boomsma_3US","cfa",100,17,"x0.01","lambda0.25",280870413,,"","",,"","[LineSearchFailed] after 83 iters  f=0.100733: nlopt Limited",,,FALSE,0.066729098,0.066729098,"d+ lp- dl+ ll- w+"
"layered_lbfgs","boomsma","test","boomsma_3US","cfa",100,17,"x0.01","lambda1",280870413,,"","",,"","[LineSearchFailed] after 65 iters  f=0.107572: nlopt Limited",,,FALSE,0.077257475,0.077257475,"d+ lp- dl+ ll- w+"
"layered_lbfgs","boomsma","test","boomsma_3US","cfa",100,17,"x100","lambda0.25",280870413,,"","",,"","[LineSearchFailed] after 83 iters  f=0.100733: nlopt Limited",,,FALSE,0.066729098,0.066729098,"d+ lp- dl+ ll- w+"
"layered_lbfgs","boomsma","test","boomsma_3US","cfa",100,17,"x100","lambda1",280870413,,"","",,"","[LineSearchFailed] after 65 iters  f=0.107572: nlopt Limited",,,FALSE,0.077257475,0.077257475,"d+ lp- dl+ ll- w+"
"layered_lbfgs","boomsma","test","boomsma_3US","cfa",100,22,"native","lambda0.25",280870539,,"","",,"","[LineSearchFailed] after 46 iters  f=0.104108: nlopt Limited",,,FALSE,0.043331457,0.043331457,"d+ lp- dl+ ll- w+"
"layered_lbfgs","boomsma","test","boomsma_3US","cfa",100,22,"native","lambda1",280870539,,"","",,"","[LineSearchFailed] after 105 iters  f=0.104229: nlopt Limite",,,FALSE,0.055187593,0.055187593,"d+ lp- dl+ ll- w+"
"layered_lbfgs","boomsma","test","boomsma_3US","cfa",100,22,"x0.01","lambda0.25",280870539,,"","",,"","[LineSearchFailed] after 46 iters  f=0.104095: nlopt Limited",,,FALSE,0.043331457,0.043331457,"d+ lp- dl- ll- w+"
"layered_lbfgs","boomsma","test","boomsma_3US","cfa",100,22,"x100","lambda0.25",280870539,,"","",,"","[LineSearchFailed] after 46 iters  f=0.104105: nlopt Limited",,,FALSE,0.043331457,0.043331457,"d+ lp- dl+ ll- w+"
"layered_lbfgs","boomsma","test","boomsma_3US","cfa",100,22,"x100","lambda1",280870539,,"","",,"","[LineSearchFailed] after 105 iters  f=0.104229: nlopt Limite",,,FALSE,0.055187593,0.055187593,"d+ lp- dl+ ll- w+"
"layered_lbfgs","boomsma","test","boomsma_3US","cfa",100,25,"mixed","lambda1",280870542,,"","",,"","[LineSearchFailed] after 122 iters  f=0.0848487: nlopt Limit",,,FALSE,0.065251008,0.065251008,"d+ lp+ dl+ ll- w+"
"layered_lbfgs","boomsma","test","boomsma_3US","cfa",100,25,"native","lambda0.25",280870542,,"","",,"","[LineSearchFailed] after 741 iters  f=0.0635138: nlopt Limit",,,FALSE,0.054146858,0.054146858,"d+ lp- dl+ ll- w+"
"layered_lbfgs","boomsma","test","boomsma_3US","cfa",100,25,"native","lambda1",280870542,,"","",,"","[LineSearchFailed] after 89 iters  f=0.0859656: nlopt Limite",,,FALSE,0.065251008,0.065251008,"d+ lp+ dl+ ll- w+"
"layered_lbfgs","boomsma","test","boomsma_3US","cfa",100,25,"x100","lambda0.25",280870542,,"","",,"","[LineSearchFailed] after 205 iters  f=0.0638744: nlopt Limit",,,FALSE,0.054146858,0.054146858,"d+ lp- dl+ ll- w+"
"layered_lbfgs","boomsma","test","boomsma_3US","cfa",100,25,"x100","lambda1",280870542,,"","",,"","[LineSearchFailed] after 76 iters  f=0.0859797: nlopt Limite",,,FALSE,0.065251008,0.065251008,"d+ lp+ dl+ ll- w+"
"layered_lbfgs","boomsma","test","boomsma_3US","cfa",100,32,"mixed","lambda0.25",280870670,,"","",,"","[LineSearchFailed] after 173 iters  f=0.117479: nlopt Limite",,,FALSE,0.064744668,0.064744668,"d+ lp- dl- ll- w+"
"layered_lbfgs","boomsma","test","boomsma_3US","cfa",100,32,"native","lambda0.25",280870670,,"","",,"","[LineSearchFailed] after 91 iters  f=0.117907: nlopt Limited",,,FALSE,0.064744668,0.064744668,"d+ lp- dl+ ll- w+"
"layered_lbfgs","boomsma","test","boomsma_3US","cfa",100,32,"native","lambda1",280870670,,"","",,"","[LineSearchFailed] after 106 iters  f=0.131568: nlopt Limite",,,FALSE,0.080939481,0.080939481,"d+ lp- dl+ ll- w+"
"layered_lbfgs","boomsma","test","boomsma_3US","cfa",100,32,"x0.01","lambda1",280870670,,"","",,"","[LineSearchFailed] after 106 iters  f=0.131568: nlopt Limite",,,FALSE,0.080939481,0.080939481,"d+ lp- dl+ ll- w+"
"layered_lbfgs","boomsma","test","boomsma_3US","cfa",100,32,"x100","lambda0.25",280870670,,"","",,"","[LineSearchFailed] after 398 iters  f=0.117206: nlopt Limite",,,FALSE,0.064744668,0.064744668,"d+ lp- dl+ ll- w+"
"layered_lbfgs","boomsma","test","boomsma_3US","cfa",100,32,"x100","lambda1",280870670,,"","",,"","[LineSearchFailed] after 106 iters  f=0.131568: nlopt Limite",,,FALSE,0.080939481,0.080939481,"d+ lp- dl+ ll- w+"
"layered_lbfgs","boomsma","test","boomsma_3US","cfa",100,7,"native","lambda0.25",707043261,,"","",,"","[LineSearchFailed] after 210 iters  f=0.166434: nlopt Limite",,,FALSE,0.03902739,0.03902739,"d+ lp- dl+ ll- w+"
"layered_lbfgs","boomsma","test","boomsma_3US","cfa",100,7,"native","lambda1",707043261,,"","",,"","[LineSearchFailed] after 154 iters  f=0.169924: nlopt Limite",,,FALSE,0.05489042,0.05489042,"d+ lp- dl+ ll- w+"
"layered_lbfgs","boomsma","test","boomsma_3US","cfa",100,7,"x0.01","lambda0.25",707043261,,"","",,"","[LineSearchFailed] after 151 iters  f=0.166434: nlopt Limite",,,FALSE,0.03902739,0.03902739,"d+ lp- dl+ ll- w+"
"layered_lbfgs","boomsma","test","boomsma_3US","cfa",100,7,"x0.01","lambda1",707043261,,"","",,"","[LineSearchFailed] after 154 iters  f=0.169924: nlopt Limite",,,FALSE,0.05489042,0.05489042,"d+ lp- dl+ ll- w+"
"layered_lbfgs","boomsma","test","boomsma_3US","cfa",100,7,"x100","lambda0.25",707043261,,"","",,"","[LineSearchFailed] after 160 iters  f=0.166441: nlopt Limite",,,FALSE,0.03902739,0.03902739,"d+ lp- dl+ ll- w+"
"layered_lbfgs","boomsma","test","boomsma_3US","cfa",100,7,"x100","lambda1",707043261,,"","",,"","[LineSearchFailed] after 162 iters  f=0.169924: nlopt Limite",,,FALSE,0.05489042,0.05489042,"d+ lp- dl+ ll- w+"
"layered_lbfgs","boomsma","test","boomsma_3US","cfa",100,76,"mixed","lambda1",280871198,,"","",,"","[LineSearchFailed] after 142 iters  f=0.0693334: nlopt Limit",,,FALSE,0.041018145,0.041018145,"d+ lp- dl+ ll- w+"
"layered_lbfgs","boomsma","test","boomsma_3US","cfa",100,76,"native","lambda0.25",280871198,,"","",,"","[LineSearchFailed] after 107 iters  f=0.0644891: nlopt Limit",,,FALSE,0.031460372,0.031460372,"d+ lp- dl+ ll- w+"
"layered_lbfgs","boomsma","test","boomsma_3US","cfa",100,76,"native","lambda1",280871198,,"","",,"","[LineSearchFailed] after 142 iters  f=0.0693334: nlopt Limit",,,FALSE,0.041018145,0.041018145,"d+ lp- dl+ ll- w+"
"layered_lbfgs","boomsma","test","boomsma_3US","cfa",100,76,"x0.01","lambda1",280871198,,"","",,"","[LineSearchFailed] after 160 iters  f=0.0693334: nlopt Limit",,,FALSE,0.041018145,0.041018145,"d+ lp- dl- ll- w+"
"layered_lbfgs","boomsma","test","boomsma_3US","cfa",100,76,"x100","lambda0.25",280871198,,"","",,"","[LineSearchFailed] after 131 iters  f=0.0644892: nlopt Limit",,,FALSE,0.031460372,0.031460372,"d+ lp- dl+ ll- w+"
"layered_lbfgs","boomsma","test","boomsma_3US","cfa",100,76,"x100","lambda1",280871198,,"","",,"","[LineSearchFailed] after 175 iters  f=0.0688537: nlopt Limit",,,FALSE,0.041018145,0.041018145,"d+ lp- dl+ ll- w+"
"layered_lbfgs","boomsma","test","boomsma_3US","cfa",100,8,"native","lambda0.25",707043262,,"","",,"","[LineSearchFailed] after 122 iters  f=0.13765: nlopt Limited",,,FALSE,0.080189817,0.080189817,"d+ lp- dl+ ll- w+"
"layered_lbfgs","boomsma","test","boomsma_3US","cfa",100,8,"native","lambda1",707043262,,"","",,"","[LineSearchFailed] after 101 iters  f=0.144964: nlopt Limite",,,FALSE,0.093098769,0.093098769,"d+ lp- dl+ ll- w+"
"layered_lbfgs","boomsma","test","boomsma_3US","cfa",100,8,"x0.01","lambda1",707043262,,"","",,"","[LineSearchFailed] after 101 iters  f=0.144964: nlopt Limite",,,FALSE,0.093098769,0.093098769,"d+ lp- dl+ ll- w+"
"layered_lbfgs","boomsma","test","boomsma_3US","cfa",100,8,"x100","lambda0.25",707043262,,"","",,"","[LineSearchFailed] after 126 iters  f=0.13765: nlopt Limited",,,FALSE,0.080189817,0.080189817,"d+ lp- dl+ ll- w+"
"layered_lbfgs","boomsma","test","boomsma_3US","cfa",100,8,"x100","lambda1",707043262,,"","",,"","[LineSearchFailed] after 101 iters  f=0.144964: nlopt Limite",,,FALSE,0.093098769,0.093098769,"d+ lp- dl+ ll- w+"
"layered_lbfgs","boomsma","test","boomsma_3US","cfa",100,82,"native","lambda0.25",280871325,,"","",,"","[LineSearchFailed] after 96 iters  f=0.096984: nlopt Limited",,,FALSE,0.062825028,0.062825028,"d+ lp- dl+ ll- w+"
"layered_lbfgs","boomsma","test","boomsma_3US","cfa",100,82,"native","lambda1",280871325,,"","",,"","[LineSearchFailed] after 73 iters  f=0.104733: nlopt Limited",,,FALSE,0.074634752,0.074634752,"d+ lp- dl+ ll- w+"
"layered_lbfgs","boomsma","test","boomsma_3US","cfa",100,82,"x100","lambda0.25",280871325,,"","",,"","[LineSearchFailed] after 96 iters  f=0.096984: nlopt Limited",,,FALSE,0.062825028,0.062825028,"d+ lp- dl+ ll- w+"
"layered_lbfgs","boomsma","test","boomsma_3US","cfa",100,82,"x100","lambda1",280871325,,"","",,"","[LineSearchFailed] after 73 iters  f=0.104733: nlopt Limited",,,FALSE,0.074634752,0.074634752,"d+ lp- dl+ ll- w+"
"layered_lbfgs","boomsma","test","boomsma_3US","cfa",100,85,"native","lambda0.25",280871328,0.059471428,"available","converged",807,"layered","",1,110.57323,FALSE,0.056495505,0.056495505,"d+ lp- dl+ ll- w+"
"layered_lbfgs","boomsma","test","boomsma_3US","cfa",100,85,"native","lambda1",280871328,0.076650758,"available","converged",1814,"layered","",1,111.84881,FALSE,0.074311485,0.074311485,"d+ lp- dl+ ll- w+"
"layered_lbfgs","boomsma","test","boomsma_3US","cfa",100,85,"x0.01","lambda1",280871328,0.076652608,"available","converged",1813,"layered","",1,111.33819,FALSE,0.074311485,0.074311485,"d+ lp- dl- ll- w+"
"layered_lbfgs","boomsma","test","boomsma_3US","cfa",100,85,"x100","lambda0.25",280871328,0.059305608,"available","converged",2084,"layered","",1,157.93361,FALSE,0.056495505,0.056495505,"d+ lp- dl+ ll- w+"
"layered_lbfgs","boomsma","test","boomsma_3US","cfa",100,85,"x100","lambda1",280871328,0.076711902,"available","converged",1173,"layered","",1,93.818617,FALSE,0.074311485,0.074311485,"d+ lp- dl+ ll- w+"
"layered_lbfgs","boomsma","test","boomsma_3US","cfa",100,93,"native","lambda0.25",280871457,0.05333786,"available","converged",2334,"layered","",1,115.77985,FALSE,0.035878386,0.035878386,"d+ lp- dl+ ll- w+"
"layered_lbfgs","boomsma","test","boomsma_3US","cfa",100,93,"native","lambda1",280871457,,"","",,"","[LineSearchFailed] after 126 iters  f=0.0737214: nlopt Limit",,,FALSE,0.047212124,0.047212124,"d+ lp- dl+ ll- w+"
"layered_lbfgs","boomsma","test","boomsma_3US","cfa",100,93,"x100","lambda0.25",280871457,0.053373281,"available","converged",1602,"layered","",1,104.33694,FALSE,0.035878386,0.035878386,"d+ lp- dl+ ll- w+"
"layered_lbfgs","boomsma","test","boomsma_3US","cfa",100,93,"x100","lambda1",280871457,,"","",,"","[LineSearchFailed] after 126 iters  f=0.0737214: nlopt Limit",,,FALSE,0.047212124,0.047212124,"d+ lp- dl+ ll- w+"
"layered_lbfgs","boomsma","test","boomsma_3US","cfa",100,98,"native","lambda0.25",280871462,0.054014871,"available","converged",1983,"layered","",1,83.771545,FALSE,0.049072429,0.049072429,"d+ lp- dl+ ll- w+"
"layered_lbfgs","boomsma","test","boomsma_3US","cfa",100,98,"native","lambda1",280871462,,"","",,"","[LineSearchFailed] after 130 iters  f=0.0845741: nlopt Limit",,,FALSE,0.061227869,0.061227869,"d+ lp- dl+ ll- w+"
"layered_lbfgs","boomsma","test","boomsma_3US","cfa",100,98,"x100","lambda0.25",280871462,0.054085187,"available","converged",754,"layered","",1,62.800615,FALSE,0.049072429,0.049072429,"d+ lp- dl+ ll- w+"
"layered_lbfgs","boomsma","test","boomsma_3US","cfa",100,98,"x100","lambda1",280871462,,"","",,"","[LineSearchFailed] after 195 iters  f=0.0845044: nlopt Limit",,,FALSE,0.061227869,0.061227869,"d+ lp- dl+ ll- w+"
"layered_lbfgs","boomsma","test","boomsma_3US","cfa",25,2,"native","lambda0.25",204457112,,"","",,"","[LineSearchFailed] after 141 iters  f=0.437186: nlopt Limite",,,FALSE,0.31681802,0.31681802,"d+ lp- dl+ ll- w+"
"layered_lbfgs","boomsma","test","boomsma_3US","cfa",25,2,"native","lambda1",204457112,,"","",,"","[LineSearchFailed] after 154 iters  f=0.472728: nlopt Limite",,,FALSE,0.39980885,0.39980885,"d+ lp- dl+ ll- w+"
"layered_lbfgs","boomsma","test","boomsma_3US","cfa",25,2,"x0.01","lambda1",204457112,,"","",,"","[LineSearchFailed] after 141 iters  f=0.472728: nlopt Limite",,,FALSE,0.41827294,0.39980885,"d+ lp- dl+ ll- w+"
"layered_lbfgs","boomsma","test","boomsma_3US","cfa",25,2,"x100","lambda0.25",204457112,,"","",,"","[LineSearchFailed] after 141 iters  f=0.437186: nlopt Limite",,,FALSE,0.31681802,0.31681802,"d+ lp- dl+ ll- w+"
"layered_lbfgs","boomsma","test","boomsma_3US","cfa",25,2,"x100","lambda1",204457112,,"","",,"","[LineSearchFailed] after 133 iters  f=0.472728: nlopt Limite",,,FALSE,0.39980885,0.39980885,"d+ lp- dl+ ll- w+"
"layered_lbfgs","boomsma","test","boomsma_3US","cfa",25,20,"mixed","lambda1",1014078172,,"","",,"","[LineSearchFailed] after 107 iters  f=0.354497: nlopt Limite",,,FALSE,0.29846394,0.29846394,"d+ lp- dl- ll- w+"
"layered_lbfgs","boomsma","test","boomsma_3US","cfa",25,20,"native","lambda0.25",1014078172,,"","",,"","[LineSearchFailed] after 99 iters  f=0.317095: nlopt Limited",,,FALSE,0.23349715,0.23349715,"d+ lp- dl+ ll- w+"
"layered_lbfgs","boomsma","test","boomsma_3US","cfa",25,20,"native","lambda1",1014078172,,"","",,"","[LineSearchFailed] after 107 iters  f=0.354497: nlopt Limite",,,FALSE,0.29846394,0.29846394,"d+ lp- dl+ ll- w+"
"layered_lbfgs","boomsma","test","boomsma_3US","cfa",25,20,"x0.01","lambda0.25",1014078172,,"","",,"","[LineSearchFailed] after 99 iters  f=0.317095: nlopt Limited",,,FALSE,0.23349715,0.23349715,"d+ lp- dl- ll- w+"
"layered_lbfgs","boomsma","test","boomsma_3US","cfa",25,20,"x0.01","lambda1",1014078172,,"","",,"","[LineSearchFailed] after 107 iters  f=0.354497: nlopt Limite",,,FALSE,0.29846394,0.29846394,"d+ lp- dl+ ll- w+"
"layered_lbfgs","boomsma","test","boomsma_3US","cfa",25,20,"x100","lambda0.25",1014078172,,"","",,"","[LineSearchFailed] after 99 iters  f=0.317095: nlopt Limited",,,FALSE,0.23349715,0.23349715,"d+ lp- dl+ ll- w+"
"layered_lbfgs","boomsma","test","boomsma_3US","cfa",25,20,"x100","lambda1",1014078172,,"","",,"","[LineSearchFailed] after 107 iters  f=0.354497: nlopt Limite",,,FALSE,0.29846394,0.29846394,"d+ lp- dl+ ll- w+"
"layered_lbfgs","boomsma","test","boomsma_3US","cfa",25,23,"mixed","lambda0.25",1014078175,,"","",,"","[LineSearchFailed] after 98 iters  f=0.408777: nlopt Limited",,,FALSE,0.28715074,0.28715074,"d+ lp- dl+ ll- w+"
"layered_lbfgs","boomsma","test","boomsma_3US","cfa",25,23,"mixed","lambda1",1014078175,,"","",,"","[LineSearchFailed] after 142 iters  f=0.431934: nlopt Limite",,,FALSE,0.34111859,0.34111859,"d+ lp- dl- ll- w+"
"layered_lbfgs","boomsma","test","boomsma_3US","cfa",25,23,"native","lambda0.25",1014078175,,"","",,"","[LineSearchFailed] after 98 iters  f=0.408777: nlopt Limited",,,FALSE,0.28715074,0.28715074,"d+ lp- dl+ ll- w+"
"layered_lbfgs","boomsma","test","boomsma_3US","cfa",25,23,"native","lambda1",1014078175,,"","",,"","[LineSearchFailed] after 142 iters  f=0.431934: nlopt Limite",,,FALSE,0.34111859,0.34111859,"d+ lp- dl+ ll- w+"
"layered_lbfgs","boomsma","test","boomsma_3US","cfa",25,23,"x100","lambda0.25",1014078175,,"","",,"","[LineSearchFailed] after 98 iters  f=0.408777: nlopt Limited",,,FALSE,0.2093457,0.2093457,"d+ lp- dl+ ll- w+"
"layered_lbfgs","boomsma","test","boomsma_3US","cfa",25,23,"x100","lambda1",1014078175,,"","",,"","[LineSearchFailed] after 142 iters  f=0.431934: nlopt Limite",,,FALSE,0.34111859,0.34111859,"d+ lp- dl+ ll- w+"
"layered_lbfgs","boomsma","test","boomsma_3US","cfa",25,31,"mixed","lambda0.25",1014078304,,"","",,"","[LineSearchFailed] after 159 iters  f=0.445454: nlopt Limite",,,FALSE,0.39732702,0.39732702,"d+ lp- dl- ll- w-"
"layered_lbfgs","boomsma","test","boomsma_3US","cfa",25,31,"native","lambda0.25",1014078304,,"","",,"","[LineSearchFailed] after 160 iters  f=0.445454: nlopt Limite",,,FALSE,0.39732702,0.39732702,"d+ lp- dl+ ll- w-"
"layered_lbfgs","boomsma","test","boomsma_3US","cfa",25,31,"x0.01","lambda0.25",1014078304,,"","",,"","[LineSearchFailed] after 158 iters  f=0.445454: nlopt Limite",,,FALSE,0.39732702,0.30651893,"d+ lp- dl+ ll- w-"
"layered_lbfgs","boomsma","test","boomsma_3US","cfa",25,31,"x100","lambda0.25",1014078304,,"","",,"","[LineSearchFailed] after 194 iters  f=0.445451: nlopt Limite",,,FALSE,0.39732702,0.39732702,"d+ lp- dl+ ll- w-"
"layered_lbfgs","boomsma","test","boomsma_3US","cfa",25,33,"native","lambda0.25",1014078306,,"","",,"","[LineSearchFailed] after 72 iters  f=0.589216: nlopt Limited",,,FALSE,0.30629705,0.30629705,"d+ lp- dl+ ll- w-"
"layered_lbfgs","boomsma","test","boomsma_3US","cfa",25,33,"native","lambda1",1014078306,,"","",,"","[LineSearchFailed] after 34 iters  f=0.588127: nlopt Limited",,,FALSE,0.38848744,0.38848744,"d+ lp- dl+ ll- w+"
"layered_lbfgs","boomsma","test","boomsma_3US","cfa",25,33,"x0.01","lambda0.25",1014078306,,"","",,"","[LineSearchFailed] after 72 iters  f=0.589216: nlopt Limited",,,FALSE,0.29340469,0.29340469,"d+ lp- dl- ll- w-"
"layered_lbfgs","boomsma","test","boomsma_3US","cfa",25,33,"x0.01","lambda1",1014078306,,"","",,"","[LineSearchFailed] after 34 iters  f=0.588127: nlopt Limited",,,FALSE,0.38848744,0.38848744,"d+ lp- dl- ll- w+"
"layered_lbfgs","boomsma","test","boomsma_3US","cfa",25,33,"x100","lambda0.25",1014078306,,"","",,"","[LineSearchFailed] after 72 iters  f=0.589216: nlopt Limited",,,FALSE,0.30629705,0.30629705,"d+ lp- dl+ ll- w-"
"layered_lbfgs","boomsma","test","boomsma_3US","cfa",25,33,"x100","lambda1",1014078306,,"","",,"","[LineSearchFailed] after 34 iters  f=0.588127: nlopt Limited",,,FALSE,0.38848744,0.38848744,"d+ lp- dl+ ll- w+"
"layered_lbfgs","boomsma","test","boomsma_3US","cfa",25,34,"native","lambda0.25",1014078307,,"","",,"","[LineSearchFailed] after 575 iters  f=0.353873: nlopt Limite",,,FALSE,0.28300459,0.28300459,"d+ lp- dl+ ll- w+"
"layered_lbfgs","boomsma","test","boomsma_3US","cfa",25,34,"native","lambda1",1014078307,,"","",,"","[LineSearchFailed] after 161 iters  f=0.489011: nlopt Limite",,,FALSE,0.35575079,0.35575079,"d+ lp- dl+ ll- w+"
"layered_lbfgs","boomsma","test","boomsma_3US","cfa",25,34,"x0.01","lambda0.25",1014078307,,"","",,"","[LineSearchFailed] after 564 iters  f=0.35382: nlopt Limited",,,FALSE,0.28300459,0.28300459,"d+ lp- dl+ ll- w+"
"layered_lbfgs","boomsma","test","boomsma_3US","cfa",25,34,"x0.01","lambda1",1014078307,,"","",,"","[LineSearchFailed] after 132 iters  f=0.489012: nlopt Limite",,,FALSE,0.35575079,0.35575079,"d+ lp- dl+ ll- w+"
"layered_lbfgs","boomsma","test","boomsma_3US","cfa",25,34,"x100","lambda0.25",1014078307,,"","",,"","[LineSearchFailed] after 228 iters  f=0.354065: nlopt Limite",,,FALSE,0.28300459,0.28300459,"d+ lp- dl+ ll- w+"
"layered_lbfgs","boomsma","test","boomsma_3US","cfa",25,34,"x100","lambda1",1014078307,,"","",,"","[LineSearchFailed] after 127 iters  f=0.489012: nlopt Limite",,,FALSE,0.35575079,0.35575079,"d+ lp- dl+ ll- w+"
"layered_lbfgs","boomsma","test","boomsma_3US","cfa",25,38,"mixed","lambda1",1014078311,,"","",,"","[LineSearchFailed] after 62 iters  f=0.563748: nlopt Limited",,,FALSE,0.45180863,0.45180863,"d+ lp- dl- ll- w+"
"layered_lbfgs","boomsma","test","boomsma_3US","cfa",25,38,"native","lambda0.25",1014078311,,"","",,"","[LineSearchFailed] after 93 iters  f=0.510536: nlopt Limited",,,FALSE,0.43829813,0.42438909,"d+ lp- dl+ ll- w+"
"layered_lbfgs","boomsma","test","boomsma_3US","cfa",25,38,"native","lambda1",1014078311,,"","",,"","[LineSearchFailed] after 62 iters  f=0.563748: nlopt Limited",,,FALSE,0.47988268,0.47988268,"d+ lp- dl+ ll- w+"
"layered_lbfgs","boomsma","test","boomsma_3US","cfa",25,38,"x0.01","lambda0.25",1014078311,,"","",,"","[LineSearchFailed] after 93 iters  f=0.510536: nlopt Limited",,,FALSE,0.43829813,0.42438909,"d+ lp- dl+ ll- w+"
"layered_lbfgs","boomsma","test","boomsma_3US","cfa",25,38,"x100","lambda0.25",1014078311,,"","",,"","[LineSearchFailed] after 93 iters  f=0.510536: nlopt Limited",,,FALSE,0.43829813,0.42438909,"d+ lp- dl+ ll- w+"
"layered_lbfgs","boomsma","test","boomsma_3US","cfa",25,38,"x100","lambda1",1014078311,,"","",,"","[LineSearchFailed] after 62 iters  f=0.563748: nlopt Limited",,,FALSE,0.47988268,0.47988268,"d+ lp- dl+ ll- w+"
"layered_lbfgs","boomsma","test","boomsma_3US","cfa",25,39,"x0.01","lambda1",1014078312,,"","",,"","[LineSearchFailed] after 101 iters  f=0.349947: nlopt Limite",,,FALSE,0.24365969,0.24365969,"d+ lp- dl- ll- w-"
"layered_lbfgs","boomsma","test","boomsma_3US","cfa",25,4,"native","lambda1",204457114,,"","",,"","[LineSearchFailed] after 78 iters  f=0.215449: nlopt Limited",,,FALSE,0.16597686,0.16597686,"d+ lp- dl+ ll- w+"
"layered_lbfgs","boomsma","test","boomsma_3US","cfa",25,4,"x100","lambda1",204457114,,"","",,"","[LineSearchFailed] after 78 iters  f=0.215449: nlopt Limited",,,FALSE,0.16989291,0.16597686,"d+ lp- dl+ ll- w+"
"layered_lbfgs","boomsma","test","boomsma_3US","cfa",25,40,"native","lambda0.25",1014078434,,"","",,"","[LineSearchFailed] after 189 iters  f=0.386758: nlopt Limite",,,FALSE,0.20726888,0.20726888,"d+ lp- dl+ ll- w-"
"layered_lbfgs","boomsma","test","boomsma_3US","cfa",25,40,"native","lambda1",1014078434,,"","",,"","[LineSearchFailed] after 76 iters  f=0.414486: nlopt Limited",,,FALSE,0.28736111,0.28736111,"d+ lp- dl+ ll- w-"
"layered_lbfgs","boomsma","test","boomsma_3US","cfa",25,40,"x100","lambda0.25",1014078434,,"","",,"","[LineSearchFailed] after 184 iters  f=0.386744: nlopt Limite",,,FALSE,0.20726888,0.20726888,"d+ lp- dl+ ll- w-"
"layered_lbfgs","boomsma","test","boomsma_3US","cfa",25,40,"x100","lambda1",1014078434,,"","",,"","[LineSearchFailed] after 76 iters  f=0.414486: nlopt Limited",,,FALSE,0.28736111,0.28736111,"d+ lp- dl+ ll- w-"
"layered_lbfgs","boomsma","test","boomsma_3US","cfa",25,44,"mixed","lambda0.25",1014078438,,"","",,"","[LineSearchFailed] after 133 iters  f=0.401622: nlopt Limite",,,FALSE,0.22292164,0.22292164,"d+ lp- dl- ll- w-"
"layered_lbfgs","boomsma","test","boomsma_3US","cfa",25,44,"x0.01","lambda0.25",1014078438,,"","",,"","[LineSearchFailed] after 180 iters  f=0.401384: nlopt Limite",,,FALSE,0.22292164,0.22292164,"d+ lp- dl- ll- w-"
"layered_lbfgs","boomsma","test","boomsma_3US","cfa",25,45,"mixed","lambda1",1014078439,,"","",,"","[LineSearchFailed] after 96 iters  f=0.236824: nlopt Limited",,,FALSE,0.2004078,0.20020327,"d+ lp+ dl+ ll- w+"
"layered_lbfgs","boomsma","test","boomsma_3US","cfa",25,45,"native","lambda1",1014078439,,"","",,"","[LineSearchFailed] after 88 iters  f=0.236895: nlopt Limited",,,FALSE,0.2004078,0.20020327,"d+ lp+ dl+ ll- w+"
"layered_lbfgs","boomsma","test","boomsma_3US","cfa",25,45,"x0.01","lambda1",1014078439,,"","",,"","[LineSearchFailed] after 128 iters  f=0.233006: nlopt Limite",,,FALSE,0.2004078,0.20020327,"d+ lp+ dl- ll- w+"
"layered_lbfgs","boomsma","test","boomsma_3US","cfa",25,45,"x100","lambda1",1014078439,,"","",,"","[LineSearchFailed] after 145 iters  f=0.231952: nlopt Limite",,,FALSE,0.2004078,0.20020327,"d+ lp+ dl+ ll- w+"
"layered_lbfgs","boomsma","test","boomsma_3US","cfa",25,46,"native","lambda0.25",1014078440,,"","",,"","[LineSearchFailed] after 83 iters  f=0.562524: nlopt Limited",,,FALSE,0.4140425,0.4140425,"d+ lp- dl+ ll- w+"
"layered_lbfgs","boomsma","test","boomsma_3US","cfa",25,46,"native","lambda1",1014078440,,"","",,"","[LineSearchFailed] after 94 iters  f=0.521086: nlopt Limited",,,FALSE,0.48152419,0.48152419,"d+ lp+ dl- ll- w+"
"layered_lbfgs","boomsma","test","boomsma_3US","cfa",25,46,"x0.01","lambda1",1014078440,,"","",,"","[LineSearchFailed] after 94 iters  f=0.521086: nlopt Limited",,,FALSE,0.48152419,0.48152419,"d+ lp+ dl- ll- w+"
"layered_lbfgs","boomsma","test","boomsma_3US","cfa",25,46,"x100","lambda0.25",1014078440,,"","",,"","[LineSearchFailed] after 135 iters  f=0.562781: nlopt Limite",,,FALSE,0.4140425,0.4140425,"d+ lp- dl+ ll- w+"
"layered_lbfgs","boomsma","test","boomsma_3US","cfa",25,46,"x100","lambda1",1014078440,,"","",,"","[LineSearchFailed] after 94 iters  f=0.521086: nlopt Limited",,,FALSE,0.48152419,0.48152419,"d+ lp+ dl+ ll- w+"
"layered_lbfgs","boomsma","test","boomsma_3US","cfa",25,48,"native","lambda0.25",1014078442,,"","",,"","[LineSearchFailed] after 232 iters  f=0.380081: nlopt Limite",,,FALSE,0.33892474,0.33892474,"d+ lp- dl+ ll- w+"
"layered_lbfgs","boomsma","test","boomsma_3US","cfa",25,48,"native","lambda1",1014078442,,"","",,"","[LineSearchFailed] after 124 iters  f=0.408759: nlopt Limite",,,FALSE,0.38593944,0.38593944,"d+ lp- dl+ ll- w+"
"layered_lbfgs","boomsma","test","boomsma_3US","cfa",25,48,"x0.01","lambda0.25",1014078442,,"","",,"","[LineSearchFailed] after 103 iters  f=0.38101: nlopt Limited",,,FALSE,0.28457205,0.28457205,"d+ lp- dl- ll- w+"
"layered_lbfgs","boomsma","test","boomsma_3US","cfa",25,48,"x0.01","lambda1",1014078442,,"","",,"","[LineSearchFailed] after 112 iters  f=0.408752: nlopt Limite",,,FALSE,0.35203857,0.35203857,"d+ lp- dl- ll- w+"
"layered_lbfgs","boomsma","test","boomsma_3US","cfa",25,48,"x100","lambda0.25",1014078442,,"","",,"","[LineSearchFailed] after 226 iters  f=0.381069: nlopt Limite",,,FALSE,0.33892474,0.33892474,"d+ lp- dl+ ll- w+"
"layered_lbfgs","boomsma","test","boomsma_3US","cfa",25,48,"x100","lambda1",1014078442,,"","",,"","[LineSearchFailed] after 96 iters  f=0.408753: nlopt Limited",,,FALSE,0.38593944,0.38593944,"d+ lp- dl+ ll- w+"
"layered_lbfgs","boomsma","test","boomsma_3US","cfa",25,52,"native","lambda0.25",1014078567,,"","",,"","[LineSearchFailed] after 99 iters  f=0.167482: nlopt Limited",,,FALSE,0.060995992,0.060995992,"d+ lp- dl+ ll- w+"
"layered_lbfgs","boomsma","test","boomsma_3US","cfa",25,52,"native","lambda1",1014078567,,"","",,"","[LineSearchFailed] after 116 iters  f=0.190142: nlopt Limite",,,FALSE,0.11437632,0.11437632,"d+ lp- dl+ ll- w+"
"layered_lbfgs","boomsma","test","boomsma_3US","cfa",25,52,"x0.01","lambda1",1014078567,,"","",,"","[LineSearchFailed] after 170 iters  f=0.190222: nlopt Limite",,,FALSE,0.11437632,0.11437632,"d+ lp- dl- ll- w+"
"layered_lbfgs","boomsma","test","boomsma_3US","cfa",25,52,"x100","lambda0.25",1014078567,,"","",,"","[LineSearchFailed] after 147 iters  f=0.167442: nlopt Limite",,,FALSE,0.060995992,0.060995992,"d+ lp- dl+ ll- w+"
"layered_lbfgs","boomsma","test","boomsma_3US","cfa",25,52,"x100","lambda1",1014078567,,"","",,"","[LineSearchFailed] after 140 iters  f=0.190104: nlopt Limite",,,FALSE,0.11437632,0.11437632,"d+ lp- dl+ ll- w+"
"layered_lbfgs","boomsma","test","boomsma_3US","cfa",25,55,"native","lambda0.25",1014078570,,"","",,"","[LineSearchFailed] after 170 iters  f=0.436796: nlopt Limite",,,FALSE,0.26308633,0.26308633,"d+ lp- dl+ ll- w+"
"layered_lbfgs","boomsma","test","boomsma_3US","cfa",25,55,"native","lambda1",1014078570,,"","",,"","[LineSearchFailed] after 97 iters  f=0.460553: nlopt Limited",,,FALSE,0.33666607,0.33666607,"d+ lp- dl+ ll- w+"
"layered_lbfgs","boomsma","test","boomsma_3US","cfa",25,55,"x0.01","lambda1",1014078570,,"","",,"","[LineSearchFailed] after 97 iters  f=0.460553: nlopt Limited",,,FALSE,0.33666607,0.33666607,"d+ lp- dl- ll- w+"
"layered_lbfgs","boomsma","test","boomsma_3US","cfa",25,55,"x100","lambda0.25",1014078570,,"","",,"","[LineSearchFailed] after 163 iters  f=0.436796: nlopt Limite",,,FALSE,0.26308633,0.26308633,"d+ lp- dl+ ll- w+"
"layered_lbfgs","boomsma","test","boomsma_3US","cfa",25,55,"x100","lambda1",1014078570,,"","",,"","[LineSearchFailed] after 97 iters  f=0.460553: nlopt Limited",,,FALSE,0.33666607,0.33666607,"d+ lp- dl+ ll- w+"
"layered_lbfgs","boomsma","test","boomsma_3US","cfa",25,57,"mixed","lambda1",1014078572,0.37641077,"nonpositive_curvature","converged",155,"layered","",1,4.4456695,FALSE,0.33066846,0.33066846,"d+ lp+ dl+ ll- w+"
"layered_lbfgs","boomsma","test","boomsma_3US","cfa",25,57,"native","lambda1",1014078572,,"","",,"","[LineSearchFailed] after 83 iters  f=0.376411: nlopt Limited",,,FALSE,0.33066846,0.33066846,"d+ lp+ dl+ ll- w+"
"layered_lbfgs","boomsma","test","boomsma_3US","cfa",25,57,"x100","lambda1",1014078572,,"","",,"","[LineSearchFailed] after 82 iters  f=0.376411: nlopt Limited",,,FALSE,0.33066846,0.33066846,"d+ lp+ dl+ ll- w+"
"layered_lbfgs","boomsma","test","boomsma_3US","cfa",25,58,"native","lambda0.25",1014078573,,"","",,"","[LineSearchFailed] after 642 iters  f=0.270458: nlopt Limite",,,FALSE,0.21282707,0.21282707,"d+ lp- dl+ ll- w+"
"layered_lbfgs","boomsma","test","boomsma_3US","cfa",25,58,"native","lambda1",1014078573,,"","",,"","[LineSearchFailed] after 178 iters  f=0.381239: nlopt Limite",,,FALSE,0.28295504,0.28295504,"d+ lp- dl+ ll- w+"
"layered_lbfgs","boomsma","test","boomsma_3US","cfa",25,58,"x0.01","lambda1",1014078573,,"","",,"","[LineSearchFailed] after 199 iters  f=0.381236: nlopt Limite",,,FALSE,0.28295504,0.28295504,"d+ lp- dl+ ll- w+"
"layered_lbfgs","boomsma","test","boomsma_3US","cfa",25,58,"x100","lambda0.25",1014078573,,"","",,"","[LineSearchFailed] after 978 iters  f=0.270217: nlopt Limite",,,FALSE,0.21282707,0.21282707,"d+ lp- dl+ ll- w+"
"layered_lbfgs","boomsma","test","boomsma_3US","cfa",25,58,"x100","lambda1",1014078573,,"","",,"","[LineSearchFailed] after 197 iters  f=0.381236: nlopt Limite",,,FALSE,0.28295504,0.28295504,"d+ lp- dl+ ll- w+"
"layered_lbfgs","boomsma","test","boomsma_3US","cfa",25,6,"native","lambda0.25",204457116,,"","",,"","[LineSearchFailed] after 105 iters  f=0.170222: nlopt Limite",,,FALSE,0.14640849,0.14640849,"d+ lp+ dl+ ll- w+"
"layered_lbfgs","boomsma","test","boomsma_3US","cfa",25,6,"native","lambda1",204457116,,"","",,"","[LineSearchFailed] after 85 iters  f=0.230454: nlopt Limited",,,FALSE,0.20874807,0.20874807,"d+ lp+ dl+ ll- w+"
"layered_lbfgs","boomsma","test","boomsma_3US","cfa",25,6,"x100","lambda0.25",204457116,,"","",,"","[LineSearchFailed] after 174 iters  f=0.166022: nlopt Limite",,,FALSE,0.14640849,0.14640849,"d+ lp+ dl+ ll- w+"
"layered_lbfgs","boomsma","test","boomsma_3US","cfa",25,6,"x100","lambda1",204457116,,"","",,"","[LineSearchFailed] after 102 iters  f=0.230448: nlopt Limite",,,FALSE,0.20874807,0.20874807,"d+ lp+ dl+ ll- w+"
"layered_lbfgs","boomsma","test","boomsma_3US","cfa",25,60,"x0.01","lambda0.25",1014078696,0.12863925,"available","converged",1327,"layered","",1,55.157049,FALSE,0.12860151,0.12860149,"d+ lp+ dl- ll- w-"
"layered_lbfgs","boomsma","test","boomsma_3US","cfa",25,61,"mixed","lambda1",1014078697,,"","",,"","[LineSearchFailed] after 85 iters  f=0.16497: nlopt Limited-",,,FALSE,0.11486552,0.11486552,"d+ lp- dl- ll- w+"
"layered_lbfgs","boomsma","test","boomsma_3US","cfa",25,61,"native","lambda0.25",1014078697,,"","",,"","[LineSearchFailed] after 158 iters  f=0.139055: nlopt Limite",,,FALSE,0.065774562,0.065774562,"d+ lp- dl+ ll- w+"
"layered_lbfgs","boomsma","test","boomsma_3US","cfa",25,61,"native","lambda1",1014078697,,"","",,"","[LineSearchFailed] after 85 iters  f=0.16497: nlopt Limited-",,,FALSE,0.11486552,0.11486552,"d+ lp- dl+ ll- w+"
"layered_lbfgs","boomsma","test","boomsma_3US","cfa",25,61,"x0.01","lambda0.25",1014078697,,"","",,"","[LineSearchFailed] after 148 iters  f=0.139055: nlopt Limite",,,FALSE,0.065774562,0.065774562,"d+ lp- dl+ ll- w+"
"layered_lbfgs","boomsma","test","boomsma_3US","cfa",25,61,"x0.01","lambda1",1014078697,,"","",,"","[LineSearchFailed] after 85 iters  f=0.16497: nlopt Limited-",,,FALSE,0.11486552,0.11486552,"d+ lp- dl- ll- w+"
"layered_lbfgs","boomsma","test","boomsma_3US","cfa",25,61,"x100","lambda0.25",1014078697,,"","",,"","[LineSearchFailed] after 158 iters  f=0.139055: nlopt Limite",,,FALSE,0.065774562,0.065774562,"d+ lp- dl+ ll- w+"
"layered_lbfgs","boomsma","test","boomsma_3US","cfa",25,61,"x100","lambda1",1014078697,,"","",,"","[LineSearchFailed] after 85 iters  f=0.16497: nlopt Limited-",,,FALSE,0.11486552,0.11486552,"d+ lp- dl+ ll- w+"
"layered_lbfgs","boomsma","test","boomsma_3US","cfa",25,68,"mixed","lambda1",1014078704,0.51585508,"nonpositive_curvature","converged",131,"layered","",1,1.3575056,FALSE,0.40891243,0.40891243,"d+ lp- dl+ ll- w+"
"layered_lbfgs","boomsma","test","boomsma_3US","cfa",25,68,"native","lambda1",1014078704,,"","",,"","[LineSearchFailed] after 168 iters  f=0.515689: nlopt Limite",,,FALSE,0.40891243,0.40891243,"d+ lp- dl+ ll- w+"
"layered_lbfgs","boomsma","test","boomsma_3US","cfa",25,68,"x0.01","lambda1",1014078704,,"","",,"","[LineSearchFailed] after 170 iters  f=0.515689: nlopt Limite",,,FALSE,0.40891243,0.40891243,"d+ lp- dl- ll- w+"
"layered_lbfgs","boomsma","test","boomsma_3US","cfa",25,68,"x100","lambda1",1014078704,0.51585508,"nonpositive_curvature","converged",145,"layered","",1,1.3575055,FALSE,0.40891243,0.40891243,"d+ lp- dl+ ll- w+"
"layered_lbfgs","boomsma","test","boomsma_3US","cfa",25,7,"x0.01","lambda1",204457117,,"","",,"","[LineSearchFailed] after 109 iters  f=0.281471: nlopt Limite",,,FALSE,0.25044546,0.25044546,"d+ lp- dl+ ll- w-"
"layered_lbfgs","boomsma","test","boomsma_3US","cfa",25,70,"mixed","lambda0.25",1014078827,,"","",,"","[LineSearchFailed] after 75 iters  f=0.275123: nlopt Limited",,,FALSE,0.13447432,0.13447432,"d+ lp- dl- ll- w+"
"layered_lbfgs","boomsma","test","boomsma_3US","cfa",25,70,"native","lambda0.25",1014078827,,"","",,"","[LineSearchFailed] after 75 iters  f=0.275123: nlopt Limited",,,FALSE,0.13447432,0.13447432,"d+ lp- dl+ ll- w+"
"layered_lbfgs","boomsma","test","boomsma_3US","cfa",25,70,"native","lambda1",1014078827,,"","",,"","[LineSearchFailed] after 178 iters  f=0.285497: nlopt Limite",,,FALSE,0.18875282,0.18875282,"d+ lp- dl+ ll- w+"
"layered_lbfgs","boomsma","test","boomsma_3US","cfa",25,70,"x0.01","lambda1",1014078827,,"","",,"","[LineSearchFailed] after 187 iters  f=0.285497: nlopt Limite",,,FALSE,0.18875282,0.18875282,"d+ lp- dl+ ll- w+"
"layered_lbfgs","boomsma","test","boomsma_3US","cfa",25,70,"x100","lambda0.25",1014078827,,"","",,"","[LineSearchFailed] after 75 iters  f=0.275123: nlopt Limited",,,FALSE,0.13447432,0.13447432,"d+ lp- dl+ ll- w+"
"layered_lbfgs","boomsma","test","boomsma_3US","cfa",25,70,"x100","lambda1",1014078827,,"","",,"","[LineSearchFailed] after 168 iters  f=0.285497: nlopt Limite",,,FALSE,0.18875282,0.18875282,"d+ lp- dl+ ll- w+"
"layered_lbfgs","boomsma","test","boomsma_3US","cfa",25,71,"native","lambda0.25",1014078828,,"","",,"","[LineSearchFailed] after 77 iters  f=0.335065: nlopt Limited",,,FALSE,0.18751318,0.18751318,"d+ lp- dl+ ll- w+"
"layered_lbfgs","boomsma","test","boomsma_3US","cfa",25,71,"native","lambda1",1014078828,,"","",,"","[LineSearchFailed] after 95 iters  f=0.337067: nlopt Limited",,,FALSE,0.2523832,0.2523832,"d+ lp+ dl+ ll- w+"
"layered_lbfgs","boomsma","test","boomsma_3US","cfa",25,71,"x100","lambda0.25",1014078828,,"","",,"","[LineSearchFailed] after 77 iters  f=0.335058: nlopt Limited",,,FALSE,0.18751318,0.18751318,"d+ lp- dl+ ll- w+"
"layered_lbfgs","boomsma","test","boomsma_3US","cfa",25,71,"x100","lambda1",1014078828,,"","",,"","[LineSearchFailed] after 95 iters  f=0.337067: nlopt Limited",,,FALSE,0.2523832,0.2523832,"d+ lp+ dl+ ll- w+"
"layered_lbfgs","boomsma","test","boomsma_3US","cfa",25,72,"mixed","lambda0.25",1014078829,,"","",,"","[LineSearchFailed] after 92 iters  f=0.305934: nlopt Limited",,,FALSE,0.1905266,0.1905266,"d+ lp- dl+ ll- w+"
"layered_lbfgs","boomsma","test","boomsma_3US","cfa",25,72,"mixed","lambda1",1014078829,,"","",,"","[LineSearchFailed] after 149 iters  f=0.336192: nlopt Limite",,,FALSE,0.24967477,0.24967477,"d+ lp- dl- ll- w+"
"layered_lbfgs","boomsma","test","boomsma_3US","cfa",25,72,"native","lambda0.25",1014078829,,"","",,"","[LineSearchFailed] after 92 iters  f=0.305934: nlopt Limited",,,FALSE,0.1905266,0.1905266,"d+ lp- dl+ ll- w+"
"layered_lbfgs","boomsma","test","boomsma_3US","cfa",25,72,"native","lambda1",1014078829,,"","",,"","[LineSearchFailed] after 186 iters  f=0.336192: nlopt Limite",,,FALSE,0.24967477,0.24967477,"d+ lp- dl+ ll- w+"
"layered_lbfgs","boomsma","test","boomsma_3US","cfa",25,72,"x0.01","lambda0.25",1014078829,,"","",,"","[LineSearchFailed] after 92 iters  f=0.305934: nlopt Limited",,,FALSE,0.1905266,0.1905266,"d+ lp- dl+ ll- w+"
"layered_lbfgs","boomsma","test","boomsma_3US","cfa",25,72,"x0.01","lambda1",1014078829,,"","",,"","[LineSearchFailed] after 184 iters  f=0.336192: nlopt Limite",,,FALSE,0.24967477,0.24967477,"d+ lp- dl+ ll- w+"
"layered_lbfgs","boomsma","test","boomsma_3US","cfa",25,72,"x100","lambda0.25",1014078829,,"","",,"","[LineSearchFailed] after 92 iters  f=0.305934: nlopt Limited",,,FALSE,0.1905266,0.1905266,"d+ lp- dl+ ll- w+"
"layered_lbfgs","boomsma","test","boomsma_3US","cfa",25,72,"x100","lambda1",1014078829,,"","",,"","[LineSearchFailed] after 160 iters  f=0.336192: nlopt Limite",,,FALSE,0.24967477,0.24967477,"d+ lp- dl+ ll- w+"
"layered_lbfgs","boomsma","test","boomsma_3US","cfa",25,74,"native","lambda1",1014078831,,"","",,"","[LineSearchFailed] after 77 iters  f=0.151156: nlopt Limited",,,FALSE,0.10402969,0.10402969,"d+ lp- dl- ll- w+"
"layered_lbfgs","boomsma","test","boomsma_3US","cfa",25,74,"x100","lambda1",1014078831,,"","",,"","[LineSearchFailed] after 77 iters  f=0.151156: nlopt Limited",,,FALSE,0.10402969,0.10402969,"d+ lp- dl- ll- w+"
"layered_lbfgs","boomsma","test","boomsma_3US","cfa",25,75,"native","lambda1",1014078832,,"","",,"","[LineSearchFailed] after 79 iters  f=0.467432: nlopt Limited",,,FALSE,0.34110204,0.34110204,"d+ lp- dl+ ll- w+"
"layered_lbfgs","boomsma","test","boomsma_3US","cfa",25,75,"x0.01","lambda1",1014078832,,"","",,"","[LineSearchFailed] after 79 iters  f=0.467432: nlopt Limited",,,FALSE,0.34110204,0.34110204,"d+ lp- dl+ ll- w+"
"layered_lbfgs","boomsma","test","boomsma_3US","cfa",25,75,"x100","lambda1",1014078832,,"","",,"","[LineSearchFailed] after 79 iters  f=0.467432: nlopt Limited",,,FALSE,0.34110204,0.34110204,"d+ lp- dl+ ll- w+"
"layered_lbfgs","boomsma","test","boomsma_3US","cfa",25,76,"mixed","lambda1",1014078833,,"","",,"","[LineSearchFailed] after 95 iters  f=0.451601: nlopt Limited",,,FALSE,0.36036135,0.36036135,"d+ lp- dl- ll- w+"
"layered_lbfgs","boomsma","test","boomsma_3US","cfa",25,76,"native","lambda0.25",1014078833,,"","",,"","[LineSearchFailed] after 78 iters  f=0.428182: nlopt Limited",,,FALSE,0.27368228,0.27368228,"d+ lp- dl+ ll- w+"
"layered_lbfgs","boomsma","test","boomsma_3US","cfa",25,76,"native","lambda1",1014078833,,"","",,"","[LineSearchFailed] after 95 iters  f=0.451601: nlopt Limited",,,FALSE,0.36036135,0.36036135,"d+ lp- dl+ ll- w+"
"layered_lbfgs","boomsma","test","boomsma_3US","cfa",25,76,"x0.01","lambda1",1014078833,,"","",,"","[LineSearchFailed] after 95 iters  f=0.451601: nlopt Limited",,,FALSE,0.36036135,0.36036135,"d+ lp- dl- ll- w+"
"layered_lbfgs","boomsma","test","boomsma_3US","cfa",25,76,"x100","lambda0.25",1014078833,,"","",,"","[LineSearchFailed] after 78 iters  f=0.428182: nlopt Limited",,,FALSE,0.27368228,0.27368228,"d+ lp- dl+ ll- w+"
"layered_lbfgs","boomsma","test","boomsma_3US","cfa",25,76,"x100","lambda1",1014078833,,"","",,"","[LineSearchFailed] after 95 iters  f=0.451601: nlopt Limited",,,FALSE,0.36036135,0.36036135,"d+ lp- dl+ ll- w+"
"layered_lbfgs","boomsma","test","boomsma_3US","cfa",25,80,"mixed","lambda0.25",1014078958,,"","",,"","[LineSearchFailed] after 123 iters  f=0.193169: nlopt Limite",,,FALSE,0.15279338,0.15279338,"d+ lp+ dl+ ll- w+"
"layered_lbfgs","boomsma","test","boomsma_3US","cfa",25,80,"native","lambda0.25",1014078958,,"","",,"","[LineSearchFailed] after 168 iters  f=0.193169: nlopt Limite",,,FALSE,0.15279338,0.15279338,"d+ lp+ dl+ ll- w+"
"layered_lbfgs","boomsma","test","boomsma_3US","cfa",25,80,"native","lambda1",1014078958,,"","",,"","[LineSearchFailed] after 152 iters  f=0.21893: nlopt Limited",,,FALSE,0.1940499,0.1940499,"d+ lp+ dl+ ll- w+"
"layered_lbfgs","boomsma","test","boomsma_3US","cfa",25,80,"x0.01","lambda0.25",1014078958,,"","",,"","[LineSearchFailed] after 140 iters  f=0.19317: nlopt Limited",,,FALSE,0.15279339,0.15279338,"d+ lp+ dl+ ll- w+"
"layered_lbfgs","boomsma","test","boomsma_3US","cfa",25,80,"x100","lambda0.25",1014078958,0.193169,"nonpositive_curvature","converged",153,"layered","",1,1.1346597,FALSE,0.15279338,0.15279338,"d+ lp+ dl+ ll- w+"
"layered_lbfgs","boomsma","test","boomsma_3US","cfa",25,80,"x100","lambda1",1014078958,,"","",,"","[LineSearchFailed] after 88 iters  f=0.219066: nlopt Limited",,,FALSE,0.1940499,0.1940499,"d+ lp+ dl+ ll- w+"
"layered_lbfgs","boomsma","test","boomsma_3US","cfa",25,81,"native","lambda0.25",1014078959,,"","",,"","[LineSearchFailed] after 145 iters  f=0.425002: nlopt Limite",,,FALSE,0.20923568,0.20923568,"d+ lp- dl+ ll- w+"
"layered_lbfgs","boomsma","test","boomsma_3US","cfa",25,81,"native","lambda1",1014078959,,"","",,"","[LineSearchFailed] after 171 iters  f=0.426828: nlopt Limite",,,FALSE,0.26854686,0.26854686,"d+ lp- dl+ ll- w+"
"layered_lbfgs","boomsma","test","boomsma_3US","cfa",25,81,"x0.01","lambda0.25",1014078959,,"","",,"","[LineSearchFailed] after 61 iters  f=0.425602: nlopt Limited",,,FALSE,0.20923568,0.20923568,"d+ lp- dl+ ll- w+"
"layered_lbfgs","boomsma","test","boomsma_3US","cfa",25,81,"x100","lambda0.25",1014078959,,"","",,"","[LineSearchFailed] after 144 iters  f=0.42499: nlopt Limited",,,FALSE,0.20923568,0.20923568,"d+ lp- dl+ ll- w+"
"layered_lbfgs","boomsma","test","boomsma_3US","cfa",25,81,"x100","lambda1",1014078959,,"","",,"","[LineSearchFailed] after 171 iters  f=0.426828: nlopt Limite",,,FALSE,0.26854686,0.26854686,"d+ lp- dl+ ll- w+"
"layered_lbfgs","boomsma","test","boomsma_3US","cfa",25,82,"native","lambda0.25",1014078960,,"","",,"","[LineSearchFailed] after 956 iters  f=0.302662: nlopt Limite",,,FALSE,0.19756408,0.19756408,"d+ lp- dl+ ll- w+"
"layered_lbfgs","boomsma","test","boomsma_3US","cfa",25,82,"native","lambda1",1014078960,,"","",,"","[LineSearchFailed] after 100 iters  f=0.398169: nlopt Limite",,,FALSE,0.26256973,0.26073435,"d+ lp- dl+ ll- w+"
"layered_lbfgs","boomsma","test","boomsma_3US","cfa",25,82,"x100","lambda0.25",1014078960,0.3022746,"available","converged",1729,"layered","",1,82.559292,FALSE,0.19756408,0.19756408,"d+ lp- dl+ ll- w+"
"layered_lbfgs","boomsma","test","boomsma_3US","cfa",25,82,"x100","lambda1",1014078960,,"","",,"","[LineSearchFailed] after 100 iters  f=0.398169: nlopt Limite",,,FALSE,0.26256973,0.26073435,"d+ lp- dl+ ll- w+"
"layered_lbfgs","boomsma","test","boomsma_3US","cfa",25,84,"mixed","lambda0.25",1014078962,,"","",,"","[LineSearchFailed] after 157 iters  f=0.438117: nlopt Limite",,,FALSE,0.24969607,0.24969607,"d+ lp- dl- ll- w+"
"layered_lbfgs","boomsma","test","boomsma_3US","cfa",25,84,"mixed","lambda1",1014078962,,"","",,"","[LineSearchFailed] after 148 iters  f=0.458672: nlopt Limite",,,FALSE,0.32582996,0.32582996,"d+ lp- dl- ll- w+"
"layered_lbfgs","boomsma","test","boomsma_3US","cfa",25,84,"native","lambda0.25",1014078962,,"","",,"","[LineSearchFailed] after 157 iters  f=0.438117: nlopt Limite",,,FALSE,0.24969607,0.24969607,"d+ lp- dl+ ll- w+"
"layered_lbfgs","boomsma","test","boomsma_3US","cfa",25,84,"native","lambda1",1014078962,,"","",,"","[LineSearchFailed] after 148 iters  f=0.458672: nlopt Limite",,,FALSE,0.32582996,0.32582996,"d+ lp- dl+ ll- w+"
"layered_lbfgs","boomsma","test","boomsma_3US","cfa",25,84,"x0.01","lambda0.25",1014078962,,"","",,"","[LineSearchFailed] after 157 iters  f=0.438117: nlopt Limite",,,FALSE,0.24969607,0.24969607,"d+ lp- dl+ ll- w+"
"layered_lbfgs","boomsma","test","boomsma_3US","cfa",25,84,"x0.01","lambda1",1014078962,,"","",,"","[LineSearchFailed] after 148 iters  f=0.458672: nlopt Limite",,,FALSE,0.32582996,0.32582996,"d+ lp- dl+ ll- w+"
"layered_lbfgs","boomsma","test","boomsma_3US","cfa",25,84,"x100","lambda0.25",1014078962,,"","",,"","[LineSearchFailed] after 157 iters  f=0.438117: nlopt Limite",,,FALSE,0.24969607,0.24969607,"d+ lp- dl+ ll- w+"
"layered_lbfgs","boomsma","test","boomsma_3US","cfa",25,84,"x100","lambda1",1014078962,,"","",,"","[LineSearchFailed] after 148 iters  f=0.458672: nlopt Limite",,,FALSE,0.32582996,0.32582996,"d+ lp- dl+ ll- w+"
"layered_lbfgs","boomsma","test","boomsma_3US","cfa",25,86,"native","lambda0.25",1014078964,,"","",,"","[LineSearchFailed] after 239 iters  f=0.341398: nlopt Limite",,,FALSE,0.15897346,0.15897346,"d+ lp- dl+ ll- w+"
"layered_lbfgs","boomsma","test","boomsma_3US","cfa",25,86,"native","lambda1",1014078964,,"","",,"","[LineSearchFailed] after 75 iters  f=0.365112: nlopt Limited",,,FALSE,0.22208488,0.22208488,"d+ lp- dl+ ll- w+"
"layered_lbfgs","boomsma","test","boomsma_3US","cfa",25,86,"x0.01","lambda0.25",1014078964,,"","",,"","[LineSearchFailed] after 206 iters  f=0.341399: nlopt Limite",,,FALSE,0.15897346,0.15897346,"d+ lp- dl+ ll- w+"
"layered_lbfgs","boomsma","test","boomsma_3US","cfa",25,86,"x100","lambda0.25",1014078964,,"","",,"","[LineSearchFailed] after 204 iters  f=0.341399: nlopt Limite",,,FALSE,0.15897346,0.15897346,"d+ lp- dl+ ll- w+"
"layered_lbfgs","boomsma","test","boomsma_3US","cfa",25,86,"x100","lambda1",1014078964,,"","",,"","[LineSearchFailed] after 75 iters  f=0.365112: nlopt Limited",,,FALSE,0.22208488,0.22208488,"d+ lp- dl+ ll- w+"
"layered_lbfgs","boomsma","test","boomsma_3US","cfa",25,89,"native","lambda0.25",1014078967,,"","",,"","[LineSearchFailed] after 89 iters  f=0.338638: nlopt Limited",,,FALSE,0.23799707,0.23799707,"d+ lp- dl+ ll- w+"
"layered_lbfgs","boomsma","test","boomsma_3US","cfa",25,89,"native","lambda1",1014078967,,"","",,"","[LineSearchFailed] after 88 iters  f=0.359602: nlopt Limited",,,FALSE,0.29780756,0.29780756,"d+ lp- dl+ ll- w+"
"layered_lbfgs","boomsma","test","boomsma_3US","cfa",25,89,"x0.01","lambda0.25",1014078967,,"","",,"","[LineSearchFailed] after 89 iters  f=0.338638: nlopt Limited",,,FALSE,0.27154393,0.23799707,"d+ lp- dl+ ll- w+"
"layered_lbfgs","boomsma","test","boomsma_3US","cfa",25,89,"x0.01","lambda1",1014078967,,"","",,"","[LineSearchFailed] after 88 iters  f=0.359602: nlopt Limited",,,FALSE,0.29780756,0.29780756,"d+ lp- dl- ll- w+"
"layered_lbfgs","boomsma","test","boomsma_3US","cfa",25,89,"x100","lambda0.25",1014078967,,"","",,"","[LineSearchFailed] after 89 iters  f=0.338638: nlopt Limited",,,FALSE,0.23799707,0.23799707,"d+ lp- dl+ ll- w+"
"layered_lbfgs","boomsma","test","boomsma_3US","cfa",25,89,"x100","lambda1",1014078967,,"","",,"","[LineSearchFailed] after 88 iters  f=0.359602: nlopt Limited",,,FALSE,0.29780756,0.29780756,"d+ lp- dl+ ll- w+"
"layered_lbfgs","boomsma","test","boomsma_3US","cfa",25,90,"native","lambda0.25",1014079089,0.27730596,"available","converged",1035,"layered","",1,54.888762,FALSE,0.31340575,0.27679899,"d+ lp- dl+ ll- w+"
"layered_lbfgs","boomsma","test","boomsma_3US","cfa",25,90,"native","lambda1",1014079089,,"","",,"","[LineSearchFailed] after 163 iters  f=0.390164: nlopt Limite",,,FALSE,0.35353545,0.34482021,"d+ lp+ dl+ ll- w+"
"layered_lbfgs","boomsma","test","boomsma_3US","cfa",25,90,"x0.01","lambda1",1014079089,,"","",,"","[LineSearchFailed] after 149 iters  f=0.390164: nlopt Limite",,,FALSE,0.35353545,0.34482021,"d+ lp+ dl+ ll- w+"
"layered_lbfgs","boomsma","test","boomsma_3US","cfa",25,90,"x100","lambda0.25",1014079089,0.2774275,"available","converged",371,"layered","",1,43.696276,FALSE,0.27679899,0.27679899,"d+ lp- dl- ll- w+"
"layered_lbfgs","boomsma","test","boomsma_3US","cfa",25,90,"x100","lambda1",1014079089,,"","",,"","[LineSearchFailed] after 237 iters  f=0.390163: nlopt Limite",,,FALSE,0.35353545,0.34482021,"d+ lp+ dl+ ll- w+"
"layered_lbfgs","boomsma","test","boomsma_3US","cfa",25,96,"native","lambda0.25",1014079095,,"","",,"","[LineSearchFailed] after 162 iters  f=0.307034: nlopt Limite",,,FALSE,0.27879574,0.27879574,"d+ lp- dl+ ll- w+"
"layered_lbfgs","boomsma","test","boomsma_3US","cfa",25,96,"native","lambda1",1014079095,,"","",,"","[LineSearchFailed] after 113 iters  f=0.316836: nlopt Limite",,,FALSE,0.30896452,0.30896452,"d+ lp- dl+ ll- w+"
"layered_lbfgs","boomsma","test","boomsma_3US","cfa",25,96,"x0.01","lambda0.25",1014079095,,"","",,"","[LineSearchFailed] after 162 iters  f=0.307034: nlopt Limite",,,FALSE,0.27879574,0.27879574,"d+ lp- dl- ll- w+"
"layered_lbfgs","boomsma","test","boomsma_3US","cfa",25,96,"x100","lambda0.25",1014079095,,"","",,"","[LineSearchFailed] after 162 iters  f=0.307034: nlopt Limite",,,FALSE,0.27879574,0.27879574,"d+ lp- dl+ ll- w+"
"layered_lbfgs","boomsma","test","boomsma_3US","cfa",25,96,"x100","lambda1",1014079095,,"","",,"","[LineSearchFailed] after 113 iters  f=0.316836: nlopt Limite",,,FALSE,0.30896452,0.30896452,"d+ lp- dl+ ll- w+"
"layered_lbfgs","boomsma","test","boomsma_3US","cfa",25,97,"native","lambda1",1014079096,,"","",,"","[LineSearchFailed] after 142 iters  f=0.27908: nlopt Limited",,,FALSE,0.20932313,0.20932313,"d+ lp- dl+ ll- w+"
"layered_lbfgs","boomsma","test","boomsma_3US","cfa",25,97,"x0.01","lambda1",1014079096,,"","",,"","[LineSearchFailed] after 120 iters  f=0.27908: nlopt Limited",,,FALSE,0.20932313,0.20932313,"d+ lp- dl+ ll- w+"
"layered_lbfgs","boomsma","test","boomsma_3US","cfa",25,97,"x100","lambda1",1014079096,,"","",,"","[LineSearchFailed] after 138 iters  f=0.27908: nlopt Limited",,,FALSE,0.20932313,0.20932313,"d+ lp- dl+ ll- w+"
"layered_lbfgs","boomsma","test","boomsma_3US","cfa",25,99,"mixed","lambda0.25",1014079098,0.34475501,"nonpositive_curvature","converged",272,"layered","",1,2.1142485,FALSE,0.22972668,0.22972668,"d+ lp- dl+ ll- w+"
"layered_lbfgs","boomsma","test","boomsma_3US","cfa",25,99,"mixed","lambda1",1014079098,,"","",,"","[LineSearchFailed] after 93 iters  f=0.44683: nlopt Limited-",,,FALSE,0.29718478,0.29718478,"d+ lp- dl+ ll- w-"
"layered_lbfgs","boomsma","test","boomsma_3US","cfa",25,99,"native","lambda0.25",1014079098,,"","",,"","[LineSearchFailed] after 230 iters  f=0.344755: nlopt Limite",,,FALSE,0.22972668,0.22972668,"d+ lp- dl+ ll- w+"
"layered_lbfgs","boomsma","test","boomsma_3US","cfa",25,99,"native","lambda1",1014079098,,"","",,"","[LineSearchFailed] after 93 iters  f=0.44683: nlopt Limited-",,,FALSE,0.29718478,0.29718478,"d+ lp- dl+ ll- w-"
"layered_lbfgs","boomsma","test","boomsma_3US","cfa",25,99,"x0.01","lambda0.25",1014079098,,"","",,"","[LineSearchFailed] after 271 iters  f=0.344755: nlopt Limite",,,FALSE,0.22972668,0.22972668,"d+ lp- dl+ ll- w+"
"layered_lbfgs","boomsma","test","boomsma_3US","cfa",25,99,"x0.01","lambda1",1014079098,,"","",,"","[LineSearchFailed] after 93 iters  f=0.44683: nlopt Limited-",,,FALSE,0.29718478,0.29718478,"d+ lp- dl+ ll- w-"
"layered_lbfgs","boomsma","test","boomsma_3US","cfa",25,99,"x100","lambda0.25",1014079098,,"","",,"","[LineSearchFailed] after 269 iters  f=0.344755: nlopt Limite",,,FALSE,0.22972668,0.22972668,"d+ lp- dl+ ll- w+"
"layered_lbfgs","boomsma","test","boomsma_3US","cfa",25,99,"x100","lambda1",1014079098,,"","",,"","[LineSearchFailed] after 93 iters  f=0.44683: nlopt Limited-",,,FALSE,0.29718478,0.29718478,"d+ lp- dl+ ll- w-"
"layered_lbfgs","boomsma","test","boomsma_4CS","cfa",25,12,"mixed","lambda0.25",399466220,,"","",,"","[LineSearchFailed] after 117 iters  f=0.763563: nlopt Limite",,,FALSE,0.51401441,0.51401441,"d+ lp- dl+ ll- w-"
"layered_lbfgs","boomsma","test","boomsma_4CS","cfa",25,12,"mixed","lambda1",399466220,,"","",,"","[LineSearchFailed] after 92 iters  f=0.783399: nlopt Limited",,,FALSE,0.57105677,0.57105674,"d+ lp- dl+ ll- w+"
"layered_lbfgs","boomsma","test","boomsma_4CS","cfa",25,12,"native","lambda1",399466220,,"","",,"","[LineSearchFailed] after 92 iters  f=0.783399: nlopt Limited",,,FALSE,0.57105674,0.57105674,"d+ lp- dl+ ll- w+"
"layered_lbfgs","boomsma","test","boomsma_4CS","cfa",25,12,"x0.01","lambda1",399466220,,"","",,"","[LineSearchFailed] after 92 iters  f=0.783399: nlopt Limited",,,FALSE,0.57105674,0.57105674,"d+ lp- dl+ ll- w+"
"layered_lbfgs","boomsma","test","boomsma_4CS","cfa",25,12,"x100","lambda1",399466220,,"","",,"","[LineSearchFailed] after 92 iters  f=0.783399: nlopt Limited",,,FALSE,0.57105674,0.57105674,"d+ lp- dl+ ll- w+"
"layered_lbfgs","boomsma","test","boomsma_4CS","cfa",25,18,"native","lambda0.25",399466226,,"","",,"","[LineSearchFailed] after 174 iters  f=1.08379: nlopt Limited",,,FALSE,0.66704342,0.66704342,"d+ lp- dl+ ll- w+"
"layered_lbfgs","boomsma","test","boomsma_4CS","cfa",25,18,"native","lambda1",399466226,,"","",,"","[LineSearchFailed] after 93 iters  f=1.09719: nlopt Limited-",,,FALSE,0.74705813,0.74705813,"d+ lp+ dl+ ll- w+"
"layered_lbfgs","boomsma","test","boomsma_4CS","cfa",25,18,"x0.01","lambda0.25",399466226,,"","",,"","[LineSearchFailed] after 89 iters  f=1.08446: nlopt Limited-",,,FALSE,0.66704342,0.66704342,"d+ lp- dl+ ll- w+"
"layered_lbfgs","boomsma","test","boomsma_4CS","cfa",25,18,"x0.01","lambda1",399466226,,"","",,"","[LineSearchFailed] after 120 iters  f=1.09703: nlopt Limited",,,FALSE,0.74705813,0.74705813,"d+ lp+ dl+ ll- w+"
"layered_lbfgs","boomsma","test","boomsma_4CS","cfa",25,18,"x100","lambda0.25",399466226,,"","",,"","[LineSearchFailed] after 108 iters  f=1.0849: nlopt Limited-",,,FALSE,0.66704342,0.66704342,"d+ lp- dl+ ll- w+"
"layered_lbfgs","boomsma","test","boomsma_4CS","cfa",25,18,"x100","lambda1",399466226,,"","",,"","[LineSearchFailed] after 93 iters  f=1.09719: nlopt Limited-",,,FALSE,0.74705813,0.74705813,"d+ lp+ dl+ ll- w+"
"layered_lbfgs","boomsma","test","boomsma_4CS","cfa",25,2,"mixed","lambda0.25",1330882750,,"","",,"","[LineSearchFailed] after 90 iters  f=0.673385: nlopt Limited",,,FALSE,0.45056373,0.45056373,"d+ lp- dl+ ll- w+"
"layered_lbfgs","boomsma","test","boomsma_4CS","cfa",25,2,"mixed","lambda1",1330882750,,"","",,"","[LineSearchFailed] after 168 iters  f=0.67495: nlopt Limited",,,FALSE,0.52853603,0.52853603,"d+ lp+ dl+ ll- w+"
"layered_lbfgs","boomsma","test","boomsma_4CS","cfa",25,2,"native","lambda0.25",1330882750,,"","",,"","[LineSearchFailed] after 195 iters  f=0.673354: nlopt Limite",,,FALSE,0.45056373,0.45056373,"d+ lp- dl+ ll- w+"
"layered_lbfgs","boomsma","test","boomsma_4CS","cfa",25,2,"native","lambda1",1330882750,,"","",,"","[LineSearchFailed] after 127 iters  f=0.674846: nlopt Limite",,,FALSE,0.52853603,0.52853603,"d+ lp+ dl+ ll- w+"
"layered_lbfgs","boomsma","test","boomsma_4CS","cfa",25,2,"x0.01","lambda0.25",1330882750,,"","",,"","[LineSearchFailed] after 169 iters  f=0.672968: nlopt Limite",,,FALSE,0.45056373,0.45056373,"d+ lp- dl+ ll- w+"
"layered_lbfgs","boomsma","test","boomsma_4CS","cfa",25,2,"x0.01","lambda1",1330882750,,"","",,"","[LineSearchFailed] after 70 iters  f=0.67496: nlopt Limited-",,,FALSE,0.52853603,0.52853603,"d+ lp+ dl+ ll- w+"
"layered_lbfgs","boomsma","test","boomsma_4CS","cfa",25,2,"x100","lambda0.25",1330882750,,"","",,"","[LineSearchFailed] after 106 iters  f=0.67328: nlopt Limited",,,FALSE,0.45056373,0.45056373,"d+ lp- dl+ ll- w+"
"layered_lbfgs","boomsma","test","boomsma_4CS","cfa",25,2,"x100","lambda1",1330882750,,"","",,"","[LineSearchFailed] after 235 iters  f=0.673165: nlopt Limite",,,FALSE,0.52853603,0.52853603,"d+ lp+ dl+ ll- w+"
"layered_lbfgs","boomsma","test","boomsma_4CS","cfa",25,20,"mixed","lambda1",399466349,,"","",,"","[LineSearchFailed] after 109 iters  f=0.526649: nlopt Limite",,,FALSE,0.320067,0.320067,"d+ lp+ dl+ ll- w+"
"layered_lbfgs","boomsma","test","boomsma_4CS","cfa",25,20,"native","lambda1",399466349,,"","",,"","[LineSearchFailed] after 89 iters  f=0.526648: nlopt Limited",,,FALSE,0.320067,0.320067,"d+ lp+ dl+ ll- w+"
"layered_lbfgs","boomsma","test","boomsma_4CS","cfa",25,20,"x0.01","lambda1",399466349,,"","",,"","[LineSearchFailed] after 103 iters  f=0.526179: nlopt Limite",,,FALSE,0.320067,0.320067,"d+ lp+ dl+ ll- w+"
"layered_lbfgs","boomsma","test","boomsma_4CS","cfa",25,20,"x100","lambda1",399466349,,"","",,"","[LineSearchFailed] after 98 iters  f=0.526651: nlopt Limited",,,FALSE,0.320067,0.320067,"d+ lp+ dl+ ll- w+"
"layered_lbfgs","boomsma","test","boomsma_4CS","cfa",25,28,"mixed","lambda1",399466357,,"","",,"","[LineSearchFailed] after 160 iters  f=0.616801: nlopt Limite",,,FALSE,0.56628522,0.56628522,"d+ lp+ dl- ll- w+"
"layered_lbfgs","boomsma","test","boomsma_4CS","cfa",25,28,"native","lambda1",399466357,,"","",,"","[LineSearchFailed] after 300 iters  f=0.616504: nlopt Limite",,,FALSE,0.56628522,0.56628522,"d+ lp+ dl+ ll- w+"
"layered_lbfgs","boomsma","test","boomsma_4CS","cfa",25,28,"x0.01","lambda1",399466357,,"","",,"","[LineSearchFailed] after 166 iters  f=0.616663: nlopt Limite",,,FALSE,0.56628522,0.56628522,"d+ lp+ dl- ll- w+"
"layered_lbfgs","boomsma","test","boomsma_4CS","cfa",25,28,"x100","lambda1",399466357,,"","",,"","[LineSearchFailed] after 156 iters  f=0.616799: nlopt Limite",,,FALSE,0.56628522,0.56628522,"d+ lp+ dl- ll- w+"
"layered_lbfgs","boomsma","test","boomsma_4CS","cfa",25,84,"mixed","lambda1",399467139,,"","",,"","[LineSearchFailed] after 147 iters  f=0.519896: nlopt Limite",,,FALSE,0.38225458,0.38225458,"d+ lp+ dl+ ll- w+"
"layered_lbfgs","boomsma","test","boomsma_4CS","cfa",25,84,"native","lambda1",399467139,0.51989568,"nonpositive_curvature","converged",141,"layered","",1,1.962585,FALSE,0.38225458,0.38225458,"d+ lp+ dl+ ll- w+"
"layered_lbfgs","boomsma","test","boomsma_4CS","cfa",25,84,"x0.01","lambda1",399467139,0.51989567,"nonpositive_curvature","converged",163,"layered","",1,1.9624936,FALSE,0.38225458,0.38225458,"d+ lp+ dl+ ll- w+"
"layered_lbfgs","boomsma","test","boomsma_4CS","cfa",25,84,"x100","lambda1",399467139,0.51989567,"nonpositive_curvature","converged",171,"layered","",1,1.9625356,FALSE,0.38225458,0.38225458,"d+ lp+ dl+ ll- w+"
"layered_lbfgs","boomsma","test","boomsma_4CS","cfa",25,85,"mixed","lambda0.25",399467140,,"","",,"","[LineSearchFailed] after 142 iters  f=0.795987: nlopt Limite",,,FALSE,0.65941008,0.65941008,"d+ lp- dl+ ll- w+"
"layered_lbfgs","boomsma","test","boomsma_4CS","cfa",25,85,"mixed","lambda1",399467140,,"","",,"","[LineSearchFailed] after 137 iters  f=0.818535: nlopt Limite",,,FALSE,0.72074422,0.72074422,"d+ lp+ dl+ ll- w+"
"layered_lbfgs","boomsma","test","boomsma_4CS","cfa",25,85,"native","lambda0.25",399467140,,"","",,"","[LineSearchFailed] after 117 iters  f=0.795987: nlopt Limite",,,FALSE,0.65941008,0.65941008,"d+ lp- dl+ ll- w+"
"layered_lbfgs","boomsma","test","boomsma_4CS","cfa",25,85,"native","lambda1",399467140,,"","",,"","[LineSearchFailed] after 115 iters  f=0.81939: nlopt Limited",,,FALSE,0.72074422,0.72074422,"d+ lp+ dl+ ll- w+"
"layered_lbfgs","boomsma","test","boomsma_4CS","cfa",25,85,"x0.01","lambda0.25",399467140,,"","",,"","[LineSearchFailed] after 97 iters  f=0.796079: nlopt Limited",,,FALSE,0.65941008,0.65941008,"d+ lp- dl+ ll- w+"
"layered_lbfgs","boomsma","test","boomsma_4CS","cfa",25,85,"x100","lambda0.25",399467140,0.79600505,"nonpositive_curvature","converged",160,"layered","",1,1,FALSE,0.65941008,0.65941008,"d+ lp- dl+ ll- w+"
"layered_lbfgs","boomsma","test","boomsma_4CS","cfa",25,9,"mixed","lambda0.25",1330882757,,"","",,"","[LineSearchFailed] after 166 iters  f=0.698882: nlopt Limite",,,FALSE,0.50304129,0.50304129,"d+ lp- dl+ ll- w+"
"layered_lbfgs","boomsma","test","boomsma_4CS","cfa",25,9,"native","lambda0.25",1330882757,,"","",,"","[LineSearchFailed] after 173 iters  f=0.698882: nlopt Limite",,,FALSE,0.50304129,0.50304129,"d+ lp- dl+ ll- w+"
"layered_lbfgs","boomsma","test","boomsma_4CS","cfa",25,9,"x0.01","lambda0.25",1330882757,,"","",,"","[LineSearchFailed] after 144 iters  f=0.698882: nlopt Limite",,,FALSE,0.50304129,0.50304129,"d+ lp- dl+ ll- w+"
"layered_lbfgs","boomsma","test","boomsma_4CS","cfa",25,9,"x100","lambda0.25",1330882757,,"","",,"","[LineSearchFailed] after 160 iters  f=0.698882: nlopt Limite",,,FALSE,0.50304129,0.50304129,"d+ lp- dl+ ll- w+"
"layered_lbfgs","boomsma","test","boomsma_4CS","cfa",25,95,"mixed","lambda0.25",399467271,,"","",,"","[LineSearchFailed] after 173 iters  f=0.815451: nlopt Limite",,,FALSE,0.61229685,0.61229685,"d+ lp+ dl+ ll- w-"
"layered_lbfgs","boomsma","test","boomsma_4CS","cfa",25,95,"x100","lambda0.25",399467271,,"","",,"","[LineSearchFailed] after 84 iters  f=0.815838: nlopt Limited",,,FALSE,0.61229685,0.61229685,"d+ lp+ dl+ ll- w-"
"layered_lbfgs","boomsma","test","boomsma_4UM","cfa",25,17,"mixed","lambda0.25",1191967241,,"","",,"","[LineSearchFailed] after 80 iters  f=0.660021: nlopt Limited",,,FALSE,0.44631038,0.44631038,"d+ lp- dl+ ll- w-"
"layered_lbfgs","boomsma","test","boomsma_4UM","cfa",25,17,"mixed","lambda1",1191967241,,"","",,"","[LineSearchFailed] after 104 iters  f=0.752441: nlopt Limite",,,FALSE,0.57025269,0.57025269,"d+ lp- dl+ ll- w-"
"layered_lbfgs","boomsma","test","boomsma_4UM","cfa",25,17,"native","lambda0.25",1191967241,,"","",,"","[LineSearchFailed] after 676 iters  f=0.469324: nlopt Limite",,,FALSE,0.44631038,0.44631038,"d+ lp- dl+ ll- w-"
"layered_lbfgs","boomsma","test","boomsma_4UM","cfa",25,17,"native","lambda1",1191967241,,"","",,"","[LineSearchFailed] after 101 iters  f=0.752441: nlopt Limite",,,FALSE,0.57025269,0.57025269,"d+ lp- dl+ ll- w-"
"layered_lbfgs","boomsma","test","boomsma_4UM","cfa",25,17,"x0.01","lambda0.25",1191967241,0.46860744,"available","converged",1209,"layered","",1,100.32769,FALSE,0.44631038,0.44631038,"d+ lp- dl+ ll- w-"
"layered_lbfgs","boomsma","test","boomsma_4UM","cfa",25,17,"x0.01","lambda1",1191967241,,"","",,"","[LineSearchFailed] after 122 iters  f=0.752441: nlopt Limite",,,FALSE,0.57025269,0.57025269,"d+ lp- dl+ ll- w-"
"layered_lbfgs","boomsma","test","boomsma_4UM","cfa",25,17,"x100","lambda0.25",1191967241,,"","",,"","[LineSearchFailed] after 76 iters  f=0.660493: nlopt Limited",,,FALSE,0.44631038,0.44631038,"d+ lp- dl+ ll- w-"
"layered_lbfgs","boomsma","test","boomsma_4UM","cfa",25,17,"x100","lambda1",1191967241,,"","",,"","[LineSearchFailed] after 115 iters  f=0.752441: nlopt Limite",,,FALSE,0.57025269,0.57025269,"d+ lp- dl+ ll- w-"
"layered_lbfgs","boomsma","test","boomsma_4US","cfa",25,3,"mixed","lambda0.25",65988111,0.76502676,"available","converged",1766,"layered","",1,75.840279,FALSE,0.84351722,0.84351722,"d+ lp- dl+ ll- w+"
"layered_lbfgs","boomsma","test","boomsma_4US","cfa",25,3,"mixed","lambda1",65988111,0.88270904,"available","converged",1712,"layered","",1,53.702398,FALSE,0.88270194,0.88270194,"d+ lp+ dl- ll- w+"
"layered_lbfgs","boomsma","test","boomsma_4US","cfa",25,3,"native","lambda1",65988111,0.88271272,"available","converged",1685,"layered","",1,50.926912,FALSE,0.88270194,0.88270194,"d+ lp+ dl- ll- w+"
"layered_lbfgs","boomsma","test","boomsma_4US","cfa",25,3,"x0.01","lambda1",65988111,0.88271216,"available","converged",1282,"layered","",1,51.300409,FALSE,0.88270194,0.88270194,"d+ lp+ dl- ll- w+"
"layered_lbfgs","boomsma","test","boomsma_4US","cfa",25,3,"x100","lambda1",65988111,0.88273708,"available","converged",698,"layered","",1,41.733266,FALSE,0.88270194,0.88270194,"d+ lp+ dl- ll- w+"
"layered_lbfgs","boomsma","test","boomsma_4US","cfa",25,40,"x100","lambda0.25",54508204,0.27928406,"available","converged",263,"layered","",1,20.072623,FALSE,0.27927221,0.27927221,"d+ lp+ dl+ ll- w+"
"layered_lbfgs","boomsma","test","boomsma_4US","cfa",25,52,"mixed","lambda0.25",54508337,,"","",,"","[LineSearchFailed] after 173 iters  f=0.551205: nlopt Limite",,,FALSE,0.42925701,0.42925701,"d+ lp- dl+ ll- w+"
"layered_lbfgs","boomsma","test","boomsma_4US","cfa",25,52,"mixed","lambda1",54508337,,"","",,"","[LineSearchFailed] after 124 iters  f=0.583641: nlopt Limite",,,FALSE,0.49061936,0.49061936,"d+ lp- dl+ ll- w+"
"layered_lbfgs","boomsma","test","boomsma_4US","cfa",25,52,"native","lambda0.25",54508337,,"","",,"","[LineSearchFailed] after 156 iters  f=0.551209: nlopt Limite",,,FALSE,0.42925701,0.42925701,"d+ lp- dl+ ll- w+"
"layered_lbfgs","boomsma","test","boomsma_4US","cfa",25,52,"native","lambda1",54508337,,"","",,"","[LineSearchFailed] after 124 iters  f=0.583641: nlopt Limite",,,FALSE,0.49061936,0.49061936,"d+ lp- dl+ ll- w+"
"layered_lbfgs","boomsma","test","boomsma_4US","cfa",25,52,"x0.01","lambda0.25",54508337,,"","",,"","[LineSearchFailed] after 159 iters  f=0.551218: nlopt Limite",,,FALSE,0.42925701,0.42925701,"d+ lp- dl+ ll- w+"
"layered_lbfgs","boomsma","test","boomsma_4US","cfa",25,52,"x0.01","lambda1",54508337,,"","",,"","[LineSearchFailed] after 124 iters  f=0.583641: nlopt Limite",,,FALSE,0.49061936,0.49061936,"d+ lp- dl+ ll- w+"
"layered_lbfgs","boomsma","test","boomsma_4US","cfa",25,52,"x100","lambda0.25",54508337,,"","",,"","[LineSearchFailed] after 149 iters  f=0.551215: nlopt Limite",,,FALSE,0.42925701,0.42925701,"d+ lp- dl+ ll- w+"
"layered_lbfgs","boomsma","test","boomsma_4US","cfa",25,52,"x100","lambda1",54508337,,"","",,"","[LineSearchFailed] after 124 iters  f=0.583641: nlopt Limite",,,FALSE,0.49061936,0.49061936,"d+ lp- dl+ ll- w+"
"layered_lbfgs","boomsma","test","boomsma_4US","cfa",25,69,"native","lambda1",54508475,,"","",,"","[LineSearchFailed] after 198 iters  f=0.735988: nlopt Limite",,,FALSE,0.63483261,0.63483261,"d+ lp- dl- ll- w-"
"layered_lbfgs","boomsma","test","boomsma_4US","cfa",25,69,"x0.01","lambda1",54508475,,"","",,"","[LineSearchFailed] after 208 iters  f=0.735989: nlopt Limite",,,FALSE,0.63483261,0.63483261,"d+ lp- dl- ll- w-"
"layered_lbfgs","boomsma","test","boomsma_4US","cfa",25,69,"x100","lambda1",54508475,,"","",,"","[LineSearchFailed] after 202 iters  f=0.73601: nlopt Limited",,,FALSE,0.63483261,0.63483261,"d+ lp- dl- ll- w-"
"layered_lbfgs","boomsma","test","boomsma_4US","cfa",25,7,"mixed","lambda0.25",65988115,,"","",,"","[LineSearchFailed] after 1136 iters  f=0.738324: nlopt Limit",,,FALSE,0.77376427,0.68744545,"d+ lp- dl+ ll- w+"
"layered_lbfgs","boomsma","test","boomsma_4US","cfa",25,7,"mixed","lambda1",65988115,0.82541829,"available","converged",1695,"layered","",1,76.446117,FALSE,0.78825484,0.78825484,"d+ lp- dl+ ll- w+"
"layered_lbfgs","boomsma","test","boomsma_4US","cfa",25,7,"native","lambda0.25",65988115,,"","",,"","[LineSearchFailed] after 193 iters  f=0.750175: nlopt Limite",,,FALSE,0.77376427,0.68744545,"d+ lp- dl+ ll- w+"
"layered_lbfgs","boomsma","test","boomsma_4US","cfa",25,7,"native","lambda1",65988115,0.82589286,"available","converged",1296,"layered","",1,63.601644,FALSE,0.78825484,0.78825484,"d+ lp- dl+ ll- w+"
"layered_lbfgs","boomsma","test","boomsma_4US","cfa",25,7,"x0.01","lambda0.25",65988115,0.73737387,"available","converged",1695,"layered","",1,64.888944,FALSE,0.77376427,0.68744545,"d+ lp- dl+ ll- w+"
"layered_lbfgs","boomsma","test","boomsma_4US","cfa",25,7,"x0.01","lambda1",65988115,,"","",,"","[LineSearchFailed] after 695 iters  f=0.827395: nlopt Limite",,,FALSE,0.78825484,0.78825484,"d+ lp- dl+ ll- w+"
"layered_lbfgs","boomsma","test","boomsma_4US","cfa",25,7,"x100","lambda0.25",65988115,,"","",,"","[LineSearchFailed] after 180 iters  f=0.748542: nlopt Limite",,,FALSE,0.77376427,0.68744545,"d+ lp- dl+ ll- w+"
"layered_lbfgs","boomsma","test","boomsma_4US","cfa",25,7,"x100","lambda1",65988115,0.82546,"available","converged",1757,"layered","",1,75.185815,FALSE,0.78825484,0.78825484,"d+ lp- dl+ ll- w+"
"layered_lbfgs","boomsma","test","boomsma_4US","cfa",25,71,"mixed","lambda0.25",54508598,,"","",,"","[LineSearchFailed] after 174 iters  f=1.15326: nlopt Limited",,,FALSE,0.84669407,0.84669407,"d+ lp- dl+ ll- w+"
"layered_lbfgs","boomsma","test","boomsma_4US","cfa",25,71,"mixed","lambda1",54508598,,"","",,"","[LineSearchFailed] after 78 iters  f=1.21149: nlopt Limited-",,,FALSE,0.94865547,0.94865547,"d+ lp- dl+ ll- w+"
"layered_lbfgs","boomsma","test","boomsma_4US","cfa",25,71,"native","lambda0.25",54508598,,"","",,"","[LineSearchFailed] after 132 iters  f=1.15327: nlopt Limited",,,FALSE,0.84669407,0.84669407,"d+ lp- dl+ ll- w+"
"layered_lbfgs","boomsma","test","boomsma_4US","cfa",25,71,"native","lambda1",54508598,,"","",,"","[LineSearchFailed] after 78 iters  f=1.21149: nlopt Limited-",,,FALSE,0.94865547,0.94865547,"d+ lp- dl+ ll- w+"
"layered_lbfgs","boomsma","test","boomsma_4US","cfa",25,71,"x0.01","lambda0.25",54508598,,"","",,"","[LineSearchFailed] after 151 iters  f=1.15327: nlopt Limited",,,FALSE,0.84669407,0.84669407,"d+ lp- dl+ ll- w+"
"layered_lbfgs","boomsma","test","boomsma_4US","cfa",25,71,"x0.01","lambda1",54508598,,"","",,"","[LineSearchFailed] after 78 iters  f=1.21149: nlopt Limited-",,,FALSE,0.94865547,0.94865547,"d+ lp- dl+ ll- w+"
"layered_lbfgs","boomsma","test","boomsma_4US","cfa",25,71,"x100","lambda0.25",54508598,,"","",,"","[LineSearchFailed] after 179 iters  f=1.15326: nlopt Limited",,,FALSE,0.84669407,0.84669407,"d+ lp- dl+ ll- w+"
"layered_lbfgs","boomsma","test","boomsma_4US","cfa",25,71,"x100","lambda1",54508598,,"","",,"","[LineSearchFailed] after 78 iters  f=1.21149: nlopt Limited-",,,FALSE,0.94865547,0.94865547,"d+ lp- dl+ ll- w+"
"layered_lbfgs","boomsma","test","boomsma_4US","cfa",25,79,"mixed","lambda0.25",54508606,,"","",,"","[LineSearchFailed] after 141 iters  f=0.947054: nlopt Limite",,,FALSE,0.59941573,0.59941573,"d+ lp+ dl- ll- w+"
"layered_lbfgs","boomsma","test","boomsma_4US","cfa",25,79,"native","lambda0.25",54508606,,"","",,"","[LineSearchFailed] after 141 iters  f=0.947054: nlopt Limite",,,FALSE,0.59941573,0.59941573,"d+ lp+ dl+ ll- w+"
"layered_lbfgs","boomsma","test","boomsma_4US","cfa",25,79,"native","lambda1",54508606,,"","",,"","[LineSearchFailed] after 134 iters  f=0.993092: nlopt Limite",,,FALSE,0.70096813,0.70096813,"d+ lp- dl+ ll- w+"
"layered_lbfgs","boomsma","test","boomsma_4US","cfa",25,79,"x0.01","lambda0.25",54508606,,"","",,"","[LineSearchFailed] after 141 iters  f=0.947054: nlopt Limite",,,FALSE,0.59941573,0.59941573,"d+ lp+ dl+ ll- w+"
"layered_lbfgs","boomsma","test","boomsma_4US","cfa",25,79,"x0.01","lambda1",54508606,,"","",,"","[LineSearchFailed] after 134 iters  f=0.993092: nlopt Limite",,,FALSE,0.70096813,0.70096813,"d+ lp- dl+ ll- w+"
"layered_lbfgs","boomsma","test","boomsma_4US","cfa",25,79,"x100","lambda0.25",54508606,,"","",,"","[LineSearchFailed] after 141 iters  f=0.947054: nlopt Limite",,,FALSE,0.59941573,0.59941573,"d+ lp+ dl+ ll- w+"
"layered_lbfgs","boomsma","test","boomsma_4US","cfa",25,79,"x100","lambda1",54508606,,"","",,"","[LineSearchFailed] after 134 iters  f=0.993092: nlopt Limite",,,FALSE,0.70096813,0.70096813,"d+ lp- dl+ ll- w+"
"layered_lbfgs","boomsma","test","boomsma_4US","cfa",25,83,"mixed","lambda1",54508731,,"","",,"","[LineSearchFailed] after 100 iters  f=0.667522: nlopt Limite",,,FALSE,0.49558218,0.49558218,"d+ lp- dl+ ll- w+"
"layered_lbfgs","boomsma","test","boomsma_4US","cfa",25,83,"native","lambda1",54508731,,"","",,"","[LineSearchFailed] after 100 iters  f=0.667522: nlopt Limite",,,FALSE,0.49558218,0.49558218,"d+ lp- dl+ ll- w+"
"layered_lbfgs","boomsma","test","boomsma_4US","cfa",25,83,"x0.01","lambda1",54508731,,"","",,"","[LineSearchFailed] after 100 iters  f=0.667522: nlopt Limite",,,FALSE,0.49558218,0.49558218,"d+ lp- dl+ ll- w+"
"layered_lbfgs","boomsma","test","boomsma_4US","cfa",25,83,"x100","lambda1",54508731,,"","",,"","[LineSearchFailed] after 100 iters  f=0.667522: nlopt Limite",,,FALSE,0.49558218,0.49558218,"d+ lp- dl+ ll- w+"
"layered_lbfgs","boomsma","test","boomsma_4US","cfa",25,88,"mixed","lambda0.25",54508736,,"","",,"","[LineSearchFailed] after 134 iters  f=0.59957: nlopt Limited",,,FALSE,0.54257658,0.54257658,"d+ lp- dl+ ll- w+"
"layered_lbfgs","boomsma","test","boomsma_4US","cfa",25,97,"mixed","lambda0.25",54508866,,"","",,"","[LineSearchFailed] after 141 iters  f=0.765189: nlopt Limite",,,FALSE,0.63307124,0.63307124,"d+ lp- dl+ ll- w+"
"layered_lbfgs","boomsma","test","boomsma_4US","cfa",25,97,"mixed","lambda1",54508866,,"","",,"","[LineSearchFailed] after 73 iters  f=0.821617: nlopt Limited",,,FALSE,0.73482658,0.73482658,"d+ lp- dl+ ll- w-"
"layered_lbfgs","boomsma","test","boomsma_4US","cfa",25,97,"native","lambda0.25",54508866,,"","",,"","[LineSearchFailed] after 108 iters  f=0.765189: nlopt Limite",,,FALSE,0.63307124,0.63307124,"d+ lp- dl+ ll- w+"
"layered_lbfgs","boomsma","test","boomsma_4US","cfa",25,97,"native","lambda1",54508866,,"","",,"","[LineSearchFailed] after 73 iters  f=0.821617: nlopt Limited",,,FALSE,0.77173469,0.77173469,"d+ lp- dl+ ll- w-"
"layered_lbfgs","boomsma","test","boomsma_4US","cfa",25,97,"x0.01","lambda0.25",54508866,,"","",,"","[LineSearchFailed] after 156 iters  f=0.765189: nlopt Limite",,,FALSE,0.63307124,0.63307124,"d+ lp- dl+ ll- w+"
"layered_lbfgs","boomsma","test","boomsma_4US","cfa",25,97,"x0.01","lambda1",54508866,,"","",,"","[LineSearchFailed] after 73 iters  f=0.821617: nlopt Limited",,,FALSE,0.77173469,0.77173469,"d+ lp- dl+ ll- w-"
"layered_lbfgs","boomsma","test","boomsma_4US","cfa",25,97,"x100","lambda0.25",54508866,,"","",,"","[LineSearchFailed] after 142 iters  f=0.765189: nlopt Limite",,,FALSE,0.63307124,0.63307124,"d+ lp- dl+ ll- w+"
"layered_lbfgs","boomsma","test","boomsma_4US","cfa",25,97,"x100","lambda1",54508866,,"","",,"","[LineSearchFailed] after 73 iters  f=0.821617: nlopt Limited",,,FALSE,0.77173469,0.77173469,"d+ lp- dl+ ll- w-"
"layered_lbfgs","boomsma","test","boomsma_4US","cfa",25,98,"mixed","lambda0.25",54508867,,"","",,"","[LineSearchFailed] after 79 iters  f=0.493: nlopt Limited-me",,,FALSE,0.3148615,0.3148615,"d+ lp- dl- ll- w+"
"layered_lbfgs","boomsma","test","boomsma_4US","cfa",25,98,"mixed","lambda1",54508867,,"","",,"","[LineSearchFailed] after 102 iters  f=0.530688: nlopt Limite",,,FALSE,0.37859722,0.37859722,"d+ lp- dl+ ll- w+"
"layered_lbfgs","boomsma","test","boomsma_4US","cfa",25,98,"native","lambda0.25",54508867,,"","",,"","[LineSearchFailed] after 79 iters  f=0.493: nlopt Limited-me",,,FALSE,0.3148615,0.3148615,"d+ lp- dl- ll- w+"
"layered_lbfgs","boomsma","test","boomsma_4US","cfa",25,98,"native","lambda1",54508867,,"","",,"","[LineSearchFailed] after 102 iters  f=0.530687: nlopt Limite",,,FALSE,0.37859722,0.37859722,"d+ lp- dl+ ll- w+"
"layered_lbfgs","boomsma","test","boomsma_4US","cfa",25,98,"x0.01","lambda0.25",54508867,,"","",,"","[LineSearchFailed] after 79 iters  f=0.493: nlopt Limited-me",,,FALSE,0.3148615,0.3148615,"d+ lp- dl- ll- w+"
"layered_lbfgs","boomsma","test","boomsma_4US","cfa",25,98,"x0.01","lambda1",54508867,,"","",,"","[LineSearchFailed] after 121 iters  f=0.530679: nlopt Limite",,,FALSE,0.37859722,0.37859722,"d+ lp- dl+ ll- w+"
"layered_lbfgs","boomsma","test","boomsma_4US","cfa",25,98,"x100","lambda0.25",54508867,,"","",,"","[LineSearchFailed] after 79 iters  f=0.493: nlopt Limited-me",,,FALSE,0.3148615,0.3148615,"d+ lp- dl- ll- w+"
"layered_lbfgs","boomsma","test","boomsma_4US","cfa",25,98,"x100","lambda1",54508867,,"","",,"","[LineSearchFailed] after 121 iters  f=0.530678: nlopt Limite",,,FALSE,0.37859722,0.37859722,"d+ lp- dl+ ll- w+"
"layered_lbfgs","constrained","test","eqchain_b20","equal_paths_disturbances",25,10,"native","lambda0.25",978387723,,"","",,"","[LineSearchFailed] after 106 iters  f=2.06083: nlopt Limited",,,FALSE,1.7870583,1.7870583,"d+ lp- dl+ ll- w+"
"layered_lbfgs","constrained","test","eqchain_b20","equal_paths_disturbances",25,10,"native","lambda1",978387723,,"","",,"","[LineSearchFailed] after 124 iters  f=2.1995: nlopt Limited-",,,FALSE,1.943092,1.943092,"d+ lp- dl+ ll- w+"
"layered_lbfgs","constrained","test","eqchain_b20","equal_paths_disturbances",25,10,"x100","lambda0.25",978387723,,"","",,"","[LineSearchFailed] after 106 iters  f=2.06083: nlopt Limited",,,FALSE,1.7870583,1.7870583,"d+ lp- dl+ ll- w+"
"layered_lbfgs","constrained","test","eqchain_b20","equal_paths_disturbances",25,10,"x100","lambda1",978387723,,"","",,"","[LineSearchFailed] after 124 iters  f=2.1995: nlopt Limited-",,,FALSE,1.943092,1.943092,"d+ lp- dl+ ll- w+"
"layered_lbfgs","constrained","test","eqchain_b20","equal_paths_disturbances",25,2,"native","lambda0.25",2089380219,,"","",,"","[LineSearchFailed] after 89 iters  f=2.03056: nlopt Limited-",,,FALSE,1.6446184,1.6446184,"d+ lp- dl+ ll- w+"
"layered_lbfgs","constrained","test","eqchain_b20","equal_paths_disturbances",25,2,"native","lambda1",2089380219,,"","",,"","[LineSearchFailed] after 91 iters  f=2.13063: nlopt Limited-",,,FALSE,1.7647822,1.7647822,"d+ lp- dl+ ll- w+"
"layered_lbfgs","constrained","test","eqchain_b20","equal_paths_disturbances",25,2,"x100","lambda0.25",2089380219,,"","",,"","[LineSearchFailed] after 89 iters  f=2.03056: nlopt Limited-",,,FALSE,1.6446184,1.6446184,"d+ lp- dl+ ll- w+"
"layered_lbfgs","constrained","test","eqchain_b20","equal_paths_disturbances",25,2,"x100","lambda1",2089380219,,"","",,"","[LineSearchFailed] after 91 iters  f=2.13063: nlopt Limited-",,,FALSE,1.7647822,1.7647822,"d+ lp- dl+ ll- w+"
"layered_lbfgs","constrained","test","eqchain_b20","equal_paths",25,10,"native","lambda0.25",978387723,,"","",,"","[LineSearchFailed] after 70 iters  f=2.55448: nlopt Limited-",,,FALSE,1.7182879,1.7182879,"d+ lp- dl+ ll- w+"
"layered_lbfgs","constrained","test","eqchain_b20","equal_paths",25,10,"native","lambda1",978387723,,"","",,"","[LineSearchFailed] after 40 iters  f=2.81686: nlopt Limited-",,,FALSE,1.8853884,1.8853884,"d+ lp- dl+ ll- w+"
"layered_lbfgs","constrained","test","eqchain_b20","equal_paths",25,10,"x100","lambda0.25",978387723,,"","",,"","[LineSearchFailed] after 70 iters  f=2.55448: nlopt Limited-",,,FALSE,1.7182879,1.7182879,"d+ lp- dl+ ll- w+"
"layered_lbfgs","constrained","test","eqchain_b20","equal_paths",25,10,"x100","lambda1",978387723,,"","",,"","[LineSearchFailed] after 40 iters  f=2.81686: nlopt Limited-",,,FALSE,1.8853884,1.8853884,"d+ lp- dl+ ll- w+"
"layered_lbfgs","constrained","test","eqchain_b20","equal_paths",25,2,"native","lambda0.25",2089380219,,"","",,"","[LineSearchFailed] after 119 iters  f=1.70181: nlopt Limited",,,FALSE,1.5931072,1.5931072,"d+ lp- dl+ ll- w+"
"layered_lbfgs","constrained","test","eqchain_b20","equal_paths",25,2,"native","lambda1",2089380219,,"","",,"","[LineSearchFailed] after 60 iters  f=1.8378: nlopt Limited-m",,,FALSE,1.7285597,1.7285597,"d+ lp- dl+ ll- w+"
"layered_lbfgs","constrained","test","eqchain_b20","equal_paths",25,2,"x100","lambda0.25",2089380219,,"","",,"","[LineSearchFailed] after 119 iters  f=1.70181: nlopt Limited",,,FALSE,1.5931072,1.5931072,"d+ lp- dl+ ll- w+"
"layered_lbfgs","constrained","test","eqchain_b20","equal_paths",25,2,"x100","lambda1",2089380219,,"","",,"","[LineSearchFailed] after 60 iters  f=1.8378: nlopt Limited-m",,,FALSE,1.7285597,1.7285597,"d+ lp- dl+ ll- w+"
"layered_lbfgs","constrained","test","eqchain_b20","equal_paths",25,38,"x100","lambda0.25",978387993,,"","",,"","[LineSearchFailed] after 321 iters  f=1.79516: nlopt Limited",,,FALSE,1.7386623,1.7386623,"d+ lp- dl+ ll- w+"
"layered_lbfgs","constrained","test","eqchain_b20","equal_paths",25,60,"native","lambda0.25",978388378,1.5092916,"available","converged",1690,"layered","",1,63.804189,FALSE,1.5030304,1.5030304,"d+ lp- dl+ ll- w+"
"layered_lbfgs","constrained","test","eqchain_b20","equal_paths",25,60,"native","lambda1",978388378,,"","",,"","[LineSearchFailed] after 214 iters  f=1.79451: nlopt Limited",,,FALSE,1.672913,1.672913,"d+ lp- dl- ll- w+"
"layered_lbfgs","constrained","test","eqchain_b20","equal_paths",25,60,"x100","lambda0.25",978388378,1.6348173,"available","converged",837,"layered","",1,42.127938,FALSE,1.5030304,1.5030304,"d+ lp- dl+ ll- w+"
"layered_lbfgs","constrained","test","eqchain_b20","equal_paths",25,60,"x100","lambda1",978388378,,"","",,"","[LineSearchFailed] after 175 iters  f=1.7955: nlopt Limited-",,,FALSE,1.672913,1.672913,"d+ lp- dl+ ll- w+"
"layered_lbfgs","constrained","test","eqchain_b20","equal_paths",25,82,"native","lambda0.25",978388642,,"","",,"","[LineSearchFailed] after 220 iters  f=1.57782: nlopt Limited",,,FALSE,1.5253768,1.5253768,"d+ lp- dl+ ll- w+"
"layered_lbfgs","constrained","test","eqchain_b20","equal_paths",25,82,"native","lambda1",978388642,,"","",,"","[LineSearchFailed] after 79 iters  f=1.74946: nlopt Limited-",,,FALSE,1.7050734,1.7050734,"d+ lp- dl+ ll- w+"
"layered_lbfgs","constrained","test","eqchain_b20","equal_paths",25,82,"x100","lambda0.25",978388642,,"","",,"","[LineSearchFailed] after 138 iters  f=1.57783: nlopt Limited",,,FALSE,1.5253768,1.5253768,"d+ lp- dl+ ll- w+"
"layered_lbfgs","constrained","test","eqchain_b20","equal_paths",25,82,"x100","lambda1",978388642,,"","",,"","[LineSearchFailed] after 79 iters  f=1.74946: nlopt Limited-",,,FALSE,1.7050734,1.7050734,"d+ lp- dl+ ll- w+"
"layered_lbfgs","constrained","test","eqchain_b50","equal_paths_disturbances",25,37,"native","lambda0.25",562980986,,"","",,"","[LineSearchFailed] after 56 iters  f=8.13532: nlopt Limited-",,,FALSE,1.8969642,1.8969642,"d+ lp- dl+ ll- w+"
"layered_lbfgs","constrained","test","eqchain_b50","equal_paths_disturbances",25,37,"native","lambda1",562980986,,"","",,"","[LineSearchFailed] after 45 iters  f=8.65796: nlopt Limited-",,,FALSE,2.0473817,2.0473817,"d+ lp- dl+ ll- w-"
"layered_lbfgs","constrained","test","eqchain_b50","equal_paths_disturbances",25,37,"x100","lambda0.25",562980986,,"","",,"","[LineSearchFailed] after 98 iters  f=2.05553: nlopt Limited-",,,FALSE,1.8969642,1.8969642,"d+ lp- dl+ ll- w+"
"layered_lbfgs","constrained","test","eqchain_b50","equal_paths_disturbances",25,37,"x100","lambda1",562980986,,"","",,"","[LineSearchFailed] after 136 iters  f=2.21747: nlopt Limited",,,FALSE,2.0473817,2.0473817,"d+ lp- dl+ ll- w-"
"layered_lbfgs","constrained","test","eqchain_b50","equal_paths_disturbances",25,77,"native","lambda0.25",562981510,,"","",,"","[LineSearchFailed] after 89 iters  f=1.36509: nlopt Limited-",,,FALSE,1.2036964,1.2036964,"d+ lp- dl+ ll- w+"
"layered_lbfgs","constrained","test","eqchain_b50","equal_paths_disturbances",25,77,"native","lambda1",562981510,,"","",,"","[LineSearchFailed] after 84 iters  f=1.4973: nlopt Limited-m",,,FALSE,1.3795071,1.3795071,"d+ lp- dl+ ll- w+"
"layered_lbfgs","constrained","test","eqchain_b50","equal_paths_disturbances",25,77,"x100","lambda0.25",562981510,,"","",,"","[LineSearchFailed] after 89 iters  f=1.36509: nlopt Limited-",,,FALSE,1.2036964,1.2036964,"d+ lp- dl+ ll- w+"
"layered_lbfgs","constrained","test","eqchain_b50","equal_paths_disturbances",25,77,"x100","lambda1",562981510,,"","",,"","[LineSearchFailed] after 84 iters  f=1.4973: nlopt Limited-m",,,FALSE,1.3795071,1.3795071,"d+ lp- dl+ ll- w+"
"layered_lbfgs","constrained","test","eqchain_b50","equal_paths_disturbances",25,90,"native","lambda0.25",562981765,,"","",,"","[LineSearchFailed] after 64 iters  f=2.17513: nlopt Limited-",,,FALSE,1.8982916,1.8982916,"d+ lp- dl+ ll- w+"
"layered_lbfgs","constrained","test","eqchain_b50","equal_paths_disturbances",25,90,"native","lambda1",562981765,,"","",,"","[LineSearchFailed] after 67 iters  f=2.37087: nlopt Limited-",,,FALSE,2.1069621,2.1069621,"d+ lp- dl+ ll- w+"
"layered_lbfgs","constrained","test","eqchain_b50","equal_paths_disturbances",25,90,"x100","lambda0.25",562981765,,"","",,"","[LineSearchFailed] after 64 iters  f=2.17513: nlopt Limited-",,,FALSE,1.8982916,1.8982916,"d+ lp- dl+ ll- w+"
"layered_lbfgs","constrained","test","eqchain_b50","equal_paths_disturbances",25,90,"x100","lambda1",562981765,,"","",,"","[LineSearchFailed] after 67 iters  f=2.37087: nlopt Limited-",,,FALSE,2.1069621,2.1069621,"d+ lp- dl+ ll- w+"
"layered_lbfgs","constrained","test","eqchain_b50","equal_paths",25,37,"native","lambda0.25",562980986,,"","",,"","[LineSearchFailed] after 56 iters  f=6.30331: nlopt Limited-",,,FALSE,1.8673057,1.8673057,"d+ lp- dl+ ll- w+"
"layered_lbfgs","constrained","test","eqchain_b50","equal_paths",25,37,"native","lambda1",562980986,,"","",,"","[LineSearchFailed] after 47 iters  f=6.43858: nlopt Limited-",,,FALSE,2.0164313,2.0164313,"d+ lp- dl+ ll- w-"
"layered_lbfgs","constrained","test","eqchain_b50","equal_paths",25,37,"x100","lambda0.25",562980986,,"","",,"","[LineSearchFailed] after 46 iters  f=5.61326: nlopt Limited-",,,FALSE,1.8673057,1.8673057,"d+ lp- dl+ ll- w+"
"layered_lbfgs","constrained","test","eqchain_b50","equal_paths",25,37,"x100","lambda1",562980986,,"","",,"","[LineSearchFailed] after 52 iters  f=5.46512: nlopt Limited-",,,FALSE,2.0164313,2.0164313,"d+ lp- dl+ ll- w-"
"layered_lbfgs","constrained","test","eqchain_b50","equal_paths",25,42,"native","lambda0.25",562981112,,"","",,"","[LineSearchFailed] after 74 iters  f=1.57952: nlopt Limited-",,,FALSE,1.3611959,1.3611959,"d+ lp- dl+ ll- w+"
"layered_lbfgs","constrained","test","eqchain_b50","equal_paths",25,42,"native","lambda1",562981112,,"","",,"","[LineSearchFailed] after 160 iters  f=1.71357: nlopt Limited",,,FALSE,1.532982,1.532982,"d+ lp- dl+ ll- w+"
"layered_lbfgs","constrained","test","eqchain_b50","equal_paths",25,42,"x100","lambda0.25",562981112,,"","",,"","[LineSearchFailed] after 74 iters  f=1.57952: nlopt Limited-",,,FALSE,1.3611959,1.3611959,"d+ lp- dl+ ll- w+"
"layered_lbfgs","constrained","test","eqchain_b50","equal_paths",25,42,"x100","lambda1",562981112,,"","",,"","[LineSearchFailed] after 130 iters  f=1.71357: nlopt Limited",,,FALSE,1.532982,1.532982,"d+ lp- dl+ ll- w+"
"layered_lbfgs","constrained","test","eqchain_b50","equal_paths",25,71,"native","lambda1",562981504,,"","",,"","[LineSearchFailed] after 625 iters  f=2.47362: nlopt Limited",,,FALSE,2.1699071,2.1699071,"d+ lp+ dl+ ll- w+"
"layered_lbfgs","constrained","test","eqchain_b50","equal_paths",25,77,"native","lambda0.25",562981510,,"","",,"","[LineSearchFailed] after 95 iters  f=1.35956: nlopt Limited-",,,FALSE,1.1837216,1.1837216,"d+ lp- dl+ ll- w+"
"layered_lbfgs","constrained","test","eqchain_b50","equal_paths",25,77,"native","lambda1",562981510,,"","",,"","[LineSearchFailed] after 73 iters  f=1.49218: nlopt Limited-",,,FALSE,1.3659216,1.3659216,"d+ lp- dl+ ll- w+"
"layered_lbfgs","constrained","test","eqchain_b50","equal_paths",25,77,"x100","lambda0.25",562981510,,"","",,"","[LineSearchFailed] after 95 iters  f=1.35956: nlopt Limited-",,,FALSE,1.1837216,1.1837216,"d+ lp- dl+ ll- w+"
"layered_lbfgs","constrained","test","eqchain_b50","equal_paths",25,77,"x100","lambda1",562981510,,"","",,"","[LineSearchFailed] after 73 iters  f=1.49218: nlopt Limited-",,,FALSE,1.3659216,1.3659216,"d+ lp- dl+ ll- w+"
"layered_lbfgs","constrained","test","eqchain_b50","equal_paths",25,90,"native","lambda0.25",562981765,,"","",,"","[LineSearchFailed] after 68 iters  f=2.10618: nlopt Limited-",,,FALSE,1.8589297,1.8589297,"d+ lp- dl+ ll- w+"
"layered_lbfgs","constrained","test","eqchain_b50","equal_paths",25,90,"native","lambda1",562981765,,"","",,"","[LineSearchFailed] after 53 iters  f=2.27912: nlopt Limited-",,,FALSE,2.0750572,2.0750572,"d+ lp- dl+ ll- w+"
"layered_lbfgs","constrained","test","eqchain_b50","equal_paths",25,90,"x100","lambda0.25",562981765,,"","",,"","[LineSearchFailed] after 68 iters  f=2.10618: nlopt Limited-",,,FALSE,1.8589297,1.8589297,"d+ lp- dl+ ll- w+"
"layered_lbfgs","constrained","test","eqchain_b50","equal_paths",25,90,"x100","lambda1",562981765,,"","",,"","[LineSearchFailed] after 53 iters  f=2.27912: nlopt Limited-",,,FALSE,2.0750572,2.0750572,"d+ lp- dl+ ll- w+"
"layered_lbfgs","constrained","test","eqmean","equal_intercepts_residuals",100,40,"native","lambda0.25",969202027,0.1841346,"available","converged",1870,"layered","",1,97.072845,FALSE,0.16595418,0.16595418,"d+ lp- dl+ ll- w+"
"layered_lbfgs","constrained","test","eqmean","equal_intercepts_residuals",100,40,"native","lambda1",969202027,0.22475747,"nonpositive_curvature","converged",200,"layered","",1,3.2393912,FALSE,0.18062515,0.18062515,"d+ lp- dl+ ll- w+"
"layered_lbfgs","constrained","test","eqmean","equal_intercepts_residuals",100,40,"x0.01","lambda0.25",969202027,0.18448285,"available","converged",724,"layered","",1,56.742937,FALSE,0.16595418,0.16595418,"d+ lp- dl+ ll- w+"
"layered_lbfgs","constrained","test","eqmean","equal_intercepts_residuals",100,40,"x0.01","lambda1",969202027,,"","",,"","[LineSearchFailed] after 151 iters  f=0.224757: nlopt Limite",,,FALSE,0.18062515,0.18062515,"d+ lp- dl+ ll- w+"
"layered_lbfgs","constrained","test","eqmean","equal_intercepts_residuals",100,40,"x100","lambda0.25",969202027,0.18435044,"available","converged",998,"layered","",1,67.713354,FALSE,0.16595418,0.16595418,"d+ lp- dl+ ll- w+"
"layered_lbfgs","constrained","test","eqmean","equal_intercepts_residuals",100,40,"x100","lambda1",969202027,0.22475268,"nonpositive_curvature","converged",281,"layered","",1,3.2402601,FALSE,0.18062515,0.18062515,"d+ lp- dl+ ll- w+"
"layered_lbfgs","constrained","test","eqmean","equal_intercepts_residuals",100,47,"native","lambda0.25",969202034,,"","",,"","[LineSearchFailed] after 852 iters  f=0.200355: nlopt Limite",,,FALSE,0.19697754,0.19697754,"d+ lp- dl+ ll- w+"
"layered_lbfgs","constrained","test","eqmean","equal_intercepts_residuals",100,47,"native","lambda1",969202034,0.21793653,"available","converged",848,"layered","",1,81.140705,FALSE,0.21331258,0.21331258,"d+ lp- dl+ ll- w+"
"layered_lbfgs","constrained","test","eqmean","equal_intercepts_residuals",100,47,"x100","lambda0.25",969202034,0.20034781,"available","converged",763,"layered","",1,51.570519,FALSE,0.19697754,0.19697754,"d+ lp- dl+ ll- w+"
"layered_lbfgs","constrained","test","eqmean","equal_intercepts_residuals",100,47,"x100","lambda1",969202034,0.21800676,"available","converged",390,"layered","",1,61.376956,FALSE,0.21331258,0.21331258,"d+ lp- dl+ ll- w+"
"layered_lbfgs","constrained","test","eqmean","equal_intercepts_residuals",100,50,"native","lambda0.25",969202158,,"","",,"","[LineSearchFailed] after 103 iters  f=0.206473: nlopt Limite",,,FALSE,0.19357132,0.19357132,"d+ lp- dl+ ll- w+"
"layered_lbfgs","constrained","test","eqmean","equal_intercepts_residuals",100,50,"native","lambda1",969202158,0.22735853,"available","converged",1814,"layered","",1,86.125129,FALSE,0.2153924,0.2153924,"d+ lp- dl+ ll- w+"
"layered_lbfgs","constrained","test","eqmean","equal_intercepts_residuals",100,50,"x100","lambda0.25",969202158,,"","",,"","[LineSearchFailed] after 1561 iters  f=0.206057: nlopt Limit",,,FALSE,0.19357132,0.19357132,"d+ lp- dl+ ll- w+"
"layered_lbfgs","constrained","test","eqmean","equal_intercepts_residuals",100,50,"x100","lambda1",969202158,0.22749176,"available","converged",660,"layered","",1,59.504943,FALSE,0.2153924,0.2153924,"d+ lp- dl+ ll- w+"
"layered_lbfgs","constrained","test","eqmean","equal_intercepts_residuals",100,72,"native","lambda0.25",969202422,0.35958111,"available","converged",2789,"layered","",1,90.834243,FALSE,0.33283451,0.33283451,"d+ lp- dl+ ll- w+"
"layered_lbfgs","constrained","test","eqmean","equal_intercepts_residuals",100,72,"native","lambda1",969202422,0.37733654,"available","converged",971,"layered","",1,68.12293,FALSE,0.35133076,0.35133076,"d+ lp- dl+ ll- w+"
"layered_lbfgs","constrained","test","eqmean","equal_intercepts_residuals",100,72,"x0.01","lambda0.25",969202422,0.3597147,"available","converged",1340,"layered","",1,75.746169,FALSE,0.33283451,0.33283451,"d+ lp- dl- ll- w+"
"layered_lbfgs","constrained","test","eqmean","equal_intercepts_residuals",100,72,"x100","lambda0.25",969202422,0.35961285,"available","converged",2100,"layered","",1,87.789671,FALSE,0.33283451,0.33283451,"d+ lp- dl+ ll- w+"
"layered_lbfgs","constrained","test","eqmean","equal_intercepts_residuals",100,72,"x100","lambda1",969202422,0.37709312,"available","converged",2247,"layered","",1,94.360246,FALSE,0.35133076,0.35133076,"d+ lp- dl+ ll- w+"
"layered_lbfgs","constrained","test","eqmean","equal_intercepts_residuals",100,73,"native","lambda0.25",969202423,,"","",,"","[LineSearchFailed] after 379 iters  f=0.209584: nlopt Limite",,,FALSE,0.18718817,0.18718817,"d+ lp- dl+ ll- w+"
"layered_lbfgs","constrained","test","eqmean","equal_intercepts_residuals",100,73,"native","lambda1",969202423,,"","",,"","[LineSearchFailed] after 134 iters  f=0.26907: nlopt Limited",,,FALSE,0.20527953,0.20527953,"d+ lp- dl+ ll- w+"
"layered_lbfgs","constrained","test","eqmean","equal_intercepts_residuals",100,73,"x100","lambda0.25",969202423,,"","",,"","[LineSearchFailed] after 388 iters  f=0.209739: nlopt Limite",,,FALSE,0.18718817,0.18718817,"d+ lp- dl+ ll- w+"
"layered_lbfgs","constrained","test","eqmean","equal_intercepts_residuals",100,73,"x100","lambda1",969202423,,"","",,"","[LineSearchFailed] after 131 iters  f=0.269071: nlopt Limite",,,FALSE,0.20527953,0.20527953,"d+ lp- dl+ ll- w+"
"layered_lbfgs","constrained","test","eqmean","equal_intercepts_residuals",25,1,"native","lambda0.25",1052428523,1.2899696,"available","converged",1282,"layered","",1,36.418277,FALSE,1.2724208,1.2724208,"d+ lp- dl+ ll- w+"
"layered_lbfgs","constrained","test","eqmean","equal_intercepts_residuals",25,1,"native","lambda1",1052428523,,"","",,"","[LineSearchFailed] after 654 iters  f=1.35424: nlopt Limited",,,FALSE,1.3316407,1.3316407,"d+ lp+ dl+ ll- w+"
"layered_lbfgs","constrained","test","eqmean","equal_intercepts_residuals",25,1,"x100","lambda0.25",1052428523,,"","",,"","[LineSearchFailed] after 334 iters  f=1.29028: nlopt Limited",,,FALSE,1.2724208,1.2724208,"d+ lp- dl+ ll- w+"
"layered_lbfgs","constrained","test","eqmean","equal_intercepts_residuals",25,1,"x100","lambda1",1052428523,1.3541755,"available","converged",717,"layered","",1,45.224802,FALSE,1.3316407,1.3316407,"d+ lp+ dl+ ll- w+"
"layered_lbfgs","constrained","test","eqmean","equal_intercepts_residuals",25,10,"native","lambda0.25",429184305,,"","",,"","[LineSearchFailed] after 102 iters  f=1.0866: nlopt Limited-",,,FALSE,1.0758937,1.0758937,"d+ lp- dl+ ll- w+"
"layered_lbfgs","constrained","test","eqmean","equal_intercepts_residuals",25,10,"x100","lambda0.25",429184305,1.0862887,"available","converged",548,"layered","",1,31.180227,FALSE,1.0758937,1.0758937,"d+ lp- dl+ ll- w+"
"layered_lbfgs","constrained","test","eqmean","equal_intercepts_residuals",25,100,"x0.01","lambda0.25",388569649,0.59454668,"available","converged",1435,"layered","",1,44.803566,FALSE,0.59420709,0.59420709,"d+ lp- dl- ll- w-"
"layered_lbfgs","constrained","test","eqmean","equal_intercepts_residuals",25,12,"native","lambda1",429184307,0.87964815,"available","converged",436,"layered","",1,25.273836,FALSE,0.87963909,0.87963909,"d+ lp+ dl- ll- w+"
"layered_lbfgs","constrained","test","eqmean","equal_intercepts_residuals",25,12,"x100","lambda1",429184307,0.87964793,"available","converged",547,"layered","",1,25.607291,FALSE,0.87963909,0.87963909,"d+ lp+ dl- ll- w+"
"layered_lbfgs","constrained","test","eqmean","equal_intercepts_residuals",25,13,"native","lambda0.25",429184308,,"","",,"","[LineSearchFailed] after 108 iters  f=1.0194: nlopt Limited-",,,FALSE,0.92772816,0.92772816,"d+ lp- dl+ ll- w+"
"layered_lbfgs","constrained","test","eqmean","equal_intercepts_residuals",25,13,"native","lambda1",429184308,,"","",,"","[LineSearchFailed] after 96 iters  f=1.10903: nlopt Limited-",,,FALSE,1.027331,1.027331,"d+ lp- dl+ ll- w+"
"layered_lbfgs","constrained","test","eqmean","equal_intercepts_residuals",25,13,"x100","lambda0.25",429184308,,"","",,"","[LineSearchFailed] after 108 iters  f=1.0194: nlopt Limited-",,,FALSE,0.92772816,0.92772816,"d+ lp- dl+ ll- w+"
"layered_lbfgs","constrained","test","eqmean","equal_intercepts_residuals",25,13,"x100","lambda1",429184308,1.1042516,"available","converged",1103,"layered","",1,68.666105,FALSE,1.027331,1.027331,"d+ lp- dl+ ll- w+"
"layered_lbfgs","constrained","test","eqmean","equal_intercepts_residuals",25,20,"native","lambda1",429184436,,"","",,"","[LineSearchFailed] after 129 iters  f=1.07303: nlopt Limited",,,FALSE,0.82356783,0.82356783,"d+ lp+ dl- ll- w+"
"layered_lbfgs","constrained","test","eqmean","equal_intercepts_residuals",25,20,"x100","lambda1",429184436,,"","",,"","[LineSearchFailed] after 129 iters  f=1.07303: nlopt Limited",,,FALSE,0.82356783,0.82356783,"d+ lp+ dl- ll- w+"
"layered_lbfgs","constrained","test","eqmean","equal_intercepts_residuals",25,30,"native","lambda0.25",429184567,,"","",,"","[LineSearchFailed] after 149 iters  f=1.11358: nlopt Limited",,,FALSE,0.91316926,0.91316926,"d+ lp- dl+ ll- w+"
"layered_lbfgs","constrained","test","eqmean","equal_intercepts_residuals",25,30,"native","lambda1",429184567,,"","",,"","[LineSearchFailed] after 219 iters  f=1.13615: nlopt Limited",,,FALSE,0.97795223,0.97795223,"d+ lp- dl+ ll- w+"
"layered_lbfgs","constrained","test","eqmean","equal_intercepts_residuals",25,30,"x100","lambda0.25",429184567,,"","",,"","[LineSearchFailed] after 141 iters  f=1.11358: nlopt Limited",,,FALSE,0.91316926,0.91316926,"d+ lp- dl+ ll- w+"
"layered_lbfgs","constrained","test","eqmean","equal_intercepts_residuals",25,30,"x100","lambda1",429184567,,"","",,"","[LineSearchFailed] after 207 iters  f=1.13615: nlopt Limited",,,FALSE,0.97795223,0.97795223,"d+ lp- dl+ ll- w+"
"layered_lbfgs","constrained","test","eqmean","equal_intercepts_residuals",25,36,"native","lambda0.25",429184573,0.71621908,"available","converged",597,"layered","",1,52.16865,FALSE,0.7027573,0.7027573,"d+ lp- dl+ ll- w+"
"layered_lbfgs","constrained","test","eqmean","equal_intercepts_residuals",25,36,"native","lambda1",429184573,,"","",,"","[LineSearchFailed] after 192 iters  f=0.810687: nlopt Limite",,,FALSE,0.80056116,0.80056116,"d+ lp- dl+ ll- w+"
"layered_lbfgs","constrained","test","eqmean","equal_intercepts_residuals",25,36,"x0.01","lambda1",429184573,,"","",,"","[LineSearchFailed] after 108 iters  f=0.811035: nlopt Limite",,,FALSE,0.80056116,0.80056116,"d+ lp- dl- ll- w+"
"layered_lbfgs","constrained","test","eqmean","equal_intercepts_residuals",25,36,"x100","lambda0.25",429184573,0.71587132,"available","converged",977,"layered","",1,65.942028,FALSE,0.7027573,0.7027573,"d+ lp- dl+ ll- w+"
"layered_lbfgs","constrained","test","eqmean","equal_intercepts_residuals",25,36,"x100","lambda1",429184573,,"","",,"","[LineSearchFailed] after 539 iters  f=0.810002: nlopt Limite",,,FALSE,0.80056116,0.80056116,"d+ lp- dl+ ll- w+"
"layered_lbfgs","constrained","test","eqmean","equal_intercepts_residuals",25,37,"native","lambda0.25",429184574,,"","",,"","[LineSearchFailed] after 651 iters  f=0.988983: nlopt Limite",,,FALSE,0.93854921,0.93854921,"d+ lp- dl+ ll- w+"
"layered_lbfgs","constrained","test","eqmean","equal_intercepts_residuals",25,37,"native","lambda1",429184574,,"","",,"","[LineSearchFailed] after 511 iters  f=1.06515: nlopt Limited",,,FALSE,1.0172434,1.0172434,"d+ lp- dl+ ll- w+"
"layered_lbfgs","constrained","test","eqmean","equal_intercepts_residuals",25,37,"x100","lambda0.25",429184574,,"","",,"","[LineSearchFailed] after 327 iters  f=0.989569: nlopt Limite",,,FALSE,0.93854921,0.93854921,"d+ lp- dl+ ll- w+"
"layered_lbfgs","constrained","test","eqmean","equal_intercepts_residuals",25,37,"x100","lambda1",429184574,,"","",,"","[LineSearchFailed] after 235 iters  f=1.06566: nlopt Limited",,,FALSE,1.0172434,1.0172434,"d+ lp- dl+ ll- w+"
"layered_lbfgs","constrained","test","eqmean","equal_intercepts_residuals",25,39,"native","lambda0.25",429184576,,"","",,"","[LineSearchFailed] after 1243 iters  f=0.925807: nlopt Limit",,,FALSE,0.90744499,0.90744499,"d+ lp- dl+ ll- w+"
"layered_lbfgs","constrained","test","eqmean","equal_intercepts_residuals",25,39,"native","lambda1",429184576,,"","",,"","[LineSearchFailed] after 105 iters  f=1.02752: nlopt Limited",,,FALSE,1.0088072,1.0088072,"d+ lp- dl+ ll- w+"
"layered_lbfgs","constrained","test","eqmean","equal_intercepts_residuals",25,39,"x100","lambda0.25",429184576,0.92565524,"available","converged",1700,"layered","",1,74.923431,FALSE,0.90744499,0.90744499,"d+ lp- dl+ ll- w+"
"layered_lbfgs","constrained","test","eqmean","equal_intercepts_residuals",25,39,"x100","lambda1",429184576,1.0256093,"available","converged",712,"layered","",1,57.241445,FALSE,1.0088072,1.0088072,"d+ lp- dl+ ll- w+"
"layered_lbfgs","constrained","test","eqmean","equal_intercepts_residuals",25,4,"native","lambda0.25",1052428526,,"","",,"","[LineSearchFailed] after 641 iters  f=0.792254: nlopt Limite",,,FALSE,0.66230976,0.66230976,"d+ lp- dl+ ll- w+"
"layered_lbfgs","constrained","test","eqmean","equal_intercepts_residuals",25,4,"native","lambda1",1052428526,,"","",,"","[LineSearchFailed] after 318 iters  f=0.893584: nlopt Limite",,,FALSE,0.73992905,0.73992905,"d+ lp- dl+ ll- w+"
"layered_lbfgs","constrained","test","eqmean","equal_intercepts_residuals",25,4,"x100","lambda0.25",1052428526,0.79198636,"available","converged",768,"layered","",1,66.737867,FALSE,0.66230976,0.66230976,"d+ lp- dl+ ll- w+"
"layered_lbfgs","constrained","test","eqmean","equal_intercepts_residuals",25,4,"x100","lambda1",1052428526,,"","",,"","[LineSearchFailed] after 195 iters  f=0.893581: nlopt Limite",,,FALSE,0.73992905,0.73992905,"d+ lp- dl+ ll- w+"
"layered_lbfgs","constrained","test","eqmean","equal_intercepts_residuals",25,42,"native","lambda0.25",429184700,0.94530364,"available","converged",203,"layered","",1,45.03422,FALSE,0.94481051,0.94481051,"d+ lp- dl+ ll- w+"
"layered_lbfgs","constrained","test","eqmean","equal_intercepts_residuals",25,42,"native","lambda1",429184700,1.004987,"available","converged",1684,"layered","",1,65.367679,FALSE,1.0046431,1.0046431,"d+ lp- dl+ ll- w+"
"layered_lbfgs","constrained","test","eqmean","equal_intercepts_residuals",25,42,"x100","lambda0.25",429184700,0.94527851,"available","converged",546,"layered","",1,50.078775,FALSE,0.94481051,0.94481051,"d+ lp- dl+ ll- w+"
"layered_lbfgs","constrained","test","eqmean","equal_intercepts_residuals",25,42,"x100","lambda1",429184700,1.0050626,"available","converged",660,"layered","",1,43.365817,FALSE,1.0046431,1.0046431,"d+ lp- dl+ ll- w+"
"layered_lbfgs","constrained","test","eqmean","equal_intercepts_residuals",25,47,"native","lambda0.25",429184705,,"","",,"","[LineSearchFailed] after 382 iters  f=0.974486: nlopt Limite",,,FALSE,0.68179424,0.68179424,"d+ lp- dl+ ll- w+"
"layered_lbfgs","constrained","test","eqmean","equal_intercepts_residuals",25,47,"native","lambda1",429184705,1.1365942,"nonpositive_curvature","converged",266,"layered","",1,2.0089501,FALSE,0.78923929,0.78923929,"d+ lp- dl+ ll- w+"
"layered_lbfgs","constrained","test","eqmean","equal_intercepts_residuals",25,47,"x0.01","lambda0.25",429184705,,"","",,"","[LineSearchFailed] after 469 iters  f=0.974361: nlopt Limite",,,FALSE,0.68179424,0.68179424,"d+ lp- dl+ ll- w+"
"layered_lbfgs","constrained","test","eqmean","equal_intercepts_residuals",25,47,"x0.01","lambda1",429184705,,"","",,"","[LineSearchFailed] after 268 iters  f=1.13659: nlopt Limited",,,FALSE,0.78923929,0.78923929,"d+ lp- dl+ ll- w+"
"layered_lbfgs","constrained","test","eqmean","equal_intercepts_residuals",25,47,"x100","lambda0.25",429184705,,"","",,"","[LineSearchFailed] after 106 iters  f=0.979975: nlopt Limite",,,FALSE,0.68179424,0.68179424,"d+ lp- dl+ ll- w+"
"layered_lbfgs","constrained","test","eqmean","equal_intercepts_residuals",25,47,"x100","lambda1",429184705,,"","",,"","[LineSearchFailed] after 229 iters  f=1.13659: nlopt Limited",,,FALSE,0.78923929,0.78923929,"d+ lp- dl+ ll- w+"
"layered_lbfgs","constrained","test","eqmean","equal_intercepts_residuals",25,49,"native","lambda0.25",429184707,1.0159625,"available","converged",419,"layered","",1,29.152683,FALSE,1.0159503,1.0159503,"d+ lp+ dl- ll- w-"
"layered_lbfgs","constrained","test","eqmean","equal_intercepts_residuals",25,49,"x100","lambda0.25",429184707,1.0159594,"available","converged",320,"layered","",1,30.8997,FALSE,1.0159503,1.0159503,"d+ lp+ dl- ll- w-"
"layered_lbfgs","constrained","test","eqmean","equal_intercepts_residuals",25,52,"native","lambda0.25",429184831,0.85587676,"available","converged",975,"layered","",1,43.133439,FALSE,0.84055615,0.84055615,"d+ lp- dl+ ll- w+"
"layered_lbfgs","constrained","test","eqmean","equal_intercepts_residuals",25,52,"native","lambda1",429184831,,"","",,"","[LineSearchFailed] after 255 iters  f=0.960327: nlopt Limite",,,FALSE,0.94289054,0.94289054,"d+ lp- dl+ ll- w+"
"layered_lbfgs","constrained","test","eqmean","equal_intercepts_residuals",25,52,"x100","lambda0.25",429184831,,"","",,"","[LineSearchFailed] after 118 iters  f=0.859214: nlopt Limite",,,FALSE,0.84055615,0.84055615,"d+ lp- dl+ ll- w+"
"layered_lbfgs","constrained","test","eqmean","equal_intercepts_residuals",25,52,"x100","lambda1",429184831,,"","",,"","[LineSearchFailed] after 710 iters  f=0.959382: nlopt Limite",,,FALSE,0.94289054,0.94289054,"d+ lp- dl+ ll- w+"
"layered_lbfgs","constrained","test","eqmean","equal_intercepts_residuals",25,61,"native","lambda0.25",429184961,,"","",,"","[LineSearchFailed] after 595 iters  f=0.917979: nlopt Limite",,,FALSE,0.83680915,0.83680915,"d+ lp- dl+ ll- w+"
"layered_lbfgs","constrained","test","eqmean","equal_intercepts_residuals",25,61,"native","lambda1",429184961,,"","",,"","[LineSearchFailed] after 253 iters  f=1.01946: nlopt Limited",,,FALSE,0.91870659,0.91870659,"d+ lp+ dl+ ll- w+"
"layered_lbfgs","constrained","test","eqmean","equal_intercepts_residuals",25,61,"x100","lambda0.25",429184961,,"","",,"","[LineSearchFailed] after 705 iters  f=0.917977: nlopt Limite",,,FALSE,0.83680915,0.83680915,"d+ lp- dl+ ll- w+"
"layered_lbfgs","constrained","test","eqmean","equal_intercepts_residuals",25,61,"x100","lambda1",429184961,,"","",,"","[LineSearchFailed] after 243 iters  f=1.01946: nlopt Limited",,,FALSE,0.91870659,0.91870659,"d+ lp+ dl+ ll- w+"
"layered_lbfgs","constrained","test","eqmean","equal_intercepts_residuals",25,73,"native","lambda0.25",429185094,,"","",,"","[LineSearchFailed] after 398 iters  f=1.62381: nlopt Limited",,,FALSE,1.154021,1.154021,"d+ lp- dl+ ll- w+"
"layered_lbfgs","constrained","test","eqmean","equal_intercepts_residuals",25,73,"x0.01","lambda0.25",429185094,,"","",,"","[LineSearchFailed] after 115 iters  f=1.66972: nlopt Limited",,,FALSE,1.154021,1.154021,"d+ lp- dl+ ll- w+"
"layered_lbfgs","constrained","test","eqmean","equal_intercepts_residuals",25,73,"x100","lambda0.25",429185094,,"","",,"","[LineSearchFailed] after 382 iters  f=1.6233: nlopt Limited-",,,FALSE,1.154021,1.154021,"d+ lp- dl+ ll- w+"
"layered_lbfgs","constrained","test","eqmean","equal_intercepts_residuals",25,76,"native","lambda0.25",429185097,,"","",,"","[LineSearchFailed] after 78 iters  f=0.874013: nlopt Limited",,,FALSE,0.78501594,0.78501594,"d+ lp- dl+ ll- w+"
"layered_lbfgs","constrained","test","eqmean","equal_intercepts_residuals",25,76,"native","lambda1",429185097,,"","",,"","[LineSearchFailed] after 88 iters  f=0.959016: nlopt Limited",,,FALSE,0.88404258,0.88404258,"d+ lp+ dl+ ll- w+"
"layered_lbfgs","constrained","test","eqmean","equal_intercepts_residuals",25,76,"x100","lambda0.25",429185097,,"","",,"","[LineSearchFailed] after 409 iters  f=0.868964: nlopt Limite",,,FALSE,0.78501594,0.78501594,"d+ lp- dl+ ll- w+"
"layered_lbfgs","constrained","test","eqmean","equal_intercepts_residuals",25,76,"x100","lambda1",429185097,,"","",,"","[LineSearchFailed] after 254 iters  f=0.955412: nlopt Limite",,,FALSE,0.88404258,0.88404258,"d+ lp+ dl+ ll- w+"
"layered_lbfgs","constrained","test","eqmean","equal_intercepts_residuals",25,77,"x0.01","lambda0.25",429185098,1.0088751,"available","converged",769,"layered","",1,44.376426,FALSE,1.0059145,1.0059145,"d+ lp- dl+ ll- w-"
"layered_lbfgs","constrained","test","eqmean","equal_intercepts_residuals",25,77,"x0.01","lambda1",429185098,1.0750583,"available","converged",624,"layered","",1,29.546532,FALSE,1.0716222,1.0716222,"d+ lp- dl- ll- w-"
"layered_lbfgs","constrained","test","eqmean","equal_intercepts_residuals",25,78,"native","lambda0.25",429185099,,"","",,"","[LineSearchFailed] after 269 iters  f=0.928189: nlopt Limite",,,FALSE,0.84495816,0.84495816,"d+ lp- dl+ ll- w+"
"layered_lbfgs","constrained","test","eqmean","equal_intercepts_residuals",25,78,"native","lambda1",429185099,,"","",,"","[LineSearchFailed] after 287 iters  f=1.07363: nlopt Limited",,,FALSE,0.93791609,0.93791609,"d+ lp- dl+ ll- w+"
"layered_lbfgs","constrained","test","eqmean","equal_intercepts_residuals",25,78,"x100","lambda0.25",429185099,,"","",,"","[LineSearchFailed] after 143 iters  f=1.15729: nlopt Limited",,,FALSE,0.84495816,0.84495816,"d+ lp- dl+ ll- w+"
"layered_lbfgs","constrained","test","eqmean","equal_intercepts_residuals",25,78,"x100","lambda1",429185099,,"","",,"","[LineSearchFailed] after 234 iters  f=1.07363: nlopt Limited",,,FALSE,0.93791609,0.93791609,"d+ lp- dl+ ll- w+"
"layered_lbfgs","constrained","test","eqmean","equal_intercepts_residuals",25,79,"native","lambda0.25",429185100,,"","",,"","[LineSearchFailed] after 239 iters  f=0.847885: nlopt Limite",,,FALSE,0.76192167,0.76192167,"d+ lp- dl+ ll- w+"
"layered_lbfgs","constrained","test","eqmean","equal_intercepts_residuals",25,79,"x100","lambda0.25",429185100,,"","",,"","[LineSearchFailed] after 107 iters  f=0.84991: nlopt Limited",,,FALSE,0.76192167,0.76192167,"d+ lp- dl+ ll- w+"
"layered_lbfgs","constrained","test","eqmean","equal_intercepts_residuals",25,8,"native","lambda0.25",1052428530,,"","",,"","[LineSearchFailed] after 248 iters  f=1.06454: nlopt Limited",,,FALSE,1.0451573,1.0451573,"d+ lp- dl+ ll- w+"
"layered_lbfgs","constrained","test","eqmean","equal_intercepts_residuals",25,8,"native","lambda1",1052428530,,"","",,"","[LineSearchFailed] after 261 iters  f=1.21382: nlopt Limited",,,FALSE,1.1402357,1.1402357,"d+ lp- dl+ ll- w+"
"layered_lbfgs","constrained","test","eqmean","equal_intercepts_residuals",25,8,"x100","lambda1",1052428530,,"","",,"","[LineSearchFailed] after 255 iters  f=1.21382: nlopt Limited",,,FALSE,1.1402357,1.1402357,"d+ lp- dl- ll- w+"
"layered_lbfgs","constrained","test","eqmean","equal_intercepts_residuals",25,85,"native","lambda1",429185227,,"","",,"","[LineSearchFailed] after 132 iters  f=1.0629: nlopt Limited-",,,FALSE,0.94260682,0.94260682,"d+ lp+ dl+ ll- w+"
"layered_lbfgs","constrained","test","eqmean","equal_intercepts_residuals",25,85,"x100","lambda1",429185227,,"","",,"","[LineSearchFailed] after 120 iters  f=1.06346: nlopt Limited",,,FALSE,0.94260682,0.94260682,"d+ lp+ dl+ ll- w+"
"layered_lbfgs","constrained","test","eqmean","equal_intercepts_residuals",25,87,"native","lambda0.25",429185229,,"","",,"","[LineSearchFailed] after 101 iters  f=1.34959: nlopt Limited",,,FALSE,1.3123265,1.3123265,"d+ lp- dl+ ll- w+"
"layered_lbfgs","constrained","test","eqmean","equal_intercepts_residuals",25,87,"native","lambda1",429185229,,"","",,"","[LineSearchFailed] after 108 iters  f=1.46344: nlopt Limited",,,FALSE,1.4334203,1.4334203,"d+ lp- dl+ ll- w+"
"layered_lbfgs","constrained","test","eqmean","equal_intercepts_residuals",25,87,"x100","lambda0.25",429185229,,"","",,"","[LineSearchFailed] after 101 iters  f=1.34959: nlopt Limited",,,FALSE,1.3123265,1.3123265,"d+ lp- dl+ ll- w+"
"layered_lbfgs","constrained","test","eqmean","equal_intercepts_residuals",25,87,"x100","lambda1",429185229,,"","",,"","[LineSearchFailed] after 106 iters  f=1.46368: nlopt Limited",,,FALSE,1.4334203,1.4334203,"d+ lp- dl+ ll- w+"
"layered_lbfgs","constrained","test","eqmean","equal_intercepts_residuals",25,90,"native","lambda0.25",429185353,0.6051599,"available","converged",260,"layered","",1,24.811256,FALSE,0.60253418,0.60253418,"d+ lp- dl+ ll- w+"
"layered_lbfgs","constrained","test","eqmean","equal_intercepts_residuals",25,90,"native","lambda1",429185353,,"","",,"","[LineSearchFailed] after 111 iters  f=0.689446: nlopt Limite",,,FALSE,0.68662788,0.68662788,"d+ lp+ dl+ ll- w+"
"layered_lbfgs","constrained","test","eqmean","equal_intercepts_residuals",25,90,"x100","lambda0.25",429185353,,"","",,"","[LineSearchFailed] after 153 iters  f=0.609618: nlopt Limite",,,FALSE,0.60253418,0.60253418,"d+ lp- dl+ ll- w+"
"layered_lbfgs","constrained","test","eqmean","equal_intercepts_residuals",25,90,"x100","lambda1",429185353,0.68836961,"available","converged",458,"layered","",1,24.268722,FALSE,0.68662788,0.68662788,"d+ lp+ dl+ ll- w+"
"layered_lbfgs","constrained","test","eqmean","equal_intercepts_residuals",25,96,"native","lambda0.25",429185359,,"","",,"","[LineSearchFailed] after 338 iters  f=0.742696: nlopt Limite",,,FALSE,0.71780153,0.71780153,"d+ lp- dl+ ll- w+"
"layered_lbfgs","constrained","test","eqmean","equal_intercepts_residuals",25,96,"x100","lambda0.25",429185359,0.74218667,"available","converged",1073,"layered","",1,56.190747,FALSE,0.71780153,0.71780153,"d+ lp- dl+ ll- w+"
"layered_lbfgs","constrained","test","eqmean","equal_intercepts_residuals",25,97,"native","lambda0.25",429185360,,"","",,"","[LineSearchFailed] after 79 iters  f=0.909704: nlopt Limited",,,FALSE,0.83888604,0.83888604,"d+ lp- dl+ ll- w+"
"layered_lbfgs","constrained","test","eqmean","equal_intercepts_residuals",25,97,"native","lambda1",429185360,,"","",,"","[LineSearchFailed] after 235 iters  f=0.955423: nlopt Limite",,,FALSE,0.90305571,0.90305571,"d+ lp+ dl+ ll- w+"
"layered_lbfgs","constrained","test","eqmean","equal_intercepts_residuals",25,97,"x100","lambda0.25",429185360,,"","",,"","[LineSearchFailed] after 93 iters  f=0.909678: nlopt Limited",,,FALSE,0.83888604,0.83888604,"d+ lp- dl+ ll- w+"
"layered_lbfgs","constrained","test","eqmean","equal_intercepts_residuals",25,97,"x100","lambda1",429185360,,"","",,"","[LineSearchFailed] after 243 iters  f=0.955423: nlopt Limite",,,FALSE,0.90305571,0.90305571,"d+ lp+ dl+ ll- w+"
"layered_lbfgs","constrained","test","eqmean","equal_intercepts_residuals",25,99,"native","lambda0.25",429185362,,"","",,"","[LineSearchFailed] after 140 iters  f=0.737986: nlopt Limite",,,FALSE,0.737446,0.737446,"d+ lp- dl- ll- w+"
"layered_lbfgs","constrained","test","eqmean","equal_intercepts_residuals",25,99,"native","lambda1",429185362,0.82494527,"available","converged",1792,"layered","",1,33.703427,FALSE,0.82451681,0.82451681,"d+ lp- dl+ ll- w+"
"layered_lbfgs","constrained","test","eqmean","equal_intercepts_residuals",25,99,"x100","lambda0.25",429185362,,"","",,"","[LineSearchFailed] after 229 iters  f=0.737857: nlopt Limite",,,FALSE,0.737446,0.737446,"d+ lp- dl- ll- w+"
"layered_lbfgs","constrained","test","eqmean","equal_intercepts_residuals",25,99,"x100","lambda1",429185362,,"","",,"","[LineSearchFailed] after 124 iters  f=0.825367: nlopt Limite",,,FALSE,0.82451681,0.82451681,"d+ lp- dl+ ll- w+"
"layered_lbfgs","constrained","test","eqmean","equal_intercepts",100,40,"native","lambda0.25",969202027,0.15482979,"available","converged",2125,"layered","",1,86.203018,FALSE,0.13239419,0.13239419,"d+ lp- dl+ ll- w+"
"layered_lbfgs","constrained","test","eqmean","equal_intercepts",100,40,"native","lambda1",969202027,,"","",,"","[LineSearchFailed] after 282 iters  f=0.192933: nlopt Limite",,,FALSE,0.15041572,0.15041572,"d+ lp- dl+ ll- w+"
"layered_lbfgs","constrained","test","eqmean","equal_intercepts",100,40,"x100","lambda0.25",969202027,0.1548172,"available","converged",2726,"layered","",1,87.855622,FALSE,0.13239419,0.13239419,"d+ lp- dl+ ll- w+"
"layered_lbfgs","constrained","test","eqmean","equal_intercepts",100,40,"x100","lambda1",969202027,,"","",,"","[LineSearchFailed] after 229 iters  f=0.192933: nlopt Limite",,,FALSE,0.15041572,0.15041572,"d+ lp- dl+ ll- w+"
"layered_lbfgs","constrained","test","eqmean","equal_intercepts",100,47,"native","lambda0.25",969202034,0.16339984,"available","converged",1872,"layered","",1,60.616087,FALSE,0.16164662,0.16164662,"d+ lp- dl+ ll- w+"
"layered_lbfgs","constrained","test","eqmean","equal_intercepts",100,47,"native","lambda1",969202034,,"","",,"","[LineSearchFailed] after 249 iters  f=0.190703: nlopt Limite",,,FALSE,0.18765729,0.18765729,"d+ lp- dl+ ll- w+"
"layered_lbfgs","constrained","test","eqmean","equal_intercepts",100,47,"x100","lambda0.25",969202034,0.1634541,"available","converged",1213,"layered","",1,48.074651,FALSE,0.16164662,0.16164662,"d+ lp- dl+ ll- w+"
"layered_lbfgs","constrained","test","eqmean","equal_intercepts",100,47,"x100","lambda1",969202034,0.19047364,"available","converged",1991,"layered","",1,71.502509,FALSE,0.18765729,0.18765729,"d+ lp- dl+ ll- w+"
"layered_lbfgs","constrained","test","eqmean","equal_intercepts",100,50,"native","lambda0.25",969202158,0.17861751,"available","converged",2207,"layered","",1,118.01709,FALSE,0.16411116,0.16411116,"d+ lp- dl+ ll- w+"
"layered_lbfgs","constrained","test","eqmean","equal_intercepts",100,50,"native","lambda1",969202158,0.20339333,"available","converged",2832,"layered","",1,122.26839,FALSE,0.19045967,0.19045967,"d+ lp- dl+ ll- w+"
"layered_lbfgs","constrained","test","eqmean","equal_intercepts",100,50,"x0.01","lambda0.25",969202158,0.1785927,"available","converged",2509,"layered","",1,121.918,FALSE,0.16411116,0.16411116,"d+ lp- dl- ll- w+"
"layered_lbfgs","constrained","test","eqmean","equal_intercepts",100,50,"x0.01","lambda1",969202158,0.20341292,"available","converged",2185,"layered","",1,118.8044,FALSE,0.19045967,0.19045967,"d+ lp- dl- ll- w+"
"layered_lbfgs","constrained","test","eqmean","equal_intercepts",100,50,"x100","lambda0.25",969202158,0.1786451,"available","converged",1870,"layered","",1,114.29597,FALSE,0.16411116,0.16411116,"d+ lp- dl+ ll- w+"
"layered_lbfgs","constrained","test","eqmean","equal_intercepts",100,50,"x100","lambda1",969202158,0.20345772,"available","converged",2173,"layered","",1,108.63404,FALSE,0.19045967,0.19045967,"d+ lp- dl+ ll- w+"
"layered_lbfgs","constrained","test","eqmean","equal_intercepts",100,72,"native","lambda0.25",969202422,0.26012199,"available","converged",1926,"layered","",1,121.63679,FALSE,0.23698454,0.23698454,"d+ lp- dl+ ll- w+"
"layered_lbfgs","constrained","test","eqmean","equal_intercepts",100,72,"native","lambda1",969202422,0.28466035,"available","converged",2183,"layered","",1,120.39602,FALSE,0.26379069,0.26379069,"d+ lp- dl+ ll- w+"
"layered_lbfgs","constrained","test","eqmean","equal_intercepts",100,72,"x100","lambda0.25",969202422,0.26016855,"available","converged",2774,"layered","",1,116.66667,FALSE,0.23698454,0.23698454,"d+ lp- dl+ ll- w+"
"layered_lbfgs","constrained","test","eqmean","equal_intercepts",100,72,"x100","lambda1",969202422,0.28498418,"available","converged",1264,"layered","",1,92.053099,FALSE,0.26379069,0.26379069,"d+ lp- dl+ ll- w+"
"layered_lbfgs","constrained","test","eqmean","equal_intercepts",100,73,"native","lambda0.25",969202423,,"","",,"","[LineSearchFailed] after 126 iters  f=0.229125: nlopt Limite",,,FALSE,0.17016434,0.17016434,"d+ lp- dl+ ll- w+"
"layered_lbfgs","constrained","test","eqmean","equal_intercepts",100,73,"native","lambda1",969202423,,"","",,"","[LineSearchFailed] after 117 iters  f=0.241907: nlopt Limite",,,FALSE,0.18811667,0.18811667,"d+ lp- dl+ ll- w+"
"layered_lbfgs","constrained","test","eqmean","equal_intercepts",100,73,"x100","lambda0.25",969202423,,"","",,"","[LineSearchFailed] after 141 iters  f=0.22911: nlopt Limited",,,FALSE,0.17016434,0.17016434,"d+ lp- dl+ ll- w+"
"layered_lbfgs","constrained","test","eqmean","equal_intercepts",100,73,"x100","lambda1",969202423,,"","",,"","[LineSearchFailed] after 117 iters  f=0.241907: nlopt Limite",,,FALSE,0.18811667,0.18811667,"d+ lp- dl+ ll- w+"
"layered_lbfgs","constrained","test","eqmean","equal_intercepts",25,100,"native","lambda0.25",388569649,0.43889732,"available","converged",1343,"layered","",1,27.896602,FALSE,0.43880946,0.43880946,"d+ lp- dl- ll- w+"
"layered_lbfgs","constrained","test","eqmean","equal_intercepts",25,100,"x100","lambda0.25",388569649,,"","",,"","[LineSearchFailed] after 1583 iters  f=0.438893: nlopt Limit",,,FALSE,0.43880946,0.43880946,"d+ lp- dl- ll- w+"
"layered_lbfgs","constrained","test","eqmean","equal_intercepts",25,13,"native","lambda0.25",429184308,,"","",,"","[LineSearchFailed] after 136 iters  f=0.866372: nlopt Limite",,,FALSE,0.76275991,0.76275991,"d+ lp- dl+ ll- w+"
"layered_lbfgs","constrained","test","eqmean","equal_intercepts",25,13,"native","lambda1",429184308,,"","",,"","[LineSearchFailed] after 415 iters  f=0.991702: nlopt Limite",,,FALSE,0.90242982,0.90242982,"d+ lp- dl+ ll- w+"
"layered_lbfgs","constrained","test","eqmean","equal_intercepts",25,13,"x0.01","lambda0.25",429184308,,"","",,"","[LineSearchFailed] after 125 iters  f=0.866991: nlopt Limite",,,FALSE,0.76276167,0.76275991,"d+ lp- dl+ ll- w+"
"layered_lbfgs","constrained","test","eqmean","equal_intercepts",25,13,"x100","lambda0.25",429184308,,"","",,"","[LineSearchFailed] after 856 iters  f=0.854268: nlopt Limite",,,FALSE,0.76275991,0.76275991,"d+ lp- dl+ ll- w+"
"layered_lbfgs","constrained","test","eqmean","equal_intercepts",25,13,"x100","lambda1",429184308,,"","",,"","[LineSearchFailed] after 134 iters  f=1.0039: nlopt Limited-",,,FALSE,0.90242982,0.90242982,"d+ lp- dl+ ll- w+"
"layered_lbfgs","constrained","test","eqmean","equal_intercepts",25,20,"native","lambda1",429184436,,"","",,"","[LineSearchFailed] after 281 iters  f=0.964378: nlopt Limite",,,FALSE,0.81972316,0.81972316,"d+ lp- dl+ ll- w+"
"layered_lbfgs","constrained","test","eqmean","equal_intercepts",25,20,"x100","lambda1",429184436,,"","",,"","[LineSearchFailed] after 158 iters  f=0.972317: nlopt Limite",,,FALSE,0.81972316,0.81972316,"d+ lp- dl+ ll- w+"
"layered_lbfgs","constrained","test","eqmean","equal_intercepts",25,22,"native","lambda1",429184438,0.98989733,"available","converged",1773,"layered","",1,68.761483,FALSE,0.98987109,0.98987109,"d+ lp+ dl- ll- w+"
"layered_lbfgs","constrained","test","eqmean","equal_intercepts",25,22,"x100","lambda1",429184438,0.98989766,"available","converged",1622,"layered","",1,68.467281,FALSE,0.98987109,0.98987109,"d+ lp+ dl- ll- w+"
"layered_lbfgs","constrained","test","eqmean","equal_intercepts",25,30,"native","lambda0.25",429184567,,"","",,"","[LineSearchFailed] after 231 iters  f=1.0559: nlopt Limited-",,,FALSE,0.7841123,0.772806,"d+ lp- dl+ ll- w+"
"layered_lbfgs","constrained","test","eqmean","equal_intercepts",25,30,"native","lambda1",429184567,,"","",,"","[LineSearchFailed] after 220 iters  f=1.07803: nlopt Limited",,,FALSE,0.8731179,0.8731179,"d+ lp- dl+ ll- w+"
"layered_lbfgs","constrained","test","eqmean","equal_intercepts",25,30,"x100","lambda0.25",429184567,,"","",,"","[LineSearchFailed] after 240 iters  f=1.0559: nlopt Limited-",,,FALSE,0.7841123,0.772806,"d+ lp- dl+ ll- w+"
"layered_lbfgs","constrained","test","eqmean","equal_intercepts",25,30,"x100","lambda1",429184567,,"","",,"","[LineSearchFailed] after 204 iters  f=1.07803: nlopt Limited",,,FALSE,0.8731179,0.8731179,"d+ lp- dl+ ll- w+"
"layered_lbfgs","constrained","test","eqmean","equal_intercepts",25,32,"native","lambda0.25",429184569,,"","",,"","[LineSearchFailed] after 777 iters  f=0.714349: nlopt Limite",,,FALSE,0.62732747,0.62732747,"d+ lp- dl- ll- w+"
"layered_lbfgs","constrained","test","eqmean","equal_intercepts",25,32,"native","lambda1",429184569,,"","",,"","[LineSearchFailed] after 149 iters  f=1.22585: nlopt Limited",,,FALSE,0.795332,0.795332,"d+ lp- dl- ll- w+"
"layered_lbfgs","constrained","test","eqmean","equal_intercepts",25,32,"x0.01","lambda0.25",429184569,,"","",,"","[LineSearchFailed] after 568 iters  f=0.715369: nlopt Limite",,,FALSE,0.62732747,0.62732747,"d+ lp- dl- ll- w+"
"layered_lbfgs","constrained","test","eqmean","equal_intercepts",25,32,"x100","lambda0.25",429184569,,"","",,"","[LineSearchFailed] after 233 iters  f=0.739252: nlopt Limite",,,FALSE,0.62732747,0.62732747,"d+ lp- dl+ ll- w+"
"layered_lbfgs","constrained","test","eqmean","equal_intercepts",25,32,"x100","lambda1",429184569,,"","",,"","[LineSearchFailed] after 224 iters  f=1.22575: nlopt Limited",,,FALSE,0.795332,0.795332,"d+ lp- dl- ll- w+"
"layered_lbfgs","constrained","test","eqmean","equal_intercepts",25,36,"native","lambda0.25",429184573,,"","",,"","[LineSearchFailed] after 232 iters  f=0.708619: nlopt Limite",,,FALSE,0.57170328,0.57170328,"d+ lp- dl+ ll- w+"
"layered_lbfgs","constrained","test","eqmean","equal_intercepts",25,36,"native","lambda1",429184573,,"","",,"","[LineSearchFailed] after 93 iters  f=0.788543: nlopt Limited",,,FALSE,0.68865615,0.68865615,"d+ lp- dl+ ll- w+"
"layered_lbfgs","constrained","test","eqmean","equal_intercepts",25,36,"x0.01","lambda0.25",429184573,,"","",,"","[LineSearchFailed] after 233 iters  f=0.708605: nlopt Limite",,,FALSE,0.57170328,0.57170328,"d+ lp- dl+ ll- w+"
"layered_lbfgs","constrained","test","eqmean","equal_intercepts",25,36,"x100","lambda0.25",429184573,,"","",,"","[LineSearchFailed] after 270 iters  f=0.708606: nlopt Limite",,,FALSE,0.57170328,0.57170328,"d+ lp- dl+ ll- w+"
"layered_lbfgs","constrained","test","eqmean","equal_intercepts",25,36,"x100","lambda1",429184573,,"","",,"","[LineSearchFailed] after 93 iters  f=0.788543: nlopt Limited",,,FALSE,0.68865615,0.68865615,"d+ lp- dl+ ll- w+"
"layered_lbfgs","constrained","test","eqmean","equal_intercepts",25,37,"native","lambda0.25",429184574,,"","",,"","[LineSearchFailed] after 109 iters  f=0.917206: nlopt Limite",,,FALSE,0.80835171,0.80835171,"d+ lp- dl+ ll- w+"
"layered_lbfgs","constrained","test","eqmean","equal_intercepts",25,37,"native","lambda1",429184574,,"","",,"","[LineSearchFailed] after 77 iters  f=1.05199: nlopt Limited-",,,FALSE,0.91686885,0.91686885,"d+ lp- dl+ ll- w+"
"layered_lbfgs","constrained","test","eqmean","equal_intercepts",25,37,"x100","lambda0.25",429184574,,"","",,"","[LineSearchFailed] after 1483 iters  f=0.910813: nlopt Limit",,,FALSE,0.80835171,0.80835171,"d+ lp- dl+ ll- w+"
"layered_lbfgs","constrained","test","eqmean","equal_intercepts",25,37,"x100","lambda1",429184574,,"","",,"","[LineSearchFailed] after 77 iters  f=1.05199: nlopt Limited-",,,FALSE,0.91686885,0.91686885,"d+ lp- dl+ ll- w+"
"layered_lbfgs","constrained","test","eqmean","equal_intercepts",25,39,"native","lambda0.25",429184576,0.80740854,"available","converged",1334,"layered","",1,39.929858,FALSE,0.79094231,0.79094231,"d+ lp- dl+ ll- w+"
"layered_lbfgs","constrained","test","eqmean","equal_intercepts",25,39,"native","lambda1",429184576,0.91352101,"available","converged",1318,"layered","",1,36.999993,FALSE,0.90944963,0.90944963,"d+ lp- dl+ ll- w+"
"layered_lbfgs","constrained","test","eqmean","equal_intercepts",25,39,"x100","lambda0.25",429184576,0.80734902,"available","converged",2763,"layered","",1,54.772805,FALSE,0.79094231,0.79094231,"d+ lp- dl+ ll- w+"
"layered_lbfgs","constrained","test","eqmean","equal_intercepts",25,39,"x100","lambda1",429184576,0.9135125,"available","converged",1482,"layered","",1,39.298419,FALSE,0.90944963,0.90944963,"d+ lp- dl+ ll- w+"
"layered_lbfgs","constrained","test","eqmean","equal_intercepts",25,42,"native","lambda1",429184700,0.92602699,"available","converged",1728,"layered","",1,68.48296,FALSE,0.91322611,0.91322611,"d+ lp+ dl+ ll- w+"
"layered_lbfgs","constrained","test","eqmean","equal_intercepts",25,42,"x100","lambda1",429184700,,"","",,"","[LineSearchFailed] after 238 iters  f=0.926442: nlopt Limite",,,FALSE,0.91322611,0.91322611,"d+ lp+ dl+ ll- w+"
"layered_lbfgs","constrained","test","eqmean","equal_intercepts",25,45,"native","lambda0.25",429184703,0.58399295,"available","converged",1232,"layered","",1,43.938409,FALSE,0.58398828,0.58398828,"d+ lp+ dl- ll- w+"
"layered_lbfgs","constrained","test","eqmean","equal_intercepts",25,45,"x100","lambda0.25",429184703,0.58399418,"available","converged",1395,"layered","",1,42.872903,FALSE,0.58398828,0.58398828,"d+ lp+ dl+ ll- w+"
"layered_lbfgs","constrained","test","eqmean","equal_intercepts",25,47,"native","lambda0.25",429184705,,"","",,"","[LineSearchFailed] after 102 iters  f=0.934452: nlopt Limite",,,FALSE,0.60946561,0.60946561,"d+ lp- dl+ ll- w+"
"layered_lbfgs","constrained","test","eqmean","equal_intercepts",25,47,"native","lambda1",429184705,1.0680813,"nonpositive_curvature","converged",154,"layered","",1,1.3612826,FALSE,0.72121653,0.72121653,"d+ lp- dl+ ll- w+"
"layered_lbfgs","constrained","test","eqmean","equal_intercepts",25,47,"x0.01","lambda0.25",429184705,,"","",,"","[LineSearchFailed] after 97 iters  f=0.940214: nlopt Limited",,,FALSE,0.60946561,0.60946561,"d+ lp- dl+ ll- w+"
"layered_lbfgs","constrained","test","eqmean","equal_intercepts",25,47,"x0.01","lambda1",429184705,,"","",,"","[LineSearchFailed] after 161 iters  f=1.06808: nlopt Limited",,,FALSE,0.72121653,0.72121653,"d+ lp- dl+ ll- w+"
"layered_lbfgs","constrained","test","eqmean","equal_intercepts",25,47,"x100","lambda0.25",429184705,,"","",,"","[LineSearchFailed] after 96 iters  f=0.93594: nlopt Limited-",,,FALSE,0.60946561,0.60946561,"d+ lp- dl+ ll- w+"
"layered_lbfgs","constrained","test","eqmean","equal_intercepts",25,47,"x100","lambda1",429184705,,"","",,"","[LineSearchFailed] after 278 iters  f=1.06806: nlopt Limited",,,FALSE,0.72121653,0.72121653,"d+ lp- dl+ ll- w+"
"layered_lbfgs","constrained","test","eqmean","equal_intercepts",25,52,"native","lambda0.25",429184831,,"","",,"","[LineSearchFailed] after 616 iters  f=0.754538: nlopt Limite",,,FALSE,0.72760562,0.72760562,"d+ lp- dl+ ll- w+"
"layered_lbfgs","constrained","test","eqmean","equal_intercepts",25,52,"x100","lambda0.25",429184831,,"","",,"","[LineSearchFailed] after 681 iters  f=0.7549: nlopt Limited-",,,FALSE,0.72760562,0.72760562,"d+ lp- dl+ ll- w+"
"layered_lbfgs","constrained","test","eqmean","equal_intercepts",25,54,"native","lambda0.25",429184833,,"","",,"","[LineSearchFailed] after 2728 iters  f=0.799169: nlopt Limit",,,FALSE,0.78968063,0.78968063,"d+ lp- dl+ ll- w+"
"layered_lbfgs","constrained","test","eqmean","equal_intercepts",25,54,"x100","lambda0.25",429184833,0.79958202,"available","converged",1286,"layered","",1,77.383757,FALSE,0.78968063,0.78968063,"d+ lp- dl+ ll- w+"
"layered_lbfgs","constrained","test","eqmean","equal_intercepts",25,55,"native","lambda0.25",429184834,,"","",,"","[LineSearchFailed] after 164 iters  f=0.718671: nlopt Limite",,,FALSE,0.70575681,0.70575681,"d+ lp+ dl+ ll- w+"
"layered_lbfgs","constrained","test","eqmean","equal_intercepts",25,55,"native","lambda1",429184834,,"","",,"","[LineSearchFailed] after 116 iters  f=0.849416: nlopt Limite",,,FALSE,0.83558148,0.83558148,"d+ lp+ dl+ ll- w+"
"layered_lbfgs","constrained","test","eqmean","equal_intercepts",25,55,"x100","lambda0.25",429184834,,"","",,"","[LineSearchFailed] after 463 iters  f=0.717514: nlopt Limite",,,FALSE,0.70575681,0.70575681,"d+ lp+ dl+ ll- w+"
"layered_lbfgs","constrained","test","eqmean","equal_intercepts",25,55,"x100","lambda1",429184834,,"","",,"","[LineSearchFailed] after 116 iters  f=0.849416: nlopt Limite",,,FALSE,0.83558148,0.83558148,"d+ lp+ dl+ ll- w+"
"layered_lbfgs","constrained","test","eqmean","equal_intercepts",25,61,"native","lambda0.25",429184961,,"","",,"","[LineSearchFailed] after 106 iters  f=0.724016: nlopt Limite",,,FALSE,0.66221176,0.66221176,"d+ lp- dl+ ll- w+"
"layered_lbfgs","constrained","test","eqmean","equal_intercepts",25,61,"native","lambda1",429184961,,"","",,"","[LineSearchFailed] after 102 iters  f=0.838902: nlopt Limite",,,FALSE,0.77890901,0.77890901,"d+ lp+ dl+ ll- w+"
"layered_lbfgs","constrained","test","eqmean","equal_intercepts",25,61,"x100","lambda0.25",429184961,,"","",,"","[LineSearchFailed] after 106 iters  f=0.724016: nlopt Limite",,,FALSE,0.66221176,0.66221176,"d+ lp- dl+ ll- w+"
"layered_lbfgs","constrained","test","eqmean","equal_intercepts",25,61,"x100","lambda1",429184961,,"","",,"","[LineSearchFailed] after 108 iters  f=0.837348: nlopt Limite",,,FALSE,0.77890901,0.77890901,"d+ lp+ dl+ ll- w+"
"layered_lbfgs","constrained","test","eqmean","equal_intercepts",25,64,"native","lambda0.25",429184964,0.60381301,"available","converged",2732,"layered","",1,96.826391,FALSE,0.59260303,0.59260303,"d+ lp- dl+ ll- w+"
"layered_lbfgs","constrained","test","eqmean","equal_intercepts",25,64,"native","lambda1",429184964,,"","",,"","[LineSearchFailed] after 129 iters  f=0.821666: nlopt Limite",,,FALSE,0.6898757,0.6898757,"d+ lp- dl+ ll- w+"
"layered_lbfgs","constrained","test","eqmean","equal_intercepts",25,64,"x100","lambda0.25",429184964,,"","",,"","[LineSearchFailed] after 660 iters  f=0.60471: nlopt Limited",,,FALSE,0.59260303,0.59260303,"d+ lp- dl+ ll- w+"
"layered_lbfgs","constrained","test","eqmean","equal_intercepts",25,64,"x100","lambda1",429184964,,"","",,"","[LineSearchFailed] after 129 iters  f=0.821669: nlopt Limite",,,FALSE,0.6898757,0.6898757,"d+ lp- dl+ ll- w+"
"layered_lbfgs","constrained","test","eqmean","equal_intercepts",25,70,"native","lambda0.25",429185091,,"","",,"","[LineSearchFailed] after 136 iters  f=1.4071: nlopt Limited-",,,FALSE,1.3444021,1.3444021,"d+ lp+ dl+ ll- w+"
"layered_lbfgs","constrained","test","eqmean","equal_intercepts",25,70,"x100","lambda0.25",429185091,,"","",,"","[LineSearchFailed] after 124 iters  f=1.40785: nlopt Limited",,,FALSE,1.3444021,1.3444021,"d+ lp+ dl+ ll- w+"
"layered_lbfgs","constrained","test","eqmean","equal_intercepts",25,71,"native","lambda0.25",429185092,,"","",,"","[LineSearchFailed] after 469 iters  f=0.728781: nlopt Limite",,,FALSE,0.70458882,0.70458882,"d+ lp- dl+ ll- w+"
"layered_lbfgs","constrained","test","eqmean","equal_intercepts",25,71,"native","lambda1",429185092,,"","",,"","[LineSearchFailed] after 206 iters  f=0.858045: nlopt Limite",,,FALSE,0.80330861,0.80330861,"d+ lp- dl+ ll- w+"
"layered_lbfgs","constrained","test","eqmean","equal_intercepts",25,71,"x100","lambda0.25",429185092,0.72771617,"available","converged",2088,"layered","",1,82.787383,FALSE,0.70458882,0.70458882,"d+ lp- dl+ ll- w+"
"layered_lbfgs","constrained","test","eqmean","equal_intercepts",25,71,"x100","lambda1",429185092,,"","",,"","[LineSearchFailed] after 163 iters  f=0.858048: nlopt Limite",,,FALSE,0.80330861,0.80330861,"d+ lp- dl+ ll- w+"
"layered_lbfgs","constrained","test","eqmean","equal_intercepts",25,73,"native","lambda0.25",429185094,,"","",,"","[LineSearchFailed] after 372 iters  f=1.32879: nlopt Limited",,,FALSE,0.97107615,0.97107615,"d+ lp- dl- ll- w+"
"layered_lbfgs","constrained","test","eqmean","equal_intercepts",25,73,"x0.01","lambda0.25",429185094,,"","",,"","[LineSearchFailed] after 392 iters  f=1.32978: nlopt Limited",,,FALSE,0.97134576,0.97107615,"d+ lp- dl- ll- w+"
"layered_lbfgs","constrained","test","eqmean","equal_intercepts",25,73,"x100","lambda0.25",429185094,,"","",,"","[LineSearchFailed] after 193 iters  f=1.33774: nlopt Limited",,,FALSE,0.97107615,0.97107615,"d+ lp- dl- ll- w+"
"layered_lbfgs","constrained","test","eqmean","equal_intercepts",25,76,"native","lambda0.25",429185097,,"","",,"","[LineSearchFailed] after 110 iters  f=0.754743: nlopt Limite",,,FALSE,0.6230913,0.6230913,"d+ lp- dl+ ll- w+"
"layered_lbfgs","constrained","test","eqmean","equal_intercepts",25,76,"native","lambda1",429185097,,"","",,"","[LineSearchFailed] after 228 iters  f=0.972078: nlopt Limite",,,FALSE,0.7376092,0.7376092,"d+ lp+ dl+ ll- w+"
"layered_lbfgs","constrained","test","eqmean","equal_intercepts",25,76,"x0.01","lambda0.25",429185097,,"","",,"","[LineSearchFailed] after 114 iters  f=0.755156: nlopt Limite",,,FALSE,0.6230913,0.6230913,"d+ lp- dl+ ll- w+"
"layered_lbfgs","constrained","test","eqmean","equal_intercepts",25,76,"x100","lambda0.25",429185097,,"","",,"","[LineSearchFailed] after 104 iters  f=0.756513: nlopt Limite",,,FALSE,0.6230913,0.6230913,"d+ lp- dl+ ll- w+"
"layered_lbfgs","constrained","test","eqmean","equal_intercepts",25,76,"x100","lambda1",429185097,,"","",,"","[LineSearchFailed] after 205 iters  f=0.972084: nlopt Limite",,,FALSE,0.7376092,0.7376092,"d+ lp+ dl+ ll- w+"
"layered_lbfgs","constrained","test","eqmean","equal_intercepts",25,77,"native","lambda1",429185098,0.87992769,"available","converged",295,"layered","",1,45.065405,FALSE,0.87991469,0.87991469,"d+ lp- dl- ll- w-"
"layered_lbfgs","constrained","test","eqmean","equal_intercepts",25,77,"x100","lambda0.25",429185098,0.779295,"available","converged",1409,"layered","",1,48.503708,FALSE,0.77926332,0.77925875,"d+ lp+ dl- ll- w+"
"layered_lbfgs","constrained","test","eqmean","equal_intercepts",25,78,"native","lambda0.25",429185099,,"","",,"","[LineSearchFailed] after 136 iters  f=1.11841: nlopt Limited",,,FALSE,0.70155616,0.70155616,"d+ lp+ dl+ ll- w+"
"layered_lbfgs","constrained","test","eqmean","equal_intercepts",25,78,"x100","lambda0.25",429185099,,"","",,"","[LineSearchFailed] after 136 iters  f=1.11841: nlopt Limited",,,FALSE,0.70155616,0.70155616,"d+ lp+ dl+ ll- w+"
"layered_lbfgs","constrained","test","eqmean","equal_intercepts",25,79,"native","lambda0.25",429185100,,"","",,"","[LineSearchFailed] after 232 iters  f=0.812337: nlopt Limite",,,FALSE,0.63458234,0.63458234,"d+ lp- dl+ ll- w+"
"layered_lbfgs","constrained","test","eqmean","equal_intercepts",25,79,"native","lambda1",429185100,,"","",,"","[LineSearchFailed] after 234 iters  f=0.812882: nlopt Limite",,,FALSE,0.723215,0.72213365,"d+ lp- dl+ ll- w+"
"layered_lbfgs","constrained","test","eqmean","equal_intercepts",25,79,"x100","lambda0.25",429185100,,"","",,"","[LineSearchFailed] after 238 iters  f=0.812342: nlopt Limite",,,FALSE,0.63458234,0.63458234,"d+ lp- dl+ ll- w+"
"layered_lbfgs","constrained","test","eqmean","equal_intercepts",25,79,"x100","lambda1",429185100,,"","",,"","[LineSearchFailed] after 167 iters  f=0.813526: nlopt Limite",,,FALSE,0.723215,0.72213365,"d+ lp- dl+ ll- w+"
"layered_lbfgs","constrained","test","eqmean","equal_intercepts",25,8,"native","lambda0.25",1052428530,,"","",,"","[LineSearchFailed] after 265 iters  f=1.19502: nlopt Limited",,,FALSE,0.86001827,0.86001827,"d+ lp- dl+ ll- w+"
"layered_lbfgs","constrained","test","eqmean","equal_intercepts",25,8,"native","lambda1",1052428530,,"","",,"","[LineSearchFailed] after 151 iters  f=1.23608: nlopt Limited",,,FALSE,0.99045798,0.99045798,"d+ lp- dl+ ll- w+"
"layered_lbfgs","constrained","test","eqmean","equal_intercepts",25,8,"x100","lambda0.25",1052428530,,"","",,"","[LineSearchFailed] after 150 iters  f=1.19816: nlopt Limited",,,FALSE,0.86001827,0.86001827,"d+ lp- dl+ ll- w+"
"layered_lbfgs","constrained","test","eqmean","equal_intercepts",25,8,"x100","lambda1",1052428530,,"","",,"","[LineSearchFailed] after 145 iters  f=1.23598: nlopt Limited",,,FALSE,0.99045798,0.99045798,"d+ lp- dl+ ll- w+"
"layered_lbfgs","constrained","test","eqmean","equal_intercepts",25,85,"native","lambda0.25",429185227,0.71819961,"available","converged",2451,"layered","",1,60.380294,FALSE,0.64727762,0.64727762,"d+ lp- dl+ ll- w+"
"layered_lbfgs","constrained","test","eqmean","equal_intercepts",25,85,"native","lambda1",429185227,0.79387153,"available","converged",2920,"layered","",1,49.466263,FALSE,0.77971851,0.77971851,"d+ lp- dl+ ll- w+"
"layered_lbfgs","constrained","test","eqmean","equal_intercepts",25,85,"x100","lambda0.25",429185227,0.71826273,"available","converged",1409,"layered","",1,52.998932,FALSE,0.64727762,0.64727762,"d+ lp- dl+ ll- w+"
"layered_lbfgs","constrained","test","eqmean","equal_intercepts",25,85,"x100","lambda1",429185227,0.84055569,"nonpositive_curvature","converged",373,"layered","",1,2.5086696,FALSE,0.77971851,0.77971851,"d+ lp- dl+ ll- w+"
"layered_lbfgs","constrained","test","eqmean","equal_intercepts",25,87,"native","lambda0.25",429185229,0.9919492,"available","converged",2926,"layered","",1,91.296699,FALSE,0.96316951,0.96316951,"d+ lp- dl+ ll- w+"
"layered_lbfgs","constrained","test","eqmean","equal_intercepts",25,87,"native","lambda1",429185229,1.1727789,"available","converged",2350,"layered","",1,103.0066,FALSE,1.1441715,1.1441715,"d+ lp- dl+ ll- w+"
"layered_lbfgs","constrained","test","eqmean","equal_intercepts",25,87,"x100","lambda0.25",429185229,,"","",,"","[LineSearchFailed] after 370 iters  f=0.994159: nlopt Limite",,,FALSE,0.96316951,0.96316951,"d+ lp- dl+ ll- w+"
"layered_lbfgs","constrained","test","eqmean","equal_intercepts",25,87,"x100","lambda1",429185229,,"","",,"","[LineSearchFailed] after 138 iters  f=1.18237: nlopt Limited",,,FALSE,1.1441715,1.1441715,"d+ lp- dl+ ll- w+"
"layered_lbfgs","constrained","test","eqmean","equal_intercepts",25,90,"native","lambda0.25",429185353,,"","",,"","[LineSearchFailed] after 483 iters  f=0.433617: nlopt Limite",,,FALSE,0.42648911,0.42648911,"d+ lp- dl+ ll- w+"
"layered_lbfgs","constrained","test","eqmean","equal_intercepts",25,90,"native","lambda1",429185353,,"","",,"","[LineSearchFailed] after 355 iters  f=0.553171: nlopt Limite",,,FALSE,0.54577321,0.54577321,"d+ lp+ dl+ ll- w+"
"layered_lbfgs","constrained","test","eqmean","equal_intercepts",25,90,"x0.01","lambda1",429185353,,"","",,"","[LineSearchFailed] after 464 iters  f=0.552722: nlopt Limite",,,FALSE,0.54577321,0.54577321,"d+ lp+ dl- ll- w+"
"layered_lbfgs","constrained","test","eqmean","equal_intercepts",25,90,"x100","lambda0.25",429185353,,"","",,"","[LineSearchFailed] after 1870 iters  f=0.432707: nlopt Limit",,,FALSE,0.42648911,0.42648911,"d+ lp- dl+ ll- w+"
"layered_lbfgs","constrained","test","eqmean","equal_intercepts",25,90,"x100","lambda1",429185353,,"","",,"","[LineSearchFailed] after 1918 iters  f=0.551408: nlopt Limit",,,FALSE,0.54577321,0.54577321,"d+ lp+ dl+ ll- w+"
"layered_lbfgs","constrained","test","eqmean","equal_intercepts",25,96,"native","lambda0.25",429185359,,"","",,"","[LineSearchFailed] after 239 iters  f=0.661189: nlopt Limite",,,FALSE,0.61565755,0.61565755,"d+ lp- dl+ ll- w+"
"layered_lbfgs","constrained","test","eqmean","equal_intercepts",25,96,"x100","lambda0.25",429185359,,"","",,"","[LineSearchFailed] after 1055 iters  f=0.644934: nlopt Limit",,,FALSE,0.61565755,0.61565755,"d+ lp- dl+ ll- w+"
"layered_lbfgs","constrained","test","eqmean","equal_intercepts",25,97,"native","lambda0.25",429185360,0.69708457,"available","converged",2382,"layered","",1,45.12273,FALSE,0.7643629,0.7643629,"d+ lp- dl+ ll- w+"
"layered_lbfgs","constrained","test","eqmean","equal_intercepts",25,97,"native","lambda1",429185360,,"","",,"","[LineSearchFailed] after 290 iters  f=0.891879: nlopt Limite",,,FALSE,0.8507505,0.8507505,"d+ lp+ dl+ ll- w+"
"layered_lbfgs","constrained","test","eqmean","equal_intercepts",25,97,"x100","lambda0.25",429185360,0.69718935,"available","converged",1903,"layered","",1,38.887973,FALSE,0.7643629,0.7643629,"d+ lp- dl+ ll- w+"
"layered_lbfgs","constrained","test","eqmean","equal_intercepts",25,97,"x100","lambda1",429185360,,"","",,"","[LineSearchFailed] after 211 iters  f=0.891972: nlopt Limite",,,FALSE,0.8507505,0.8507505,"d+ lp+ dl+ ll- w+"
"layered_lbfgs","engineering15","test","high_r2","sem",25,10,"native","lambda0.25",1300470811,,"","",,"","[LineSearchFailed] after 65 iters  f=0.841058: nlopt Limited",,,FALSE,0.48949217,0.48949217,"d+ lp- dl+ ll- w+"
"layered_lbfgs","engineering15","test","high_r2","sem",25,10,"native","lambda1",1300470811,,"","",,"","[LineSearchFailed] after 76 iters  f=0.868285: nlopt Limited",,,FALSE,0.57315489,0.57315489,"d+ lp- dl+ ll- w+"
"layered_lbfgs","engineering15","test","high_r2","sem",25,10,"x0.01","lambda0.25",1300470811,,"","",,"","[LineSearchFailed] after 65 iters  f=0.841058: nlopt Limited",,,FALSE,0.48949217,0.48949217,"d+ lp- dl+ ll- w+"
"layered_lbfgs","engineering15","test","high_r2","sem",25,10,"x100","lambda0.25",1300470811,,"","",,"","[LineSearchFailed] after 65 iters  f=0.841058: nlopt Limited",,,FALSE,0.48949217,0.48949217,"d+ lp- dl+ ll- w+"
"layered_lbfgs","engineering15","test","high_r2","sem",25,10,"x100","lambda1",1300470811,,"","",,"","[LineSearchFailed] after 76 iters  f=0.868285: nlopt Limited",,,FALSE,0.57315489,0.57315489,"d+ lp- dl+ ll- w+"
"layered_lbfgs","engineering15","test","high_r2","sem",25,30,"native","lambda0.25",1300471073,,"","",,"","[LineSearchFailed] after 118 iters  f=0.70238: nlopt Limited",,,FALSE,0.20598209,0.20598209,"d+ lp- dl+ ll- w+"
"layered_lbfgs","engineering15","test","high_r2","sem",25,30,"native","lambda1",1300471073,,"","",,"","[LineSearchFailed] after 145 iters  f=0.733686: nlopt Limite",,,FALSE,0.29928804,0.29928804,"d+ lp- dl+ ll- w+"
"layered_lbfgs","engineering15","test","high_r2","sem",25,30,"x100","lambda0.25",1300471073,,"","",,"","[LineSearchFailed] after 118 iters  f=0.70238: nlopt Limited",,,FALSE,0.20598209,0.20598209,"d+ lp- dl+ ll- w+"
"layered_lbfgs","engineering15","test","high_r2","sem",25,30,"x100","lambda1",1300471073,,"","",,"","[LineSearchFailed] after 145 iters  f=0.733686: nlopt Limite",,,FALSE,0.29928804,0.29928804,"d+ lp- dl+ ll- w+"
"layered_lbfgs","engineering15","test","high_r2","sem",25,40,"native","lambda0.25",1300471204,0.23283454,"available","converged",481,"layered","",1,72.777397,FALSE,0.20976616,0.20976616,"d+ lp- dl+ ll- w+"
"layered_lbfgs","engineering15","test","high_r2","sem",25,40,"native","lambda1",1300471204,,"","",,"","[LineSearchFailed] after 108 iters  f=0.579227: nlopt Limite",,,FALSE,0.31563161,0.31563161,"d+ lp- dl+ ll- w+"
"layered_lbfgs","engineering15","test","high_r2","sem",25,40,"x0.01","lambda0.25",1300471204,0.23255562,"available","converged",983,"layered","",1,86.93802,FALSE,0.20976616,0.20976616,"d+ lp- dl- ll- w+"
"layered_lbfgs","engineering15","test","high_r2","sem",25,40,"x100","lambda0.25",1300471204,0.2323733,"available","converged",1527,"layered","",1,99.505101,FALSE,0.20976616,0.20976616,"d+ lp- dl+ ll- w+"
"layered_lbfgs","engineering15","test","high_r2","sem",25,40,"x100","lambda1",1300471204,,"","",,"","[LineSearchFailed] after 108 iters  f=0.579227: nlopt Limite",,,FALSE,0.31563161,0.31563161,"d+ lp- dl+ ll- w+"
"layered_lbfgs","engineering15","test","high_r2","sem",25,41,"mixed","lambda1",1300471205,,"","",,"","[LineSearchFailed] after 105 iters  f=0.795216: nlopt Limite",,,FALSE,0.29958054,0.29958054,"d+ lp- dl+ ll- w+"
"layered_lbfgs","engineering15","test","high_r2","sem",25,41,"native","lambda0.25",1300471205,,"","",,"","[LineSearchFailed] after 155 iters  f=0.743348: nlopt Limite",,,FALSE,0.17788744,0.17788744,"d+ lp- dl+ ll- w+"
"layered_lbfgs","engineering15","test","high_r2","sem",25,41,"native","lambda1",1300471205,,"","",,"","[LineSearchFailed] after 105 iters  f=0.795216: nlopt Limite",,,FALSE,0.29958054,0.29958054,"d+ lp- dl+ ll- w+"
"layered_lbfgs","engineering15","test","high_r2","sem",25,41,"x0.01","lambda0.25",1300471205,,"","",,"","[LineSearchFailed] after 155 iters  f=0.743348: nlopt Limite",,,FALSE,0.17788744,0.17788744,"d+ lp- dl+ ll- w+"
"layered_lbfgs","engineering15","test","high_r2","sem",25,41,"x100","lambda0.25",1300471205,,"","",,"","[LineSearchFailed] after 155 iters  f=0.743348: nlopt Limite",,,FALSE,0.17788744,0.17788744,"d+ lp- dl+ ll- w+"
"layered_lbfgs","engineering15","test","high_r2","sem",25,41,"x100","lambda1",1300471205,,"","",,"","[LineSearchFailed] after 105 iters  f=0.795216: nlopt Limite",,,FALSE,0.29958054,0.29958054,"d+ lp- dl+ ll- w+"
"layered_lbfgs","engineering15","test","high_r2","sem",25,44,"native","lambda0.25",1300471208,,"","",,"","[LineSearchFailed] after 83 iters  f=0.605778: nlopt Limited",,,FALSE,0.28859481,0.28859481,"d+ lp- dl+ ll- w+"
"layered_lbfgs","engineering15","test","high_r2","sem",25,44,"native","lambda1",1300471208,,"","",,"","[LineSearchFailed] after 101 iters  f=0.664016: nlopt Limite",,,FALSE,0.41046129,0.41046129,"d+ lp- dl+ ll- w+"
"layered_lbfgs","engineering15","test","high_r2","sem",25,44,"x100","lambda0.25",1300471208,,"","",,"","[LineSearchFailed] after 83 iters  f=0.605778: nlopt Limited",,,FALSE,0.28859481,0.28859481,"d+ lp- dl+ ll- w+"
"layered_lbfgs","engineering15","test","high_r2","sem",25,44,"x100","lambda1",1300471208,,"","",,"","[LineSearchFailed] after 101 iters  f=0.664016: nlopt Limite",,,FALSE,0.41046129,0.41046129,"d+ lp- dl+ ll- w+"
"layered_lbfgs","engineering15","test","high_r2","sem",25,45,"native","lambda0.25",1300471209,,"","",,"","[LineSearchFailed] after 85 iters  f=0.442386: nlopt Limited",,,FALSE,0.29155945,0.29155945,"d+ lp- dl+ ll- w+"
"layered_lbfgs","engineering15","test","high_r2","sem",25,45,"native","lambda1",1300471209,,"","",,"","[LineSearchFailed] after 79 iters  f=0.559578: nlopt Limited",,,FALSE,0.41769897,0.41769897,"d+ lp- dl+ ll- w+"
"layered_lbfgs","engineering15","test","high_r2","sem",25,45,"x100","lambda0.25",1300471209,,"","",,"","[LineSearchFailed] after 192 iters  f=0.427567: nlopt Limite",,,FALSE,0.29155945,0.29155945,"d+ lp- dl+ ll- w+"
"layered_lbfgs","engineering15","test","high_r2","sem",25,45,"x100","lambda1",1300471209,,"","",,"","[LineSearchFailed] after 79 iters  f=0.559569: nlopt Limited",,,FALSE,0.41769897,0.41769897,"d+ lp- dl+ ll- w+"
"layered_lbfgs","engineering15","test","high_r2","sem",25,46,"native","lambda0.25",1300471210,0.25731623,"available","converged",1746,"layered","",1,186.45892,FALSE,0.13550581,0.13550581,"d+ lp- dl+ ll- w+"
"layered_lbfgs","engineering15","test","high_r2","sem",25,46,"native","lambda1",1300471210,0.34567343,"available","converged",1340,"layered","",1,142.70624,FALSE,0.22825073,0.22825073,"d+ lp- dl+ ll- w+"
"layered_lbfgs","engineering15","test","high_r2","sem",25,46,"x100","lambda0.25",1300471210,0.25785005,"available","converged",1297,"layered","",1,143.01859,FALSE,0.13550581,0.13550581,"d+ lp- dl+ ll- w+"
"layered_lbfgs","engineering15","test","high_r2","sem",25,46,"x100","lambda1",1300471210,0.34560896,"available","converged",1033,"layered","",1,148.16752,FALSE,0.22825073,0.22825073,"d+ lp- dl+ ll- w+"
"layered_lbfgs","engineering15","test","high_r2","sem",25,52,"native","lambda0.25",1300471337,,"","",,"","[LineSearchFailed] after 108 iters  f=0.508423: nlopt Limite",,,FALSE,0.3168668,0.3168668,"d+ lp- dl+ ll- w+"
"layered_lbfgs","engineering15","test","high_r2","sem",25,52,"native","lambda1",1300471337,,"","",,"","[LineSearchFailed] after 80 iters  f=0.541095: nlopt Limited",,,FALSE,0.38594014,0.38594014,"d+ lp- dl+ ll- w+"
"layered_lbfgs","engineering15","test","high_r2","sem",25,52,"x100","lambda0.25",1300471337,,"","",,"","[LineSearchFailed] after 94 iters  f=0.495727: nlopt Limited",,,FALSE,0.3168668,0.3168668,"d+ lp- dl+ ll- w+"
"layered_lbfgs","engineering15","test","high_r2","sem",25,52,"x100","lambda1",1300471337,,"","",,"","[LineSearchFailed] after 80 iters  f=0.541095: nlopt Limited",,,FALSE,0.38594014,0.38594014,"d+ lp- dl+ ll- w+"
"layered_lbfgs","engineering15","test","high_r2","sem",25,58,"native","lambda0.25",1300471343,,"","",,"","[LineSearchFailed] after 52 iters  f=0.563998: nlopt Limited",,,FALSE,0.1966905,0.1966905,"d+ lp- dl+ ll- w+"
"layered_lbfgs","engineering15","test","high_r2","sem",25,58,"native","lambda1",1300471343,,"","",,"","[LineSearchFailed] after 52 iters  f=0.584313: nlopt Limited",,,FALSE,0.28099634,0.28099634,"d+ lp- dl+ ll- w+"
"layered_lbfgs","engineering15","test","high_r2","sem",25,58,"x100","lambda0.25",1300471343,,"","",,"","[LineSearchFailed] after 52 iters  f=0.563998: nlopt Limited",,,FALSE,0.1966905,0.1966905,"d+ lp- dl+ ll- w+"
"layered_lbfgs","engineering15","test","high_r2","sem",25,58,"x100","lambda1",1300471343,,"","",,"","[LineSearchFailed] after 52 iters  f=0.584313: nlopt Limited",,,FALSE,0.28099634,0.28099634,"d+ lp- dl+ ll- w+"
"layered_lbfgs","engineering15","test","high_r2","sem",25,63,"native","lambda0.25",1300471469,0.2071063,"available","converged",959,"layered","",1,119.61878,FALSE,0.1015473,0.1015473,"d+ lp- dl+ ll- w+"
"layered_lbfgs","engineering15","test","high_r2","sem",25,63,"native","lambda1",1300471469,,"","",,"","[LineSearchFailed] after 155 iters  f=0.353333: nlopt Limite",,,FALSE,0.18576832,0.18576832,"d+ lp- dl+ ll- w+"
"layered_lbfgs","engineering15","test","high_r2","sem",25,63,"x100","lambda0.25",1300471469,0.20666131,"available","converged",1578,"layered","",1,151.08962,FALSE,0.1015473,0.1015473,"d+ lp- dl+ ll- w+"
"layered_lbfgs","engineering15","test","high_r2","sem",25,63,"x100","lambda1",1300471469,,"","",,"","[LineSearchFailed] after 155 iters  f=0.353333: nlopt Limite",,,FALSE,0.18576832,0.18576832,"d+ lp- dl+ ll- w+"
"layered_lbfgs","engineering15","test","high_r2","sem",25,73,"mixed","lambda0.25",1300471600,,"","",,"","[LineSearchFailed] after 403 iters  f=0.262079: nlopt Limite",,,FALSE,0.16703266,0.16703266,"d+ lp- dl- ll- w+"
"layered_lbfgs","engineering15","test","high_r2","sem",25,73,"native","lambda0.25",1300471600,,"","",,"","[LineSearchFailed] after 144 iters  f=0.263093: nlopt Limite",,,FALSE,0.16703266,0.16703266,"d+ lp- dl+ ll- w+"
"layered_lbfgs","engineering15","test","high_r2","sem",25,73,"native","lambda1",1300471600,,"","",,"","[LineSearchFailed] after 140 iters  f=0.433806: nlopt Limite",,,FALSE,0.25377374,0.25377374,"d+ lp- dl+ ll- w+"
"layered_lbfgs","engineering15","test","high_r2","sem",25,73,"x0.01","lambda0.25",1300471600,,"","",,"","[LineSearchFailed] after 159 iters  f=0.263021: nlopt Limite",,,FALSE,0.16703266,0.16703266,"d+ lp- dl+ ll- w+"
"layered_lbfgs","engineering15","test","high_r2","sem",25,73,"x100","lambda0.25",1300471600,,"","",,"","[LineSearchFailed] after 149 iters  f=0.263915: nlopt Limite",,,FALSE,0.16703266,0.16703266,"d+ lp- dl+ ll- w+"
"layered_lbfgs","engineering15","test","high_r2","sem",25,73,"x100","lambda1",1300471600,,"","",,"","[LineSearchFailed] after 141 iters  f=0.433807: nlopt Limite",,,FALSE,0.25377374,0.25377374,"d+ lp- dl+ ll- w+"
"layered_lbfgs","engineering15","test","high_r2","sem",25,89,"mixed","lambda1",1300471737,,"","",,"","[LineSearchFailed] after 93 iters  f=0.878569: nlopt Limited",,,FALSE,0.38351654,0.38351654,"d+ lp- dl+ ll- w+"
"layered_lbfgs","engineering15","test","high_r2","sem",25,89,"native","lambda0.25",1300471737,,"","",,"","[LineSearchFailed] after 138 iters  f=0.827783: nlopt Limite",,,FALSE,0.27532959,0.27532959,"d+ lp- dl+ ll- w+"
"layered_lbfgs","engineering15","test","high_r2","sem",25,89,"native","lambda1",1300471737,,"","",,"","[LineSearchFailed] after 93 iters  f=0.878569: nlopt Limited",,,FALSE,0.38351654,0.38351654,"d+ lp- dl+ ll- w+"
"layered_lbfgs","engineering15","test","high_r2","sem",25,89,"x100","lambda0.25",1300471737,,"","",,"","[LineSearchFailed] after 138 iters  f=0.827783: nlopt Limite",,,FALSE,0.27532959,0.27532959,"d+ lp- dl+ ll- w+"
"layered_lbfgs","engineering15","test","high_r2","sem",25,89,"x100","lambda1",1300471737,,"","",,"","[LineSearchFailed] after 93 iters  f=0.878569: nlopt Limited",,,FALSE,0.38351654,0.38351654,"d+ lp- dl+ ll- w+"
"layered_lbfgs","engineering15","test","weak_marker","sem",100,1,"native","lambda1",1982216011,,"","",,"","[LineSearchFailed] after 123 iters  f=0.0944965: nlopt Limit",,,FALSE,0.052530766,0.052530766,"d+ lp- dl- ll- w+"
"layered_lbfgs","engineering15","test","weak_marker","sem",100,1,"x100","lambda1",1982216011,,"","",,"","[LineSearchFailed] after 127 iters  f=0.0943817: nlopt Limit",,,FALSE,0.052530766,0.052530766,"d+ lp- dl- ll- w+"
"layered_lbfgs","engineering15","test","weak_marker","sem",100,11,"mixed","lambda0.25",1972262010,0.0069042862,"available","converged",3811,"layered","",1,66.752492,FALSE,0.0069036077,0.0069036077,"d+ lp+ dl- ll- w-"
"layered_lbfgs","engineering15","test","weak_marker","sem",100,11,"mixed","lambda1",1972262010,0.018329739,"available","converged",1261,"layered","",1,48.205829,FALSE,0.018320759,0.018320759,"d+ lp+ dl- ll- w-"
"layered_lbfgs","engineering15","test","weak_marker","sem",100,11,"native","lambda0.25",1972262010,0.0069099296,"available","converged",1510,"layered","",1,52.091502,FALSE,0.0069036077,0.0069036077,"d+ lp+ dl- ll- w-"
"layered_lbfgs","engineering15","test","weak_marker","sem",100,11,"native","lambda1",1972262010,0.018328754,"available","converged",1330,"layered","",1,49.327469,FALSE,0.018320759,0.018320759,"d+ lp+ dl- ll- w-"
"layered_lbfgs","engineering15","test","weak_marker","sem",100,11,"x0.01","lambda0.25",1972262010,0.0069085083,"available","converged",1550,"layered","",1,54.215349,FALSE,0.0069036077,0.0069036077,"d+ lp+ dl- ll- w-"
"layered_lbfgs","engineering15","test","weak_marker","sem",100,11,"x0.01","lambda1",1972262010,0.018324742,"available","converged",1982,"layered","",1,55.809233,FALSE,0.018320759,0.018320759,"d+ lp+ dl- ll- w-"
"layered_lbfgs","engineering15","test","weak_marker","sem",100,11,"x100","lambda0.25",1972262010,0.0069091144,"available","converged",1828,"layered","",1,53.350441,FALSE,0.0069036077,0.0069036077,"d+ lp+ dl- ll- w-"
"layered_lbfgs","engineering15","test","weak_marker","sem",100,11,"x100","lambda1",1972262010,0.018324478,"available","converged",2318,"layered","",1,56.229979,FALSE,0.018320759,0.018320759,"d+ lp+ dl- ll- w-"
"layered_lbfgs","engineering15","test","weak_marker","sem",100,13,"native","lambda1",1972262012,,"","",,"","[LineSearchFailed] after 169 iters  f=0.147687: nlopt Limite",,,FALSE,0.060170128,0.060170128,"d+ lp- dl+ ll- w-"
"layered_lbfgs","engineering15","test","weak_marker","sem",100,13,"x100","lambda0.25",1972262012,,"","",,"","[LineSearchFailed] after 195 iters  f=0.137931: nlopt Limite",,,FALSE,0.047778394,0.047778394,"d+ lp+ dl+ ll- w-"
"layered_lbfgs","engineering15","test","weak_marker","sem",100,13,"x100","lambda1",1972262012,,"","",,"","[LineSearchFailed] after 206 iters  f=0.144034: nlopt Limite",,,FALSE,0.060170128,0.060170128,"d+ lp- dl+ ll- w-"
"layered_lbfgs","engineering15","test","weak_marker","sem",100,14,"mixed","lambda0.25",1972262013,0.021508183,"available","converged",1273,"layered","",1,64.291861,FALSE,0.021500329,0.021500329,"d+ lp+ dl- ll- w-"
"layered_lbfgs","engineering15","test","weak_marker","sem",100,19,"native","lambda0.25",1972262018,,"","",,"","[LineSearchFailed] after 52 iters  f=0.271211: nlopt Limited",,,FALSE,0.063003056,0.063003056,"d+ lp- dl- ll- w+"
"layered_lbfgs","engineering15","test","weak_marker","sem",100,19,"native","lambda1",1972262018,,"","",,"","[LineSearchFailed] after 74 iters  f=0.300652: nlopt Limited",,,FALSE,0.08303827,0.08303827,"d+ lp- dl- ll- w+"
"layered_lbfgs","engineering15","test","weak_marker","sem",100,19,"x100","lambda0.25",1972262018,,"","",,"","[LineSearchFailed] after 52 iters  f=0.271211: nlopt Limited",,,FALSE,0.063003056,0.063003056,"d+ lp- dl- ll- w+"
"layered_lbfgs","engineering15","test","weak_marker","sem",100,19,"x100","lambda1",1972262018,,"","",,"","[LineSearchFailed] after 74 iters  f=0.300653: nlopt Limited",,,FALSE,0.08303827,0.08303827,"d+ lp- dl- ll- w+"
"layered_lbfgs","engineering15","test","weak_marker","sem",100,21,"x0.01","lambda0.25",1972262141,,"","",,"","[LineSearchFailed] after 77 iters  f=0.155705: nlopt Limited",,,FALSE,0.084580493,0.084580493,"d+ lp- dl- ll- w-"
"layered_lbfgs","engineering15","test","weak_marker","sem",100,23,"native","lambda0.25",1972262143,,"","",,"","[LineSearchFailed] after 80 iters  f=0.062428: nlopt Limited",,,FALSE,0.024366136,0.024366136,"d+ lp- dl+ ll- w+"
"layered_lbfgs","engineering15","test","weak_marker","sem",100,23,"native","lambda1",1972262143,,"","",,"","[LineSearchFailed] after 83 iters  f=0.0684832: nlopt Limite",,,FALSE,0.034513807,0.034513807,"d+ lp- dl+ ll- w+"
"layered_lbfgs","engineering15","test","weak_marker","sem",100,23,"x100","lambda0.25",1972262143,,"","",,"","[LineSearchFailed] after 80 iters  f=0.062428: nlopt Limited",,,FALSE,0.024366136,0.024366136,"d+ lp- dl+ ll- w+"
"layered_lbfgs","engineering15","test","weak_marker","sem",100,23,"x100","lambda1",1972262143,,"","",,"","[LineSearchFailed] after 83 iters  f=0.0684832: nlopt Limite",,,FALSE,0.034513807,0.034513807,"d+ lp- dl+ ll- w+"
"layered_lbfgs","engineering15","test","weak_marker","sem",100,24,"native","lambda1",1972262144,,"","",,"","[LineSearchFailed] after 46 iters  f=0.127661: nlopt Limited",,,FALSE,0.065155088,0.065155088,"d+ lp- dl- ll- w+"
"layered_lbfgs","engineering15","test","weak_marker","sem",100,24,"x100","lambda1",1972262144,,"","",,"","[LineSearchFailed] after 46 iters  f=0.127661: nlopt Limited",,,FALSE,0.065155206,0.065155088,"d+ lp- dl- ll- w+"
"layered_lbfgs","engineering15","test","weak_marker","sem",100,27,"mixed","lambda1",1972262147,,"","",,"","[LineSearchFailed] after 163 iters  f=0.194062: nlopt Limite",,,FALSE,0.050561092,0.050561092,"d+ lp- dl- ll- w-"
"layered_lbfgs","engineering15","test","weak_marker","sem",100,27,"x0.01","lambda1",1972262147,,"","",,"","[LineSearchFailed] after 187 iters  f=0.194062: nlopt Limite",,,FALSE,0.050560545,0.050560545,"d+ lp- dl- ll- w-"
"layered_lbfgs","engineering15","test","weak_marker","sem",100,29,"native","lambda0.25",1972262149,,"","",,"","[LineSearchFailed] after 73 iters  f=0.139576: nlopt Limited",,,FALSE,0.033119481,0.033119481,"d+ lp- dl- ll- w+"
"layered_lbfgs","engineering15","test","weak_marker","sem",100,29,"native","lambda1",1972262149,,"","",,"","[LineSearchFailed] after 108 iters  f=0.144055: nlopt Limite",,,FALSE,0.046153489,0.046153489,"d+ lp- dl- ll- w+"
"layered_lbfgs","engineering15","test","weak_marker","sem",100,29,"x100","lambda0.25",1972262149,,"","",,"","[LineSearchFailed] after 73 iters  f=0.139576: nlopt Limited",,,FALSE,0.033119481,0.033119481,"d+ lp- dl- ll- w+"
"layered_lbfgs","engineering15","test","weak_marker","sem",100,29,"x100","lambda1",1972262149,,"","",,"","[LineSearchFailed] after 118 iters  f=0.144055: nlopt Limite",,,FALSE,0.046153489,0.046153489,"d+ lp- dl- ll- w+"
"layered_lbfgs","engineering15","test","weak_marker","sem",100,32,"native","lambda0.25",1972262273,0.046189609,"available","converged",1570,"layered","",1,121.41542,FALSE,0.046082114,0.046082114,"d+ lp- dl- ll- w+"
"layered_lbfgs","engineering15","test","weak_marker","sem",100,32,"x100","lambda0.25",1972262273,0.046181132,"available","converged",2099,"layered","",1,138.1148,FALSE,0.046082114,0.046082114,"d+ lp- dl+ ll- w+"
"layered_lbfgs","engineering15","test","weak_marker","sem",100,34,"native","lambda0.25",1972262275,0.056683443,"available","converged",1056,"layered","",1,73.854468,FALSE,0.058060251,0.056677927,"d+ lp+ dl+ ll- w+"
"layered_lbfgs","engineering15","test","weak_marker","sem",100,34,"native","lambda1",1972262275,0.069530941,"nonpositive_curvature","converged",1223,"layered","",1,71.744003,FALSE,0.069865162,0.069865162,"d+ lp- dl+ ll- w+"
"layered_lbfgs","engineering15","test","weak_marker","sem",100,34,"x100","lambda0.25",1972262275,0.056689346,"available","converged",742,"layered","",1,63.529898,FALSE,0.058060251,0.056677927,"d+ lp+ dl+ ll- w+"
"layered_lbfgs","engineering15","test","weak_marker","sem",100,34,"x100","lambda1",1972262275,0.069540185,"nonpositive_curvature","converged",728,"layered","",1,80.055715,FALSE,0.069865162,0.069865162,"d+ lp- dl+ ll- w+"
"layered_lbfgs","engineering15","test","weak_marker","sem",100,35,"x100","lambda0.25",1972262276,,"","",,"","[LineSearchFailed] after 143 iters  f=0.177698: nlopt Limite",,,FALSE,0.043514002,0.043514002,"d+ lp- dl- ll- w+"
"layered_lbfgs","engineering15","test","weak_marker","sem",100,39,"native","lambda0.25",1972262280,,"","",,"","[LineSearchFailed] after 88 iters  f=0.18164: nlopt Limited-",,,FALSE,0.065403545,0.065403545,"d+ lp- dl+ ll- w+"
"layered_lbfgs","engineering15","test","weak_marker","sem",100,39,"native","lambda1",1972262280,,"","",,"","[LineSearchFailed] after 76 iters  f=0.189898: nlopt Limited",,,FALSE,0.087161691,0.087161691,"d+ lp- dl+ ll- w+"
"layered_lbfgs","engineering15","test","weak_marker","sem",100,39,"x0.01","lambda1",1972262280,,"","",,"","[LineSearchFailed] after 76 iters  f=0.189898: nlopt Limited",,,FALSE,0.087161691,0.087161691,"d+ lp- dl- ll- w+"
"layered_lbfgs","engineering15","test","weak_marker","sem",100,39,"x100","lambda0.25",1972262280,,"","",,"","[LineSearchFailed] after 88 iters  f=0.18164: nlopt Limited-",,,FALSE,0.065403545,0.065403545,"d+ lp- dl+ ll- w+"
"layered_lbfgs","engineering15","test","weak_marker","sem",100,39,"x100","lambda1",1972262280,,"","",,"","[LineSearchFailed] after 76 iters  f=0.189898: nlopt Limited",,,FALSE,0.087161691,0.087161691,"d+ lp- dl+ ll- w+"
"layered_lbfgs","engineering15","test","weak_marker","sem",100,40,"native","lambda0.25",1972262402,0.081323392,"available","converged",2974,"layered","",1,130.02734,FALSE,0.081838126,0.081838126,"d+ lp- dl+ ll- w-"
"layered_lbfgs","engineering15","test","weak_marker","sem",100,40,"native","lambda1",1972262402,0.095269589,"available","converged",809,"layered","",1,54.972698,FALSE,0.095575766,0.095266205,"d+ lp+ dl+ ll- w-"
"layered_lbfgs","engineering15","test","weak_marker","sem",100,40,"x100","lambda0.25",1972262402,0.08134697,"available","converged",2148,"layered","",1,112.41747,FALSE,0.081838126,0.081838126,"d+ lp- dl+ ll- w-"
"layered_lbfgs","engineering15","test","weak_marker","sem",100,40,"x100","lambda1",1972262402,0.095267449,"available","converged",1407,"layered","",1,62.234385,FALSE,0.095575766,0.095266205,"d+ lp+ dl+ ll- w-"
"layered_lbfgs","engineering15","test","weak_marker","sem",100,42,"mixed","lambda0.25",1972262404,,"","",,"","[LineSearchFailed] after 146 iters  f=0.145903: nlopt Limite",,,FALSE,0.030648435,0.030648435,"d+ lp- dl- ll- w-"
"layered_lbfgs","engineering15","test","weak_marker","sem",100,42,"mixed","lambda1",1972262404,,"","",,"","[LineSearchFailed] after 85 iters  f=0.153548: nlopt Limited",,,FALSE,0.04639792,0.04639792,"d+ lp- dl- ll- w-"
"layered_lbfgs","engineering15","test","weak_marker","sem",100,42,"native","lambda0.25",1972262404,,"","",,"","[LineSearchFailed] after 162 iters  f=0.145903: nlopt Limite",,,FALSE,0.030648435,0.030648435,"d+ lp- dl- ll- w-"
"layered_lbfgs","engineering15","test","weak_marker","sem",100,42,"native","lambda1",1972262404,,"","",,"","[LineSearchFailed] after 85 iters  f=0.153548: nlopt Limited",,,FALSE,0.04639792,0.04639792,"d+ lp- dl+ ll- w-"
"layered_lbfgs","engineering15","test","weak_marker","sem",100,42,"x100","lambda0.25",1972262404,,"","",,"","[LineSearchFailed] after 158 iters  f=0.145903: nlopt Limite",,,FALSE,0.030648435,0.030648435,"d+ lp- dl- ll- w-"
"layered_lbfgs","engineering15","test","weak_marker","sem",100,42,"x100","lambda1",1972262404,,"","",,"","[LineSearchFailed] after 85 iters  f=0.153548: nlopt Limited",,,FALSE,0.04639792,0.04639792,"d+ lp- dl+ ll- w-"
"layered_lbfgs","engineering15","test","weak_marker","sem",100,44,"mixed","lambda0.25",1972262406,0.034299766,"available","converged",2582,"layered","",1,62.071078,FALSE,0.034299094,0.034299094,"d+ lp+ dl- ll- w+"
"layered_lbfgs","engineering15","test","weak_marker","sem",100,44,"native","lambda0.25",1972262406,0.034300289,"available","converged",1760,"layered","",1,60.335344,FALSE,0.034299094,0.034299094,"d+ lp+ dl- ll- w+"
"layered_lbfgs","engineering15","test","weak_marker","sem",100,44,"x0.01","lambda0.25",1972262406,0.034306448,"available","converged",1217,"layered","",1,51.739643,FALSE,0.034299094,0.034299094,"d+ lp+ dl+ ll- w+"
"layered_lbfgs","engineering15","test","weak_marker","sem",100,44,"x100","lambda0.25",1972262406,0.034301762,"available","converged",1700,"layered","",1,57.23223,FALSE,0.034299094,0.034299094,"d+ lp+ dl- ll- w+"
"layered_lbfgs","engineering15","test","weak_marker","sem",100,47,"native","lambda0.25",1972262409,0.080819059,"available","converged",2393,"layered","",1,163.02648,FALSE,0.072190656,0.072190656,"d+ lp- dl+ ll- w+"
"layered_lbfgs","engineering15","test","weak_marker","sem",100,47,"native","lambda1",1972262409,0.096016991,"available","converged",2157,"layered","",1,158.18115,FALSE,0.089268254,0.089268254,"d+ lp- dl+ ll- w+"
"layered_lbfgs","engineering15","test","weak_marker","sem",100,47,"x100","lambda0.25",1972262409,0.080832878,"available","converged",2476,"layered","",1,159.32284,FALSE,0.072190656,0.072190656,"d+ lp- dl+ ll- w+"
"layered_lbfgs","engineering15","test","weak_marker","sem",100,47,"x100","lambda1",1972262409,0.096063727,"available","converged",1572,"layered","",1,141.18779,FALSE,0.089268254,0.089268254,"d+ lp- dl+ ll- w+"
"layered_lbfgs","engineering15","test","weak_marker","sem",100,48,"native","lambda1",1972262410,,"","",,"","[LineSearchFailed] after 143 iters  f=0.16496: nlopt Limited",,,FALSE,0.11594876,0.11594876,"d+ lp- dl+ ll- w+"
"layered_lbfgs","engineering15","test","weak_marker","sem",100,48,"x100","lambda1",1972262410,,"","",,"","[LineSearchFailed] after 129 iters  f=0.164959: nlopt Limite",,,FALSE,0.11594876,0.11594876,"d+ lp- dl+ ll- w+"
"layered_lbfgs","engineering15","test","weak_marker","sem",100,49,"native","lambda0.25",1972262411,0.045772967,"available","converged",1700,"layered","",1,85.862456,FALSE,0.044423256,0.044423256,"d+ lp- dl+ ll- w+"
"layered_lbfgs","engineering15","test","weak_marker","sem",100,49,"native","lambda1",1972262411,,"","",,"","[LineSearchFailed] after 161 iters  f=0.181992: nlopt Limite",,,FALSE,0.062035117,0.062035117,"d+ lp- dl+ ll- w+"
"layered_lbfgs","engineering15","test","weak_marker","sem",100,49,"x0.01","lambda0.25",1972262411,0.045805923,"available","converged",1364,"layered","",1,77.189447,FALSE,0.044423256,0.044423256,"d+ lp- dl- ll- w+"
"layered_lbfgs","engineering15","test","weak_marker","sem",100,49,"x0.01","lambda1",1972262411,,"","",,"","[LineSearchFailed] after 159 iters  f=0.182177: nlopt Limite",,,FALSE,0.062035117,0.062035117,"d+ lp- dl- ll- w+"
"layered_lbfgs","engineering15","test","weak_marker","sem",100,49,"x100","lambda0.25",1972262411,0.045903616,"available","converged",560,"layered","",1,59.492251,FALSE,0.044423256,0.044423256,"d+ lp- dl+ ll- w+"
"layered_lbfgs","engineering15","test","weak_marker","sem",100,49,"x100","lambda1",1972262411,,"","",,"","[LineSearchFailed] after 162 iters  f=0.182177: nlopt Limite",,,FALSE,0.062035117,0.062035117,"d+ lp- dl+ ll- w+"
"layered_lbfgs","engineering15","test","weak_marker","sem",100,52,"native","lambda1",1972262535,,"","",,"","[LineSearchFailed] after 138 iters  f=0.175287: nlopt Limite",,,FALSE,0.10021895,0.10021895,"d+ lp- dl- ll- w+"
"layered_lbfgs","engineering15","test","weak_marker","sem",100,52,"x100","lambda1",1972262535,,"","",,"","[LineSearchFailed] after 138 iters  f=0.175287: nlopt Limite",,,FALSE,0.10021895,0.10021895,"d+ lp- dl- ll- w+"
"layered_lbfgs","engineering15","test","weak_marker","sem",100,54,"native","lambda0.25",1972262537,,"","",,"","[LineSearchFailed] after 80 iters  f=0.0881104: nlopt Limite",,,FALSE,0.056723698,0.056723698,"d+ lp+ dl+ ll- w+"
"layered_lbfgs","engineering15","test","weak_marker","sem",100,54,"native","lambda1",1972262537,,"","",,"","[LineSearchFailed] after 70 iters  f=0.0948262: nlopt Limite",,,FALSE,0.069912503,0.069912503,"d+ lp- dl+ ll- w+"
"layered_lbfgs","engineering15","test","weak_marker","sem",100,54,"x100","lambda0.25",1972262537,,"","",,"","[LineSearchFailed] after 80 iters  f=0.0881104: nlopt Limite",,,FALSE,0.056723698,0.056723698,"d+ lp+ dl+ ll- w+"
"layered_lbfgs","engineering15","test","weak_marker","sem",100,54,"x100","lambda1",1972262537,,"","",,"","[LineSearchFailed] after 70 iters  f=0.0948262: nlopt Limite",,,FALSE,0.069912503,0.069912503,"d+ lp- dl+ ll- w+"
"layered_lbfgs","engineering15","test","weak_marker","sem",100,55,"native","lambda0.25",1972262538,,"","",,"","[LineSearchFailed] after 76 iters  f=0.119786: nlopt Limited",,,FALSE,0.0368913,0.0368913,"d+ lp- dl+ ll- w-"
"layered_lbfgs","engineering15","test","weak_marker","sem",100,55,"native","lambda1",1972262538,,"","",,"","[LineSearchFailed] after 72 iters  f=0.121236: nlopt Limited",,,FALSE,0.049047622,0.049047622,"d+ lp- dl+ ll- w-"
"layered_lbfgs","engineering15","test","weak_marker","sem",100,55,"x100","lambda0.25",1972262538,,"","",,"","[LineSearchFailed] after 76 iters  f=0.119786: nlopt Limited",,,FALSE,0.0368913,0.0368913,"d+ lp- dl+ ll- w-"
"layered_lbfgs","engineering15","test","weak_marker","sem",100,55,"x100","lambda1",1972262538,,"","",,"","[LineSearchFailed] after 72 iters  f=0.121236: nlopt Limited",,,FALSE,0.049047622,0.049047622,"d+ lp- dl+ ll- w-"
"layered_lbfgs","engineering15","test","weak_marker","sem",100,58,"native","lambda0.25",1972262541,,"","",,"","[LineSearchFailed] after 84 iters  f=0.0936362: nlopt Limite",,,FALSE,0.023392279,0.023392279,"d+ lp- dl+ ll- w+"
"layered_lbfgs","engineering15","test","weak_marker","sem",100,58,"native","lambda1",1972262541,,"","",,"","[LineSearchFailed] after 93 iters  f=0.100868: nlopt Limited",,,FALSE,0.037492459,0.037492459,"d+ lp- dl+ ll- w+"
"layered_lbfgs","engineering15","test","weak_marker","sem",100,58,"x100","lambda0.25",1972262541,,"","",,"","[LineSearchFailed] after 84 iters  f=0.0936362: nlopt Limite",,,FALSE,0.023392279,0.023392279,"d+ lp- dl+ ll- w+"
"layered_lbfgs","engineering15","test","weak_marker","sem",100,58,"x100","lambda1",1972262541,,"","",,"","[LineSearchFailed] after 93 iters  f=0.100868: nlopt Limited",,,FALSE,0.037492459,0.037492459,"d+ lp- dl+ ll- w+"
"layered_lbfgs","engineering15","test","weak_marker","sem",100,59,"native","lambda0.25",1972262542,0.072407577,"available","converged",2393,"layered","",1,179.82221,FALSE,0.061159518,0.061159518,"d+ lp- dl+ ll- w-"
"layered_lbfgs","engineering15","test","weak_marker","sem",100,59,"native","lambda1",1972262542,0.086646933,"available","converged",2950,"layered","",1,192.16816,FALSE,0.078174684,0.078174684,"d+ lp- dl+ ll- w-"
"layered_lbfgs","engineering15","test","weak_marker","sem",100,59,"x100","lambda0.25",1972262542,0.072450541,"available","converged",1797,"layered","",1,168.16104,FALSE,0.061159518,0.061159518,"d+ lp- dl+ ll- w-"
"layered_lbfgs","engineering15","test","weak_marker","sem",100,59,"x100","lambda1",1972262542,0.086821457,"available","converged",1334,"layered","",1,132.88705,FALSE,0.078174684,0.078174684,"d+ lp- dl+ ll- w-"
"layered_lbfgs","engineering15","test","weak_marker","sem",100,6,"mixed","lambda0.25",1982216016,0.042466896,"available","converged",2890,"layered","",1,80.465151,FALSE,0.042447503,0.042447503,"d+ lp+ dl- ll- w+"
"layered_lbfgs","engineering15","test","weak_marker","sem",100,6,"mixed","lambda1",1982216016,0.058398336,"available","converged",1118,"layered","",1,54.414824,FALSE,0.058356918,0.058356918,"d+ lp+ dl- ll- w+"
"layered_lbfgs","engineering15","test","weak_marker","sem",100,6,"native","lambda0.25",1982216016,0.042495758,"available","converged",1130,"layered","",1,56.931773,FALSE,0.042447503,0.042447503,"d+ lp+ dl- ll- w+"
"layered_lbfgs","engineering15","test","weak_marker","sem",100,6,"native","lambda1",1982216016,0.058390206,"available","converged",1584,"layered","",1,59.269069,FALSE,0.058356918,0.058356918,"d+ lp+ dl- ll- w+"
"layered_lbfgs","engineering15","test","weak_marker","sem",100,6,"x0.01","lambda0.25",1982216016,0.042501646,"available","converged",435,"layered","",1,54.337835,FALSE,0.042447503,0.042447503,"d+ lp+ dl- ll- w+"
"layered_lbfgs","engineering15","test","weak_marker","sem",100,6,"x0.01","lambda1",1982216016,0.05838888,"available","converged",1952,"layered","",1,60.28367,FALSE,0.058357303,0.058356918,"d+ lp+ dl- ll- w+"
"layered_lbfgs","engineering15","test","weak_marker","sem",100,6,"x100","lambda0.25",1982216016,0.042487449,"available","converged",1489,"layered","",1,61.362303,FALSE,0.042447503,0.042447503,"d+ lp+ dl- ll- w+"
"layered_lbfgs","engineering15","test","weak_marker","sem",100,6,"x100","lambda1",1982216016,0.058401321,"available","converged",1148,"layered","",1,52.457545,FALSE,0.058356918,0.058356918,"d+ lp+ dl- ll- w+"
"layered_lbfgs","engineering15","test","weak_marker","sem",100,60,"native","lambda0.25",1972262664,0.052380832,"available","converged",2147,"layered","",1,123.26668,FALSE,0.0506253,0.0506253,"d+ lp- dl+ ll- w-"
"layered_lbfgs","engineering15","test","weak_marker","sem",100,60,"native","lambda1",1972262664,0.064988781,"available","converged",2382,"layered","",1,122.7493,FALSE,0.063679292,0.063679292,"d+ lp- dl+ ll- w-"
"layered_lbfgs","engineering15","test","weak_marker","sem",100,60,"x100","lambda0.25",1972262664,0.052428918,"available","converged",1245,"layered","",1,104.11899,FALSE,0.0506253,0.0506253,"d+ lp- dl+ ll- w-"
"layered_lbfgs","engineering15","test","weak_marker","sem",100,60,"x100","lambda1",1972262664,0.065020569,"available","converged",1459,"layered","",1,105.22593,FALSE,0.063679292,0.063679292,"d+ lp- dl+ ll- w-"
"layered_lbfgs","engineering15","test","weak_marker","sem",100,62,"x0.01","lambda0.25",1972262666,,"","",,"","[LineSearchFailed] after 61 iters  f=0.103726: nlopt Limited",,,FALSE,0.014395561,0.014395561,"d+ lp- dl- ll- w-"
"layered_lbfgs","engineering15","test","weak_marker","sem",100,64,"native","lambda0.25",1972262668,,"","",,"","[LineSearchFailed] after 92 iters  f=0.201723: nlopt Limited",,,FALSE,0.050405703,0.050405703,"d+ lp- dl+ ll- w-"
"layered_lbfgs","engineering15","test","weak_marker","sem",100,64,"native","lambda1",1972262668,,"","",,"","[LineSearchFailed] after 93 iters  f=0.210558: nlopt Limited",,,FALSE,0.070652243,0.070652243,"d+ lp- dl+ ll- w-"
"layered_lbfgs","engineering15","test","weak_marker","sem",100,64,"x0.01","lambda0.25",1972262668,,"","",,"","[LineSearchFailed] after 92 iters  f=0.201723: nlopt Limited",,,FALSE,0.050405703,0.050405703,"d+ lp- dl- ll- w-"
"layered_lbfgs","engineering15","test","weak_marker","sem",100,64,"x100","lambda0.25",1972262668,,"","",,"","[LineSearchFailed] after 92 iters  f=0.201723: nlopt Limited",,,FALSE,0.050405703,0.050405703,"d+ lp- dl+ ll- w-"
"layered_lbfgs","engineering15","test","weak_marker","sem",100,64,"x100","lambda1",1972262668,,"","",,"","[LineSearchFailed] after 93 iters  f=0.210558: nlopt Limited",,,FALSE,0.070652243,0.070652243,"d+ lp- dl+ ll- w-"
"layered_lbfgs","engineering15","test","weak_marker","sem",100,72,"native","lambda0.25",1972262797,,"","",,"","[LineSearchFailed] after 25 iters  f=0.116067: nlopt Limited",,,FALSE,0.049675557,0.049675557,"d+ lp- dl+ ll- w-"
"layered_lbfgs","engineering15","test","weak_marker","sem",100,72,"native","lambda1",1972262797,,"","",,"","[LineSearchFailed] after 92 iters  f=0.125508: nlopt Limited",,,FALSE,0.067062213,0.067062213,"d+ lp- dl+ ll- w-"
"layered_lbfgs","engineering15","test","weak_marker","sem",100,72,"x0.01","lambda1",1972262797,,"","",,"","[LineSearchFailed] after 92 iters  f=0.125508: nlopt Limited",,,FALSE,0.067062213,0.067062213,"d+ lp- dl- ll- w-"
"layered_lbfgs","engineering15","test","weak_marker","sem",100,72,"x100","lambda0.25",1972262797,,"","",,"","[LineSearchFailed] after 25 iters  f=0.116067: nlopt Limited",,,FALSE,0.049675557,0.049675557,"d+ lp- dl+ ll- w-"
"layered_lbfgs","engineering15","test","weak_marker","sem",100,72,"x100","lambda1",1972262797,,"","",,"","[LineSearchFailed] after 92 iters  f=0.125508: nlopt Limited",,,FALSE,0.067062213,0.067062213,"d+ lp- dl+ ll- w-"
"layered_lbfgs","engineering15","test","weak_marker","sem",100,79,"native","lambda0.25",1972262804,,"","",,"","[LineSearchFailed] after 67 iters  f=0.12871: nlopt Limited-",,,FALSE,0.054974094,0.054974094,"d+ lp- dl+ ll- w-"
"layered_lbfgs","engineering15","test","weak_marker","sem",100,79,"native","lambda1",1972262804,,"","",,"","[LineSearchFailed] after 79 iters  f=0.133694: nlopt Limited",,,FALSE,0.066742353,0.066742353,"d+ lp- dl+ ll- w-"
"layered_lbfgs","engineering15","test","weak_marker","sem",100,79,"x100","lambda0.25",1972262804,,"","",,"","[LineSearchFailed] after 67 iters  f=0.12871: nlopt Limited-",,,FALSE,0.054974094,0.054974094,"d+ lp- dl+ ll- w-"
"layered_lbfgs","engineering15","test","weak_marker","sem",100,79,"x100","lambda1",1972262804,,"","",,"","[LineSearchFailed] after 79 iters  f=0.133694: nlopt Limited",,,FALSE,0.066742353,0.066742353,"d+ lp- dl+ ll- w-"
"layered_lbfgs","engineering15","test","weak_marker","sem",100,80,"native","lambda0.25",1972262926,,"","",,"","[LineSearchFailed] after 69 iters  f=0.128938: nlopt Limited",,,FALSE,0.055866355,0.055866355,"d+ lp- dl+ ll- w+"
"layered_lbfgs","engineering15","test","weak_marker","sem",100,80,"native","lambda1",1972262926,,"","",,"","[LineSearchFailed] after 98 iters  f=0.143313: nlopt Limited",,,FALSE,0.077506658,0.077506658,"d+ lp- dl+ ll- w+"
"layered_lbfgs","engineering15","test","weak_marker","sem",100,80,"x0.01","lambda1",1972262926,,"","",,"","[LineSearchFailed] after 98 iters  f=0.143313: nlopt Limited",,,FALSE,0.077506658,0.077506658,"d+ lp- dl- ll- w+"
"layered_lbfgs","engineering15","test","weak_marker","sem",100,80,"x100","lambda0.25",1972262926,,"","",,"","[LineSearchFailed] after 69 iters  f=0.128938: nlopt Limited",,,FALSE,0.055866355,0.055866355,"d+ lp- dl+ ll- w+"
"layered_lbfgs","engineering15","test","weak_marker","sem",100,80,"x100","lambda1",1972262926,,"","",,"","[LineSearchFailed] after 98 iters  f=0.143313: nlopt Limited",,,FALSE,0.077506658,0.077506658,"d+ lp- dl+ ll- w+"
"layered_lbfgs","engineering15","test","weak_marker","sem",100,83,"native","lambda1",1972262929,,"","",,"","[LineSearchFailed] after 148 iters  f=0.132379: nlopt Limite",,,FALSE,0.037771739,0.037771725,"d+ lp- dl- ll- w+"
"layered_lbfgs","engineering15","test","weak_marker","sem",100,83,"x0.01","lambda1",1972262929,,"","",,"","[LineSearchFailed] after 140 iters  f=0.132379: nlopt Limite",,,FALSE,0.037771751,0.037771725,"d+ lp- dl- ll- w+"
"layered_lbfgs","engineering15","test","weak_marker","sem",100,83,"x100","lambda0.25",1972262929,,"","",,"","[LineSearchFailed] after 83 iters  f=0.123886: nlopt Limited",,,FALSE,0.025041901,0.025041901,"d+ lp- dl- ll- w-"
"layered_lbfgs","engineering15","test","weak_marker","sem",100,83,"x100","lambda1",1972262929,,"","",,"","[LineSearchFailed] after 148 iters  f=0.132379: nlopt Limite",,,FALSE,0.037771725,0.037771725,"d+ lp- dl- ll- w+"
"layered_lbfgs","engineering15","test","weak_marker","sem",100,85,"native","lambda0.25",1972262931,,"","",,"","[LineSearchFailed] after 115 iters  f=0.127256: nlopt Limite",,,FALSE,0.060363117,0.060363117,"d+ lp- dl- ll- w-"
"layered_lbfgs","engineering15","test","weak_marker","sem",100,85,"native","lambda1",1972262931,,"","",,"","[LineSearchFailed] after 109 iters  f=0.132608: nlopt Limite",,,FALSE,0.074484059,0.074484059,"d+ lp- dl- ll- w-"
"layered_lbfgs","engineering15","test","weak_marker","sem",100,85,"x100","lambda0.25",1972262931,,"","",,"","[LineSearchFailed] after 115 iters  f=0.127256: nlopt Limite",,,FALSE,0.060363117,0.060363117,"d+ lp- dl- ll- w-"
"layered_lbfgs","engineering15","test","weak_marker","sem",100,85,"x100","lambda1",1972262931,,"","",,"","[LineSearchFailed] after 109 iters  f=0.132608: nlopt Limite",,,FALSE,0.074484059,0.074484059,"d+ lp- dl- ll- w-"
"layered_lbfgs","engineering15","test","weak_marker","sem",100,86,"native","lambda0.25",1972262932,,"","",,"","[LineSearchFailed] after 85 iters  f=0.248196: nlopt Limited",,,FALSE,0.080250691,0.080250691,"d+ lp- dl+ ll- w-"
"layered_lbfgs","engineering15","test","weak_marker","sem",100,86,"native","lambda1",1972262932,,"","",,"","[LineSearchFailed] after 72 iters  f=0.253982: nlopt Limited",,,FALSE,0.099856942,0.099856942,"d+ lp- dl+ ll- w-"
"layered_lbfgs","engineering15","test","weak_marker","sem",100,86,"x100","lambda0.25",1972262932,,"","",,"","[LineSearchFailed] after 85 iters  f=0.248196: nlopt Limited",,,FALSE,0.080250691,0.080250691,"d+ lp- dl+ ll- w-"
"layered_lbfgs","engineering15","test","weak_marker","sem",100,86,"x100","lambda1",1972262932,,"","",,"","[LineSearchFailed] after 72 iters  f=0.253982: nlopt Limited",,,FALSE,0.099856942,0.099856942,"d+ lp- dl+ ll- w-"
"layered_lbfgs","engineering15","test","weak_marker","sem",100,87,"x0.01","lambda1",1972262933,,"","",,"","[LineSearchFailed] after 106 iters  f=0.122243: nlopt Limite",,,FALSE,0.048416028,0.048416028,"d+ lp- dl- ll- w-"
"layered_lbfgs","engineering15","test","weak_marker","sem",100,88,"native","lambda0.25",1972262934,0.045829371,"available","converged",2395,"layered","",1,129.12139,FALSE,0.044835409,0.044835409,"d+ lp- dl+ ll- w+"
"layered_lbfgs","engineering15","test","weak_marker","sem",100,88,"native","lambda1",1972262934,,"","",,"","[LineSearchFailed] after 50 iters  f=0.17038: nlopt Limited-",,,FALSE,0.062701925,0.062701925,"d+ lp- dl+ ll- w+"
"layered_lbfgs","engineering15","test","weak_marker","sem",100,88,"x100","lambda0.25",1972262934,0.045877307,"available","converged",1694,"layered","",1,107.95599,FALSE,0.044835409,0.044835409,"d+ lp- dl+ ll- w+"
"layered_lbfgs","engineering15","test","weak_marker","sem",100,88,"x100","lambda1",1972262934,,"","",,"","[LineSearchFailed] after 50 iters  f=0.17038: nlopt Limited-",,,FALSE,0.062701925,0.062701925,"d+ lp- dl+ ll- w+"
"layered_lbfgs","engineering15","test","weak_marker","sem",100,9,"x100","lambda0.25",1982216019,,"","",,"","[LineSearchFailed] after 113 iters  f=0.177067: nlopt Limite",,,FALSE,0.05897722,0.05897722,"d+ lp- dl- ll- w-"
"layered_lbfgs","engineering15","test","weak_marker","sem",100,90,"native","lambda0.25",1972263057,,"","",,"","[LineSearchFailed] after 51 iters  f=0.213402: nlopt Limited",,,FALSE,0.075857864,0.075857864,"d+ lp- dl+ ll- w+"
"layered_lbfgs","engineering15","test","weak_marker","sem",100,90,"native","lambda1",1972263057,,"","",,"","[LineSearchFailed] after 72 iters  f=0.230042: nlopt Limited",,,FALSE,0.08975251,0.08975251,"d+ lp- dl+ ll- w+"
"layered_lbfgs","engineering15","test","weak_marker","sem",100,90,"x100","lambda0.25",1972263057,,"","",,"","[LineSearchFailed] after 51 iters  f=0.213402: nlopt Limited",,,FALSE,0.075857864,0.075857864,"d+ lp- dl+ ll- w+"
"layered_lbfgs","engineering15","test","weak_marker","sem",100,90,"x100","lambda1",1972263057,,"","",,"","[LineSearchFailed] after 72 iters  f=0.230042: nlopt Limited",,,FALSE,0.08975251,0.08975251,"d+ lp- dl+ ll- w+"
"layered_lbfgs","engineering15","test","weak_marker","sem",100,91,"mixed","lambda0.25",1972263058,0.041469525,"available","converged",2571,"layered","",1,73.088149,FALSE,0.041434064,0.041434064,"d+ lp+ dl- ll- w+"
"layered_lbfgs","engineering15","test","weak_marker","sem",100,91,"native","lambda0.25",1972263058,0.041456499,"available","converged",2914,"layered","",1,84.655524,FALSE,0.041434064,0.041434064,"d+ lp+ dl- ll- w+"
"layered_lbfgs","engineering15","test","weak_marker","sem",100,91,"x0.01","lambda0.25",1972263058,0.041454068,"available","converged",3820,"layered","",1,87.955839,FALSE,0.041434064,0.041434064,"d+ lp+ dl- ll- w+"
"layered_lbfgs","engineering15","test","weak_marker","sem",100,91,"x100","lambda0.25",1972263058,0.041459984,"available","converged",3121,"layered","",1,80.852892,FALSE,0.041434064,0.041434064,"d+ lp+ dl- ll- w+"
"layered_lbfgs","engineering15","test","weak_marker","sem",100,92,"native","lambda0.25",1972263059,,"","",,"","[LineSearchFailed] after 94 iters  f=0.140307: nlopt Limited",,,FALSE,0.051994702,0.051994702,"d+ lp- dl+ ll- w+"
"layered_lbfgs","engineering15","test","weak_marker","sem",100,92,"native","lambda1",1972263059,,"","",,"","[LineSearchFailed] after 53 iters  f=0.1479: nlopt Limited-m",,,FALSE,0.069434458,0.069434458,"d+ lp- dl+ ll- w+"
"layered_lbfgs","engineering15","test","weak_marker","sem",100,92,"x0.01","lambda0.25",1972263059,,"","",,"","[LineSearchFailed] after 94 iters  f=0.140307: nlopt Limited",,,FALSE,0.051994702,0.051994702,"d+ lp- dl- ll- w+"
"layered_lbfgs","engineering15","test","weak_marker","sem",100,92,"x100","lambda0.25",1972263059,,"","",,"","[LineSearchFailed] after 94 iters  f=0.140307: nlopt Limited",,,FALSE,0.051994702,0.051994702,"d+ lp- dl+ ll- w+"
"layered_lbfgs","engineering15","test","weak_marker","sem",100,92,"x100","lambda1",1972263059,,"","",,"","[LineSearchFailed] after 53 iters  f=0.1479: nlopt Limited-m",,,FALSE,0.069434458,0.069434458,"d+ lp- dl+ ll- w+"
"layered_lbfgs","engineering15","test","weak_marker","sem",100,96,"mixed","lambda0.25",1972263063,,"","",,"","[LineSearchFailed] after 166 iters  f=0.151408: nlopt Limite",,,FALSE,0.13691092,0.071921871,"d+ lp- dl- ll- w+"
"layered_lbfgs","engineering15","test","weak_marker","sem",100,96,"native","lambda0.25",1972263063,,"","",,"","[LineSearchFailed] after 237 iters  f=0.15139: nlopt Limited",,,FALSE,0.071921871,0.071921871,"d+ lp- dl+ ll- w+"
"layered_lbfgs","engineering15","test","weak_marker","sem",100,96,"native","lambda1",1972263063,,"","",,"","[LineSearchFailed] after 229 iters  f=0.157829: nlopt Limite",,,FALSE,0.088658607,0.088658607,"d+ lp- dl+ ll- w+"
"layered_lbfgs","engineering15","test","weak_marker","sem",100,96,"x100","lambda0.25",1972263063,,"","",,"","[LineSearchFailed] after 165 iters  f=0.152787: nlopt Limite",,,FALSE,0.071921871,0.071921871,"d+ lp- dl+ ll- w+"
"layered_lbfgs","engineering15","test","weak_marker","sem",100,96,"x100","lambda1",1972263063,,"","",,"","[LineSearchFailed] after 269 iters  f=0.161028: nlopt Limite",,,FALSE,0.088658607,0.088658607,"d+ lp- dl+ ll- w+"
"layered_lbfgs","engineering15","test","weak_marker","sem",100,99,"native","lambda1",1972263066,0.062093534,"available","converged",2161,"layered","",1,87.717289,FALSE,0.061998663,0.061998663,"d+ lp- dl- ll- w+"
"layered_lbfgs","engineering15","test","weak_marker","sem",100,99,"x100","lambda0.25",1972263066,0.049560556,"available","converged",1140,"layered","",1,81.466009,FALSE,0.049215458,0.049215458,"d+ lp- dl- ll- w+"
"layered_lbfgs","engineering15","test","weak_marker","sem",100,99,"x100","lambda1",1972263066,0.062105302,"available","converged",1687,"layered","",1,74.790094,FALSE,0.061998664,0.061998663,"d+ lp- dl- ll- w+"
"layered_lbfgs","engineering15","test","weak_marker","sem",25,10,"native","lambda0.25",141767168,,"","",,"","[LineSearchFailed] after 75 iters  f=0.603991: nlopt Limited",,,FALSE,0.38124175,0.38124175,"d+ lp- dl+ ll- w-"
"layered_lbfgs","engineering15","test","weak_marker","sem",25,10,"native","lambda1",141767168,,"","",,"","[LineSearchFailed] after 111 iters  f=0.728253: nlopt Limite",,,FALSE,0.45614644,0.45614644,"d+ lp- dl+ ll- w+"
"layered_lbfgs","engineering15","test","weak_marker","sem",25,10,"x100","lambda0.25",141767168,,"","",,"","[LineSearchFailed] after 75 iters  f=0.603991: nlopt Limited",,,FALSE,0.38124175,0.38124175,"d+ lp- dl+ ll- w-"
"layered_lbfgs","engineering15","test","weak_marker","sem",25,10,"x100","lambda1",141767168,,"","",,"","[LineSearchFailed] after 111 iters  f=0.728253: nlopt Limite",,,FALSE,0.45614644,0.45614644,"d+ lp- dl+ ll- w+"
"layered_lbfgs","engineering15","test","weak_marker","sem",25,100,"native","lambda0.25",1391630024,,"","",,"","[LineSearchFailed] after 34 iters  f=0.446039: nlopt Limited",,,FALSE,0.26934624,0.26934624,"d+ lp- dl+ ll- w+"
"layered_lbfgs","engineering15","test","weak_marker","sem",25,100,"native","lambda1",1391630024,,"","",,"","[LineSearchFailed] after 56 iters  f=0.494676: nlopt Limited",,,FALSE,0.35110796,0.35110796,"d+ lp- dl+ ll- w+"
"layered_lbfgs","engineering15","test","weak_marker","sem",25,100,"x0.01","lambda0.25",1391630024,,"","",,"","[LineSearchFailed] after 34 iters  f=0.446039: nlopt Limited",,,FALSE,0.26934624,0.26934624,"d+ lp- dl+ ll- w+"
"layered_lbfgs","engineering15","test","weak_marker","sem",25,100,"x100","lambda0.25",1391630024,,"","",,"","[LineSearchFailed] after 34 iters  f=0.446039: nlopt Limited",,,FALSE,0.26934624,0.26934624,"d+ lp- dl+ ll- w+"
"layered_lbfgs","engineering15","test","weak_marker","sem",25,100,"x100","lambda1",1391630024,,"","",,"","[LineSearchFailed] after 56 iters  f=0.494676: nlopt Limited",,,FALSE,0.35110796,0.35110796,"d+ lp- dl+ ll- w+"
"layered_lbfgs","engineering15","test","weak_marker","sem",25,12,"native","lambda0.25",141767170,,"","",,"","[LineSearchFailed] after 77 iters  f=0.403121: nlopt Limited",,,FALSE,0.2178958,0.2178958,"d+ lp- dl+ ll- w+"
"layered_lbfgs","engineering15","test","weak_marker","sem",25,12,"native","lambda1",141767170,,"","",,"","[LineSearchFailed] after 70 iters  f=0.414314: nlopt Limited",,,FALSE,0.28602108,0.28602108,"d+ lp- dl+ ll- w+"
"layered_lbfgs","engineering15","test","weak_marker","sem",25,12,"x100","lambda0.25",141767170,,"","",,"","[LineSearchFailed] after 77 iters  f=0.403121: nlopt Limited",,,FALSE,0.2178958,0.2178958,"d+ lp- dl+ ll- w+"
"layered_lbfgs","engineering15","test","weak_marker","sem",25,12,"x100","lambda1",141767170,,"","",,"","[LineSearchFailed] after 70 iters  f=0.414314: nlopt Limited",,,FALSE,0.28602108,0.28602108,"d+ lp- dl+ ll- w+"
"layered_lbfgs","engineering15","test","weak_marker","sem",25,13,"native","lambda0.25",141767171,,"","",,"","[LineSearchFailed] after 85 iters  f=0.41118: nlopt Limited-",,,FALSE,0.19723112,0.19723112,"d+ lp- dl+ ll- w+"
"layered_lbfgs","engineering15","test","weak_marker","sem",25,13,"native","lambda1",141767171,,"","",,"","[LineSearchFailed] after 84 iters  f=0.451554: nlopt Limited",,,FALSE,0.27961436,0.27961436,"d+ lp- dl+ ll- w+"
"layered_lbfgs","engineering15","test","weak_marker","sem",25,13,"x0.01","lambda0.25",141767171,,"","",,"","[LineSearchFailed] after 140 iters  f=0.410762: nlopt Limite",,,FALSE,0.19723112,0.19723112,"d+ lp- dl- ll- w+"
"layered_lbfgs","engineering15","test","weak_marker","sem",25,13,"x100","lambda0.25",141767171,,"","",,"","[LineSearchFailed] after 76 iters  f=0.411201: nlopt Limited",,,FALSE,0.19723112,0.19723112,"d+ lp- dl+ ll- w+"
"layered_lbfgs","engineering15","test","weak_marker","sem",25,13,"x100","lambda1",141767171,,"","",,"","[LineSearchFailed] after 84 iters  f=0.451554: nlopt Limited",,,FALSE,0.27961436,0.27961436,"d+ lp- dl+ ll- w+"
"layered_lbfgs","engineering15","test","weak_marker","sem",25,14,"mixed","lambda0.25",141767172,,"","",,"","[LineSearchFailed] after 412 iters  f=0.167932: nlopt Limite",,,FALSE,0.15102718,0.15102718,"d+ lp- dl+ ll- w+"
"layered_lbfgs","engineering15","test","weak_marker","sem",25,14,"native","lambda0.25",141767172,,"","",,"","[LineSearchFailed] after 672 iters  f=0.167247: nlopt Limite",,,FALSE,0.15102718,0.15102718,"d+ lp- dl+ ll- w+"
"layered_lbfgs","engineering15","test","weak_marker","sem",25,14,"native","lambda1",141767172,,"","",,"","[LineSearchFailed] after 155 iters  f=0.248984: nlopt Limite",,,FALSE,0.23081602,0.23081602,"d+ lp- dl+ ll- w+"
"layered_lbfgs","engineering15","test","weak_marker","sem",25,14,"x100","lambda0.25",141767172,,"","",,"","[LineSearchFailed] after 101 iters  f=0.170131: nlopt Limite",,,FALSE,0.15102718,0.15102718,"d+ lp- dl+ ll- w+"
"layered_lbfgs","engineering15","test","weak_marker","sem",25,14,"x100","lambda1",141767172,,"","",,"","[LineSearchFailed] after 624 iters  f=0.247274: nlopt Limite",,,FALSE,0.23081602,0.23081602,"d+ lp- dl+ ll- w+"
"layered_lbfgs","engineering15","test","weak_marker","sem",25,2,"native","lambda0.25",476479332,,"","",,"","[LineSearchFailed] after 82 iters  f=0.19174: nlopt Limited-",,,FALSE,0.16198256,0.16198256,"d+ lp- dl+ ll- w+"
"layered_lbfgs","engineering15","test","weak_marker","sem",25,2,"x100","lambda0.25",476479332,0.19023465,"available","converged",610,"layered","",1,33.849701,FALSE,0.16198256,0.16198256,"d+ lp- dl+ ll- w+"
"layered_lbfgs","engineering15","test","weak_marker","sem",25,20,"native","lambda0.25",141767299,,"","",,"","[LineSearchFailed] after 77 iters  f=0.567704: nlopt Limited",,,FALSE,0.20992037,0.20992037,"d+ lp- dl+ ll- w+"
"layered_lbfgs","engineering15","test","weak_marker","sem",25,20,"native","lambda1",141767299,,"","",,"","[LineSearchFailed] after 69 iters  f=0.568523: nlopt Limited",,,FALSE,0.29678737,0.29678737,"d+ lp- dl+ ll- w+"
"layered_lbfgs","engineering15","test","weak_marker","sem",25,20,"x100","lambda0.25",141767299,,"","",,"","[LineSearchFailed] after 77 iters  f=0.567704: nlopt Limited",,,FALSE,0.20992037,0.20992037,"d+ lp- dl+ ll- w+"
"layered_lbfgs","engineering15","test","weak_marker","sem",25,20,"x100","lambda1",141767299,,"","",,"","[LineSearchFailed] after 69 iters  f=0.568523: nlopt Limited",,,FALSE,0.29678737,0.29678737,"d+ lp- dl+ ll- w+"
"layered_lbfgs","engineering15","test","weak_marker","sem",25,21,"native","lambda0.25",141767300,,"","",,"","[LineSearchFailed] after 50 iters  f=0.448432: nlopt Limited",,,FALSE,0.3605358,0.3605358,"d+ lp- dl+ ll- w-"
"layered_lbfgs","engineering15","test","weak_marker","sem",25,21,"x100","lambda0.25",141767300,,"","",,"","[LineSearchFailed] after 50 iters  f=0.448432: nlopt Limited",,,FALSE,0.3605358,0.3605358,"d+ lp- dl+ ll- w-"
"layered_lbfgs","engineering15","test","weak_marker","sem",25,22,"native","lambda0.25",141767301,,"","",,"","[LineSearchFailed] after 141 iters  f=0.351018: nlopt Limite",,,FALSE,0.16486602,0.16486602,"d+ lp- dl+ ll- w-"
"layered_lbfgs","engineering15","test","weak_marker","sem",25,22,"native","lambda1",141767301,,"","",,"","[LineSearchFailed] after 138 iters  f=0.366866: nlopt Limite",,,FALSE,0.22895335,0.22895335,"d+ lp- dl+ ll- w-"
"layered_lbfgs","engineering15","test","weak_marker","sem",25,22,"x100","lambda0.25",141767301,,"","",,"","[LineSearchFailed] after 119 iters  f=0.351018: nlopt Limite",,,FALSE,0.16486602,0.16486602,"d+ lp- dl+ ll- w-"
"layered_lbfgs","engineering15","test","weak_marker","sem",25,22,"x100","lambda1",141767301,,"","",,"","[LineSearchFailed] after 138 iters  f=0.366866: nlopt Limite",,,FALSE,0.22895335,0.22895335,"d+ lp- dl+ ll- w-"
"layered_lbfgs","engineering15","test","weak_marker","sem",25,24,"native","lambda0.25",141767303,,"","",,"","[LineSearchFailed] after 52 iters  f=0.533066: nlopt Limited",,,FALSE,0.29328356,0.29328356,"d+ lp- dl+ ll- w+"
"layered_lbfgs","engineering15","test","weak_marker","sem",25,24,"native","lambda1",141767303,,"","",,"","[LineSearchFailed] after 85 iters  f=0.678776: nlopt Limited",,,FALSE,0.35834806,0.35834806,"d+ lp- dl+ ll- w+"
"layered_lbfgs","engineering15","test","weak_marker","sem",25,24,"x100","lambda0.25",141767303,,"","",,"","[LineSearchFailed] after 52 iters  f=0.533066: nlopt Limited",,,FALSE,0.29328356,0.29328356,"d+ lp- dl+ ll- w+"
"layered_lbfgs","engineering15","test","weak_marker","sem",25,24,"x100","lambda1",141767303,,"","",,"","[LineSearchFailed] after 85 iters  f=0.678776: nlopt Limited",,,FALSE,0.35834806,0.35834806,"d+ lp- dl+ ll- w+"
"layered_lbfgs","engineering15","test","weak_marker","sem",25,25,"native","lambda0.25",141767304,,"","",,"","[LineSearchFailed] after 124 iters  f=0.424321: nlopt Limite",,,FALSE,0.1591871,0.1591871,"d+ lp- dl- ll- w+"
"layered_lbfgs","engineering15","test","weak_marker","sem",25,25,"x0.01","lambda0.25",141767304,,"","",,"","[LineSearchFailed] after 124 iters  f=0.424321: nlopt Limite",,,FALSE,0.1591871,0.1591871,"d+ lp- dl- ll- w+"
"layered_lbfgs","engineering15","test","weak_marker","sem",25,25,"x100","lambda0.25",141767304,,"","",,"","[LineSearchFailed] after 124 iters  f=0.424321: nlopt Limite",,,FALSE,0.1591871,0.1591871,"d+ lp- dl- ll- w+"
"layered_lbfgs","engineering15","test","weak_marker","sem",25,31,"native","lambda0.25",141767431,0.17352761,"available","converged",1102,"layered","",1,60.208862,FALSE,0.16581221,0.16581221,"d+ lp- dl+ ll- w-"
"layered_lbfgs","engineering15","test","weak_marker","sem",25,31,"native","lambda1",141767431,,"","",,"","[LineSearchFailed] after 107 iters  f=0.265292: nlopt Limite",,,FALSE,0.21548072,0.21548072,"d+ lp- dl+ ll- w-"
"layered_lbfgs","engineering15","test","weak_marker","sem",25,31,"x0.01","lambda0.25",141767431,,"","",,"","[LineSearchFailed] after 571 iters  f=0.174072: nlopt Limite",,,FALSE,0.16581221,0.16581221,"d+ lp- dl- ll- w-"
"layered_lbfgs","engineering15","test","weak_marker","sem",25,31,"x100","lambda0.25",141767431,0.17339812,"available","converged",1392,"layered","",1,76.337105,FALSE,0.16581221,0.16581221,"d+ lp- dl+ ll- w-"
"layered_lbfgs","engineering15","test","weak_marker","sem",25,31,"x100","lambda1",141767431,,"","",,"","[LineSearchFailed] after 108 iters  f=0.265355: nlopt Limite",,,FALSE,0.21548072,0.21548072,"d+ lp- dl+ ll- w-"
"layered_lbfgs","engineering15","test","weak_marker","sem",25,33,"mixed","lambda0.25",141767433,,"","",,"","[LineSearchFailed] after 116 iters  f=0.278616: nlopt Limite",,,FALSE,0.23481397,0.23481397,"d+ lp- dl- ll- w-"
"layered_lbfgs","engineering15","test","weak_marker","sem",25,33,"native","lambda0.25",141767433,,"","",,"","[LineSearchFailed] after 116 iters  f=0.278601: nlopt Limite",,,FALSE,0.23481397,0.23481397,"d+ lp- dl+ ll- w-"
"layered_lbfgs","engineering15","test","weak_marker","sem",25,33,"x0.01","lambda0.25",141767433,,"","",,"","[LineSearchFailed] after 180 iters  f=0.278651: nlopt Limite",,,FALSE,0.23481397,0.23481397,"d+ lp- dl+ ll- w-"
"layered_lbfgs","engineering15","test","weak_marker","sem",25,35,"native","lambda0.25",141767435,,"","",,"","[LineSearchFailed] after 87 iters  f=0.505709: nlopt Limited",,,FALSE,0.18978716,0.18978716,"d+ lp- dl- ll- w+"
"layered_lbfgs","engineering15","test","weak_marker","sem",25,35,"native","lambda1",141767435,,"","",,"","[LineSearchFailed] after 116 iters  f=0.523869: nlopt Limite",,,FALSE,0.26422634,0.26422634,"d+ lp- dl+ ll- w+"
"layered_lbfgs","engineering15","test","weak_marker","sem",25,35,"x100","lambda0.25",141767435,,"","",,"","[LineSearchFailed] after 87 iters  f=0.505709: nlopt Limited",,,FALSE,0.18978716,0.18978716,"d+ lp- dl- ll- w+"
"layered_lbfgs","engineering15","test","weak_marker","sem",25,35,"x100","lambda1",141767435,,"","",,"","[LineSearchFailed] after 116 iters  f=0.523869: nlopt Limite",,,FALSE,0.26422634,0.26422634,"d+ lp- dl+ ll- w+"
"layered_lbfgs","engineering15","test","weak_marker","sem",25,37,"native","lambda0.25",141767437,0.25969496,"available","converged",1504,"layered","",1,139.32965,FALSE,0.1916127,0.1916127,"d+ lp- dl+ ll- w+"
"layered_lbfgs","engineering15","test","weak_marker","sem",25,37,"native","lambda1",141767437,,"","",,"","[LineSearchFailed] after 44 iters  f=0.499508: nlopt Limited",,,FALSE,0.29216674,0.29216674,"d+ lp- dl+ ll- w-"
"layered_lbfgs","engineering15","test","weak_marker","sem",25,37,"x100","lambda0.25",141767437,0.25990379,"available","converged",1278,"layered","",1,118.22328,FALSE,0.1916127,0.1916127,"d+ lp- dl+ ll- w+"
"layered_lbfgs","engineering15","test","weak_marker","sem",25,37,"x100","lambda1",141767437,,"","",,"","[LineSearchFailed] after 44 iters  f=0.499508: nlopt Limited",,,FALSE,0.29216674,0.29216674,"d+ lp- dl+ ll- w-"
"layered_lbfgs","engineering15","test","weak_marker","sem",25,38,"native","lambda0.25",141767438,,"","",,"","[LineSearchFailed] after 80 iters  f=0.321663: nlopt Limited",,,FALSE,0.22772598,0.22772598,"d+ lp- dl+ ll- w-"
"layered_lbfgs","engineering15","test","weak_marker","sem",25,38,"native","lambda1",141767438,,"","",,"","[LineSearchFailed] after 52 iters  f=0.34878: nlopt Limited-",,,FALSE,0.28236883,0.28236883,"d+ lp- dl+ ll- w-"
"layered_lbfgs","engineering15","test","weak_marker","sem",25,38,"x100","lambda0.25",141767438,,"","",,"","[LineSearchFailed] after 80 iters  f=0.321663: nlopt Limited",,,FALSE,0.22772598,0.22772598,"d+ lp- dl+ ll- w-"
"layered_lbfgs","engineering15","test","weak_marker","sem",25,38,"x100","lambda1",141767438,,"","",,"","[LineSearchFailed] after 52 iters  f=0.34878: nlopt Limited-",,,FALSE,0.28236883,0.28236883,"d+ lp- dl+ ll- w-"
"layered_lbfgs","engineering15","test","weak_marker","sem",25,39,"x0.01","lambda0.25",141767439,0.32804827,"available","converged",1857,"layered","",1,78.537278,FALSE,0.32039107,0.32039107,"d+ lp- dl- ll- w-"
"layered_lbfgs","engineering15","test","weak_marker","sem",25,4,"native","lambda0.25",476479334,0.1759418,"available","converged",901,"layered","",1,95.5589,FALSE,0.17119504,0.17119504,"d+ lp- dl+ ll- w-"
"layered_lbfgs","engineering15","test","weak_marker","sem",25,4,"native","lambda1",476479334,,"","",,"","[LineSearchFailed] after 116 iters  f=0.33499: nlopt Limited",,,FALSE,0.23790419,0.23790419,"d+ lp- dl+ ll- w-"
"layered_lbfgs","engineering15","test","weak_marker","sem",25,4,"x0.01","lambda0.25",476479334,0.17588372,"available","converged",1801,"layered","",1,116.62188,FALSE,0.17119504,0.17119504,"d+ lp- dl- ll- w-"
"layered_lbfgs","engineering15","test","weak_marker","sem",25,4,"x100","lambda0.25",476479334,0.17593769,"available","converged",968,"layered","",1,96.897135,FALSE,0.17119504,0.17119504,"d+ lp- dl+ ll- w-"
"layered_lbfgs","engineering15","test","weak_marker","sem",25,4,"x100","lambda1",476479334,,"","",,"","[LineSearchFailed] after 116 iters  f=0.33499: nlopt Limited",,,FALSE,0.23790419,0.23790419,"d+ lp- dl+ ll- w-"
"layered_lbfgs","engineering15","test","weak_marker","sem",25,43,"mixed","lambda0.25",141767564,0.19153299,"available","converged",1279,"layered","",1,79.509222,FALSE,0.19042249,0.19042249,"d+ lp- dl- ll- w+"
"layered_lbfgs","engineering15","test","weak_marker","sem",25,43,"native","lambda0.25",141767564,0.19147003,"available","converged",1987,"layered","",1,94.613893,FALSE,0.19042249,0.19042249,"d+ lp- dl+ ll- w+"
"layered_lbfgs","engineering15","test","weak_marker","sem",25,43,"native","lambda1",141767564,,"","",,"","[LineSearchFailed] after 82 iters  f=0.323204: nlopt Limited",,,FALSE,0.25267615,0.25267615,"d+ lp- dl+ ll- w+"
"layered_lbfgs","engineering15","test","weak_marker","sem",25,43,"x100","lambda0.25",141767564,0.19152599,"available","converged",1732,"layered","",1,80.963303,FALSE,0.19042249,0.19042249,"d+ lp- dl+ ll- w+"
"layered_lbfgs","engineering15","test","weak_marker","sem",25,43,"x100","lambda1",141767564,,"","",,"","[LineSearchFailed] after 82 iters  f=0.323204: nlopt Limited",,,FALSE,0.25267615,0.25267615,"d+ lp- dl+ ll- w+"
"layered_lbfgs","engineering15","test","weak_marker","sem",25,46,"native","lambda0.25",141767567,,"","",,"","[LineSearchFailed] after 137 iters  f=0.186313: nlopt Limite",,,FALSE,0.11224512,0.11224512,"d+ lp- dl+ ll- w-"
"layered_lbfgs","engineering15","test","weak_marker","sem",25,46,"x100","lambda0.25",141767567,,"","",,"","[LineSearchFailed] after 144 iters  f=0.186836: nlopt Limite",,,FALSE,0.11224512,0.11224512,"d+ lp- dl+ ll- w-"
"layered_lbfgs","engineering15","test","weak_marker","sem",25,46,"x100","lambda1",141767567,,"","",,"","[LineSearchFailed] after 208 iters  f=0.196801: nlopt Limite",,,FALSE,0.14551978,0.14551978,"d+ lp- dl+ ll- w-"
"layered_lbfgs","engineering15","test","weak_marker","sem",25,48,"native","lambda0.25",141767569,0.27669113,"available","converged",635,"layered","",1,48.392994,FALSE,0.27617641,0.27617641,"d+ lp- dl- ll- w-"
"layered_lbfgs","engineering15","test","weak_marker","sem",25,48,"x100","lambda0.25",141767569,0.27661983,"available","converged",1470,"layered","",1,61.738852,FALSE,0.27617641,0.27617641,"d+ lp- dl+ ll- w-"
"layered_lbfgs","engineering15","test","weak_marker","sem",25,48,"x100","lambda1",141767569,,"","",,"","[LineSearchFailed] after 102 iters  f=0.505954: nlopt Limite",,,FALSE,0.33938766,0.33938766,"d+ lp- dl- ll- w-"
"layered_lbfgs","engineering15","test","weak_marker","sem",25,49,"native","lambda0.25",141767570,,"","",,"","[LineSearchFailed] after 67 iters  f=0.409963: nlopt Limited",,,FALSE,0.22898383,0.22898383,"d+ lp- dl+ ll- w+"
"layered_lbfgs","engineering15","test","weak_marker","sem",25,49,"x100","lambda0.25",141767570,,"","",,"","[LineSearchFailed] after 67 iters  f=0.409963: nlopt Limited",,,FALSE,0.22898383,0.22898383,"d+ lp- dl+ ll- w+"
"layered_lbfgs","engineering15","test","weak_marker","sem",25,5,"native","lambda0.25",476479335,,"","",,"","[LineSearchFailed] after 95 iters  f=0.503613: nlopt Limited",,,FALSE,0.2326895,0.2326895,"d+ lp- dl+ ll- w+"
"layered_lbfgs","engineering15","test","weak_marker","sem",25,5,"x100","lambda0.25",476479335,,"","",,"","[LineSearchFailed] after 95 iters  f=0.503613: nlopt Limited",,,FALSE,0.2326895,0.2326895,"d+ lp- dl+ ll- w+"
"layered_lbfgs","engineering15","test","weak_marker","sem",25,50,"native","lambda0.25",141767692,,"","",,"","[LineSearchFailed] after 69 iters  f=0.509973: nlopt Limited",,,FALSE,0.29497757,0.29497757,"d+ lp- dl+ ll- w-"
"layered_lbfgs","engineering15","test","weak_marker","sem",25,50,"native","lambda1",141767692,,"","",,"","[LineSearchFailed] after 105 iters  f=0.52624: nlopt Limited",,,FALSE,0.35049902,0.35049902,"d+ lp- dl+ ll- w-"
"layered_lbfgs","engineering15","test","weak_marker","sem",25,50,"x100","lambda0.25",141767692,,"","",,"","[LineSearchFailed] after 69 iters  f=0.509973: nlopt Limited",,,FALSE,0.29497757,0.29497757,"d+ lp- dl+ ll- w-"
"layered_lbfgs","engineering15","test","weak_marker","sem",25,50,"x100","lambda1",141767692,,"","",,"","[LineSearchFailed] after 105 iters  f=0.52624: nlopt Limited",,,FALSE,0.35049902,0.35049902,"d+ lp- dl+ ll- w-"
"layered_lbfgs","engineering15","test","weak_marker","sem",25,52,"mixed","lambda0.25",141767694,0.25983837,"available","converged",1605,"layered","",1,109.73242,FALSE,0.25849777,0.25849777,"d+ lp- dl- ll- w-"
"layered_lbfgs","engineering15","test","weak_marker","sem",25,53,"native","lambda1",141767695,,"","",,"","[LineSearchFailed] after 119 iters  f=0.207168: nlopt Limite",,,FALSE,0.17980029,0.17980029,"d+ lp- dl+ ll- w-"
"layered_lbfgs","engineering15","test","weak_marker","sem",25,53,"x100","lambda1",141767695,,"","",,"","[LineSearchFailed] after 119 iters  f=0.207168: nlopt Limite",,,FALSE,0.17980029,0.17980029,"d+ lp- dl+ ll- w-"
"layered_lbfgs","engineering15","test","weak_marker","sem",25,54,"native","lambda0.25",141767696,,"","",,"","[LineSearchFailed] after 90 iters  f=0.414178: nlopt Limited",,,FALSE,0.27251438,0.27251438,"d+ lp- dl+ ll- w-"
"layered_lbfgs","engineering15","test","weak_marker","sem",25,54,"native","lambda1",141767696,,"","",,"","[LineSearchFailed] after 32 iters  f=0.437777: nlopt Limited",,,FALSE,0.34282679,0.34282679,"d+ lp- dl+ ll- w-"
"layered_lbfgs","engineering15","test","weak_marker","sem",25,54,"x0.01","lambda0.25",141767696,,"","",,"","[LineSearchFailed] after 90 iters  f=0.414178: nlopt Limited",,,FALSE,0.27251438,0.27251438,"d+ lp- dl+ ll- w-"
"layered_lbfgs","engineering15","test","weak_marker","sem",25,54,"x100","lambda0.25",141767696,,"","",,"","[LineSearchFailed] after 90 iters  f=0.414178: nlopt Limited",,,FALSE,0.27251438,0.27251438,"d+ lp- dl+ ll- w-"
"layered_lbfgs","engineering15","test","weak_marker","sem",25,54,"x100","lambda1",141767696,,"","",,"","[LineSearchFailed] after 32 iters  f=0.437777: nlopt Limited",,,FALSE,0.34282679,0.34282679,"d+ lp- dl+ ll- w-"
"layered_lbfgs","engineering15","test","weak_marker","sem",25,56,"native","lambda0.25",141767698,,"","",,"","[LineSearchFailed] after 58 iters  f=0.612472: nlopt Limited",,,FALSE,0.29080643,0.29080643,"d+ lp- dl+ ll- w+"
"layered_lbfgs","engineering15","test","weak_marker","sem",25,56,"native","lambda1",141767698,,"","",,"","[LineSearchFailed] after 113 iters  f=0.764363: nlopt Limite",,,FALSE,0.38741338,0.38741338,"d+ lp- dl+ ll- w+"
"layered_lbfgs","engineering15","test","weak_marker","sem",25,56,"x0.01","lambda0.25",141767698,,"","",,"","[LineSearchFailed] after 58 iters  f=0.612472: nlopt Limited",,,FALSE,0.29080643,0.29080643,"d+ lp- dl- ll- w+"
"layered_lbfgs","engineering15","test","weak_marker","sem",25,56,"x100","lambda0.25",141767698,,"","",,"","[LineSearchFailed] after 58 iters  f=0.612472: nlopt Limited",,,FALSE,0.29080643,0.29080643,"d+ lp- dl+ ll- w+"
"layered_lbfgs","engineering15","test","weak_marker","sem",25,56,"x100","lambda1",141767698,,"","",,"","[LineSearchFailed] after 113 iters  f=0.764363: nlopt Limite",,,FALSE,0.38741338,0.38741338,"d+ lp- dl+ ll- w+"
"layered_lbfgs","engineering15","test","weak_marker","sem",25,58,"native","lambda1",141767700,,"","",,"","[LineSearchFailed] after 81 iters  f=0.313753: nlopt Limited",,,FALSE,0.26333365,0.26333365,"d+ lp- dl+ ll- w-"
"layered_lbfgs","engineering15","test","weak_marker","sem",25,58,"x100","lambda1",141767700,,"","",,"","[LineSearchFailed] after 81 iters  f=0.313753: nlopt Limited",,,FALSE,0.26333365,0.26333365,"d+ lp- dl+ ll- w-"
"layered_lbfgs","engineering15","test","weak_marker","sem",25,62,"mixed","lambda0.25",141767825,0.25405034,"available","converged",789,"layered","",1,51.083167,FALSE,0.25401612,0.25401612,"d+ lp+ dl- ll- w-"
"layered_lbfgs","engineering15","test","weak_marker","sem",25,62,"native","lambda0.25",141767825,0.25403378,"available","converged",1225,"layered","",1,58.983764,FALSE,0.25401612,0.25401612,"d+ lp+ dl- ll- w-"
"layered_lbfgs","engineering15","test","weak_marker","sem",25,62,"x0.01","lambda0.25",141767825,0.25403,"available","converged",1428,"layered","",1,61.714122,FALSE,0.25401612,0.25401612,"d+ lp+ dl- ll- w-"
"layered_lbfgs","engineering15","test","weak_marker","sem",25,62,"x100","lambda0.25",141767825,0.25403817,"available","converged",930,"layered","",1,56.357213,FALSE,0.25401612,0.25401612,"d+ lp+ dl- ll- w-"
"layered_lbfgs","engineering15","test","weak_marker","sem",25,66,"native","lambda0.25",141767829,,"","",,"","[LineSearchFailed] after 54 iters  f=0.466826: nlopt Limited",,,FALSE,0.17101192,0.17101192,"d+ lp- dl+ ll- w+"
"layered_lbfgs","engineering15","test","weak_marker","sem",25,66,"native","lambda1",141767829,,"","",,"","[LineSearchFailed] after 78 iters  f=0.522018: nlopt Limited",,,FALSE,0.23973445,0.23973445,"d+ lp- dl+ ll- w+"
"layered_lbfgs","engineering15","test","weak_marker","sem",25,66,"x100","lambda0.25",141767829,,"","",,"","[LineSearchFailed] after 54 iters  f=0.466825: nlopt Limited",,,FALSE,0.17101192,0.17101192,"d+ lp- dl+ ll- w+"
"layered_lbfgs","engineering15","test","weak_marker","sem",25,66,"x100","lambda1",141767829,,"","",,"","[LineSearchFailed] after 78 iters  f=0.522018: nlopt Limited",,,FALSE,0.23973445,0.23973445,"d+ lp- dl+ ll- w+"
"layered_lbfgs","engineering15","test","weak_marker","sem",25,67,"mixed","lambda0.25",141767830,,"","",,"","[LineSearchFailed] after 93 iters  f=0.421108: nlopt Limited",,,FALSE,0.31790909,0.31790909,"d+ lp- dl- ll- w-"
"layered_lbfgs","engineering15","test","weak_marker","sem",25,67,"native","lambda0.25",141767830,,"","",,"","[LineSearchFailed] after 145 iters  f=0.421107: nlopt Limite",,,FALSE,0.31790909,0.31790909,"d+ lp- dl+ ll- w-"
"layered_lbfgs","engineering15","test","weak_marker","sem",25,67,"native","lambda1",141767830,,"","",,"","[LineSearchFailed] after 174 iters  f=0.457536: nlopt Limite",,,FALSE,0.38758451,0.38758451,"d+ lp- dl+ ll- w-"
"layered_lbfgs","engineering15","test","weak_marker","sem",25,67,"x0.01","lambda0.25",141767830,,"","",,"","[LineSearchFailed] after 147 iters  f=0.421107: nlopt Limite",,,FALSE,0.31790909,0.31790909,"d+ lp- dl- ll- w-"
"layered_lbfgs","engineering15","test","weak_marker","sem",25,67,"x100","lambda0.25",141767830,,"","",,"","[LineSearchFailed] after 129 iters  f=0.421107: nlopt Limite",,,FALSE,0.31790909,0.31790909,"d+ lp- dl+ ll- w-"
"layered_lbfgs","engineering15","test","weak_marker","sem",25,67,"x100","lambda1",141767830,,"","",,"","[LineSearchFailed] after 174 iters  f=0.457536: nlopt Limite",,,FALSE,0.38758451,0.38758451,"d+ lp- dl+ ll- w-"
"layered_lbfgs","engineering15","test","weak_marker","sem",25,68,"native","lambda1",141767831,,"","",,"","[LineSearchFailed] after 134 iters  f=0.43409: nlopt Limited",,,FALSE,0.36973662,0.36973662,"d+ lp- dl- ll- w+"
"layered_lbfgs","engineering15","test","weak_marker","sem",25,68,"x0.01","lambda0.25",141767831,0.29999287,"available","converged",884,"layered","",1,44.974856,FALSE,0.29984928,0.29984928,"d+ lp- dl- ll- w-"
"layered_lbfgs","engineering15","test","weak_marker","sem",25,68,"x100","lambda1",141767831,,"","",,"","[LineSearchFailed] after 134 iters  f=0.43409: nlopt Limited",,,FALSE,0.36973662,0.36973662,"d+ lp- dl- ll- w+"
"layered_lbfgs","engineering15","test","weak_marker","sem",25,71,"native","lambda1",141767955,,"","",,"","[LineSearchFailed] after 78 iters  f=0.561129: nlopt Limited",,,FALSE,0.46535019,0.46535019,"d+ lp- dl+ ll- w-"
"layered_lbfgs","engineering15","test","weak_marker","sem",25,71,"x100","lambda1",141767955,,"","",,"","[LineSearchFailed] after 78 iters  f=0.561129: nlopt Limited",,,FALSE,0.46535019,0.46535019,"d+ lp- dl+ ll- w-"
"layered_lbfgs","engineering15","test","weak_marker","sem",25,77,"native","lambda0.25",141767961,,"","",,"","[LineSearchFailed] after 73 iters  f=0.218935: nlopt Limited",,,FALSE,0.13618788,0.13618788,"d+ lp+ dl+ ll- w+"
"layered_lbfgs","engineering15","test","weak_marker","sem",25,77,"native","lambda1",141767961,,"","",,"","[LineSearchFailed] after 85 iters  f=0.239703: nlopt Limited",,,FALSE,0.19140201,0.19140201,"d+ lp- dl+ ll- w+"
"layered_lbfgs","engineering15","test","weak_marker","sem",25,77,"x100","lambda0.25",141767961,,"","",,"","[LineSearchFailed] after 73 iters  f=0.218935: nlopt Limited",,,FALSE,0.13618788,0.13618788,"d+ lp+ dl+ ll- w+"
"layered_lbfgs","engineering15","test","weak_marker","sem",25,77,"x100","lambda1",141767961,,"","",,"","[LineSearchFailed] after 85 iters  f=0.239703: nlopt Limited",,,FALSE,0.19140201,0.19140201,"d+ lp- dl+ ll- w+"
"layered_lbfgs","engineering15","test","weak_marker","sem",25,78,"native","lambda0.25",141767962,0.28111602,"available","converged",1024,"layered","",1,104.65202,FALSE,0.26905861,0.26905861,"d+ lp- dl+ ll- w+"
"layered_lbfgs","engineering15","test","weak_marker","sem",25,78,"native","lambda1",141767962,0.36432964,"available","converged",390,"layered","",1,62.236367,FALSE,0.36091716,0.36091716,"d+ lp- dl+ ll- w+"
"layered_lbfgs","engineering15","test","weak_marker","sem",25,78,"x100","lambda0.25",141767962,0.28085104,"available","converged",1670,"layered","",1,138.10085,FALSE,0.26905861,0.26905861,"d+ lp- dl+ ll- w+"
"layered_lbfgs","engineering15","test","weak_marker","sem",25,78,"x100","lambda1",141767962,0.36411327,"available","converged",1037,"layered","",1,91.053801,FALSE,0.36091716,0.36091716,"d+ lp- dl+ ll- w+"
"layered_lbfgs","engineering15","test","weak_marker","sem",25,8,"native","lambda0.25",476479338,,"","",,"","[LineSearchFailed] after 111 iters  f=0.245746: nlopt Limite",,,FALSE,0.072316355,0.072316355,"d+ lp- dl+ ll- w-"
"layered_lbfgs","engineering15","test","weak_marker","sem",25,8,"native","lambda1",476479338,,"","",,"","[LineSearchFailed] after 92 iters  f=0.325333: nlopt Limited",,,FALSE,0.12930823,0.12930823,"d+ lp- dl+ ll- w-"
"layered_lbfgs","engineering15","test","weak_marker","sem",25,8,"x100","lambda0.25",476479338,,"","",,"","[LineSearchFailed] after 111 iters  f=0.245746: nlopt Limite",,,FALSE,0.072316355,0.072316355,"d+ lp- dl+ ll- w-"
"layered_lbfgs","engineering15","test","weak_marker","sem",25,8,"x100","lambda1",476479338,,"","",,"","[LineSearchFailed] after 92 iters  f=0.325333: nlopt Limited",,,FALSE,0.12930823,0.12930823,"d+ lp- dl+ ll- w-"
"layered_lbfgs","engineering15","test","weak_marker","sem",25,81,"native","lambda0.25",141768086,0.16489943,"available","converged",1469,"layered","",1,67.209758,FALSE,0.16452255,0.16452255,"d+ lp- dl- ll- w-"
"layered_lbfgs","engineering15","test","weak_marker","sem",25,81,"native","lambda1",141768086,,"","",,"","[LineSearchFailed] after 102 iters  f=0.294317: nlopt Limite",,,FALSE,0.23584312,0.23584312,"d+ lp- dl- ll- w-"
"layered_lbfgs","engineering15","test","weak_marker","sem",25,81,"x100","lambda0.25",141768086,0.16496858,"available","converged",1036,"layered","",1,54.808195,FALSE,0.16452255,0.16452255,"d+ lp- dl- ll- w-"
"layered_lbfgs","engineering15","test","weak_marker","sem",25,81,"x100","lambda1",141768086,,"","",,"","[LineSearchFailed] after 102 iters  f=0.294317: nlopt Limite",,,FALSE,0.23584312,0.23584312,"d+ lp- dl- ll- w-"
"layered_lbfgs","engineering15","test","weak_marker","sem",25,82,"native","lambda0.25",141768087,,"","",,"","[LineSearchFailed] after 138 iters  f=0.438353: nlopt Limite",,,FALSE,0.25935777,0.25935777,"d+ lp- dl+ ll- w-"
"layered_lbfgs","engineering15","test","weak_marker","sem",25,82,"native","lambda1",141768087,,"","",,"","[LineSearchFailed] after 168 iters  f=0.459275: nlopt Limite",,,FALSE,0.3231614,0.3231614,"d+ lp- dl+ ll- w-"
"layered_lbfgs","engineering15","test","weak_marker","sem",25,82,"x100","lambda0.25",141768087,0.37114187,"available","converged",489,"layered","",1,61.399709,FALSE,0.25935777,0.25935777,"d+ lp- dl+ ll- w-"
"layered_lbfgs","engineering15","test","weak_marker","sem",25,82,"x100","lambda1",141768087,,"","",,"","[LineSearchFailed] after 119 iters  f=0.460557: nlopt Limite",,,FALSE,0.3231614,0.3231614,"d+ lp- dl+ ll- w-"
"layered_lbfgs","engineering15","test","weak_marker","sem",25,86,"native","lambda0.25",141768091,,"","",,"","[LineSearchFailed] after 75 iters  f=0.145747: nlopt Limited",,,FALSE,0.10595235,0.10595235,"d+ lp- dl+ ll- w-"
"layered_lbfgs","engineering15","test","weak_marker","sem",25,86,"native","lambda1",141768091,,"","",,"","[LineSearchFailed] after 72 iters  f=0.172657: nlopt Limited",,,FALSE,0.13683006,0.13683006,"d+ lp- dl+ ll- w-"
"layered_lbfgs","engineering15","test","weak_marker","sem",25,86,"x100","lambda0.25",141768091,,"","",,"","[LineSearchFailed] after 75 iters  f=0.145747: nlopt Limited",,,FALSE,0.10595235,0.10595235,"d+ lp- dl+ ll- w-"
"layered_lbfgs","engineering15","test","weak_marker","sem",25,86,"x100","lambda1",141768091,,"","",,"","[LineSearchFailed] after 72 iters  f=0.172657: nlopt Limited",,,FALSE,0.13683006,0.13683006,"d+ lp- dl+ ll- w-"
"layered_lbfgs","engineering15","test","weak_marker","sem",25,88,"native","lambda1",141768093,,"","",,"","[LineSearchFailed] after 81 iters  f=0.390377: nlopt Limited",,,FALSE,0.30179509,0.30179509,"d+ lp- dl+ ll- w+"
"layered_lbfgs","engineering15","test","weak_marker","sem",25,88,"x100","lambda1",141768093,,"","",,"","[LineSearchFailed] after 81 iters  f=0.390377: nlopt Limited",,,FALSE,0.30179509,0.30179509,"d+ lp- dl+ ll- w+"
"layered_lbfgs","engineering15","test","weak_marker","sem",25,89,"native","lambda0.25",141768094,,"","",,"","[LineSearchFailed] after 116 iters  f=0.506533: nlopt Limite",,,FALSE,0.3275702,0.3275702,"d+ lp- dl+ ll- w+"
"layered_lbfgs","engineering15","test","weak_marker","sem",25,89,"native","lambda1",141768094,,"","",,"","[LineSearchFailed] after 90 iters  f=0.528968: nlopt Limited",,,FALSE,0.39937672,0.39937672,"d+ lp- dl- ll- w+"
"layered_lbfgs","engineering15","test","weak_marker","sem",25,89,"x100","lambda0.25",141768094,,"","",,"","[LineSearchFailed] after 116 iters  f=0.506533: nlopt Limite",,,FALSE,0.3275702,0.3275702,"d+ lp- dl+ ll- w+"
"layered_lbfgs","engineering15","test","weak_marker","sem",25,89,"x100","lambda1",141768094,,"","",,"","[LineSearchFailed] after 90 iters  f=0.528968: nlopt Limited",,,FALSE,0.39937672,0.39937672,"d+ lp- dl+ ll- w+"
"layered_lbfgs","engineering15","test","weak_marker","sem",25,9,"mixed","lambda1",476479339,,"","",,"","[LineSearchFailed] after 106 iters  f=0.204768: nlopt Limite",,,FALSE,0.17059694,0.17059694,"d+ lp- dl- ll- w+"
"layered_lbfgs","engineering15","test","weak_marker","sem",25,9,"native","lambda0.25",476479339,,"","",,"","[LineSearchFailed] after 89 iters  f=0.184524: nlopt Limited",,,FALSE,0.13037474,0.13037474,"d+ lp- dl+ ll- w+"
"layered_lbfgs","engineering15","test","weak_marker","sem",25,9,"native","lambda1",476479339,,"","",,"","[LineSearchFailed] after 106 iters  f=0.204768: nlopt Limite",,,FALSE,0.17059694,0.17059694,"d+ lp- dl+ ll- w+"
"layered_lbfgs","engineering15","test","weak_marker","sem",25,9,"x100","lambda0.25",476479339,,"","",,"","[LineSearchFailed] after 89 iters  f=0.184524: nlopt Limited",,,FALSE,0.14108074,0.13037474,"d+ lp- dl+ ll- w+"
"layered_lbfgs","engineering15","test","weak_marker","sem",25,9,"x100","lambda1",476479339,,"","",,"","[LineSearchFailed] after 106 iters  f=0.204768: nlopt Limite",,,FALSE,0.17059694,0.17059694,"d+ lp- dl+ ll- w+"
"layered_lbfgs","engineering15","test","weak_marker","sem",25,90,"native","lambda0.25",141768216,,"","",,"","[LineSearchFailed] after 101 iters  f=0.331087: nlopt Limite",,,FALSE,0.23406128,0.23406128,"d+ lp- dl+ ll- w+"
"layered_lbfgs","engineering15","test","weak_marker","sem",25,90,"native","lambda1",141768216,,"","",,"","[LineSearchFailed] after 109 iters  f=0.360324: nlopt Limite",,,FALSE,0.30018721,0.30018721,"d+ lp- dl+ ll- w+"
"layered_lbfgs","engineering15","test","weak_marker","sem",25,90,"x100","lambda0.25",141768216,,"","",,"","[LineSearchFailed] after 101 iters  f=0.331087: nlopt Limite",,,FALSE,0.23406128,0.23406128,"d+ lp- dl+ ll- w+"
"layered_lbfgs","engineering15","test","weak_marker","sem",25,90,"x100","lambda1",141768216,,"","",,"","[LineSearchFailed] after 109 iters  f=0.360324: nlopt Limite",,,FALSE,0.30018721,0.30018721,"d+ lp- dl+ ll- w+"
"layered_lbfgs","engineering15","test","weak_marker","sem",25,93,"mixed","lambda0.25",141768219,0.26419903,"available","converged",872,"layered","",1,37.482158,FALSE,0.26421256,0.26419115,"d+ lp+ dl- ll- w-"
"layered_lbfgs","engineering15","test","weak_marker","sem",25,93,"native","lambda1",141768219,0.33278738,"available","converged",544,"layered","",1,33.511481,FALSE,0.33278355,0.33278355,"d+ lp+ dl- ll- w-"
"layered_lbfgs","engineering15","test","weak_marker","sem",25,93,"x0.01","lambda1",141768219,0.33279023,"available","converged",530,"layered","",1,31.371294,FALSE,0.33278355,0.33278355,"d+ lp+ dl- ll- w-"
"layered_lbfgs","engineering15","test","weak_marker","sem",25,93,"x100","lambda1",141768219,0.33279001,"available","converged",507,"layered","",1,31.517157,FALSE,0.33278355,0.33278355,"d+ lp+ dl- ll- w-"
"layered_lbfgs","engineering15","test","weak_marker","sem",25,96,"native","lambda0.25",141768222,,"","",,"","[LineSearchFailed] after 96 iters  f=0.382791: nlopt Limited",,,FALSE,0.21539365,0.21539365,"d+ lp- dl+ ll- w+"
"layered_lbfgs","engineering15","test","weak_marker","sem",25,96,"native","lambda1",141768222,,"","",,"","[LineSearchFailed] after 90 iters  f=0.409714: nlopt Limited",,,FALSE,0.29146589,0.29146589,"d+ lp- dl+ ll- w+"
"layered_lbfgs","engineering15","test","weak_marker","sem",25,96,"x100","lambda0.25",141768222,,"","",,"","[LineSearchFailed] after 96 iters  f=0.382791: nlopt Limited",,,FALSE,0.21539365,0.21539365,"d+ lp- dl+ ll- w+"
"layered_lbfgs","engineering15","test","weak_marker","sem",25,96,"x100","lambda1",141768222,,"","",,"","[LineSearchFailed] after 90 iters  f=0.409714: nlopt Limited",,,FALSE,0.29146589,0.29146589,"d+ lp- dl+ ll- w+"
"layered_lbfgs","ernst","control","ernst","sem",25,12,"mixed","lambda0.25",1703139730,,"","",,"","[LineSearchFailed] after 266 iters  f=0.223906: nlopt Limite",,,FALSE,0.17536592,0.17536592,"d+ lp- dl- ll- w+"
"layered_lbfgs","ernst","control","ernst","sem",25,12,"native","lambda0.25",1703139730,,"","",,"","[LineSearchFailed] after 1072 iters  f=0.222742: nlopt Limit",,,FALSE,0.17536592,0.17536592,"d+ lp- dl+ ll- w+"
"layered_lbfgs","ernst","control","ernst","sem",25,12,"native","lambda1",1703139730,,"","",,"","[LineSearchFailed] after 159 iters  f=0.302481: nlopt Limite",,,FALSE,0.2385647,0.2385647,"d+ lp- dl+ ll- w+"
"layered_lbfgs","ernst","control","ernst","sem",25,12,"x0.01","lambda0.25",1703139730,,"","",,"","[LineSearchFailed] after 1142 iters  f=0.222995: nlopt Limit",,,FALSE,0.17536592,0.17536592,"d+ lp- dl+ ll- w+"
"layered_lbfgs","ernst","control","ernst","sem",25,12,"x100","lambda0.25",1703139730,,"","",,"","[LineSearchFailed] after 794 iters  f=0.222962: nlopt Limite",,,FALSE,0.17536592,0.17536592,"d+ lp- dl+ ll- w+"
"layered_lbfgs","ernst","control","ernst","sem",25,12,"x100","lambda1",1703139730,,"","",,"","[LineSearchFailed] after 204 iters  f=0.302442: nlopt Limite",,,FALSE,0.2385647,0.2385647,"d+ lp- dl+ ll- w+"
"layered_lbfgs","ernst","control","ernst","sem",25,2,"native","lambda0.25",1521157509,0.3945041,"available","converged",1499,"layered","",1,160.78669,FALSE,0.28425678,0.28425678,"d+ lp- dl+ ll- w+"
"layered_lbfgs","ernst","control","ernst","sem",25,2,"native","lambda1",1521157509,0.51380387,"available","converged",1210,"layered","",1,152.04217,FALSE,0.41699249,0.41699249,"d+ lp- dl+ ll- w+"
"layered_lbfgs","ernst","control","ernst","sem",25,2,"x100","lambda0.25",1521157509,0.3950962,"available","converged",574,"layered","",1,130.15828,FALSE,0.28425678,0.28425678,"d+ lp- dl+ ll- w+"
"layered_lbfgs","ernst","control","ernst","sem",25,2,"x100","lambda1",1521157509,0.5139579,"available","converged",982,"layered","",1,141.45007,FALSE,0.41699249,0.41699249,"d+ lp- dl+ ll- w+"
"layered_lbfgs","ernst","control","ernst","sem",25,22,"native","lambda0.25",1703139861,,"","",,"","[LineSearchFailed] after 528 iters  f=0.257096: nlopt Limite",,,FALSE,0.21314221,0.21314221,"d+ lp+ dl+ ll- w+"
"layered_lbfgs","ernst","control","ernst","sem",25,22,"x100","lambda0.25",1703139861,,"","",,"","[LineSearchFailed] after 166 iters  f=0.258013: nlopt Limite",,,FALSE,0.21314221,0.21314221,"d+ lp+ dl+ ll- w+"
"layered_lbfgs","ernst","control","ernst","sem",25,24,"native","lambda0.25",1703139863,0.32216603,"available","converged",740,"layered","",1,39.625891,FALSE,0.26159835,0.26159835,"d+ lp- dl+ ll- w+"
"layered_lbfgs","ernst","control","ernst","sem",25,24,"native","lambda1",1703139863,,"","",,"","[LineSearchFailed] after 177 iters  f=0.413316: nlopt Limite",,,FALSE,0.35046596,0.35046596,"d+ lp- dl+ ll- w+"
"layered_lbfgs","ernst","control","ernst","sem",25,24,"x0.01","lambda1",1703139863,0.41331702,"nonpositive_curvature","converged",160,"layered","",1,1.2439167,FALSE,0.35046596,0.35046596,"d+ lp- dl+ ll- w+"
"layered_lbfgs","ernst","control","ernst","sem",25,24,"x100","lambda0.25",1703139863,,"","",,"","[LineSearchFailed] after 550 iters  f=0.322298: nlopt Limite",,,FALSE,0.26159835,0.26159835,"d+ lp- dl+ ll- w+"
"layered_lbfgs","ernst","control","ernst","sem",25,24,"x100","lambda1",1703139863,,"","",,"","[LineSearchFailed] after 159 iters  f=0.413315: nlopt Limite",,,FALSE,0.35046596,0.35046596,"d+ lp- dl+ ll- w+"
"layered_lbfgs","ernst","control","ernst","sem",25,26,"native","lambda0.25",1703139865,,"","",,"","[LineSearchFailed] after 85 iters  f=0.760359: nlopt Limited",,,FALSE,0.39623188,0.39623188,"d+ lp- dl+ ll- w+"
"layered_lbfgs","ernst","control","ernst","sem",25,26,"native","lambda1",1703139865,,"","",,"","[LineSearchFailed] after 103 iters  f=0.816082: nlopt Limite",,,FALSE,0.49017205,0.49017205,"d+ lp- dl+ ll- w+"
"layered_lbfgs","ernst","control","ernst","sem",25,26,"x0.01","lambda1",1703139865,,"","",,"","[LineSearchFailed] after 103 iters  f=0.816082: nlopt Limite",,,FALSE,0.49017205,0.49017205,"d+ lp- dl+ ll- w+"
"layered_lbfgs","ernst","control","ernst","sem",25,26,"x100","lambda0.25",1703139865,,"","",,"","[LineSearchFailed] after 85 iters  f=0.760359: nlopt Limited",,,FALSE,0.39623188,0.39623188,"d+ lp- dl+ ll- w+"
"layered_lbfgs","ernst","control","ernst","sem",25,26,"x100","lambda1",1703139865,,"","",,"","[LineSearchFailed] after 103 iters  f=0.816082: nlopt Limite",,,FALSE,0.49017205,0.49017205,"d+ lp- dl+ ll- w+"
"layered_lbfgs","ernst","control","ernst","sem",25,42,"native","lambda1",1703140123,,"","",,"","[LineSearchFailed] after 110 iters  f=0.356316: nlopt Limite",,,FALSE,0.3220454,0.3220454,"d+ lp- dl+ ll- w+"
"layered_lbfgs","ernst","control","ernst","sem",25,42,"x0.01","lambda1",1703140123,,"","",,"","[LineSearchFailed] after 110 iters  f=0.356316: nlopt Limite",,,FALSE,0.3220454,0.3220454,"d+ lp- dl+ ll- w+"
"layered_lbfgs","ernst","control","ernst","sem",25,42,"x100","lambda1",1703140123,,"","",,"","[LineSearchFailed] after 110 iters  f=0.356316: nlopt Limite",,,FALSE,0.3220454,0.3220454,"d+ lp- dl+ ll- w+"
"layered_lbfgs","ernst","control","ernst","sem",25,51,"native","lambda0.25",1703140253,,"","",,"","[LineSearchFailed] after 87 iters  f=0.364445: nlopt Limited",,,FALSE,0.2629938,0.2618004,"d+ lp- dl+ ll- w+"
"layered_lbfgs","ernst","control","ernst","sem",25,51,"native","lambda1",1703140253,,"","",,"","[LineSearchFailed] after 55 iters  f=0.416949: nlopt Limited",,,FALSE,0.33370118,0.33194285,"d+ lp- dl+ ll- w+"
"layered_lbfgs","ernst","control","ernst","sem",25,51,"x100","lambda0.25",1703140253,,"","",,"","[LineSearchFailed] after 87 iters  f=0.364445: nlopt Limited",,,FALSE,0.2629938,0.2618004,"d+ lp- dl+ ll- w+"
"layered_lbfgs","ernst","control","ernst","sem",25,51,"x100","lambda1",1703140253,,"","",,"","[LineSearchFailed] after 55 iters  f=0.416949: nlopt Limited",,,FALSE,0.33370118,0.33194285,"d+ lp- dl+ ll- w+"
"layered_lbfgs","ernst","control","ernst","sem",25,57,"native","lambda0.25",1703140259,0.11833477,"available","converged",855,"layered","",1,57.328141,FALSE,0.11151474,0.11151474,"d+ lp- dl+ ll- w+"
"layered_lbfgs","ernst","control","ernst","sem",25,57,"native","lambda1",1703140259,,"","",,"","[LineSearchFailed] after 134 iters  f=0.188243: nlopt Limite",,,FALSE,0.16451429,0.16451429,"d+ lp- dl+ ll- w+"
"layered_lbfgs","ernst","control","ernst","sem",25,57,"x100","lambda0.25",1703140259,,"","",,"","[LineSearchFailed] after 111 iters  f=0.11928: nlopt Limited",,,FALSE,0.11151474,0.11151474,"d+ lp- dl+ ll- w+"
"layered_lbfgs","ernst","control","ernst","sem",25,57,"x100","lambda1",1703140259,,"","",,"","[LineSearchFailed] after 195 iters  f=0.188192: nlopt Limite",,,FALSE,0.16451429,0.16451429,"d+ lp- dl+ ll- w+"
"layered_lbfgs","ernst","control","ernst","sem",25,62,"native","lambda0.25",1703140385,,"","",,"","[LineSearchFailed] after 66 iters  f=0.353483: nlopt Limited",,,FALSE,0.26456922,0.26456922,"d+ lp- dl+ ll- w+"
"layered_lbfgs","ernst","control","ernst","sem",25,62,"native","lambda1",1703140385,,"","",,"","[LineSearchFailed] after 57 iters  f=0.43494: nlopt Limited-",,,FALSE,0.35933813,0.35933813,"d+ lp- dl+ ll- w+"
"layered_lbfgs","ernst","control","ernst","sem",25,62,"x0.01","lambda0.25",1703140385,,"","",,"","[LineSearchFailed] after 66 iters  f=0.353483: nlopt Limited",,,FALSE,0.26456922,0.26456922,"d+ lp- dl- ll- w+"
"layered_lbfgs","ernst","control","ernst","sem",25,62,"x100","lambda0.25",1703140385,,"","",,"","[LineSearchFailed] after 66 iters  f=0.353483: nlopt Limited",,,FALSE,0.26456922,0.26456922,"d+ lp- dl+ ll- w+"
"layered_lbfgs","ernst","control","ernst","sem",25,62,"x100","lambda1",1703140385,,"","",,"","[LineSearchFailed] after 57 iters  f=0.43494: nlopt Limited-",,,FALSE,0.35933813,0.35933813,"d+ lp- dl+ ll- w+"
"layered_lbfgs","ernst","control","ernst","sem",25,63,"mixed","lambda0.25",1703140386,,"","",,"","[LineSearchFailed] after 82 iters  f=0.472286: nlopt Limited",,,FALSE,0.29829327,0.29829327,"d+ lp- dl+ ll- w+"
"layered_lbfgs","ernst","control","ernst","sem",25,63,"native","lambda0.25",1703140386,,"","",,"","[LineSearchFailed] after 82 iters  f=0.472286: nlopt Limited",,,FALSE,0.29829327,0.29829327,"d+ lp- dl+ ll- w+"
"layered_lbfgs","ernst","control","ernst","sem",25,63,"native","lambda1",1703140386,,"","",,"","[LineSearchFailed] after 104 iters  f=0.5124: nlopt Limited-",,,FALSE,0.39317059,0.39317059,"d+ lp- dl+ ll- w+"
"layered_lbfgs","ernst","control","ernst","sem",25,63,"x0.01","lambda1",1703140386,,"","",,"","[LineSearchFailed] after 104 iters  f=0.5124: nlopt Limited-",,,FALSE,0.39317059,0.39317059,"d+ lp- dl- ll- w+"
"layered_lbfgs","ernst","control","ernst","sem",25,63,"x100","lambda0.25",1703140386,,"","",,"","[LineSearchFailed] after 82 iters  f=0.472286: nlopt Limited",,,FALSE,0.29829327,0.29829327,"d+ lp- dl+ ll- w+"
"layered_lbfgs","ernst","control","ernst","sem",25,63,"x100","lambda1",1703140386,,"","",,"","[LineSearchFailed] after 104 iters  f=0.5124: nlopt Limited-",,,FALSE,0.39317059,0.39317059,"d+ lp- dl+ ll- w+"
"layered_lbfgs","ernst","control","ernst","sem",25,65,"native","lambda0.25",1703140388,,"","",,"","[LineSearchFailed] after 108 iters  f=0.464538: nlopt Limite",,,FALSE,0.22434076,0.22434076,"d+ lp- dl+ ll- w+"
"layered_lbfgs","ernst","control","ernst","sem",25,65,"native","lambda1",1703140388,,"","",,"","[LineSearchFailed] after 54 iters  f=0.524547: nlopt Limited",,,FALSE,0.31659422,0.31659422,"d+ lp- dl+ ll- w+"
"layered_lbfgs","ernst","control","ernst","sem",25,65,"x0.01","lambda0.25",1703140388,,"","",,"","[LineSearchFailed] after 108 iters  f=0.464538: nlopt Limite",,,FALSE,0.22434076,0.22434076,"d+ lp- dl+ ll- w+"
"layered_lbfgs","ernst","control","ernst","sem",25,65,"x0.01","lambda1",1703140388,,"","",,"","[LineSearchFailed] after 54 iters  f=0.524547: nlopt Limited",,,FALSE,0.31659422,0.31659422,"d+ lp- dl+ ll- w+"
"layered_lbfgs","ernst","control","ernst","sem",25,65,"x100","lambda0.25",1703140388,,"","",,"","[LineSearchFailed] after 108 iters  f=0.464538: nlopt Limite",,,FALSE,0.22434076,0.22434076,"d+ lp- dl+ ll- w+"
"layered_lbfgs","ernst","control","ernst","sem",25,65,"x100","lambda1",1703140388,,"","",,"","[LineSearchFailed] after 54 iters  f=0.524547: nlopt Limited",,,FALSE,0.31659422,0.31659422,"d+ lp- dl+ ll- w+"
"layered_lbfgs","ernst","control","ernst","sem",25,76,"mixed","lambda0.25",1703140520,0.22402222,"available","converged",600,"layered","",1,29.743149,FALSE,0.24589732,0.24589732,"d+ lp- dl- ll- w+"
"layered_lbfgs","ernst","control","ernst","sem",25,76,"native","lambda0.25",1703140520,0.22393437,"available","converged",898,"layered","",1,38.530753,FALSE,0.24589732,0.24589732,"d+ lp- dl+ ll- w+"
"layered_lbfgs","ernst","control","ernst","sem",25,76,"native","lambda1",1703140520,,"","",,"","[LineSearchFailed] after 158 iters  f=0.3246: nlopt Limited-",,,FALSE,0.28788566,0.28788566,"d+ lp- dl+ ll- w+"
"layered_lbfgs","ernst","control","ernst","sem",25,76,"x100","lambda0.25",1703140520,,"","",,"","[LineSearchFailed] after 729 iters  f=0.223981: nlopt Limite",,,FALSE,0.22120305,0.22120305,"d+ lp- dl+ ll- w+"
"layered_lbfgs","ernst","control","ernst","sem",25,76,"x100","lambda1",1703140520,,"","",,"","[LineSearchFailed] after 170 iters  f=0.324601: nlopt Limite",,,FALSE,0.28788566,0.28788566,"d+ lp- dl+ ll- w+"
"layered_lbfgs","ernst","control","ernst","sem",25,85,"mixed","lambda0.25",1703140650,,"","",,"","[LineSearchFailed] after 115 iters  f=0.277664: nlopt Limite",,,FALSE,0.24418756,0.24418756,"d+ lp+ dl+ ll- w+"
"layered_lbfgs","ernst","control","ernst","sem",25,85,"native","lambda0.25",1703140650,0.2775328,"available","converged",657,"layered","",1,20.829412,FALSE,0.24418756,0.24418756,"d+ lp+ dl+ ll- w+"
"layered_lbfgs","ernst","control","ernst","sem",25,85,"x100","lambda0.25",1703140650,0.27754211,"available","converged",478,"layered","",1,19.215876,FALSE,0.24418756,0.24418756,"d+ lp+ dl+ ll- w+"
"layered_lbfgs","research47","test","r47_f1_p3_face","one_factor",25,14,"native","lambda0.25",1364291406,,"","",,"","[LineSearchFailed] after 87 iters  f=1.02526: nlopt Limited-",,,FALSE,0.035140001,0.035140001,"d+ lp- dl+ ll- w+"
"layered_lbfgs","research47","test","r47_f1_p3_face","one_factor",25,14,"native","lambda1",1364291406,,"","",,"","[LineSearchFailed] after 90 iters  f=1.02564: nlopt Limited-",,,FALSE,0.1330658,0.1330658,"d+ lp- dl+ ll- w+"
"layered_lbfgs","research47","test","r47_f1_p3_face","one_factor",25,14,"x0.01","lambda0.25",1364291406,,"","",,"","[LineSearchFailed] after 87 iters  f=1.02526: nlopt Limited-",,,FALSE,0.035140001,0.035140001,"d+ lp- dl+ ll- w+"
"layered_lbfgs","research47","test","r47_f1_p3_face","one_factor",25,14,"x0.01","lambda1",1364291406,,"","",,"","[LineSearchFailed] after 90 iters  f=1.02564: nlopt Limited-",,,FALSE,0.1330658,0.1330658,"d+ lp- dl+ ll- w+"
"layered_lbfgs","research47","test","r47_f1_p3_face","one_factor",25,14,"x100","lambda0.25",1364291406,,"","",,"","[LineSearchFailed] after 87 iters  f=1.02526: nlopt Limited-",,,FALSE,0.035140001,0.035140001,"d+ lp- dl+ ll- w+"
"layered_lbfgs","research47","test","r47_f1_p3_face","one_factor",25,14,"x100","lambda1",1364291406,,"","",,"","[LineSearchFailed] after 90 iters  f=1.02564: nlopt Limited-",,,FALSE,0.1330658,0.1330658,"d+ lp- dl+ ll- w+"
"layered_lbfgs","research47","test","r47_f1_p3_face","one_factor",25,18,"native","lambda0.25",1364291410,,"","",,"","[LineSearchFailed] after 103 iters  f=0.833923: nlopt Limite",,,FALSE,0.17052619,0.17052619,"d+ lp- dl+ ll- w+"
"layered_lbfgs","research47","test","r47_f1_p3_face","one_factor",25,18,"native","lambda1",1364291410,,"","",,"","[LineSearchFailed] after 103 iters  f=0.833805: nlopt Limite",,,FALSE,0.24611017,0.24611017,"d+ lp- dl+ ll- w+"
"layered_lbfgs","research47","test","r47_f1_p3_face","one_factor",25,18,"x0.01","lambda0.25",1364291410,,"","",,"","[LineSearchFailed] after 103 iters  f=0.833923: nlopt Limite",,,FALSE,0.17052619,0.17052619,"d+ lp- dl+ ll- w+"
"layered_lbfgs","research47","test","r47_f1_p3_face","one_factor",25,18,"x0.01","lambda1",1364291410,,"","",,"","[LineSearchFailed] after 103 iters  f=0.833805: nlopt Limite",,,FALSE,0.24611017,0.24611017,"d+ lp- dl+ ll- w+"
"layered_lbfgs","research47","test","r47_f1_p3_face","one_factor",25,18,"x100","lambda0.25",1364291410,,"","",,"","[LineSearchFailed] after 103 iters  f=0.833923: nlopt Limite",,,FALSE,0.17052619,0.17052619,"d+ lp- dl+ ll- w+"
"layered_lbfgs","research47","test","r47_f1_p3_face","one_factor",25,18,"x100","lambda1",1364291410,,"","",,"","[LineSearchFailed] after 103 iters  f=0.833805: nlopt Limite",,,FALSE,0.24611017,0.24611017,"d+ lp- dl+ ll- w+"
"layered_lbfgs","research47","test","r47_f1_p3_face","one_factor",25,20,"native","lambda0.25",1364291533,,"","",,"","[LineSearchFailed] after 83 iters  f=0.876156: nlopt Limited",,,FALSE,0.03351689,0.03351689,"d+ lp- dl+ ll- w+"
"layered_lbfgs","research47","test","r47_f1_p3_face","one_factor",25,20,"native","lambda1",1364291533,,"","",,"","[LineSearchFailed] after 95 iters  f=0.877119: nlopt Limited",,,FALSE,0.12132232,0.12132232,"d+ lp- dl+ ll- w+"
"layered_lbfgs","research47","test","r47_f1_p3_face","one_factor",25,20,"x0.01","lambda0.25",1364291533,,"","",,"","[LineSearchFailed] after 83 iters  f=0.876156: nlopt Limited",,,FALSE,0.03351689,0.03351689,"d+ lp- dl+ ll- w+"
"layered_lbfgs","research47","test","r47_f1_p3_face","one_factor",25,20,"x0.01","lambda1",1364291533,,"","",,"","[LineSearchFailed] after 95 iters  f=0.877119: nlopt Limited",,,FALSE,0.12132232,0.12132232,"d+ lp- dl+ ll- w+"
"layered_lbfgs","research47","test","r47_f1_p3_face","one_factor",25,20,"x100","lambda0.25",1364291533,,"","",,"","[LineSearchFailed] after 83 iters  f=0.876156: nlopt Limited",,,FALSE,0.03351689,0.03351689,"d+ lp- dl+ ll- w+"
"layered_lbfgs","research47","test","r47_f1_p3_face","one_factor",25,20,"x100","lambda1",1364291533,,"","",,"","[LineSearchFailed] after 95 iters  f=0.877119: nlopt Limited",,,FALSE,0.12132232,0.12132232,"d+ lp- dl+ ll- w+"
"layered_lbfgs","research47","test","r47_f1_p3_face","one_factor",25,21,"native","lambda0.25",1364291534,,"","",,"","[LineSearchFailed] after 120 iters  f=0.671802: nlopt Limite",,,FALSE,0.12486048,0.12486048,"d+ lp- dl+ ll- w+"
"layered_lbfgs","research47","test","r47_f1_p3_face","one_factor",25,21,"native","lambda1",1364291534,,"","",,"","[LineSearchFailed] after 68 iters  f=0.67188: nlopt Limited-",,,FALSE,0.19610294,0.19610294,"d+ lp- dl+ ll- w+"
"layered_lbfgs","research47","test","r47_f1_p3_face","one_factor",25,21,"x0.01","lambda0.25",1364291534,,"","",,"","[LineSearchFailed] after 120 iters  f=0.671802: nlopt Limite",,,FALSE,0.12486048,0.12486048,"d+ lp- dl+ ll- w+"
"layered_lbfgs","research47","test","r47_f1_p3_face","one_factor",25,21,"x0.01","lambda1",1364291534,,"","",,"","[LineSearchFailed] after 68 iters  f=0.67188: nlopt Limited-",,,FALSE,0.19610294,0.19610294,"d+ lp- dl+ ll- w+"
"layered_lbfgs","research47","test","r47_f1_p3_face","one_factor",25,21,"x100","lambda0.25",1364291534,,"","",,"","[LineSearchFailed] after 120 iters  f=0.671802: nlopt Limite",,,FALSE,0.12486048,0.12486048,"d+ lp- dl+ ll- w+"
"layered_lbfgs","research47","test","r47_f1_p3_face","one_factor",25,21,"x100","lambda1",1364291534,,"","",,"","[LineSearchFailed] after 68 iters  f=0.67188: nlopt Limited-",,,FALSE,0.19610294,0.19610294,"d+ lp- dl+ ll- w+"
"layered_lbfgs","research47","test","r47_f1_p3_face","one_factor",25,77,"native","lambda0.25",1364292195,,"","",,"","[LineSearchFailed] after 102 iters  f=1.08843: nlopt Limited",,,FALSE,0.088948331,0.088948331,"d+ lp- dl+ ll- w+"
"layered_lbfgs","research47","test","r47_f1_p3_face","one_factor",25,77,"native","lambda1",1364292195,,"","",,"","[LineSearchFailed] after 103 iters  f=1.08846: nlopt Limited",,,FALSE,0.18751663,0.18751663,"d+ lp- dl+ ll- w+"
"layered_lbfgs","research47","test","r47_f1_p3_face","one_factor",25,77,"x0.01","lambda0.25",1364292195,,"","",,"","[LineSearchFailed] after 102 iters  f=1.08843: nlopt Limited",,,FALSE,0.088948331,0.088948331,"d+ lp- dl+ ll- w+"
"layered_lbfgs","research47","test","r47_f1_p3_face","one_factor",25,77,"x0.01","lambda1",1364292195,,"","",,"","[LineSearchFailed] after 103 iters  f=1.08846: nlopt Limited",,,FALSE,0.18751663,0.18751663,"d+ lp- dl+ ll- w+"
"layered_lbfgs","research47","test","r47_f1_p3_face","one_factor",25,77,"x100","lambda0.25",1364292195,,"","",,"","[LineSearchFailed] after 102 iters  f=1.08843: nlopt Limited",,,FALSE,0.088948331,0.088948331,"d+ lp- dl+ ll- w+"
"layered_lbfgs","research47","test","r47_f1_p3_face","one_factor",25,77,"x100","lambda1",1364292195,,"","",,"","[LineSearchFailed] after 103 iters  f=1.08846: nlopt Limited",,,FALSE,0.18751663,0.18751663,"d+ lp- dl+ ll- w+"
"layered_lbfgs","research47","test","r47_f1_p3_face","one_factor",25,81,"native","lambda0.25",1364292320,,"","",,"","[LineSearchFailed] after 130 iters  f=1.08385: nlopt Limited",,,FALSE,0.16858368,0.16858368,"d+ lp- dl+ ll- w+"
"layered_lbfgs","research47","test","r47_f1_p3_face","one_factor",25,81,"native","lambda1",1364292320,,"","",,"","[LineSearchFailed] after 83 iters  f=1.08388: nlopt Limited-",,,FALSE,0.26305357,0.26305357,"d+ lp- dl+ ll- w+"
"layered_lbfgs","research47","test","r47_f1_p3_face","one_factor",25,81,"x0.01","lambda0.25",1364292320,,"","",,"","[LineSearchFailed] after 130 iters  f=1.08385: nlopt Limited",,,FALSE,0.16858368,0.16858368,"d+ lp- dl+ ll- w+"
"layered_lbfgs","research47","test","r47_f1_p3_face","one_factor",25,81,"x0.01","lambda1",1364292320,,"","",,"","[LineSearchFailed] after 83 iters  f=1.08388: nlopt Limited-",,,FALSE,0.26305357,0.26305357,"d+ lp- dl+ ll- w+"
"layered_lbfgs","research47","test","r47_f1_p3_face","one_factor",25,81,"x100","lambda0.25",1364292320,,"","",,"","[LineSearchFailed] after 130 iters  f=1.08385: nlopt Limited",,,FALSE,0.16858368,0.16858368,"d+ lp- dl+ ll- w+"
"layered_lbfgs","research47","test","r47_f1_p3_face","one_factor",25,81,"x100","lambda1",1364292320,,"","",,"","[LineSearchFailed] after 83 iters  f=1.08388: nlopt Limited-",,,FALSE,0.26305357,0.26305357,"d+ lp- dl+ ll- w+"
"layered_lbfgs","research47","test","r47_f1_p3","one_factor",25,100,"native","lambda0.25",1653403907,,"","",,"","[LineSearchFailed] after 51 iters  f=0.467667: nlopt Limited",,,FALSE,0.074887557,0.074887557,"d+ lp- dl+ ll- w+"
"layered_lbfgs","research47","test","r47_f1_p3","one_factor",25,100,"native","lambda1",1653403907,,"","",,"","[LineSearchFailed] after 72 iters  f=0.467681: nlopt Limited",,,FALSE,0.13275082,0.13275082,"d+ lp- dl+ ll- w+"
"layered_lbfgs","research47","test","r47_f1_p3","one_factor",25,100,"x0.01","lambda0.25",1653403907,,"","",,"","[LineSearchFailed] after 51 iters  f=0.467667: nlopt Limited",,,FALSE,0.074887557,0.074887557,"d+ lp- dl+ ll- w+"
"layered_lbfgs","research47","test","r47_f1_p3","one_factor",25,100,"x0.01","lambda1",1653403907,,"","",,"","[LineSearchFailed] after 72 iters  f=0.467681: nlopt Limited",,,FALSE,0.13275082,0.13275082,"d+ lp- dl+ ll- w+"
"layered_lbfgs","research47","test","r47_f1_p3","one_factor",25,100,"x100","lambda0.25",1653403907,,"","",,"","[LineSearchFailed] after 51 iters  f=0.467667: nlopt Limited",,,FALSE,0.074887557,0.074887557,"d+ lp- dl+ ll- w+"
"layered_lbfgs","research47","test","r47_f1_p3","one_factor",25,100,"x100","lambda1",1653403907,,"","",,"","[LineSearchFailed] after 72 iters  f=0.467681: nlopt Limited",,,FALSE,0.13275082,0.13275082,"d+ lp- dl+ ll- w+"
"layered_lbfgs","research47","test","r47_f1_p3","one_factor",25,19,"native","lambda0.25",1045380715,,"","",,"","[LineSearchFailed] after 64 iters  f=0.262237: nlopt Limited",,,FALSE,0.017084321,0.017084321,"d+ lp- dl+ ll- w+"
"layered_lbfgs","research47","test","r47_f1_p3","one_factor",25,19,"native","lambda1",1045380715,,"","",,"","[LineSearchFailed] after 67 iters  f=0.262284: nlopt Limited",,,FALSE,0.059152919,0.059152919,"d+ lp- dl+ ll- w+"
"layered_lbfgs","research47","test","r47_f1_p3","one_factor",25,19,"x0.01","lambda0.25",1045380715,,"","",,"","[LineSearchFailed] after 64 iters  f=0.262237: nlopt Limited",,,FALSE,0.017084321,0.017084321,"d+ lp- dl+ ll- w+"
"layered_lbfgs","research47","test","r47_f1_p3","one_factor",25,19,"x0.01","lambda1",1045380715,,"","",,"","[LineSearchFailed] after 67 iters  f=0.262284: nlopt Limited",,,FALSE,0.059152919,0.059152919,"d+ lp- dl+ ll- w+"
"layered_lbfgs","research47","test","r47_f1_p3","one_factor",25,19,"x100","lambda0.25",1045380715,,"","",,"","[LineSearchFailed] after 64 iters  f=0.262237: nlopt Limited",,,FALSE,0.017084321,0.017084321,"d+ lp- dl+ ll- w+"
"layered_lbfgs","research47","test","r47_f1_p3","one_factor",25,19,"x100","lambda1",1045380715,,"","",,"","[LineSearchFailed] after 67 iters  f=0.262284: nlopt Limited",,,FALSE,0.059152919,0.059152919,"d+ lp- dl+ ll- w+"
"layered_lbfgs","research47","test","r47_f1_p3","one_factor",25,47,"native","lambda0.25",1045381106,,"","",,"","[LineSearchFailed] after 120 iters  f=0.420375: nlopt Limite",,,FALSE,0.047428233,0.047428233,"d+ lp- dl+ ll- w+"
"layered_lbfgs","research47","test","r47_f1_p3","one_factor",25,47,"native","lambda1",1045381106,,"","",,"","[LineSearchFailed] after 129 iters  f=0.420432: nlopt Limite",,,FALSE,0.10142257,0.10142257,"d+ lp- dl+ ll- w+"
"layered_lbfgs","research47","test","r47_f1_p3","one_factor",25,47,"x0.01","lambda0.25",1045381106,,"","",,"","[LineSearchFailed] after 120 iters  f=0.420375: nlopt Limite",,,FALSE,0.047428233,0.047428233,"d+ lp- dl+ ll- w+"
"layered_lbfgs","research47","test","r47_f1_p3","one_factor",25,47,"x0.01","lambda1",1045381106,,"","",,"","[LineSearchFailed] after 129 iters  f=0.420432: nlopt Limite",,,FALSE,0.10142257,0.10142257,"d+ lp- dl+ ll- w+"
"layered_lbfgs","research47","test","r47_f1_p3","one_factor",25,47,"x100","lambda0.25",1045381106,,"","",,"","[LineSearchFailed] after 120 iters  f=0.420375: nlopt Limite",,,FALSE,0.047428233,0.047428233,"d+ lp- dl+ ll- w+"
"layered_lbfgs","research47","test","r47_f1_p3","one_factor",25,47,"x100","lambda1",1045381106,,"","",,"","[LineSearchFailed] after 129 iters  f=0.420432: nlopt Limite",,,FALSE,0.10142257,0.10142257,"d+ lp- dl+ ll- w+"
"layered_lbfgs","research47","test","r47_f1_p3","one_factor",25,7,"native","lambda0.25",1909568568,,"","",,"","[LineSearchFailed] after 79 iters  f=0.339831: nlopt Limited",,,FALSE,0.018858287,0.018858287,"d+ lp- dl+ ll- w+"
"layered_lbfgs","research47","test","r47_f1_p3","one_factor",25,7,"native","lambda1",1909568568,,"","",,"","[LineSearchFailed] after 62 iters  f=0.339852: nlopt Limited",,,FALSE,0.067954398,0.067954398,"d+ lp- dl+ ll- w+"
"layered_lbfgs","research47","test","r47_f1_p3","one_factor",25,7,"x0.01","lambda0.25",1909568568,,"","",,"","[LineSearchFailed] after 79 iters  f=0.339831: nlopt Limited",,,FALSE,0.018858287,0.018858287,"d+ lp- dl+ ll- w+"
"layered_lbfgs","research47","test","r47_f1_p3","one_factor",25,7,"x100","lambda0.25",1909568568,,"","",,"","[LineSearchFailed] after 79 iters  f=0.339831: nlopt Limited",,,FALSE,0.018858287,0.018858287,"d+ lp- dl+ ll- w+"
"layered_lbfgs","research47","test","r47_f1_p3","one_factor",25,7,"x100","lambda1",1909568568,,"","",,"","[LineSearchFailed] after 62 iters  f=0.339852: nlopt Limited",,,FALSE,0.067954398,0.067954398,"d+ lp- dl+ ll- w+"
"layered_lbfgs","research47","test","r47_f1_p3","one_factor",25,84,"native","lambda0.25",1045381627,,"","",,"","[LineSearchFailed] after 111 iters  f=0.808772: nlopt Limite",,,FALSE,0.061603587,0.061603587,"d+ lp- dl+ ll- w+"
"layered_lbfgs","research47","test","r47_f1_p3","one_factor",25,84,"native","lambda1",1045381627,,"","",,"","[LineSearchFailed] after 100 iters  f=0.808958: nlopt Limite",,,FALSE,0.14313505,0.14313505,"d+ lp- dl+ ll- w+"
"layered_lbfgs","research47","test","r47_f1_p3","one_factor",25,84,"x0.01","lambda0.25",1045381627,,"","",,"","[LineSearchFailed] after 111 iters  f=0.808772: nlopt Limite",,,FALSE,0.061603587,0.061603587,"d+ lp- dl+ ll- w+"
"layered_lbfgs","research47","test","r47_f1_p3","one_factor",25,84,"x0.01","lambda1",1045381627,,"","",,"","[LineSearchFailed] after 100 iters  f=0.808958: nlopt Limite",,,FALSE,0.14313505,0.14313505,"d+ lp- dl+ ll- w+"
"layered_lbfgs","research47","test","r47_f1_p3","one_factor",25,84,"x100","lambda0.25",1045381627,,"","",,"","[LineSearchFailed] after 111 iters  f=0.808772: nlopt Limite",,,FALSE,0.061603587,0.061603587,"d+ lp- dl+ ll- w+"
"layered_lbfgs","research47","test","r47_f1_p3","one_factor",25,84,"x100","lambda1",1045381627,,"","",,"","[LineSearchFailed] after 100 iters  f=0.808958: nlopt Limite",,,FALSE,0.14313505,0.14313505,"d+ lp- dl+ ll- w+"
"layered_lbfgs","research47","test","r47_f2_r100","two_factor",25,56,"native","lambda1",74053586,,"","",,"","[LineSearchFailed] after 89 iters  f=0.511506: nlopt Limited",,,FALSE,0.30225772,0.30225772,"d+ lp+ dl+ ll- w+"
"layered_lbfgs","research47","test","r47_f2_r100","two_factor",25,56,"x0.01","lambda1",74053586,,"","",,"","[LineSearchFailed] after 89 iters  f=0.511506: nlopt Limited",,,FALSE,0.30225772,0.30225772,"d+ lp+ dl+ ll- w+"
"layered_lbfgs","research47","test","r47_f2_r100","two_factor",25,56,"x100","lambda1",74053586,,"","",,"","[LineSearchFailed] after 89 iters  f=0.511506: nlopt Limited",,,FALSE,0.30225772,0.30225772,"d+ lp+ dl+ ll- w+"
"layered_lbfgs","research47","test","r47_f2_r100","two_factor",25,74,"native","lambda1",74053846,,"","",,"","[LineSearchFailed] after 111 iters  f=1.06652: nlopt Limited",,,FALSE,0.34744426,0.34744426,"d+ lp- dl- ll- w+"
"layered_lbfgs","research47","test","r47_f2_r100","two_factor",25,74,"x100","lambda1",74053846,,"","",,"","[LineSearchFailed] after 111 iters  f=1.06652: nlopt Limited",,,FALSE,0.34744426,0.34744426,"d+ lp- dl- ll- w+"
"layered_lbfgs","research47","test","r47_f2_r97","two_factor",25,61,"native","lambda0.25",1874971482,,"","",,"","[LineSearchFailed] after 105 iters  f=0.340765: nlopt Limite",,,FALSE,0.22851854,0.22851854,"d+ lp- dl+ ll- w+"
"layered_lbfgs","research47","test","r47_f2_r97","two_factor",25,61,"native","lambda1",1874971482,,"","",,"","[LineSearchFailed] after 87 iters  f=0.462389: nlopt Limited",,,FALSE,0.33499272,0.33499272,"d+ lp- dl+ ll- w+"
"layered_lbfgs","research47","test","r47_f2_r97","two_factor",25,61,"x100","lambda0.25",1874971482,,"","",,"","[LineSearchFailed] after 484 iters  f=0.32733: nlopt Limited",,,FALSE,0.22851854,0.22851854,"d+ lp- dl+ ll- w+"
"layered_lbfgs","research47","test","r47_f2_r97","two_factor",25,61,"x100","lambda1",1874971482,,"","",,"","[LineSearchFailed] after 97 iters  f=0.465324: nlopt Limited",,,FALSE,0.33499272,0.33499272,"d+ lp- dl+ ll- w+"
"layered_lbfgs","research47","test","r47_f2_r99","two_factor",25,87,"native","lambda0.25",1495818609,,"","",,"","[LineSearchFailed] after 116 iters  f=0.283071: nlopt Limite",,,FALSE,0.26495177,0.26495177,"d+ lp- dl+ ll- w+"
"layered_lbfgs","research47","test","r47_f2_r99","two_factor",25,87,"native","lambda1",1495818609,,"","",,"","[LineSearchFailed] after 97 iters  f=0.419579: nlopt Limited",,,FALSE,0.39899605,0.39899605,"d+ lp- dl+ ll- w+"
"layered_lbfgs","research47","test","r47_f2_r99","two_factor",25,87,"x100","lambda0.25",1495818609,,"","",,"","[LineSearchFailed] after 461 iters  f=0.282378: nlopt Limite",,,FALSE,0.26495177,0.26495177,"d+ lp- dl+ ll- w+"
"layered_lbfgs","research47","test","r47_f2_r99","two_factor",25,87,"x100","lambda1",1495818609,,"","",,"","[LineSearchFailed] after 262 iters  f=0.418479: nlopt Limite",,,FALSE,0.39899605,0.39899605,"d+ lp- dl+ ll- w+"
"layered_lbfgs","research47","test","r47_imp_f2_r103","two_factor",25,28,"mixed","lambda1",741383598,,"","",,"","[LineSearchFailed] after 86 iters  f=0.590749: nlopt Limited",,,FALSE,0.31644384,0.31644384,"d+ lp- dl- ll- w+"
"layered_lbfgs","research47","test","r47_imp_f2_r103","two_factor",25,28,"native","lambda0.25",741383598,,"","",,"","[LineSearchFailed] after 129 iters  f=0.534876: nlopt Limite",,,FALSE,0.22273162,0.22273162,"d+ lp- dl+ ll- w+"
"layered_lbfgs","research47","test","r47_imp_f2_r103","two_factor",25,28,"native","lambda1",741383598,,"","",,"","[LineSearchFailed] after 86 iters  f=0.590749: nlopt Limited",,,FALSE,0.31644384,0.31644384,"d+ lp- dl+ ll- w+"
"layered_lbfgs","research47","test","r47_imp_f2_r103","two_factor",25,28,"x0.01","lambda1",741383598,,"","",,"","[LineSearchFailed] after 86 iters  f=0.590749: nlopt Limited",,,FALSE,0.31644384,0.31644384,"d+ lp- dl- ll- w+"
"layered_lbfgs","research47","test","r47_imp_f2_r103","two_factor",25,28,"x100","lambda0.25",741383598,,"","",,"","[LineSearchFailed] after 127 iters  f=0.534982: nlopt Limite",,,FALSE,0.22273162,0.22273162,"d+ lp- dl+ ll- w+"
"layered_lbfgs","research47","test","r47_imp_f2_r103","two_factor",25,28,"x100","lambda1",741383598,,"","",,"","[LineSearchFailed] after 86 iters  f=0.590749: nlopt Limited",,,FALSE,0.31644384,0.31644384,"d+ lp- dl+ ll- w+"
"layered_lbfgs","research47","test","r47_imp_f2_r103","two_factor",25,57,"native","lambda0.25",741383990,,"","",,"","[LineSearchFailed] after 93 iters  f=0.477648: nlopt Limited",,,FALSE,0.21407092,0.21407092,"d+ lp- dl+ ll- w+"
"layered_lbfgs","research47","test","r47_imp_f2_r103","two_factor",25,57,"native","lambda1",741383990,,"","",,"","[LineSearchFailed] after 154 iters  f=0.498104: nlopt Limite",,,FALSE,0.29699539,0.29699539,"d+ lp- dl+ ll- w+"
"layered_lbfgs","research47","test","r47_imp_f2_r103","two_factor",25,57,"x0.01","lambda1",741383990,,"","",,"","[LineSearchFailed] after 154 iters  f=0.498104: nlopt Limite",,,FALSE,0.29699539,0.29699539,"d+ lp- dl- ll- w+"
"layered_lbfgs","research47","test","r47_imp_f2_r103","two_factor",25,57,"x100","lambda0.25",741383990,,"","",,"","[LineSearchFailed] after 93 iters  f=0.477648: nlopt Limited",,,FALSE,0.21407092,0.21407092,"d+ lp- dl+ ll- w+"
"layered_lbfgs","research47","test","r47_imp_f2_r103","two_factor",25,57,"x100","lambda1",741383990,,"","",,"","[LineSearchFailed] after 152 iters  f=0.498104: nlopt Limite",,,FALSE,0.29699539,0.29699539,"d+ lp- dl+ ll- w+"
"layered_lbfgs","research47","test","r47_imp_f2_r103","two_factor",25,74,"native","lambda0.25",741384249,,"","",,"","[LineSearchFailed] after 65 iters  f=0.849813: nlopt Limited",,,FALSE,0.3584507,0.3584507,"d+ lp- dl+ ll- w+"
"layered_lbfgs","research47","test","r47_imp_f2_r103","two_factor",25,74,"native","lambda1",741384249,,"","",,"","[LineSearchFailed] after 180 iters  f=0.888385: nlopt Limite",,,FALSE,0.48803917,0.48803917,"d+ lp- dl+ ll- w+"
"layered_lbfgs","research47","test","r47_imp_f2_r103","two_factor",25,74,"x100","lambda0.25",741384249,,"","",,"","[LineSearchFailed] after 65 iters  f=0.849813: nlopt Limited",,,FALSE,0.3584507,0.3584507,"d+ lp- dl+ ll- w+"
"layered_lbfgs","research47","test","r47_imp_f2_r103","two_factor",25,74,"x100","lambda1",741384249,,"","",,"","[LineSearchFailed] after 150 iters  f=0.888386: nlopt Limite",,,FALSE,0.48803917,0.48803917,"d+ lp- dl+ ll- w+"
"layered_lbfgs","research47","test","r47_mis_f2_resid","two_factor",25,34,"native","lambda0.25",1080452740,0.18039091,"available","converged",422,"layered","",1,46.88257,FALSE,0.1529615,0.1529615,"d+ lp- dl+ ll- w+"
"layered_lbfgs","research47","test","r47_mis_f2_resid","two_factor",25,34,"native","lambda1",1080452740,,"","",,"","[LineSearchFailed] after 774 iters  f=0.297161: nlopt Limite",,,FALSE,0.26998446,0.26998446,"d+ lp- dl+ ll- w+"
"layered_lbfgs","research47","test","r47_mis_f2_resid","two_factor",25,34,"x0.01","lambda1",1080452740,,"","",,"","[LineSearchFailed] after 102 iters  f=0.299215: nlopt Limite",,,FALSE,0.26998446,0.26998446,"d+ lp- dl- ll- w+"
"layered_lbfgs","research47","test","r47_mis_f2_resid","two_factor",25,34,"x100","lambda0.25",1080452740,,"","",,"","[LineSearchFailed] after 219 iters  f=0.180678: nlopt Limite",,,FALSE,0.1529615,0.1529615,"d+ lp- dl+ ll- w+"
"layered_lbfgs","research47","test","r47_mis_f2_resid","two_factor",25,34,"x100","lambda1",1080452740,0.29642417,"available","converged",1245,"layered","",1,71.439675,FALSE,0.26998446,0.26998446,"d+ lp- dl+ ll- w+"
"layered_lbfgs","research47","test","r47_mis_f2_resid","two_factor",25,55,"mixed","lambda1",1080453003,,"","",,"","[LineSearchFailed] after 112 iters  f=0.571346: nlopt Limite",,,FALSE,0.26833441,0.26833441,"d+ lp- dl+ ll- w+"
"layered_lbfgs","research47","test","r47_mis_f2_resid","two_factor",25,55,"native","lambda0.25",1080453003,,"","",,"","[LineSearchFailed] after 1141 iters  f=0.309368: nlopt Limit",,,FALSE,0.16196924,0.16196924,"d+ lp- dl+ ll- w+"
"layered_lbfgs","research47","test","r47_mis_f2_resid","two_factor",25,55,"native","lambda1",1080453003,,"","",,"","[LineSearchFailed] after 150 iters  f=0.571346: nlopt Limite",,,FALSE,0.26833441,0.26833441,"d+ lp- dl+ ll- w+"
"layered_lbfgs","research47","test","r47_mis_f2_resid","two_factor",25,55,"x0.01","lambda1",1080453003,,"","",,"","[LineSearchFailed] after 112 iters  f=0.571346: nlopt Limite",,,FALSE,0.26833441,0.26833441,"d+ lp- dl- ll- w+"
"layered_lbfgs","research47","test","r47_mis_f2_resid","two_factor",25,55,"x100","lambda0.25",1080453003,,"","",,"","[LineSearchFailed] after 882 iters  f=0.310245: nlopt Limite",,,FALSE,0.16196924,0.16196924,"d+ lp- dl+ ll- w+"
"layered_lbfgs","research47","test","r47_mis_f2_resid","two_factor",25,55,"x100","lambda1",1080453003,,"","",,"","[LineSearchFailed] after 123 iters  f=0.571346: nlopt Limite",,,FALSE,0.26833441,0.26833441,"d+ lp- dl+ ll- w+"
"layered_lbfgs","research47","test","r47_mis_f2_resid","two_factor",25,68,"native","lambda1",1080453137,,"","",,"","[LineSearchFailed] after 78 iters  f=0.925437: nlopt Limited",,,FALSE,0.56806086,0.56806086,"d+ lp- dl+ ll- w+"
"layered_lbfgs","research47","test","r47_mis_f2_resid","two_factor",25,68,"x100","lambda1",1080453137,,"","",,"","[LineSearchFailed] after 78 iters  f=0.925437: nlopt Limited",,,FALSE,0.56806086,0.56806086,"d+ lp- dl+ ll- w+"
"layered_lbfgs","research47","test","r47_mis_f2_resid","two_factor",25,70,"mixed","lambda1",1080453260,,"","",,"","[LineSearchFailed] after 290 iters  f=0.616151: nlopt Limite",,,FALSE,0.38997084,0.38997084,"d+ lp- dl+ ll- w+"
"layered_lbfgs","research47","test","r47_mis_f2_resid","two_factor",25,70,"native","lambda0.25",1080453260,,"","",,"","[LineSearchFailed] after 80 iters  f=0.587193: nlopt Limited",,,FALSE,0.31469164,0.31469164,"d+ lp- dl+ ll- w+"
"layered_lbfgs","research47","test","r47_mis_f2_resid","two_factor",25,70,"native","lambda1",1080453260,,"","",,"","[LineSearchFailed] after 155 iters  f=0.620992: nlopt Limite",,,FALSE,0.38997084,0.38997084,"d+ lp- dl+ ll- w+"
"layered_lbfgs","research47","test","r47_mis_f2_resid","two_factor",25,70,"x100","lambda0.25",1080453260,,"","",,"","[LineSearchFailed] after 80 iters  f=0.587193: nlopt Limited",,,FALSE,0.31469164,0.31469164,"d+ lp- dl+ ll- w+"
"layered_lbfgs","research47","test","r47_mis_f2_resid","two_factor",25,70,"x100","lambda1",1080453260,,"","",,"","[LineSearchFailed] after 166 iters  f=0.620992: nlopt Limite",,,FALSE,0.38997084,0.38997084,"d+ lp- dl+ ll- w+"
"layered_lbfgs","research47","test","r47_mis_f2_resid","two_factor",25,79,"mixed","lambda1",1080453269,,"","",,"","[LineSearchFailed] after 66 iters  f=0.470081: nlopt Limited",,,FALSE,0.31306913,0.31306913,"d+ lp- dl+ ll- w+"
"layered_lbfgs","research47","test","r47_mis_f2_resid","two_factor",25,79,"native","lambda0.25",1080453269,,"","",,"","[LineSearchFailed] after 78 iters  f=0.443462: nlopt Limited",,,FALSE,0.23358959,0.23358959,"d+ lp- dl+ ll- w+"
"layered_lbfgs","research47","test","r47_mis_f2_resid","two_factor",25,79,"native","lambda1",1080453269,,"","",,"","[LineSearchFailed] after 66 iters  f=0.470081: nlopt Limited",,,FALSE,0.31306913,0.31306913,"d+ lp- dl+ ll- w+"
"layered_lbfgs","research47","test","r47_mis_f2_resid","two_factor",25,79,"x0.01","lambda1",1080453269,,"","",,"","[LineSearchFailed] after 66 iters  f=0.470081: nlopt Limited",,,FALSE,0.31306913,0.31306913,"d+ lp- dl+ ll- w+"
"layered_lbfgs","research47","test","r47_mis_f2_resid","two_factor",25,79,"x100","lambda0.25",1080453269,,"","",,"","[LineSearchFailed] after 89 iters  f=0.443462: nlopt Limited",,,FALSE,0.23358959,0.23358959,"d+ lp- dl+ ll- w+"
"layered_lbfgs","research47","test","r47_mis_f2_resid","two_factor",25,79,"x100","lambda1",1080453269,,"","",,"","[LineSearchFailed] after 66 iters  f=0.470081: nlopt Limited",,,FALSE,0.31306913,0.31306913,"d+ lp- dl+ ll- w+"
"layered_lbfgs","research47","test","r47_mis_f2_resid","two_factor",25,85,"mixed","lambda0.25",1080453396,,"","",,"","[LineSearchFailed] after 756 iters  f=0.412214: nlopt Limite",,,FALSE,0.41218864,0.41218864,"d+ lp+ dl- ll- w+"
"layered_lbfgs","research47","test","r47_mis_f2_resid","two_factor",25,85,"native","lambda0.25",1080453396,,"","",,"","[LineSearchFailed] after 683 iters  f=0.412213: nlopt Limite",,,FALSE,0.41218864,0.41218864,"d+ lp+ dl- ll- w+"
"layered_lbfgs","research47","test","r47_mis_f2_resid","two_factor",25,85,"x0.01","lambda0.25",1080453396,0.41221665,"available","converged",742,"layered","",1,16.041862,FALSE,0.41218864,0.41218864,"d+ lp+ dl- ll- w+"
"layered_lbfgs","research47","test","r47_mis_f2_resid","two_factor",25,85,"x100","lambda0.25",1080453396,,"","",,"","[LineSearchFailed] after 125 iters  f=0.412326: nlopt Limite",,,FALSE,0.41218864,0.41218864,"d+ lp+ dl- ll- w+"
"layered_lbfgs","research47","test","r47_path_r2_100","path",25,15,"native","lambda0.25",1022393334,,"","",,"","[LineSearchFailed] after 159 iters  f=1.27244: nlopt Limited",,,FALSE,0.85462059,0.85462059,"d+ lp- dl+ ll- w+"
"layered_lbfgs","research47","test","r47_path_r2_100","path",25,15,"native","lambda1",1022393334,,"","",,"","[LineSearchFailed] after 83 iters  f=1.33134: nlopt Limited-",,,FALSE,0.99234173,0.99234173,"d+ lp- dl+ ll- w+"
"layered_lbfgs","research47","test","r47_path_r2_100","path",25,15,"x0.01","lambda1",1022393334,,"","",,"","[LineSearchFailed] after 83 iters  f=1.33134: nlopt Limited-",,,FALSE,0.99077568,0.99077568,"d+ lp- dl+ ll- w+"
"layered_lbfgs","research47","test","r47_path_r2_100","path",25,15,"x100","lambda0.25",1022393334,,"","",,"","[LineSearchFailed] after 218 iters  f=1.27233: nlopt Limited",,,FALSE,0.85462059,0.85462059,"d+ lp- dl+ ll- w+"
"layered_lbfgs","research47","test","r47_path_r2_100","path",25,15,"x100","lambda1",1022393334,,"","",,"","[LineSearchFailed] after 83 iters  f=1.33134: nlopt Limited-",,,FALSE,0.99234173,0.99234173,"d+ lp- dl+ ll- w+"
"layered_lbfgs","research47","test","r47_path_r2_100","path",25,54,"mixed","lambda1",1022393857,,"","",,"","[LineSearchFailed] after 153 iters  f=1.64311: nlopt Limited",,,FALSE,0.9683535,0.9683535,"d+ lp+ dl+ ll- w-"
"layered_lbfgs","research47","test","r47_path_r2_90","path",25,55,"native","lambda0.25",791278379,0.66528465,"available","converged",2971,"layered","",1,137.41646,FALSE,0.66418962,0.66418962,"d+ lp- dl+ ll- w+"
"layered_lbfgs","research47","test","r47_path_r2_90","path",25,55,"native","lambda1",791278379,,"","",,"","[LineSearchFailed] after 72 iters  f=0.990329: nlopt Limited",,,FALSE,0.79690039,0.79690039,"d+ lp- dl+ ll- w+"
"layered_lbfgs","research47","test","r47_path_r2_90","path",25,55,"x100","lambda0.25",791278379,0.66533217,"available","converged",1846,"layered","",1,116.86128,FALSE,0.66418962,0.66418962,"d+ lp- dl+ ll- w+"
"layered_lbfgs","research47","test","r47_path_r2_90","path",25,55,"x100","lambda1",791278379,,"","",,"","[LineSearchFailed] after 72 iters  f=0.990329: nlopt Limited",,,FALSE,0.79690039,0.79690039,"d+ lp- dl+ ll- w+"
"layered_lbfgs","wolf","test","wolf_1f4i_l50","cfa",25,13,"mixed","lambda0.25",672298928,,"","",,"","[LineSearchFailed] after 60 iters  f=0.0614546: nlopt Limite",,,FALSE,0.032849078,0.032849078,"d+ lp- dl+ ll- w+"
"layered_lbfgs","wolf","test","wolf_1f4i_l50","cfa",25,13,"native","lambda0.25",672298928,,"","",,"","[LineSearchFailed] after 60 iters  f=0.0614546: nlopt Limite",,,FALSE,0.032849078,0.032849078,"d+ lp- dl+ ll- w+"
"layered_lbfgs","wolf","test","wolf_1f4i_l50","cfa",25,13,"native","lambda1",672298928,,"","",,"","[LineSearchFailed] after 81 iters  f=0.0615134: nlopt Limite",,,FALSE,0.044582815,0.044582815,"d+ lp- dl+ ll- w+"
"layered_lbfgs","wolf","test","wolf_1f4i_l50","cfa",25,13,"x0.01","lambda0.25",672298928,,"","",,"","[LineSearchFailed] after 60 iters  f=0.0614546: nlopt Limite",,,FALSE,0.032849078,0.032849078,"d+ lp- dl+ ll- w+"
"layered_lbfgs","wolf","test","wolf_1f4i_l50","cfa",25,13,"x0.01","lambda1",672298928,,"","",,"","[LineSearchFailed] after 81 iters  f=0.0615134: nlopt Limite",,,FALSE,0.044582815,0.044582815,"d+ lp- dl+ ll- w+"
"layered_lbfgs","wolf","test","wolf_1f4i_l50","cfa",25,13,"x100","lambda0.25",672298928,,"","",,"","[LineSearchFailed] after 60 iters  f=0.0614546: nlopt Limite",,,FALSE,0.032849078,0.032849078,"d+ lp- dl+ ll- w+"
"layered_lbfgs","wolf","test","wolf_1f4i_l50","cfa",25,13,"x100","lambda1",672298928,,"","",,"","[LineSearchFailed] after 81 iters  f=0.0615134: nlopt Limite",,,FALSE,0.044582815,0.044582815,"d+ lp- dl+ ll- w+"
"layered_lbfgs","wolf","test","wolf_1f4i_l50","cfa",25,30,"mixed","lambda0.25",672299187,,"","",,"","[LineSearchFailed] after 57 iters  f=0.0875172: nlopt Limite",,,FALSE,0.046907573,0.046907573,"d+ lp- dl+ ll- w+"
"layered_lbfgs","wolf","test","wolf_1f4i_l50","cfa",25,30,"mixed","lambda1",672299187,,"","",,"","[LineSearchFailed] after 39 iters  f=0.0876149: nlopt Limite",,,FALSE,0.061199943,0.061199943,"d+ lp- dl+ ll- w+"
"layered_lbfgs","wolf","test","wolf_1f4i_l50","cfa",25,30,"native","lambda0.25",672299187,,"","",,"","[LineSearchFailed] after 57 iters  f=0.0875172: nlopt Limite",,,FALSE,0.047510187,0.047510187,"d+ lp- dl+ ll- w+"
"layered_lbfgs","wolf","test","wolf_1f4i_l50","cfa",25,30,"native","lambda1",672299187,,"","",,"","[LineSearchFailed] after 39 iters  f=0.0876149: nlopt Limite",,,FALSE,0.061199943,0.061199943,"d+ lp- dl+ ll- w+"
"layered_lbfgs","wolf","test","wolf_1f4i_l50","cfa",25,30,"x0.01","lambda0.25",672299187,,"","",,"","[LineSearchFailed] after 57 iters  f=0.0875172: nlopt Limite",,,FALSE,0.047510187,0.047510187,"d+ lp- dl+ ll- w+"
"layered_lbfgs","wolf","test","wolf_1f4i_l50","cfa",25,30,"x0.01","lambda1",672299187,,"","",,"","[LineSearchFailed] after 39 iters  f=0.0876149: nlopt Limite",,,FALSE,0.061199943,0.061199943,"d+ lp- dl+ ll- w+"
"layered_lbfgs","wolf","test","wolf_1f4i_l50","cfa",25,30,"x100","lambda0.25",672299187,,"","",,"","[LineSearchFailed] after 57 iters  f=0.0875172: nlopt Limite",,,FALSE,0.047510187,0.047510187,"d+ lp- dl+ ll- w+"
"layered_lbfgs","wolf","test","wolf_1f4i_l50","cfa",25,30,"x100","lambda1",672299187,,"","",,"","[LineSearchFailed] after 39 iters  f=0.0876149: nlopt Limite",,,FALSE,0.061199943,0.061199943,"d+ lp- dl+ ll- w+"
"layered_lbfgs","wolf","test","wolf_1f4i_l50","cfa",25,60,"mixed","lambda0.25",672299580,,"","",,"","[LineSearchFailed] after 120 iters  f=0.113626: nlopt Limite",,,FALSE,0.05014844,0.05014844,"d+ lp- dl+ ll- w+"
"layered_lbfgs","wolf","test","wolf_1f4i_l50","cfa",25,60,"mixed","lambda1",672299580,,"","",,"","[LineSearchFailed] after 80 iters  f=0.113681: nlopt Limited",,,FALSE,0.070587569,0.070587569,"d+ lp- dl+ ll- w+"
"layered_lbfgs","wolf","test","wolf_1f4i_l50","cfa",25,76,"mixed","lambda1",672299717,,"","",,"","[LineSearchFailed] after 96 iters  f=0.415158: nlopt Limited",,,FALSE,0.16018027,0.16018027,"d+ lp- dl+ ll- w+"
"layered_lbfgs","wolf","test","wolf_1f4i_l50","cfa",25,76,"native","lambda1",672299717,,"","",,"","[LineSearchFailed] after 96 iters  f=0.415158: nlopt Limited",,,FALSE,0.16018027,0.16018027,"d+ lp- dl+ ll- w+"
"layered_lbfgs","wolf","test","wolf_1f4i_l50","cfa",25,76,"x0.01","lambda1",672299717,,"","",,"","[LineSearchFailed] after 96 iters  f=0.415158: nlopt Limited",,,FALSE,0.16018027,0.16018027,"d+ lp- dl+ ll- w+"
"layered_lbfgs","wolf","test","wolf_1f4i_l50","cfa",25,76,"x100","lambda1",672299717,,"","",,"","[LineSearchFailed] after 96 iters  f=0.415158: nlopt Limited",,,FALSE,0.16018027,0.16018027,"d+ lp- dl+ ll- w+"
"layered_lbfgs","wolf","test","wolf_1f4i_l50","cfa",25,8,"mixed","lambda0.25",1119856386,,"","",,"","[LineSearchFailed] after 89 iters  f=0.410116: nlopt Limited",,,FALSE,0.15989429,0.15989429,"d+ lp- dl+ ll- w+"
"layered_lbfgs","wolf","test","wolf_1f4i_l50","cfa",25,8,"mixed","lambda1",1119856386,,"","",,"","[LineSearchFailed] after 70 iters  f=0.410243: nlopt Limited",,,FALSE,0.20716883,0.20716883,"d+ lp- dl+ ll- w+"
"layered_lbfgs","wolf","test","wolf_1f4i_l50","cfa",25,8,"native","lambda0.25",1119856386,,"","",,"","[LineSearchFailed] after 89 iters  f=0.410116: nlopt Limited",,,FALSE,0.15989429,0.15989429,"d+ lp- dl+ ll- w+"
"layered_lbfgs","wolf","test","wolf_1f4i_l50","cfa",25,8,"native","lambda1",1119856386,,"","",,"","[LineSearchFailed] after 70 iters  f=0.410243: nlopt Limited",,,FALSE,0.20716883,0.20716883,"d+ lp- dl+ ll- w+"
"layered_lbfgs","wolf","test","wolf_1f4i_l50","cfa",25,8,"x0.01","lambda0.25",1119856386,,"","",,"","[LineSearchFailed] after 89 iters  f=0.410116: nlopt Limited",,,FALSE,0.15989429,0.15989429,"d+ lp- dl+ ll- w+"
"layered_lbfgs","wolf","test","wolf_1f4i_l50","cfa",25,8,"x0.01","lambda1",1119856386,,"","",,"","[LineSearchFailed] after 70 iters  f=0.410243: nlopt Limited",,,FALSE,0.20716883,0.20716883,"d+ lp- dl+ ll- w+"
"layered_lbfgs","wolf","test","wolf_1f4i_l50","cfa",25,8,"x100","lambda0.25",1119856386,,"","",,"","[LineSearchFailed] after 89 iters  f=0.410116: nlopt Limited",,,FALSE,0.15989429,0.15989429,"d+ lp- dl+ ll- w+"
"layered_lbfgs","wolf","test","wolf_1f4i_l50","cfa",25,8,"x100","lambda1",1119856386,,"","",,"","[LineSearchFailed] after 70 iters  f=0.410243: nlopt Limited",,,FALSE,0.20716883,0.20716883,"d+ lp- dl+ ll- w+"
"layered_lbfgs","wolf","test","wolf_1f6i_l50","cfa",25,41,"mixed","lambda1",261279909,0.11552532,"available","converged",955,"layered","",1,36.243893,FALSE,0.11537953,0.11537917,"d+ lp+ dl- ll- w-"
"layered_lbfgs","wolf","test","wolf_1f6i_l50","cfa",25,41,"native","lambda0.25",261279909,0.07716904,"available","converged",1176,"layered","",1,42.598375,FALSE,0.076902423,0.076887271,"d+ lp- dl- ll- w+"
"layered_lbfgs","wolf","test","wolf_1f6i_l50","cfa",25,41,"native","lambda1",261279909,0.1155208,"available","converged",996,"layered","",1,36.654411,FALSE,0.11537925,0.11537925,"d+ lp+ dl- ll- w-"
"layered_lbfgs","wolf","test","wolf_1f6i_l50","cfa",25,41,"x0.01","lambda1",261279909,0.11553573,"available","converged",873,"layered","",1,34.946859,FALSE,0.11538056,0.11537919,"d+ lp+ dl- ll- w+"
"layered_lbfgs","wolf","test","wolf_1f6i_l50","cfa",25,41,"x100","lambda1",261279909,0.11553957,"available","converged",867,"layered","",1,35.081517,FALSE,0.1153792,0.11537918,"d+ lp+ dl- ll- w-"
"layered_lbfgs","wolf","test","wolf_1f6i_l50","cfa",25,48,"mixed","lambda0.25",261279916,,"","",,"","[LineSearchFailed] after 78 iters  f=0.149573: nlopt Limited",,,FALSE,0.089936726,0.089936726,"d+ lp- dl+ ll- w+"
"layered_lbfgs","wolf","test","wolf_1f6i_l50","cfa",25,48,"mixed","lambda1",261279916,,"","",,"","[LineSearchFailed] after 66 iters  f=0.152155: nlopt Limited",,,FALSE,0.10609847,0.10609847,"d+ lp- dl+ ll- w+"
"layered_lbfgs","wolf","test","wolf_1f6i_l50","cfa",25,48,"native","lambda0.25",261279916,,"","",,"","[LineSearchFailed] after 78 iters  f=0.149573: nlopt Limited",,,FALSE,0.089936726,0.089936726,"d+ lp- dl+ ll- w+"
"layered_lbfgs","wolf","test","wolf_1f6i_l50","cfa",25,48,"native","lambda1",261279916,,"","",,"","[LineSearchFailed] after 66 iters  f=0.152155: nlopt Limited",,,FALSE,0.10609847,0.10609847,"d+ lp- dl+ ll- w+"
"layered_lbfgs","wolf","test","wolf_1f6i_l50","cfa",25,48,"x0.01","lambda0.25",261279916,,"","",,"","[LineSearchFailed] after 78 iters  f=0.149573: nlopt Limited",,,FALSE,0.089936726,0.089936726,"d+ lp- dl+ ll- w+"
"layered_lbfgs","wolf","test","wolf_1f6i_l50","cfa",25,48,"x0.01","lambda1",261279916,,"","",,"","[LineSearchFailed] after 66 iters  f=0.152155: nlopt Limited",,,FALSE,0.10609847,0.10609847,"d+ lp- dl+ ll- w+"
"layered_lbfgs","wolf","test","wolf_1f6i_l50","cfa",25,48,"x100","lambda0.25",261279916,,"","",,"","[LineSearchFailed] after 78 iters  f=0.149573: nlopt Limited",,,FALSE,0.089936726,0.089936726,"d+ lp- dl+ ll- w+"
"layered_lbfgs","wolf","test","wolf_1f6i_l50","cfa",25,48,"x100","lambda1",261279916,,"","",,"","[LineSearchFailed] after 66 iters  f=0.152155: nlopt Limited",,,FALSE,0.10609847,0.10609847,"d+ lp- dl+ ll- w+"
"layered_lbfgs","wolf","test","wolf_1f6i_l50","cfa",25,56,"mixed","lambda0.25",261280045,,"","",,"","[LineSearchFailed] after 100 iters  f=0.756381: nlopt Limite",,,FALSE,0.50536655,0.50536655,"d+ lp- dl+ ll- w+"
"layered_lbfgs","wolf","test","wolf_1f6i_l50","cfa",25,56,"mixed","lambda1",261280045,,"","",,"","[LineSearchFailed] after 134 iters  f=0.756399: nlopt Limite",,,FALSE,0.53640049,0.53640049,"d+ lp- dl+ ll- w+"
"layered_lbfgs","wolf","test","wolf_1f6i_l50","cfa",25,56,"native","lambda0.25",261280045,,"","",,"","[LineSearchFailed] after 100 iters  f=0.756381: nlopt Limite",,,FALSE,0.50536655,0.50536655,"d+ lp- dl+ ll- w+"
"layered_lbfgs","wolf","test","wolf_1f6i_l50","cfa",25,56,"native","lambda1",261280045,,"","",,"","[LineSearchFailed] after 134 iters  f=0.756399: nlopt Limite",,,FALSE,0.53640049,0.53640049,"d+ lp- dl+ ll- w+"
"layered_lbfgs","wolf","test","wolf_1f6i_l50","cfa",25,56,"x0.01","lambda0.25",261280045,,"","",,"","[LineSearchFailed] after 100 iters  f=0.756381: nlopt Limite",,,FALSE,0.50536655,0.50536655,"d+ lp- dl+ ll- w+"
"layered_lbfgs","wolf","test","wolf_1f6i_l50","cfa",25,56,"x0.01","lambda1",261280045,,"","",,"","[LineSearchFailed] after 134 iters  f=0.756399: nlopt Limite",,,FALSE,0.53640049,0.53640049,"d+ lp- dl+ ll- w+"
"layered_lbfgs","wolf","test","wolf_1f6i_l50","cfa",25,56,"x100","lambda0.25",261280045,,"","",,"","[LineSearchFailed] after 100 iters  f=0.756381: nlopt Limite",,,FALSE,0.50536655,0.50536655,"d+ lp- dl+ ll- w+"
"layered_lbfgs","wolf","test","wolf_1f6i_l50","cfa",25,56,"x100","lambda1",261280045,,"","",,"","[LineSearchFailed] after 134 iters  f=0.756399: nlopt Limite",,,FALSE,0.53640049,0.53640049,"d+ lp- dl+ ll- w+"
"layered_lbfgs","wolf","test","wolf_1f6i_l50","cfa",25,67,"native","lambda1",261280177,0.32491139,"available","converged",829,"layered","",1,39.97946,FALSE,0.32456502,0.32456502,"d+ lp- dl- ll- w-"
"layered_lbfgs","wolf","test","wolf_1f8i_l50","cfa",25,36,"mixed","lambda0.25",1997744002,,"","",,"","[LineSearchFailed] after 70 iters  f=0.901183: nlopt Limited",,,FALSE,0.55424612,0.55424612,"d+ lp- dl+ ll- w+"
"layered_lbfgs","wolf","test","wolf_1f8i_l50","cfa",25,36,"mixed","lambda1",1997744002,,"","",,"","[LineSearchFailed] after 57 iters  f=0.903212: nlopt Limited",,,FALSE,0.60996605,0.60996605,"d+ lp- dl+ ll- w+"
"layered_lbfgs","wolf","test","wolf_1f8i_l50","cfa",25,36,"native","lambda0.25",1997744002,,"","",,"","[LineSearchFailed] after 70 iters  f=0.901183: nlopt Limited",,,FALSE,0.55424612,0.55424612,"d+ lp- dl+ ll- w+"
"layered_lbfgs","wolf","test","wolf_1f8i_l50","cfa",25,36,"native","lambda1",1997744002,,"","",,"","[LineSearchFailed] after 57 iters  f=0.903212: nlopt Limited",,,FALSE,0.60996605,0.60996605,"d+ lp- dl+ ll- w+"
"layered_lbfgs","wolf","test","wolf_1f8i_l50","cfa",25,36,"x0.01","lambda0.25",1997744002,,"","",,"","[LineSearchFailed] after 70 iters  f=0.901183: nlopt Limited",,,FALSE,0.55424612,0.55424612,"d+ lp- dl+ ll- w+"
"layered_lbfgs","wolf","test","wolf_1f8i_l50","cfa",25,36,"x0.01","lambda1",1997744002,,"","",,"","[LineSearchFailed] after 57 iters  f=0.903212: nlopt Limited",,,FALSE,0.60996605,0.60996605,"d+ lp- dl+ ll- w+"
"layered_lbfgs","wolf","test","wolf_1f8i_l50","cfa",25,36,"x100","lambda0.25",1997744002,,"","",,"","[LineSearchFailed] after 70 iters  f=0.901183: nlopt Limited",,,FALSE,0.55424612,0.55424612,"d+ lp- dl+ ll- w+"
"layered_lbfgs","wolf","test","wolf_1f8i_l50","cfa",25,36,"x100","lambda1",1997744002,,"","",,"","[LineSearchFailed] after 57 iters  f=0.903212: nlopt Limited",,,FALSE,0.60996605,0.60996605,"d+ lp- dl+ ll- w+"
"layered_lbfgs","wolf","test","wolf_1f8i_l50","cfa",25,55,"mixed","lambda0.25",1997744263,,"","",,"","[LineSearchFailed] after 97 iters  f=0.543765: nlopt Limited",,,FALSE,0.38662383,0.38662383,"d+ lp- dl+ ll- w+"
"layered_lbfgs","wolf","test","wolf_1f8i_l50","cfa",25,55,"mixed","lambda1",1997744263,,"","",,"","[LineSearchFailed] after 57 iters  f=0.544709: nlopt Limited",,,FALSE,0.41262871,0.41262871,"d+ lp- dl+ ll- w+"
"layered_lbfgs","wolf","test","wolf_1f8i_l50","cfa",25,55,"native","lambda0.25",1997744263,,"","",,"","[LineSearchFailed] after 97 iters  f=0.543765: nlopt Limited",,,FALSE,0.38662383,0.38662383,"d+ lp- dl+ ll- w+"
"layered_lbfgs","wolf","test","wolf_1f8i_l50","cfa",25,55,"native","lambda1",1997744263,,"","",,"","[LineSearchFailed] after 57 iters  f=0.544709: nlopt Limited",,,FALSE,0.41262871,0.41262871,"d+ lp- dl+ ll- w+"
"layered_lbfgs","wolf","test","wolf_1f8i_l50","cfa",25,55,"x0.01","lambda0.25",1997744263,,"","",,"","[LineSearchFailed] after 97 iters  f=0.543765: nlopt Limited",,,FALSE,0.38662383,0.38662383,"d+ lp- dl+ ll- w+"
"layered_lbfgs","wolf","test","wolf_1f8i_l50","cfa",25,55,"x0.01","lambda1",1997744263,,"","",,"","[LineSearchFailed] after 57 iters  f=0.544709: nlopt Limited",,,FALSE,0.41262871,0.41262871,"d+ lp- dl+ ll- w+"
"layered_lbfgs","wolf","test","wolf_1f8i_l50","cfa",25,55,"x100","lambda0.25",1997744263,,"","",,"","[LineSearchFailed] after 97 iters  f=0.543765: nlopt Limited",,,FALSE,0.38662383,0.38662383,"d+ lp- dl+ ll- w+"
"layered_lbfgs","wolf","test","wolf_1f8i_l50","cfa",25,55,"x100","lambda1",1997744263,,"","",,"","[LineSearchFailed] after 57 iters  f=0.544709: nlopt Limited",,,FALSE,0.41262871,0.41262871,"d+ lp- dl+ ll- w+"
"layered_lbfgs","wolf","test","wolf_2f3i_l50","cfa",100,49,"mixed","lambda0.25",424199646,,"","",,"","[LineSearchFailed] after 96 iters  f=0.0757298: nlopt Limite",,,FALSE,0.038488995,0.038488995,"d+ lp- dl+ ll- w+"
"layered_lbfgs","wolf","test","wolf_2f3i_l50","cfa",100,49,"mixed","lambda1",424199646,,"","",,"","[LineSearchFailed] after 177 iters  f=0.0801805: nlopt Limit",,,FALSE,0.049944078,0.049944078,"d+ lp- dl+ ll- w+"
"layered_lbfgs","wolf","test","wolf_2f3i_l50","cfa",100,49,"native","lambda0.25",424199646,,"","",,"","[LineSearchFailed] after 92 iters  f=0.0757298: nlopt Limite",,,FALSE,0.038488995,0.038488995,"d+ lp- dl+ ll- w+"
"layered_lbfgs","wolf","test","wolf_2f3i_l50","cfa",100,49,"native","lambda1",424199646,,"","",,"","[LineSearchFailed] after 215 iters  f=0.0801787: nlopt Limit",,,FALSE,0.049944078,0.049944078,"d+ lp- dl+ ll- w+"
"layered_lbfgs","wolf","test","wolf_2f3i_l50","cfa",100,49,"x0.01","lambda0.25",424199646,,"","",,"","[LineSearchFailed] after 98 iters  f=0.0757298: nlopt Limite",,,FALSE,0.038488995,0.038488995,"d+ lp- dl+ ll- w+"
"layered_lbfgs","wolf","test","wolf_2f3i_l50","cfa",100,49,"x100","lambda0.25",424199646,,"","",,"","[LineSearchFailed] after 98 iters  f=0.0757298: nlopt Limite",,,FALSE,0.038488995,0.038488995,"d+ lp- dl+ ll- w+"
"layered_lbfgs","wolf","test","wolf_2f3i_l50","cfa",100,49,"x100","lambda1",424199646,,"","",,"","[LineSearchFailed] after 86 iters  f=0.0807303: nlopt Limite",,,FALSE,0.049944078,0.049944078,"d+ lp- dl+ ll- w+"
"layered_lbfgs","wolf","test","wolf_2f3i_l50","cfa",100,62,"native","lambda0.25",424199901,0.08880574,"available","converged",2080,"layered","",1,79.74292,FALSE,0.085553727,0.083900351,"d+ lp- dl+ ll- w+"
"layered_lbfgs","wolf","test","wolf_2f3i_l50","cfa",100,62,"native","lambda1",424199901,,"","",,"","[LineSearchFailed] after 121 iters  f=0.10972: nlopt Limited",,,FALSE,0.096219296,0.09451997,"d+ lp- dl+ ll- w+"
"layered_lbfgs","wolf","test","wolf_2f3i_l50","cfa",100,62,"x100","lambda0.25",424199901,0.08880512,"available","converged",2023,"layered","",1,80.07369,FALSE,0.083900351,0.083900351,"d+ lp- dl+ ll- w+"
"layered_lbfgs","wolf","test","wolf_2f3i_l50","cfa",100,62,"x100","lambda1",424199901,,"","",,"","[LineSearchFailed] after 121 iters  f=0.10972: nlopt Limited",,,FALSE,0.09451997,0.09451997,"d+ lp- dl+ ll- w+"
"layered_lbfgs","wolf","test","wolf_2f3i_l50","cfa",25,10,"native","lambda0.25",293879943,,"","",,"","[LineSearchFailed] after 100 iters  f=0.665483: nlopt Limite",,,FALSE,0.44484984,0.44484984,"d+ lp- dl+ ll- w+"
"layered_lbfgs","wolf","test","wolf_2f3i_l50","cfa",25,10,"native","lambda1",293879943,,"","",,"","[LineSearchFailed] after 75 iters  f=0.719789: nlopt Limited",,,FALSE,0.53721328,0.53721328,"d+ lp- dl+ ll- w+"
"layered_lbfgs","wolf","test","wolf_2f3i_l50","cfa",25,10,"x100","lambda0.25",293879943,,"","",,"","[LineSearchFailed] after 100 iters  f=0.665483: nlopt Limite",,,FALSE,0.44484984,0.44484984,"d+ lp- dl+ ll- w+"
"layered_lbfgs","wolf","test","wolf_2f3i_l50","cfa",25,10,"x100","lambda1",293879943,,"","",,"","[LineSearchFailed] after 75 iters  f=0.719789: nlopt Limited",,,FALSE,0.53721328,0.53721328,"d+ lp- dl+ ll- w+"
"layered_lbfgs","wolf","test","wolf_2f3i_l50","cfa",25,100,"mixed","lambda0.25",1991050888,,"","",,"","[LineSearchFailed] after 117 iters  f=0.313837: nlopt Limite",,,FALSE,0.18416655,0.18416655,"d+ lp- dl- ll- w-"
"layered_lbfgs","wolf","test","wolf_2f3i_l50","cfa",25,100,"x0.01","lambda0.25",1991050888,,"","",,"","[LineSearchFailed] after 117 iters  f=0.313837: nlopt Limite",,,FALSE,0.18673148,0.18673148,"d+ lp- dl- ll- w-"
"layered_lbfgs","wolf","test","wolf_2f3i_l50","cfa",25,100,"x0.01","lambda1",1991050888,,"","",,"","[LineSearchFailed] after 132 iters  f=0.33317: nlopt Limited",,,FALSE,0.23303923,0.23303923,"d+ lp- dl- ll- w-"
"layered_lbfgs","wolf","test","wolf_2f3i_l50","cfa",25,17,"native","lambda0.25",293879950,,"","",,"","[LineSearchFailed] after 160 iters  f=0.538498: nlopt Limite",,,FALSE,0.29650063,0.29650063,"d+ lp- dl+ ll- w+"
"layered_lbfgs","wolf","test","wolf_2f3i_l50","cfa",25,17,"native","lambda1",293879950,,"","",,"","[LineSearchFailed] after 141 iters  f=0.568285: nlopt Limite",,,FALSE,0.38126867,0.38126867,"d+ lp- dl+ ll- w+"
"layered_lbfgs","wolf","test","wolf_2f3i_l50","cfa",25,17,"x0.01","lambda1",293879950,,"","",,"","[LineSearchFailed] after 141 iters  f=0.568285: nlopt Limite",,,FALSE,0.38126867,0.38126867,"d+ lp- dl+ ll- w+"
"layered_lbfgs","wolf","test","wolf_2f3i_l50","cfa",25,17,"x100","lambda0.25",293879950,,"","",,"","[LineSearchFailed] after 138 iters  f=0.538498: nlopt Limite",,,FALSE,0.29650063,0.29650063,"d+ lp- dl+ ll- w+"
"layered_lbfgs","wolf","test","wolf_2f3i_l50","cfa",25,17,"x100","lambda1",293879950,,"","",,"","[LineSearchFailed] after 143 iters  f=0.568285: nlopt Limite",,,FALSE,0.38126867,0.38126867,"d+ lp- dl+ ll- w+"
"layered_lbfgs","wolf","test","wolf_2f3i_l50","cfa",25,18,"mixed","lambda0.25",293879951,,"","",,"","[LineSearchFailed] after 123 iters  f=0.348917: nlopt Limite",,,FALSE,0.20276572,0.20276572,"d+ lp- dl- ll- w-"
"layered_lbfgs","wolf","test","wolf_2f3i_l50","cfa",25,18,"x0.01","lambda0.25",293879951,,"","",,"","[LineSearchFailed] after 138 iters  f=0.348917: nlopt Limite",,,FALSE,0.20276572,0.20276572,"d+ lp- dl- ll- w-"
"layered_lbfgs","wolf","test","wolf_2f3i_l50","cfa",25,19,"mixed","lambda0.25",293879952,,"","",,"","[LineSearchFailed] after 106 iters  f=0.404866: nlopt Limite",,,FALSE,0.22808941,0.22808941,"d+ lp- dl+ ll- w+"
"layered_lbfgs","wolf","test","wolf_2f3i_l50","cfa",25,19,"mixed","lambda1",293879952,,"","",,"","[LineSearchFailed] after 123 iters  f=0.420414: nlopt Limite",,,FALSE,0.2818164,0.2818164,"d+ lp- dl- ll- w+"
"layered_lbfgs","wolf","test","wolf_2f3i_l50","cfa",25,19,"native","lambda0.25",293879952,,"","",,"","[LineSearchFailed] after 125 iters  f=0.40487: nlopt Limited",,,FALSE,0.22808941,0.22808941,"d+ lp- dl+ ll- w+"
"layered_lbfgs","wolf","test","wolf_2f3i_l50","cfa",25,19,"native","lambda1",293879952,,"","",,"","[LineSearchFailed] after 123 iters  f=0.420414: nlopt Limite",,,FALSE,0.2818164,0.2818164,"d+ lp- dl+ ll- w+"
"layered_lbfgs","wolf","test","wolf_2f3i_l50","cfa",25,19,"x0.01","lambda0.25",293879952,,"","",,"","[LineSearchFailed] after 84 iters  f=0.404868: nlopt Limited",,,FALSE,0.22808941,0.22808941,"d+ lp- dl+ ll- w+"
"layered_lbfgs","wolf","test","wolf_2f3i_l50","cfa",25,19,"x0.01","lambda1",293879952,,"","",,"","[LineSearchFailed] after 123 iters  f=0.420414: nlopt Limite",,,FALSE,0.2818164,0.2818164,"d+ lp- dl+ ll- w+"
"layered_lbfgs","wolf","test","wolf_2f3i_l50","cfa",25,19,"x100","lambda0.25",293879952,,"","",,"","[LineSearchFailed] after 95 iters  f=0.404866: nlopt Limited",,,FALSE,0.22808941,0.22808941,"d+ lp- dl+ ll- w+"
"layered_lbfgs","wolf","test","wolf_2f3i_l50","cfa",25,19,"x100","lambda1",293879952,,"","",,"","[LineSearchFailed] after 123 iters  f=0.420414: nlopt Limite",,,FALSE,0.2818164,0.2818164,"d+ lp- dl+ ll- w+"
"layered_lbfgs","wolf","test","wolf_2f3i_l50","cfa",25,25,"native","lambda0.25",293880079,,"","",,"","[LineSearchFailed] after 145 iters  f=0.119948: nlopt Limite",,,FALSE,0.069126794,0.069126794,"d+ lp- dl+ ll- w+"
"layered_lbfgs","wolf","test","wolf_2f3i_l50","cfa",25,25,"native","lambda1",293880079,,"","",,"","[LineSearchFailed] after 135 iters  f=0.135347: nlopt Limite",,,FALSE,0.09480587,0.09480587,"d+ lp- dl+ ll- w+"
"layered_lbfgs","wolf","test","wolf_2f3i_l50","cfa",25,25,"x100","lambda0.25",293880079,,"","",,"","[LineSearchFailed] after 145 iters  f=0.119948: nlopt Limite",,,FALSE,0.069126794,0.069126794,"d+ lp- dl+ ll- w+"
"layered_lbfgs","wolf","test","wolf_2f3i_l50","cfa",25,25,"x100","lambda1",293880079,,"","",,"","[LineSearchFailed] after 135 iters  f=0.135343: nlopt Limite",,,FALSE,0.09480587,0.09480587,"d+ lp- dl+ ll- w+"
"layered_lbfgs","wolf","test","wolf_2f3i_l50","cfa",25,29,"native","lambda1",293880083,,"","",,"","[LineSearchFailed] after 97 iters  f=0.472053: nlopt Limited",,,FALSE,0.31370187,0.31370187,"d+ lp- dl+ ll- w+"
"layered_lbfgs","wolf","test","wolf_2f3i_l50","cfa",25,29,"x0.01","lambda1",293880083,,"","",,"","[LineSearchFailed] after 97 iters  f=0.472053: nlopt Limited",,,FALSE,0.31370187,0.31370187,"d+ lp- dl- ll- w+"
"layered_lbfgs","wolf","test","wolf_2f3i_l50","cfa",25,29,"x100","lambda1",293880083,,"","",,"","[LineSearchFailed] after 97 iters  f=0.472053: nlopt Limited",,,FALSE,0.31370187,0.31370187,"d+ lp- dl+ ll- w+"
"layered_lbfgs","wolf","test","wolf_2f3i_l50","cfa",25,31,"native","lambda1",293880206,,"","",,"","[LineSearchFailed] after 128 iters  f=0.239188: nlopt Limite",,,FALSE,0.22955835,0.22955835,"d+ lp- dl+ ll- w+"
"layered_lbfgs","wolf","test","wolf_2f3i_l50","cfa",25,31,"x100","lambda1",293880206,,"","",,"","[LineSearchFailed] after 128 iters  f=0.239188: nlopt Limite",,,FALSE,0.22955835,0.22955835,"d+ lp- dl+ ll- w+"
"layered_lbfgs","wolf","test","wolf_2f3i_l50","cfa",25,38,"native","lambda0.25",293880213,,"","",,"","[LineSearchFailed] after 91 iters  f=0.25608: nlopt Limited-",,,FALSE,0.10793064,0.10793064,"d+ lp- dl+ ll- w+"
"layered_lbfgs","wolf","test","wolf_2f3i_l50","cfa",25,38,"native","lambda1",293880213,,"","",,"","[LineSearchFailed] after 127 iters  f=0.289144: nlopt Limite",,,FALSE,0.17156572,0.17156572,"d+ lp- dl+ ll- w+"
"layered_lbfgs","wolf","test","wolf_2f3i_l50","cfa",25,38,"x100","lambda0.25",293880213,,"","",,"","[LineSearchFailed] after 157 iters  f=0.255617: nlopt Limite",,,FALSE,0.10839114,0.10839114,"d+ lp- dl+ ll- w+"
"layered_lbfgs","wolf","test","wolf_2f3i_l50","cfa",25,38,"x100","lambda1",293880213,,"","",,"","[LineSearchFailed] after 127 iters  f=0.289144: nlopt Limite",,,FALSE,0.17156572,0.17156572,"d+ lp- dl+ ll- w+"
"layered_lbfgs","wolf","test","wolf_2f3i_l50","cfa",25,39,"mixed","lambda1",293880214,,"","",,"","[LineSearchFailed] after 123 iters  f=0.547562: nlopt Limite",,,FALSE,0.43825772,0.43825772,"d+ lp- dl+ ll- w+"
"layered_lbfgs","wolf","test","wolf_2f3i_l50","cfa",25,39,"native","lambda0.25",293880214,,"","",,"","[LineSearchFailed] after 63 iters  f=0.526898: nlopt Limited",,,FALSE,0.37308021,0.37308021,"d+ lp- dl+ ll- w+"
"layered_lbfgs","wolf","test","wolf_2f3i_l50","cfa",25,39,"native","lambda1",293880214,,"","",,"","[LineSearchFailed] after 135 iters  f=0.547562: nlopt Limite",,,FALSE,0.43825772,0.43825772,"d+ lp- dl+ ll- w+"
"layered_lbfgs","wolf","test","wolf_2f3i_l50","cfa",25,39,"x0.01","lambda0.25",293880214,,"","",,"","[LineSearchFailed] after 63 iters  f=0.526898: nlopt Limited",,,FALSE,0.37958263,0.37308021,"d+ lp- dl+ ll- w+"
"layered_lbfgs","wolf","test","wolf_2f3i_l50","cfa",25,39,"x0.01","lambda1",293880214,,"","",,"","[LineSearchFailed] after 131 iters  f=0.547562: nlopt Limite",,,FALSE,0.43825772,0.43825772,"d+ lp- dl+ ll- w+"
"layered_lbfgs","wolf","test","wolf_2f3i_l50","cfa",25,39,"x100","lambda0.25",293880214,,"","",,"","[LineSearchFailed] after 63 iters  f=0.526898: nlopt Limited",,,FALSE,0.37308021,0.37308021,"d+ lp- dl+ ll- w+"
"layered_lbfgs","wolf","test","wolf_2f3i_l50","cfa",25,39,"x100","lambda1",293880214,,"","",,"","[LineSearchFailed] after 148 iters  f=0.54756: nlopt Limited",,,FALSE,0.43825772,0.43825772,"d+ lp- dl+ ll- w+"
"layered_lbfgs","wolf","test","wolf_2f3i_l50","cfa",25,40,"mixed","lambda1",293880336,,"","",,"","[LineSearchFailed] after 94 iters  f=0.217878: nlopt Limited",,,FALSE,0.19548192,0.19548192,"d+ lp- dl- ll- w+"
"layered_lbfgs","wolf","test","wolf_2f3i_l50","cfa",25,40,"native","lambda0.25",293880336,,"","",,"","[LineSearchFailed] after 83 iters  f=0.190247: nlopt Limited",,,FALSE,0.15799058,0.15799058,"d+ lp- dl+ ll- w+"
"layered_lbfgs","wolf","test","wolf_2f3i_l50","cfa",25,40,"native","lambda1",293880336,,"","",,"","[LineSearchFailed] after 94 iters  f=0.217878: nlopt Limited",,,FALSE,0.19548192,0.19548192,"d+ lp- dl+ ll- w+"
"layered_lbfgs","wolf","test","wolf_2f3i_l50","cfa",25,40,"x0.01","lambda1",293880336,,"","",,"","[LineSearchFailed] after 94 iters  f=0.217878: nlopt Limited",,,FALSE,0.19548192,0.19548192,"d+ lp- dl- ll- w+"
"layered_lbfgs","wolf","test","wolf_2f3i_l50","cfa",25,40,"x100","lambda0.25",293880336,,"","",,"","[LineSearchFailed] after 83 iters  f=0.190247: nlopt Limited",,,FALSE,0.15799058,0.15799058,"d+ lp- dl+ ll- w+"
"layered_lbfgs","wolf","test","wolf_2f3i_l50","cfa",25,40,"x100","lambda1",293880336,,"","",,"","[LineSearchFailed] after 94 iters  f=0.217878: nlopt Limited",,,FALSE,0.19548192,0.19548192,"d+ lp- dl+ ll- w+"
"layered_lbfgs","wolf","test","wolf_2f3i_l50","cfa",25,44,"native","lambda0.25",293880340,,"","",,"","[LineSearchFailed] after 96 iters  f=0.381813: nlopt Limited",,,FALSE,0.29979929,0.29979929,"d+ lp- dl+ ll- w+"
"layered_lbfgs","wolf","test","wolf_2f3i_l50","cfa",25,44,"native","lambda1",293880340,,"","",,"","[LineSearchFailed] after 146 iters  f=0.41036: nlopt Limited",,,FALSE,0.35569508,0.35569508,"d+ lp- dl+ ll- w+"
"layered_lbfgs","wolf","test","wolf_2f3i_l50","cfa",25,44,"x0.01","lambda1",293880340,,"","",,"","[LineSearchFailed] after 141 iters  f=0.41036: nlopt Limited",,,FALSE,0.35569508,0.35569508,"d+ lp- dl+ ll- w+"
"layered_lbfgs","wolf","test","wolf_2f3i_l50","cfa",25,44,"x100","lambda0.25",293880340,,"","",,"","[LineSearchFailed] after 96 iters  f=0.381813: nlopt Limited",,,FALSE,0.29979929,0.29979929,"d+ lp- dl+ ll- w+"
"layered_lbfgs","wolf","test","wolf_2f3i_l50","cfa",25,44,"x100","lambda1",293880340,,"","",,"","[LineSearchFailed] after 146 iters  f=0.41036: nlopt Limited",,,FALSE,0.35569508,0.35569508,"d+ lp- dl+ ll- w+"
"layered_lbfgs","wolf","test","wolf_2f3i_l50","cfa",25,47,"native","lambda0.25",293880343,,"","",,"","[LineSearchFailed] after 151 iters  f=0.448689: nlopt Limite",,,FALSE,0.30445457,0.30445457,"d+ lp- dl+ ll- w+"
"layered_lbfgs","wolf","test","wolf_2f3i_l50","cfa",25,47,"native","lambda1",293880343,,"","",,"","[LineSearchFailed] after 85 iters  f=0.473082: nlopt Limited",,,FALSE,0.39576547,0.39576547,"d+ lp- dl+ ll- w+"
"layered_lbfgs","wolf","test","wolf_2f3i_l50","cfa",25,47,"x0.01","lambda0.25",293880343,,"","",,"","[LineSearchFailed] after 144 iters  f=0.44869: nlopt Limited",,,FALSE,0.30445457,0.30445457,"d+ lp- dl- ll- w+"
"layered_lbfgs","wolf","test","wolf_2f3i_l50","cfa",25,47,"x0.01","lambda1",293880343,,"","",,"","[LineSearchFailed] after 85 iters  f=0.473082: nlopt Limited",,,FALSE,0.39576547,0.39576547,"d+ lp- dl+ ll- w+"
"layered_lbfgs","wolf","test","wolf_2f3i_l50","cfa",25,47,"x100","lambda0.25",293880343,,"","",,"","[LineSearchFailed] after 171 iters  f=0.44871: nlopt Limited",,,FALSE,0.30445457,0.30445457,"d+ lp- dl+ ll- w+"
"layered_lbfgs","wolf","test","wolf_2f3i_l50","cfa",25,47,"x100","lambda1",293880343,,"","",,"","[LineSearchFailed] after 85 iters  f=0.473082: nlopt Limited",,,FALSE,0.39576547,0.39576547,"d+ lp- dl+ ll- w+"
"layered_lbfgs","wolf","test","wolf_2f3i_l50","cfa",25,5,"x100","lambda1",248138434,,"","",,"","[LineSearchFailed] after 135 iters  f=0.278622: nlopt Limite",,,FALSE,0.24307162,0.24307162,"d+ lp- dl- ll- w+"
"layered_lbfgs","wolf","test","wolf_2f3i_l50","cfa",25,51,"mixed","lambda1",293880468,,"","",,"","[LineSearchFailed] after 70 iters  f=0.36912: nlopt Limited-",,,FALSE,0.25978431,0.25978431,"d+ lp- dl+ ll- w+"
"layered_lbfgs","wolf","test","wolf_2f3i_l50","cfa",25,51,"native","lambda0.25",293880468,,"","",,"","[LineSearchFailed] after 184 iters  f=0.344988: nlopt Limite",,,FALSE,0.19165871,0.19165871,"d+ lp- dl+ ll- w+"
"layered_lbfgs","wolf","test","wolf_2f3i_l50","cfa",25,51,"native","lambda1",293880468,,"","",,"","[LineSearchFailed] after 153 iters  f=0.362952: nlopt Limite",,,FALSE,0.25978431,0.25978431,"d+ lp- dl+ ll- w+"
"layered_lbfgs","wolf","test","wolf_2f3i_l50","cfa",25,51,"x0.01","lambda1",293880468,,"","",,"","[LineSearchFailed] after 128 iters  f=0.362949: nlopt Limite",,,FALSE,0.25978431,0.25978431,"d+ lp- dl+ ll- w+"
"layered_lbfgs","wolf","test","wolf_2f3i_l50","cfa",25,51,"x100","lambda0.25",293880468,,"","",,"","[LineSearchFailed] after 146 iters  f=0.346218: nlopt Limite",,,FALSE,0.19165871,0.19165871,"d+ lp- dl+ ll- w+"
"layered_lbfgs","wolf","test","wolf_2f3i_l50","cfa",25,51,"x100","lambda1",293880468,,"","",,"","[LineSearchFailed] after 113 iters  f=0.369118: nlopt Limite",,,FALSE,0.25978431,0.25978431,"d+ lp- dl+ ll- w+"
"layered_lbfgs","wolf","test","wolf_2f3i_l50","cfa",25,52,"native","lambda0.25",293880469,,"","",,"","[LineSearchFailed] after 103 iters  f=0.27105: nlopt Limited",,,FALSE,0.15263277,0.15263277,"d+ lp- dl+ ll- w+"
"layered_lbfgs","wolf","test","wolf_2f3i_l50","cfa",25,52,"native","lambda1",293880469,,"","",,"","[LineSearchFailed] after 142 iters  f=0.294541: nlopt Limite",,,FALSE,0.2212809,0.2212809,"d+ lp- dl+ ll- w+"
"layered_lbfgs","wolf","test","wolf_2f3i_l50","cfa",25,52,"x0.01","lambda0.25",293880469,,"","",,"","[LineSearchFailed] after 144 iters  f=0.27105: nlopt Limited",,,FALSE,0.15263277,0.15263277,"d+ lp- dl- ll- w+"
"layered_lbfgs","wolf","test","wolf_2f3i_l50","cfa",25,52,"x0.01","lambda1",293880469,,"","",,"","[LineSearchFailed] after 119 iters  f=0.294541: nlopt Limite",,,FALSE,0.2212809,0.2212809,"d+ lp- dl- ll- w+"
"layered_lbfgs","wolf","test","wolf_2f3i_l50","cfa",25,52,"x100","lambda0.25",293880469,,"","",,"","[LineSearchFailed] after 139 iters  f=0.271044: nlopt Limite",,,FALSE,0.15263277,0.15263277,"d+ lp- dl+ ll- w+"
"layered_lbfgs","wolf","test","wolf_2f3i_l50","cfa",25,52,"x100","lambda1",293880469,,"","",,"","[LineSearchFailed] after 142 iters  f=0.294541: nlopt Limite",,,FALSE,0.2212809,0.2212809,"d+ lp- dl+ ll- w+"
"layered_lbfgs","wolf","test","wolf_2f3i_l50","cfa",25,55,"mixed","lambda0.25",293880472,,"","",,"","[LineSearchFailed] after 1012 iters  f=0.170811: nlopt Limit",,,FALSE,0.15472942,0.15472942,"d+ lp- dl- ll- w+"
"layered_lbfgs","wolf","test","wolf_2f3i_l50","cfa",25,55,"mixed","lambda1",293880472,0.2521194,"available","converged",1493,"layered","",1,90.496003,FALSE,0.23900309,0.23900309,"d+ lp- dl+ ll- w+"
"layered_lbfgs","wolf","test","wolf_2f3i_l50","cfa",25,55,"native","lambda0.25",293880472,0.17086032,"available","converged",948,"layered","",1,89.309793,FALSE,0.15472942,0.15472942,"d+ lp- dl+ ll- w+"
"layered_lbfgs","wolf","test","wolf_2f3i_l50","cfa",25,55,"native","lambda1",293880472,0.25206656,"available","converged",1122,"layered","",1,95.198747,FALSE,0.23900309,0.23900309,"d+ lp- dl+ ll- w+"
"layered_lbfgs","wolf","test","wolf_2f3i_l50","cfa",25,55,"x0.01","lambda0.25",293880472,0.17062165,"available","converged",1532,"layered","",1,109.88307,FALSE,0.15472942,0.15472942,"d+ lp- dl- ll- w+"
"layered_lbfgs","wolf","test","wolf_2f3i_l50","cfa",25,55,"x0.01","lambda1",293880472,0.25206241,"available","converged",1181,"layered","",1,96.345233,FALSE,0.23900309,0.23900309,"d+ lp- dl- ll- w+"
"layered_lbfgs","wolf","test","wolf_2f3i_l50","cfa",25,55,"x100","lambda0.25",293880472,0.17093823,"available","converged",748,"layered","",1,84.089664,FALSE,0.15472942,0.15472942,"d+ lp- dl+ ll- w+"
"layered_lbfgs","wolf","test","wolf_2f3i_l50","cfa",25,55,"x100","lambda1",293880472,0.25207086,"available","converged",1265,"layered","",1,94.799228,FALSE,0.23900309,0.23900309,"d+ lp- dl+ ll- w+"
"layered_lbfgs","wolf","test","wolf_2f3i_l50","cfa",25,56,"mixed","lambda1",293880473,,"","",,"","[LineSearchFailed] after 214 iters  f=0.424975: nlopt Limite",,,FALSE,0.21836286,0.21836286,"d+ lp+ dl- ll- w+"
"layered_lbfgs","wolf","test","wolf_2f3i_l50","cfa",25,56,"native","lambda0.25",293880473,,"","",,"","[LineSearchFailed] after 646 iters  f=0.240069: nlopt Limite",,,FALSE,0.12598607,0.12598607,"d+ lp- dl+ ll- w+"
"layered_lbfgs","wolf","test","wolf_2f3i_l50","cfa",25,56,"native","lambda1",293880473,,"","",,"","[LineSearchFailed] after 148 iters  f=0.429258: nlopt Limite",,,FALSE,0.21836286,0.21836286,"d+ lp+ dl+ ll- w+"
"layered_lbfgs","wolf","test","wolf_2f3i_l50","cfa",25,56,"x100","lambda0.25",293880473,,"","",,"","[LineSearchFailed] after 538 iters  f=0.23959: nlopt Limited",,,FALSE,0.12598607,0.12598607,"d+ lp- dl+ ll- w+"
"layered_lbfgs","wolf","test","wolf_2f3i_l50","cfa",25,56,"x100","lambda1",293880473,,"","",,"","[LineSearchFailed] after 275 iters  f=0.422552: nlopt Limite",,,FALSE,0.21836286,0.21836286,"d+ lp+ dl+ ll- w+"
"layered_lbfgs","wolf","test","wolf_2f3i_l50","cfa",25,59,"native","lambda0.25",293880476,0.22505678,"available","converged",1223,"layered","",1,93.36464,FALSE,0.21824409,0.21824409,"d+ lp- dl+ ll- w+"
"layered_lbfgs","wolf","test","wolf_2f3i_l50","cfa",25,59,"native","lambda1",293880476,,"","",,"","[LineSearchFailed] after 75 iters  f=0.32878: nlopt Limited-",,,FALSE,0.26370861,0.26370861,"d+ lp- dl+ ll- w+"
"layered_lbfgs","wolf","test","wolf_2f3i_l50","cfa",25,59,"x100","lambda0.25",293880476,,"","",,"","[LineSearchFailed] after 122 iters  f=0.229016: nlopt Limite",,,FALSE,0.21824409,0.21824409,"d+ lp- dl+ ll- w+"
"layered_lbfgs","wolf","test","wolf_2f3i_l50","cfa",25,59,"x100","lambda1",293880476,,"","",,"","[LineSearchFailed] after 75 iters  f=0.32878: nlopt Limited-",,,FALSE,0.26370861,0.26370861,"d+ lp- dl+ ll- w+"
"layered_lbfgs","wolf","test","wolf_2f3i_l50","cfa",25,60,"native","lambda0.25",293880598,0.21995736,"available","converged",1842,"layered","",1,75.718817,FALSE,0.21042964,0.21042964,"d+ lp- dl+ ll- w+"
"layered_lbfgs","wolf","test","wolf_2f3i_l50","cfa",25,60,"native","lambda1",293880598,0.27372813,"available","converged",2089,"layered","",1,79.237021,FALSE,0.27018645,0.27018645,"d+ lp- dl+ ll- w+"
"layered_lbfgs","wolf","test","wolf_2f3i_l50","cfa",25,60,"x0.01","lambda0.25",293880598,0.21997439,"available","converged",1664,"layered","",1,73.415638,FALSE,0.2561038,0.21042964,"d+ lp- dl+ ll- w+"
"layered_lbfgs","wolf","test","wolf_2f3i_l50","cfa",25,60,"x100","lambda0.25",293880598,0.22010274,"available","converged",621,"layered","",1,58.927284,FALSE,0.21042964,0.21042964,"d+ lp- dl+ ll- w+"
"layered_lbfgs","wolf","test","wolf_2f3i_l50","cfa",25,60,"x100","lambda1",293880598,0.27380719,"available","converged",1724,"layered","",1,63.328354,FALSE,0.27018645,0.27018645,"d+ lp- dl+ ll- w+"
"layered_lbfgs","wolf","test","wolf_2f3i_l50","cfa",25,61,"native","lambda0.25",293880599,,"","",,"","[LineSearchFailed] after 116 iters  f=0.237956: nlopt Limite",,,FALSE,0.11677793,0.11677793,"d+ lp- dl+ ll- w+"
"layered_lbfgs","wolf","test","wolf_2f3i_l50","cfa",25,61,"native","lambda1",293880599,,"","",,"","[LineSearchFailed] after 159 iters  f=0.272482: nlopt Limite",,,FALSE,0.17846177,0.17846177,"d+ lp- dl+ ll- w+"
"layered_lbfgs","wolf","test","wolf_2f3i_l50","cfa",25,61,"x0.01","lambda1",293880599,,"","",,"","[LineSearchFailed] after 195 iters  f=0.272482: nlopt Limite",,,FALSE,0.17846177,0.17846177,"d+ lp- dl+ ll- w+"
"layered_lbfgs","wolf","test","wolf_2f3i_l50","cfa",25,61,"x100","lambda0.25",293880599,,"","",,"","[LineSearchFailed] after 116 iters  f=0.237957: nlopt Limite",,,FALSE,0.11677793,0.11677793,"d+ lp- dl+ ll- w+"
"layered_lbfgs","wolf","test","wolf_2f3i_l50","cfa",25,61,"x100","lambda1",293880599,,"","",,"","[LineSearchFailed] after 159 iters  f=0.272482: nlopt Limite",,,FALSE,0.17846177,0.17846177,"d+ lp- dl+ ll- w+"
"layered_lbfgs","wolf","test","wolf_2f3i_l50","cfa",25,62,"native","lambda0.25",293880600,,"","",,"","[LineSearchFailed] after 111 iters  f=0.234669: nlopt Limite",,,FALSE,0.18464947,0.18464947,"d+ lp- dl+ ll- w+"
"layered_lbfgs","wolf","test","wolf_2f3i_l50","cfa",25,62,"native","lambda1",293880600,,"","",,"","[LineSearchFailed] after 111 iters  f=0.244199: nlopt Limite",,,FALSE,0.21253173,0.21253173,"d+ lp- dl+ ll- w+"
"layered_lbfgs","wolf","test","wolf_2f3i_l50","cfa",25,62,"x100","lambda0.25",293880600,,"","",,"","[LineSearchFailed] after 82 iters  f=0.234669: nlopt Limited",,,FALSE,0.18464947,0.18464947,"d+ lp- dl+ ll- w+"
"layered_lbfgs","wolf","test","wolf_2f3i_l50","cfa",25,62,"x100","lambda1",293880600,,"","",,"","[LineSearchFailed] after 111 iters  f=0.244199: nlopt Limite",,,FALSE,0.21253173,0.21253173,"d+ lp- dl+ ll- w+"
"layered_lbfgs","wolf","test","wolf_2f3i_l50","cfa",25,65,"native","lambda0.25",293880603,,"","",,"","[LineSearchFailed] after 740 iters  f=0.160536: nlopt Limite",,,FALSE,0.15390436,0.15235798,"d+ lp- dl+ ll- w+"
"layered_lbfgs","wolf","test","wolf_2f3i_l50","cfa",25,65,"native","lambda1",293880603,,"","",,"","[LineSearchFailed] after 103 iters  f=0.208009: nlopt Limite",,,FALSE,0.19591717,0.19591717,"d+ lp- dl+ ll- w+"
"layered_lbfgs","wolf","test","wolf_2f3i_l50","cfa",25,65,"x100","lambda0.25",293880603,0.16059452,"available","converged",649,"layered","",1,49.489489,FALSE,0.15390436,0.15235798,"d+ lp- dl+ ll- w+"
"layered_lbfgs","wolf","test","wolf_2f3i_l50","cfa",25,65,"x100","lambda1",293880603,,"","",,"","[LineSearchFailed] after 96 iters  f=0.20801: nlopt Limited-",,,FALSE,0.19591717,0.19591717,"d+ lp- dl+ ll- w+"
"layered_lbfgs","wolf","test","wolf_2f3i_l50","cfa",25,68,"native","lambda0.25",293880606,,"","",,"","[LineSearchFailed] after 122 iters  f=0.138322: nlopt Limite",,,FALSE,0.13170251,0.13170251,"d+ lp- dl+ ll- w+"
"layered_lbfgs","wolf","test","wolf_2f3i_l50","cfa",25,68,"native","lambda1",293880606,,"","",,"","[LineSearchFailed] after 117 iters  f=0.213774: nlopt Limite",,,FALSE,0.20821942,0.20821942,"d+ lp- dl+ ll- w+"
"layered_lbfgs","wolf","test","wolf_2f3i_l50","cfa",25,68,"x100","lambda0.25",293880606,,"","",,"","[LineSearchFailed] after 113 iters  f=0.138407: nlopt Limite",,,FALSE,0.13170251,0.13170251,"d+ lp- dl+ ll- w+"
"layered_lbfgs","wolf","test","wolf_2f3i_l50","cfa",25,68,"x100","lambda1",293880606,0.21306619,"available","converged",1077,"layered","",1,70.612199,FALSE,0.20821942,0.20821942,"d+ lp- dl+ ll- w+"
"layered_lbfgs","wolf","test","wolf_2f3i_l50","cfa",25,70,"native","lambda0.25",293880729,,"","",,"","[LineSearchFailed] after 122 iters  f=0.303218: nlopt Limite",,,FALSE,0.20762942,0.20762942,"d+ lp- dl+ ll- w+"
"layered_lbfgs","wolf","test","wolf_2f3i_l50","cfa",25,70,"native","lambda1",293880729,,"","",,"","[LineSearchFailed] after 179 iters  f=0.351494: nlopt Limite",,,FALSE,0.27503704,0.27503704,"d+ lp- dl+ ll- w+"
"layered_lbfgs","wolf","test","wolf_2f3i_l50","cfa",25,70,"x0.01","lambda1",293880729,,"","",,"","[LineSearchFailed] after 135 iters  f=0.351495: nlopt Limite",,,FALSE,0.27503704,0.27503704,"d+ lp- dl+ ll- w+"
"layered_lbfgs","wolf","test","wolf_2f3i_l50","cfa",25,70,"x100","lambda0.25",293880729,,"","",,"","[LineSearchFailed] after 105 iters  f=0.303219: nlopt Limite",,,FALSE,0.20762942,0.20762942,"d+ lp- dl+ ll- w+"
"layered_lbfgs","wolf","test","wolf_2f3i_l50","cfa",25,70,"x100","lambda1",293880729,,"","",,"","[LineSearchFailed] after 155 iters  f=0.351495: nlopt Limite",,,FALSE,0.27503704,0.27503704,"d+ lp- dl+ ll- w+"
"layered_lbfgs","wolf","test","wolf_2f3i_l50","cfa",25,73,"mixed","lambda0.25",293880732,0.38433183,"available","converged",1204,"layered","",1,42.325525,FALSE,0.39710651,0.3842874,"d+ lp+ dl- ll- w+"
"layered_lbfgs","wolf","test","wolf_2f3i_l50","cfa",25,73,"native","lambda0.25",293880732,0.38432658,"available","converged",1336,"layered","",1,43.858461,FALSE,0.39710651,0.3842874,"d+ lp+ dl+ ll- w+"
"layered_lbfgs","wolf","test","wolf_2f3i_l50","cfa",25,73,"x0.01","lambda0.25",293880732,0.38433849,"available","converged",943,"layered","",1,40.636655,FALSE,0.39710651,0.3842874,"d+ lp+ dl+ ll- w+"
"layered_lbfgs","wolf","test","wolf_2f3i_l50","cfa",25,73,"x100","lambda0.25",293880732,0.38437643,"available","converged",625,"layered","",1,34.154319,FALSE,0.3842874,0.3842874,"d+ lp+ dl- ll- w+"
"layered_lbfgs","wolf","test","wolf_2f3i_l50","cfa",25,75,"native","lambda1",293880734,,"","",,"","[LineSearchFailed] after 106 iters  f=0.26742: nlopt Limited",,,FALSE,0.21027672,0.21027672,"d+ lp+ dl+ ll- w+"
"layered_lbfgs","wolf","test","wolf_2f3i_l50","cfa",25,75,"x0.01","lambda1",293880734,,"","",,"","[LineSearchFailed] after 128 iters  f=0.26741: nlopt Limited",,,FALSE,0.21027672,0.21027672,"d+ lp+ dl+ ll- w+"
"layered_lbfgs","wolf","test","wolf_2f3i_l50","cfa",25,75,"x100","lambda1",293880734,,"","",,"","[LineSearchFailed] after 108 iters  f=0.267526: nlopt Limite",,,FALSE,0.21027672,0.21027672,"d+ lp+ dl+ ll- w+"
"layered_lbfgs","wolf","test","wolf_2f3i_l50","cfa",25,76,"native","lambda0.25",293880735,,"","",,"","[LineSearchFailed] after 234 iters  f=0.280615: nlopt Limite",,,FALSE,0.28345845,0.2598279,"d+ lp+ dl+ ll- w+"
"layered_lbfgs","wolf","test","wolf_2f3i_l50","cfa",25,76,"native","lambda1",293880735,,"","",,"","[LineSearchFailed] after 167 iters  f=0.351137: nlopt Limite",,,FALSE,0.32271427,0.32224408,"d+ lp+ dl+ ll- w+"
"layered_lbfgs","wolf","test","wolf_2f3i_l50","cfa",25,76,"x0.01","lambda0.25",293880735,,"","",,"","[LineSearchFailed] after 395 iters  f=0.279856: nlopt Limite",,,FALSE,0.28345845,0.2598279,"d+ lp+ dl- ll- w+"
"layered_lbfgs","wolf","test","wolf_2f3i_l50","cfa",25,76,"x100","lambda0.25",293880735,,"","",,"","[LineSearchFailed] after 217 iters  f=0.280321: nlopt Limite",,,FALSE,0.2598279,0.2598279,"d+ lp+ dl+ ll- w+"
"layered_lbfgs","wolf","test","wolf_2f3i_l50","cfa",25,76,"x100","lambda1",293880735,,"","",,"","[LineSearchFailed] after 163 iters  f=0.351137: nlopt Limite",,,FALSE,0.32271427,0.32224408,"d+ lp+ dl+ ll- w+"
"layered_lbfgs","wolf","test","wolf_2f3i_l50","cfa",25,78,"native","lambda0.25",293880737,,"","",,"","[LineSearchFailed] after 182 iters  f=0.468397: nlopt Limite",,,FALSE,0.27339361,0.27339361,"d+ lp- dl+ ll- w+"
"layered_lbfgs","wolf","test","wolf_2f3i_l50","cfa",25,78,"native","lambda1",293880737,,"","",,"","[LineSearchFailed] after 159 iters  f=0.473974: nlopt Limite",,,FALSE,0.35087522,0.35087522,"d+ lp- dl+ ll- w+"
"layered_lbfgs","wolf","test","wolf_2f3i_l50","cfa",25,79,"mixed","lambda0.25",293880738,,"","",,"","[LineSearchFailed] after 100 iters  f=0.430199: nlopt Limite",,,FALSE,0.20208819,0.20208819,"d+ lp- dl- ll- w+"
"layered_lbfgs","wolf","test","wolf_2f3i_l50","cfa",25,79,"mixed","lambda1",293880738,,"","",,"","[LineSearchFailed] after 176 iters  f=0.4629: nlopt Limited-",,,FALSE,0.27362247,0.27362247,"d+ lp- dl+ ll- w+"
"layered_lbfgs","wolf","test","wolf_2f3i_l50","cfa",25,79,"native","lambda0.25",293880738,,"","",,"","[LineSearchFailed] after 100 iters  f=0.430199: nlopt Limite",,,FALSE,0.20208819,0.20208819,"d+ lp- dl+ ll- w+"
"layered_lbfgs","wolf","test","wolf_2f3i_l50","cfa",25,79,"native","lambda1",293880738,,"","",,"","[LineSearchFailed] after 187 iters  f=0.462904: nlopt Limite",,,FALSE,0.27362247,0.27362247,"d+ lp- dl+ ll- w+"
"layered_lbfgs","wolf","test","wolf_2f3i_l50","cfa",25,79,"x0.01","lambda0.25",293880738,,"","",,"","[LineSearchFailed] after 100 iters  f=0.430199: nlopt Limite",,,FALSE,0.20208819,0.20208819,"d+ lp- dl+ ll- w+"
"layered_lbfgs","wolf","test","wolf_2f3i_l50","cfa",25,79,"x0.01","lambda1",293880738,,"","",,"","[LineSearchFailed] after 174 iters  f=0.462906: nlopt Limite",,,FALSE,0.27362247,0.27362247,"d+ lp- dl- ll- w+"
"layered_lbfgs","wolf","test","wolf_2f3i_l50","cfa",25,79,"x100","lambda0.25",293880738,,"","",,"","[LineSearchFailed] after 100 iters  f=0.430199: nlopt Limite",,,FALSE,0.20208819,0.20208819,"d+ lp- dl+ ll- w+"
"layered_lbfgs","wolf","test","wolf_2f3i_l50","cfa",25,79,"x100","lambda1",293880738,,"","",,"","[LineSearchFailed] after 169 iters  f=0.462906: nlopt Limite",,,FALSE,0.27362247,0.27362247,"d+ lp- dl+ ll- w+"
"layered_lbfgs","wolf","test","wolf_2f3i_l50","cfa",25,8,"native","lambda0.25",248138437,,"","",,"","[LineSearchFailed] after 69 iters  f=0.55771: nlopt Limited-",,,FALSE,0.14949321,0.14949321,"d+ lp- dl+ ll- w+"
"layered_lbfgs","wolf","test","wolf_2f3i_l50","cfa",25,8,"native","lambda1",248138437,,"","",,"","[LineSearchFailed] after 158 iters  f=0.575532: nlopt Limite",,,FALSE,0.23707147,0.23707147,"d+ lp- dl+ ll- w+"
"layered_lbfgs","wolf","test","wolf_2f3i_l50","cfa",25,8,"x0.01","lambda0.25",248138437,,"","",,"","[LineSearchFailed] after 69 iters  f=0.55771: nlopt Limited-",,,FALSE,0.14949321,0.14949321,"d+ lp- dl- ll- w+"
"layered_lbfgs","wolf","test","wolf_2f3i_l50","cfa",25,8,"x100","lambda0.25",248138437,,"","",,"","[LineSearchFailed] after 69 iters  f=0.55771: nlopt Limited-",,,FALSE,0.14949321,0.14949321,"d+ lp- dl+ ll- w+"
"layered_lbfgs","wolf","test","wolf_2f3i_l50","cfa",25,8,"x100","lambda1",248138437,,"","",,"","[LineSearchFailed] after 130 iters  f=0.575561: nlopt Limite",,,FALSE,0.23707147,0.23707147,"d+ lp- dl+ ll- w+"
"layered_lbfgs","wolf","test","wolf_2f3i_l50","cfa",25,82,"native","lambda0.25",293880862,,"","",,"","[LineSearchFailed] after 48 iters  f=0.424415: nlopt Limited",,,FALSE,0.2048979,0.2048979,"d+ lp- dl+ ll- w+"
"layered_lbfgs","wolf","test","wolf_2f3i_l50","cfa",25,82,"native","lambda1",293880862,,"","",,"","[LineSearchFailed] after 92 iters  f=0.425336: nlopt Limited",,,FALSE,0.26049687,0.26049687,"d+ lp- dl+ ll- w+"
"layered_lbfgs","wolf","test","wolf_2f3i_l50","cfa",25,82,"x0.01","lambda0.25",293880862,,"","",,"","[LineSearchFailed] after 150 iters  f=0.423345: nlopt Limite",,,FALSE,0.2048979,0.2048979,"d+ lp- dl+ ll- w+"
"layered_lbfgs","wolf","test","wolf_2f3i_l50","cfa",25,82,"x100","lambda0.25",293880862,,"","",,"","[LineSearchFailed] after 167 iters  f=0.423343: nlopt Limite",,,FALSE,0.2048979,0.2048979,"d+ lp- dl+ ll- w+"
"layered_lbfgs","wolf","test","wolf_2f3i_l50","cfa",25,82,"x100","lambda1",293880862,,"","",,"","[LineSearchFailed] after 92 iters  f=0.425336: nlopt Limited",,,FALSE,0.26049687,0.26049687,"d+ lp- dl+ ll- w+"
"layered_lbfgs","wolf","test","wolf_2f3i_l50","cfa",25,83,"native","lambda0.25",293880863,,"","",,"","[LineSearchFailed] after 67 iters  f=0.432011: nlopt Limited",,,FALSE,0.23539711,0.23539711,"d+ lp- dl- ll- w+"
"layered_lbfgs","wolf","test","wolf_2f3i_l50","cfa",25,83,"x100","lambda0.25",293880863,,"","",,"","[LineSearchFailed] after 153 iters  f=0.43193: nlopt Limited",,,FALSE,0.23539711,0.23539711,"d+ lp- dl- ll- w+"
"layered_lbfgs","wolf","test","wolf_2f3i_l50","cfa",25,9,"native","lambda0.25",248138438,,"","",,"","[LineSearchFailed] after 658 iters  f=0.265811: nlopt Limite",,,FALSE,0.24864435,0.24864435,"d+ lp+ dl+ ll- w+"
"layered_lbfgs","wolf","test","wolf_2f3i_l50","cfa",25,9,"x100","lambda0.25",248138438,,"","",,"","[LineSearchFailed] after 89 iters  f=0.267068: nlopt Limited",,,FALSE,0.24864435,0.24864435,"d+ lp+ dl+ ll- w+"
"layered_lbfgs","wolf","test","wolf_2f3i_l50","cfa",25,94,"native","lambda0.25",293880995,,"","",,"","[LineSearchFailed] after 97 iters  f=0.23487: nlopt Limited-",,,FALSE,0.13326189,0.13326189,"d+ lp- dl+ ll- w+"
"layered_lbfgs","wolf","test","wolf_2f3i_l50","cfa",25,94,"native","lambda1",293880995,,"","",,"","[LineSearchFailed] after 107 iters  f=0.267972: nlopt Limite",,,FALSE,0.19531927,0.19531927,"d+ lp- dl+ ll- w+"
"layered_lbfgs","wolf","test","wolf_2f3i_l50","cfa",25,94,"x0.01","lambda0.25",293880995,,"","",,"","[LineSearchFailed] after 97 iters  f=0.23487: nlopt Limited-",,,FALSE,0.13326189,0.13326189,"d+ lp- dl+ ll- w+"
"layered_lbfgs","wolf","test","wolf_2f3i_l50","cfa",25,94,"x0.01","lambda1",293880995,,"","",,"","[LineSearchFailed] after 107 iters  f=0.267972: nlopt Limite",,,FALSE,0.19531927,0.19531927,"d+ lp- dl+ ll- w+"
"layered_lbfgs","wolf","test","wolf_2f3i_l50","cfa",25,94,"x100","lambda0.25",293880995,,"","",,"","[LineSearchFailed] after 97 iters  f=0.23487: nlopt Limited-",,,FALSE,0.13326189,0.13326189,"d+ lp- dl+ ll- w+"
"layered_lbfgs","wolf","test","wolf_2f3i_l50","cfa",25,94,"x100","lambda1",293880995,,"","",,"","[LineSearchFailed] after 107 iters  f=0.267972: nlopt Limite",,,FALSE,0.19531927,0.19531927,"d+ lp- dl+ ll- w+"
"layered_lbfgs","wolf","test","wolf_2f6i_l50","cfa",25,35,"mixed","lambda0.25",1824834724,1.444252,"available","converged",1484,"layered","",1,34.929561,FALSE,1.4933215,1.4442474,"d+ lp+ dl+ ll- w-"
"layered_lbfgs","wolf","test","wolf_2f6i_l50","cfa",25,35,"mixed","lambda1",1824834724,1.5499388,"available","converged",2058,"layered","",1,42.649945,FALSE,1.6020946,1.549871,"d+ lp+ dl+ ll- w-"
"layered_lbfgs","wolf","test","wolf_2f6i_l50","cfa",25,35,"native","lambda0.25",1824834724,1.4442593,"available","converged",926,"layered","",1,32.695229,FALSE,1.4933215,1.4442474,"d+ lp+ dl+ ll- w-"
"layered_lbfgs","wolf","test","wolf_2f6i_l50","cfa",25,35,"native","lambda1",1824834724,1.5499838,"available","converged",900,"layered","",1,36.010932,FALSE,1.6020946,1.549871,"d+ lp+ dl+ ll- w-"
"layered_lbfgs","wolf","test","wolf_2f6i_l50","cfa",25,35,"x0.01","lambda0.25",1824834724,1.4442714,"available","converged",494,"layered","",1,30.409202,FALSE,1.4933215,1.4442474,"d+ lp+ dl+ ll- w-"
"layered_lbfgs","wolf","test","wolf_2f6i_l50","cfa",25,35,"x0.01","lambda1",1824834724,1.5499684,"available","converged",1207,"layered","",1,37.788573,FALSE,1.6020946,1.549871,"d+ lp+ dl+ ll- w-"
"layered_lbfgs","wolf","test","wolf_2f6i_l50","cfa",25,35,"x100","lambda0.25",1824834724,1.4442557,"available","converged",853,"layered","",1,33.700788,FALSE,1.4933215,1.4442474,"d+ lp+ dl+ ll- w-"
"layered_lbfgs","wolf","test","wolf_2f6i_l50","cfa",25,35,"x100","lambda1",1824834724,,"","",,"","[LineSearchFailed] after 204 iters  f=1.55043: nlopt Limited",,,FALSE,1.6020946,1.5498712,"d+ lp+ dl+ ll- w-"
"layered_lbfgs","wolf","test","wolf_2f6i_l50","cfa",25,57,"mixed","lambda0.25",1824834988,,"","",,"","[LineSearchFailed] after 122 iters  f=1.10809: nlopt Limited",,,FALSE,0.90225197,0.90225197,"d+ lp- dl- ll- w-"
"layered_lbfgs","wolf","test","wolf_2f6i_l50","cfa",25,57,"mixed","lambda1",1824834988,,"","",,"","[LineSearchFailed] after 91 iters  f=1.14853: nlopt Limited-",,,FALSE,0.96533842,0.96533842,"d+ lp- dl+ ll- w-"
"layered_lbfgs","wolf","test","wolf_2f6i_l50","cfa",25,57,"native","lambda0.25",1824834988,,"","",,"","[LineSearchFailed] after 122 iters  f=1.10809: nlopt Limited",,,FALSE,0.90225197,0.90225197,"d+ lp- dl+ ll- w-"
"layered_lbfgs","wolf","test","wolf_2f6i_l50","cfa",25,57,"native","lambda1",1824834988,,"","",,"","[LineSearchFailed] after 91 iters  f=1.14853: nlopt Limited-",,,FALSE,0.96533842,0.96533842,"d+ lp- dl+ ll- w-"
"layered_lbfgs","wolf","test","wolf_2f6i_l50","cfa",25,57,"x0.01","lambda0.25",1824834988,,"","",,"","[LineSearchFailed] after 122 iters  f=1.10809: nlopt Limited",,,FALSE,0.90225197,0.90225197,"d+ lp- dl- ll- w-"
"layered_lbfgs","wolf","test","wolf_2f6i_l50","cfa",25,57,"x0.01","lambda1",1824834988,,"","",,"","[LineSearchFailed] after 91 iters  f=1.14853: nlopt Limited-",,,FALSE,0.96533842,0.96533842,"d+ lp- dl+ ll- w-"
"layered_lbfgs","wolf","test","wolf_2f6i_l50","cfa",25,57,"x100","lambda0.25",1824834988,,"","",,"","[LineSearchFailed] after 122 iters  f=1.10809: nlopt Limited",,,FALSE,0.90225197,0.90225197,"d+ lp- dl- ll- w-"
"layered_lbfgs","wolf","test","wolf_2f6i_l50","cfa",25,57,"x100","lambda1",1824834988,,"","",,"","[LineSearchFailed] after 91 iters  f=1.14853: nlopt Limited-",,,FALSE,0.96533842,0.96533842,"d+ lp- dl- ll- w-"
"layered_lbfgs","wolf","test","wolf_2f6i_l50","cfa",25,62,"mixed","lambda0.25",1824835114,1.6272987,"available","converged",1403,"layered","",1,20.896669,FALSE,1.6272405,1.6272405,"d+ lp+ dl- ll- w+"
"layered_lbfgs","wolf","test","wolf_2f6i_l50","cfa",25,62,"native","lambda0.25",1824835114,1.6272897,"available","converged",1978,"layered","",1,21.788141,FALSE,1.6272411,1.6272405,"d+ lp+ dl- ll- w+"
"layered_lbfgs","wolf","test","wolf_2f6i_l50","cfa",25,62,"x0.01","lambda0.25",1824835114,1.6273463,"available","converged",1093,"layered","",1,17.707654,FALSE,1.6272414,1.6272405,"d+ lp+ dl- ll- w+"
"layered_lbfgs","wolf","test","wolf_2f6i_l50","cfa",25,62,"x100","lambda0.25",1824835114,1.627341,"available","converged",896,"layered","",1,18.150772,FALSE,1.627241,1.6272405,"d+ lp+ dl- ll- w+"
"layered_lbfgs","wolf","test","wolf_2f8i_l50","cfa",26,20,"native","lambda0.25",1416063269,2.3252979,"available","converged",828,"layered","",1,26.887405,FALSE,2.3252816,2.3252816,"d+ lp+ dl- ll- w+"
"layered_lbfgs","wolf","test","wolf_2f8i_l50","cfa",26,20,"native","lambda1",1416063269,2.4144584,"available","converged",755,"layered","",1,24.724201,FALSE,2.4144412,2.4144409,"d+ lp+ dl- ll- w+"
"layered_lbfgs","wolf","test","wolf_2f8i_l50","cfa",26,20,"x0.01","lambda0.25",1416063269,2.3252918,"available","converged",944,"layered","",1,28.326373,FALSE,2.3252816,2.3252816,"d+ lp+ dl- ll- w+"
"layered_lbfgs","wolf","test","wolf_2f8i_l50","cfa",26,20,"x0.01","lambda1",1416063269,2.4144438,"available","converged",1090,"layered","",1,28.660855,FALSE,2.4144412,2.4144409,"d+ lp+ dl- ll- w+"
"layered_lbfgs","wolf","test","wolf_2f8i_l50","cfa",26,20,"x100","lambda0.25",1416063269,2.3252841,"available","converged",1688,"layered","",1,31.680338,FALSE,2.3252816,2.3252816,"d+ lp+ dl- ll- w+"
"layered_lbfgs","wolf","test","wolf_2f8i_l50","cfa",26,20,"x100","lambda1",1416063269,2.4144464,"available","converged",1013,"layered","",1,27.717042,FALSE,2.414441,2.4144409,"d+ lp+ dl- ll- w+"
"layered_lbfgs","wolf","test","wolf_2f8i_l50","cfa",26,37,"mixed","lambda0.25",1416063407,3.0675197,"available","converged",565,"layered","",1,27.945103,FALSE,3.0675155,3.0675149,"d+ lp+ dl- ll- w+"
"layered_lbfgs","wolf","test","wolf_2f8i_l50","cfa",26,4,"mixed","lambda1",994389933,3.1889867,"available","converged",1696,"layered","",1,34.051067,FALSE,3.1886963,3.1886963,"d+ lp- dl- ll- w-"
"layered_lbfgs","wolf","test","wolf_2f8i_l50","cfa",26,4,"native","lambda0.25",994389933,3.1199205,"available","converged",1814,"layered","",1,32.508698,FALSE,3.1196066,3.1196066,"d+ lp- dl- ll- w-"
"layered_lbfgs","wolf","test","wolf_2f8i_l50","cfa",26,4,"native","lambda1",994389933,3.189016,"available","converged",1233,"layered","",1,31.317609,FALSE,3.1886962,3.1886962,"d+ lp- dl- ll- w-"
"layered_lbfgs","wolf","test","wolf_2f8i_l50","cfa",26,4,"x0.01","lambda0.25",994389933,3.1200389,"available","converged",546,"layered","",1,25.348061,FALSE,3.1196064,3.1196064,"d+ lp- dl- ll- w-"
"layered_lbfgs","wolf","test","wolf_2f8i_l50","cfa",26,4,"x0.01","lambda1",994389933,3.188973,"available","converged",2227,"layered","",1,35.585774,FALSE,3.188696,3.188696,"d+ lp- dl- ll- w-"
"layered_lbfgs","wolf","test","wolf_2f8i_l50","cfa",26,4,"x100","lambda0.25",994389933,3.1199543,"available","converged",1301,"layered","",1,29.651451,FALSE,3.1196064,3.1196064,"d+ lp- dl- ll- w-"
"layered_lbfgs","wolf","test","wolf_2f8i_l50","cfa",26,4,"x100","lambda1",994389933,3.189056,"available","converged",933,"layered","",1,28.713451,FALSE,3.188696,3.188696,"d+ lp+ dl- ll- w-"
"layered_lbfgs","wolf","test","wolf_2f8i_l50","cfa",26,40,"mixed","lambda0.25",1416063531,2.5550766,"available","converged",907,"layered","",1,25.047079,FALSE,2.5550262,2.5550255,"d+ lp+ dl- ll- w+"
"layered_lbfgs","wolf","test","wolf_2f8i_l50","cfa",26,40,"native","lambda0.25",1416063531,2.555064,"available","converged",1485,"layered","",1,26.253899,FALSE,2.5550257,2.5550255,"d+ lp+ dl- ll- w+"
"layered_lbfgs","wolf","test","wolf_2f8i_l50","cfa",26,40,"native","lambda1",1416063531,2.6469027,"available","converged",781,"layered","",1,19.084925,FALSE,2.6468923,2.6468923,"d+ lp+ dl- ll- w+"
"layered_lbfgs","wolf","test","wolf_2f8i_l50","cfa",26,40,"x0.01","lambda0.25",1416063531,2.5551362,"available","converged",725,"layered","",1,21.291083,FALSE,2.5550256,2.5550255,"d+ lp+ dl- ll- w+"
"layered_lbfgs","wolf","test","wolf_2f8i_l50","cfa",26,40,"x100","lambda0.25",1416063531,2.55506,"available","converged",1594,"layered","",1,26.714151,FALSE,2.5550259,2.5550255,"d+ lp+ dl- ll- w+"
"layered_lbfgs","wolf","test","wolf_2f8i_l50","cfa",26,40,"x100","lambda1",1416063531,2.6468974,"available","converged",696,"layered","",1,19.826155,FALSE,2.6468923,2.6468923,"d+ lp+ dl- ll- w+"
"layered_lbfgs","wolf","test","wolf_2f8i_l50","cfa",26,74,"mixed","lambda1",1416063928,,"","",,"","[LineSearchFailed] after 166 iters  f=2.62485: nlopt Limited",,,FALSE,2.6238353,2.6238353,"d+ lp+ dl- ll- w-"
"layered_lbfgs","wolf","test","wolf_2f8i_l50","cfa",26,74,"native","lambda1",1416063928,2.6240845,"available","converged",1240,"layered","",1,28.94002,FALSE,2.6238353,2.6238353,"d+ lp+ dl- ll- w+"
"layered_lbfgs","wolf","test","wolf_2f8i_l50","cfa",26,74,"x0.01","lambda1",1416063928,2.6241016,"available","converged",776,"layered","",1,28.031384,FALSE,2.6238353,2.6238353,"d+ lp+ dl- ll- w+"
"layered_lbfgs","wolf","test","wolf_2f8i_l50","cfa",26,74,"x100","lambda1",1416063928,,"","",,"","[LineSearchFailed] after 503 iters  f=2.62423: nlopt Limited",,,FALSE,2.6238351,2.6238351,"d+ lp+ dl- ll- w+"
"layered_lbfgs","wolf","test","wolf_2f8i_l50","cfa",26,89,"mixed","lambda0.25",1416064064,2.6082703,"available","converged",2753,"layered","",1,44.464452,FALSE,2.6081586,2.6081586,"d+ lp+ dl- ll- w-"
"layered_lbfgs","wolf","test","wolf_2f8i_l50","cfa",26,89,"mixed","lambda1",1416064064,2.6950049,"available","converged",1417,"layered","",1,32.877555,FALSE,2.6949465,2.6949465,"d+ lp- dl- ll- w+"
"layered_lbfgs","wolf","test","wolf_2f8i_l50","cfa",26,89,"native","lambda0.25",1416064064,2.6083172,"available","converged",1753,"layered","",1,37.348984,FALSE,2.6081586,2.6081586,"d+ lp+ dl- ll- w-"
"layered_lbfgs","wolf","test","wolf_2f8i_l50","cfa",26,89,"x0.01","lambda0.25",1416064064,2.6083319,"available","converged",1582,"layered","",1,35.917185,FALSE,2.6081582,2.608158,"d+ lp+ dl- ll- w+"
"layered_lbfgs","wolf","test","wolf_2f8i_l50","cfa",26,89,"x0.01","lambda1",1416064064,2.6949756,"available","converged",2406,"layered","",1,38.803552,FALSE,2.6949465,2.6949465,"d+ lp+ dl- ll- w+"
"layered_lbfgs","wolf","test","wolf_2f8i_l50","cfa",26,89,"x100","lambda0.25",1416064064,2.6082808,"available","converged",2070,"layered","",1,42.578274,FALSE,2.6081584,2.6081584,"d+ lp+ dl- ll- w-"
"layered_lbfgs","wolf","test","wolf_2f8i_l50","cfa",26,89,"x100","lambda1",1416064064,2.6949769,"available","converged",2248,"layered","",1,38.386527,FALSE,2.6949466,2.6949466,"d+ lp+ dl- ll- w+"
"layered_lbfgs","wolf","test","wolf_3f3i_l50","cfa",100,29,"native","lambda0.25",1238952031,0.095052942,"available","converged",1229,"layered","",1,66.50861,FALSE,0.09380304,0.09380304,"d+ lp- dl+ ll- w+"
"layered_lbfgs","wolf","test","wolf_3f3i_l50","cfa",100,29,"native","lambda1",1238952031,0.11181833,"available","converged",2394,"layered","",1,61.697057,FALSE,0.11171589,0.11171576,"d+ lp- dl- ll- w+"
"layered_lbfgs","wolf","test","wolf_3f3i_l50","cfa",100,29,"x100","lambda0.25",1238952031,0.09502602,"available","converged",2120,"layered","",1,74.604335,FALSE,0.09380304,0.09380304,"d+ lp- dl+ ll- w+"
"layered_lbfgs","wolf","test","wolf_3f3i_l50","cfa",100,29,"x100","lambda1",1238952031,0.1117977,"available","converged",4458,"layered","",1,86.556787,FALSE,0.11171576,0.11171576,"d+ lp- dl- ll- w+"
"layered_lbfgs","wolf","test","wolf_3f3i_l50","cfa",100,90,"x0.01","lambda1",1238952939,0.14229624,"available","converged",1857,"layered","",1,93.137227,FALSE,0.13980799,0.13980799,"d+ lp- dl- ll- w-"
"layered_lbfgs","wolf","test","wolf_3f3i_l50","cfa",25,10,"mixed","lambda1",1857434885,,"","",,"","[LineSearchFailed] after 258 iters  f=0.652825: nlopt Limite",,,FALSE,0.60463155,0.60463155,"d+ lp+ dl+ ll- w+"
"layered_lbfgs","wolf","test","wolf_3f3i_l50","cfa",25,10,"native","lambda1",1857434885,,"","",,"","[LineSearchFailed] after 240 iters  f=0.652825: nlopt Limite",,,FALSE,0.60463155,0.60463155,"d+ lp+ dl+ ll- w+"
"layered_lbfgs","wolf","test","wolf_3f3i_l50","cfa",25,10,"x0.01","lambda1",1857434885,,"","",,"","[LineSearchFailed] after 290 iters  f=0.652825: nlopt Limite",,,FALSE,0.60463155,0.60463155,"d+ lp+ dl+ ll- w+"
"layered_lbfgs","wolf","test","wolf_3f3i_l50","cfa",25,10,"x100","lambda1",1857434885,,"","",,"","[LineSearchFailed] after 196 iters  f=0.652834: nlopt Limite",,,FALSE,0.60463155,0.60463155,"d+ lp+ dl+ ll- w+"
"layered_lbfgs","wolf","test","wolf_3f3i_l50","cfa",25,14,"native","lambda0.25",1857434889,0.79804104,"available","converged",1423,"layered","",1,83.37642,FALSE,0.74361697,0.74361697,"d+ lp- dl+ ll- w+"
"layered_lbfgs","wolf","test","wolf_3f3i_l50","cfa",25,14,"native","lambda1",1857434889,0.91916218,"available","converged",1892,"layered","",1,92.937856,FALSE,0.87704603,0.87704603,"d+ lp- dl+ ll- w+"
"layered_lbfgs","wolf","test","wolf_3f3i_l50","cfa",25,14,"x0.01","lambda1",1857434889,,"","",,"","[LineSearchFailed] after 1844 iters  f=0.919163: nlopt Limit",,,FALSE,0.87704603,0.87704603,"d+ lp- dl- ll- w+"
"layered_lbfgs","wolf","test","wolf_3f3i_l50","cfa",25,14,"x100","lambda0.25",1857434889,,"","",,"","[LineSearchFailed] after 330 iters  f=0.813756: nlopt Limite",,,FALSE,0.74361697,0.74361697,"d+ lp- dl+ ll- w+"
"layered_lbfgs","wolf","test","wolf_3f3i_l50","cfa",25,14,"x100","lambda1",1857434889,0.91933417,"available","converged",1478,"layered","",1,83.910678,FALSE,0.87704603,0.87704603,"d+ lp- dl+ ll- w+"
"layered_lbfgs","wolf","test","wolf_3f3i_l50","cfa",25,15,"native","lambda0.25",1857434890,0.33946423,"available","converged",476,"layered","",1,29.816221,FALSE,0.33945453,0.3394545,"d+ lp+ dl- ll- w+"
"layered_lbfgs","wolf","test","wolf_3f3i_l50","cfa",25,15,"native","lambda1",1857434890,,"","",,"","[LineSearchFailed] after 291 iters  f=0.611709: nlopt Limite",,,FALSE,0.45516053,0.45516053,"d+ lp- dl+ ll- w+"
"layered_lbfgs","wolf","test","wolf_3f3i_l50","cfa",25,15,"x0.01","lambda0.25",1857434890,0.33945913,"available","converged",1133,"layered","",1,32.099361,FALSE,0.3394545,0.3394545,"d+ lp+ dl- ll- w+"
"layered_lbfgs","wolf","test","wolf_3f3i_l50","cfa",25,15,"x0.01","lambda1",1857434890,,"","",,"","[LineSearchFailed] after 218 iters  f=0.61171: nlopt Limited",,,FALSE,0.45516053,0.45516053,"d+ lp- dl- ll- w+"
"layered_lbfgs","wolf","test","wolf_3f3i_l50","cfa",25,15,"x100","lambda0.25",1857434890,0.33945869,"available","converged",1272,"layered","",1,32.440953,FALSE,0.3394545,0.3394545,"d+ lp+ dl- ll- w+"
"layered_lbfgs","wolf","test","wolf_3f3i_l50","cfa",25,15,"x100","lambda1",1857434890,,"","",,"","[LineSearchFailed] after 239 iters  f=0.611709: nlopt Limite",,,FALSE,0.45516053,0.45516053,"d+ lp- dl+ ll- w+"
"layered_lbfgs","wolf","test","wolf_3f3i_l50","cfa",25,16,"x0.01","lambda0.25",1857434891,,"","",,"","[LineSearchFailed] after 348 iters  f=0.602381: nlopt Limite",,,FALSE,0.59024254,0.59024254,"d+ lp+ dl- ll- w-"
"layered_lbfgs","wolf","test","wolf_3f3i_l50","cfa",25,19,"native","lambda0.25",1857434894,0.4698798,"available","converged",1374,"layered","",1,24.403944,FALSE,0.49665442,0.49665442,"d+ lp- dl+ ll- w+"
"layered_lbfgs","wolf","test","wolf_3f3i_l50","cfa",25,19,"native","lambda1",1857434894,,"","",,"","[LineSearchFailed] after 265 iters  f=0.657732: nlopt Limite",,,FALSE,0.58933364,0.58933364,"d+ lp- dl+ ll- w+"
"layered_lbfgs","wolf","test","wolf_3f3i_l50","cfa",25,19,"x100","lambda0.25",1857434894,0.46988207,"available","converged",790,"layered","",1,23.899216,FALSE,0.49665442,0.49665442,"d+ lp- dl+ ll- w+"
"layered_lbfgs","wolf","test","wolf_3f3i_l50","cfa",25,19,"x100","lambda1",1857434894,,"","",,"","[LineSearchFailed] after 264 iters  f=0.657282: nlopt Limite",,,FALSE,0.58933364,0.58933364,"d+ lp- dl+ ll- w+"
"layered_lbfgs","wolf","test","wolf_3f3i_l50","cfa",25,2,"native","lambda0.25",1243654253,,"","",,"","[LineSearchFailed] after 237 iters  f=1.07348: nlopt Limited",,,FALSE,0.81859205,0.81859205,"d+ lp+ dl+ ll- w+"
"layered_lbfgs","wolf","test","wolf_3f3i_l50","cfa",25,2,"native","lambda1",1243654253,,"","",,"","[LineSearchFailed] after 104 iters  f=0.939854: nlopt Limite",,,FALSE,0.8983917,0.8983917,"d+ lp- dl+ ll- w+"
"layered_lbfgs","wolf","test","wolf_3f3i_l50","cfa",25,2,"x0.01","lambda1",1243654253,,"","",,"","[LineSearchFailed] after 202 iters  f=0.939703: nlopt Limite",,,FALSE,0.8983917,0.8983917,"d+ lp- dl- ll- w+"
"layered_lbfgs","wolf","test","wolf_3f3i_l50","cfa",25,2,"x100","lambda0.25",1243654253,,"","",,"","[LineSearchFailed] after 203 iters  f=1.07345: nlopt Limited",,,FALSE,0.81859205,0.81859205,"d+ lp+ dl+ ll- w+"
"layered_lbfgs","wolf","test","wolf_3f3i_l50","cfa",25,2,"x100","lambda1",1243654253,0.93970272,"nonpositive_curvature","converged",266,"layered","",1,1.6034282,FALSE,0.8983917,0.8983917,"d+ lp- dl+ ll- w+"
"layered_lbfgs","wolf","test","wolf_3f3i_l50","cfa",25,24,"mixed","lambda0.25",1857435020,0.58046928,"available","converged",1906,"layered","",1,58.03673,FALSE,0.60652955,0.58042296,"d+ lp+ dl+ ll- w+"
"layered_lbfgs","wolf","test","wolf_3f3i_l50","cfa",25,24,"mixed","lambda1",1857435020,,"","",,"","[LineSearchFailed] after 206 iters  f=0.775183: nlopt Limite",,,FALSE,0.71564997,0.71564997,"d+ lp- dl- ll- w+"
"layered_lbfgs","wolf","test","wolf_3f3i_l50","cfa",25,24,"native","lambda0.25",1857435020,0.58045732,"available","converged",2412,"layered","",1,64.390038,FALSE,0.58042296,0.58042296,"d+ lp+ dl- ll- w+"
"layered_lbfgs","wolf","test","wolf_3f3i_l50","cfa",25,24,"native","lambda1",1857435020,,"","",,"","[LineSearchFailed] after 199 iters  f=0.775183: nlopt Limite",,,FALSE,0.71564997,0.71564997,"d+ lp- dl+ ll- w+"
"layered_lbfgs","wolf","test","wolf_3f3i_l50","cfa",25,24,"x0.01","lambda0.25",1857435020,0.58044521,"available","converged",3877,"layered","",1,74.219514,FALSE,0.60652955,0.58042296,"d+ lp+ dl- ll- w+"
"layered_lbfgs","wolf","test","wolf_3f3i_l50","cfa",25,24,"x0.01","lambda1",1857435020,0.77518305,"nonpositive_curvature","converged",228,"layered","",1,1.561153,FALSE,0.71564997,0.71564997,"d+ lp- dl+ ll- w+"
"layered_lbfgs","wolf","test","wolf_3f3i_l50","cfa",25,24,"x100","lambda0.25",1857435020,0.58046497,"available","converged",2261,"layered","",1,60.069503,FALSE,0.58042296,0.58042296,"d+ lp+ dl+ ll- w+"
"layered_lbfgs","wolf","test","wolf_3f3i_l50","cfa",25,24,"x100","lambda1",1857435020,,"","",,"","[LineSearchFailed] after 108 iters  f=0.775204: nlopt Limite",,,FALSE,0.71564997,0.71564997,"d+ lp- dl+ ll- w+"
"layered_lbfgs","wolf","test","wolf_3f3i_l50","cfa",25,28,"native","lambda0.25",1857435024,,"","",,"","[LineSearchFailed] after 923 iters  f=0.766378: nlopt Limite",,,FALSE,0.73406959,0.73406959,"d+ lp- dl+ ll- w+"
"layered_lbfgs","wolf","test","wolf_3f3i_l50","cfa",25,28,"native","lambda1",1857435024,,"","",,"","[LineSearchFailed] after 169 iters  f=0.929897: nlopt Limite",,,FALSE,0.85136937,0.85136937,"d+ lp- dl+ ll- w+"
"layered_lbfgs","wolf","test","wolf_3f3i_l50","cfa",25,28,"x0.01","lambda1",1857435024,,"","",,"","[LineSearchFailed] after 179 iters  f=0.929897: nlopt Limite",,,FALSE,0.85136937,0.85136937,"d+ lp- dl+ ll- w+"
"layered_lbfgs","wolf","test","wolf_3f3i_l50","cfa",25,28,"x100","lambda0.25",1857435024,,"","",,"","[LineSearchFailed] after 115 iters  f=0.770524: nlopt Limite",,,FALSE,0.73406959,0.73406959,"d+ lp- dl+ ll- w+"
"layered_lbfgs","wolf","test","wolf_3f3i_l50","cfa",25,28,"x100","lambda1",1857435024,,"","",,"","[LineSearchFailed] after 197 iters  f=0.929897: nlopt Limite",,,FALSE,0.85136937,0.85136937,"d+ lp- dl+ ll- w+"
"layered_lbfgs","wolf","test","wolf_3f3i_l50","cfa",25,34,"native","lambda0.25",1857435151,,"","",,"","[LineSearchFailed] after 133 iters  f=0.648967: nlopt Limite",,,FALSE,0.50515707,0.50515707,"d+ lp- dl+ ll- w+"
"layered_lbfgs","wolf","test","wolf_3f3i_l50","cfa",25,34,"native","lambda1",1857435151,,"","",,"","[LineSearchFailed] after 130 iters  f=0.7101: nlopt Limited-",,,FALSE,0.60947617,0.60947617,"d+ lp- dl+ ll- w+"
"layered_lbfgs","wolf","test","wolf_3f3i_l50","cfa",25,34,"x0.01","lambda1",1857435151,0.71006138,"nonpositive_curvature","converged",227,"layered","",1,3.1712948,FALSE,0.60947617,0.60947617,"d+ lp- dl- ll- w+"
"layered_lbfgs","wolf","test","wolf_3f3i_l50","cfa",25,34,"x100","lambda0.25",1857435151,,"","",,"","[LineSearchFailed] after 133 iters  f=0.648967: nlopt Limite",,,FALSE,0.50515707,0.50515707,"d+ lp- dl+ ll- w+"
"layered_lbfgs","wolf","test","wolf_3f3i_l50","cfa",25,34,"x100","lambda1",1857435151,,"","",,"","[LineSearchFailed] after 143 iters  f=0.710073: nlopt Limite",,,FALSE,0.60947617,0.60947617,"d+ lp- dl+ ll- w+"
"layered_lbfgs","wolf","test","wolf_3f3i_l50","cfa",25,36,"native","lambda0.25",1857435153,,"","",,"","[LineSearchFailed] after 365 iters  f=0.809884: nlopt Limite",,,FALSE,0.64931292,0.64931292,"d+ lp+ dl+ ll- w+"
"layered_lbfgs","wolf","test","wolf_3f3i_l50","cfa",25,36,"x100","lambda0.25",1857435153,,"","",,"","[LineSearchFailed] after 183 iters  f=0.811109: nlopt Limite",,,FALSE,0.64931292,0.64931292,"d+ lp+ dl+ ll- w+"
"layered_lbfgs","wolf","test","wolf_3f3i_l50","cfa",25,36,"x100","lambda1",1857435153,,"","",,"","[LineSearchFailed] after 251 iters  f=0.801683: nlopt Limite",,,FALSE,0.7527485,0.7527485,"d+ lp+ dl+ ll- w+"
"layered_lbfgs","wolf","test","wolf_3f3i_l50","cfa",25,37,"native","lambda1",1857435154,,"","",,"","[LineSearchFailed] after 53 iters  f=1.29343: nlopt Limited-",,,FALSE,0.94154402,0.94154402,"d+ lp- dl+ ll- w-"
"layered_lbfgs","wolf","test","wolf_3f3i_l50","cfa",25,37,"x100","lambda1",1857435154,,"","",,"","[LineSearchFailed] after 53 iters  f=1.29343: nlopt Limited-",,,FALSE,0.94154402,0.94154402,"d+ lp- dl+ ll- w-"
"layered_lbfgs","wolf","test","wolf_3f3i_l50","cfa",25,40,"native","lambda1",1857435278,,"","",,"","[LineSearchFailed] after 117 iters  f=0.85456: nlopt Limited",,,FALSE,0.62026807,0.62026807,"d+ lp- dl- ll- w+"
"layered_lbfgs","wolf","test","wolf_3f3i_l50","cfa",25,40,"x100","lambda1",1857435278,,"","",,"","[LineSearchFailed] after 117 iters  f=0.85456: nlopt Limited",,,FALSE,0.62026807,0.62026807,"d+ lp- dl+ ll- w+"
"layered_lbfgs","wolf","test","wolf_3f3i_l50","cfa",25,42,"native","lambda0.25",1857435280,,"","",,"","[LineSearchFailed] after 118 iters  f=0.574238: nlopt Limite",,,FALSE,0.39392248,0.39392248,"d+ lp- dl+ ll- w+"
"layered_lbfgs","wolf","test","wolf_3f3i_l50","cfa",25,42,"native","lambda1",1857435280,,"","",,"","[LineSearchFailed] after 306 iters  f=0.603367: nlopt Limite",,,FALSE,0.5030398,0.5030398,"d+ lp- dl+ ll- w+"
"layered_lbfgs","wolf","test","wolf_3f3i_l50","cfa",25,42,"x100","lambda0.25",1857435280,,"","",,"","[LineSearchFailed] after 1228 iters  f=0.471185: nlopt Limit",,,FALSE,0.39392248,0.39392248,"d+ lp- dl+ ll- w+"
"layered_lbfgs","wolf","test","wolf_3f3i_l50","cfa",25,42,"x100","lambda1",1857435280,0.60336609,"nonpositive_curvature","converged",322,"layered","",1,1.9705963,FALSE,0.5030398,0.5030398,"d+ lp- dl+ ll- w+"
"layered_lbfgs","wolf","test","wolf_3f3i_l50","cfa",25,43,"x0.01","lambda0.25",1857435281,0.79760153,"available","converged",1854,"layered","",1,40.566932,FALSE,0.9034948,0.9034948,"d+ lp- dl- ll- w-"
"layered_lbfgs","wolf","test","wolf_3f3i_l50","cfa",25,43,"x0.01","lambda1",1857435281,,"","",,"","[LineSearchFailed] after 146 iters  f=1.10599: nlopt Limited",,,FALSE,1.0554831,1.0554831,"d+ lp- dl+ ll- w-"
"layered_lbfgs","wolf","test","wolf_3f3i_l50","cfa",25,44,"native","lambda1",1857435282,0.6730441,"available","converged",1654,"layered","",1,61.968832,FALSE,0.67098292,0.67098292,"d+ lp- dl+ ll- w+"
"layered_lbfgs","wolf","test","wolf_3f3i_l50","cfa",25,44,"x100","lambda1",1857435282,0.67294168,"available","converged",2978,"layered","",1,79.334717,FALSE,0.67098292,0.67098292,"d+ lp- dl+ ll- w+"
"layered_lbfgs","wolf","test","wolf_3f3i_l50","cfa",25,49,"native","lambda1",1857435287,,"","",,"","[LineSearchFailed] after 167 iters  f=0.957873: nlopt Limite",,,FALSE,0.75283704,0.75283704,"d+ lp- dl+ ll- w+"
"layered_lbfgs","wolf","test","wolf_3f3i_l50","cfa",25,49,"x0.01","lambda1",1857435287,,"","",,"","[LineSearchFailed] after 186 iters  f=0.957865: nlopt Limite",,,FALSE,0.75283704,0.75283704,"d+ lp- dl+ ll- w+"
"layered_lbfgs","wolf","test","wolf_3f3i_l50","cfa",25,49,"x100","lambda1",1857435287,,"","",,"","[LineSearchFailed] after 212 iters  f=0.957864: nlopt Limite",,,FALSE,0.75283704,0.75283704,"d+ lp- dl+ ll- w+"
"layered_lbfgs","wolf","test","wolf_3f3i_l50","cfa",25,51,"native","lambda0.25",1857435410,0.32952486,"available","converged",3492,"layered","",1,144.52529,FALSE,0.30419787,0.30419787,"d+ lp- dl+ ll- w+"
"layered_lbfgs","wolf","test","wolf_3f3i_l50","cfa",25,51,"native","lambda1",1857435410,,"","",,"","[LineSearchFailed] after 198 iters  f=0.553944: nlopt Limite",,,FALSE,0.40894062,0.40894062,"d+ lp- dl+ ll- w+"
"layered_lbfgs","wolf","test","wolf_3f3i_l50","cfa",25,51,"x100","lambda0.25",1857435410,,"","",,"","[LineSearchFailed] after 2088 iters  f=0.330035: nlopt Limit",,,FALSE,0.30419787,0.30419787,"d+ lp- dl+ ll- w+"
"layered_lbfgs","wolf","test","wolf_3f3i_l50","cfa",25,51,"x100","lambda1",1857435410,,"","",,"","[LineSearchFailed] after 267 iters  f=0.55394: nlopt Limited",,,FALSE,0.40894062,0.40894062,"d+ lp- dl+ ll- w+"
"layered_lbfgs","wolf","test","wolf_3f3i_l50","cfa",25,53,"native","lambda1",1857435412,,"","",,"","[LineSearchFailed] after 120 iters  f=1.05678: nlopt Limited",,,FALSE,0.78222203,0.78222203,"d+ lp- dl+ ll- w+"
"layered_lbfgs","wolf","test","wolf_3f3i_l50","cfa",25,53,"x0.01","lambda1",1857435412,,"","",,"","[LineSearchFailed] after 120 iters  f=1.05678: nlopt Limited",,,FALSE,0.78222203,0.78222203,"d+ lp- dl+ ll- w+"
"layered_lbfgs","wolf","test","wolf_3f3i_l50","cfa",25,53,"x100","lambda1",1857435412,,"","",,"","[LineSearchFailed] after 120 iters  f=1.05678: nlopt Limited",,,FALSE,0.78222203,0.78222203,"d+ lp- dl+ ll- w+"
"layered_lbfgs","wolf","test","wolf_3f3i_l50","cfa",25,56,"native","lambda0.25",1857435415,,"","",,"","[LineSearchFailed] after 117 iters  f=0.922295: nlopt Limite",,,FALSE,0.83807151,0.83807151,"d+ lp- dl+ ll- w+"
"layered_lbfgs","wolf","test","wolf_3f3i_l50","cfa",25,56,"native","lambda1",1857435415,,"","",,"","[LineSearchFailed] after 84 iters  f=1.236: nlopt Limited-me",,,FALSE,0.97081359,0.97081359,"d+ lp- dl+ ll- w+"
"layered_lbfgs","wolf","test","wolf_3f3i_l50","cfa",25,56,"x0.01","lambda1",1857435415,,"","",,"","[LineSearchFailed] after 84 iters  f=1.236: nlopt Limited-me",,,FALSE,0.97081359,0.97081359,"d+ lp- dl+ ll- w+"
"layered_lbfgs","wolf","test","wolf_3f3i_l50","cfa",25,56,"x100","lambda0.25",1857435415,0.8916536,"available","converged",1565,"layered","",1,100.66913,FALSE,0.85350251,0.85350251,"d+ lp- dl+ ll- w+"
"layered_lbfgs","wolf","test","wolf_3f3i_l50","cfa",25,56,"x100","lambda1",1857435415,,"","",,"","[LineSearchFailed] after 84 iters  f=1.236: nlopt Limited-me",,,FALSE,0.97827449,0.97827449,"d+ lp- dl+ ll- w+"
"layered_lbfgs","wolf","test","wolf_3f3i_l50","cfa",25,57,"native","lambda0.25",1857435416,0.54871451,"available","converged",1561,"layered","",1,74.98513,FALSE,0.53969248,0.53969248,"d+ lp- dl+ ll- w+"
"layered_lbfgs","wolf","test","wolf_3f3i_l50","cfa",25,57,"native","lambda1",1857435416,,"","",,"","[LineSearchFailed] after 856 iters  f=0.644928: nlopt Limite",,,FALSE,0.63328151,0.63328151,"d+ lp- dl- ll- w+"
"layered_lbfgs","wolf","test","wolf_3f3i_l50","cfa",25,6,"native","lambda0.25",1243654257,0.8338053,"available","converged",1590,"layered","",1,57.035248,FALSE,0.75499609,0.75499609,"d+ lp- dl+ ll- w-"
"layered_lbfgs","wolf","test","wolf_3f3i_l50","cfa",25,6,"native","lambda1",1243654257,0.91022021,"available","converged",2232,"layered","",1,82.704801,FALSE,0.87792963,0.87792963,"d+ lp- dl+ ll- w-"
"layered_lbfgs","wolf","test","wolf_3f3i_l50","cfa",25,6,"x0.01","lambda1",1243654257,,"","",,"","[LineSearchFailed] after 1814 iters  f=0.910457: nlopt Limit",,,FALSE,0.87792963,0.87792963,"d+ lp- dl- ll- w-"
"layered_lbfgs","wolf","test","wolf_3f3i_l50","cfa",25,6,"x100","lambda0.25",1243654257,,"","",,"","[LineSearchFailed] after 756 iters  f=0.834462: nlopt Limite",,,FALSE,0.75499609,0.75499609,"d+ lp- dl+ ll- w-"
"layered_lbfgs","wolf","test","wolf_3f3i_l50","cfa",25,6,"x100","lambda1",1243654257,0.91020393,"available","converged",2456,"layered","",1,83.88314,FALSE,0.87792963,0.87792963,"d+ lp- dl+ ll- w-"
"layered_lbfgs","wolf","test","wolf_3f3i_l50","cfa",25,62,"native","lambda0.25",1857435542,0.79467343,"available","converged",1242,"layered","",1,32.476843,FALSE,0.79603713,0.79603713,"d+ lp- dl+ ll- w+"
"layered_lbfgs","wolf","test","wolf_3f3i_l50","cfa",25,62,"native","lambda1",1857435542,,"","",,"","[LineSearchFailed] after 114 iters  f=0.935307: nlopt Limite",,,FALSE,0.93063411,0.93063411,"d+ lp- dl+ ll- w+"
"layered_lbfgs","wolf","test","wolf_3f3i_l50","cfa",25,62,"x0.01","lambda1",1857435542,0.93268306,"available","converged",891,"layered","",1,39.487802,FALSE,0.93063411,0.93063411,"d+ lp- dl- ll- w+"
"layered_lbfgs","wolf","test","wolf_3f3i_l50","cfa",25,62,"x100","lambda0.25",1857435542,,"","",,"","[LineSearchFailed] after 110 iters  f=0.795164: nlopt Limite",,,FALSE,0.79603713,0.79603713,"d+ lp- dl+ ll- w+"
"layered_lbfgs","wolf","test","wolf_3f3i_l50","cfa",25,62,"x100","lambda1",1857435542,,"","",,"","[LineSearchFailed] after 237 iters  f=0.93294: nlopt Limited",,,FALSE,0.93063411,0.93063411,"d+ lp- dl+ ll- w+"
"layered_lbfgs","wolf","test","wolf_3f3i_l50","cfa",25,65,"native","lambda0.25",1857435545,0.88325944,"available","converged",2152,"layered","",1,102.08166,FALSE,0.82959165,0.82959165,"d+ lp- dl+ ll- w+"
"layered_lbfgs","wolf","test","wolf_3f3i_l50","cfa",25,65,"native","lambda1",1857435545,,"","",,"","[LineSearchFailed] after 163 iters  f=1.12242: nlopt Limited",,,FALSE,0.94924406,0.94924406,"d+ lp- dl+ ll- w+"
"layered_lbfgs","wolf","test","wolf_3f3i_l50","cfa",25,65,"x0.01","lambda0.25",1857435545,,"","",,"","[LineSearchFailed] after 994 iters  f=0.884394: nlopt Limite",,,FALSE,0.82959165,0.82959165,"d+ lp- dl+ ll- w+"
"layered_lbfgs","wolf","test","wolf_3f3i_l50","cfa",25,65,"x0.01","lambda1",1857435545,,"","",,"","[LineSearchFailed] after 211 iters  f=1.1224: nlopt Limited-",,,FALSE,0.94924406,0.94924406,"d+ lp- dl+ ll- w+"
"layered_lbfgs","wolf","test","wolf_3f3i_l50","cfa",25,65,"x100","lambda0.25",1857435545,,"","",,"","[LineSearchFailed] after 1260 iters  f=0.884407: nlopt Limit",,,FALSE,0.82959165,0.82959165,"d+ lp- dl+ ll- w+"
"layered_lbfgs","wolf","test","wolf_3f3i_l50","cfa",25,65,"x100","lambda1",1857435545,,"","",,"","[LineSearchFailed] after 191 iters  f=1.1224: nlopt Limited-",,,FALSE,0.94924406,0.94924406,"d+ lp- dl+ ll- w+"
"layered_lbfgs","wolf","test","wolf_3f3i_l50","cfa",25,72,"native","lambda0.25",1857435673,,"","",,"","[LineSearchFailed] after 138 iters  f=1.00238: nlopt Limited",,,FALSE,0.87255337,0.87255337,"d+ lp- dl+ ll- w+"
"layered_lbfgs","wolf","test","wolf_3f3i_l50","cfa",25,72,"native","lambda1",1857435673,,"","",,"","[LineSearchFailed] after 87 iters  f=1.18041: nlopt Limited-",,,FALSE,1.0213519,1.0213519,"d+ lp- dl+ ll- w+"
"layered_lbfgs","wolf","test","wolf_3f3i_l50","cfa",25,72,"x0.01","lambda1",1857435673,,"","",,"","[LineSearchFailed] after 87 iters  f=1.18041: nlopt Limited-",,,FALSE,1.0213519,1.0213519,"d+ lp- dl+ ll- w+"
"layered_lbfgs","wolf","test","wolf_3f3i_l50","cfa",25,72,"x100","lambda0.25",1857435673,,"","",,"","[LineSearchFailed] after 134 iters  f=1.0032: nlopt Limited-",,,FALSE,0.87255337,0.87255337,"d+ lp- dl+ ll- w+"
"layered_lbfgs","wolf","test","wolf_3f3i_l50","cfa",25,72,"x100","lambda1",1857435673,,"","",,"","[LineSearchFailed] after 87 iters  f=1.18041: nlopt Limited-",,,FALSE,1.0213519,1.0213519,"d+ lp- dl+ ll- w+"
"layered_lbfgs","wolf","test","wolf_3f3i_l50","cfa",25,73,"native","lambda0.25",1857435674,,"","",,"","[LineSearchFailed] after 1529 iters  f=0.612137: nlopt Limit",,,FALSE,0.56719032,0.56719032,"d+ lp- dl+ ll- w+"
"layered_lbfgs","wolf","test","wolf_3f3i_l50","cfa",25,73,"x100","lambda0.25",1857435674,,"","",,"","[LineSearchFailed] after 1990 iters  f=0.612023: nlopt Limit",,,FALSE,0.56719032,0.56719032,"d+ lp- dl+ ll- w+"
"layered_lbfgs","wolf","test","wolf_3f3i_l50","cfa",25,75,"native","lambda0.25",1857435676,0.67350557,"available","converged",1020,"layered","",1,27.944254,FALSE,0.65130196,0.65130196,"d+ lp- dl+ ll- w+"
"layered_lbfgs","wolf","test","wolf_3f3i_l50","cfa",25,75,"native","lambda1",1857435676,0.80941633,"available","converged",1933,"layered","",1,45.48181,FALSE,0.77474693,0.77474693,"d+ lp+ dl+ ll- w+"
"layered_lbfgs","wolf","test","wolf_3f3i_l50","cfa",25,75,"x100","lambda0.25",1857435676,,"","",,"","[LineSearchFailed] after 1711 iters  f=0.673423: nlopt Limit",,,FALSE,0.65130196,0.65130196,"d+ lp- dl+ ll- w+"
"layered_lbfgs","wolf","test","wolf_3f3i_l50","cfa",25,75,"x100","lambda1",1857435676,,"","",,"","[LineSearchFailed] after 187 iters  f=0.809952: nlopt Limite",,,FALSE,0.77474693,0.77474693,"d+ lp+ dl+ ll- w+"
"layered_lbfgs","wolf","test","wolf_3f3i_l50","cfa",25,76,"mixed","lambda0.25",1857435677,0.5013508,"available","converged",2729,"layered","",1,94.758323,FALSE,0.4965515,0.4965515,"d+ lp- dl- ll- w+"
"layered_lbfgs","wolf","test","wolf_3f3i_l50","cfa",25,76,"mixed","lambda1",1857435677,0.69210753,"nonpositive_curvature","converged",278,"layered","",1,1.8810331,FALSE,0.61853912,0.61853912,"d+ lp- dl- ll- w+"
"layered_lbfgs","wolf","test","wolf_3f3i_l50","cfa",25,76,"native","lambda0.25",1857435677,,"","",,"","[LineSearchFailed] after 3339 iters  f=0.501325: nlopt Limit",,,FALSE,0.4965515,0.4965515,"d+ lp- dl+ ll- w+"
"layered_lbfgs","wolf","test","wolf_3f3i_l50","cfa",25,76,"native","lambda1",1857435677,0.69210753,"nonpositive_curvature","converged",278,"layered","",1,1.8810201,FALSE,0.61853912,0.61853912,"d+ lp- dl+ ll- w+"
"layered_lbfgs","wolf","test","wolf_3f3i_l50","cfa",25,76,"x0.01","lambda0.25",1857435677,0.50138615,"available","converged",2653,"layered","",1,90.673075,FALSE,0.4965515,0.4965515,"d+ lp- dl- ll- w+"
"layered_lbfgs","wolf","test","wolf_3f3i_l50","cfa",25,76,"x100","lambda0.25",1857435677,0.50136501,"available","converged",3132,"layered","",1,94.020494,FALSE,0.4965515,0.4965515,"d+ lp- dl+ ll- w+"
"layered_lbfgs","wolf","test","wolf_3f3i_l50","cfa",25,76,"x100","lambda1",1857435677,,"","",,"","[LineSearchFailed] after 245 iters  f=0.692112: nlopt Limite",,,FALSE,0.61853912,0.61853912,"d+ lp- dl+ ll- w+"
"layered_lbfgs","wolf","test","wolf_3f3i_l50","cfa",25,81,"native","lambda0.25",1857435803,,"","",,"","[LineSearchFailed] after 133 iters  f=0.610073: nlopt Limite",,,FALSE,0.53676564,0.53676564,"d+ lp- dl+ ll- w+"
"layered_lbfgs","wolf","test","wolf_3f3i_l50","cfa",25,81,"native","lambda1",1857435803,0.7057652,"available","converged",1992,"layered","",1,72.553571,FALSE,0.65405066,0.65405066,"d+ lp+ dl+ ll- w+"
"layered_lbfgs","wolf","test","wolf_3f3i_l50","cfa",25,81,"x0.01","lambda1",1857435803,,"","",,"","[LineSearchFailed] after 373 iters  f=0.706629: nlopt Limite",,,FALSE,0.65405066,0.65405066,"d+ lp+ dl+ ll- w+"
"layered_lbfgs","wolf","test","wolf_3f3i_l50","cfa",25,81,"x100","lambda0.25",1857435803,,"","",,"","[LineSearchFailed] after 261 iters  f=0.603532: nlopt Limite",,,FALSE,0.53676564,0.53676564,"d+ lp- dl+ ll- w+"
"layered_lbfgs","wolf","test","wolf_3f3i_l50","cfa",25,81,"x100","lambda1",1857435803,,"","",,"","[LineSearchFailed] after 396 iters  f=0.706622: nlopt Limite",,,FALSE,0.65405066,0.65405066,"d+ lp+ dl+ ll- w+"
"layered_lbfgs","wolf","test","wolf_3f3i_l50","cfa",25,82,"x100","lambda0.25",1857435804,,"","",,"","[LineSearchFailed] after 146 iters  f=0.695733: nlopt Limite",,,FALSE,0.6956811,0.6956811,"d+ lp+ dl+ ll- w+"
"layered_lbfgs","wolf","test","wolf_3f3i_l50","cfa",25,91,"native","lambda0.25",1857435934,,"","",,"","[LineSearchFailed] after 255 iters  f=0.714043: nlopt Limite",,,FALSE,0.65821461,0.65821461,"d+ lp- dl+ ll- w+"
"layered_lbfgs","wolf","test","wolf_3f3i_l50","cfa",25,91,"native","lambda1",1857435934,,"","",,"","[LineSearchFailed] after 104 iters  f=0.851699: nlopt Limite",,,FALSE,0.8004011,0.8004011,"d+ lp- dl+ ll- w+"
"layered_lbfgs","wolf","test","wolf_3f3i_l50","cfa",25,91,"x0.01","lambda1",1857435934,,"","",,"","[LineSearchFailed] after 104 iters  f=0.851699: nlopt Limite",,,FALSE,0.8004011,0.8004011,"d+ lp- dl+ ll- w+"
"layered_lbfgs","wolf","test","wolf_3f3i_l50","cfa",25,91,"x100","lambda0.25",1857435934,0.7126967,"available","converged",1290,"layered","",1,96.285805,FALSE,0.65821461,0.65821461,"d+ lp- dl+ ll- w+"
"layered_lbfgs","wolf","test","wolf_3f3i_l50","cfa",25,91,"x100","lambda1",1857435934,,"","",,"","[LineSearchFailed] after 104 iters  f=0.851699: nlopt Limite",,,FALSE,0.8004011,0.8004011,"d+ lp- dl+ ll- w+"
"layered_lbfgs","wolf","test","wolf_3f3i_l50","cfa",25,92,"native","lambda1",1857435935,0.74412255,"available","converged",790,"layered","",1,52.407246,FALSE,0.74411824,0.74411824,"d+ lp+ dl- ll- w+"
"layered_lbfgs","wolf","test","wolf_3f3i_l50","cfa",25,92,"x100","lambda1",1857435935,0.74412218,"available","converged",1063,"layered","",1,53.014087,FALSE,0.74411824,0.74411824,"d+ lp+ dl- ll- w+"
"layered_lbfgs","wolf","test","wolf_3f3i_l50","cfa",25,93,"native","lambda0.25",1857435936,,"","",,"","[LineSearchFailed] after 241 iters  f=1.10992: nlopt Limited",,,FALSE,0.85872738,0.85872738,"d+ lp- dl+ ll- w+"
"layered_lbfgs","wolf","test","wolf_3f3i_l50","cfa",25,93,"native","lambda1",1857435936,,"","",,"","[LineSearchFailed] after 167 iters  f=1.15421: nlopt Limited",,,FALSE,0.95532518,0.95532518,"d+ lp- dl- ll- w+"
"layered_lbfgs","wolf","test","wolf_3f3i_l50","cfa",25,93,"x100","lambda0.25",1857435936,,"","",,"","[LineSearchFailed] after 183 iters  f=1.11335: nlopt Limited",,,FALSE,0.85872738,0.85872738,"d+ lp- dl+ ll- w+"
"layered_lbfgs","wolf","test","wolf_3f3i_l50","cfa",25,93,"x100","lambda1",1857435936,,"","",,"","[LineSearchFailed] after 152 iters  f=1.1536: nlopt Limited-",,,FALSE,0.95532518,0.95532518,"d+ lp- dl- ll- w+"
"layered_lbfgs","wolf","test","wolf_3f3i_l50","cfa",25,94,"native","lambda0.25",1857435937,,"","",,"","[LineSearchFailed] after 301 iters  f=0.662307: nlopt Limite",,,FALSE,0.55309406,0.55309406,"d+ lp- dl+ ll- w+"
"layered_lbfgs","wolf","test","wolf_3f3i_l50","cfa",25,94,"native","lambda1",1857435937,,"","",,"","[LineSearchFailed] after 202 iters  f=0.769919: nlopt Limite",,,FALSE,0.6539333,0.6539333,"d+ lp- dl+ ll- w+"
"layered_lbfgs","wolf","test","wolf_3f3i_l50","cfa",25,94,"x0.01","lambda1",1857435937,,"","",,"","[LineSearchFailed] after 175 iters  f=0.769921: nlopt Limite",,,FALSE,0.6539333,0.6539333,"d+ lp- dl- ll- w+"
"layered_lbfgs","wolf","test","wolf_3f3i_l50","cfa",25,94,"x100","lambda0.25",1857435937,,"","",,"","[LineSearchFailed] after 151 iters  f=0.688467: nlopt Limite",,,FALSE,0.55309406,0.55309406,"d+ lp- dl+ ll- w+"
"layered_lbfgs","wolf","test","wolf_3f3i_l50","cfa",25,94,"x100","lambda1",1857435937,,"","",,"","[LineSearchFailed] after 175 iters  f=0.769922: nlopt Limite",,,FALSE,0.6539333,0.6539333,"d+ lp- dl+ ll- w+"
"layered_lbfgs","wolf","test","wolf_3f3i_l50","cfa",25,95,"native","lambda1",1857435938,,"","",,"","[LineSearchFailed] after 252 iters  f=1.06118: nlopt Limited",,,FALSE,0.93378969,0.93378969,"d+ lp- dl+ ll- w+"
"layered_lbfgs","wolf","test","wolf_3f3i_l50","cfa",25,95,"x0.01","lambda1",1857435938,,"","",,"","[LineSearchFailed] after 146 iters  f=1.06126: nlopt Limited",,,FALSE,0.93378969,0.93378969,"d+ lp- dl- ll- w+"
"layered_lbfgs","wolf","test","wolf_3f3i_l50","cfa",25,95,"x100","lambda1",1857435938,,"","",,"","[LineSearchFailed] after 251 iters  f=1.06118: nlopt Limited",,,FALSE,0.93378969,0.93378969,"d+ lp- dl+ ll- w+"
"layered_lbfgs","wolf","test","wolf_3f3i_l50","cfa",25,96,"native","lambda0.25",1857435939,,"","",,"","[LineSearchFailed] after 102 iters  f=0.805184: nlopt Limite",,,FALSE,0.72871949,0.72871949,"d+ lp- dl+ ll- w+"
"layered_lbfgs","wolf","test","wolf_3f3i_l50","cfa",25,96,"native","lambda1",1857435939,,"","",,"","[LineSearchFailed] after 303 iters  f=0.900395: nlopt Limite",,,FALSE,0.84284413,0.84284413,"d+ lp+ dl+ ll- w+"
"layered_lbfgs","wolf","test","wolf_3f3i_l50","cfa",25,96,"x100","lambda0.25",1857435939,,"","",,"","[LineSearchFailed] after 889 iters  f=0.735961: nlopt Limite",,,FALSE,0.72871949,0.72871949,"d+ lp- dl+ ll- w+"
"layered_lbfgs","wolf","test","wolf_3f3i_l50","cfa",25,96,"x100","lambda1",1857435939,,"","",,"","[LineSearchFailed] after 134 iters  f=0.904888: nlopt Limite",,,FALSE,0.84284413,0.84284413,"d+ lp+ dl+ ll- w+"
"layered_lbfgs","wolf","test","wolf_3f6i_l50","cfa",28,10,"mixed","lambda0.25",1247650043,3.8416628,"available","converged",1760,"layered","",1,66.552248,FALSE,3.8259506,3.8259506,"d+ lp- dl+ ll- w+"
"layered_lbfgs","wolf","test","wolf_3f6i_l50","cfa",28,10,"mixed","lambda1",1247650043,3.9398142,"available","converged",2707,"layered","",1,77.235301,FALSE,3.9295094,3.9295094,"d+ lp- dl+ ll- w+"
"layered_lbfgs","wolf","test","wolf_3f6i_l50","cfa",28,10,"native","lambda0.25",1247650043,3.8416707,"available","converged",1277,"layered","",1,65.691008,FALSE,3.8259506,3.8259506,"d+ lp- dl+ ll- w+"
"layered_lbfgs","wolf","test","wolf_3f6i_l50","cfa",28,10,"native","lambda1",1247650043,3.9405256,"available","converged",364,"layered","",1,40.768238,FALSE,3.9295094,3.9295094,"d+ lp- dl+ ll- w+"
"layered_lbfgs","wolf","test","wolf_3f6i_l50","cfa",28,10,"x0.01","lambda0.25",1247650043,3.8416166,"available","converged",2004,"layered","",1,69.991779,FALSE,3.8259506,3.8259506,"d+ lp- dl+ ll- w+"
"layered_lbfgs","wolf","test","wolf_3f6i_l50","cfa",28,10,"x0.01","lambda1",1247650043,3.9399326,"available","converged",1652,"layered","",1,68.909281,FALSE,3.9295094,3.9295094,"d+ lp- dl+ ll- w+"
"layered_lbfgs","wolf","test","wolf_3f6i_l50","cfa",28,10,"x100","lambda0.25",1247650043,3.8415449,"available","converged",2364,"layered","",1,77.260684,FALSE,3.8259506,3.8259506,"d+ lp- dl+ ll- w+"
"layered_lbfgs","wolf","test","wolf_3f6i_l50","cfa",28,10,"x100","lambda1",1247650043,,"","",,"","[LineSearchFailed] after 180 iters  f=3.9405: nlopt Limited-",,,FALSE,3.9295094,3.9295094,"d+ lp- dl+ ll- w+"
"layered_lbfgs","wolf","test","wolf_3f6i_l50","cfa",28,88,"mixed","lambda0.25",1247650968,3.8834028,"available","converged",1816,"layered","",1,31.114273,FALSE,4.0481724,3.8875845,"d+ lp- dl+ ll- w+"
"layered_lbfgs","wolf","test","wolf_3f6i_l50","cfa",28,88,"mixed","lambda1",1247650968,3.9905004,"available","converged",2191,"layered","",1,28.099413,FALSE,4.1677544,4.1677544,"d+ lp- dl- ll- w-"
"layered_lbfgs","wolf","test","wolf_3f6i_l50","cfa",28,88,"native","lambda0.25",1247650968,3.8834153,"available","converged",1337,"layered","",1,29.802403,FALSE,4.0481724,3.8875845,"d+ lp- dl+ ll- w+"
"layered_lbfgs","wolf","test","wolf_3f6i_l50","cfa",28,88,"native","lambda1",1247650968,3.9905311,"available","converged",1261,"layered","",1,23.94092,FALSE,4.1677544,4.1677544,"d+ lp- dl+ ll- w-"
"layered_lbfgs","wolf","test","wolf_3f6i_l50","cfa",28,88,"x0.01","lambda0.25",1247650968,3.8833824,"available","converged",2084,"layered","",1,33.512371,FALSE,4.0481724,3.8875845,"d+ lp- dl+ ll- w+"
"layered_lbfgs","wolf","test","wolf_3f6i_l50","cfa",28,88,"x0.01","lambda1",1247650968,3.9905097,"available","converged",1368,"layered","",1,26.576606,FALSE,4.1677544,4.1677544,"d+ lp- dl+ ll- w-"
"layered_lbfgs","wolf","test","wolf_3f6i_l50","cfa",28,88,"x100","lambda0.25",1247650968,3.8834414,"available","converged",1524,"layered","",1,27.890803,FALSE,4.0481724,3.8875845,"d+ lp- dl+ ll- w+"
"layered_lbfgs","wolf","test","wolf_3f6i_l50","cfa",28,88,"x100","lambda1",1247650968,3.9905162,"available","converged",1664,"layered","",1,25.542465,FALSE,4.1677544,4.1677544,"d+ lp- dl+ ll- w-"
"layered_lbfgs","wolf","test","wolf_3f8i_l50","cfa",34,71,"mixed","lambda0.25",1122138977,5.5152457,"available","converged",659,"layered","",1,21.255012,FALSE,5.5152396,5.5152395,"d+ lp+ dl+ ll- w+"
"layered_lbfgs","wolf","test","wolf_3f8i_l50","cfa",34,71,"native","lambda0.25",1122138977,5.5152433,"available","converged",1019,"layered","",1,21.467494,FALSE,5.5152395,5.5152395,"d+ lp+ dl+ ll- w+"
"layered_lbfgs","wolf","test","wolf_3f8i_l50","cfa",34,8,"mixed","lambda0.25",1992119528,5.4249104,"available","converged",859,"layered","",1,22.015961,FALSE,5.4246489,5.4246489,"d+ lp- dl- ll- w-"
"layered_lbfgs","wolf","test","wolf_3f8i_l50","cfa",34,91,"mixed","lambda1",1122139239,6.0475504,"available","converged",3448,"layered","",1,148.20102,FALSE,6.0426428,6.0426426,"d+ lp- dl+ ll- w-"
"layered_lbfgs","wolf","test","wolf_3f8i_l50","cfa",34,91,"native","lambda1",1122139239,6.047684,"available","converged",2908,"layered","",1,117.5783,FALSE,6.0426426,6.0426426,"d+ lp- dl+ ll- w-"
"layered_lbfgs","wolf","test","wolf_3f8i_l50","cfa",34,91,"x0.01","lambda1",1122139239,6.0477395,"available","converged",1797,"layered","",1,109.57508,FALSE,6.0426426,6.0426426,"d+ lp- dl+ ll- w-"
"layered_lbfgs","wolf","test","wolf_3f8i_l50","cfa",34,91,"x100","lambda1",1122139239,6.0477453,"available","converged",1892,"layered","",1,107.57284,FALSE,6.0426426,6.0426426,"d+ lp- dl+ ll- w-"
