point_id,case_id,estimator,chart,target,reference_distance,reference_positive,reference_domain,reference_total_objective,objective_agrees,matrix_error,vector_error,curvature_error,source_status,bounds_covers,curvature_lower_covers,interval_covers,wrong_decision,decision,selected_status,legacy_passed,selected_passed
1,1,ULS,marker,0,0.000000470347154497492565418164292283936214191053581312980212949599363138526270037736868613224435,True,True,6.44127148190879275843422494388023853658980675762578400390535596925776423829841513365511091,True,0.000000000000000566434453571161786125425006175996949449815311285746241161448418612109620791910121556902674,0.00000000000000132644265451206950991939205756440267420023715706628970157231582794865728518979095076241277,0.00000000000000316866623845987854297771014219210568319748178689872925010825994405933651580793795411295183,available,True,True,True,False,within_budget,passed,TRUE,TRUE
2,1,ULS,marker,0.01,0.111489899144445568233515573347131295720726039904452069533461480993903937931061673203359257,True,True,6.45861003259294925482175535406410189852877672744540281672711166266740640110395468950275572,True,0.000000000000000566434453571161786125425006175996949449815311285746241161448418612109620791910121556902674,0.00000000000000133141330915982077142195296444416834102136769615064269442909468037649291526239018487912671,0.00000000000000316866623845987854297771014219210568319748178689872925010825994405933651580793795411295183,available,True,True,True,False,above_budget,failed,FALSE,FALSE
3,1,ULS,marker,0.050000000000000003,0.557448954408449742388391211346935722195712565470377617457878582406777047156902957843715552,True,True,6.87473524901270723555634054337937977283426501575140039218815684815831118640101629721004756,True,0.000000000000000566434453571161786125425006175996949449815311285746241161448418612109620791910121556902674,0.0000000000000012057584983674378204278703183545766679891624033695870009615355913073929115664023839051121,0.00000000000000316866623845987854297771014219210568319748178689872925010825994405933651580793795411295183,available,True,True,True,False,above_budget,failed,FALSE,FALSE
4,1,ULS,sphere,0,0.000000012939051482888974982351327704474117576620292105522559117616886467886554796294782677258476,True,True,6.44127148190861718052409231584671850042097674456394020004105984321635497855814649232603694,True,0.00000000000000105709303060993600702481055109973162756050284992316835883527793258460113859500108579141259,0.00000000000000353061152016050900866690734904290160740322356587495489628461341107250724192275827442171009,0.00000000000000483338168940342051275228191827692824577974357503636108071131027851026002140049574432392845,available,True,True,True,False,within_budget,passed,TRUE,TRUE
5,1,ML,marker,0,0.00000465238397168840054128768207784058975839080439883899813086357775433636720267120879391551081,True,True,2.62593565926007728034424993211924564506355280923389422985163864045863370858658184896905212,True,0.00000000000000196817248297019872114116241943102564239135693673483060153137069436976174551245750297243939,0.00000000000000436226824765324755300536065280929361119650222917108511349740728528865723235822758883137515,0.00000000000000196817248297019872114116241943102564239135693673483060153137069436976174551245750297243939,available,True,True,True,False,within_budget,passed,TRUE,TRUE
6,1,ML,marker,0.01,0.112617472025490664508076369895391203679537569570667967859417453520083849442629863784171769,True,True,2.63214315438888425828136156744326740681199724224649812524982987667003861120759885346867303,True,0.00000000000000371390064701248006629161586084691649315258701737326934568605246663018916245700733362689688,0.00000000000000526089328015365975489243474400185384916437724488257488156028831323122684933805685666302158,0.00000000000000371390064701248006629161586084691649315258701737326934568605246663018916245700733362689688,available,True,True,True,False,above_budget,failed,FALSE,FALSE
7,1,ML,marker,0.050000000000000003,0.564817023832141763746353005043002851485096164232313698568729830127629431016842389153723741,True,True,2.76899199962210811352109487637288774086295117921710681683537630154754714244023064285026755,True,0.00000000000000429217116858535887466144074546279166277481404124361498714671858595065866973377465543025474,0.00000000000000519272550415255481242346644247644505005164973553790683275653622187068298901317421200135612,0.00000000000000429217116858535887466144074546279166277481404124361498714671858595065866973377465543025474,available,True,True,True,False,above_budget,failed,FALSE,FALSE
8,1,ML,sphere,0,0.0000304211381943660866979553310518631923411635231942400416465478676983490013853852948291673769,True,True,2.62593565971198020258921806186745938965868219865294752382569231976499331141761397223437989,True,0.00000000000000299756725185206481291895281547693071683111251148759812953742646687093192788339357401125581,0.00000000000000720741589581941276092236177769511758962871771822806115761231095479268372833495520094881242,0.00000000000000299756725185206481291895281547693071683111251148759812953742646687093192788339357401125581,available,True,True,True,False,within_budget,passed,TRUE,TRUE
9,2,ULS,marker,0,0.000000371973520973414811337407532421366563352858469874681221549244054621192513386590964992787817,True,True,5.60648490976676226265291547008861303323242919315921897489783897238981968729116634986275993,True,0.000000000000000760283465688513097844994311264920335642011800670582115830415379682096627792305893355806587,0.00000000000000187632497578036802165366286744549054800242996802614041977679472337212366792654624578710336,0.00000000000000329133106816747977132965728468630221342473586794272365998308043231414290228616853048847819,available,True,True,True,False,within_budget,passed,TRUE,TRUE
10,2,ULS,marker,0.01,0.0964007261159716230677281852759395596433785596965781761335443239445240605152712195645373587,True,True,5.62467934811755999518389225718766832264791103355472878869514084448568813416808699312532507,True,0.000000000000000760283465688513097844994311264920335642011800670582115830415379682096627792305893355806587,0.00000000000000192918291955457863261165552100531021019749076360224598389910112581725818427894931858259124,0.00000000000000329133106816747977132965728468630221342473586794272365998308043231414290228616853048847819,available,True,True,True,False,above_budget,failed,FALSE,FALSE
11,2,ULS,marker,0.050000000000000003,0.482003364860607998562337960980914299177483225340008908870685639205845143627494077206908578,True,True,6.06134586853670981162106631462724003259757743886244929812430616205767397235344252603972517,True,0.000000000000000760283465688513097844994311264920335642011800670582115830415379682096627792305893355806587,0.00000000000000202238349931310928147264393033681714784779471507722488464493007325439823985603497578469447,0.00000000000000329133106816747977132965728468630221342473586794272365998308043231414290228616853048847819,available,True,True,True,False,above_budget,failed,FALSE,FALSE
12,2,ULS,sphere,0,0.00000010823753799988250195420477652039006649043627314392593350037385026224174463184147290896328,True,True,5.60648490976659813206320876436797763787870039665188367157002110668282615367056594419248181,True,0.000000000000000933824561617265787409822223107854374821499650170082080828848328747055574862185804991999039,0.00000000000000249781200350740713850080911632368944294599750281929549565501873046391793156682612416645248,0.00000000000000292175749885746224328107037761300320559872734236639270328246843822364641823072076006744273,available,True,True,True,False,within_budget,passed,TRUE,TRUE
13,2,ML,marker,0,0.00000136631938096389581940021281447700919076526209426010228901191855614473674660331021164078116,True,True,2.78107967335100278388979691157301625972288659647082101263032462579279435974562717543861941,True,0.00000000000000269742700840832209729108807484171928990351404506266324494860134263698475448600550563627587,0.00000000000000501384824795673849258520536812933834850778840401794193631739351929588614565952595587376053,0.00000000000000269742700840832209729108807484171928990351404506266324494860134263698475448600550563627587,available,True,True,True,False,within_budget,passed,TRUE,TRUE
14,2,ML,marker,0.01,0.0987689521940825356709188714567055217842607723907311823152306506232752356069875981023067622,True,True,2.78586695625407338249480212151195013491403400472133671145045508904219941389400330606271172,True,0.00000000000000325951926984007510288428790403418155823200565904553991099618735930559458190531891223840872,0.00000000000000783510148745895095364480835625486996507852673152802353570341684940814512830077549289377012,0.00000000000000325951926984007510288428790403418155823200565904553991099618735930559458190531891223840872,available,True,True,True,False,above_budget,failed,FALSE,FALSE
15,2,ML,marker,0.050000000000000003,0.495015933167122303796745842510641234975882724002319322178030021051146629028086087279706454,True,True,2.89247437219390893568324176366387424831092249574759101039386656994828787580064537844187318,True,0.00000000000000260512915162975551396138527713049156484414951531931687562081651296447266232410235378539989,0.00000000000000565048245897624224088007605381064801549626822103781137113339951799431127960823467260616259,0.00000000000000260512915162975551396138527713049156484414951531931687562081651296447266232410235378539989,available,True,True,True,False,above_budget,failed,FALSE,FALSE
16,2,ML,sphere,0,0.00000715061449466289095624984678360417639572920236035647801081046888071013933029598051593639061,True,True,2.78107967337563501064760155857010151080021892601593204294991780382751488208052577286756489,True,0.00000000000000294143186714925221476190796341325007085861361092038878973436277297655818211655511514083378,0.00000000000000620715427424173299502004803377732413035653733269521838880643150630484943452866144229000926,0.00000000000000294143186714925221476190796341325007085861361092038878973436277297655818211655511514083378,available,True,True,True,False,within_budget,passed,TRUE,TRUE
17,3,ULS,marker,0,0.000000490347083984242703135403023832171751676479167239537951565627622551990276209207579950162176,True,True,7.18621809277614477339586650160238799092259866932360447164200316224859931972720623874952515,True,0.000000000000000546391466697951471711478687405151385259269251769500614430623204856236135213764959368606121,0.00000000000000141960882753732237176942261371491596325557729213820600806280261501608495475038041496109529,0.00000000000000484438074712075824656751036612268616785371176767036687935929346469367242012062561482129068,available,True,True,True,False,within_budget,passed,TRUE,TRUE
18,3,ULS,marker,0.01,0.110117264950558040477205142404823135221317064720355256422442031301407720388295928193243695,True,True,7.21408099324353637510961729317073436826035854002616886140698520618299304922790433905934414,True,0.000000000000000546391466697951471711478687405151385259269251769500614430623204856236135213764959368606121,0.00000000000000106924289655330499063445128173184004250453032458240299870494875642768158280876327986795079,0.00000000000000484438074712075824656751036612268616785371176767036687935929346469367242012062561482129068,available,True,True,True,False,above_budget,failed,FALSE,FALSE
19,3,ULS,marker,0.050000000000000003,0.550585368556387578149662134113348151833495235503757392856274953557633807712636698958203436,True,True,7.88279060446094267872127305612212506850106275725640165094449272750433976435421463960697373,True,0.000000000000000546391466697951471711478687405151385259269251769500614430623204856236135213764959368606121,0.0000000000000015906166633405554019128006640067926087520667396295210328285934004176668776654096474259773,0.00000000000000484438074712075824656751036612268616785371176767036687935929346469367242012062561482129068,available,True,True,True,False,above_budget,failed,FALSE,FALSE
20,3,ULS,sphere,0,0.000000254032791665204631025788557471192202602427569882137149804512320937147216822101380119850255,True,True,7.18621809277603877678516233008741308457389003569175551078075367198789715301613485077250223,True,0.000000000000000652151690550255943439459245708827162337827969118872964894721665493393955745554630374680181,0.00000000000000263234947313743189365061413710819646616795933592332374543748161614624672991947894534597789,0.0000000000000051253607647058148583595996060300791392281315133574420634525200288728985167150837799960422,available,True,True,True,False,within_budget,passed,TRUE,TRUE
21,3,ML,marker,0,0.00000827218926529287738747541187240883486213160017189256626698001325409196931013161294105072973,True,True,4.77676365569282508279689048353095431902317348562348887283069750333713054241835929805805136,True,0.00000000000000271554870701548954061728300789267015151708021240054352668735012698785552109578380035194038,0.00000000000000626048427567969040056696278359162584490292827848440739915915161325774274638515333039338971,0.00000000000000271554870701548954061728300789267015151708021240054352668735012698785552109578380035194038,available,True,True,True,False,within_budget,passed,TRUE,TRUE
22,3,ML,marker,0.01,0.111939506562534208260916755944835611908712960973244255270401588692691217563207792187944953,True,True,4.78289743015735934223864512906492626116351387611586782305768503848147097435890754704278065,True,0.00000000000000297027912816956860384654195812359095394178706988109145447605142103932186846052984732054235,0.00000000000000562478288536854953547820917087260468968715466455583193507114951274857525938080562624096906,0.00000000000000297027912816956860384654195812359095394178706988109145447605142103932186846052984732054235,available,True,True,True,False,above_budget,failed,FALSE,FALSE
23,3,ML,marker,0.050000000000000003,0.561385838742912399389823531188164478064820392271636881049263663109892915783844815472684764,True,True,4.91818430318529982031033437753704960413123913807626613537058909176894226936828927713175947,True,0.00000000000000327939665790030314299746240765139375221915998850191966192958464847974999017704818057354549,0.00000000000000666067352593451396894422624416790031330749017362123056243932270635540195791343250614227409,0.00000000000000327939665790030314299746240765139375221915998850191966192958464847974999017704818057354549,available,True,True,True,False,above_budget,failed,FALSE,FALSE
24,3,ML,sphere,0,0.00000527730581650189216929768876615985299756580275839417026592740522388935144773083706193527326,True,True,4.77676365567253552857558926587177358198191482680495117081574687406446367660000575346444583,True,0.00000000000000433154780995796947479408362435312063333663375121176558075260075370990176785584134882566831,0.00000000000000291958558997894312738926441638941772132778427032242184513050648817468021560930084511757682,0.00000000000000433154780995796947479408362435312063333663375121176558075260075370990176785584134882566831,available,True,True,True,False,within_budget,passed,TRUE,TRUE
25,4,ULS,marker,0,0.00000145028190406221505454280294114374556437517405182321672428038757818943291363900284521711946,True,True,4.59639000322842367790463547929315587985235579682566927325209890559297442604026368155240155,True,0.000000000000000838860600106965218302152214826350296719791317523517350425745298912582516199471671246896604,0.00000000000000159428904526358973606759815067922204676853493327857268327507558922572621488593539727636023,0.0000000000000036930170252241247933585038584311249887027370143176052665341018663527311058822134314843464,available,True,True,True,False,within_budget,passed,TRUE,TRUE
26,4,ULS,marker,0.01,0.101530735123364168628675152783239017540799689766142536765100527670858776922227539839165781,True,True,4.61243033515234325095211823575039154149352828240442386988408342700827688604218629468328848,True,0.000000000000000838860600106965218302152214826350296719791317523517350425745298912582516199471671246896604,0.00000000000000166538883287021652935047276877446369921862786359392835946990676198698187695340181375027363,0.0000000000000036930170252241247933585038584311249887027370143176052665341018663527311058822134314843464,available,True,True,True,False,above_budget,failed,FALSE,FALSE
27,4,ULS,marker,0.050000000000000003,0.507653280066040230195881626889370385310478939311548932326420631649666329941131973657419341,True,True,4.99739830132641216518108246290182088009341666927614370544041015645260472301237736484830341,True,0.000000000000000838860600106965218302152214826350296719791317523517350425745298912582516199471671246896604,0.0000000000000016573663733618212336801158349624809890268456894928613246004670729494275666990800037965412,0.0000000000000036930170252241247933585038584311249887027370143176052665341018663527311058822134314843464,available,True,True,True,False,above_budget,failed,FALSE,FALSE
28,4,ULS,sphere,0,0.000000049603689003780741259571462006534926137486880064198009123246262013932155204641041351583749,True,True,4.5963900032238060773067413304349698627500947614146949825614308153298629386746783009566548,True,0.00000000000000097767071627469090686378661098152220005391044071613465731119298805203315430710702271766908,0.00000000000000185842553491865010333145000821403069276072392113244906408990573519085136394834580411046368,0.00000000000000314984575355203556602654189333770961571431531109914895666994518951258908315091674403855235,available,True,True,True,False,within_budget,passed,TRUE,TRUE
29,4,ML,marker,0,0.00000103696235625344637406355794451585748337137836030365613159644269569355516637223151644133169,True,True,2.79030356065997039311395001804109114187275982291730449250835716824082605981438099600580381,True,0.00000000000000382631887890559945364247496070442608948292558325215819949391808305486263280759240073051097,0.0000000000000058486598932795799071214177277762557208609025578715470203709977469840953956856226536085102,0.00000000000000382631887890559945364247496070442608948292558325215819949391808305486263280759240073051097,available,True,True,True,False,within_budget,passed,TRUE,TRUE
30,4,ML,marker,0.01,0.102150847915619231225624379805695730278365079583474356926826849392738544841503105729147536,True,True,2.79542101008281316728245469849480378175857093683765106799393712672999993185820872933050201,True,0.00000000000000308424513635269742752908796191748064981083070532224517687653344664502263406442039658674414,0.00000000000000498522481463810891015011427034704923629050524176369245987199787001100308355370670689532535,0.00000000000000308424513635269742752908796191748064981083070532224517687653344664502263406442039658674414,available,True,True,True,False,above_budget,failed,FALSE,FALSE
31,4,ML,marker,0.050000000000000003,0.512041529120966540839042750421796870501862000506184876436533689511239727168116727819681561,True,True,2.90910029242042331520205444528899240242112871287263733664111470018160657052320230559818875,True,0.00000000000000334416543446124417216504539610740525588317505188799074941229855550419935295175811416610244,0.00000000000000562136014274439786475426400515662222201102989160121771617359335767461137903666357913900702,0.00000000000000334416543446124417216504539610740525588317505188799074941229855550419935295175811416610244,available,True,True,True,False,above_budget,failed,FALSE,FALSE
32,4,ML,sphere,0,0.000011428202707481020944544594111252330289798751640417838396483735322948047258808526572845953,True,True,2.79030356072473480814823144508771359064159186638665232162650218654351383195234005873115818,True,0.00000000000000448793260483588996588621719852489706747195735749862255301158156984586500323435323899622735,0.00000000000000344284433056507922203119845572652813192480049493609505542686339292507104637914603286731513,0.00000000000000448793260483588996588621719852489706747195735749862255301158156984586500323435323899622735,available,True,True,True,False,within_budget,passed,TRUE,TRUE
33,5,ULS,marker,0,0.00000095259791690162121723860601480799354313237645487483824014555604392378969853324510868916426,True,True,10.9533931528955407082008463117257833235582593793872129328573987441724779483731214379105241,True,0.000000000000000778654052206252337742069052968122601147274849951803078072996167979375511306619722548020273,0.00000000000000197232610032394560126939022697555255859763722840565303551327124651791655291169626331541881,0.00000000000000387512507459149563691891633995958400690176832975073405050455194958579793951742340433041019,available,True,True,True,False,within_budget,passed,TRUE,TRUE
34,5,ULS,marker,0.01,0.0877813534406126472119845103352455281251274487188495436611592187570157019855349443886903823,True,True,10.9726894971203492538023526022755499264927824782857203780410144935902605294497294773492486,True,0.000000000000000778654052206252337742069052968122601147274849951803078072996167979375511306619722548020273,0.00000000000000189528096324742302763963071313213841321939573035551667608779792737660165639649141801308396,0.00000000000000387512507459149563691891633995958400690176832975073405050455194958579793951742340433041019,available,True,True,True,False,above_budget,failed,FALSE,FALSE
35,5,ULS,marker,0.050000000000000003,0.438906804637563912661960923146503821993756877183616977560731895815136336099322660980912475,True,True,11.4358017585157521672029430103693920060668501830295392958731712915104450172431785569671065,True,0.000000000000000778654052206252337742069052968122601147274849951803078072996167979375511306619722548020273,0.00000000000000197414978928703400873692902811033604999104669531941317398522791838527077253298400581164233,0.00000000000000387512507459149563691891633995958400690176832975073405050455194958579793951742340433041019,available,True,True,True,False,above_budget,failed,FALSE,FALSE
36,5,ULS,sphere,0,0.000000236449018566476054328148414175937183357966067726904471965420767554388797210807925081708825,True,True,10.9533931528945431423208975356883206714758798580891730957453448230610323104902507445411807,True,0.000000000000000930505274885583250310392363428196586483130266549755364401000216114107792164405043653851471,0.00000000000000242796320421988206815956913006868632515463761517931728815231953780792955212486844243002094,0.00000000000000222736795095982361752564468507220525377850206666177236433547615921614385023798076936250677,available,True,True,True,False,within_budget,passed,TRUE,TRUE
37,5,ML,marker,0,0.000000121395042154019449660429490716140829934309329262903020178730559255968037857902783695623429,True,True,4.50093767358358457080131750861698600973178785743258475231349864906606987169095690331120876,True,0.00000000000000316515167910054507610165216739913220648043129764672488365821791229580786851499869405388434,0.0000000000000066177808589057757530873862452538647384294473015639993811775113733106771222686982263296766,0.00000000000000316515167910054507610165216739913220648043129764672488365821791229580786851499869405388434,available,True,True,True,False,within_budget,passed,TRUE,TRUE
38,5,ML,marker,0.01,0.0894558781641888827845784312059391605484749804072812549705507721452646874109645827660796297,True,True,4.50487167984848502950663781443619136570977393667764315059969068063311625709107959343674776,True,0.00000000000000416053914286386992717791161583216459420504200480279288398557568910340922517955353980117853,0.00000000000000444944944814516259838668818424852496781231092376150304866261083518573706845360393777261412,0.00000000000000416053914286386992717791161583216459420504200480279288398557568910340922517955353980117853,available,True,True,True,False,above_budget,failed,FALSE,FALSE
39,5,ML,marker,0.050000000000000003,0.448144846462432649278962940053857653161552850378401286680447382043781111675724527998160584,True,True,4.59307891515315091314844287596804120767656223173320077582382782406035620104897077290697789,True,0.00000000000000333879377764110477211216775294290852493399258622675692394690720533774233464965613039927454,0.00000000000000275425985946494576817152919866508129480666704094851890746154123973347223291036895101398316,0.00000000000000333879377764110477211216775294290852493399258622675692394690720533774233464965613039927454,available,True,True,True,False,above_budget,failed,FALSE,FALSE
40,5,ML,sphere,0,0.00000340929794460862814597067248778449065376919569708620439675248146558324404118557806218775283,True,True,4.50093767358938885942574227342873305054909216849929302025285561583050567881123119886363257,True,0.00000000000000286846645794525994906813387027993462181700741239046208756450897614401766737384931313007011,0.00000000000000457685279491585089889334774165809956180756425595762815319465558119080088141107843747107008,0.00000000000000286846645794525994906813387027993462181700741239046208756450897614401766737384931313007011,available,True,True,True,False,within_budget,passed,TRUE,TRUE
41,6,ULS,marker,0,nan,False,True,2.33900360216080880457954397769666961282987388514631124659149416716662052060507345491005788,True,+inf,+inf,+inf,nonpositive_curvature,True,True,True,False,unresolved,failed,FALSE,FALSE
42,6,ULS,marker,0.01,nan,False,True,2.34749338605131263933322657769149444281795147617521706668990098657353983089415702384231361,True,+inf,+inf,+inf,nonpositive_curvature,True,True,True,False,unresolved,failed,FALSE,FALSE
43,6,ULS,marker,0.050000000000000003,nan,False,True,2.55124819942342194320657052688205486572718372671683587189393955411785387319548032142138789,True,+inf,+inf,+inf,nonpositive_curvature,True,True,True,False,unresolved,failed,FALSE,FALSE
44,6,ULS,sphere,0,0.130907051372174647668337549121887312642545610773084199502457061108138801159658246664781637,True,True,2.32690658010244318039461621216164935092442391051325553723028079905215405160024494080021587,True,0.000000000000000826672938308037468803021495933129346143217189197868028464338204089385441388879312900892295,0.0000000000743689719702012318324438387176942477538588436173794778121901390718674357256208275116362311,0.0000000308348846349899169684012279468988888605830859965425163676141452876178561989516553704142445,available,True,True,True,False,above_budget,failed,FALSE,FALSE
45,6,ML,marker,0,0.00000481118560093233764311262904111527336678417510142997689189901172587763236625947348396276205,True,True,1.84362881769015926344347501936856059657219536280883294672041659024618207517229224488916168,True,0.00000000000000356795219158059881193798560658316006907739333543156267186439463755009710459409410963595582,0.00000000000000682329941065950049984615449161024332317156820532543852228896491695318309675336598956547796,0.00000000000000356795219158059881193798560658316006907739333543156267186439463755009710459409410963595582,available,True,True,True,False,within_budget,passed,TRUE,TRUE
46,6,ML,marker,0.01,0.0715804931246344187703305499212261749403911887209416011638766415751870789424332413791304424,True,True,1.84615625468295906790485637223455984839688615472955900627705241972736116264595357038492257,True,0.00000000000000804487101084012169742604168014975170262347025566364749856508772644435715362861587767121624,0.00000000000000924725820942291826171895740614399968145145194571388165075355786987556659363250473136554025,0.00000000000000804487101084012169742604168014975170262347025566364749856508772644435715362861587767121624,available,True,True,True,False,above_budget,failed,FALSE,FALSE
47,6,ML,marker,0.050000000000000003,0.358343871437522801748342459878103113178026150621552441366209801429754835358483986517400389,True,True,1.90358117627545736101409941673897767084302445346115592864109226955411918902184866555601964,True,0.00000000000000395941384276455417379684154708711449182693979714272706052320277977280631288513107222730091,0.00000000000000682724502151591791313681092193155262486009981005633688452910357433644889021710289860868957,0.00000000000000395941384276455417379684154708711449182693979714272706052320277977280631288513107222730091,available,True,True,True,False,above_budget,failed,FALSE,FALSE
48,6,ML,sphere,0,0.00000312857065540770464110043186780140070278368918524194858898910626262359581817290354666977131,True,True,1.84362881768348091087251256657825426674456529682984291507941975700129065824561535341765569,True,0.0000000000000102245552258351212256247036343191939814611093178076461263455196385047367876286124192697749,0.00000000000000843195685168979794663315475109832836627671586942006871667014583748337068546581827514939338,0.0000000000000102245552258351212256247036343191939814611093178076461263455196385047367876286124192697749,available,True,True,True,False,within_budget,passed,TRUE,TRUE
49,7,ULS,marker,0,0.000000202270530631830910061529626445748877058750554148093634310686325011104356228579426449807129,True,True,2.02983215105754888669994432610895542534246847843143729757287158242081057464271151683931504,True,0.00000000000000122275004281339823380147594474941361012858932855512390370083135272055923266073393479723727,0.00000000000000150818717439002839498663260102465839355224912767652749643227309992110794681655938864734548,0.0000000000000208332899216923462287531583774278179449325944242657038590119911731594232234838359282379874,available,True,True,True,False,within_budget,passed,TRUE,TRUE
50,7,ULS,marker,0.01,0.0723177047694984187073840189179449552742387927738259575241195745619309885243436741429986673,True,True,2.03461629706813397853529658381657280974600527160058193314400400100915903074375632012959369,True,0.00000000000000122275004281339823380147594474941361012858932855512390370083135272055923266073393479723727,0.0000000000000014690573648889861980852906726533636087795611167221631382333995862046462610819344117547823,0.0000000000000208332899216923462287531583774278179449325944242657038590119911731594232234838359282379874,available,True,True,True,False,above_budget,failed,FALSE,FALSE
51,7,ULS,marker,0.050000000000000003,0.361588427483675515963265411962181175156035900729965435965725465008353400251830930805472509,True,True,2.14943580144603963976465281431420552958343472103749443872876488260019642657620051022093077,True,0.00000000000000122275004281339823380147594474941361012858932855512390370083135272055923266073393479723727,0.00000000000000147122585647349062814130396280989799248803615681741266095104640600033185960201367850097319,0.0000000000000208332899216923462287531583774278179449325944242657038590119911731594232234838359282379874,available,True,True,True,False,above_budget,failed,FALSE,FALSE
52,7,ULS,sphere,0,0.000000147601265979192745903877374824702674364673121259048840015070351455007059662993189509264655,True,True,2.02983215105753079948882762921281134310834012969419943118524340237654256825141478466495209,True,0.000000000000000894332423632009770851797875855563690587804137648060871557922142630844527583959885397804133,0.00000000000000228568349731098139306883482243775216001950669753206916370725850790958999847873751191147869,0.00000000000000845701473704936422466209956538027322461482193744720166399028882740979512654563955474793469,available,True,True,True,False,within_budget,passed,TRUE,TRUE
53,7,ML,marker,0,0.0000035839367158946372328488569278757291688393251794670877029339581354719088944859709540384236,True,True,1.87225569571779584403038591004792518644349610741673311618637591886361994690197216822261323,True,0.0000000000000043066333074726290085187017060349324759216467175266655506181279908095143435770031362131639,0.00000000000000565032666125161529931574788809597635053564741756885374684831012739152609836698978093088504,0.0000000000000043066333074726290085187017060349324759216467175266655506181279908095143435770031362131639,available,True,True,True,False,within_budget,passed,TRUE,TRUE
54,7,ML,marker,0.01,0.0722474093155977878067765981957669016863580865998105339785672074156396997747404957776537862,True,True,1.87483012199316852061525390476147282449752354452629628531210350984800847262964611260902422,True,0.00000000000000528972397908847735058512538385884847163818035925284940559702895046664021151007416126147944,0.00000000000000894841756111720612603700505294292264874161141376591137153083479882189774046373684110696443,0.00000000000000528972397908847735058512538385884847163818035925284940559702895046664021151007416126147944,available,True,True,True,False,above_budget,failed,FALSE,FALSE
55,7,ML,marker,0.050000000000000003,0.361692878957402914420273644499926890305831143687435038233287345681149681761421808996352864,True,True,1.93329381091672125506072097835623368643450640728148352209145474350036536898732146381579785,True,0.00000000000000386678525677167089524446459848373828107323015001053803637045272441487383868868083267495205,0.00000000000000354132859346076949355202576240388654394785020361776616075903531503550175800116823619257991,0.00000000000000386678525677167089524446459848373828107323015001053803637045272441487383868868083267495205,available,True,True,True,False,above_budget,failed,FALSE,FALSE
56,7,ML,sphere,0,0.00000292918651550544449707973565939002171832774107570235817957747337367161034993951499568360337,True,True,1.87225569571566356871648882644303425050238686820919849559798697109627730770307160221436448,True,0.00000000000000539289754887311161482599887844602948063306020504507653051681112896959000575301494668877706,0.00000000000000368718056100617819553566120316499804144564094144602586000448141464098251722210500728873176,0.00000000000000539289754887311161482599887844602948063306020504507653051681112896959000575301494668877706,available,True,True,True,False,within_budget,passed,TRUE,TRUE
57,8,ULS,marker,0,nan,False,True,8.36192683009383582704878057667780584306324582486917393579377497886343387081669394241814584,True,+inf,+inf,+inf,nonpositive_curvature,True,True,True,False,unresolved,failed,FALSE,FALSE
58,8,ULS,marker,0.01,nan,False,True,8.36728257815858526143259173860635546581178641107512613814365829042304566762049762737021805,True,+inf,+inf,+inf,nonpositive_curvature,True,True,True,False,unresolved,failed,FALSE,FALSE
59,8,ULS,marker,0.050000000000000003,nan,False,True,8.49582053171277375841429511440119098799828994911322385340718687774548959325120818683033062,True,+inf,+inf,+inf,nonpositive_curvature,True,True,True,False,unresolved,failed,FALSE,FALSE
60,8,ULS,sphere,0,0.793342146061497533756085697433259769018450773837565264061420925753382778845275298495394951,True,True,8.35392554937539448677002321949457971604945176410456868562155731706242115529867718665320466,True,0.000000000000000752416315257269966214374352293189729220892688361229112218791604394061744731233161723318061,0.0000000000000976828746701867818742154195352612953058413716298783353575602666899023855908431701271967482,0.00000000441221672102260495908049157992706353093578635950828953206881450797300949127052510676328837,available,True,True,True,False,above_budget,failed,FALSE,FALSE
61,8,ML,marker,0,nan,False,True,5.25860994681926285680322848169506738200072905963366018673037164161162143111116383673720053,True,0.0000000000000837515864226544315283179530562971852668744219504827678484395427626950674416289994921823779,0.000000000000079924790528490209960774541687654926380816494992891169301204771945550598264538521739071553,0.0000000000000837515864226544315283179530562971852668744219504827678484395427626950674416289994921823779,nonpositive_curvature,True,True,True,False,unresolved,failed,FALSE,FALSE
62,8,ML,marker,0.01,nan,False,True,5.26108801912038212786109040300738034409657638715118105828618319940487025619257093526997616,True,0.0000000000000861081975719001181358871586999242360647236363285938740538011374404490498933892763691536475,0.0000000000000806374216875121634114026498748561579073664286580835540629303015288840149734707549487739646,0.0000000000000861081975719001181358871586999242360647236363285938740538011374404490498933892763691536475,nonpositive_curvature,True,True,True,False,unresolved,failed,FALSE,FALSE
63,8,ML,marker,0.050000000000000003,nan,False,True,5.31744219474461936182420376072687498646489453824827885267354201196212619886610475893127422,True,0.0000000000000810125236819164786607427102165164224195061787607305847474726253510631757688472112607601921,0.0000000000000771875360158510329173494458663696652902213870927635934666961451724803606995990026918575939,0.0000000000000810125236819164786607427102165164224195061787607305847474726253510631757688472112607601921,nonpositive_curvature,True,True,True,False,unresolved,failed,FALSE,FALSE
64,8,ML,sphere,0,0.000429017675784949364559631986721060256411678261559467279206801840424233390570191589103392015,True,True,5.24534187804631873821940295660526762926778805207869229280887564538994410463931008404821127,True,0.000000000028613666813898281574325302289043856260765981819993848718753690150220016366079257026517897,0.0000000000302558260323978197234743792401885571924273380699520176594715017935611992782548366501766025,0.000000000028613666813898281574325302289043856260765981819993848718753690150220016366079257026517897,available,True,True,True,False,unresolved,unchecked,FALSE,
65,9,ULS,marker,0,0.000000915095847336109319941321959469432794164716342802765233278012742591924949768322158790940509,True,True,5.16652001511018937673340042640685271341956727612616955902489593634981772913063414385926471,True,0.000000000000000598664887542656211409476055277612338354746253914580039141897692700719099456968055017880612,0.00000000000000185104161764818664770876012326526743306944075878114492561823092846706318809429887160435739,0.0000000000000105180745048077305202841245259604844834591176903453282610561334601597742362383693883113839,available,True,True,True,False,within_budget,passed,TRUE,TRUE
66,9,ULS,marker,0.01,0.0733426145244249192114033429048303539028709956103963387729941055938064225234802230224128868,True,True,5.17163845883474284260725707609078938078590108159898810068917709177729163078409092200838522,True,0.000000000000000598664887542656211409476055277612338354746253914580039141897692700719099456968055017880612,0.00000000000000155302006502298061721087279049204323738408242921658133477911711603585309129571122077313876,0.0000000000000105180745048077305202841245259604844834591176903453282610561334601597742362383693883113839,available,True,True,True,False,above_budget,failed,FALSE,FALSE
67,9,ULS,marker,0.050000000000000003,0.366712741377548037711889353670164457232887036839938224046974059921578942110318000034401329,True,True,5.29448110859059624723748076706395736620316821838066451148350157936957998378359425338369356,True,0.000000000000000598664887542656211409476055277612338354746253914580039141897692700719099456968055017880612,0.00000000000000172415395759384634346700957300823091562074688351594253016602585931786073114243814521972284,0.0000000000000105180745048077305202841245259604844834591176903453282610561334601597742362383693883113839,available,True,True,True,False,above_budget,failed,FALSE,FALSE
68,9,ULS,sphere,0,0.00000014437789502659332289339678050900835208859918292486855935396178441871434355148432259702389,True,True,5.16652001510938078640530175914054160604401059504102719589164326396851404016935978590172951,True,0.0000000000000006574819147657858991500802496637947357330876876517011222490620110952090978875826909118315,0.0000000000000022328828709074758088114084136000589715209494015580137604164510755722059116772888767000891,0.00000000000000296265673115644912088223742110966255245867608967050131260262763263583647671599643510184258,available,True,True,True,False,within_budget,passed,TRUE,TRUE
69,9,ML,marker,0,0.00000551503493482326889700645040079481691441207471297773656285832080110007270229483527455935268,True,True,4.60008039880186348814164233366879889234751904450611511653170979911618419251250213321985612,True,0.00000000000000250195168982459427612444704208254399582099915509973171552911434648314214027793659140379044,0.00000000000000542475856261549673564188761298249697091768297437437248391878287095756803566278619381024162,0.00000000000000250195168982459427612444704208254399582099915509973171552911434648314214027793659140379044,available,True,True,True,False,within_budget,passed,TRUE,TRUE
70,9,ML,marker,0.01,0.0738358852425465674059777089908795049036606779482148272553389396925904956483388551836994457,True,True,4.60276846363162788350591459532348234061342822475138695086130055390829220392710994630216809,True,0.00000000000000280280078652224589004223278115640852788668495153815280308997098224016084818256615111755325,0.00000000000000752541773890163608912213044774934226348796941531844848225126634978937372677182747312482491,0.00000000000000280280078652224589004223278115640852788668495153815280308997098224016084818256615111755325,available,True,True,True,False,above_budget,failed,FALSE,FALSE
71,9,ML,marker,0.050000000000000003,0.369657303950867018141793710895207422898174590539475515747528966032743458832166717396016186,True,True,4.66373684743046672228659632980796592033635840800462728811078279563383878633186656868285315,True,0.00000000000000255923820857623363362652123894115361132063418075306425692391618323719193904113048204792771,0.00000000000000565002257025929876827123619072153295657103204463295026985951587482123146845912792373843044,0.00000000000000255923820857623363362652123894115361132063418075306425692391618323719193904113048204792771,available,True,True,True,False,above_budget,failed,FALSE,FALSE
72,9,ML,sphere,0,0.00000970539521643298993084903997463011040868284153047547038896919855653246123660876571907711911,True,True,4.60008039883375302650625320517807752260794700959047018706809558946747391036476099142660096,True,0.0000000000000033176925267699770791465958168432548451821214614947867144835062194288362860593448980068027,0.00000000000000669054057669114729655872940777807234270069444539318716387663170156893496514951357621061964,0.0000000000000033176925267699770791465958168432548451821214614947867144835062194288362860593448980068027,available,True,True,True,False,within_budget,passed,TRUE,TRUE
73,10,ULS,marker,0,0.0367151576586105629491604213402635143046631660057883270789322740483038844172533671392321984,True,True,5.71592457128922331577899767192829899137448346494306872860660244327132028189870303230888584,True,0.000000000000000918739286049081865719384975311146529432769016663986999443160498690926786359696183646890148,0.00000000000000130293916769238906128843029925565752031939583677189209155992593903992262334570478684018667,0.000000000000292760479225493970106211347992423416235722475992473551856785720324114176997487145140264697,available,True,True,True,False,above_budget,failed,FALSE,FALSE
74,10,ULS,marker,0.01,0.0798839047960859732380425173054368518192113796541657837746782584672310290271232743611122395,True,True,5.72122811258852484137358166971572301561904589693131851441972414686880942462172348222990894,True,0.000000000000000918739286049081865719384975311146529432769016663986999443160498690926786359696183646890148,0.00000000000000135590939336361212770782465538774132141499480796086958993899765399791618889670290866870555,0.000000000000292760479225493970106211347992423416235722475992473551856785720324114176997487145140264697,available,True,True,True,False,above_budget,failed,FALSE,FALSE
75,10,ULS,marker,0.050000000000000003,0.356779015964914344470929613140417852134422108686617976034762158029131427617730563639101612,True,True,5.84851310377176049087759485206231881909449571972663124156215877575686633797564460018945301,True,0.000000000000000918739286049081865719384975311146529432769016663986999443160498690926786359696183646890148,0.00000000000000134881262021611762315123625788896568159410771084874748662635221197655068763859297447052094,0.000000000000292760479225493970106211347992423416235722475992473551856785720324114176997487145140264697,available,True,True,True,False,above_budget,failed,FALSE,FALSE
76,10,ULS,sphere,0,0.0000000461345651472179083119830787728499673769090974779594973400585616519316020305689148640569577,True,True,5.71420675355959964374832893352013975763570331477731448963683149674890772032890826244717752,True,0.00000000000000098614127444132478354289964879369923984666817737727361385621566191879142695653258727753547,0.00000000000000191868619969527452919651498962846624340435459073163206281969565301040245324069807865671554,0.00000000000000434532215568426851167859456077226273249191689812026242399600233376649724851329851736221046,available,True,True,True,False,within_budget,passed,TRUE,TRUE
77,10,ML,marker,0,0.00000524197793959442546731011676788941442063807306817321205618762109963633451024054127267950676,True,True,4.66890203241679440550735953969896323859775495796983938636730550387948563912261021503572434,True,0.00000000000000562131151478576257542506000827304218397910826884937600343008036521185957201562395204481472,0.00000000000000460200537047991423295969871031836192159904513694444546482185319351181595354995056343706762,0.00000000000000562131151478576257542506000827304218397910826884937600343008036521185957201562395204481472,available,True,True,True,False,within_budget,passed,TRUE,TRUE
78,10,ML,marker,0.01,0.0708942813626417429909817428509793088223906625704650517120793485417464124385464183060024086,True,True,4.67138156561249152254551374781945644818143747148311776281716821564193406783628881495331897,True,0.00000000000000211260578379259509367310820721814203463909169217748800226021214785151744321776611275647065,0.0000000000000033429789614424345125235924882789058097474482155689518078993377670835049523831634306511859,0.00000000000000211260578379259509367310820721814203463909169217748800226021214785151744321776611275647065,available,True,True,True,False,above_budget,failed,FALSE,FALSE
79,10,ML,marker,0.050000000000000003,0.354897074038637442580895664071200299986382314036448092835220380960939037952896040389751874,True,True,4.72774601136707058918450954005180622806394104687388762662023749119176771709084828541384998,True,0.00000000000000396145897470058977834095484664812985754575503016991246315219518959470330736881142201521746,0.00000000000000476051665458813614839666760674876711228608040674423635562532747571606370809865152535173196,0.00000000000000396145897470058977834095484664812985754575503016991246315219518959470330736881142201521746,available,True,True,True,False,above_budget,failed,FALSE,FALSE
80,10,ML,sphere,0,0.00000958899795355453474965208259293666598121760612658316692333904683261172427876973349717734605,True,True,4.66890203244902964881486176738111986003748321980204093209285504769220978512032310025707814,True,0.00000000000000247819583177541713713272502198412147156384583535903122381862713296787762073284510351305008,0.0000000000000046231811154507750242870059726552505211222100568343130864792644133181913563130411876319431,0.00000000000000247819583177541713713272502198412147156384583535903122381862713296787762073284510351305008,available,True,True,True,False,within_budget,passed,TRUE,TRUE
81,11,ULS,marker,0,nan,False,True,319.760714929797626447939615838422186948435652846962486129335318942488326847005303071574701,True,+inf,+inf,+inf,nonpositive_curvature,True,True,True,False,unresolved,failed,FALSE,FALSE
82,11,ULS,marker,0.01,nan,False,True,319.760714930064492493791145436137798208533849860244343718090658697256412124238213569807404,True,+inf,+inf,+inf,nonpositive_curvature,True,True,True,False,unresolved,failed,FALSE,FALSE
83,11,ULS,marker,0.050000000000000003,nan,False,True,319.76071493646927760231586537902231240591958992580796015538863184777780409840989406895806,True,+inf,+inf,+inf,nonpositive_curvature,True,True,True,False,unresolved,failed,FALSE,FALSE
84,11,ULS,sphere,0,0.697289203662268166910072774037084870872270853065656077596085251456283434081652778038432965,True,True,252.882464097022368357254362856275298381596810262358110530736353947795314537694220500007426,True,0.000000000000000691555376558030732367761191936718775417149048237721233179642348540629447515595153062742606,0.00000000000238111650549598703658627583528861347581844142219118663967767277066143821753715490972015688,0.00000023318395309823396159905828887564164132140857609297958782049986424273922155117691394726744,available,True,True,True,False,unresolved,unchecked,FALSE,
85,11,ML,marker,0,0.00000356929237952845443802742116016550147422245696929837178888003972830971339434575802877001267,True,True,1.93107205654637288819407106907754823843158307569271066076104258560678169863259889373702111,True,0.00000000000000298062687772145870009551272680687948682819431027328750473228580007495727396889505527689348,0.00000000000000304302699673542296495009386102073704979817948130402667981907831297826332128995026423588596,0.00000000000000298062687772145870009551272680687948682819431027328750473228580007495727396889505527689348,available,True,True,True,False,within_budget,passed,TRUE,TRUE
86,11,ML,marker,0.01,0.102871931712228673188662001275218454861260755152046198073804838428980199197384862125812188,True,True,1.93626129705271690509541288008991820286073774486187345060748033902444500830464076684357727,True,0.00000000000000343181200908968581104096444805367276064288712546695306594300924865718489464393193023332992,0.00000000000000653339095018967354504907902585465147302915848841407370176628230106271925749235991737576809,0.00000000000000343181200908968581104096444805367276064288712546695306594300924865718489464393193023332992,available,True,True,True,False,above_budget,failed,FALSE,FALSE
87,11,ML,marker,0.050000000000000003,0.51567359661883461709449456926517680050460752320147101103871951435245873148016270434597449,True,True,2.05147392956799342916310800050856579549509924006878500794158744513915598408919963052973127,True,0.0000000000000037632880648679446854827393787255724767979790983152565646087854106870127350588583387520646,0.00000000000000395720987027477454121733026208862450130720411030620888200246512045303915773609961376684721,0.0000000000000037632880648679446854827393787255724767979790983152565646087854106870127350588583387520646,available,True,True,True,False,above_budget,failed,FALSE,FALSE
88,11,ML,sphere,0,0.00000192963930049144628483984958390969787674036009759775842747419358786253238234260310648906631,True,True,1.9310720565418647172951292913072205818778365595811682432019975392488247498654964923422938,True,0.00000000000000299322957193253165379885740175923255878822101188888586120033109893410078367038236808207951,0.00000000000000539797442518419143401041651243400936660979151245254379121582259335889603756940648560884794,0.00000000000000299322957193253165379885740175923255878822101188888586120033109893410078367038236808207951,available,True,True,True,False,within_budget,passed,TRUE,TRUE
89,12,ULS,marker,0,nan,False,True,390.626426238513993654975028035881125049077330928760083247840956209681171072014166094232496,True,+inf,+inf,+inf,nonpositive_curvature,True,True,True,False,unresolved,failed,FALSE,FALSE
90,12,ULS,marker,0.01,nan,False,True,390.626426238779022310916192147167740087530536317792718594865157556316476053855812417455783,True,+inf,+inf,+inf,nonpositive_curvature,True,True,True,False,unresolved,failed,FALSE,FALSE
91,12,ULS,marker,0.050000000000000003,nan,False,True,390.626426245139710119759719329923315729144761876204466807078745862479619904536318770443184,True,+inf,+inf,+inf,nonpositive_curvature,True,True,True,False,unresolved,failed,FALSE,FALSE
92,12,ULS,sphere,0,0.513635013467206911739953049930594119962020988967251893130264124769870524567227028434910144,True,True,109.781788198392181070294659221575816545877207708849934210532018236583265566645321538901853,True,0.000000000000000786921055781890989079628670566930147976969558597192186416535939841165506597431949687946975,0.00000000000394101279679603837723199388610525468489644515695126776132534832776823508485453331354813985,0.000000063819907517175203826531247676936036441216483548868266379204965397639840897059917371238624,available,True,True,True,False,unresolved,unchecked,FALSE,
93,12,ML,marker,0,0.00000296460302764050830507214485570526624868488317519384345209327568037694453417401474843791085,True,True,6.04749570667262826518350852519945457390246634472671740726843995179428283220993700213887214,True,0.00000000000000290171551604364056820664271086885437694992088730977423397981383776942241202158175740591197,0.00000000000000482331616502130077410728479426951410770893136061445991663512109601416940194223953301110917,0.00000000000000290171551604364056820664271086885437694992088730977423397981383776942241202158175740591197,available,True,True,True,False,within_budget,passed,TRUE,TRUE
94,12,ML,marker,0.01,0.0939503943132148510918085019632487448896311423260249248376595557203529550781606164372635585,True,True,6.051831244199417522306474611600684914512502758653555639039269882318827693919611374656618,True,0.00000000000000517037928608711051653054007556752935825626511288583201766766175147056428836607636389896033,0.00000000000000604657898725511395154848125549598154832031808046363532952433218261081917298425744530289442,0.00000000000000517037928608711051653054007556752935825626511288583201766766175147056428836607636389896033,available,True,True,True,False,above_budget,failed,FALSE,FALSE
95,12,ML,marker,0.050000000000000003,0.470767015746679681862368274461621422980441291382486245183871454293544473387223407224945455,True,True,6.14872223475994971522487788026250060351961528417190765500899766861927630040778371084205071,True,0.00000000000000356883953227812150435956213472247085424083549397501397105955248783299390243716963869310707,0.00000000000000500764962736577655521494722317414234556515405927497885699606379332430390980371703963129757,0.00000000000000356883953227812150435956213472247085424083549397501397105955248783299390243716963869310707,available,True,True,True,False,above_budget,failed,FALSE,FALSE
96,12,ML,sphere,0,0.00000230753457944300695439974932776811295426459369704779780880071027306634336218478521951842217,True,True,6.04749570667089619282278479056879452058524519539916813037512384590102590776282545162460345,True,0.00000000000000321762219242410823743225096468110534148756014278189849483731522850920436371532522794261256,0.00000000000000947850385121341123912993005413608202495128374782067030152954227503922024273956273641302454,0.00000000000000321762219242410823743225096468110534148756014278189849483731522850920436371532522794261256,available,True,True,True,False,within_budget,passed,TRUE,TRUE
97,13,ULS,marker,0,nan,False,True,3.18986438634755242680473437273076647687686863118254991281832277974391155576461010002262106,True,+inf,+inf,+inf,nonpositive_curvature,True,True,True,False,unresolved,failed,FALSE,FALSE
98,13,ULS,marker,0.01,nan,False,True,3.18986438648388702376375556273987678027839493029797245353732436813775701191084955337949524,True,+inf,+inf,+inf,nonpositive_curvature,True,True,True,False,unresolved,failed,FALSE,FALSE
99,13,ULS,marker,0.050000000000000003,nan,False,True,3.18986438975591736072701556956645688292562686825620428299229830179643474862700155755355086,True,+inf,+inf,+inf,nonpositive_curvature,True,True,True,False,unresolved,failed,FALSE,FALSE
100,13,ULS,sphere,0,0.0000000000375742487568357892546045266665759453722994425430814384288612869929342996873421249535881463,True,True,3.11338782998059949099151120346606662030751684936727150940283034769351367457275193967355337,True,0.000000000000000692670846090442921559020839344187440034898229795465465463468048477522408642584508896027517,0.00000000000000205012236166525839984712473070197775176510584909975771857077908925412267032395439105367517,0.0000000496260446601893905751223880042310375524996488105391232129104878654023251256184194343222156,available,True,True,True,False,within_budget,passed,FALSE,TRUE
101,13,ML,marker,0,0.00000070130304908944746712782915013656419075480227560214391160840632619299766478199238914348757,True,True,5.01209781426776174115523634195356121210741073803393418623516270883564729510600132242953422,True,0.0000000000000049173065356084862977473631008715676545719849023593939519805867195873991455113567823617438,0.0000000000000067736346138151737677586471414074280678307942150284278918678015113827569952414046515679024,0.0000000000000049173065356084862977473631008715676545719849023593939519805867195873991455113567823617438,available,True,True,True,False,within_budget,passed,TRUE,TRUE
102,13,ML,marker,0.01,0.0778975413495713277171216669674863616772264622507738250018081273394961291928589642023210702,True,True,5.01508744552380069520608288673011864710250892864327683626303759826292027853603351057418673,True,0.00000000000000481876830816517209485825950229886422447816616257193094990189252935896016933325384770350964,0.00000000000000734212914145676441125769449613977368035359330610208314803353157103238252152005465442175164,0.00000000000000481876830816517209485825950229886422447816616257193094990189252935896016933325384770350964,available,True,True,True,False,above_budget,failed,FALSE,FALSE
103,13,ML,marker,0.050000000000000003,0.390059182623923576885867058582504361224265994548629132865374091770379895833009229645207059,True,True,5.08269466704625352246923345955635947865250462892270044382117277402514737568874685999110739,True,0.00000000000000331782965942945116429004811626858601631205861926403975443334927785723330806901609800586041,0.00000000000000354982259564788684114512281374338692067314764713578193760166290502539821949172827334314888,0.00000000000000331782965942945116429004811626858601631205861926403975443334927785723330806901609800586041,available,True,True,True,False,above_budget,failed,FALSE,FALSE
104,13,ML,sphere,0,0.00000567422343425284997090136823434061968139481239657488106752821326737649800358210825916551978,True,True,5.01209781428361423882451660859818726177611612359436705148383184686652219973253671484420682,True,0.00000000000000443336161188598215989985254233322669058785371136392893705045662323801774873652809400503131,0.00000000000000488534745849619015362277902441345091151044533653801684074164365660244688357585458765397126,0.00000000000000443336161188598215989985254233322669058785371136392893705045662323801774873652809400503131,available,True,True,True,False,within_budget,passed,TRUE,TRUE
105,14,ULS,marker,0,nan,False,True,93.1603046419798064485690779318308647239826572220392428002794447231000898867202705331506708,True,+inf,+inf,+inf,nonpositive_curvature,True,True,True,False,unresolved,failed,FALSE,FALSE
106,14,ULS,marker,0.01,nan,False,True,93.1603046421555563054591514273381270430000264178072639038758319660943804723868833271214623,True,+inf,+inf,+inf,nonpositive_curvature,True,True,True,False,unresolved,failed,FALSE,FALSE
107,14,ULS,marker,0.050000000000000003,nan,False,True,93.1603046463735528690144570184695315134006490958824357367831312649210759239679567360573396,True,+inf,+inf,+inf,nonpositive_curvature,True,True,True,False,unresolved,failed,FALSE,FALSE
108,14,ULS,sphere,0,0.000000137915071302444365277593347378159323074611365295421314631207836150631569590239659429346341,True,True,81.3923103121035781508465689862475153327832928213151503071716486748295648319783298547606822,True,0.000000000000000910664574431837889803497885968042617582685682905619989269221673209774312092145279124471689,0.00000000000000629337096956448324344039689590885185094652197690947834939493586481868832786698711638546858,0.0000000946105317023623092866955418231415332237078207354437139063572460466979463831989173139609069,available,True,True,True,False,within_budget,passed,FALSE,TRUE
109,14,ML,marker,0,0.00000086118521772574136364638760116111476343017554760739776085708240602140443688485050269001242,True,True,5.18394964537019625362201297991079343909967800088215681567685978777263455780841339184283792,True,0.00000000000000265819359869913517056690592084131307593467688138313514679677848877342792709105161044651688,0.00000000000000382377688632700605525132927163349984824848278242649216137845108154881633765164686407294348,0.00000000000000265819359869913517056690592084131307593467688138313514679677848877342792709105161044651688,available,True,True,True,False,within_budget,passed,TRUE,TRUE
110,14,ML,marker,0.01,0.10242634743711893387838953260130765288452310581934348894576476681034996027292769846289468,True,True,5.18909446771821445404488637748894364546129120225075613134919496709008406053905657699573538,True,0.00000000000000232730099101881525632324659819608570672276874268170113185730446059109404328012318286536528,0.00000000000000490329092595220279096547721143851904913276381813862437451640503760231595169277590661742578,0.00000000000000232730099101881525632324659819608570672276874268170113185730446059109404328012318286536528,available,True,True,True,False,above_budget,failed,FALSE,FALSE
111,14,ML,marker,0.050000000000000003,0.513427312126687082202947657377873722339839471283758399711133159341194545277210640601149784,True,True,5.30335888151872370775994015805839293401227031565434803429293326968710311627996072599198224,True,0.00000000000000266843477614983441977534756985055203349646208096087169960873761096861989647959877670451975,0.00000000000000627010653445964477806789474401923630494547598624493991600888754957394132674459302176915455,0.00000000000000266843477614983441977534756985055203349646208096087169960873761096861989647959877670451975,available,True,True,True,False,above_budget,failed,FALSE,FALSE
112,14,ML,sphere,0,0.0000188244219990026813000692017356444970977028404166405489550662345893677824784269627030893426,True,True,5.18394964554700469896609810236122918134765845512143731646061223504927968673160320026636233,True,0.00000000000000337995499089159745122505510258094322976847668659468673340178654032800911469087685370988305,0.00000000000000681782472007032120462130002615800001212735369053292556883996655947649848791245962570892704,0.00000000000000337995499089159745122505510258094322976847668659468673340178654032800911469087685370988305,available,True,True,True,False,within_budget,passed,TRUE,TRUE
113,15,ULS,marker,0,nan,False,True,2802.97002495649986453935229864436816097318715524391859787007536554400170540491424802773315,True,+inf,+inf,+inf,nonpositive_curvature,True,True,True,False,unresolved,failed,FALSE,FALSE
114,15,ULS,marker,0.01,nan,False,True,2802.97002495677756003886868416977577865598551159677247014987641827187773850901765107339817,True,+inf,+inf,+inf,nonpositive_curvature,True,True,True,False,unresolved,failed,FALSE,FALSE
115,15,ULS,marker,0.050000000000000003,nan,False,True,2802.97002496344225202726073108677743590345457678553002542365010512848007377059145748249085,True,+inf,+inf,+inf,nonpositive_curvature,True,True,True,False,unresolved,failed,FALSE,FALSE
116,15,ULS,sphere,0,0.00000000273550816610534203367283956016142203341510937751302277586302910336134082693989513959918397,True,True,10.4785221381964807007020343279067765823502539059024044479191340054177075985030298646775488,True,0.00000000000000138858620289360022153957985869410589016993730235328116121365831966581405758599662362550363,0.00000000000000246344954323738241055585365992472135615444438603118360762560041279577405216283737284329589,0.000000022190609489468336410216667704953275312584128703968568680659516653122331079425805162730814,available,True,True,True,False,within_budget,passed,FALSE,TRUE
117,15,ML,marker,0,0.00000151230582961911342875471402651010911585891621590687463054620210422487681643019594275227035,True,True,2.97129465301016344534996864943174810030137667337987066160875436679308216513360527534505765,True,0.00000000000000254377272744122836195731061764091812276016045888306505811915800306013093942064308049556795,0.00000000000000543150530218746825166054829756754591215147943315481351712535769544631873746108589360957245,0.00000000000000254377272744122836195731061764091812276016045888306505811915800306013093942064308049556795,available,True,True,True,False,within_budget,passed,TRUE,TRUE
118,15,ML,marker,0.01,0.117196810330885856152761100961829821173647156142024848280426788962795909323252055555791573,True,True,2.97801138920331772676858044123766821543669222640781532754146987033124857596859465044811746,True,0.00000000000000232518050925820141154933702811782248715929951886113893242597163610838159757149028000153859,0.00000000000000371519488580261665868328608639832601702562182436197603156904799399889190897281531661202819,0.00000000000000232518050925820141154933702811782248715929951886113893242597163610838159757149028000153859,available,True,True,True,False,above_budget,failed,FALSE,FALSE
119,15,ML,marker,0.050000000000000003,0.58792548933064952878861309640473381294004832289335780606735105077020623163366559961643469,True,True,3.12559685563909120295853360657040597841048190105376084791248137068136190947270065504841692,True,0.000000000000005024492536140356756448476510823333033483432837701171238338267642872902478998188612692389,0.00000000000000311659074962158862725211500580532890206261847976022083735590128825022049123968565084337029,0.000000000000005024492536140356756448476510823333033483432837701171238338267642872902478998188612692389,available,True,True,True,False,above_budget,failed,FALSE,FALSE
120,15,ML,sphere,0,0.0000296110712229672338124581907555449712800278597411719369976268255114667760223369775936610825,True,True,2.97129465344742632914118051680954057969779997031362993400595793707356375757389886785074427,True,0.00000000000000479429810817989941996532046585604063653485223688125098709605321112219848442326926219461625,0.00000000000000354294466725866469598821508773005946798084037254052789056345923672838167382782974516450882,0.00000000000000479429810817989941996532046585604063653485223688125098709605321112219848442326926219461625,available,True,True,True,False,within_budget,passed,TRUE,TRUE
121,16,ULS,marker,0,0.000000122193309820632652827823362215805937302561750976683805729762278848882376435754470877127946,True,True,12.7568462036980796863467985050373187645778162068172568159017965214241008476331975984123194,True,0.000000000000000651625215359671002286646238350297708897432059563714488222829901083631258924181797000915655,0.00000000000000122299634863857021446403692733722003264395412263404674836861597776709488258713698861865921,0.00000000000000305690441095494922174593190993470221746037244718700620859411969386005367044041941855143137,available,True,True,True,False,within_budget,passed,TRUE,TRUE
122,16,ULS,marker,0.01,0.0974027302314430189877008233115518961836121456204755827515062494971539179460946564327910117,True,True,12.7773175964124555388308420650492108404199617873915755854754927645155660110216180768531406,True,0.000000000000000651625215359671002286646238350297708897432059563714488222829901083631258924181797000915655,0.0000000000000011163036047251880862225522539889548522748263536485363907897912529690523682247193402057853,0.00000000000000305690441095494922174593190993470221746037244718700620859411969386005367044041941855143137,available,True,True,True,False,above_budget,failed,FALSE,FALSE
123,16,ULS,marker,0.050000000000000003,0.487013777594321161221394603828511742897928471458694556584657000784141742765033295637589704,True,True,13.2686310215574602732194710199605908557363212269962813521678752062893003250049864149388516,True,0.000000000000000651625215359671002286646238350297708897432059563714488222829901083631258924181797000915655,0.00000000000000125691694628001691948976619444605083929251777450898494225270683628917769652793718698224994,0.00000000000000305690441095494922174593190993470221746037244718700620859411969386005367044041941855143137,available,True,True,True,False,above_budget,failed,FALSE,FALSE
124,16,ULS,sphere,0,0.00000000901257639633202049128789487873540943387685889081230165549211386032239954887765111934173489,True,True,12.7568462036980675631840298215541495604430763676141066026468446863685867280046925648033829,True,0.000000000000000751887669904859708356904426580734804683914448790998762613756109900425404958807599612565849,0.0000000000000018783810698531585270521193315500594056296572155461388176360229979572895041779329644987216,0.00000000000000183116154161453115689668742830226561234875020748814985678466149078933184118611332818433365,available,True,True,True,False,within_budget,passed,TRUE,TRUE
125,16,ML,marker,0,0.000000408837470730720120868028004450680053954156165338184035038567788950949529056279944652687974,True,True,4.24323293606426884500089789557074120884337630953327520327448896696929655761308815882138034,True,0.00000000000000292580695738297757446187451269219977875282915555475666844024942811609419730743663892903772,0.00000000000000563822083408235256735063708429707073088934620293578428975149667192514439562241410501166194,0.00000000000000292580695738297757446187451269219977875282915555475666844024942811609419730743663892903772,available,True,True,True,False,within_budget,passed,TRUE,TRUE
126,16,ML,marker,0.01,0.0974638108379904362161486923780400157499174985873812666985697571332128755015041974896996478,True,True,4.24789569536525717729480053664928501284336067112608434008916977699959020483100582373857179,True,0.00000000000000424761614177349775441286925096347591208529217765244902921709579830526451762776894941901129,0.00000000000000396641144629658255689461912309148921150276841762329427349078598523448571165878469879053076,0.00000000000000424761614177349775441286925096347591208529217765244902921709579830526451762776894941901129,available,True,True,True,False,above_budget,failed,FALSE,FALSE
127,16,ML,marker,0.050000000000000003,0.488441786077407386004541659128891292322199631455512615949507022077378165475610197860887971,True,True,4.35182989847465087086389392587732728905675599893227314366628536384146257277043180891227491,True,0.00000000000000184345059708157241641342357764267233713202299065450626585794495806602090968792318355673391,0.0000000000000040455813713849126654481883863383011265759713361437112105690391855875152237698470304604042,0.00000000000000184345059708157241641342357764267233713202299065450626585794495806602090968792318355673391,available,True,True,True,False,above_budget,failed,FALSE,FALSE
128,16,ML,sphere,0,0.00000620595504386100958919601465936952214681865351740028084889623979663292167675247509408835641,True,True,4.24323293608344147752271284115277411005390163686097202744632369685065692107641083248696532,True,0.0000000000000022566774177182242301419056226762635987834086285824612913713277494887193172494418413526898,0.00000000000000644322081926041563583315316396619933832414021085943966315871746726974187729632086578795218,0.0000000000000022566774177182242301419056226762635987834086285824612913713277494887193172494418413526898,available,True,True,True,False,within_budget,passed,TRUE,TRUE
129,17,ULS,marker,0,0.00000026778483299386624689542970939366956739421190369563011037503506591083584693619072786920998,True,True,9.55290534271706006626121294269584747628166879121802185083910197276489199167631275226529715,True,0.000000000000000658453350236353718053452494956500711701670065382462434208504939438349131270747544291962686,0.00000000000000151278773900625476999658549964928800474569942598091623956216999463045373852013791341612662,0.00000000000000302828658521474784159414357138033141913701849045415309692977348730511301104871306820248205,available,True,True,True,False,within_budget,passed,TRUE,TRUE
130,17,ULS,marker,0.01,0.101122942690647806314447133127961979529675646755393124155898925480246514056158174882590175,True,True,9.57022661241444926123848518976581261947924901220989384675875719215185980657483858262356398,True,0.000000000000000658453350236353718053452494956500711701670065382462434208504939438349131270747544291962686,0.00000000000000157445316916948920689898035546382388390958782797196694933741018462469099380928446182071993,0.00000000000000302828658521474784159414357138033141913701849045415309692977348730511301104871306820248205,available,True,True,True,False,above_budget,failed,FALSE,FALSE
131,17,ULS,marker,0.050000000000000003,0.505614639274329660545696456985844618992727879939975082478274656070083426911215471104002787,True,True,9.98593708515177754227313806531929580790136844750534419902543526008807176650666340460237143,True,0.000000000000000658453350236353718053452494956500711701670065382462434208504939438349131270747544291962686,0.00000000000000145187629005811361546416896065526169044903371729081731154480204297238588720171063246489228,0.00000000000000302828658521474784159414357138033141913701849045415309692977348730511301104871306820248205,available,True,True,True,False,above_budget,failed,FALSE,FALSE
132,17,ULS,sphere,0,0.00000013444435629271926201543774184002432387037904508827748671123535336666359991395899229799571,True,True,9.55290534271692550272887319466985131762791534615565498154314045815452198627367213753479081,True,0.000000000000000644090112504505397325865649190635235599144317714750664872182086744661482746153651031426456,0.00000000000000185338481575225733789797359556273904398873897179396756159303031736591597937879768387450357,0.00000000000000147101511362673045769173816867006663667880673463006400825044501116467889551109869877000833,available,True,True,True,False,within_budget,passed,TRUE,TRUE
133,17,ML,marker,0,0.00000133587592738149920307519671039134098448247452647029102502493067498469911976813123868072855,True,True,4.82757116638801507157088875204769431147132661649476950271326852238759668786896828198119509,True,0.00000000000000253063691987986462375523688636652298455425558663366633975698769707656308177182395485229192,0.00000000000000603521022816458565463664666859273390378387713943899024727929616592554545541055880998078311,0.00000000000000253063691987986462375523688636652298455425558663366633975698769707656308177182395485229192,available,True,True,True,False,within_budget,passed,TRUE,TRUE
134,17,ML,marker,0.01,0.106584113061343654975829822873319157573326993722768755219227241880268095145522166368432432,True,True,4.83313773025321313748696967637169888108785105875361309213507682203340116692228744947321548,True,0.0000000000000023096118826545696576294797207734068912134682432498821446739215619295131084851582885703778,0.000000000000002521166339743004477561162215094987899507158540228342966957940199274608644904473835062688,0.0000000000000023096118826545696576294797207734068912134682432498821446739215619295131084851582885703778,available,True,True,True,False,above_budget,failed,FALSE,FALSE
135,17,ML,marker,0.050000000000000003,0.534403266559424952696714449588945269489744101351974458325025429914693699125785504134245697,True,True,4.95639551712034238645191962217996129085945368016709211235342764447579458655370284211154461,True,0.0000000000000037727367518812224337148738691269015885729704125612707091843964088799203192051732074031078,0.00000000000000361274865448978577436854784493448791080914496742143669405652305911371335358392247008191383,0.0000000000000037727367518812224337148738691269015885729704125612707091843964088799203192051732074031078,available,True,True,True,False,above_budget,failed,FALSE,FALSE
136,17,ML,sphere,0,0.000037790195349753972425135527431358081301056072802449574959626820291710884753401996458847727,True,True,4.82757116710117628322851299038923352245342374181499784661067088668202543426490926407056219,True,0.00000000000000223227233070000627666552877248876880480305006692509599707984844694182445034933965481761838,0.00000000000000353374379558863518057442288722641208999684314982931376213212833931132846879172388667189805,0.00000000000000223227233070000627666552877248876880480305006692509599707984844694182445034933965481761838,available,True,True,True,False,within_budget,passed,TRUE,TRUE
137,18,ULS,marker,0,0.0000000171884129052299894210596050231455534354536358369677106113977611431526602124225277994979086,True,True,5.25112234942952278000524213296761077628061634282305269438379945594559899147076061740440101,True,0.000000000000000671074725124613003843917804154192584515144117696472445778562535160671313193275800620941757,0.00000000000000259069698876225689202740459821401783490478222068077031847866197287451857721848060935337792,0.00000000000000329724207232692342903327368690832253735514781971052791150092623126942236983583487440002864,available,True,True,True,False,within_budget,passed,TRUE,TRUE
138,18,ULS,marker,0.01,0.113077553200100180429301150218494975435941035136049056692705306033154906422867534125446232,True,True,5.27600297937132317052778997626785671505019916073233109672328898306449767330524077510849357,True,0.000000000000000671074725124613003843917804154192584515144117696472445778562535160671313193275800620941757,0.0000000000000023853814070784060168826207496264128088077740800881120799064411822928929591495572269552453,0.00000000000000329724207232692342903327368690832253735514781971052791150092623126942236983583487440002864,available,True,True,True,False,above_budget,failed,FALSE,FALSE
139,18,ULS,marker,0.050000000000000003,0.565387800525006527403153075838450544600504896584669468118111644911043333971179555680482924,True,True,5.87313809797454121116983613578988476513150904482089831493272082176222930483196246018555731,True,0.000000000000000671074725124613003843917804154192584515144117696472445778562535160671313193275800620941757,0.00000000000000221937189894415713323187443986316846647170128039860288586973882169445457237274487451324343,0.00000000000000329724207232692342903327368690832253735514781971052791150092623126942236983583487440002864,available,True,True,True,False,above_budget,failed,FALSE,FALSE
140,18,ULS,sphere,0,0.0000000261781450358358628615249446834549836385110822392311585662160746839237788783312258944462163,True,True,5.25112234942952103482211937744324537624624764013950059444873989483767362232606641116078037,True,0.000000000000000827577129998328456126592680473718148085817084306206527315784854422657526560266258645265445,0.0000000000000022293750553345696052268878774467818992748337608827950262026420961513203605693619371341015,0.00000000000000153705560615005070383211981948002148300104606202228931528976877077148239962109422610260299,available,True,True,True,False,within_budget,passed,TRUE,TRUE
141,18,ML,marker,0,0.0000036605220869987710126112032744754419960377429228262964127767990870874589493086364541957916,True,True,2.85176482548238361514247736481915882167462274411225268973607883070979018221065586201763425,True,0.00000000000000249156709281465316488195235350360739448498043340171601757436680033388743339475702079559322,0.00000000000000647428497391114889937917267542041803655058295752291913278583637604673299904696457541724206,0.00000000000000249156709281465316488195235350360739448498043340171601757436680033388743339475702079559322,available,True,True,True,False,within_budget,passed,TRUE,TRUE
142,18,ML,marker,0.01,0.119270339177890554980411693308140449971738465837151549175204166657840782527432875493785061,True,True,2.85871859353925729534967308405685488220917633738655012451743815440553708816418994397328734,True,0.0000000000000036704122906557888819583865836368957316130064635934559932441773438474360456100967444962637,0.00000000000000463086288324410546854096382049845729501336693955447425414017708531483343011181636864119546,0.0000000000000036704122906557888819583865836368957316130064635934559932441773438474360456100967444962637,available,True,True,True,False,above_budget,failed,FALSE,FALSE
143,18,ML,marker,0.050000000000000003,0.598395816826997073346573994257946218834010302721199588748045668168002675800616401442013628,True,True,3.01128280762388196816489366408468188765765541289449275677060846090853269388999544396233831,True,0.00000000000000309949186781926601035348143251221617267021733626201236411788550246703306038247708829474207,0.00000000000000395410003914857051756056163351356110806492265554314240478770242661795738640683060942453495,0.00000000000000309949186781926601035348143251221617267021733626201236411788550246703306038247708829474207,available,True,True,True,False,above_budget,failed,FALSE,FALSE
144,18,ML,sphere,0,0.0000124578833353382525224744639710661832429536136849347359314945345896953090521424314916300878,True,True,2.8517648255532812889082827039198676138307569492262553331374759323515751135529659172940845,True,0.00000000000000401863060138749875239886797794516356434042514997764548841981191696551091125663610787519863,0.00000000000000453799895121065438913876140505241614803402736001046174878014320685140627164506982795935982,0.00000000000000401863060138749875239886797794516356434042514997764548841981191696551091125663610787519863,available,True,True,True,False,within_budget,passed,TRUE,TRUE
145,19,ULS,marker,0,0.000000023420858895737727201537985741206534902791196965778207705386726917061427809250703485645642,True,True,4.48623238598477586766186667678219483615940547764590027864725842023284025436400996405527153,True,0.000000000000000593390940333385927192105004138181796683091873470195738935373522205247304395957419520252419,0.00000000000000219160061526252364911340656002303563463529875505877441611209219184820528596604962263759381,0.00000000000000376568718356298772438619486503418788641599626988053893290876956984726829441451902385305344,available,True,True,True,False,within_budget,passed,TRUE,TRUE
146,19,ULS,marker,0.01,0.102753069847723964987958047871016894508112673730148335598328168805514954091580313521358177,True,True,4.50467276630593297570673010669451238674403523355708992743648027264245465381241090945795336,True,0.000000000000000593390940333385927192105004138181796683091873470195738935373522205247304395957419520252419,0.0000000000000021591772486146154749115695220510199587015973215600570708549787954044339886552166511534677,0.00000000000000376568718356298772438619486503418788641599626988053893290876956984726829441451902385305344,available,True,True,True,False,above_budget,failed,FALSE,FALSE
147,19,ULS,marker,0.050000000000000003,0.513765403629608487994546110227126240693921626259869482951252356207909295496719993477550196,True,True,4.94724189401370783300892617241612940714165657255641873890076574123340586516637857422128477,True,0.000000000000000593390940333385927192105004138181796683091873470195738935373522205247304395957419520252419,0.00000000000000216513242257647967808686279082128611634823649628555354576584416573823707094605597750454968,0.00000000000000376568718356298772438619486503418788641599626988053893290876956984726829441451902385305344,available,True,True,True,False,above_budget,failed,FALSE,FALSE
148,19,ULS,sphere,0,0.0000000438787251186273146499015002477749075772647413119257914608141755371305274721731712726022105,True,True,4.48623238598477751323742542135282093769381013326006875992338516958857815962997529748919159,True,0.0000000000000010031842540919652278027331503931345824033875854201721099057979929951493507064765829785598,0.00000000000000341780963311832924548888002761232192393957939619746251678251008506766823706367299909007773,0.00000000000000302698102248734829187838553560466211996635211552784131053999836652692368932151618011711719,available,True,True,True,False,within_budget,passed,TRUE,TRUE
149,19,ML,marker,0,0.00000126811914153093072499711637539733489833215889912940553006462302761464591034353713095803388,True,True,1.99482107404568226453286316660031649603712201811229624844067680308238786722018824278285195,True,0.00000000000000245573132918770294056901659881190851947839616833596560569236872291026821656957254007323159,0.00000000000000443639814819173602821209693184131699691669935614751907936984958764096589528285236464124144,0.00000000000000245573132918770294056901659881190851947839616833596560569236872291026821656957254007323159,available,True,True,True,False,within_budget,passed,TRUE,TRUE
150,19,ML,marker,0.01,0.106714864577696938239399507581728457043853177367740762288653534162861695097576712613600813,True,True,2.00040117549001709861840523990758476620552167896853375063485723756849932471431761884788804,True,0.00000000000000362783623034593435754683071031319157362900769950423878657348200539137658574789083999735528,0.00000000000000433033616407980820911746271811884612417913379751087396850064962235283166123667690098826407,0.00000000000000362783623034593435754683071031319157362900769950423878657348200539137658574789083999735528,available,True,True,True,False,above_budget,failed,FALSE,FALSE
151,19,ML,marker,0.050000000000000003,0.535050738833332298984719433606202666002075553477840677669666100104062311432443079248315736,True,True,2.12394731364652404329584648009295819887638961449264825003335277096165966170867667228426228,True,0.00000000000000256447567481479636714369146333783559271085122452069203426995860114101381662179085671813984,0.00000000000000457031294965260976518223161719166618629634171401264760730884209022088843308566166828904295,0.00000000000000256447567481479636714369146333783559271085122452069203426995860114101381662179085671813984,available,True,True,True,False,above_budget,failed,FALSE,FALSE
152,19,ML,sphere,0,0.0000206631978365401039013982752381308240837886129511183217814020608365593839083644741623641388,True,True,1.99482107425836487353588226529755591492364651179675350401572837138234650023782781406927835,True,0.00000000000000324941236579536336819196790660152050315420387308150785292879468502637986067001252767501893,0.00000000000000464707710471170626942948103091822908154384083938467949601505718082393138783010464068216826,0.00000000000000324941236579536336819196790660152050315420387308150785292879468502637986067001252767501893,available,True,True,True,False,within_budget,passed,TRUE,TRUE
153,20,ULS,marker,0,0.0000000289422786713884079910495075422490359487838860789808671107956260575087515573676040896831812,True,True,9.12371854993903135933536367941054365926817445543838731985325005146310843255088381239788774,True,0.000000000000000931252388055015685896681461919842470761320214396355642447853213536496081426812673287302179,0.00000000000000195576974466135562535049085199389287546185948323479749914439108285274850494280127067992646,0.00000000000000311799692852819770245632617685609603219775256282952432998463127780686535604802629903910751,available,True,True,True,False,within_budget,passed,TRUE,TRUE
154,20,ULS,marker,0.01,0.0913546992349090877344095494483401703847635785570956267884212151582086507049819230536857609,True,True,9.13945704569632586828281261481120913433486603864953339165162648007630600769681601788493041,True,0.000000000000000931252388055015685896681461919842470761320214396355642447853213536496081426812673287302179,0.00000000000000203809882624225379047196606215054364078005013038292971166918394341218854867504173415635467,0.00000000000000311799692852819770245632617685609603219775256282952432998463127780686535604802629903910751,available,True,True,True,False,above_budget,failed,FALSE,FALSE
155,20,ULS,marker,0.050000000000000003,0.45677349900389451215797025433478367314637030112149306312769931241369954744202927491006648,True,True,9.51718094387139506788690185357131449588581177684193996661400656317133199206006262512987647,True,0.000000000000000931252388055015685896681461919842470761320214396355642447853213536496081426812673287302179,0.00000000000000189714099260445155563783611604476206804642521953244556560420701196484085001397198087312251,0.00000000000000311799692852819770245632617685609603219775256282952432998463127780686535604802629903910751,available,True,True,True,False,above_budget,failed,FALSE,FALSE
156,20,ULS,sphere,0,0.0000000390712117145774368325478391959015832718512045120109750922532586203837439683833937098411421,True,True,9.1237185499390294038509934963185342403906520756961554413477740111611298367885189277684352,True,0.00000000000000102054483368862578109089626454566586180027142773267346595164269180260323591536549067041735,0.00000000000000589333820053755851707845459292722494647726648681653473051007436687483964518684810266678834,0.0000000000000034007086805923420180931477725613576187367660982024156321962656555362365976789547837724957,available,True,True,True,False,within_budget,passed,TRUE,TRUE
157,20,ML,marker,0,0.000000874939131216455748790706525610627102824823603598644557638677991901081500935586611339501778,True,True,3.91530639231575261157692227646701200400133910150505048757738344100772881056296156195211835,True,0.00000000000000406244127852922570112912051468036404522649708946889158173339662011706635550863175303700591,0.00000000000000518855358742476102612407569221817979631508596147850796630587525081259435879677560551395335,0.00000000000000406244127852922570112912051468036404522649708946889158173339662011706635550863175303700591,available,True,True,True,False,within_budget,passed,TRUE,TRUE
158,20,ML,marker,0.01,0.0932557386517600573129031278336458502839761854451087521607850864667723209431807551655121386,True,True,3.91957862584275221519052592899149535794724385309981218405136809725474230266604455631668458,True,0.00000000000000256448895205304647960225471486394110716388385470487989408492944248248123315249167211590763,0.00000000000000595647443804900381275228555171732625593455407080600844985731789849126522225786558967557259,0.00000000000000256448895205304647960225471486394110716388385470487989408492944248248123315249167211590763,available,True,True,True,False,above_budget,failed,FALSE,FALSE
159,20,ML,marker,0.050000000000000003,0.467258433893502601314641497720405539827703126861762292931164622553925845539231881625253624,True,True,4.01510237093528939616649082911059134193617340806601290191167972453727761415791295389655541,True,0.00000000000000373566142234008484711661293507138300589256001532293015695254959143671101617362934971083602,0.00000000000000556884225712659733527695246845817476528023580353928684990017653462005657302430154956946977,0.00000000000000373566142234008484711661293507138300589256001532293015695254959143671101617362934971083602,available,True,True,True,False,above_budget,failed,FALSE,FALSE
160,20,ML,sphere,0,0.0000187636535603306034144992897524673952944964191804080623846800969387651385365503279765876683,True,True,3.91530639249140527014097884838671045102681852462583172206692075303981382511889037584752347,True,0.00000000000000525153843546419789884428365671057242792585939310050352953102400659747450012321167016571372,0.00000000000000299473313029053055355307060181888919756898798456177712985936074109187461724724682547181915,0.00000000000000525153843546419789884428365671057242792585939310050352953102400659747450012321167016571372,available,True,True,True,False,within_budget,passed,TRUE,TRUE
161,21,ULS,marker,0,0.000000291576124218751300666866005145894625731614582656495054478288480698960552609971244610016099,True,True,7.57217876720934417340541471069774073035855435649555897411912391728266790476536501864848266,True,0.000000000000000722244843547580230470560787057968338693300078838393832970268283926583601355022464638941836,0.00000000000000231655429330565999533240825668835326714237243673484012757318950068911497402495369496159295,0.00000000000000326764782206222248847717247872179577738470616393349765132382895186928023901572599579948418,available,True,True,True,False,within_budget,passed,TRUE,TRUE
162,21,ULS,marker,0.01,0.0926866307226768987973316318642172131495528978015228776490415009298422241296261343394304906,True,True,7.61202632710941238801441906305890448951960384104483402277409265238015406079245545588412794,True,0.000000000000000722244843547580230470560787057968338693300078838393832970268283926583601355022464638941836,0.00000000000000234190483853605432772403715938360786680123324332693120859283957575351728261549607061395349,0.00000000000000326764782206222248847717247872179577738470616393349765132382895186928023901572599579948418,available,True,True,True,False,above_budget,failed,FALSE,FALSE
163,21,ULS,marker,0.050000000000000003,0.463432960598425981387122043447057102628082985665103216358740778192468777996832517696572156,True,True,8.56836776521042642042264190940802486242391723793662839891764695468013084944615545008766319,True,0.000000000000000722244843547580230470560787057968338693300078838393832970268283926583601355022464638941836,0.00000000000000228423732344911835736763234822573177269511167699914725800289730368230166329954761406192438,0.00000000000000326764782206222248847717247872179577738470616393349765132382895186928023901572599579948418,available,True,True,True,False,above_budget,failed,FALSE,FALSE
164,21,ULS,sphere,0,0.0000000304606136971357005105450338008565231105719398057869476286679202676765751468045440647423089,True,True,7.57217876720922651317805539076592893095242844228955698506443678180064013986304518741347211,True,0.000000000000000726958024925748517537431859946178250252198658793785914836763881923229623966875173584561179,0.00000000000000191036873190794987179810366887763131812860638850312470393436915746858635760132110441934904,0.00000000000000334469522556266062456182599072362740364193991500365526420374777954740568238310891982040997,available,True,True,True,False,within_budget,passed,TRUE,TRUE
165,21,ML,marker,0,0.00000179811893666390807395506328812824088983748515413182388484101440924675515883744521249645787,True,True,3.70729975360316612075766204734299277196955736086535606070117607090112105729954176783034335,True,0.00000000000000215099020201642593640969808543470036058947062916635698788363493884080868464844770238546735,0.00000000000000475451081876557388350425188779675588589669050582835781719684036080861115775455368305314359,0.00000000000000215099020201642593640969808543470036058947062916635698788363493884080868464844770238546735,available,True,True,True,False,within_budget,passed,TRUE,TRUE
166,21,ML,marker,0.01,0.0957534421679065839893764076668083252224129225779651592840786817487253534157991386627585357,True,True,3.71180175960723079183396608554898269357069015619197639876532257703061616131485894573212674,True,0.00000000000000219516535214709028161543037725017147728487349234404674652982361284641248480135056618076031,0.00000000000000327921208269803527857863269429482573111491197255887089602864496111294958724587251766122201,0.00000000000000219516535214709028161543037725017147728487349234404674652982361284641248480135056618076031,available,True,True,True,False,above_budget,failed,FALSE,FALSE
167,21,ML,marker,0.050000000000000003,0.479832863813259140358677651541801952109643296506379771998453665505110890370895266901906734,True,True,3.81227834245429684703057327704260013160586036432624125879011214351421260624465711648491328,True,0.00000000000000265718546311422229072234285771119013037763079084521769714893669865033339849805539763859588,0.00000000000000360573450682226203548082608066577527235442441741361845905372337420714668176070954055274191,0.00000000000000265718546311422229072234285771119013037763079084521769714893669865033339849805539763859588,available,True,True,True,False,above_budget,failed,FALSE,FALSE
168,21,ML,sphere,0,0.00000145366399967685881312893399015238571751167029129905860910366575870684853316894820914388901,True,True,3.70729975360260607428270991662945473925859252306683931435430364215418928051311557185288934,True,0.00000000000000282867691900154981178697034913921274213602392551199036093549192709787902528889425617837745,0.00000000000000609679330445629744322450674409343689900453926804254657741861694956093318220821065585478212,0.00000000000000282867691900154981178697034913921274213602392551199036093549192709787902528889425617837745,available,True,True,True,False,within_budget,passed,TRUE,TRUE
169,22,ULS,marker,0,0.000000129941386894808938830130886769115873726022338198970190639643502813234876534106764970455322,True,True,9.97067375071289183186817288742482306409437980814115272802638257055690958105014112838734115,True,0.00000000000000085322203687302468379024792431532568714991280605108558822687445225926021799876197319003987,0.00000000000000241058589649389538782673635922175145214818119472339167502757435231044760930349525831490278,0.00000000000000221182101028387270253601091072291486055567017387258032098355811624777815186138790054017505,available,True,True,True,False,within_budget,passed,TRUE,TRUE
170,22,ULS,marker,0.01,0.0970891738717277818858112306695912165325436020097608038352865097688460108797630598427778414,True,True,9.99220996704024970089106176130785337962535818220840474201073304058751708759700659992632912,True,0.00000000000000085322203687302468379024792431532568714991280605108558822687445225926021799876197319003987,0.000000000000002183783216936650023591135775675735908542573826167111510629019404637095200678922261438834,0.00000000000000221182101028387270253601091072291486055567017387258032098355811624777815186138790054017505,available,True,True,True,False,above_budget,failed,FALSE,FALSE
171,22,ULS,marker,0.050000000000000003,0.485445879728766920868311563900479397157081850647312320709484926087373238704392172012203612,True,True,10.5090791562655833031663201837818724980575990901684359781341799515416345550484348066304876,True,0.00000000000000085322203687302468379024792431532568714991280605108558822687445225926021799876197319003987,0.00000000000000221902166038466560236433012309428053837125787470909797629041534884319649683869258213670006,0.00000000000000221182101028387270253601091072291486055567017387258032098355811624777815186138790054017505,available,True,True,True,False,above_budget,failed,FALSE,FALSE
172,22,ULS,sphere,0,0.00000000981619974235406097925319798327774269159519026208010464366846681175629288766338077078074821,True,True,9.97067375071287289976369651307160572416414034317788448591281763717638933090650415769368193,True,0.000000000000000907047566112596058466382104927405309140262600309891701499215261948351897595768684677486714,0.00000000000000277296035457806328320699309359188706177067598815000967586828424020391535525938494136100826,0.00000000000000292872534400061820983568636312948298131483041644521410752178738331502829754235195201824438,available,True,True,True,False,within_budget,passed,TRUE,TRUE
173,22,ML,marker,0,0.000002332640057313383574902422466848890822924878888760267289901138553538020063181560389613409,True,True,7.14266658545687180863447186860239828546329010790247965650518955190496694456819209679555989,True,0.00000000000000378626641877195512959617925854800904092278316659960865485900830955618422485736596643936734,0.00000000000000664382585368497242732172820523527954826257914495979202217396865803775801838021499521470465,0.00000000000000378626641877195512959617925854800904092278316659960865485900830955618422485736596643936734,available,True,True,True,False,within_budget,passed,TRUE,TRUE
174,22,ML,marker,0.01,0.114953449381168601936278466688925148635364272388031270618267080628068479867436041974192765,True,True,7.14913137612903049416066624849516818191176826576817401781503143663481537364431897488157193,True,0.0000000000000035072108698982698590749656637984499889070005892772773549947282158164450707487062765221506,0.00000000000000820339575957266810575385663314853559927862195745285969425375570910334129064161282327131031,0.0000000000000035072108698982698590749656637984499889070005892772773549947282158164450707487062765221506,available,True,True,True,False,above_budget,failed,FALSE,FALSE
175,22,ML,marker,0.050000000000000003,0.576630080835645065420778817019042171034060968866183098783674502885260705413794738288729659,True,True,7.29141189346164387854897095922189431444552172990771256769776370817003465662505646873147249,True,0.00000000000000238955479191052430059266562517296071359905005438373984615520498647008009587138533161723155,0.00000000000000330792292550356681026218290210540614299432764585920842171252478729520944456738416459649572,0.00000000000000238955479191052430059266562517296071359905005438373984615520498647008009587138533161723155,available,True,True,True,False,above_budget,failed,FALSE,FALSE
176,22,ML,sphere,0,0.00000156831579934077488662277772513377289775013953440048858530744937894265565444731789764912984,True,True,7.14266658545538101104406636496580934399803222962640200997738580611161895871107929544770426,True,0.00000000000000304713095543365854049004321280403364943184529232847602465283351739680076244925013978149815,0.00000000000000555182357415475384514405129964936309216372250245814296431161970814455347543829642643020029,0.00000000000000304713095543365854049004321280403364943184529232847602465283351739680076244925013978149815,available,True,True,True,False,within_budget,passed,TRUE,TRUE
177,23,ULS,marker,0,0.00000000132362103033044138096188868191721730220390672632037402607377811441487961288038408413277835,True,True,4.34439792322543553643448827561956661998493262210903192851513615994401371307396857769161743,True,0.00000000000000060944108982545661374034306483975124658351994071803770969082318018337632559899520144562786,0.00000000000000303253857210158807025489894668000462189934555551969420542079803305958065056234126527785395,0.00000000000000329338148617843527117636682122702574657014902966762115138540197428394059748219424184959906,available,True,True,True,False,within_budget,passed,TRUE,TRUE
178,23,ULS,marker,0.01,0.0919638733045020606261143890486837417858400776818088181262402118841470388775787548692803443,True,True,4.37260327385340494933599680441980790896398095692216615581383548401402593537665759231560271,True,0.00000000000000060944108982545661374034306483975124658351994071803770969082318018337632559899520144562786,0.00000000000000275234463968460847022781506920759990881528591375058620273129040302356165033355442020000727,0.00000000000000329338148617843527117636682122702574657014902966762115138540197428394059748219424184959906,available,True,True,True,False,above_budget,failed,FALSE,FALSE
179,23,ULS,marker,0.050000000000000003,0.459819365473225160672154211202127028223444831829403950751019678881631114123168647738820581,True,True,5.04953168917191229358105693949671562454188580922109996311426601871041566818897584084960357,True,0.00000000000000060944108982545661374034306483975124658351994071803770969082318018337632559899520144562786,0.00000000000000273765030656200525146764151020315332300383900555956052287623803351689003663467224822561112,0.00000000000000329338148617843527117636682122702574657014902966762115138540197428394059748219424184959906,available,True,True,True,False,above_budget,failed,FALSE,FALSE
180,23,ULS,sphere,0,0.0000000000659276595538448112412863559064730597221124824815528650429117833224307263862767423597848233,True,True,4.3443979232254355338702955334407954710653382213422188106647168749427583257037731272583003,True,0.00000000000000063113488972357010047097859506635977798645706822073345253877216324563437790005894613201363,0.00000000000000263438595365959961422603189864096957955824798268897581073765538934273113061295665462349774,0.00000000000000263570679255501328818726159081220976048947000480917565349915825293308008078751072970689964,available,True,True,True,False,within_budget,passed,TRUE,TRUE
181,23,ML,marker,0,0.00000262192723514886907687913920420904142415174275121544103210531071290892851796157641602222967,True,True,2.58888399879316580897373734429322152734224182515253247304210439268064554857398326930096687,True,0.0000000000000028334806593397602132257491985332977267046555608602907318950877530684785388104471704722074,0.00000000000000849345395458286065045618529306916131710268557273789226802772483655322782579138463419944357,0.0000000000000028334806593397602132257491985332977267046555608602907318950877530684785388104471704722074,available,True,True,True,False,within_budget,passed,TRUE,TRUE
182,23,ML,marker,0.01,0.10096846590501354344432406235398201348230448196797264762105643725643495521969975423471317,True,True,2.59388479081207912622881930016109470765822470104313727394234282981108186953328906452690825,True,0.00000000000000357767482439967149398700689766676897433632248489986719893338553769584824203752556637169518,0.00000000000000803918712366324217489641843275482308129629800558040486959405637590249951735239575930873177,0.00000000000000357767482439967149398700689766676897433632248489986719893338553769584824203752556637169518,available,True,True,True,False,above_budget,failed,FALSE,FALSE
183,23,ML,marker,0.050000000000000003,0.506087042024773890626520805263887338949453459195216799143478108960639867548182022017392905,True,True,2.70506961092340461189653840005592974741421522584140090690462406407637269614744293520360411,True,0.00000000000000307658682847662151291118844727508989031175024355067655927927789359604604228416306308785869,0.00000000000000570531988518758238805160448384683615893221652557600036102519839459315531563661280455303892,0.00000000000000307658682847662151291118844727508989031175024355067655927927789359604604228416306308785869,available,True,True,True,False,above_budget,failed,FALSE,FALSE
184,23,ML,sphere,0,0.00000147068322648207683302686391295308763358528886028546796263563767797250380734911301100085888,True,True,2.58888399879081001287604219753444464591293954587209980502149781498642679577459356006178176,True,0.00000000000000360706278844707318934381603620786887825602037548395419214267386918997208408943752643380943,0.00000000000000550828502402636534042432875550459145912418754285341873544150486012412065289175087408652236,0.00000000000000360706278844707318934381603620786887825602037548395419214267386918997208408943752643380943,available,True,True,True,False,within_budget,passed,TRUE,TRUE
185,24,ULS,marker,0,0.000000640214330176785265818715763310409127421110182554421772271414880887748784296244840423567084,True,True,16.9590397077616652462999669042132458548891499979548318869706880684524614765020397183946007,True,0.000000000000000943121982486574168115599054794660855518756575863021297889784440546487022243582257212658345,0.00000000000000220773478933837182740356418039090759289527946760626136062430168261515837923734372657195307,0.00000000000000222386931750230477785283544916087750916439440420716425620768282897148767796350393276201315,available,True,True,True,False,within_budget,passed,TRUE,TRUE
186,24,ULS,marker,0.01,0.0992444167470222272200353829707178359823603475057842887580863312085094413919794981570076369,True,True,16.9927549828634198273275514088879041349921580328031610541012882575104418185027288900229486,True,0.000000000000000943121982486574168115599054794660855518756575863021297889784440546487022243582257212658345,0.00000000000000233464532486909293618811144795576203782881959669773759611405752593398591787935516550325467,0.00000000000000222386931750230477785283544916087750916439440420716425620768282897148767796350393276201315,available,True,True,True,False,above_budget,failed,FALSE,FALSE
187,24,ULS,marker,0.050000000000000003,0.496221123748158689053991505536727818871065176393794072982058591383520113047540120617531475,True,True,17.8019214377937279747024748023930588858776052668508928173384364928918707657173098165028253,True,0.000000000000000943121982486574168115599054794660855518756575863021297889784440546487022243582257212658345,0.00000000000000225408942337388584779520060718129926381896583706687406421455946797321263649411023101786448,0.00000000000000222386931750230477785283544916087750916439440420716425620768282897148767796350393276201315,available,True,True,True,False,above_budget,failed,FALSE,FALSE
188,24,ULS,sphere,0,0.000000117917176677342374611995047660901365828930979367784859631443698639857294657186203408268885,True,True,16.9590397077612403032612621487147169880846394869350137576877809192260148966025469778109126,True,0.00000000000000104733536366581391150003253769464153787791962730647769634410901429081920222447011284980827,0.00000000000000319643348628078708906058646137194922843670487439095395645140033831653278931499751905624069,0.00000000000000274126737122132477843221257053978236784884268626231539075758557365730987878174442008562822,available,True,True,True,False,within_budget,passed,TRUE,TRUE
189,24,ML,marker,0,0.000000590701170472442893490142667220445919146476109245830450843216406926881481994640585416291888,True,True,7.29771000623094092917294734397205535094911119047080943541451323323517350241342137952377052,True,0.00000000000000428894688866598712320472031855264216255351931417603154933395177241978572930674715724771513,0.00000000000000431575619725757416312925388673659953338304786309026294965736243315814636604922455800732385,0.00000000000000428894688866598712320472031855264216255351931417603154933395177241978572930674715724771513,available,True,True,True,False,within_budget,passed,TRUE,TRUE
190,24,ML,marker,0.01,0.112654782514954054501603604809146893751346260915690673322364614198635510082797065010748356,True,True,7.30392154640229197897903802462031750003073199228542152204846096480726456166060136095634337,True,0.00000000000000301591487494710855250884206384887140642344362237970593563520581174925526533446977189096538,0.00000000000000769548754017783926567777863235671735109307530552021219819446723757730915022277211781112752,0.00000000000000301591487494710855250884206384887140642344362237970593563520581174925526533446977189096538,available,True,True,True,False,above_budget,failed,FALSE,FALSE
191,24,ML,marker,0.050000000000000003,0.565035081265896906791938942311092630090669562990809538497062142595174760784305253447385474,True,True,7.44085651519316505798004730917460709084640867448647648309885017597758791835679261353908843,True,0.00000000000000503945196766706865345463351376723556654821266106299821098629591148623238388193193805810914,0.00000000000000452415527739431389158089462620434451960488341846378438731425300809840643106104411929424945,0.00000000000000503945196766706865345463351376723556654821266106299821098629591148623238388193193805810914,available,True,True,True,False,above_budget,failed,FALSE,FALSE
192,24,ML,sphere,0,0.000000256717087007755361544722162370222727102360685902227849960080691157125269703113079544148062,True,True,7.29771000623079941706256591398238883984442625450788348063163044126128299265298034648758532,True,0.00000000000000371728072542066078646627832651785427002892704775126462145982683158274075765462975160219904,0.00000000000000716475865543568529959375235524753177610702085595440079544979154993225781518079575951428119,0.00000000000000371728072542066078646627832651785427002892704775126462145982683158274075765462975160219904,available,True,True,True,False,within_budget,passed,TRUE,TRUE
193,25,ULS,marker,0,0.00000243665092651520599972404118451056603126784398748273831892676553245994216228901568407637129,True,True,12.9144094148371658953383509944111901904419794319156676273063624988978424834476287900275115,True,0.000000000000000764123629781163976536834168691065460863267437898403480168444309455601554190330968508135385,0.00000000000000265532470972181789839328600285294572931016541718200240344097012833519340198948220971778117,0.00000000000000265145160130612612876334396417186462187444517779283571896135981579548564011299379881566247,available,True,True,True,False,within_budget,passed,TRUE,TRUE
194,25,ULS,marker,0.01,0.0888919989503892277762332118375194392197838615840789134955770274424980339134440020733349424,True,True,12.9423211299483187223981041561109230085311796339912167542637830253053757801305736737327474,True,0.000000000000000764123629781163976536834168691065460863267437898403480168444309455601554190330968508135385,0.00000000000000279792641277598213057437308081060322256217511215530303531852205427155420132520232667277679,0.00000000000000265145160130612612876334396417186462187444517779283571896135981579548564011299379881566247,available,True,True,True,False,above_budget,failed,FALSE,FALSE
195,25,ULS,marker,0.050000000000000003,0.444457384853673908298377855608563146047995865830178362459344652627033733262090621575459256,True,True,13.6122054129154589111669134464220392621964896920857570380420986223038426035908469381599617,True,0.000000000000000764123629781163976536834168691065460863267437898403480168444309455601554190330968508135385,0.00000000000000268653337638705837424478314742043459141173226980052354771151026399073065282345370676269302,0.00000000000000265145160130612612876334396417186462187444517779283571896135981579548564011299379881566247,available,True,True,True,False,above_budget,failed,FALSE,FALSE
196,25,ULS,sphere,0,0.000000369342060184914650801752624770549726021805064028313681424273966920813099169279847305869589,True,True,12.9144094148252886569953086378000579290314331535110635176861150489908880491863659371852383,True,0.000000000000000688979021744706785672017485737002042201498075246601180541782450493042912989345516028473228,0.00000000000000219746403685868237333633870896534157292726091782550962723315040369877099453702685809085041,0.000000000000001858471889042367550776928918964816433515843613715470437956417319987463213844250833641548,available,True,True,True,False,within_budget,passed,TRUE,TRUE
197,25,ML,marker,0,0.000000557669102824395019698068927939081132339444310628348362836688034529777638301863600724874044,True,True,4.84712091519388458840346410052835657414213384027072360725969384515923854175024589027772506,True,0.00000000000000260108084009194723265795708625350690236727740267319657745566448860864167292751195051236695,0.0000000000000047008663128550328375448746756963404211497244711954570513394084393895473992289724804555317,0.00000000000000260108084009194723265795708625350690236727740267319657745566448860864167292751195051236695,available,True,True,True,False,within_budget,passed,TRUE,TRUE
198,25,ML,marker,0.01,0.0932617344338280767684234013464657176623936707928551311958583633047977057872481610202131976,True,True,4.85139368911934311404768571569099743821091734405845367099176534143314537978732642882400769,True,0.00000000000000318554017228643853410055386047369136881123832194541213653676716546295756755730109004223257,0.0000000000000066777321300592022184636838086945545905736262799541349233082367296371563177990303720696457,0.00000000000000318554017228643853410055386047369136881123832194541213653676716546295756755730109004223257,available,True,True,True,False,above_budget,failed,FALSE,FALSE
199,25,ML,marker,0.050000000000000003,0.46729402053565358157811007659638080629044991029446520923342093762442523879238433704967732,True,True,4.94692892889278156309569264221320259988181279386119065430293306471621344364423602692030307,True,0.00000000000000356961760420571880777099423809089675430652906376533138582835977490819800611201225763869223,0.00000000000000604016951299830098199639458973352403293099232292210380618939290035498593342730409674514781,0.00000000000000356961760420571880777099423809089675430652906376533138582835977490819800611201225763869223,available,True,True,True,False,above_budget,failed,FALSE,FALSE
200,25,ML,sphere,0,0.00000040935716896323367730797591759543605178258611163525077149374484191224138513679923566298705,True,True,4.84712091519381287763502290241923917740272583425255576542072946513937036674709086442804127,True,0.00000000000000295639223288368771130898845843997569484311821490340510289916204591094054138270218555812009,0.00000000000000548983861135993128448001812275470459325406458634079516274763761393037918289181210986642003,0.00000000000000295639223288368771130898845843997569484311821490340510289916204591094054138270218555812009,available,True,True,True,False,within_budget,passed,TRUE,TRUE
201,26,ULS,marker,0,0.00000232004453421505503898972618002323909097776890228998833954346234899681885028296038740901083,True,True,21.0694998934419682793364688329038630413614649311706620840808585230423346383314250607604321,True,0.00000000000000111989495386166105336699377637838840298208970345424064939714750091755576976126789713662809,0.00000000000000185886381181467563461155987006028282720066766064798035140629560932638036696587650752499429,0.00000000000000383406562501255076137056386888130309658187815217082440814332679295172873779947057514033377,available,True,True,True,False,within_budget,passed,TRUE,TRUE
202,26,ULS,marker,0.01,0.101829012875362955937376576081175567134948208461874897847114981015315504875253932347038729,True,True,21.0904983054963958422514061720814872457394723354443565440670186394637954800383280718328592,True,0.00000000000000111989495386166105336699377637838840298208970345424064939714750091755576976126789713662809,0.00000000000000203036732245005784612371813586849659590998354540558324725385431284633777449190133991290362,0.00000000000000383406562501255076137056386888130309658187815217082440814332679295172873779947057514033377,available,True,True,True,False,above_budget,failed,FALSE,FALSE
203,26,ULS,marker,0.050000000000000003,0.509145543404041548674086781941859884987069674344054091318351228311192328392555742298035145,True,True,21.5944601948026596274040108899215113127952619455180103556293464310204768134563832182997998,True,0.00000000000000111989495386166105336699377637838840298208970345424064939714750091755576976126789713662809,0.00000000000000187911020525083891613081974101988180248713850108442114480459505287361785318240420391235812,0.00000000000000383406562501255076137056386888130309658187815217082440814332679295172873779947057514033377,available,True,True,True,False,above_budget,failed,FALSE,FALSE
204,26,ULS,sphere,0,0.000000677249528725663405606959033405187110238646028580350477941771655824818182027897042101518787,True,True,21.0694998934360334220160041661532606457822141729618857369201137474080325777244295150593895,True,0.00000000000000102943272762054543568603084239013747614566901415919274695215382569560515740707580223996883,0.00000000000000320693049994736372056487454784561767768770397871737305061790696329747834783217467787738933,0.0000000000000041556819664975059464406387041076135876344197259624972427472124139762338605870979377807134,available,True,True,True,False,within_budget,passed,TRUE,TRUE
205,26,ML,marker,0,0.000109590134953191937070004490379529677920315752641728726481006960651605880952510203447387487,True,True,10.4348173167464263881055877860408749119360249578478114934086409489806698066350845999067719,True,0.00000000000000454881540041143241275324068421589494321864410231963264796453621501939265158731200129131344,0.0000000000000113957044836824804673270991019296112966441152085302659953257276304795956731527465562800493,0.00000000000000454881540041143241275324068421589494321864410231963264796453621501939265158731200129131344,available,True,True,True,False,within_budget,passed,TRUE,TRUE
206,26,ML,marker,0.01,0.102126806978110603753554648731979592154608491692299722218044429481489250736831663127664613,True,True,10.4399323784548771984205050431977358667143629699728751324307503616757219920935645485856705,True,0.00000000000000399590524907270236216800011464190565237755811636782303021320430357324326028280412356417724,0.0000000000000110175060353778386943905822568788356688252519546196853131135142982392803033202256046909031,0.00000000000000399590524907270236216800011464190565237755811636782303021320430357324326028280412356417724,available,True,True,True,False,above_budget,failed,FALSE,FALSE
207,26,ML,marker,0.050000000000000003,0.511910646508601343597210472279401085543848155546614770708637637612675290933002979299841733,True,True,10.5535576450191788099064931545813675516794417073048712472252614080232707671204425396545835,True,0.00000000000000439396740863482700520570422287062384017629910652896219397279724643530531512099703706354582,0.000000000000012185793226554641155511663915103969575041134964689290448864221547338763654967361042779408,0.00000000000000439396740863482700520570422287062384017629910652896219397279724643530531512099703706354582,available,True,True,True,False,above_budget,failed,FALSE,FALSE
208,26,ML,sphere,0,0.0000381835419729613375589336063019804783796217520004435055185140252348759031675599879415732429,True,True,10.4348173114705529571299083205136546431156137145384908551274806072388257536673576750351534,True,0.00000000000000397187735198298161581388740379236294401296165753039525847877378141333419808368359620195254,0.0000000000000060964276647741594826377177272559270912619648431216584011864379252066285117465463882599345,0.00000000000000397187735198298161581388740379236294401296165753039525847877378141333419808368359620195254,available,True,True,True,False,within_budget,passed,TRUE,TRUE
209,27,ULS,marker,0,0.000000937057664742512447972780889834982181410058411892525808630274788277110912520604178568746482,True,True,32.8982398393531868112760563948845558403524287374823977808957752461152798864400466509970714,True,0.000000000000000781231879155165031937803909882808287199357780505381517495069715223232752840420796615179858,0.00000000000000298968010494648306331218032442979452082515939791625942774450967668702983807362309142077134,0.00000000000000330969108391832479770117235254684988635968923962767007323997202920716772361442082796376918,available,True,True,True,False,within_budget,passed,TRUE,TRUE
210,27,ULS,marker,0.01,0.093361201853062393166898697864625237283685987868480213831592213313473235951176391345931883,True,True,32.9239041030968476158992396468569843805450261019779412284184884389071343504877205514923547,True,0.000000000000000781231879155165031937803909882808287199357780505381517495069715223232752840420796615179858,0.00000000000000293133503073084641888496056088658438893637030915689571036791171664900762176371472721659364,0.00000000000000330969108391832479770117235254684988635968923962767007323997202920716772361442082796376918,available,True,True,True,False,above_budget,failed,FALSE,FALSE
211,27,ULS,marker,0.050000000000000003,0.466806661159981231018002766203421201663068263175079918544102324389105284444329255003652177,True,True,33.5398464312902400316394452846441529880062961138146706391014204803905071819240475843536545,True,0.000000000000000781231879155165031937803909882808287199357780505381517495069715223232752840420796615179858,0.00000000000000296878983557703071130252112941080267177623173035665204695064795404297712714807903892864117,0.00000000000000330969108391832479770117235254684988635968923962767007323997202920716772361442082796376918,available,True,True,True,False,above_budget,failed,FALSE,FALSE
212,27,ULS,sphere,0,0.000000452849466279430961244248013753020468018140828659840841874950766697349953480211320086120536,True,True,32.8982398393520039384547818165035464575515180979691660344842501115395191687190522982898997,True,0.00000000000000109519103300094778188945270553548070449311364760888327093319101149310168098107670464255751,0.00000000000000373565650156311281437405752727962607738716918099177271718412844523728023814658382940900434,0.00000000000000437375138286824872567640033233225542248407264724300577309738757039027206755353000719307707,available,True,True,True,False,within_budget,passed,TRUE,TRUE
213,27,ML,marker,0,0.0000213136686147216830205965457555350036687633522714351046758678120253853838018363828747962833,True,True,12.1096106388784632649318878174638295557283545716901572286903217423885859202013589119972056,True,0.00000000000000423410554740539129933922423087905768986609294602840326023186286203240985574484382358789201,0.00000000000000863269802082866133846813551777071560695508328259655500921891193737987712950103001056061171,0.00000000000000423410554740539129933922423087905768986609294602840326023186286203240985574484382358789201,available,True,True,True,False,within_budget,passed,TRUE,TRUE
214,27,ML,marker,0.01,0.0929641764902382715852753903731828442824414924382366065367458441383743170260358294064092033,True,True,12.113856434160500236262807797979925587799680395209043641679942750949407823961144261788387,True,0.0000000000000038669992420565348084754435583921339510118605224515697582319060712765610671482917985870038,0.0000000000000115523826809222764354249213225426708198570528020472491888585657050584907014832377982727644,0.0000000000000038669992420565348084754435583921339510118605224515697582319060712765610671482917985870038,available,True,True,True,False,above_budget,failed,FALSE,FALSE
215,27,ML,marker,0.050000000000000003,0.465768659322276126818850079730125769655726358732559664235386514106686401497064574816301264,True,True,12.2087993839987905045937515440071034276326057167889924896938371489708525594841779156576508,True,0.00000000000000450322703474572753822508464500490216933591800579651142784950865132224733142339588264665841,0.00000000000000807181434853576316885542248923317120567750090563903055491952368755215218620514631208290353,0.00000000000000450322703474572753822508464500490216933591800579651142784950865132224733142339588264665841,available,True,True,True,False,above_budget,failed,FALSE,FALSE
216,27,ML,sphere,0,0.0000464556046449169741656355484125305166728722044921856624746383778629417939808031842410639796,True,True,12.1096106397303868754026636293645411576271172117160699389235182744188877210854914429598041,True,0.00000000000000524299823715134014598774141497433709726798503849518982034051848420164595688436927510722446,0.0000000000000110145656051996414503858043176849796647565066241228105119685251768539656981140027004725199,0.00000000000000524299823715134014598774141497433709726798503849518982034051848420164595688436927510722446,available,True,True,True,False,within_budget,passed,TRUE,TRUE
217,28,ULS,marker,0,0.00000276879295443277133487773824127413890946036964966780865629252167320510421786998983546557261,True,True,24.1234691268891415387738154574758038879797137530650795829164971895504882504245799331922908,True,0.00000000000000100537152503060199865536875635632152567159643174150511397379067620057300591082771214995618,0.00000000000000333072541390637303632697996249415946374226596680574268434488001944095530840040729909333015,0.00000000000000426338806329073904000014951518041391775415279788009810538179455093710062089354882532577966,available,True,True,True,False,within_budget,passed,TRUE,TRUE
218,28,ULS,marker,0.01,0.0963845269851904606443594241189447169479456329815859563301179112541132156365244695450687341,True,True,24.1472499377072328712069047907304427665650006825986864263517100144892064073109324503687103,True,0.00000000000000100537152503060199865536875635632152567159643174150511397379067620057300591082771214995618,0.00000000000000342027976859408738331665136898918576551228931629354298917037813702289435256911156073372238,0.00000000000000426338806329073904000014951518041391775415279788009810538179455093710062089354882532577966,available,True,True,True,False,above_budget,failed,FALSE,FALSE
219,28,ULS,marker,0.050000000000000003,0.481924961765559553992506881029985424350760412721451409898311891210749452126783885638463401,True,True,24.7179893973414272708450439317051225122180399661842137948212843135205835587475050537844081,True,0.00000000000000100537152503060199865536875635632152567159643174150511397379067620057300591082771214995618,0.00000000000000337633307337270699070246463631181916111422467987308037691200417644304493236883561507885537,0.00000000000000426338806329073904000014951518041391775415279788009810538179455093710062089354882532577966,available,True,True,True,False,above_budget,failed,FALSE,FALSE
220,28,ULS,sphere,0,0.00000152281258329019566260345101238832624327683266931707742352840214304967768671158568220901206,True,True,24.1234691268712860901759625186768867902793994198390263705154759212181236510706799856413924,True,0.00000000000000116580699973480489328491098669445302832657630206786342840194370194493645295531036566745458,0.00000000000000375533574773801302244940276431445340187119473945213165109931583314070729810881115400671775,0.00000000000000383498671819801371658916793755409135705983851167964482610267388883903971319804232453273674,available,True,True,True,False,within_budget,passed,TRUE,TRUE
221,28,ML,marker,0,0.0000412810497917409094961126550814970053385071359957068813483312061392099874922577720277315758,True,True,7.65687687445998666680124722300377449718250394518286172642121598656332542753530766374904002,True,0.00000000000000443165390118829732900959898743104271547282494555469738730633163516970007999857953085121477,0.00000000000000769520938572413109268487919502902627753303791906868763701602806995911873585040556787008105,0.00000000000000443165390118829732900959898743104271547282494555469738730633163516970007999857953085121477,available,True,True,True,False,within_budget,passed,TRUE,TRUE
222,28,ML,marker,0.01,0.0967882967347676242635789207437186804880797830752651928999893229308822324792211014992412858,True,True,7.66147581771958648645067461960055435209526822007275725739434961318627131915293743001286988,True,0.00000000000000519829529890365726455091263945719499956460030417681854899927700103864855687350265155614534,0.00000000000000740583260906091307724179118878511204792442731496821975479043511380209929198113440284155725,0.00000000000000519829529890365726455091263945719499956460030417681854899927700103864855687350265155614534,available,True,True,True,False,above_budget,failed,FALSE,FALSE
223,28,ML,marker,0.050000000000000003,0.485025784176130843168676850923887117686065164813357077811025355745825796703080357479175301,True,True,7.7640343686758465533905106310113415177608527889310603080753483676272877014279228078859337,True,0.00000000000000500976673973469433920732140641175521711691332192073783501798993161442593760730014136065096,0.00000000000000564620616813680791990164597459738651023492326442836275421245652076384461163774285486174888,0.00000000000000500976673973469433920732140641175521711691332192073783501798993161442593760730014136065096,available,True,True,True,False,above_budget,failed,FALSE,FALSE
224,28,ML,sphere,0,0.0000327490124809898206085169547334558700348322034961083300943720902960240499609963212528160762,True,True,7.65687687414417327500347532991604736968995264376162033753856670692783578198287553381570808,True,0.00000000000000376284724107493714456082490767358794745205694814921930306718267317012259285685456522708652,0.00000000000000781634471756437553469778931990152924522186350772397820478487231348836509986942068354009831,0.00000000000000376284724107493714456082490767358794745205694814921930306718267317012259285685456522708652,available,True,True,True,False,within_budget,passed,TRUE,TRUE
225,29,ULS,marker,0,0.0000111910085880765553119606745282790636671989601869237913599412109235797110366963244811598454,True,True,28.5486312264586810087975252305181289885474951805188155678134280703394806345491759978380035,True,0.000000000000000778354724589461392961100233909822002076560415003897958426883064945441075763775649819675687,0.00000000000000260883861690528022612358421397728893510747579723396027983996084968722532133195673521126379,0.00000000000000358594414621867219135658914765802003420121895746190663328987261018024902530207382253885905,available,True,True,True,False,within_budget,passed,TRUE,TRUE
226,29,ULS,marker,0.01,0.0798494502955814323354637680593795106513628596734906803095843591821391511232925809631539289,True,True,28.5644098237752786867392667431227253992312888629771696472320634789887213934540285529714059,True,0.000000000000000778354724589461392961100233909822002076560415003897958426883064945441075763775649819675687,0.00000000000000264712008595749385254508081220331153340107722837304682237978534308531625262015154581837535,0.00000000000000358594414621867219135658914765802003420121895746190663328987261018024902530207382253885905,available,True,True,True,False,above_budget,failed,FALSE,FALSE
227,29,ULS,marker,0.050000000000000003,0.399234017668977985843694682045829162420935211269249611570344054427995382501344509032756467,True,True,28.9430961593736288740564488351550800095551071671328025693962561314475797836726941434811782,True,0.000000000000000778354724589461392961100233909822002076560415003897958426883064945441075763775649819675687,0.00000000000000257636495699432288630410366340251016589758169585270643315087400774268699091246711144128703,0.00000000000000358594414621867219135658914765802003420121895746190663328987261018024902530207382253885905,available,True,True,True,False,above_budget,failed,FALSE,FALSE
228,29,ULS,sphere,0,0.00000112585393372194849663706970631714897330497518085104542618823459543509838122383499929313749,True,True,28.5486312261242302347167162713742804618590679790317215456208559845387233086547875787074161,True,0.00000000000000111678381248760419666956171146559495053835602812492082735139025906376158728609924860717535,0.00000000000000349357747183225295524800310102551965836687166834002760371397591226238347305406546963150723,0.00000000000000337191034139733652748941551511305808768717394153528468907578713291400926096939043841221381,available,True,True,True,False,within_budget,passed,TRUE,TRUE
229,29,ML,marker,0,0.0000231519832702221185834791182339871068195134623240631062132204184969779840719262467004829832,True,True,10.6902619541624297386080895964298904187154415144629982120050542640435273791837479367520129,True,0.00000000000000397090711781241460684919424080144937530206898621988738437053193938174776500850136015303395,0.0000000000000075820887325959437183729240154501762927336829979397387265933764376503336304171880897191984,0.00000000000000397090711781241460684919424080144937530206898621988738437053193938174776500850136015303395,available,True,True,True,False,within_budget,passed,TRUE,TRUE
230,29,ML,marker,0.01,0.0823431328431502974014911038569810945313233923695262331357479415212243277603228419541354875,True,True,10.6935997361812026090399319776188157740152469591581154407734578563390438808818945017560157,True,0.00000000000000374544790888217133280962533053310958900515658933790120380881887288776357420597709269385504,0.00000000000000725947494020966436669797359170734462746825044620995021469027972914277439396069312440252633,0.00000000000000374544790888217133280962533053310958900515658933790120380881887288776357420597709269385504,available,True,True,True,False,above_budget,failed,FALSE,FALSE
231,29,ML,marker,0.050000000000000003,0.412416663230385362800111801000269919302966339734306960329470389290304256274527848716357681,True,True,10.7688391927125154483127181777247245771698788541747197121068069063287845171450710005427124,True,0.0000000000000039546317451629635124249573011383116392758606308051406133240684847084112322181401332096391,0.0000000000000071401534456862096458827122032051536112175174297183598081920731028962406336876496188104143,0.0000000000000039546317451629635124249573011383116392758606308051406133240684847084112322181401332096391,available,True,True,True,False,above_budget,failed,FALSE,FALSE
232,29,ML,sphere,0,0.0000344572948064117389622494445192166228809270734311066111126835069770475641919576571095740888,True,True,10.6902619544880755231554617387563387912367193428707249680827101854067199028297663168747105,True,0.00000000000000478888366105343553657328913629047484985083346559867990505489198709873617706555521936416273,0.00000000000000623414176961298239505789840938636197969450874811491166314681195285184335732831678919422132,0.00000000000000478888366105343553657328913629047484985083346559867990505489198709873617706555521936416273,available,True,True,True,False,within_budget,passed,TRUE,TRUE
233,30,ULS,marker,0,0.000000112186195691402080105679471627649587004245413037261204715574991936249467708171950067557979,True,True,13.6083104924705535991541229376331273573386780130518295589818362445332409800355919862819363,True,0.00000000000000101566432875565969792624070668646723459671236828681734227933054358671453253198680940572161,0.00000000000000268789934960682215091183782185306666445752262081702410797431170451829186553429774828637449,0.00000000000000488131280364011340259223885790164087681249057716355510293969961056498090197158904352135982,available,True,True,True,False,within_budget,passed,TRUE,TRUE
234,30,ULS,marker,0.01,0.091801121036720629610114334487172700572167451500373785152430655100965230829985736916985199,True,True,13.641889048685917741297364186180498862439484865175620355247017952541215117366667312355851,True,0.00000000000000101566432875565969792624070668646723459671236828681734227933054358671453253198680940572161,0.00000000000000290118939058285766847549251370223769595958605256262744764435958108587826086784822605808279,0.00000000000000488131280364011340259223885790164087681249057716355510293969961056498090197158904352135982,available,True,True,True,False,above_budget,failed,FALSE,FALSE
235,30,ULS,marker,0.050000000000000003,0.459005699773032301871451334277656825218510714359055612267563211531550252152814995288861424,True,True,14.4477743978546571527351541513174149848588493161465994656113789447325944133124751381298054,True,0.00000000000000101566432875565969792624070668646723459671236828681734227933054358671453253198680940572161,0.0000000000000028837622345705494386863272876713574744447344155347535217054836778283990940551961013030718,0.00000000000000488131280364011340259223885790164087681249057716355510293969961056498090197158904352135982,available,True,True,True,False,above_budget,failed,FALSE,FALSE
236,30,ULS,sphere,0,0.0000000890844824145447045026646183396777298749363959852609841492251222180646646743958972044778941,True,True,13.6083104924705307346997533585606805371315647012429127138320543173218294132164483343920015,True,0.00000000000000113320661578663210089346198756617258760124811485285559554108745082654136975357165896404305,0.00000000000000466439193944541288502651171262894481276424880287609032447295813936629272799876158258450344,0.0000000000000070291905443827077854767601488717971016467627430727650945619708316044276492246494750614875,available,True,True,True,False,within_budget,passed,TRUE,TRUE
237,30,ML,marker,0,0.0000366306818751341832825288100900026650602762828556463941660804655264701226219839601150292635,True,True,6.99693372507365008635357517513741089684944734944428500929759769367351738445555943284121183,True,0.00000000000000432117992304611277684670119054272709681938705980703578528887063160950858892241725038008876,0.00000000000000880759766806065992255167103184899159030002574434131878485488241582091474454362493573804147,0.00000000000000432117992304611277684670119054272709681938705980703578528887063160950858892241725038008876,available,True,True,True,False,within_budget,passed,TRUE,TRUE
238,30,ML,marker,0.01,0.0920696977106542590288813155015686457770016324456836383179539544374812712519965011172323956,True,True,7.00109891621052777848804343987538806211544034451651867443170470394558518453261805294639861,True,0.00000000000000421985412324292776590681882229217716306696617580580251026028051706252389012802460845329669,0.00000000000000890212473789950336896106724349977673903003209983229640627891066212719486254127998140722087,0.00000000000000421985412324292776590681882229217716306696617580580251026028051706252389012802460845329669,available,True,True,True,False,above_budget,failed,FALSE,FALSE
239,30,ML,marker,0.050000000000000003,0.46131797933797073818180699417769206508262851026779800008733055096111360980429892214220106,True,True,7.09432011960136834522394445586255860217013627434266180403236636061892427690341034280170346,True,0.00000000000000371413830056708851257438731475131181968426132471146420433143573185706311518012447696675571,0.0000000000000100811819200886397367138459395560468850956755512438584226571060467968268757646655276938339,0.00000000000000371413830056708851257438731475131181968426132471146420433143573185706311518012447696675571,available,True,True,True,False,above_budget,failed,FALSE,FALSE
240,30,ML,sphere,0,0.0000439239996864416085711267562846762967262238781865800517016477901170075202977961064861996154,True,True,6.99693372536739984682828269666366792239282262781492376020540277418592212305246430280202979,True,0.00000000000000467858930604518029077158700882761082584914097501572985717440402019196589219989128468453196,0.00000000000000486579562546824021096825984083305498928540877958482695541329858033902168816701649673902324,0.00000000000000467858930604518029077158700882761082584914097501572985717440402019196589219989128468453196,available,True,True,True,False,within_budget,passed,TRUE,TRUE
