"case_id","role","design","route","coordinates","optimizer","portfolio","calls","reference_available","returned","selected_start","objective","match","common_pass","native_pass","seconds"
1,"retained","ernst","covariance_full","mixed","nlopt-lbfgs","fabin3",1,TRUE,FALSE,"",,FALSE,FALSE,FALSE,0.101
1,"retained","ernst","covariance_full","mixed","nlopt-lbfgs","shared",2,TRUE,FALSE,"",,FALSE,FALSE,FALSE,0.101
1,"retained","ernst","covariance_full","mixed","nlopt-lbfgs","signed",4,TRUE,FALSE,"",,FALSE,FALSE,FALSE,0.0099999999999999
1,"retained","ernst","covariance_full","mixed","nlopt-lbfgs","all",6,TRUE,FALSE,"",,FALSE,FALSE,FALSE,0.111
2,"retained","ernst","covariance_full","mixed","nlopt-lbfgs","fabin3",1,TRUE,FALSE,"",,FALSE,FALSE,FALSE,0
2,"retained","ernst","covariance_full","mixed","nlopt-lbfgs","shared",2,TRUE,FALSE,"",,FALSE,FALSE,FALSE,0
2,"retained","ernst","covariance_full","mixed","nlopt-lbfgs","signed",4,TRUE,TRUE,"signed_1_-1",2.35775183901287,FALSE,FALSE,FALSE,0.0109999999999999
2,"retained","ernst","covariance_full","mixed","nlopt-lbfgs","all",6,TRUE,TRUE,"signed_1_-1",2.35775183901287,FALSE,FALSE,FALSE,0.0109999999999999
3,"retained","ernst","covariance_full","mixed","nlopt-lbfgs","fabin3",1,TRUE,FALSE,"",,FALSE,FALSE,FALSE,0
3,"retained","ernst","covariance_full","mixed","nlopt-lbfgs","shared",2,TRUE,FALSE,"",,FALSE,FALSE,FALSE,0
3,"retained","ernst","covariance_full","mixed","nlopt-lbfgs","signed",4,TRUE,TRUE,"signed_1_1",0.019155417451101,FALSE,FALSE,FALSE,0.0129999999999995
3,"retained","ernst","covariance_full","mixed","nlopt-lbfgs","all",6,TRUE,TRUE,"signed_1_1",0.019155417451101,FALSE,FALSE,FALSE,0.0129999999999995
4,"retained","ernst","covariance_full","mixed","nlopt-lbfgs","fabin3",1,TRUE,FALSE,"",,FALSE,FALSE,FALSE,0.00099999999999989
4,"retained","ernst","covariance_full","mixed","nlopt-lbfgs","shared",2,TRUE,FALSE,"",,FALSE,FALSE,FALSE,0.00099999999999989
4,"retained","ernst","covariance_full","mixed","nlopt-lbfgs","signed",4,TRUE,TRUE,"signed_-1_-1",6.63868532858322,FALSE,FALSE,FALSE,0.0150000000000001
4,"retained","ernst","covariance_full","mixed","nlopt-lbfgs","all",6,TRUE,TRUE,"signed_-1_-1",6.63868532858322,FALSE,FALSE,FALSE,0.016
5,"retained","ernst","covariance_full","mixed","nlopt-lbfgs","fabin3",1,TRUE,FALSE,"",,FALSE,FALSE,FALSE,0.00099999999999989
5,"retained","ernst","covariance_full","mixed","nlopt-lbfgs","shared",2,TRUE,FALSE,"",,FALSE,FALSE,FALSE,0.00199999999999978
5,"retained","ernst","covariance_full","mixed","nlopt-lbfgs","signed",4,TRUE,TRUE,"signed_1_-1",9.89779110973286,FALSE,FALSE,FALSE,0.0169999999999995
5,"retained","ernst","covariance_full","mixed","nlopt-lbfgs","all",6,TRUE,TRUE,"signed_1_-1",9.89779110973286,FALSE,FALSE,FALSE,0.0189999999999992
6,"fresh","ernst","covariance_full","mixed","nlopt-lbfgs","fabin3",1,TRUE,FALSE,"",,FALSE,FALSE,FALSE,0.00100000000000033
6,"fresh","ernst","covariance_full","mixed","nlopt-lbfgs","shared",2,TRUE,FALSE,"",,FALSE,FALSE,FALSE,0.00200000000000067
6,"fresh","ernst","covariance_full","mixed","nlopt-lbfgs","signed",4,TRUE,TRUE,"signed_-1_1",0.708563646080083,FALSE,FALSE,FALSE,0.00900000000000034
6,"fresh","ernst","covariance_full","mixed","nlopt-lbfgs","all",6,TRUE,TRUE,"signed_-1_1",0.708563646080083,FALSE,FALSE,FALSE,0.011000000000001
7,"fresh","ernst","covariance_full","mixed","nlopt-lbfgs","fabin3",1,TRUE,FALSE,"",,FALSE,FALSE,FALSE,0
7,"fresh","ernst","covariance_full","mixed","nlopt-lbfgs","shared",2,TRUE,FALSE,"",,FALSE,FALSE,FALSE,0.000999999999999446
7,"fresh","ernst","covariance_full","mixed","nlopt-lbfgs","signed",4,TRUE,TRUE,"signed_-1_-1",35.8567366516423,FALSE,FALSE,FALSE,0.0119999999999987
7,"fresh","ernst","covariance_full","mixed","nlopt-lbfgs","all",6,TRUE,TRUE,"signed_-1_-1",35.8567366516423,FALSE,FALSE,FALSE,0.0129999999999981
8,"fresh","ernst","covariance_full","mixed","nlopt-lbfgs","fabin3",1,TRUE,FALSE,"",,FALSE,FALSE,FALSE,0.000999999999999446
8,"fresh","ernst","covariance_full","mixed","nlopt-lbfgs","shared",2,TRUE,FALSE,"",,FALSE,FALSE,FALSE,0.00199999999999978
8,"fresh","ernst","covariance_full","mixed","nlopt-lbfgs","signed",4,TRUE,TRUE,"signed_1_1",0.203566509844621,FALSE,FALSE,FALSE,0.0170000000000003
8,"fresh","ernst","covariance_full","mixed","nlopt-lbfgs","all",6,TRUE,TRUE,"signed_1_1",0.203566509844621,FALSE,FALSE,FALSE,0.0190000000000001
9,"fresh","ernst","covariance_full","mixed","nlopt-lbfgs","fabin3",1,TRUE,FALSE,"",,FALSE,FALSE,FALSE,0
9,"fresh","ernst","covariance_full","mixed","nlopt-lbfgs","shared",2,TRUE,FALSE,"",,FALSE,FALSE,FALSE,0.00100000000000033
9,"fresh","ernst","covariance_full","mixed","nlopt-lbfgs","signed",4,TRUE,FALSE,"",,FALSE,FALSE,FALSE,0.0230000000000015
9,"fresh","ernst","covariance_full","mixed","nlopt-lbfgs","all",6,TRUE,FALSE,"",,FALSE,FALSE,FALSE,0.0240000000000018
10,"fresh","ernst","covariance_full","mixed","nlopt-lbfgs","fabin3",1,TRUE,FALSE,"",,FALSE,FALSE,FALSE,0
10,"fresh","ernst","covariance_full","mixed","nlopt-lbfgs","shared",2,TRUE,FALSE,"",,FALSE,FALSE,FALSE,0.000999999999999446
10,"fresh","ernst","covariance_full","mixed","nlopt-lbfgs","signed",4,TRUE,FALSE,"",,FALSE,FALSE,FALSE,0.0210000000000008
10,"fresh","ernst","covariance_full","mixed","nlopt-lbfgs","all",6,TRUE,FALSE,"",,FALSE,FALSE,FALSE,0.0220000000000002
11,"fresh","ernst","covariance_full","mixed","nlopt-lbfgs","fabin3",1,TRUE,FALSE,"",,FALSE,FALSE,FALSE,0.000999999999999446
11,"fresh","ernst","covariance_full","mixed","nlopt-lbfgs","shared",2,TRUE,FALSE,"",,FALSE,FALSE,FALSE,0.00200000000000067
11,"fresh","ernst","covariance_full","mixed","nlopt-lbfgs","signed",4,TRUE,TRUE,"signed_1_1",0.124701564699487,FALSE,FALSE,FALSE,0.00900000000000212
11,"fresh","ernst","covariance_full","mixed","nlopt-lbfgs","all",6,TRUE,TRUE,"signed_1_1",0.124701564699487,FALSE,FALSE,FALSE,0.0110000000000028
12,"fresh","ernst","covariance_full","mixed","nlopt-lbfgs","fabin3",1,TRUE,FALSE,"",,FALSE,FALSE,FALSE,0.000999999999999446
12,"fresh","ernst","covariance_full","mixed","nlopt-lbfgs","shared",2,TRUE,FALSE,"",,FALSE,FALSE,FALSE,0.000999999999999446
12,"fresh","ernst","covariance_full","mixed","nlopt-lbfgs","signed",4,TRUE,TRUE,"signed_1_1",3.27900341758491,FALSE,FALSE,FALSE,0.0109999999999975
12,"fresh","ernst","covariance_full","mixed","nlopt-lbfgs","all",6,TRUE,TRUE,"signed_1_1",3.27900341758491,FALSE,FALSE,FALSE,0.0119999999999969
13,"fresh","ernst","covariance_full","mixed","nlopt-lbfgs","fabin3",1,TRUE,FALSE,"",,FALSE,FALSE,FALSE,0.00100000000000122
13,"fresh","ernst","covariance_full","mixed","nlopt-lbfgs","shared",2,TRUE,FALSE,"",,FALSE,FALSE,FALSE,0.00200000000000244
13,"fresh","ernst","covariance_full","mixed","nlopt-lbfgs","signed",4,TRUE,FALSE,"",,FALSE,FALSE,FALSE,0.0160000000000018
13,"fresh","ernst","covariance_full","mixed","nlopt-lbfgs","all",6,TRUE,FALSE,"",,FALSE,FALSE,FALSE,0.0180000000000042
14,"fresh","ernst","covariance_full","mixed","nlopt-lbfgs","fabin3",1,TRUE,FALSE,"",,FALSE,FALSE,FALSE,0.000999999999999446
14,"fresh","ernst","covariance_full","mixed","nlopt-lbfgs","shared",2,TRUE,FALSE,"",,FALSE,FALSE,FALSE,0.00200000000000067
14,"fresh","ernst","covariance_full","mixed","nlopt-lbfgs","signed",4,TRUE,TRUE,"signed_1_1",0.267268675905073,FALSE,FALSE,FALSE,0.016
14,"fresh","ernst","covariance_full","mixed","nlopt-lbfgs","all",6,TRUE,TRUE,"signed_1_1",0.267268675905073,FALSE,FALSE,FALSE,0.0180000000000007
15,"fresh","ernst","covariance_full","mixed","nlopt-lbfgs","fabin3",1,TRUE,FALSE,"",,FALSE,FALSE,FALSE,0.00100000000000122
15,"fresh","ernst","covariance_full","mixed","nlopt-lbfgs","shared",2,TRUE,FALSE,"",,FALSE,FALSE,FALSE,0.00200000000000067
15,"fresh","ernst","covariance_full","mixed","nlopt-lbfgs","signed",4,TRUE,TRUE,"signed_1_-1",29.3565214808142,FALSE,FALSE,FALSE,0.0289999999999999
15,"fresh","ernst","covariance_full","mixed","nlopt-lbfgs","all",6,TRUE,TRUE,"signed_1_-1",29.3565214808142,FALSE,FALSE,FALSE,0.0310000000000006
16,"fresh","weak_marker","covariance_full","mixed","nlopt-lbfgs","fabin3",1,TRUE,FALSE,"",,FALSE,FALSE,FALSE,0.000999999999999446
16,"fresh","weak_marker","covariance_full","mixed","nlopt-lbfgs","shared",2,TRUE,FALSE,"",,FALSE,FALSE,FALSE,0.00200000000000067
16,"fresh","weak_marker","covariance_full","mixed","nlopt-lbfgs","signed",4,TRUE,TRUE,"signed_-1_-1",32.4095705846213,FALSE,FALSE,FALSE,0.00599999999999845
16,"fresh","weak_marker","covariance_full","mixed","nlopt-lbfgs","all",6,TRUE,TRUE,"signed_-1_-1",32.4095705846213,FALSE,FALSE,FALSE,0.00799999999999912
17,"fresh","weak_marker","covariance_full","mixed","nlopt-lbfgs","fabin3",1,TRUE,FALSE,"",,FALSE,FALSE,FALSE,0.00100000000000122
17,"fresh","weak_marker","covariance_full","mixed","nlopt-lbfgs","shared",2,TRUE,FALSE,"",,FALSE,FALSE,FALSE,0.00200000000000067
17,"fresh","weak_marker","covariance_full","mixed","nlopt-lbfgs","signed",4,TRUE,TRUE,"signed_-1_-1",76.0994660315583,FALSE,FALSE,FALSE,0.00300000000000011
17,"fresh","weak_marker","covariance_full","mixed","nlopt-lbfgs","all",6,TRUE,TRUE,"signed_-1_-1",76.0994660315583,FALSE,FALSE,FALSE,0.00500000000000078
18,"fresh","weak_marker","covariance_full","mixed","nlopt-lbfgs","fabin3",1,TRUE,FALSE,"",,FALSE,FALSE,FALSE,0.000999999999999446
18,"fresh","weak_marker","covariance_full","mixed","nlopt-lbfgs","shared",2,TRUE,FALSE,"",,FALSE,FALSE,FALSE,0.00200000000000067
18,"fresh","weak_marker","covariance_full","mixed","nlopt-lbfgs","signed",4,TRUE,TRUE,"signed_-1_1",9.81565523852216,FALSE,FALSE,FALSE,0.00499999999999901
18,"fresh","weak_marker","covariance_full","mixed","nlopt-lbfgs","all",6,TRUE,TRUE,"signed_-1_1",9.81565523852216,FALSE,FALSE,FALSE,0.00699999999999967
19,"fresh","weak_marker","covariance_full","mixed","nlopt-lbfgs","fabin3",1,TRUE,FALSE,"",,FALSE,FALSE,FALSE,0.000999999999997669
19,"fresh","weak_marker","covariance_full","mixed","nlopt-lbfgs","shared",2,TRUE,FALSE,"",,FALSE,FALSE,FALSE,0.000999999999997669
19,"fresh","weak_marker","covariance_full","mixed","nlopt-lbfgs","signed",4,TRUE,FALSE,"",,FALSE,FALSE,FALSE,0.0110000000000028
19,"fresh","weak_marker","covariance_full","mixed","nlopt-lbfgs","all",6,TRUE,FALSE,"",,FALSE,FALSE,FALSE,0.0120000000000005
20,"fresh","weak_marker","covariance_full","mixed","nlopt-lbfgs","fabin3",1,TRUE,FALSE,"",,FALSE,FALSE,FALSE,0.000999999999997669
20,"fresh","weak_marker","covariance_full","mixed","nlopt-lbfgs","shared",2,TRUE,FALSE,"",,FALSE,FALSE,FALSE,0.00199999999999889
20,"fresh","weak_marker","covariance_full","mixed","nlopt-lbfgs","signed",4,TRUE,TRUE,"signed_1_1",47.0659859393287,FALSE,FALSE,FALSE,0.00500000000000256
20,"fresh","weak_marker","covariance_full","mixed","nlopt-lbfgs","all",6,TRUE,TRUE,"signed_1_1",47.0659859393287,FALSE,FALSE,FALSE,0.00700000000000145
21,"fresh","weak_marker","covariance_full","mixed","nlopt-lbfgs","fabin3",1,TRUE,FALSE,"",,FALSE,FALSE,FALSE,0.00100000000000122
21,"fresh","weak_marker","covariance_full","mixed","nlopt-lbfgs","shared",2,TRUE,FALSE,"",,FALSE,FALSE,FALSE,0.00199999999999889
21,"fresh","weak_marker","covariance_full","mixed","nlopt-lbfgs","signed",4,TRUE,FALSE,"",,FALSE,FALSE,FALSE,0.00300000000000367
21,"fresh","weak_marker","covariance_full","mixed","nlopt-lbfgs","all",6,TRUE,FALSE,"",,FALSE,FALSE,FALSE,0.00500000000000256
22,"fresh","weak_marker","covariance_full","mixed","nlopt-lbfgs","fabin3",1,TRUE,FALSE,"",,FALSE,FALSE,FALSE,0.00100000000000122
22,"fresh","weak_marker","covariance_full","mixed","nlopt-lbfgs","shared",2,TRUE,FALSE,"",,FALSE,FALSE,FALSE,0.00200000000000244
22,"fresh","weak_marker","covariance_full","mixed","nlopt-lbfgs","signed",4,TRUE,FALSE,"",,FALSE,FALSE,FALSE,0.00100000000000122
22,"fresh","weak_marker","covariance_full","mixed","nlopt-lbfgs","all",6,TRUE,FALSE,"",,FALSE,FALSE,FALSE,0.00300000000000367
23,"fresh","weak_marker","covariance_full","mixed","nlopt-lbfgs","fabin3",1,TRUE,FALSE,"",,FALSE,FALSE,FALSE,0.000999999999997669
23,"fresh","weak_marker","covariance_full","mixed","nlopt-lbfgs","shared",2,TRUE,FALSE,"",,FALSE,FALSE,FALSE,0.00199999999999889
23,"fresh","weak_marker","covariance_full","mixed","nlopt-lbfgs","signed",4,TRUE,TRUE,"signed_1_-1",0.53112894965093,FALSE,FALSE,FALSE,0.00500000000000256
23,"fresh","weak_marker","covariance_full","mixed","nlopt-lbfgs","all",6,TRUE,TRUE,"signed_1_-1",0.53112894965093,FALSE,FALSE,FALSE,0.00700000000000145
24,"fresh","weak_marker","covariance_full","mixed","nlopt-lbfgs","fabin3",1,TRUE,FALSE,"",,FALSE,FALSE,FALSE,0
24,"fresh","weak_marker","covariance_full","mixed","nlopt-lbfgs","shared",2,TRUE,FALSE,"",,FALSE,FALSE,FALSE,0
24,"fresh","weak_marker","covariance_full","mixed","nlopt-lbfgs","signed",4,TRUE,TRUE,"signed_-1_-1",25.79145391585,FALSE,FALSE,FALSE,0.0290000000000035
24,"fresh","weak_marker","covariance_full","mixed","nlopt-lbfgs","all",6,TRUE,TRUE,"signed_-1_-1",25.79145391585,FALSE,FALSE,FALSE,0.0290000000000035
25,"fresh","weak_marker","covariance_full","mixed","nlopt-lbfgs","fabin3",1,TRUE,FALSE,"",,FALSE,FALSE,FALSE,0
25,"fresh","weak_marker","covariance_full","mixed","nlopt-lbfgs","shared",2,TRUE,FALSE,"",,FALSE,FALSE,FALSE,0.000999999999997669
25,"fresh","weak_marker","covariance_full","mixed","nlopt-lbfgs","signed",4,TRUE,TRUE,"signed_1_1",1.46205026901052,FALSE,FALSE,FALSE,0.00300000000000011
25,"fresh","weak_marker","covariance_full","mixed","nlopt-lbfgs","all",6,TRUE,TRUE,"signed_1_1",1.46205026901052,FALSE,FALSE,FALSE,0.00399999999999778
1,"retained","ernst","covariance_profiled","mixed","nlopt-lbfgs","fabin3",1,TRUE,TRUE,"fabin3",0.143565425016616,TRUE,FALSE,FALSE,0.002
1,"retained","ernst","covariance_profiled","mixed","nlopt-lbfgs","shared",2,TRUE,TRUE,"fabin3",0.143565425016616,TRUE,FALSE,FALSE,0.004
1,"retained","ernst","covariance_profiled","mixed","nlopt-lbfgs","signed",4,TRUE,TRUE,"signed_1_1",0.146512359377976,FALSE,FALSE,FALSE,0.0079999999999999
1,"retained","ernst","covariance_profiled","mixed","nlopt-lbfgs","all",6,TRUE,TRUE,"fabin3",0.143565425016616,TRUE,FALSE,FALSE,0.0119999999999999
2,"retained","ernst","covariance_profiled","mixed","nlopt-lbfgs","fabin3",1,TRUE,TRUE,"fabin3",1.39590412326585,FALSE,FALSE,FALSE,0.002
2,"retained","ernst","covariance_profiled","mixed","nlopt-lbfgs","shared",2,TRUE,TRUE,"layered",1.39587279365926,FALSE,FALSE,FALSE,0.004
2,"retained","ernst","covariance_profiled","mixed","nlopt-lbfgs","signed",4,TRUE,TRUE,"signed_1_1",1.39562625183459,FALSE,FALSE,FALSE,0.00500000000000012
2,"retained","ernst","covariance_profiled","mixed","nlopt-lbfgs","all",6,TRUE,TRUE,"signed_1_1",1.39562625183459,FALSE,FALSE,FALSE,0.00900000000000012
3,"retained","ernst","covariance_profiled","mixed","nlopt-lbfgs","fabin3",1,TRUE,TRUE,"fabin3",0.0250273100888112,FALSE,FALSE,FALSE,0.00100000000000033
3,"retained","ernst","covariance_profiled","mixed","nlopt-lbfgs","shared",2,TRUE,TRUE,"fabin3",0.0250273100888112,FALSE,FALSE,FALSE,0.00200000000000022
3,"retained","ernst","covariance_profiled","mixed","nlopt-lbfgs","signed",4,TRUE,TRUE,"signed_1_1",0.0250273100888113,FALSE,FALSE,FALSE,0.00700000000000012
3,"retained","ernst","covariance_profiled","mixed","nlopt-lbfgs","all",6,TRUE,TRUE,"fabin3",0.0250273100888112,FALSE,FALSE,FALSE,0.00900000000000034
4,"retained","ernst","covariance_profiled","mixed","nlopt-lbfgs","fabin3",1,TRUE,TRUE,"fabin3",13.7107012672134,FALSE,FALSE,FALSE,0.00099999999999989
4,"retained","ernst","covariance_profiled","mixed","nlopt-lbfgs","shared",2,TRUE,TRUE,"layered",13.7107012538121,FALSE,FALSE,FALSE,0.00199999999999978
4,"retained","ernst","covariance_profiled","mixed","nlopt-lbfgs","signed",4,TRUE,TRUE,"signed_-1_1",2.86374601669579,TRUE,FALSE,FALSE,0.0379999999999994
4,"retained","ernst","covariance_profiled","mixed","nlopt-lbfgs","all",6,TRUE,TRUE,"signed_-1_1",2.86374601669579,TRUE,FALSE,FALSE,0.0399999999999991
5,"retained","ernst","covariance_profiled","mixed","nlopt-lbfgs","fabin3",1,TRUE,TRUE,"fabin3",3.47838465512232,FALSE,FALSE,FALSE,0.00099999999999989
5,"retained","ernst","covariance_profiled","mixed","nlopt-lbfgs","shared",2,TRUE,TRUE,"layered",3.47793407368566,TRUE,FALSE,FALSE,0.00199999999999978
5,"retained","ernst","covariance_profiled","mixed","nlopt-lbfgs","signed",4,TRUE,TRUE,"signed_1_1",3.47793407368568,TRUE,FALSE,FALSE,0.00499999999999812
5,"retained","ernst","covariance_profiled","mixed","nlopt-lbfgs","all",6,TRUE,TRUE,"layered",3.47793407368566,TRUE,FALSE,FALSE,0.0069999999999979
6,"fresh","ernst","covariance_profiled","mixed","nlopt-lbfgs","fabin3",1,TRUE,TRUE,"fabin3",0.244117386228982,FALSE,FALSE,FALSE,0.000999999999999446
6,"fresh","ernst","covariance_profiled","mixed","nlopt-lbfgs","shared",2,TRUE,TRUE,"fabin3",0.244117386228982,FALSE,FALSE,FALSE,0.00199999999999978
6,"fresh","ernst","covariance_profiled","mixed","nlopt-lbfgs","signed",4,TRUE,TRUE,"signed_1_1",0.244126574961354,FALSE,FALSE,FALSE,0.00500000000000167
6,"fresh","ernst","covariance_profiled","mixed","nlopt-lbfgs","all",6,TRUE,TRUE,"fabin3",0.244117386228982,FALSE,FALSE,FALSE,0.00700000000000145
7,"fresh","ernst","covariance_profiled","mixed","nlopt-lbfgs","fabin3",1,TRUE,TRUE,"fabin3",0.63628954773555,FALSE,FALSE,FALSE,0.00199999999999978
7,"fresh","ernst","covariance_profiled","mixed","nlopt-lbfgs","shared",2,TRUE,TRUE,"layered",0.290388968236208,FALSE,FALSE,FALSE,0.00299999999999923
7,"fresh","ernst","covariance_profiled","mixed","nlopt-lbfgs","signed",4,TRUE,TRUE,"signed_-1_1",0.0771700707785933,TRUE,FALSE,FALSE,0.00700000000000056
7,"fresh","ernst","covariance_profiled","mixed","nlopt-lbfgs","all",6,TRUE,TRUE,"signed_-1_1",0.0771700707785933,TRUE,FALSE,FALSE,0.00999999999999979
8,"fresh","ernst","covariance_profiled","mixed","nlopt-lbfgs","fabin3",1,TRUE,TRUE,"fabin3",0.112736483775799,TRUE,FALSE,FALSE,0.00100000000000033
8,"fresh","ernst","covariance_profiled","mixed","nlopt-lbfgs","shared",2,TRUE,TRUE,"fabin3",0.112736483775799,TRUE,FALSE,FALSE,0.00199999999999978
8,"fresh","ernst","covariance_profiled","mixed","nlopt-lbfgs","signed",4,TRUE,TRUE,"signed_1_1",0.112736483775799,TRUE,FALSE,FALSE,0.00699999999999878
8,"fresh","ernst","covariance_profiled","mixed","nlopt-lbfgs","all",6,TRUE,TRUE,"fabin3",0.112736483775799,TRUE,FALSE,FALSE,0.00899999999999856
9,"fresh","ernst","covariance_profiled","mixed","nlopt-lbfgs","fabin3",1,TRUE,TRUE,"fabin3",0.0777334505128075,FALSE,FALSE,FALSE,0.00100000000000033
9,"fresh","ernst","covariance_profiled","mixed","nlopt-lbfgs","shared",2,TRUE,TRUE,"layered",0.0777334505126127,FALSE,FALSE,FALSE,0.00199999999999978
9,"fresh","ernst","covariance_profiled","mixed","nlopt-lbfgs","signed",4,TRUE,TRUE,"signed_1_1",0.0777334505142642,FALSE,FALSE,FALSE,0.00900000000000034
9,"fresh","ernst","covariance_profiled","mixed","nlopt-lbfgs","all",6,TRUE,TRUE,"layered",0.0777334505126127,FALSE,FALSE,FALSE,0.0110000000000001
10,"fresh","ernst","covariance_profiled","mixed","nlopt-lbfgs","fabin3",1,TRUE,TRUE,"fabin3",0.00642905505962421,FALSE,FALSE,FALSE,0.00200000000000067
10,"fresh","ernst","covariance_profiled","mixed","nlopt-lbfgs","shared",2,TRUE,TRUE,"layered",0.00551439062211493,FALSE,FALSE,FALSE,0.00300000000000011
10,"fresh","ernst","covariance_profiled","mixed","nlopt-lbfgs","signed",4,TRUE,TRUE,"signed_1_1",0.00710420887354652,FALSE,FALSE,FALSE,0.0069999999999979
10,"fresh","ernst","covariance_profiled","mixed","nlopt-lbfgs","all",6,TRUE,TRUE,"layered",0.00551439062211493,FALSE,FALSE,FALSE,0.00999999999999801
11,"fresh","ernst","covariance_profiled","mixed","nlopt-lbfgs","fabin3",1,TRUE,TRUE,"fabin3",0.133637351666165,FALSE,FALSE,FALSE,0.000999999999999446
11,"fresh","ernst","covariance_profiled","mixed","nlopt-lbfgs","shared",2,TRUE,TRUE,"layered",0.133542872332634,FALSE,FALSE,FALSE,0.00199999999999889
11,"fresh","ernst","covariance_profiled","mixed","nlopt-lbfgs","signed",4,TRUE,TRUE,"signed_1_1",0.132090457013066,FALSE,FALSE,FALSE,0.00699999999999967
11,"fresh","ernst","covariance_profiled","mixed","nlopt-lbfgs","all",6,TRUE,TRUE,"signed_1_1",0.132090457013066,FALSE,FALSE,FALSE,0.00899999999999856
12,"fresh","ernst","covariance_profiled","mixed","nlopt-lbfgs","fabin3",1,TRUE,TRUE,"fabin3",0.960051736021774,TRUE,FALSE,FALSE,0.000999999999999446
12,"fresh","ernst","covariance_profiled","mixed","nlopt-lbfgs","shared",2,TRUE,TRUE,"fabin3",0.960051736021774,TRUE,FALSE,FALSE,0.00199999999999889
12,"fresh","ernst","covariance_profiled","mixed","nlopt-lbfgs","signed",4,TRUE,TRUE,"signed_1_1",0.960051736021774,TRUE,FALSE,FALSE,0.00500000000000078
12,"fresh","ernst","covariance_profiled","mixed","nlopt-lbfgs","all",6,TRUE,TRUE,"fabin3",0.960051736021774,TRUE,FALSE,FALSE,0.00699999999999967
13,"fresh","ernst","covariance_profiled","mixed","nlopt-lbfgs","fabin3",1,TRUE,TRUE,"fabin3",0.0292043978466936,TRUE,FALSE,FALSE,0.00100000000000122
13,"fresh","ernst","covariance_profiled","mixed","nlopt-lbfgs","shared",2,TRUE,TRUE,"layered",0.0292043978466935,TRUE,FALSE,FALSE,0.00200000000000067
13,"fresh","ernst","covariance_profiled","mixed","nlopt-lbfgs","signed",4,TRUE,TRUE,"signed_1_1",0.0292043978466935,TRUE,FALSE,FALSE,0.00699999999999967
13,"fresh","ernst","covariance_profiled","mixed","nlopt-lbfgs","all",6,TRUE,TRUE,"layered",0.0292043978466935,TRUE,FALSE,FALSE,0.00900000000000034
14,"fresh","ernst","covariance_profiled","mixed","nlopt-lbfgs","fabin3",1,TRUE,TRUE,"fabin3",0.0364591135938131,TRUE,FALSE,FALSE,0.00100000000000122
14,"fresh","ernst","covariance_profiled","mixed","nlopt-lbfgs","shared",2,TRUE,TRUE,"fabin3",0.0364591135938131,TRUE,FALSE,FALSE,0.00200000000000067
14,"fresh","ernst","covariance_profiled","mixed","nlopt-lbfgs","signed",4,TRUE,TRUE,"signed_1_1",0.0364591135938362,TRUE,FALSE,FALSE,0.0069999999999979
14,"fresh","ernst","covariance_profiled","mixed","nlopt-lbfgs","all",6,TRUE,TRUE,"fabin3",0.0364591135938131,TRUE,FALSE,FALSE,0.00899999999999856
15,"fresh","ernst","covariance_profiled","mixed","nlopt-lbfgs","fabin3",1,TRUE,TRUE,"fabin3",0.322666659040069,TRUE,FALSE,FALSE,0.000999999999999446
15,"fresh","ernst","covariance_profiled","mixed","nlopt-lbfgs","shared",2,TRUE,TRUE,"fabin3",0.322666659040069,TRUE,FALSE,FALSE,0.00199999999999889
15,"fresh","ernst","covariance_profiled","mixed","nlopt-lbfgs","signed",4,TRUE,TRUE,"signed_1_1",0.323574826367529,FALSE,FALSE,FALSE,0.0250000000000021
15,"fresh","ernst","covariance_profiled","mixed","nlopt-lbfgs","all",6,TRUE,TRUE,"fabin3",0.322666659040069,TRUE,FALSE,FALSE,0.027000000000001
16,"fresh","weak_marker","covariance_profiled","mixed","nlopt-lbfgs","fabin3",1,TRUE,TRUE,"fabin3",24.8787946650111,FALSE,FALSE,FALSE,0.00300000000000011
16,"fresh","weak_marker","covariance_profiled","mixed","nlopt-lbfgs","shared",2,TRUE,TRUE,"fabin3",24.8787946650111,FALSE,FALSE,FALSE,0.0229999999999997
16,"fresh","weak_marker","covariance_profiled","mixed","nlopt-lbfgs","signed",4,TRUE,TRUE,"signed_-1_-1",0.157595959251574,FALSE,FALSE,FALSE,0.00799999999999912
16,"fresh","weak_marker","covariance_profiled","mixed","nlopt-lbfgs","all",6,TRUE,TRUE,"signed_-1_-1",0.157595959251574,FALSE,FALSE,FALSE,0.0309999999999988
17,"fresh","weak_marker","covariance_profiled","mixed","nlopt-lbfgs","fabin3",1,TRUE,TRUE,"fabin3",0.0266511572400087,FALSE,FALSE,FALSE,0.00200000000000067
17,"fresh","weak_marker","covariance_profiled","mixed","nlopt-lbfgs","shared",2,TRUE,TRUE,"layered",0.026649133720947,FALSE,FALSE,FALSE,0.00300000000000011
17,"fresh","weak_marker","covariance_profiled","mixed","nlopt-lbfgs","signed",4,TRUE,TRUE,"signed_1_1",0.0270523697835347,FALSE,FALSE,FALSE,0.00999999999999801
17,"fresh","weak_marker","covariance_profiled","mixed","nlopt-lbfgs","all",6,TRUE,TRUE,"layered",0.026649133720947,FALSE,FALSE,FALSE,0.0129999999999981
18,"fresh","weak_marker","covariance_profiled","mixed","nlopt-lbfgs","fabin3",1,TRUE,TRUE,"fabin3",38.1374907079216,FALSE,FALSE,FALSE,0.00199999999999889
18,"fresh","weak_marker","covariance_profiled","mixed","nlopt-lbfgs","shared",2,TRUE,TRUE,"layered",0.0349306949078712,FALSE,FALSE,FALSE,0.00299999999999834
18,"fresh","weak_marker","covariance_profiled","mixed","nlopt-lbfgs","signed",4,TRUE,TRUE,"signed_-1_1",0.00974278425189605,FALSE,FALSE,FALSE,0.00999999999999979
18,"fresh","weak_marker","covariance_profiled","mixed","nlopt-lbfgs","all",6,TRUE,TRUE,"signed_-1_1",0.00974278425189605,FALSE,FALSE,FALSE,0.0129999999999981
19,"fresh","weak_marker","covariance_profiled","mixed","nlopt-lbfgs","fabin3",1,TRUE,TRUE,"fabin3",0.176483516021277,FALSE,FALSE,FALSE,0.00300000000000011
19,"fresh","weak_marker","covariance_profiled","mixed","nlopt-lbfgs","shared",2,TRUE,TRUE,"layered",0.176483516021276,FALSE,FALSE,FALSE,0.00700000000000145
19,"fresh","weak_marker","covariance_profiled","mixed","nlopt-lbfgs","signed",4,TRUE,TRUE,"signed_1_-1",0.176452547370616,FALSE,FALSE,FALSE,0.0250000000000021
19,"fresh","weak_marker","covariance_profiled","mixed","nlopt-lbfgs","all",6,TRUE,TRUE,"signed_1_-1",0.176452547370616,FALSE,FALSE,FALSE,0.0320000000000036
20,"fresh","weak_marker","covariance_profiled","mixed","nlopt-lbfgs","fabin3",1,TRUE,TRUE,"fabin3",37.9544907810849,FALSE,FALSE,FALSE,0.00100000000000122
20,"fresh","weak_marker","covariance_profiled","mixed","nlopt-lbfgs","shared",2,TRUE,TRUE,"layered",37.8807264921312,FALSE,FALSE,FALSE,0.00200000000000244
20,"fresh","weak_marker","covariance_profiled","mixed","nlopt-lbfgs","signed",4,TRUE,TRUE,"signed_-1_-1",9.47814201147208,FALSE,FALSE,FALSE,0.00799999999999557
20,"fresh","weak_marker","covariance_profiled","mixed","nlopt-lbfgs","all",6,TRUE,TRUE,"signed_-1_-1",9.47814201147208,FALSE,FALSE,FALSE,0.00999999999999801
21,"fresh","weak_marker","covariance_profiled","mixed","nlopt-lbfgs","fabin3",1,TRUE,TRUE,"fabin3",0.11796382235175,FALSE,FALSE,FALSE,0.00199999999999889
21,"fresh","weak_marker","covariance_profiled","mixed","nlopt-lbfgs","shared",2,TRUE,TRUE,"fabin3",0.11796382235175,FALSE,FALSE,FALSE,0.00399999999999778
21,"fresh","weak_marker","covariance_profiled","mixed","nlopt-lbfgs","signed",4,TRUE,TRUE,"signed_-1_-1",0.0966965416413586,FALSE,FALSE,FALSE,0.014999999999997
21,"fresh","weak_marker","covariance_profiled","mixed","nlopt-lbfgs","all",6,TRUE,TRUE,"signed_-1_-1",0.0966965416413586,FALSE,FALSE,FALSE,0.0189999999999948
22,"fresh","weak_marker","covariance_profiled","mixed","nlopt-lbfgs","fabin3",1,TRUE,TRUE,"fabin3",0.126878712081543,FALSE,FALSE,FALSE,0.00100000000000122
22,"fresh","weak_marker","covariance_profiled","mixed","nlopt-lbfgs","shared",2,TRUE,TRUE,"fabin3",0.126878712081543,FALSE,FALSE,FALSE,0.00200000000000244
22,"fresh","weak_marker","covariance_profiled","mixed","nlopt-lbfgs","signed",4,TRUE,TRUE,"signed_-1_1",0.112632177857575,FALSE,FALSE,FALSE,0.00799999999999912
22,"fresh","weak_marker","covariance_profiled","mixed","nlopt-lbfgs","all",6,TRUE,TRUE,"signed_-1_1",0.112632177857575,FALSE,FALSE,FALSE,0.0100000000000016
23,"fresh","weak_marker","covariance_profiled","mixed","nlopt-lbfgs","fabin3",1,TRUE,TRUE,"fabin3",0.112495016498054,FALSE,FALSE,FALSE,0.00199999999999889
23,"fresh","weak_marker","covariance_profiled","mixed","nlopt-lbfgs","shared",2,TRUE,TRUE,"layered",0.105976382846705,FALSE,FALSE,FALSE,0.00400000000000134
23,"fresh","weak_marker","covariance_profiled","mixed","nlopt-lbfgs","signed",4,TRUE,TRUE,"signed_1_1",0.105975865375206,FALSE,FALSE,FALSE,0.0229999999999926
23,"fresh","weak_marker","covariance_profiled","mixed","nlopt-lbfgs","all",6,TRUE,TRUE,"signed_1_1",0.105975865375206,FALSE,FALSE,FALSE,0.0269999999999939
24,"fresh","weak_marker","covariance_profiled","mixed","nlopt-lbfgs","fabin3",1,TRUE,TRUE,"fabin3",0.974696523581215,FALSE,FALSE,FALSE,0.00199999999999889
24,"fresh","weak_marker","covariance_profiled","mixed","nlopt-lbfgs","shared",2,TRUE,TRUE,"layered",0.670135698861601,FALSE,FALSE,FALSE,0.00299999999999656
24,"fresh","weak_marker","covariance_profiled","mixed","nlopt-lbfgs","signed",4,TRUE,TRUE,"signed_1_1",0.0536330765921028,FALSE,FALSE,FALSE,0.00900000000000034
24,"fresh","weak_marker","covariance_profiled","mixed","nlopt-lbfgs","all",6,TRUE,TRUE,"signed_1_1",0.0536330765921028,FALSE,FALSE,FALSE,0.0119999999999969
25,"fresh","weak_marker","covariance_profiled","mixed","nlopt-lbfgs","fabin3",1,TRUE,TRUE,"fabin3",0.353052070903573,FALSE,FALSE,FALSE,0.00199999999999889
25,"fresh","weak_marker","covariance_profiled","mixed","nlopt-lbfgs","shared",2,TRUE,TRUE,"layered",0.352833567030285,FALSE,FALSE,FALSE,0.00300000000000011
25,"fresh","weak_marker","covariance_profiled","mixed","nlopt-lbfgs","signed",4,TRUE,TRUE,"signed_1_-1",0.223272558968605,FALSE,FALSE,FALSE,0.0129999999999981
25,"fresh","weak_marker","covariance_profiled","mixed","nlopt-lbfgs","all",6,TRUE,TRUE,"signed_1_-1",0.223272558968605,FALSE,FALSE,FALSE,0.0159999999999982
1,"retained","ernst","regression_marker","mixed","nlopt-lbfgs","fabin3",1,TRUE,FALSE,"",,FALSE,FALSE,FALSE,0.00900000000000001
1,"retained","ernst","regression_marker","mixed","nlopt-lbfgs","shared",2,TRUE,FALSE,"",,FALSE,FALSE,FALSE,0.0099999999999999
1,"retained","ernst","regression_marker","mixed","nlopt-lbfgs","signed",4,TRUE,FALSE,"",,FALSE,FALSE,FALSE,0.0100000000000001
1,"retained","ernst","regression_marker","mixed","nlopt-lbfgs","all",6,TRUE,FALSE,"",,FALSE,FALSE,FALSE,0.02
2,"retained","ernst","regression_marker","mixed","nlopt-lbfgs","fabin3",1,TRUE,FALSE,"",,FALSE,FALSE,FALSE,0
2,"retained","ernst","regression_marker","mixed","nlopt-lbfgs","shared",2,TRUE,FALSE,"",,FALSE,FALSE,FALSE,0.00099999999999989
2,"retained","ernst","regression_marker","mixed","nlopt-lbfgs","signed",4,TRUE,FALSE,"",,FALSE,FALSE,FALSE,0.00700000000000012
2,"retained","ernst","regression_marker","mixed","nlopt-lbfgs","all",6,TRUE,FALSE,"",,FALSE,FALSE,FALSE,0.00800000000000001
3,"retained","ernst","regression_marker","mixed","nlopt-lbfgs","fabin3",1,TRUE,FALSE,"",,FALSE,FALSE,FALSE,0
3,"retained","ernst","regression_marker","mixed","nlopt-lbfgs","shared",2,TRUE,FALSE,"",,FALSE,FALSE,FALSE,0
3,"retained","ernst","regression_marker","mixed","nlopt-lbfgs","signed",4,TRUE,TRUE,"signed_1_1",0.0192482171981731,FALSE,FALSE,FALSE,0.0150000000000001
3,"retained","ernst","regression_marker","mixed","nlopt-lbfgs","all",6,TRUE,TRUE,"signed_1_1",0.0192482171981731,FALSE,FALSE,FALSE,0.0150000000000001
4,"retained","ernst","regression_marker","mixed","nlopt-lbfgs","fabin3",1,TRUE,FALSE,"",,FALSE,FALSE,FALSE,0.00099999999999989
4,"retained","ernst","regression_marker","mixed","nlopt-lbfgs","shared",2,TRUE,FALSE,"",,FALSE,FALSE,FALSE,0.00200000000000022
4,"retained","ernst","regression_marker","mixed","nlopt-lbfgs","signed",4,TRUE,FALSE,"",,FALSE,FALSE,FALSE,0.0180000000000002
4,"retained","ernst","regression_marker","mixed","nlopt-lbfgs","all",6,TRUE,FALSE,"",,FALSE,FALSE,FALSE,0.0200000000000005
5,"retained","ernst","regression_marker","mixed","nlopt-lbfgs","fabin3",1,TRUE,FALSE,"",,FALSE,FALSE,FALSE,0.00099999999999989
5,"retained","ernst","regression_marker","mixed","nlopt-lbfgs","shared",2,TRUE,FALSE,"",,FALSE,FALSE,FALSE,0.00099999999999989
5,"retained","ernst","regression_marker","mixed","nlopt-lbfgs","signed",4,TRUE,FALSE,"",,FALSE,FALSE,FALSE,0.0100000000000002
5,"retained","ernst","regression_marker","mixed","nlopt-lbfgs","all",6,TRUE,FALSE,"",,FALSE,FALSE,FALSE,0.0110000000000001
6,"fresh","ernst","regression_marker","mixed","nlopt-lbfgs","fabin3",1,TRUE,FALSE,"",,FALSE,FALSE,FALSE,0.00100000000000033
6,"fresh","ernst","regression_marker","mixed","nlopt-lbfgs","shared",2,TRUE,FALSE,"",,FALSE,FALSE,FALSE,0.00200000000000067
6,"fresh","ernst","regression_marker","mixed","nlopt-lbfgs","signed",4,TRUE,TRUE,"signed_-1_1",0.585118034980618,FALSE,FALSE,FALSE,0.00899999999999945
6,"fresh","ernst","regression_marker","mixed","nlopt-lbfgs","all",6,TRUE,TRUE,"signed_-1_1",0.585118034980618,FALSE,FALSE,FALSE,0.0110000000000001
7,"fresh","ernst","regression_marker","mixed","nlopt-lbfgs","fabin3",1,TRUE,FALSE,"",,FALSE,FALSE,FALSE,0.000999999999999446
7,"fresh","ernst","regression_marker","mixed","nlopt-lbfgs","shared",2,TRUE,FALSE,"",,FALSE,FALSE,FALSE,0.000999999999999446
7,"fresh","ernst","regression_marker","mixed","nlopt-lbfgs","signed",4,TRUE,TRUE,"signed_1_-1",36.59578562087,FALSE,FALSE,FALSE,0.00800000000000001
7,"fresh","ernst","regression_marker","mixed","nlopt-lbfgs","all",6,TRUE,TRUE,"signed_1_-1",36.59578562087,FALSE,FALSE,FALSE,0.00899999999999945
8,"fresh","ernst","regression_marker","mixed","nlopt-lbfgs","fabin3",1,TRUE,FALSE,"",,FALSE,FALSE,FALSE,0
8,"fresh","ernst","regression_marker","mixed","nlopt-lbfgs","shared",2,TRUE,FALSE,"",,FALSE,FALSE,FALSE,0
8,"fresh","ernst","regression_marker","mixed","nlopt-lbfgs","signed",4,TRUE,TRUE,"signed_1_1",0.222013889164508,FALSE,FALSE,FALSE,0.0139999999999993
8,"fresh","ernst","regression_marker","mixed","nlopt-lbfgs","all",6,TRUE,TRUE,"signed_1_1",0.222013889164508,FALSE,FALSE,FALSE,0.0139999999999993
9,"fresh","ernst","regression_marker","mixed","nlopt-lbfgs","fabin3",1,TRUE,FALSE,"",,FALSE,FALSE,FALSE,0.00100000000000033
9,"fresh","ernst","regression_marker","mixed","nlopt-lbfgs","shared",2,TRUE,FALSE,"",,FALSE,FALSE,FALSE,0.00100000000000033
9,"fresh","ernst","regression_marker","mixed","nlopt-lbfgs","signed",4,TRUE,TRUE,"signed_1_1",0.019257825605947,FALSE,FALSE,FALSE,0.0210000000000008
9,"fresh","ernst","regression_marker","mixed","nlopt-lbfgs","all",6,TRUE,TRUE,"signed_1_1",0.019257825605947,FALSE,FALSE,FALSE,0.0220000000000011
10,"fresh","ernst","regression_marker","mixed","nlopt-lbfgs","fabin3",1,TRUE,FALSE,"",,FALSE,FALSE,FALSE,0.000999999999999446
10,"fresh","ernst","regression_marker","mixed","nlopt-lbfgs","shared",2,TRUE,FALSE,"",,FALSE,FALSE,FALSE,0.00199999999999889
10,"fresh","ernst","regression_marker","mixed","nlopt-lbfgs","signed",4,TRUE,FALSE,"",,FALSE,FALSE,FALSE,0.0189999999999984
10,"fresh","ernst","regression_marker","mixed","nlopt-lbfgs","all",6,TRUE,FALSE,"",,FALSE,FALSE,FALSE,0.0209999999999972
11,"fresh","ernst","regression_marker","mixed","nlopt-lbfgs","fabin3",1,TRUE,FALSE,"",,FALSE,FALSE,FALSE,0.000999999999999446
11,"fresh","ernst","regression_marker","mixed","nlopt-lbfgs","shared",2,TRUE,FALSE,"",,FALSE,FALSE,FALSE,0.00199999999999889
11,"fresh","ernst","regression_marker","mixed","nlopt-lbfgs","signed",4,TRUE,FALSE,"",,FALSE,FALSE,FALSE,0.0170000000000012
11,"fresh","ernst","regression_marker","mixed","nlopt-lbfgs","all",6,TRUE,FALSE,"",,FALSE,FALSE,FALSE,0.0190000000000001
12,"fresh","ernst","regression_marker","mixed","nlopt-lbfgs","fabin3",1,TRUE,FALSE,"",,FALSE,FALSE,FALSE,0.000999999999999446
12,"fresh","ernst","regression_marker","mixed","nlopt-lbfgs","shared",2,TRUE,FALSE,"",,FALSE,FALSE,FALSE,0.00199999999999889
12,"fresh","ernst","regression_marker","mixed","nlopt-lbfgs","signed",4,TRUE,FALSE,"",,FALSE,FALSE,FALSE,0.0109999999999992
12,"fresh","ernst","regression_marker","mixed","nlopt-lbfgs","all",6,TRUE,FALSE,"",,FALSE,FALSE,FALSE,0.0129999999999981
13,"fresh","ernst","regression_marker","mixed","nlopt-lbfgs","fabin3",1,TRUE,FALSE,"",,FALSE,FALSE,FALSE,0.00100000000000122
13,"fresh","ernst","regression_marker","mixed","nlopt-lbfgs","shared",2,TRUE,FALSE,"",,FALSE,FALSE,FALSE,0.00100000000000122
13,"fresh","ernst","regression_marker","mixed","nlopt-lbfgs","signed",4,TRUE,TRUE,"signed_1_1",0.0471783193421194,FALSE,FALSE,FALSE,0.0120000000000005
13,"fresh","ernst","regression_marker","mixed","nlopt-lbfgs","all",6,TRUE,TRUE,"signed_1_1",0.0471783193421194,FALSE,FALSE,FALSE,0.0130000000000017
14,"fresh","ernst","regression_marker","mixed","nlopt-lbfgs","fabin3",1,TRUE,FALSE,"",,FALSE,FALSE,FALSE,0.000999999999999446
14,"fresh","ernst","regression_marker","mixed","nlopt-lbfgs","shared",2,TRUE,FALSE,"",,FALSE,FALSE,FALSE,0.00200000000000067
14,"fresh","ernst","regression_marker","mixed","nlopt-lbfgs","signed",4,TRUE,TRUE,"signed_1_-1",28.2798471349514,FALSE,FALSE,FALSE,0.0259999999999998
14,"fresh","ernst","regression_marker","mixed","nlopt-lbfgs","all",6,TRUE,TRUE,"signed_1_-1",28.2798471349514,FALSE,FALSE,FALSE,0.0280000000000005
15,"fresh","ernst","regression_marker","mixed","nlopt-lbfgs","fabin3",1,TRUE,FALSE,"",,FALSE,FALSE,FALSE,0.00100000000000122
15,"fresh","ernst","regression_marker","mixed","nlopt-lbfgs","shared",2,TRUE,FALSE,"",,FALSE,FALSE,FALSE,0.00100000000000122
15,"fresh","ernst","regression_marker","mixed","nlopt-lbfgs","signed",4,TRUE,TRUE,"signed_1_-1",26.626336018265,FALSE,FALSE,FALSE,0.020999999999999
15,"fresh","ernst","regression_marker","mixed","nlopt-lbfgs","all",6,TRUE,TRUE,"signed_1_-1",26.626336018265,FALSE,FALSE,FALSE,0.0220000000000002
16,"fresh","weak_marker","regression_marker","mixed","nlopt-lbfgs","fabin3",1,TRUE,FALSE,"",,FALSE,FALSE,FALSE,0
16,"fresh","weak_marker","regression_marker","mixed","nlopt-lbfgs","shared",2,TRUE,FALSE,"",,FALSE,FALSE,FALSE,0
16,"fresh","weak_marker","regression_marker","mixed","nlopt-lbfgs","signed",4,TRUE,TRUE,"signed_-1_-1",32.4095702917652,FALSE,FALSE,FALSE,0.00499999999999901
16,"fresh","weak_marker","regression_marker","mixed","nlopt-lbfgs","all",6,TRUE,TRUE,"signed_-1_-1",32.4095702917652,FALSE,FALSE,FALSE,0.00499999999999901
17,"fresh","weak_marker","regression_marker","mixed","nlopt-lbfgs","fabin3",1,TRUE,FALSE,"",,FALSE,FALSE,FALSE,0.00100000000000122
17,"fresh","weak_marker","regression_marker","mixed","nlopt-lbfgs","shared",2,TRUE,FALSE,"",,FALSE,FALSE,FALSE,0.00200000000000244
17,"fresh","weak_marker","regression_marker","mixed","nlopt-lbfgs","signed",4,TRUE,FALSE,"",,FALSE,FALSE,FALSE,0.00399999999999956
17,"fresh","weak_marker","regression_marker","mixed","nlopt-lbfgs","all",6,TRUE,FALSE,"",,FALSE,FALSE,FALSE,0.006000000000002
18,"fresh","weak_marker","regression_marker","mixed","nlopt-lbfgs","fabin3",1,TRUE,FALSE,"",,FALSE,FALSE,FALSE,0
18,"fresh","weak_marker","regression_marker","mixed","nlopt-lbfgs","shared",2,TRUE,FALSE,"",,FALSE,FALSE,FALSE,0
18,"fresh","weak_marker","regression_marker","mixed","nlopt-lbfgs","signed",4,TRUE,TRUE,"signed_-1_1",9.81389789418561,FALSE,FALSE,FALSE,0.00500000000000256
18,"fresh","weak_marker","regression_marker","mixed","nlopt-lbfgs","all",6,TRUE,TRUE,"signed_-1_1",9.81389789418561,FALSE,FALSE,FALSE,0.00500000000000256
19,"fresh","weak_marker","regression_marker","mixed","nlopt-lbfgs","fabin3",1,TRUE,FALSE,"",,FALSE,FALSE,FALSE,0.00100000000000122
19,"fresh","weak_marker","regression_marker","mixed","nlopt-lbfgs","shared",2,TRUE,FALSE,"",,FALSE,FALSE,FALSE,0.00200000000000244
19,"fresh","weak_marker","regression_marker","mixed","nlopt-lbfgs","signed",4,TRUE,FALSE,"",,FALSE,FALSE,FALSE,0.0100000000000016
19,"fresh","weak_marker","regression_marker","mixed","nlopt-lbfgs","all",6,TRUE,FALSE,"",,FALSE,FALSE,FALSE,0.012000000000004
20,"fresh","weak_marker","regression_marker","mixed","nlopt-lbfgs","fabin3",1,TRUE,FALSE,"",,FALSE,FALSE,FALSE,0.000999999999997669
20,"fresh","weak_marker","regression_marker","mixed","nlopt-lbfgs","shared",2,TRUE,FALSE,"",,FALSE,FALSE,FALSE,0.00199999999999889
20,"fresh","weak_marker","regression_marker","mixed","nlopt-lbfgs","signed",4,TRUE,TRUE,"signed_-1_1",46.9167418297389,FALSE,FALSE,FALSE,0.00500000000000256
20,"fresh","weak_marker","regression_marker","mixed","nlopt-lbfgs","all",6,TRUE,TRUE,"signed_-1_1",46.9167418297389,FALSE,FALSE,FALSE,0.00700000000000145
21,"fresh","weak_marker","regression_marker","mixed","nlopt-lbfgs","fabin3",1,TRUE,FALSE,"",,FALSE,FALSE,FALSE,0.00100000000000122
21,"fresh","weak_marker","regression_marker","mixed","nlopt-lbfgs","shared",2,TRUE,FALSE,"",,FALSE,FALSE,FALSE,0.00200000000000244
21,"fresh","weak_marker","regression_marker","mixed","nlopt-lbfgs","signed",4,TRUE,FALSE,"",,FALSE,FALSE,FALSE,0.00300000000000011
21,"fresh","weak_marker","regression_marker","mixed","nlopt-lbfgs","all",6,TRUE,FALSE,"",,FALSE,FALSE,FALSE,0.00500000000000256
22,"fresh","weak_marker","regression_marker","mixed","nlopt-lbfgs","fabin3",1,TRUE,FALSE,"",,FALSE,FALSE,FALSE,0.00100000000000122
22,"fresh","weak_marker","regression_marker","mixed","nlopt-lbfgs","shared",2,TRUE,FALSE,"",,FALSE,FALSE,FALSE,0.00100000000000122
22,"fresh","weak_marker","regression_marker","mixed","nlopt-lbfgs","signed",4,TRUE,FALSE,"",,FALSE,FALSE,FALSE,0.00300000000000367
22,"fresh","weak_marker","regression_marker","mixed","nlopt-lbfgs","all",6,TRUE,FALSE,"",,FALSE,FALSE,FALSE,0.00400000000000489
23,"fresh","weak_marker","regression_marker","mixed","nlopt-lbfgs","fabin3",1,TRUE,FALSE,"",,FALSE,FALSE,FALSE,0
23,"fresh","weak_marker","regression_marker","mixed","nlopt-lbfgs","shared",2,TRUE,FALSE,"",,FALSE,FALSE,FALSE,0.00100000000000122
23,"fresh","weak_marker","regression_marker","mixed","nlopt-lbfgs","signed",4,TRUE,TRUE,"signed_1_-1",0.515517977292094,FALSE,FALSE,FALSE,0.00400000000000134
23,"fresh","weak_marker","regression_marker","mixed","nlopt-lbfgs","all",6,TRUE,TRUE,"signed_1_-1",0.515517977292094,FALSE,FALSE,FALSE,0.00500000000000256
24,"fresh","weak_marker","regression_marker","mixed","nlopt-lbfgs","fabin3",1,TRUE,FALSE,"",,FALSE,FALSE,FALSE,0.00100000000000122
24,"fresh","weak_marker","regression_marker","mixed","nlopt-lbfgs","shared",2,TRUE,FALSE,"",,FALSE,FALSE,FALSE,0.00200000000000244
24,"fresh","weak_marker","regression_marker","mixed","nlopt-lbfgs","signed",4,TRUE,FALSE,"",,FALSE,FALSE,FALSE,0.032
24,"fresh","weak_marker","regression_marker","mixed","nlopt-lbfgs","all",6,TRUE,FALSE,"",,FALSE,FALSE,FALSE,0.0340000000000025
25,"fresh","weak_marker","regression_marker","mixed","nlopt-lbfgs","fabin3",1,TRUE,FALSE,"",,FALSE,FALSE,FALSE,0.000999999999997669
25,"fresh","weak_marker","regression_marker","mixed","nlopt-lbfgs","shared",2,TRUE,FALSE,"",,FALSE,FALSE,FALSE,0.000999999999997669
25,"fresh","weak_marker","regression_marker","mixed","nlopt-lbfgs","signed",4,TRUE,TRUE,"signed_1_1",1.46748612272775,FALSE,FALSE,FALSE,0.00400000000000134
25,"fresh","weak_marker","regression_marker","mixed","nlopt-lbfgs","all",6,TRUE,TRUE,"signed_1_1",1.46748612272775,FALSE,FALSE,FALSE,0.00499999999999901
1,"retained","ernst","regression_sphere","mixed","nlopt-lbfgs","fabin3",1,TRUE,FALSE,"",,FALSE,FALSE,FALSE,0.0189999999999999
1,"retained","ernst","regression_sphere","mixed","nlopt-lbfgs","shared",2,TRUE,FALSE,"",,FALSE,FALSE,FALSE,0.0199999999999999
1,"retained","ernst","regression_sphere","mixed","nlopt-lbfgs","signed",4,TRUE,FALSE,"",,FALSE,FALSE,FALSE,0.0379999999999999
1,"retained","ernst","regression_sphere","mixed","nlopt-lbfgs","all",6,TRUE,FALSE,"",,FALSE,FALSE,FALSE,0.0579999999999998
2,"retained","ernst","regression_sphere","mixed","nlopt-lbfgs","fabin3",1,TRUE,FALSE,"",,FALSE,FALSE,FALSE,0.00100000000000011
2,"retained","ernst","regression_sphere","mixed","nlopt-lbfgs","shared",2,TRUE,FALSE,"",,FALSE,FALSE,FALSE,0.002
2,"retained","ernst","regression_sphere","mixed","nlopt-lbfgs","signed",4,TRUE,TRUE,"signed_1_-1",1.47002289514315,FALSE,FALSE,FALSE,0.0459999999999998
2,"retained","ernst","regression_sphere","mixed","nlopt-lbfgs","all",6,TRUE,TRUE,"signed_1_-1",1.47002289514315,FALSE,FALSE,FALSE,0.0479999999999998
3,"retained","ernst","regression_sphere","mixed","nlopt-lbfgs","fabin3",1,TRUE,FALSE,"",,FALSE,FALSE,FALSE,0.00099999999999989
3,"retained","ernst","regression_sphere","mixed","nlopt-lbfgs","shared",2,TRUE,FALSE,"",,FALSE,FALSE,FALSE,0.00199999999999978
3,"retained","ernst","regression_sphere","mixed","nlopt-lbfgs","signed",4,TRUE,TRUE,"signed_1_1",0.0180526801015519,FALSE,FALSE,FALSE,0.0449999999999999
3,"retained","ernst","regression_sphere","mixed","nlopt-lbfgs","all",6,TRUE,TRUE,"signed_1_1",0.0180526801015519,FALSE,FALSE,FALSE,0.0469999999999997
4,"retained","ernst","regression_sphere","mixed","nlopt-lbfgs","fabin3",1,TRUE,FALSE,"",,FALSE,FALSE,FALSE,0.00099999999999989
4,"retained","ernst","regression_sphere","mixed","nlopt-lbfgs","shared",2,TRUE,FALSE,"",,FALSE,FALSE,FALSE,0.00199999999999978
4,"retained","ernst","regression_sphere","mixed","nlopt-lbfgs","signed",4,TRUE,TRUE,"signed_-1_-1",16.5348585007276,FALSE,FALSE,FALSE,0.036
4,"retained","ernst","regression_sphere","mixed","nlopt-lbfgs","all",6,TRUE,TRUE,"signed_-1_-1",16.5348585007276,FALSE,FALSE,FALSE,0.0379999999999998
5,"retained","ernst","regression_sphere","mixed","nlopt-lbfgs","fabin3",1,TRUE,FALSE,"",,FALSE,FALSE,FALSE,0
5,"retained","ernst","regression_sphere","mixed","nlopt-lbfgs","shared",2,TRUE,FALSE,"",,FALSE,FALSE,FALSE,0.00099999999999989
5,"retained","ernst","regression_sphere","mixed","nlopt-lbfgs","signed",4,TRUE,TRUE,"signed_1_1",3.47974445310879,FALSE,FALSE,FALSE,0.0409999999999999
5,"retained","ernst","regression_sphere","mixed","nlopt-lbfgs","all",6,TRUE,TRUE,"signed_1_1",3.47974445310879,FALSE,FALSE,FALSE,0.0419999999999998
6,"fresh","ernst","regression_sphere","mixed","nlopt-lbfgs","fabin3",1,TRUE,FALSE,"",,FALSE,FALSE,FALSE,0
6,"fresh","ernst","regression_sphere","mixed","nlopt-lbfgs","shared",2,TRUE,FALSE,"",,FALSE,FALSE,FALSE,0
6,"fresh","ernst","regression_sphere","mixed","nlopt-lbfgs","signed",4,TRUE,FALSE,"",,FALSE,FALSE,FALSE,0.0460000000000003
6,"fresh","ernst","regression_sphere","mixed","nlopt-lbfgs","all",6,TRUE,FALSE,"",,FALSE,FALSE,FALSE,0.0460000000000003
7,"fresh","ernst","regression_sphere","mixed","nlopt-lbfgs","fabin3",1,TRUE,FALSE,"",,FALSE,FALSE,FALSE,0.00100000000000033
7,"fresh","ernst","regression_sphere","mixed","nlopt-lbfgs","shared",2,TRUE,FALSE,"",,FALSE,FALSE,FALSE,0.00200000000000067
7,"fresh","ernst","regression_sphere","mixed","nlopt-lbfgs","signed",4,TRUE,FALSE,"",,FALSE,FALSE,FALSE,0.0379999999999985
7,"fresh","ernst","regression_sphere","mixed","nlopt-lbfgs","all",6,TRUE,FALSE,"",,FALSE,FALSE,FALSE,0.0399999999999991
8,"fresh","ernst","regression_sphere","mixed","nlopt-lbfgs","fabin3",1,TRUE,FALSE,"",,FALSE,FALSE,FALSE,0.00100000000000033
8,"fresh","ernst","regression_sphere","mixed","nlopt-lbfgs","shared",2,TRUE,FALSE,"",,FALSE,FALSE,FALSE,0.00200000000000067
8,"fresh","ernst","regression_sphere","mixed","nlopt-lbfgs","signed",4,TRUE,FALSE,"",,FALSE,FALSE,FALSE,0.044999999999999
8,"fresh","ernst","regression_sphere","mixed","nlopt-lbfgs","all",6,TRUE,FALSE,"",,FALSE,FALSE,FALSE,0.0469999999999997
9,"fresh","ernst","regression_sphere","mixed","nlopt-lbfgs","fabin3",1,TRUE,FALSE,"",,FALSE,FALSE,FALSE,0.00100000000000033
9,"fresh","ernst","regression_sphere","mixed","nlopt-lbfgs","shared",2,TRUE,FALSE,"",,FALSE,FALSE,FALSE,0.00199999999999978
9,"fresh","ernst","regression_sphere","mixed","nlopt-lbfgs","signed",4,TRUE,TRUE,"signed_1_1",1.60906236591872,FALSE,FALSE,FALSE,0.0590000000000002
9,"fresh","ernst","regression_sphere","mixed","nlopt-lbfgs","all",6,TRUE,TRUE,"signed_1_1",1.60906236591872,FALSE,FALSE,FALSE,0.0609999999999999
10,"fresh","ernst","regression_sphere","mixed","nlopt-lbfgs","fabin3",1,TRUE,FALSE,"",,FALSE,FALSE,FALSE,0
10,"fresh","ernst","regression_sphere","mixed","nlopt-lbfgs","shared",2,TRUE,FALSE,"",,FALSE,FALSE,FALSE,0
10,"fresh","ernst","regression_sphere","mixed","nlopt-lbfgs","signed",4,TRUE,TRUE,"signed_1_1",0.00040605693290335,FALSE,FALSE,FALSE,0.0569999999999986
10,"fresh","ernst","regression_sphere","mixed","nlopt-lbfgs","all",6,TRUE,TRUE,"signed_1_1",0.00040605693290335,FALSE,FALSE,FALSE,0.0569999999999986
11,"fresh","ernst","regression_sphere","mixed","nlopt-lbfgs","fabin3",1,TRUE,FALSE,"",,FALSE,FALSE,FALSE,0
11,"fresh","ernst","regression_sphere","mixed","nlopt-lbfgs","shared",2,TRUE,FALSE,"",,FALSE,FALSE,FALSE,0
11,"fresh","ernst","regression_sphere","mixed","nlopt-lbfgs","signed",4,TRUE,TRUE,"signed_-1_-1",15.0677244001029,FALSE,FALSE,FALSE,0.0640000000000001
11,"fresh","ernst","regression_sphere","mixed","nlopt-lbfgs","all",6,TRUE,TRUE,"signed_-1_-1",15.0677244001029,FALSE,FALSE,FALSE,0.0640000000000001
12,"fresh","ernst","regression_sphere","mixed","nlopt-lbfgs","fabin3",1,TRUE,FALSE,"",,FALSE,FALSE,FALSE,0
12,"fresh","ernst","regression_sphere","mixed","nlopt-lbfgs","shared",2,TRUE,FALSE,"",,FALSE,FALSE,FALSE,0
12,"fresh","ernst","regression_sphere","mixed","nlopt-lbfgs","signed",4,TRUE,FALSE,"",,FALSE,FALSE,FALSE,0.0509999999999984
12,"fresh","ernst","regression_sphere","mixed","nlopt-lbfgs","all",6,TRUE,FALSE,"",,FALSE,FALSE,FALSE,0.0509999999999984
13,"fresh","ernst","regression_sphere","mixed","nlopt-lbfgs","fabin3",1,TRUE,FALSE,"",,FALSE,FALSE,FALSE,0
13,"fresh","ernst","regression_sphere","mixed","nlopt-lbfgs","shared",2,TRUE,FALSE,"",,FALSE,FALSE,FALSE,0.000999999999999446
13,"fresh","ernst","regression_sphere","mixed","nlopt-lbfgs","signed",4,TRUE,TRUE,"signed_1_1",0.0308204928386772,FALSE,FALSE,FALSE,0.0459999999999994
13,"fresh","ernst","regression_sphere","mixed","nlopt-lbfgs","all",6,TRUE,TRUE,"signed_1_1",0.0308204928386772,FALSE,FALSE,FALSE,0.0469999999999988
14,"fresh","ernst","regression_sphere","mixed","nlopt-lbfgs","fabin3",1,TRUE,FALSE,"",,FALSE,FALSE,FALSE,0.00100000000000122
14,"fresh","ernst","regression_sphere","mixed","nlopt-lbfgs","shared",2,TRUE,FALSE,"",,FALSE,FALSE,FALSE,0.00200000000000067
14,"fresh","ernst","regression_sphere","mixed","nlopt-lbfgs","signed",4,TRUE,TRUE,"signed_1_-1",0.0542091168639113,FALSE,FALSE,FALSE,0.0459999999999994
14,"fresh","ernst","regression_sphere","mixed","nlopt-lbfgs","all",6,TRUE,TRUE,"signed_1_-1",0.0542091168639113,FALSE,FALSE,FALSE,0.048
15,"fresh","ernst","regression_sphere","mixed","nlopt-lbfgs","fabin3",1,TRUE,FALSE,"",,FALSE,FALSE,FALSE,0
15,"fresh","ernst","regression_sphere","mixed","nlopt-lbfgs","shared",2,TRUE,FALSE,"",,FALSE,FALSE,FALSE,0
15,"fresh","ernst","regression_sphere","mixed","nlopt-lbfgs","signed",4,TRUE,TRUE,"signed_1_1",0.328851801906601,FALSE,FALSE,FALSE,0.0580000000000034
15,"fresh","ernst","regression_sphere","mixed","nlopt-lbfgs","all",6,TRUE,TRUE,"signed_1_1",0.328851801906601,FALSE,FALSE,FALSE,0.0580000000000034
16,"fresh","weak_marker","regression_sphere","mixed","nlopt-lbfgs","fabin3",1,TRUE,FALSE,"",,FALSE,FALSE,FALSE,0.000999999999999446
16,"fresh","weak_marker","regression_sphere","mixed","nlopt-lbfgs","shared",2,TRUE,FALSE,"",,FALSE,FALSE,FALSE,0.00199999999999889
16,"fresh","weak_marker","regression_sphere","mixed","nlopt-lbfgs","signed",4,TRUE,TRUE,"signed_-1_-1",30.4593199851013,FALSE,FALSE,FALSE,0.0750000000000028
16,"fresh","weak_marker","regression_sphere","mixed","nlopt-lbfgs","all",6,TRUE,TRUE,"signed_-1_-1",30.4593199851013,FALSE,FALSE,FALSE,0.0770000000000017
17,"fresh","weak_marker","regression_sphere","mixed","nlopt-lbfgs","fabin3",1,TRUE,FALSE,"",,FALSE,FALSE,FALSE,0.000999999999999446
17,"fresh","weak_marker","regression_sphere","mixed","nlopt-lbfgs","shared",2,TRUE,FALSE,"",,FALSE,FALSE,FALSE,0.000999999999999446
17,"fresh","weak_marker","regression_sphere","mixed","nlopt-lbfgs","signed",4,TRUE,FALSE,"",,FALSE,FALSE,FALSE,0.00100000000000122
17,"fresh","weak_marker","regression_sphere","mixed","nlopt-lbfgs","all",6,TRUE,FALSE,"",,FALSE,FALSE,FALSE,0.00200000000000067
18,"fresh","weak_marker","regression_sphere","mixed","nlopt-lbfgs","fabin3",1,TRUE,FALSE,"",,FALSE,FALSE,FALSE,0
18,"fresh","weak_marker","regression_sphere","mixed","nlopt-lbfgs","shared",2,TRUE,FALSE,"",,FALSE,FALSE,FALSE,0.000999999999999446
18,"fresh","weak_marker","regression_sphere","mixed","nlopt-lbfgs","signed",4,TRUE,TRUE,"signed_-1_1",0.00560147482773001,FALSE,FALSE,FALSE,0.048
18,"fresh","weak_marker","regression_sphere","mixed","nlopt-lbfgs","all",6,TRUE,TRUE,"signed_-1_1",0.00560147482773001,FALSE,FALSE,FALSE,0.0489999999999995
19,"fresh","weak_marker","regression_sphere","mixed","nlopt-lbfgs","fabin3",1,TRUE,FALSE,"",,FALSE,FALSE,FALSE,0.00199999999999889
19,"fresh","weak_marker","regression_sphere","mixed","nlopt-lbfgs","shared",2,TRUE,FALSE,"",,FALSE,FALSE,FALSE,0.00299999999999656
19,"fresh","weak_marker","regression_sphere","mixed","nlopt-lbfgs","signed",4,TRUE,TRUE,"signed_1_1",0.182598338447561,FALSE,FALSE,FALSE,0.0590000000000046
19,"fresh","weak_marker","regression_sphere","mixed","nlopt-lbfgs","all",6,TRUE,TRUE,"signed_1_1",0.182598338447561,FALSE,FALSE,FALSE,0.0620000000000012
20,"fresh","weak_marker","regression_sphere","mixed","nlopt-lbfgs","fabin3",1,TRUE,FALSE,"",,FALSE,FALSE,FALSE,0
20,"fresh","weak_marker","regression_sphere","mixed","nlopt-lbfgs","shared",2,TRUE,FALSE,"",,FALSE,FALSE,FALSE,0
20,"fresh","weak_marker","regression_sphere","mixed","nlopt-lbfgs","signed",4,TRUE,TRUE,"signed_-1_1",37.6022540105423,FALSE,FALSE,FALSE,0.0600000000000058
20,"fresh","weak_marker","regression_sphere","mixed","nlopt-lbfgs","all",6,TRUE,TRUE,"signed_-1_1",37.6022540105423,FALSE,FALSE,FALSE,0.0600000000000058
21,"fresh","weak_marker","regression_sphere","mixed","nlopt-lbfgs","fabin3",1,TRUE,FALSE,"",,FALSE,FALSE,FALSE,0
21,"fresh","weak_marker","regression_sphere","mixed","nlopt-lbfgs","shared",2,TRUE,FALSE,"",,FALSE,FALSE,FALSE,0.00100000000000122
21,"fresh","weak_marker","regression_sphere","mixed","nlopt-lbfgs","signed",4,TRUE,FALSE,"",,FALSE,FALSE,FALSE,0.0609999999999999
21,"fresh","weak_marker","regression_sphere","mixed","nlopt-lbfgs","all",6,TRUE,FALSE,"",,FALSE,FALSE,FALSE,0.0620000000000012
22,"fresh","weak_marker","regression_sphere","mixed","nlopt-lbfgs","fabin3",1,TRUE,FALSE,"",,FALSE,FALSE,FALSE,0.000999999999997669
22,"fresh","weak_marker","regression_sphere","mixed","nlopt-lbfgs","shared",2,TRUE,FALSE,"",,FALSE,FALSE,FALSE,0.00199999999999534
22,"fresh","weak_marker","regression_sphere","mixed","nlopt-lbfgs","signed",4,TRUE,FALSE,"",,FALSE,FALSE,FALSE,0.00300000000000011
22,"fresh","weak_marker","regression_sphere","mixed","nlopt-lbfgs","all",6,TRUE,FALSE,"",,FALSE,FALSE,FALSE,0.00499999999999545
23,"fresh","weak_marker","regression_sphere","mixed","nlopt-lbfgs","fabin3",1,TRUE,FALSE,"",,FALSE,FALSE,FALSE,0.00100000000000122
23,"fresh","weak_marker","regression_sphere","mixed","nlopt-lbfgs","shared",2,TRUE,FALSE,"",,FALSE,FALSE,FALSE,0.00799999999999912
23,"fresh","weak_marker","regression_sphere","mixed","nlopt-lbfgs","signed",4,TRUE,TRUE,"signed_1_-1",0.110445835725879,FALSE,FALSE,FALSE,0.0519999999999996
23,"fresh","weak_marker","regression_sphere","mixed","nlopt-lbfgs","all",6,TRUE,TRUE,"signed_1_-1",0.110445835725879,FALSE,FALSE,FALSE,0.0599999999999987
24,"fresh","weak_marker","regression_sphere","mixed","nlopt-lbfgs","fabin3",1,TRUE,FALSE,"",,FALSE,FALSE,FALSE,0.000999999999997669
24,"fresh","weak_marker","regression_sphere","mixed","nlopt-lbfgs","shared",2,TRUE,FALSE,"",,FALSE,FALSE,FALSE,0.00199999999999889
24,"fresh","weak_marker","regression_sphere","mixed","nlopt-lbfgs","signed",4,TRUE,TRUE,"signed_-1_-1",0.0238696715439927,FALSE,FALSE,FALSE,0.0489999999999995
24,"fresh","weak_marker","regression_sphere","mixed","nlopt-lbfgs","all",6,TRUE,TRUE,"signed_-1_-1",0.0238696715439927,FALSE,FALSE,FALSE,0.0509999999999984
25,"fresh","weak_marker","regression_sphere","mixed","nlopt-lbfgs","fabin3",1,TRUE,FALSE,"",,FALSE,FALSE,FALSE,0.00100000000000122
25,"fresh","weak_marker","regression_sphere","mixed","nlopt-lbfgs","shared",2,TRUE,FALSE,"",,FALSE,FALSE,FALSE,0.00200000000000244
25,"fresh","weak_marker","regression_sphere","mixed","nlopt-lbfgs","signed",4,TRUE,TRUE,"signed_-1_-1",5.09273348582004,FALSE,FALSE,FALSE,0.0410000000000004
25,"fresh","weak_marker","regression_sphere","mixed","nlopt-lbfgs","all",6,TRUE,TRUE,"signed_-1_-1",5.09273348582004,FALSE,FALSE,FALSE,0.0430000000000028
1,"retained","ernst","covariance_full","standardized","nlopt-lbfgs","fabin3",1,TRUE,FALSE,"",,FALSE,FALSE,FALSE,0.001
1,"retained","ernst","covariance_full","standardized","nlopt-lbfgs","shared",2,TRUE,FALSE,"",,FALSE,FALSE,FALSE,0.002
1,"retained","ernst","covariance_full","standardized","nlopt-lbfgs","signed",4,TRUE,FALSE,"",,FALSE,FALSE,FALSE,0.0119999999999999
1,"retained","ernst","covariance_full","standardized","nlopt-lbfgs","all",6,TRUE,FALSE,"",,FALSE,FALSE,FALSE,0.0139999999999999
2,"retained","ernst","covariance_full","standardized","nlopt-lbfgs","fabin3",1,TRUE,FALSE,"",,FALSE,FALSE,FALSE,0.00099999999999989
2,"retained","ernst","covariance_full","standardized","nlopt-lbfgs","shared",2,TRUE,FALSE,"",,FALSE,FALSE,FALSE,0.00199999999999978
2,"retained","ernst","covariance_full","standardized","nlopt-lbfgs","signed",4,TRUE,TRUE,"signed_1_-1",2.35247218980184,FALSE,FALSE,FALSE,0.00700000000000012
2,"retained","ernst","covariance_full","standardized","nlopt-lbfgs","all",6,TRUE,TRUE,"signed_1_-1",2.35247218980184,FALSE,FALSE,FALSE,0.0089999999999999
3,"retained","ernst","covariance_full","standardized","nlopt-lbfgs","fabin3",1,TRUE,FALSE,"",,FALSE,FALSE,FALSE,0.00099999999999989
3,"retained","ernst","covariance_full","standardized","nlopt-lbfgs","shared",2,TRUE,FALSE,"",,FALSE,FALSE,FALSE,0.00199999999999978
3,"retained","ernst","covariance_full","standardized","nlopt-lbfgs","signed",4,TRUE,TRUE,"signed_1_1",0.0189477159637845,FALSE,FALSE,FALSE,0.016
3,"retained","ernst","covariance_full","standardized","nlopt-lbfgs","all",6,TRUE,TRUE,"signed_1_1",0.0189477159637845,FALSE,FALSE,FALSE,0.0179999999999998
4,"retained","ernst","covariance_full","standardized","nlopt-lbfgs","fabin3",1,TRUE,FALSE,"",,FALSE,FALSE,FALSE,0.00099999999999989
4,"retained","ernst","covariance_full","standardized","nlopt-lbfgs","shared",2,TRUE,FALSE,"",,FALSE,FALSE,FALSE,0.00199999999999978
4,"retained","ernst","covariance_full","standardized","nlopt-lbfgs","signed",4,TRUE,FALSE,"",,FALSE,FALSE,FALSE,0.0200000000000005
4,"retained","ernst","covariance_full","standardized","nlopt-lbfgs","all",6,TRUE,FALSE,"",,FALSE,FALSE,FALSE,0.0220000000000002
5,"retained","ernst","covariance_full","standardized","nlopt-lbfgs","fabin3",1,TRUE,FALSE,"",,FALSE,FALSE,FALSE,0
5,"retained","ernst","covariance_full","standardized","nlopt-lbfgs","shared",2,TRUE,FALSE,"",,FALSE,FALSE,FALSE,0.00099999999999989
5,"retained","ernst","covariance_full","standardized","nlopt-lbfgs","signed",4,TRUE,TRUE,"signed_1_-1",9.90118794043949,FALSE,FALSE,FALSE,0.0149999999999997
5,"retained","ernst","covariance_full","standardized","nlopt-lbfgs","all",6,TRUE,TRUE,"signed_1_-1",9.90118794043949,FALSE,FALSE,FALSE,0.0159999999999996
6,"fresh","ernst","covariance_full","standardized","nlopt-lbfgs","fabin3",1,TRUE,FALSE,"",,FALSE,FALSE,FALSE,0.000999999999999446
6,"fresh","ernst","covariance_full","standardized","nlopt-lbfgs","shared",2,TRUE,FALSE,"",,FALSE,FALSE,FALSE,0.00199999999999978
6,"fresh","ernst","covariance_full","standardized","nlopt-lbfgs","signed",4,TRUE,FALSE,"",,FALSE,FALSE,FALSE,0.0130000000000008
6,"fresh","ernst","covariance_full","standardized","nlopt-lbfgs","all",6,TRUE,FALSE,"",,FALSE,FALSE,FALSE,0.0150000000000006
7,"fresh","ernst","covariance_full","standardized","nlopt-lbfgs","fabin3",1,TRUE,FALSE,"",,FALSE,FALSE,FALSE,0.000999999999999446
7,"fresh","ernst","covariance_full","standardized","nlopt-lbfgs","shared",2,TRUE,FALSE,"",,FALSE,FALSE,FALSE,0.000999999999999446
7,"fresh","ernst","covariance_full","standardized","nlopt-lbfgs","signed",4,TRUE,TRUE,"signed_-1_-1",35.8084026151372,FALSE,FALSE,FALSE,0.00800000000000001
7,"fresh","ernst","covariance_full","standardized","nlopt-lbfgs","all",6,TRUE,TRUE,"signed_-1_-1",35.8084026151372,FALSE,FALSE,FALSE,0.00899999999999945
8,"fresh","ernst","covariance_full","standardized","nlopt-lbfgs","fabin3",1,TRUE,FALSE,"",,FALSE,FALSE,FALSE,0.00100000000000033
8,"fresh","ernst","covariance_full","standardized","nlopt-lbfgs","shared",2,TRUE,FALSE,"",,FALSE,FALSE,FALSE,0.00199999999999978
8,"fresh","ernst","covariance_full","standardized","nlopt-lbfgs","signed",4,TRUE,TRUE,"signed_1_-1",2.0297419009944,FALSE,FALSE,FALSE,0.0100000000000007
8,"fresh","ernst","covariance_full","standardized","nlopt-lbfgs","all",6,TRUE,TRUE,"signed_1_-1",2.0297419009944,FALSE,FALSE,FALSE,0.0120000000000005
9,"fresh","ernst","covariance_full","standardized","nlopt-lbfgs","fabin3",1,TRUE,FALSE,"",,FALSE,FALSE,FALSE,0.00100000000000033
9,"fresh","ernst","covariance_full","standardized","nlopt-lbfgs","shared",2,TRUE,FALSE,"",,FALSE,FALSE,FALSE,0.00200000000000067
9,"fresh","ernst","covariance_full","standardized","nlopt-lbfgs","signed",4,TRUE,FALSE,"",,FALSE,FALSE,FALSE,0.0250000000000004
9,"fresh","ernst","covariance_full","standardized","nlopt-lbfgs","all",6,TRUE,FALSE,"",,FALSE,FALSE,FALSE,0.027000000000001
10,"fresh","ernst","covariance_full","standardized","nlopt-lbfgs","fabin3",1,TRUE,FALSE,"",,FALSE,FALSE,FALSE,0.000999999999999446
10,"fresh","ernst","covariance_full","standardized","nlopt-lbfgs","shared",2,TRUE,FALSE,"",,FALSE,FALSE,FALSE,0.000999999999999446
10,"fresh","ernst","covariance_full","standardized","nlopt-lbfgs","signed",4,TRUE,TRUE,"signed_1_1",0.00161783463342526,FALSE,FALSE,FALSE,0.0229999999999997
10,"fresh","ernst","covariance_full","standardized","nlopt-lbfgs","all",6,TRUE,TRUE,"signed_1_1",0.00161783463342526,FALSE,FALSE,FALSE,0.0239999999999991
11,"fresh","ernst","covariance_full","standardized","nlopt-lbfgs","fabin3",1,TRUE,FALSE,"",,FALSE,FALSE,FALSE,0
11,"fresh","ernst","covariance_full","standardized","nlopt-lbfgs","shared",2,TRUE,FALSE,"",,FALSE,FALSE,FALSE,0.000999999999999446
11,"fresh","ernst","covariance_full","standardized","nlopt-lbfgs","signed",4,TRUE,FALSE,"",,FALSE,FALSE,FALSE,0.0179999999999989
11,"fresh","ernst","covariance_full","standardized","nlopt-lbfgs","all",6,TRUE,FALSE,"",,FALSE,FALSE,FALSE,0.0189999999999984
12,"fresh","ernst","covariance_full","standardized","nlopt-lbfgs","fabin3",1,TRUE,FALSE,"",,FALSE,FALSE,FALSE,0
12,"fresh","ernst","covariance_full","standardized","nlopt-lbfgs","shared",2,TRUE,FALSE,"",,FALSE,FALSE,FALSE,0
12,"fresh","ernst","covariance_full","standardized","nlopt-lbfgs","signed",4,TRUE,TRUE,"signed_1_1",3.37880495972216,FALSE,FALSE,FALSE,0.0120000000000005
12,"fresh","ernst","covariance_full","standardized","nlopt-lbfgs","all",6,TRUE,TRUE,"signed_1_1",3.37880495972216,FALSE,FALSE,FALSE,0.0120000000000005
13,"fresh","ernst","covariance_full","standardized","nlopt-lbfgs","fabin3",1,TRUE,FALSE,"",,FALSE,FALSE,FALSE,0.00100000000000122
13,"fresh","ernst","covariance_full","standardized","nlopt-lbfgs","shared",2,TRUE,FALSE,"",,FALSE,FALSE,FALSE,0.00200000000000067
13,"fresh","ernst","covariance_full","standardized","nlopt-lbfgs","signed",4,TRUE,TRUE,"signed_1_1",0.0513985026411402,FALSE,FALSE,FALSE,0.00899999999999856
13,"fresh","ernst","covariance_full","standardized","nlopt-lbfgs","all",6,TRUE,TRUE,"signed_1_1",0.0513985026411402,FALSE,FALSE,FALSE,0.0109999999999992
14,"fresh","ernst","covariance_full","standardized","nlopt-lbfgs","fabin3",1,TRUE,FALSE,"",,FALSE,FALSE,FALSE,0
14,"fresh","ernst","covariance_full","standardized","nlopt-lbfgs","shared",2,TRUE,FALSE,"",,FALSE,FALSE,FALSE,0.000999999999999446
14,"fresh","ernst","covariance_full","standardized","nlopt-lbfgs","signed",4,TRUE,TRUE,"signed_-1_1",5.99023682662449,FALSE,FALSE,FALSE,0.0229999999999997
14,"fresh","ernst","covariance_full","standardized","nlopt-lbfgs","all",6,TRUE,TRUE,"signed_-1_1",5.99023682662449,FALSE,FALSE,FALSE,0.0239999999999991
15,"fresh","ernst","covariance_full","standardized","nlopt-lbfgs","fabin3",1,TRUE,FALSE,"",,FALSE,FALSE,FALSE,0.00100000000000122
15,"fresh","ernst","covariance_full","standardized","nlopt-lbfgs","shared",2,TRUE,FALSE,"",,FALSE,FALSE,FALSE,0.00200000000000067
15,"fresh","ernst","covariance_full","standardized","nlopt-lbfgs","signed",4,TRUE,FALSE,"",,FALSE,FALSE,FALSE,0.0220000000000002
15,"fresh","ernst","covariance_full","standardized","nlopt-lbfgs","all",6,TRUE,FALSE,"",,FALSE,FALSE,FALSE,0.0240000000000009
16,"fresh","weak_marker","covariance_full","standardized","nlopt-lbfgs","fabin3",1,TRUE,FALSE,"",,FALSE,FALSE,FALSE,0
16,"fresh","weak_marker","covariance_full","standardized","nlopt-lbfgs","shared",2,TRUE,FALSE,"",,FALSE,FALSE,FALSE,0
16,"fresh","weak_marker","covariance_full","standardized","nlopt-lbfgs","signed",4,TRUE,TRUE,"signed_-1_-1",32.4095705999298,FALSE,FALSE,FALSE,0.00500000000000078
16,"fresh","weak_marker","covariance_full","standardized","nlopt-lbfgs","all",6,TRUE,TRUE,"signed_-1_-1",32.4095705999298,FALSE,FALSE,FALSE,0.00500000000000078
17,"fresh","weak_marker","covariance_full","standardized","nlopt-lbfgs","fabin3",1,TRUE,FALSE,"",,FALSE,FALSE,FALSE,0.000999999999999446
17,"fresh","weak_marker","covariance_full","standardized","nlopt-lbfgs","shared",2,TRUE,FALSE,"",,FALSE,FALSE,FALSE,0.00200000000000067
17,"fresh","weak_marker","covariance_full","standardized","nlopt-lbfgs","signed",4,TRUE,TRUE,"signed_-1_-1",76.0997870102607,FALSE,FALSE,FALSE,0.00399999999999778
17,"fresh","weak_marker","covariance_full","standardized","nlopt-lbfgs","all",6,TRUE,TRUE,"signed_-1_-1",76.0997870102607,FALSE,FALSE,FALSE,0.00599999999999845
18,"fresh","weak_marker","covariance_full","standardized","nlopt-lbfgs","fabin3",1,TRUE,FALSE,"",,FALSE,FALSE,FALSE,0.000999999999999446
18,"fresh","weak_marker","covariance_full","standardized","nlopt-lbfgs","shared",2,TRUE,FALSE,"",,FALSE,FALSE,FALSE,0.00199999999999889
18,"fresh","weak_marker","covariance_full","standardized","nlopt-lbfgs","signed",4,TRUE,TRUE,"signed_-1_1",9.81565523816607,FALSE,FALSE,FALSE,0.00500000000000078
18,"fresh","weak_marker","covariance_full","standardized","nlopt-lbfgs","all",6,TRUE,TRUE,"signed_-1_1",9.81565523816607,FALSE,FALSE,FALSE,0.00699999999999967
19,"fresh","weak_marker","covariance_full","standardized","nlopt-lbfgs","fabin3",1,TRUE,FALSE,"",,FALSE,FALSE,FALSE,0.00100000000000122
19,"fresh","weak_marker","covariance_full","standardized","nlopt-lbfgs","shared",2,TRUE,FALSE,"",,FALSE,FALSE,FALSE,0.00199999999999889
19,"fresh","weak_marker","covariance_full","standardized","nlopt-lbfgs","signed",4,TRUE,FALSE,"",,FALSE,FALSE,FALSE,0.0129999999999981
19,"fresh","weak_marker","covariance_full","standardized","nlopt-lbfgs","all",6,TRUE,FALSE,"",,FALSE,FALSE,FALSE,0.014999999999997
20,"fresh","weak_marker","covariance_full","standardized","nlopt-lbfgs","fabin3",1,TRUE,FALSE,"",,FALSE,FALSE,FALSE,0.00100000000000122
20,"fresh","weak_marker","covariance_full","standardized","nlopt-lbfgs","shared",2,TRUE,FALSE,"",,FALSE,FALSE,FALSE,0.00199999999999889
20,"fresh","weak_marker","covariance_full","standardized","nlopt-lbfgs","signed",4,TRUE,TRUE,"signed_-1_1",46.9168097239361,FALSE,FALSE,FALSE,0.00599999999999667
20,"fresh","weak_marker","covariance_full","standardized","nlopt-lbfgs","all",6,TRUE,TRUE,"signed_-1_1",46.9168097239361,FALSE,FALSE,FALSE,0.00799999999999557
21,"fresh","weak_marker","covariance_full","standardized","nlopt-lbfgs","fabin3",1,TRUE,FALSE,"",,FALSE,FALSE,FALSE,0.000999999999997669
21,"fresh","weak_marker","covariance_full","standardized","nlopt-lbfgs","shared",2,TRUE,FALSE,"",,FALSE,FALSE,FALSE,0.00199999999999889
21,"fresh","weak_marker","covariance_full","standardized","nlopt-lbfgs","signed",4,TRUE,FALSE,"",,FALSE,FALSE,FALSE,0.00399999999999778
21,"fresh","weak_marker","covariance_full","standardized","nlopt-lbfgs","all",6,TRUE,FALSE,"",,FALSE,FALSE,FALSE,0.00599999999999667
22,"fresh","weak_marker","covariance_full","standardized","nlopt-lbfgs","fabin3",1,TRUE,FALSE,"",,FALSE,FALSE,FALSE,0
22,"fresh","weak_marker","covariance_full","standardized","nlopt-lbfgs","shared",2,TRUE,FALSE,"",,FALSE,FALSE,FALSE,0
22,"fresh","weak_marker","covariance_full","standardized","nlopt-lbfgs","signed",4,TRUE,FALSE,"",,FALSE,FALSE,FALSE,0.00399999999999778
22,"fresh","weak_marker","covariance_full","standardized","nlopt-lbfgs","all",6,TRUE,FALSE,"",,FALSE,FALSE,FALSE,0.00399999999999778
23,"fresh","weak_marker","covariance_full","standardized","nlopt-lbfgs","fabin3",1,TRUE,FALSE,"",,FALSE,FALSE,FALSE,0.000999999999997669
23,"fresh","weak_marker","covariance_full","standardized","nlopt-lbfgs","shared",2,TRUE,FALSE,"",,FALSE,FALSE,FALSE,0.00199999999999889
23,"fresh","weak_marker","covariance_full","standardized","nlopt-lbfgs","signed",4,TRUE,TRUE,"signed_1_-1",0.535789756905198,FALSE,FALSE,FALSE,0.00499999999999901
23,"fresh","weak_marker","covariance_full","standardized","nlopt-lbfgs","all",6,TRUE,TRUE,"signed_1_-1",0.535789756905198,FALSE,FALSE,FALSE,0.0069999999999979
24,"fresh","weak_marker","covariance_full","standardized","nlopt-lbfgs","fabin3",1,TRUE,FALSE,"",,FALSE,FALSE,FALSE,0.000999999999997669
24,"fresh","weak_marker","covariance_full","standardized","nlopt-lbfgs","shared",2,TRUE,FALSE,"",,FALSE,FALSE,FALSE,0.00199999999999534
24,"fresh","weak_marker","covariance_full","standardized","nlopt-lbfgs","signed",4,TRUE,TRUE,"signed_-1_1",13.4411187166739,FALSE,FALSE,FALSE,0.0210000000000008
24,"fresh","weak_marker","covariance_full","standardized","nlopt-lbfgs","all",6,TRUE,TRUE,"signed_-1_1",13.4411187166739,FALSE,FALSE,FALSE,0.0229999999999961
25,"fresh","weak_marker","covariance_full","standardized","nlopt-lbfgs","fabin3",1,TRUE,FALSE,"",,FALSE,FALSE,FALSE,0.00100000000000122
25,"fresh","weak_marker","covariance_full","standardized","nlopt-lbfgs","shared",2,TRUE,FALSE,"",,FALSE,FALSE,FALSE,0.00200000000000244
25,"fresh","weak_marker","covariance_full","standardized","nlopt-lbfgs","signed",4,TRUE,TRUE,"signed_1_1",1.46746542272603,FALSE,FALSE,FALSE,0.00400000000000134
25,"fresh","weak_marker","covariance_full","standardized","nlopt-lbfgs","all",6,TRUE,TRUE,"signed_1_1",1.46746542272603,FALSE,FALSE,FALSE,0.00600000000000378
1,"retained","ernst","covariance_profiled","standardized","nlopt-lbfgs","fabin3",1,TRUE,TRUE,"fabin3",0.143565425016616,TRUE,FALSE,FALSE,0.002
1,"retained","ernst","covariance_profiled","standardized","nlopt-lbfgs","shared",2,TRUE,TRUE,"layered",0.143565425016615,TRUE,FALSE,FALSE,0.00600000000000001
1,"retained","ernst","covariance_profiled","standardized","nlopt-lbfgs","signed",4,TRUE,TRUE,"signed_1_1",0.143565425016616,TRUE,FALSE,FALSE,0.00699999999999967
1,"retained","ernst","covariance_profiled","standardized","nlopt-lbfgs","all",6,TRUE,TRUE,"layered",0.143565425016615,TRUE,FALSE,FALSE,0.0129999999999997
2,"retained","ernst","covariance_profiled","standardized","nlopt-lbfgs","fabin3",1,TRUE,TRUE,"fabin3",1.39487203519358,FALSE,FALSE,FALSE,0.002
2,"retained","ernst","covariance_profiled","standardized","nlopt-lbfgs","shared",2,TRUE,TRUE,"layered",1.39487203519358,FALSE,FALSE,FALSE,0.00299999999999989
2,"retained","ernst","covariance_profiled","standardized","nlopt-lbfgs","signed",4,TRUE,TRUE,"signed_1_-1",1.39217934793831,TRUE,FALSE,FALSE,0.00399999999999956
2,"retained","ernst","covariance_profiled","standardized","nlopt-lbfgs","all",6,TRUE,TRUE,"signed_1_-1",1.39217934793831,TRUE,FALSE,FALSE,0.00699999999999945
3,"retained","ernst","covariance_profiled","standardized","nlopt-lbfgs","fabin3",1,TRUE,TRUE,"fabin3",0.0178493710571335,TRUE,FALSE,FALSE,0.00099999999999989
3,"retained","ernst","covariance_profiled","standardized","nlopt-lbfgs","shared",2,TRUE,TRUE,"fabin3",0.0178493710571335,TRUE,FALSE,FALSE,0.00200000000000022
3,"retained","ernst","covariance_profiled","standardized","nlopt-lbfgs","signed",4,TRUE,TRUE,"signed_1_1",0.0178493710571335,TRUE,FALSE,FALSE,0.00700000000000012
3,"retained","ernst","covariance_profiled","standardized","nlopt-lbfgs","all",6,TRUE,TRUE,"fabin3",0.0178493710571335,TRUE,FALSE,FALSE,0.00900000000000034
4,"retained","ernst","covariance_profiled","standardized","nlopt-lbfgs","fabin3",1,TRUE,TRUE,"fabin3",3.32748031401171,FALSE,FALSE,FALSE,0.00100000000000033
4,"retained","ernst","covariance_profiled","standardized","nlopt-lbfgs","shared",2,TRUE,TRUE,"layered",3.32748029800806,FALSE,FALSE,FALSE,0.00200000000000067
4,"retained","ernst","covariance_profiled","standardized","nlopt-lbfgs","signed",4,TRUE,TRUE,"signed_-1_1",2.86374601669579,TRUE,FALSE,FALSE,0.0080000000000009
4,"retained","ernst","covariance_profiled","standardized","nlopt-lbfgs","all",6,TRUE,TRUE,"signed_-1_1",2.86374601669579,TRUE,FALSE,FALSE,0.0100000000000016
5,"retained","ernst","covariance_profiled","standardized","nlopt-lbfgs","fabin3",1,TRUE,TRUE,"fabin3",3.47793407368566,TRUE,FALSE,FALSE,0.00100000000000033
5,"retained","ernst","covariance_profiled","standardized","nlopt-lbfgs","shared",2,TRUE,TRUE,"fabin3",3.47793407368566,TRUE,FALSE,FALSE,0.00200000000000067
5,"retained","ernst","covariance_profiled","standardized","nlopt-lbfgs","signed",4,TRUE,TRUE,"signed_1_1",3.47793407368566,TRUE,FALSE,FALSE,0.0100000000000016
5,"retained","ernst","covariance_profiled","standardized","nlopt-lbfgs","all",6,TRUE,TRUE,"fabin3",3.47793407368566,TRUE,FALSE,FALSE,0.0120000000000022
6,"fresh","ernst","covariance_profiled","standardized","nlopt-lbfgs","fabin3",1,TRUE,TRUE,"fabin3",0.00977387475296051,TRUE,FALSE,FALSE,0.00100000000000033
6,"fresh","ernst","covariance_profiled","standardized","nlopt-lbfgs","shared",2,TRUE,TRUE,"fabin3",0.00977387475296051,TRUE,FALSE,FALSE,0.00300000000000011
6,"fresh","ernst","covariance_profiled","standardized","nlopt-lbfgs","signed",4,TRUE,TRUE,"signed_1_1",0.00977387475296051,TRUE,FALSE,FALSE,0.0170000000000003
6,"fresh","ernst","covariance_profiled","standardized","nlopt-lbfgs","all",6,TRUE,TRUE,"fabin3",0.00977387475296051,TRUE,FALSE,FALSE,0.0200000000000005
7,"fresh","ernst","covariance_profiled","standardized","nlopt-lbfgs","fabin3",1,TRUE,TRUE,"fabin3",0.283129013425963,FALSE,FALSE,FALSE,0.000999999999999446
7,"fresh","ernst","covariance_profiled","standardized","nlopt-lbfgs","shared",2,TRUE,TRUE,"layered",0.283129013329842,FALSE,FALSE,FALSE,0.00199999999999978
7,"fresh","ernst","covariance_profiled","standardized","nlopt-lbfgs","signed",4,TRUE,TRUE,"signed_-1_1",0.0771700707785933,TRUE,FALSE,FALSE,0.00600000000000023
7,"fresh","ernst","covariance_profiled","standardized","nlopt-lbfgs","all",6,TRUE,TRUE,"signed_-1_1",0.0771700707785933,TRUE,FALSE,FALSE,0.00800000000000001
8,"fresh","ernst","covariance_profiled","standardized","nlopt-lbfgs","fabin3",1,TRUE,TRUE,"fabin3",0.339085372909888,FALSE,FALSE,FALSE,0.00100000000000033
8,"fresh","ernst","covariance_profiled","standardized","nlopt-lbfgs","shared",2,TRUE,TRUE,"layered",0.3389579209922,FALSE,FALSE,FALSE,0.00200000000000067
8,"fresh","ernst","covariance_profiled","standardized","nlopt-lbfgs","signed",4,TRUE,TRUE,"signed_-1_1",0.339010487969177,FALSE,FALSE,FALSE,0.00799999999999912
8,"fresh","ernst","covariance_profiled","standardized","nlopt-lbfgs","all",6,TRUE,TRUE,"layered",0.3389579209922,FALSE,FALSE,FALSE,0.00999999999999979
9,"fresh","ernst","covariance_profiled","standardized","nlopt-lbfgs","fabin3",1,TRUE,TRUE,"fabin3",0.0113867366840748,TRUE,FALSE,FALSE,0.000999999999999446
9,"fresh","ernst","covariance_profiled","standardized","nlopt-lbfgs","shared",2,TRUE,TRUE,"layered",0.0113867366840748,TRUE,FALSE,FALSE,0.00199999999999978
9,"fresh","ernst","covariance_profiled","standardized","nlopt-lbfgs","signed",4,TRUE,TRUE,"signed_1_1",0.0113867366840748,TRUE,FALSE,FALSE,0.00700000000000056
9,"fresh","ernst","covariance_profiled","standardized","nlopt-lbfgs","all",6,TRUE,TRUE,"layered",0.0113867366840748,TRUE,FALSE,FALSE,0.00900000000000034
10,"fresh","ernst","covariance_profiled","standardized","nlopt-lbfgs","fabin3",1,TRUE,TRUE,"fabin3",0.000405824998583254,TRUE,FALSE,FALSE,0.000999999999999446
10,"fresh","ernst","covariance_profiled","standardized","nlopt-lbfgs","shared",2,TRUE,TRUE,"fabin3",0.000405824998583254,TRUE,FALSE,FALSE,0.00200000000000067
10,"fresh","ernst","covariance_profiled","standardized","nlopt-lbfgs","signed",4,TRUE,TRUE,"signed_1_1",0.000405824998583254,TRUE,FALSE,FALSE,0.0080000000000009
10,"fresh","ernst","covariance_profiled","standardized","nlopt-lbfgs","all",6,TRUE,TRUE,"fabin3",0.000405824998583254,TRUE,FALSE,FALSE,0.0100000000000016
11,"fresh","ernst","covariance_profiled","standardized","nlopt-lbfgs","fabin3",1,TRUE,TRUE,"fabin3",0.0883988133479019,TRUE,FALSE,FALSE,0.000999999999999446
11,"fresh","ernst","covariance_profiled","standardized","nlopt-lbfgs","shared",2,TRUE,TRUE,"fabin3",0.0883988133479019,TRUE,FALSE,FALSE,0.00200000000000067
11,"fresh","ernst","covariance_profiled","standardized","nlopt-lbfgs","signed",4,TRUE,TRUE,"signed_1_1",0.0883988133479018,TRUE,FALSE,FALSE,0.00799999999999912
11,"fresh","ernst","covariance_profiled","standardized","nlopt-lbfgs","all",6,TRUE,TRUE,"signed_1_1",0.0883988133479018,TRUE,FALSE,FALSE,0.00999999999999979
12,"fresh","ernst","covariance_profiled","standardized","nlopt-lbfgs","fabin3",1,TRUE,TRUE,"fabin3",0.960051736021774,TRUE,FALSE,FALSE,0.00100000000000122
12,"fresh","ernst","covariance_profiled","standardized","nlopt-lbfgs","shared",2,TRUE,TRUE,"fabin3",0.960051736021774,TRUE,FALSE,FALSE,0.00200000000000067
12,"fresh","ernst","covariance_profiled","standardized","nlopt-lbfgs","signed",4,TRUE,TRUE,"signed_1_1",0.960051736021774,TRUE,FALSE,FALSE,0.0119999999999987
12,"fresh","ernst","covariance_profiled","standardized","nlopt-lbfgs","all",6,TRUE,TRUE,"signed_1_1",0.960051736021774,TRUE,FALSE,FALSE,0.0139999999999993
13,"fresh","ernst","covariance_profiled","standardized","nlopt-lbfgs","fabin3",1,TRUE,TRUE,"fabin3",0.0292043978466902,TRUE,FALSE,FALSE,0.000999999999999446
13,"fresh","ernst","covariance_profiled","standardized","nlopt-lbfgs","shared",2,TRUE,TRUE,"layered",0.0292043978466902,TRUE,FALSE,FALSE,0.00200000000000067
13,"fresh","ernst","covariance_profiled","standardized","nlopt-lbfgs","signed",4,TRUE,TRUE,"signed_1_1",0.0292043978466902,TRUE,FALSE,FALSE,0.0169999999999977
13,"fresh","ernst","covariance_profiled","standardized","nlopt-lbfgs","all",6,TRUE,TRUE,"layered",0.0292043978466902,TRUE,FALSE,FALSE,0.0189999999999984
14,"fresh","ernst","covariance_profiled","standardized","nlopt-lbfgs","fabin3",1,TRUE,TRUE,"fabin3",0.0364591135938131,TRUE,FALSE,FALSE,0.000999999999999446
14,"fresh","ernst","covariance_profiled","standardized","nlopt-lbfgs","shared",2,TRUE,TRUE,"layered",0.0364591135938131,TRUE,FALSE,FALSE,0.00199999999999889
14,"fresh","ernst","covariance_profiled","standardized","nlopt-lbfgs","signed",4,TRUE,TRUE,"signed_1_1",0.0364591135938131,TRUE,FALSE,FALSE,0.00899999999999856
14,"fresh","ernst","covariance_profiled","standardized","nlopt-lbfgs","all",6,TRUE,TRUE,"layered",0.0364591135938131,TRUE,FALSE,FALSE,0.0109999999999975
15,"fresh","ernst","covariance_profiled","standardized","nlopt-lbfgs","fabin3",1,TRUE,TRUE,"fabin3",0.322666659040069,TRUE,FALSE,FALSE,0.000999999999999446
15,"fresh","ernst","covariance_profiled","standardized","nlopt-lbfgs","shared",2,TRUE,TRUE,"fabin3",0.322666659040069,TRUE,FALSE,FALSE,0.00200000000000067
15,"fresh","ernst","covariance_profiled","standardized","nlopt-lbfgs","signed",4,TRUE,TRUE,"signed_1_1",0.322666659040069,TRUE,FALSE,FALSE,0.00700000000000145
15,"fresh","ernst","covariance_profiled","standardized","nlopt-lbfgs","all",6,TRUE,TRUE,"fabin3",0.322666659040069,TRUE,FALSE,FALSE,0.00900000000000212
16,"fresh","weak_marker","covariance_profiled","standardized","nlopt-lbfgs","fabin3",1,TRUE,TRUE,"fabin3",45.8061583769136,FALSE,FALSE,FALSE,0.00200000000000067
16,"fresh","weak_marker","covariance_profiled","standardized","nlopt-lbfgs","shared",2,TRUE,TRUE,"layered",24.896305939495,FALSE,FALSE,FALSE,0.00399999999999956
16,"fresh","weak_marker","covariance_profiled","standardized","nlopt-lbfgs","signed",4,TRUE,TRUE,"signed_-1_-1",0.15285952904256,TRUE,FALSE,FALSE,0.00699999999999612
16,"fresh","weak_marker","covariance_profiled","standardized","nlopt-lbfgs","all",6,TRUE,TRUE,"signed_-1_-1",0.15285952904256,TRUE,FALSE,FALSE,0.0109999999999957
17,"fresh","weak_marker","covariance_profiled","standardized","nlopt-lbfgs","fabin3",1,TRUE,TRUE,"fabin3",2.11176492521532,FALSE,FALSE,FALSE,0.000999999999999446
17,"fresh","weak_marker","covariance_profiled","standardized","nlopt-lbfgs","shared",2,TRUE,TRUE,"layered",0.0266490580680755,TRUE,FALSE,FALSE,0.00300000000000011
17,"fresh","weak_marker","covariance_profiled","standardized","nlopt-lbfgs","signed",4,TRUE,TRUE,"signed_-1_1",0.035725836162691,FALSE,FALSE,FALSE,0.0230000000000032
17,"fresh","weak_marker","covariance_profiled","standardized","nlopt-lbfgs","all",6,TRUE,TRUE,"layered",0.0266490580680755,TRUE,FALSE,FALSE,0.0260000000000034
18,"fresh","weak_marker","covariance_profiled","standardized","nlopt-lbfgs","fabin3",1,TRUE,TRUE,"fabin3",18949.8887661175,FALSE,FALSE,FALSE,0.00100000000000122
18,"fresh","weak_marker","covariance_profiled","standardized","nlopt-lbfgs","shared",2,TRUE,TRUE,"layered",0.0144825489865755,FALSE,FALSE,FALSE,0.00200000000000244
18,"fresh","weak_marker","covariance_profiled","standardized","nlopt-lbfgs","signed",4,TRUE,TRUE,"signed_-1_1",0.00559976733984344,TRUE,FALSE,FALSE,0.00600000000000023
18,"fresh","weak_marker","covariance_profiled","standardized","nlopt-lbfgs","all",6,TRUE,TRUE,"signed_-1_1",0.00559976733984344,TRUE,FALSE,FALSE,0.00800000000000267
19,"fresh","weak_marker","covariance_profiled","standardized","nlopt-lbfgs","fabin3",1,TRUE,TRUE,"fabin3",0.184703248309807,FALSE,FALSE,FALSE,0.000999999999997669
19,"fresh","weak_marker","covariance_profiled","standardized","nlopt-lbfgs","shared",2,TRUE,TRUE,"layered",0.184703248309807,FALSE,FALSE,FALSE,0.00199999999999889
19,"fresh","weak_marker","covariance_profiled","standardized","nlopt-lbfgs","signed",4,TRUE,TRUE,"signed_1_-1",0.184697613804265,FALSE,FALSE,FALSE,0.00800000000000267
19,"fresh","weak_marker","covariance_profiled","standardized","nlopt-lbfgs","all",6,TRUE,TRUE,"signed_1_-1",0.184697613804265,FALSE,FALSE,FALSE,0.0100000000000016
20,"fresh","weak_marker","covariance_profiled","standardized","nlopt-lbfgs","fabin3",1,TRUE,TRUE,"fabin3",9.47534980716285,FALSE,FALSE,FALSE,0.000999999999997669
20,"fresh","weak_marker","covariance_profiled","standardized","nlopt-lbfgs","shared",2,TRUE,TRUE,"layered",9.47534313381205,FALSE,FALSE,FALSE,0.00499999999999901
20,"fresh","weak_marker","covariance_profiled","standardized","nlopt-lbfgs","signed",4,TRUE,TRUE,"signed_-1_1",8.84994114576245,FALSE,FALSE,FALSE,0.00699999999999434
20,"fresh","weak_marker","covariance_profiled","standardized","nlopt-lbfgs","all",6,TRUE,TRUE,"signed_-1_1",8.84994114576245,FALSE,FALSE,FALSE,0.0119999999999933
21,"fresh","weak_marker","covariance_profiled","standardized","nlopt-lbfgs","fabin3",1,TRUE,TRUE,"fabin3",22.5993890012584,FALSE,FALSE,FALSE,0.00199999999999889
21,"fresh","weak_marker","covariance_profiled","standardized","nlopt-lbfgs","shared",2,TRUE,TRUE,"layered",11.8044535567575,FALSE,FALSE,FALSE,0.00299999999999656
21,"fresh","weak_marker","covariance_profiled","standardized","nlopt-lbfgs","signed",4,TRUE,TRUE,"signed_-1_-1",0.0956580134124942,FALSE,FALSE,FALSE,0.0260000000000034
21,"fresh","weak_marker","covariance_profiled","standardized","nlopt-lbfgs","all",6,TRUE,TRUE,"signed_-1_-1",0.0956580134124942,FALSE,FALSE,FALSE,0.0289999999999999
22,"fresh","weak_marker","covariance_profiled","standardized","nlopt-lbfgs","fabin3",1,TRUE,TRUE,"fabin3",15730.1873989849,FALSE,FALSE,FALSE,0.000999999999997669
22,"fresh","weak_marker","covariance_profiled","standardized","nlopt-lbfgs","shared",2,TRUE,TRUE,"layered",0.112257622311811,FALSE,FALSE,FALSE,0.00199999999999534
22,"fresh","weak_marker","covariance_profiled","standardized","nlopt-lbfgs","signed",4,TRUE,TRUE,"signed_-1_1",0.112239738282715,FALSE,FALSE,FALSE,0.0399999999999956
22,"fresh","weak_marker","covariance_profiled","standardized","nlopt-lbfgs","all",6,TRUE,TRUE,"signed_-1_1",0.112239738282715,FALSE,FALSE,FALSE,0.0419999999999909
23,"fresh","weak_marker","covariance_profiled","standardized","nlopt-lbfgs","fabin3",1,TRUE,TRUE,"fabin3",0.883713351417798,FALSE,FALSE,FALSE,0.00100000000000122
23,"fresh","weak_marker","covariance_profiled","standardized","nlopt-lbfgs","shared",2,TRUE,TRUE,"layered",0.105936548914104,TRUE,FALSE,FALSE,0.00199999999999889
23,"fresh","weak_marker","covariance_profiled","standardized","nlopt-lbfgs","signed",4,TRUE,TRUE,"signed_1_-1",0.203008855950168,FALSE,FALSE,FALSE,0.0150000000000041
23,"fresh","weak_marker","covariance_profiled","standardized","nlopt-lbfgs","all",6,TRUE,TRUE,"layered",0.105936548914104,TRUE,FALSE,FALSE,0.017000000000003
24,"fresh","weak_marker","covariance_profiled","standardized","nlopt-lbfgs","fabin3",1,TRUE,TRUE,"fabin3",0.0386345673904607,FALSE,FALSE,FALSE,0.00100000000000122
24,"fresh","weak_marker","covariance_profiled","standardized","nlopt-lbfgs","shared",2,TRUE,TRUE,"layered",0.0386292986177068,FALSE,FALSE,FALSE,0.00200000000000244
24,"fresh","weak_marker","covariance_profiled","standardized","nlopt-lbfgs","signed",4,TRUE,TRUE,"signed_-1_1",0.0385813884551072,FALSE,FALSE,FALSE,0.0100000000000016
24,"fresh","weak_marker","covariance_profiled","standardized","nlopt-lbfgs","all",6,TRUE,TRUE,"signed_-1_1",0.0385813884551072,FALSE,FALSE,FALSE,0.012000000000004
25,"fresh","weak_marker","covariance_profiled","standardized","nlopt-lbfgs","fabin3",1,TRUE,TRUE,"fabin3",0.359618588024868,FALSE,FALSE,FALSE,0.0100000000000016
25,"fresh","weak_marker","covariance_profiled","standardized","nlopt-lbfgs","shared",2,TRUE,TRUE,"fabin3",0.359618588024868,FALSE,FALSE,FALSE,0.0190000000000019
25,"fresh","weak_marker","covariance_profiled","standardized","nlopt-lbfgs","signed",4,TRUE,TRUE,"signed_1_-1",0.221567227578312,TRUE,FALSE,FALSE,0.0239999999999974
25,"fresh","weak_marker","covariance_profiled","standardized","nlopt-lbfgs","all",6,TRUE,TRUE,"signed_1_-1",0.221567227578312,TRUE,FALSE,FALSE,0.0429999999999993
1,"retained","ernst","regression_marker","standardized","nlopt-lbfgs","fabin3",1,TRUE,FALSE,"",,FALSE,FALSE,FALSE,0
1,"retained","ernst","regression_marker","standardized","nlopt-lbfgs","shared",2,TRUE,FALSE,"",,FALSE,FALSE,FALSE,0.001
1,"retained","ernst","regression_marker","standardized","nlopt-lbfgs","signed",4,TRUE,TRUE,"signed_1_-1",1.16464652364381,FALSE,FALSE,FALSE,0.00900000000000001
1,"retained","ernst","regression_marker","standardized","nlopt-lbfgs","all",6,TRUE,TRUE,"signed_1_-1",1.16464652364381,FALSE,FALSE,FALSE,0.01
2,"retained","ernst","regression_marker","standardized","nlopt-lbfgs","fabin3",1,TRUE,FALSE,"",,FALSE,FALSE,FALSE,0
2,"retained","ernst","regression_marker","standardized","nlopt-lbfgs","shared",2,TRUE,FALSE,"",,FALSE,FALSE,FALSE,0.00100000000000011
2,"retained","ernst","regression_marker","standardized","nlopt-lbfgs","signed",4,TRUE,FALSE,"",,FALSE,FALSE,FALSE,0.0100000000000002
2,"retained","ernst","regression_marker","standardized","nlopt-lbfgs","all",6,TRUE,FALSE,"",,FALSE,FALSE,FALSE,0.0110000000000003
3,"retained","ernst","regression_marker","standardized","nlopt-lbfgs","fabin3",1,TRUE,FALSE,"",,FALSE,FALSE,FALSE,0.00099999999999989
3,"retained","ernst","regression_marker","standardized","nlopt-lbfgs","shared",2,TRUE,FALSE,"",,FALSE,FALSE,FALSE,0.00199999999999978
3,"retained","ernst","regression_marker","standardized","nlopt-lbfgs","signed",4,TRUE,TRUE,"signed_1_1",0.0193884830182089,FALSE,FALSE,FALSE,0.0169999999999995
3,"retained","ernst","regression_marker","standardized","nlopt-lbfgs","all",6,TRUE,TRUE,"signed_1_1",0.0193884830182089,FALSE,FALSE,FALSE,0.0189999999999992
4,"retained","ernst","regression_marker","standardized","nlopt-lbfgs","fabin3",1,TRUE,FALSE,"",,FALSE,FALSE,FALSE,0
4,"retained","ernst","regression_marker","standardized","nlopt-lbfgs","shared",2,TRUE,FALSE,"",,FALSE,FALSE,FALSE,0.00099999999999989
4,"retained","ernst","regression_marker","standardized","nlopt-lbfgs","signed",4,TRUE,TRUE,"signed_-1_-1",6.62351036414677,FALSE,FALSE,FALSE,0.0169999999999999
4,"retained","ernst","regression_marker","standardized","nlopt-lbfgs","all",6,TRUE,TRUE,"signed_-1_-1",6.62351036414677,FALSE,FALSE,FALSE,0.0179999999999998
5,"retained","ernst","regression_marker","standardized","nlopt-lbfgs","fabin3",1,TRUE,FALSE,"",,FALSE,FALSE,FALSE,0.00099999999999989
5,"retained","ernst","regression_marker","standardized","nlopt-lbfgs","shared",2,TRUE,FALSE,"",,FALSE,FALSE,FALSE,0.00099999999999989
5,"retained","ernst","regression_marker","standardized","nlopt-lbfgs","signed",4,TRUE,FALSE,"",,FALSE,FALSE,FALSE,0.0140000000000002
5,"retained","ernst","regression_marker","standardized","nlopt-lbfgs","all",6,TRUE,FALSE,"",,FALSE,FALSE,FALSE,0.0150000000000001
6,"fresh","ernst","regression_marker","standardized","nlopt-lbfgs","fabin3",1,TRUE,FALSE,"",,FALSE,FALSE,FALSE,0.000999999999999446
6,"fresh","ernst","regression_marker","standardized","nlopt-lbfgs","shared",2,TRUE,FALSE,"",,FALSE,FALSE,FALSE,0.00199999999999889
6,"fresh","ernst","regression_marker","standardized","nlopt-lbfgs","signed",4,TRUE,TRUE,"signed_1_1",0.307595188442666,FALSE,FALSE,FALSE,0.00699999999999967
6,"fresh","ernst","regression_marker","standardized","nlopt-lbfgs","all",6,TRUE,TRUE,"signed_1_1",0.307595188442666,FALSE,FALSE,FALSE,0.00899999999999856
7,"fresh","ernst","regression_marker","standardized","nlopt-lbfgs","fabin3",1,TRUE,FALSE,"",,FALSE,FALSE,FALSE,0
7,"fresh","ernst","regression_marker","standardized","nlopt-lbfgs","shared",2,TRUE,FALSE,"",,FALSE,FALSE,FALSE,0.00100000000000033
7,"fresh","ernst","regression_marker","standardized","nlopt-lbfgs","signed",4,TRUE,TRUE,"signed_-1_-1",35.8338822338919,FALSE,FALSE,FALSE,0.0120000000000005
7,"fresh","ernst","regression_marker","standardized","nlopt-lbfgs","all",6,TRUE,TRUE,"signed_-1_-1",35.8338822338919,FALSE,FALSE,FALSE,0.0130000000000008
8,"fresh","ernst","regression_marker","standardized","nlopt-lbfgs","fabin3",1,TRUE,FALSE,"",,FALSE,FALSE,FALSE,0.00100000000000033
8,"fresh","ernst","regression_marker","standardized","nlopt-lbfgs","shared",2,TRUE,FALSE,"",,FALSE,FALSE,FALSE,0.00199999999999978
8,"fresh","ernst","regression_marker","standardized","nlopt-lbfgs","signed",4,TRUE,FALSE,"",,FALSE,FALSE,FALSE,0.00800000000000001
8,"fresh","ernst","regression_marker","standardized","nlopt-lbfgs","all",6,TRUE,FALSE,"",,FALSE,FALSE,FALSE,0.00999999999999979
9,"fresh","ernst","regression_marker","standardized","nlopt-lbfgs","fabin3",1,TRUE,FALSE,"",,FALSE,FALSE,FALSE,0.00100000000000033
9,"fresh","ernst","regression_marker","standardized","nlopt-lbfgs","shared",2,TRUE,FALSE,"",,FALSE,FALSE,FALSE,0.00200000000000067
9,"fresh","ernst","regression_marker","standardized","nlopt-lbfgs","signed",4,TRUE,FALSE,"",,FALSE,FALSE,FALSE,0.0130000000000008
9,"fresh","ernst","regression_marker","standardized","nlopt-lbfgs","all",6,TRUE,FALSE,"",,FALSE,FALSE,FALSE,0.0150000000000015
10,"fresh","ernst","regression_marker","standardized","nlopt-lbfgs","fabin3",1,TRUE,FALSE,"",,FALSE,FALSE,FALSE,0
10,"fresh","ernst","regression_marker","standardized","nlopt-lbfgs","shared",2,TRUE,FALSE,"",,FALSE,FALSE,FALSE,0.000999999999999446
10,"fresh","ernst","regression_marker","standardized","nlopt-lbfgs","signed",4,TRUE,TRUE,"signed_1_1",0.00050970128548866,FALSE,FALSE,FALSE,0.00799999999999912
10,"fresh","ernst","regression_marker","standardized","nlopt-lbfgs","all",6,TRUE,TRUE,"signed_1_1",0.00050970128548866,FALSE,FALSE,FALSE,0.00899999999999856
11,"fresh","ernst","regression_marker","standardized","nlopt-lbfgs","fabin3",1,TRUE,FALSE,"",,FALSE,FALSE,FALSE,0.00100000000000122
11,"fresh","ernst","regression_marker","standardized","nlopt-lbfgs","shared",2,TRUE,FALSE,"",,FALSE,FALSE,FALSE,0.00200000000000067
11,"fresh","ernst","regression_marker","standardized","nlopt-lbfgs","signed",4,TRUE,TRUE,"signed_1_1",0.154538516630993,FALSE,FALSE,FALSE,0.0160000000000036
11,"fresh","ernst","regression_marker","standardized","nlopt-lbfgs","all",6,TRUE,TRUE,"signed_1_1",0.154538516630993,FALSE,FALSE,FALSE,0.0180000000000042
12,"fresh","ernst","regression_marker","standardized","nlopt-lbfgs","fabin3",1,TRUE,FALSE,"",,FALSE,FALSE,FALSE,0.000999999999999446
12,"fresh","ernst","regression_marker","standardized","nlopt-lbfgs","shared",2,TRUE,FALSE,"",,FALSE,FALSE,FALSE,0.00200000000000067
12,"fresh","ernst","regression_marker","standardized","nlopt-lbfgs","signed",4,TRUE,TRUE,"signed_1_1",1.31791992099685,FALSE,FALSE,FALSE,0.0120000000000022
12,"fresh","ernst","regression_marker","standardized","nlopt-lbfgs","all",6,TRUE,TRUE,"signed_1_1",1.31791992099685,FALSE,FALSE,FALSE,0.0140000000000029
13,"fresh","ernst","regression_marker","standardized","nlopt-lbfgs","fabin3",1,TRUE,FALSE,"",,FALSE,FALSE,FALSE,0.000999999999999446
13,"fresh","ernst","regression_marker","standardized","nlopt-lbfgs","shared",2,TRUE,FALSE,"",,FALSE,FALSE,FALSE,0.00199999999999889
13,"fresh","ernst","regression_marker","standardized","nlopt-lbfgs","signed",4,TRUE,FALSE,"",,FALSE,FALSE,FALSE,0.0150000000000006
13,"fresh","ernst","regression_marker","standardized","nlopt-lbfgs","all",6,TRUE,FALSE,"",,FALSE,FALSE,FALSE,0.0169999999999995
14,"fresh","ernst","regression_marker","standardized","nlopt-lbfgs","fabin3",1,TRUE,FALSE,"",,FALSE,FALSE,FALSE,0.000999999999999446
14,"fresh","ernst","regression_marker","standardized","nlopt-lbfgs","shared",2,TRUE,FALSE,"",,FALSE,FALSE,FALSE,0.000999999999999446
14,"fresh","ernst","regression_marker","standardized","nlopt-lbfgs","signed",4,TRUE,FALSE,"",,FALSE,FALSE,FALSE,0.0230000000000015
14,"fresh","ernst","regression_marker","standardized","nlopt-lbfgs","all",6,TRUE,FALSE,"",,FALSE,FALSE,FALSE,0.0240000000000009
15,"fresh","ernst","regression_marker","standardized","nlopt-lbfgs","fabin3",1,TRUE,FALSE,"",,FALSE,FALSE,FALSE,0.000999999999999446
15,"fresh","ernst","regression_marker","standardized","nlopt-lbfgs","shared",2,TRUE,FALSE,"",,FALSE,FALSE,FALSE,0.00200000000000067
15,"fresh","ernst","regression_marker","standardized","nlopt-lbfgs","signed",4,TRUE,TRUE,"signed_1_1",0.344604232143132,FALSE,FALSE,FALSE,0.00900000000000034
15,"fresh","ernst","regression_marker","standardized","nlopt-lbfgs","all",6,TRUE,TRUE,"signed_1_1",0.344604232143132,FALSE,FALSE,FALSE,0.011000000000001
16,"fresh","weak_marker","regression_marker","standardized","nlopt-lbfgs","fabin3",1,TRUE,FALSE,"",,FALSE,FALSE,FALSE,0
16,"fresh","weak_marker","regression_marker","standardized","nlopt-lbfgs","shared",2,TRUE,FALSE,"",,FALSE,FALSE,FALSE,0.000999999999999446
16,"fresh","weak_marker","regression_marker","standardized","nlopt-lbfgs","signed",4,TRUE,TRUE,"signed_-1_-1",32.4095702907205,FALSE,FALSE,FALSE,0.00399999999999956
16,"fresh","weak_marker","regression_marker","standardized","nlopt-lbfgs","all",6,TRUE,TRUE,"signed_-1_-1",32.4095702907205,FALSE,FALSE,FALSE,0.00499999999999901
17,"fresh","weak_marker","regression_marker","standardized","nlopt-lbfgs","fabin3",1,TRUE,FALSE,"",,FALSE,FALSE,FALSE,0
17,"fresh","weak_marker","regression_marker","standardized","nlopt-lbfgs","shared",2,TRUE,FALSE,"",,FALSE,FALSE,FALSE,0.00100000000000122
17,"fresh","weak_marker","regression_marker","standardized","nlopt-lbfgs","signed",4,TRUE,FALSE,"",,FALSE,FALSE,FALSE,0.00100000000000122
17,"fresh","weak_marker","regression_marker","standardized","nlopt-lbfgs","all",6,TRUE,FALSE,"",,FALSE,FALSE,FALSE,0.00200000000000244
18,"fresh","weak_marker","regression_marker","standardized","nlopt-lbfgs","fabin3",1,TRUE,FALSE,"",,FALSE,FALSE,FALSE,0
18,"fresh","weak_marker","regression_marker","standardized","nlopt-lbfgs","shared",2,TRUE,FALSE,"",,FALSE,FALSE,FALSE,0
18,"fresh","weak_marker","regression_marker","standardized","nlopt-lbfgs","signed",4,TRUE,TRUE,"signed_-1_1",9.81480121667216,FALSE,FALSE,FALSE,0.00500000000000078
18,"fresh","weak_marker","regression_marker","standardized","nlopt-lbfgs","all",6,TRUE,TRUE,"signed_-1_1",9.81480121667216,FALSE,FALSE,FALSE,0.00500000000000078
19,"fresh","weak_marker","regression_marker","standardized","nlopt-lbfgs","fabin3",1,TRUE,FALSE,"",,FALSE,FALSE,FALSE,0.00100000000000122
19,"fresh","weak_marker","regression_marker","standardized","nlopt-lbfgs","shared",2,TRUE,FALSE,"",,FALSE,FALSE,FALSE,0.00100000000000122
19,"fresh","weak_marker","regression_marker","standardized","nlopt-lbfgs","signed",4,TRUE,FALSE,"",,FALSE,FALSE,FALSE,0.0100000000000051
19,"fresh","weak_marker","regression_marker","standardized","nlopt-lbfgs","all",6,TRUE,FALSE,"",,FALSE,FALSE,FALSE,0.0110000000000063
20,"fresh","weak_marker","regression_marker","standardized","nlopt-lbfgs","fabin3",1,TRUE,FALSE,"",,FALSE,FALSE,FALSE,0.00100000000000122
20,"fresh","weak_marker","regression_marker","standardized","nlopt-lbfgs","shared",2,TRUE,FALSE,"",,FALSE,FALSE,FALSE,0.00100000000000122
20,"fresh","weak_marker","regression_marker","standardized","nlopt-lbfgs","signed",4,TRUE,TRUE,"signed_-1_1",46.9167965710347,FALSE,FALSE,FALSE,0.00399999999999778
20,"fresh","weak_marker","regression_marker","standardized","nlopt-lbfgs","all",6,TRUE,TRUE,"signed_-1_1",46.9167965710347,FALSE,FALSE,FALSE,0.00499999999999901
21,"fresh","weak_marker","regression_marker","standardized","nlopt-lbfgs","fabin3",1,TRUE,FALSE,"",,FALSE,FALSE,FALSE,0.000999999999997669
21,"fresh","weak_marker","regression_marker","standardized","nlopt-lbfgs","shared",2,TRUE,FALSE,"",,FALSE,FALSE,FALSE,0.000999999999997669
21,"fresh","weak_marker","regression_marker","standardized","nlopt-lbfgs","signed",4,TRUE,FALSE,"",,FALSE,FALSE,FALSE,0.000999999999997669
21,"fresh","weak_marker","regression_marker","standardized","nlopt-lbfgs","all",6,TRUE,FALSE,"",,FALSE,FALSE,FALSE,0.00199999999999534
22,"fresh","weak_marker","regression_marker","standardized","nlopt-lbfgs","fabin3",1,TRUE,FALSE,"",,FALSE,FALSE,FALSE,0.000999999999997669
22,"fresh","weak_marker","regression_marker","standardized","nlopt-lbfgs","shared",2,TRUE,FALSE,"",,FALSE,FALSE,FALSE,0.00199999999999534
22,"fresh","weak_marker","regression_marker","standardized","nlopt-lbfgs","signed",4,TRUE,FALSE,"",,FALSE,FALSE,FALSE,0.00100000000000122
22,"fresh","weak_marker","regression_marker","standardized","nlopt-lbfgs","all",6,TRUE,FALSE,"",,FALSE,FALSE,FALSE,0.00299999999999656
23,"fresh","weak_marker","regression_marker","standardized","nlopt-lbfgs","fabin3",1,TRUE,FALSE,"",,FALSE,FALSE,FALSE,0
23,"fresh","weak_marker","regression_marker","standardized","nlopt-lbfgs","shared",2,TRUE,FALSE,"",,FALSE,FALSE,FALSE,0
23,"fresh","weak_marker","regression_marker","standardized","nlopt-lbfgs","signed",4,TRUE,TRUE,"signed_-1_-1",4.24434111918831,FALSE,FALSE,FALSE,0.00300000000000011
23,"fresh","weak_marker","regression_marker","standardized","nlopt-lbfgs","all",6,TRUE,TRUE,"signed_-1_-1",4.24434111918831,FALSE,FALSE,FALSE,0.00300000000000011
24,"fresh","weak_marker","regression_marker","standardized","nlopt-lbfgs","fabin3",1,TRUE,FALSE,"",,FALSE,FALSE,FALSE,0.000999999999997669
24,"fresh","weak_marker","regression_marker","standardized","nlopt-lbfgs","shared",2,TRUE,FALSE,"",,FALSE,FALSE,FALSE,0.00199999999999889
24,"fresh","weak_marker","regression_marker","standardized","nlopt-lbfgs","signed",4,TRUE,FALSE,"",,FALSE,FALSE,FALSE,0.0309999999999988
24,"fresh","weak_marker","regression_marker","standardized","nlopt-lbfgs","all",6,TRUE,FALSE,"",,FALSE,FALSE,FALSE,0.0329999999999977
25,"fresh","weak_marker","regression_marker","standardized","nlopt-lbfgs","fabin3",1,TRUE,FALSE,"",,FALSE,FALSE,FALSE,0
25,"fresh","weak_marker","regression_marker","standardized","nlopt-lbfgs","shared",2,TRUE,FALSE,"",,FALSE,FALSE,FALSE,0.00100000000000122
25,"fresh","weak_marker","regression_marker","standardized","nlopt-lbfgs","signed",4,TRUE,TRUE,"signed_-1_1",4.98554739182558,FALSE,FALSE,FALSE,0.00500000000000256
25,"fresh","weak_marker","regression_marker","standardized","nlopt-lbfgs","all",6,TRUE,TRUE,"signed_-1_1",4.98554739182558,FALSE,FALSE,FALSE,0.00600000000000378
1,"retained","ernst","regression_sphere","standardized","nlopt-lbfgs","fabin3",1,TRUE,FALSE,"",,FALSE,FALSE,FALSE,0.0169999999999999
1,"retained","ernst","regression_sphere","standardized","nlopt-lbfgs","shared",2,TRUE,FALSE,"",,FALSE,FALSE,FALSE,0.0179999999999999
1,"retained","ernst","regression_sphere","standardized","nlopt-lbfgs","signed",4,TRUE,FALSE,"",,FALSE,FALSE,FALSE,0.0389999999999999
1,"retained","ernst","regression_sphere","standardized","nlopt-lbfgs","all",6,TRUE,FALSE,"",,FALSE,FALSE,FALSE,0.0569999999999998
2,"retained","ernst","regression_sphere","standardized","nlopt-lbfgs","fabin3",1,TRUE,FALSE,"",,FALSE,FALSE,FALSE,0.00099999999999989
2,"retained","ernst","regression_sphere","standardized","nlopt-lbfgs","shared",2,TRUE,FALSE,"",,FALSE,FALSE,FALSE,0.002
2,"retained","ernst","regression_sphere","standardized","nlopt-lbfgs","signed",4,TRUE,FALSE,"",,FALSE,FALSE,FALSE,0.0400000000000003
2,"retained","ernst","regression_sphere","standardized","nlopt-lbfgs","all",6,TRUE,FALSE,"",,FALSE,FALSE,FALSE,0.0420000000000003
3,"retained","ernst","regression_sphere","standardized","nlopt-lbfgs","fabin3",1,TRUE,FALSE,"",,FALSE,FALSE,FALSE,0
3,"retained","ernst","regression_sphere","standardized","nlopt-lbfgs","shared",2,TRUE,FALSE,"",,FALSE,FALSE,FALSE,0
3,"retained","ernst","regression_sphere","standardized","nlopt-lbfgs","signed",4,TRUE,TRUE,"signed_1_1",0.019248327887834,FALSE,FALSE,FALSE,0.032
3,"retained","ernst","regression_sphere","standardized","nlopt-lbfgs","all",6,TRUE,TRUE,"signed_1_1",0.019248327887834,FALSE,FALSE,FALSE,0.032
4,"retained","ernst","regression_sphere","standardized","nlopt-lbfgs","fabin3",1,TRUE,FALSE,"",,FALSE,FALSE,FALSE,0.00100000000000033
4,"retained","ernst","regression_sphere","standardized","nlopt-lbfgs","shared",2,TRUE,FALSE,"",,FALSE,FALSE,FALSE,0.00100000000000033
4,"retained","ernst","regression_sphere","standardized","nlopt-lbfgs","signed",4,TRUE,TRUE,"signed_-1_-1",16.5348585007276,FALSE,FALSE,FALSE,0.0400000000000005
4,"retained","ernst","regression_sphere","standardized","nlopt-lbfgs","all",6,TRUE,TRUE,"signed_-1_-1",16.5348585007276,FALSE,FALSE,FALSE,0.0410000000000008
5,"retained","ernst","regression_sphere","standardized","nlopt-lbfgs","fabin3",1,TRUE,FALSE,"",,FALSE,FALSE,FALSE,0.00099999999999989
5,"retained","ernst","regression_sphere","standardized","nlopt-lbfgs","shared",2,TRUE,FALSE,"",,FALSE,FALSE,FALSE,0.00200000000000022
5,"retained","ernst","regression_sphere","standardized","nlopt-lbfgs","signed",4,TRUE,TRUE,"signed_1_1",3.47969825268312,FALSE,FALSE,FALSE,0.0520000000000005
5,"retained","ernst","regression_sphere","standardized","nlopt-lbfgs","all",6,TRUE,TRUE,"signed_1_1",3.47969825268312,FALSE,FALSE,FALSE,0.0540000000000007
6,"fresh","ernst","regression_sphere","standardized","nlopt-lbfgs","fabin3",1,TRUE,FALSE,"",,FALSE,FALSE,FALSE,0
6,"fresh","ernst","regression_sphere","standardized","nlopt-lbfgs","shared",2,TRUE,FALSE,"",,FALSE,FALSE,FALSE,0
6,"fresh","ernst","regression_sphere","standardized","nlopt-lbfgs","signed",4,TRUE,FALSE,"",,FALSE,FALSE,FALSE,0.0499999999999998
6,"fresh","ernst","regression_sphere","standardized","nlopt-lbfgs","all",6,TRUE,FALSE,"",,FALSE,FALSE,FALSE,0.0499999999999998
7,"fresh","ernst","regression_sphere","standardized","nlopt-lbfgs","fabin3",1,TRUE,FALSE,"",,FALSE,FALSE,FALSE,0.00100000000000033
7,"fresh","ernst","regression_sphere","standardized","nlopt-lbfgs","shared",2,TRUE,FALSE,"",,FALSE,FALSE,FALSE,0.00200000000000067
7,"fresh","ernst","regression_sphere","standardized","nlopt-lbfgs","signed",4,TRUE,TRUE,"signed_-1_-1",35.9975448412809,FALSE,FALSE,FALSE,0.0429999999999993
7,"fresh","ernst","regression_sphere","standardized","nlopt-lbfgs","all",6,TRUE,TRUE,"signed_-1_-1",35.9975448412809,FALSE,FALSE,FALSE,0.0449999999999999
8,"fresh","ernst","regression_sphere","standardized","nlopt-lbfgs","fabin3",1,TRUE,FALSE,"",,FALSE,FALSE,FALSE,0
8,"fresh","ernst","regression_sphere","standardized","nlopt-lbfgs","shared",2,TRUE,FALSE,"",,FALSE,FALSE,FALSE,0
8,"fresh","ernst","regression_sphere","standardized","nlopt-lbfgs","signed",4,TRUE,FALSE,"",,FALSE,FALSE,FALSE,0.0499999999999998
8,"fresh","ernst","regression_sphere","standardized","nlopt-lbfgs","all",6,TRUE,FALSE,"",,FALSE,FALSE,FALSE,0.0499999999999998
9,"fresh","ernst","regression_sphere","standardized","nlopt-lbfgs","fabin3",1,TRUE,FALSE,"",,FALSE,FALSE,FALSE,0
9,"fresh","ernst","regression_sphere","standardized","nlopt-lbfgs","shared",2,TRUE,FALSE,"",,FALSE,FALSE,FALSE,0.000999999999999446
9,"fresh","ernst","regression_sphere","standardized","nlopt-lbfgs","signed",4,TRUE,TRUE,"signed_1_1",1.60906236591871,FALSE,FALSE,FALSE,0.0609999999999999
9,"fresh","ernst","regression_sphere","standardized","nlopt-lbfgs","all",6,TRUE,TRUE,"signed_1_1",1.60906236591871,FALSE,FALSE,FALSE,0.0619999999999994
10,"fresh","ernst","regression_sphere","standardized","nlopt-lbfgs","fabin3",1,TRUE,FALSE,"",,FALSE,FALSE,FALSE,0.00100000000000122
10,"fresh","ernst","regression_sphere","standardized","nlopt-lbfgs","shared",2,TRUE,FALSE,"",,FALSE,FALSE,FALSE,0.00100000000000122
10,"fresh","ernst","regression_sphere","standardized","nlopt-lbfgs","signed",4,TRUE,TRUE,"signed_1_1",0.000406203554652556,FALSE,FALSE,FALSE,0.0640000000000001
10,"fresh","ernst","regression_sphere","standardized","nlopt-lbfgs","all",6,TRUE,TRUE,"signed_1_1",0.000406203554652556,FALSE,FALSE,FALSE,0.0650000000000013
11,"fresh","ernst","regression_sphere","standardized","nlopt-lbfgs","fabin3",1,TRUE,FALSE,"",,FALSE,FALSE,FALSE,0.000999999999999446
11,"fresh","ernst","regression_sphere","standardized","nlopt-lbfgs","shared",2,TRUE,FALSE,"",,FALSE,FALSE,FALSE,0.000999999999999446
11,"fresh","ernst","regression_sphere","standardized","nlopt-lbfgs","signed",4,TRUE,FALSE,"",,FALSE,FALSE,FALSE,0.0459999999999994
11,"fresh","ernst","regression_sphere","standardized","nlopt-lbfgs","all",6,TRUE,FALSE,"",,FALSE,FALSE,FALSE,0.0469999999999988
12,"fresh","ernst","regression_sphere","standardized","nlopt-lbfgs","fabin3",1,TRUE,FALSE,"",,FALSE,FALSE,FALSE,0.00100000000000122
12,"fresh","ernst","regression_sphere","standardized","nlopt-lbfgs","shared",2,TRUE,FALSE,"",,FALSE,FALSE,FALSE,0.00200000000000067
12,"fresh","ernst","regression_sphere","standardized","nlopt-lbfgs","signed",4,TRUE,FALSE,"",,FALSE,FALSE,FALSE,0.0490000000000013
12,"fresh","ernst","regression_sphere","standardized","nlopt-lbfgs","all",6,TRUE,FALSE,"",,FALSE,FALSE,FALSE,0.0510000000000019
13,"fresh","ernst","regression_sphere","standardized","nlopt-lbfgs","fabin3",1,TRUE,FALSE,"",,FALSE,FALSE,FALSE,0.000999999999999446
13,"fresh","ernst","regression_sphere","standardized","nlopt-lbfgs","shared",2,TRUE,FALSE,"",,FALSE,FALSE,FALSE,0.000999999999999446
13,"fresh","ernst","regression_sphere","standardized","nlopt-lbfgs","signed",4,TRUE,FALSE,"",,FALSE,FALSE,FALSE,0.0380000000000003
13,"fresh","ernst","regression_sphere","standardized","nlopt-lbfgs","all",6,TRUE,FALSE,"",,FALSE,FALSE,FALSE,0.0389999999999997
14,"fresh","ernst","regression_sphere","standardized","nlopt-lbfgs","fabin3",1,TRUE,FALSE,"",,FALSE,FALSE,FALSE,0
14,"fresh","ernst","regression_sphere","standardized","nlopt-lbfgs","shared",2,TRUE,FALSE,"",,FALSE,FALSE,FALSE,0.00100000000000122
14,"fresh","ernst","regression_sphere","standardized","nlopt-lbfgs","signed",4,TRUE,TRUE,"signed_1_1",0.0376566509754148,FALSE,FALSE,FALSE,0.0519999999999996
14,"fresh","ernst","regression_sphere","standardized","nlopt-lbfgs","all",6,TRUE,TRUE,"signed_1_1",0.0376566509754148,FALSE,FALSE,FALSE,0.0530000000000008
15,"fresh","ernst","regression_sphere","standardized","nlopt-lbfgs","fabin3",1,TRUE,FALSE,"",,FALSE,FALSE,FALSE,0
15,"fresh","ernst","regression_sphere","standardized","nlopt-lbfgs","shared",2,TRUE,FALSE,"",,FALSE,FALSE,FALSE,0.000999999999999446
15,"fresh","ernst","regression_sphere","standardized","nlopt-lbfgs","signed",4,TRUE,TRUE,"signed_1_1",0.324273248848363,FALSE,FALSE,FALSE,0.0540000000000003
15,"fresh","ernst","regression_sphere","standardized","nlopt-lbfgs","all",6,TRUE,TRUE,"signed_1_1",0.324273248848363,FALSE,FALSE,FALSE,0.0549999999999997
16,"fresh","weak_marker","regression_sphere","standardized","nlopt-lbfgs","fabin3",1,TRUE,FALSE,"",,FALSE,FALSE,FALSE,0
16,"fresh","weak_marker","regression_sphere","standardized","nlopt-lbfgs","shared",2,TRUE,FALSE,"",,FALSE,FALSE,FALSE,0
16,"fresh","weak_marker","regression_sphere","standardized","nlopt-lbfgs","signed",4,TRUE,TRUE,"signed_-1_-1",30.4560766313888,FALSE,FALSE,FALSE,0.0640000000000001
16,"fresh","weak_marker","regression_sphere","standardized","nlopt-lbfgs","all",6,TRUE,TRUE,"signed_-1_-1",30.4560766313888,FALSE,FALSE,FALSE,0.0640000000000001
17,"fresh","weak_marker","regression_sphere","standardized","nlopt-lbfgs","fabin3",1,TRUE,FALSE,"",,FALSE,FALSE,FALSE,0.00100000000000122
17,"fresh","weak_marker","regression_sphere","standardized","nlopt-lbfgs","shared",2,TRUE,FALSE,"",,FALSE,FALSE,FALSE,0.00100000000000122
17,"fresh","weak_marker","regression_sphere","standardized","nlopt-lbfgs","signed",4,TRUE,FALSE,"",,FALSE,FALSE,FALSE,0.00300000000000011
17,"fresh","weak_marker","regression_sphere","standardized","nlopt-lbfgs","all",6,TRUE,FALSE,"",,FALSE,FALSE,FALSE,0.00400000000000134
18,"fresh","weak_marker","regression_sphere","standardized","nlopt-lbfgs","fabin3",1,TRUE,FALSE,"",,FALSE,FALSE,FALSE,0.000999999999999446
18,"fresh","weak_marker","regression_sphere","standardized","nlopt-lbfgs","shared",2,TRUE,FALSE,"",,FALSE,FALSE,FALSE,0.00199999999999889
18,"fresh","weak_marker","regression_sphere","standardized","nlopt-lbfgs","signed",4,TRUE,TRUE,"signed_-1_-1",2.38552580271361,FALSE,FALSE,FALSE,0.0519999999999996
18,"fresh","weak_marker","regression_sphere","standardized","nlopt-lbfgs","all",6,TRUE,TRUE,"signed_-1_-1",2.38552580271361,FALSE,FALSE,FALSE,0.0539999999999985
19,"fresh","weak_marker","regression_sphere","standardized","nlopt-lbfgs","fabin3",1,TRUE,FALSE,"",,FALSE,FALSE,FALSE,0
19,"fresh","weak_marker","regression_sphere","standardized","nlopt-lbfgs","shared",2,TRUE,FALSE,"",,FALSE,FALSE,FALSE,0.00100000000000122
19,"fresh","weak_marker","regression_sphere","standardized","nlopt-lbfgs","signed",4,TRUE,FALSE,"",,FALSE,FALSE,FALSE,0.0609999999999964
19,"fresh","weak_marker","regression_sphere","standardized","nlopt-lbfgs","all",6,TRUE,FALSE,"",,FALSE,FALSE,FALSE,0.0619999999999976
20,"fresh","weak_marker","regression_sphere","standardized","nlopt-lbfgs","fabin3",1,TRUE,FALSE,"",,FALSE,FALSE,FALSE,0
20,"fresh","weak_marker","regression_sphere","standardized","nlopt-lbfgs","shared",2,TRUE,FALSE,"",,FALSE,FALSE,FALSE,0
20,"fresh","weak_marker","regression_sphere","standardized","nlopt-lbfgs","signed",4,TRUE,TRUE,"signed_-1_-1",37.6067487110937,FALSE,FALSE,FALSE,0.0519999999999996
20,"fresh","weak_marker","regression_sphere","standardized","nlopt-lbfgs","all",6,TRUE,TRUE,"signed_-1_-1",37.6067487110937,FALSE,FALSE,FALSE,0.0519999999999996
21,"fresh","weak_marker","regression_sphere","standardized","nlopt-lbfgs","fabin3",1,TRUE,FALSE,"",,FALSE,FALSE,FALSE,0
21,"fresh","weak_marker","regression_sphere","standardized","nlopt-lbfgs","shared",2,TRUE,FALSE,"",,FALSE,FALSE,FALSE,0.00100000000000122
21,"fresh","weak_marker","regression_sphere","standardized","nlopt-lbfgs","signed",4,TRUE,FALSE,"",,FALSE,FALSE,FALSE,0.0629999999999988
21,"fresh","weak_marker","regression_sphere","standardized","nlopt-lbfgs","all",6,TRUE,FALSE,"",,FALSE,FALSE,FALSE,0.0640000000000001
22,"fresh","weak_marker","regression_sphere","standardized","nlopt-lbfgs","fabin3",1,TRUE,FALSE,"",,FALSE,FALSE,FALSE,0.00100000000000122
22,"fresh","weak_marker","regression_sphere","standardized","nlopt-lbfgs","shared",2,TRUE,FALSE,"",,FALSE,FALSE,FALSE,0.00200000000000244
22,"fresh","weak_marker","regression_sphere","standardized","nlopt-lbfgs","signed",4,TRUE,FALSE,"",,FALSE,FALSE,FALSE,0.00300000000000367
22,"fresh","weak_marker","regression_sphere","standardized","nlopt-lbfgs","all",6,TRUE,FALSE,"",,FALSE,FALSE,FALSE,0.00500000000000611
23,"fresh","weak_marker","regression_sphere","standardized","nlopt-lbfgs","fabin3",1,TRUE,FALSE,"",,FALSE,FALSE,FALSE,0.00100000000000122
23,"fresh","weak_marker","regression_sphere","standardized","nlopt-lbfgs","shared",2,TRUE,FALSE,"",,FALSE,FALSE,FALSE,0.0110000000000028
23,"fresh","weak_marker","regression_sphere","standardized","nlopt-lbfgs","signed",4,TRUE,TRUE,"signed_1_-1",0.105995325549491,FALSE,FALSE,FALSE,0.0459999999999994
23,"fresh","weak_marker","regression_sphere","standardized","nlopt-lbfgs","all",6,TRUE,TRUE,"signed_1_-1",0.105995325549491,FALSE,FALSE,FALSE,0.0570000000000022
24,"fresh","weak_marker","regression_sphere","standardized","nlopt-lbfgs","fabin3",1,TRUE,FALSE,"",,FALSE,FALSE,FALSE,0
24,"fresh","weak_marker","regression_sphere","standardized","nlopt-lbfgs","shared",2,TRUE,FALSE,"",,FALSE,FALSE,FALSE,0.00100000000000122
24,"fresh","weak_marker","regression_sphere","standardized","nlopt-lbfgs","signed",4,TRUE,TRUE,"signed_-1_1",0.023687245485244,FALSE,FALSE,FALSE,0.0589999999999939
24,"fresh","weak_marker","regression_sphere","standardized","nlopt-lbfgs","all",6,TRUE,TRUE,"signed_-1_1",0.023687245485244,FALSE,FALSE,FALSE,0.0599999999999952
25,"fresh","weak_marker","regression_sphere","standardized","nlopt-lbfgs","fabin3",1,TRUE,FALSE,"",,FALSE,FALSE,FALSE,0.000999999999997669
25,"fresh","weak_marker","regression_sphere","standardized","nlopt-lbfgs","shared",2,TRUE,FALSE,"",,FALSE,FALSE,FALSE,0.000999999999997669
25,"fresh","weak_marker","regression_sphere","standardized","nlopt-lbfgs","signed",4,TRUE,TRUE,"signed_-1_1",2.95884528993734,FALSE,FALSE,FALSE,0.0449999999999946
25,"fresh","weak_marker","regression_sphere","standardized","nlopt-lbfgs","all",6,TRUE,TRUE,"signed_-1_1",2.95884528993734,FALSE,FALSE,FALSE,0.0459999999999923
1,"retained","ernst","covariance_full","mixed","port-nls","fabin3",1,TRUE,TRUE,"fabin3",0.143565425016616,TRUE,FALSE,FALSE,0.032
1,"retained","ernst","covariance_full","mixed","port-nls","shared",2,TRUE,TRUE,"layered",0.143565425016616,TRUE,FALSE,FALSE,0.043
1,"retained","ernst","covariance_full","mixed","port-nls","signed",4,TRUE,TRUE,"signed_1_1",0.143565425016616,TRUE,FALSE,FALSE,0.045
1,"retained","ernst","covariance_full","mixed","port-nls","all",6,TRUE,TRUE,"layered",0.143565425016616,TRUE,FALSE,FALSE,0.0880000000000001
2,"retained","ernst","covariance_full","mixed","port-nls","fabin3",1,TRUE,TRUE,"fabin3",1.39843349007032,FALSE,FALSE,FALSE,0.0109999999999999
2,"retained","ernst","covariance_full","mixed","port-nls","shared",2,TRUE,TRUE,"layered",1.39815712676624,FALSE,FALSE,FALSE,0.0229999999999999
2,"retained","ernst","covariance_full","mixed","port-nls","signed",4,TRUE,TRUE,"signed_1_-1",1.39217957174178,FALSE,FALSE,FALSE,0.0469999999999999
2,"retained","ernst","covariance_full","mixed","port-nls","all",6,TRUE,TRUE,"signed_1_-1",1.39217957174178,FALSE,FALSE,FALSE,0.0699999999999998
3,"retained","ernst","covariance_full","mixed","port-nls","fabin3",1,TRUE,TRUE,"fabin3",0.0178493710571335,TRUE,FALSE,FALSE,0.00500000000000034
3,"retained","ernst","covariance_full","mixed","port-nls","shared",2,TRUE,TRUE,"fabin3",0.0178493710571335,TRUE,FALSE,FALSE,0.00800000000000045
3,"retained","ernst","covariance_full","mixed","port-nls","signed",4,TRUE,TRUE,"signed_1_1",0.0178493710571335,TRUE,FALSE,FALSE,0.0379999999999998
3,"retained","ernst","covariance_full","mixed","port-nls","all",6,TRUE,TRUE,"fabin3",0.0178493710571335,TRUE,FALSE,FALSE,0.0460000000000003
4,"retained","ernst","covariance_full","mixed","port-nls","fabin3",1,TRUE,TRUE,"fabin3",14.4258521551252,FALSE,FALSE,FALSE,0.012
4,"retained","ernst","covariance_full","mixed","port-nls","shared",2,TRUE,TRUE,"layered",14.3537983837061,FALSE,FALSE,FALSE,0.0249999999999999
4,"retained","ernst","covariance_full","mixed","port-nls","signed",4,TRUE,TRUE,"signed_-1_1",2.86374601669618,TRUE,FALSE,FALSE,0.0460000000000003
4,"retained","ernst","covariance_full","mixed","port-nls","all",6,TRUE,TRUE,"signed_-1_1",2.86374601669618,TRUE,FALSE,FALSE,0.0710000000000002
5,"retained","ernst","covariance_full","mixed","port-nls","fabin3",1,TRUE,TRUE,"fabin3",3.47793407368566,TRUE,FALSE,FALSE,0.00300000000000011
5,"retained","ernst","covariance_full","mixed","port-nls","shared",2,TRUE,TRUE,"layered",3.47793407368566,TRUE,FALSE,FALSE,0.00599999999999978
5,"retained","ernst","covariance_full","mixed","port-nls","signed",4,TRUE,TRUE,"signed_1_1",3.47793407368566,TRUE,FALSE,FALSE,0.0400000000000009
5,"retained","ernst","covariance_full","mixed","port-nls","all",6,TRUE,TRUE,"layered",3.47793407368566,TRUE,FALSE,FALSE,0.0460000000000007
6,"fresh","ernst","covariance_full","mixed","port-nls","fabin3",1,TRUE,TRUE,"fabin3",0.0832558379913078,FALSE,FALSE,FALSE,0.0120000000000005
6,"fresh","ernst","covariance_full","mixed","port-nls","shared",2,TRUE,TRUE,"layered",0.0576485308356682,FALSE,FALSE,FALSE,0.024
6,"fresh","ernst","covariance_full","mixed","port-nls","signed",4,TRUE,TRUE,"signed_1_1",0.0838035108591529,FALSE,FALSE,FALSE,0.048
6,"fresh","ernst","covariance_full","mixed","port-nls","all",6,TRUE,TRUE,"layered",0.0576485308356682,FALSE,FALSE,FALSE,0.0720000000000001
7,"fresh","ernst","covariance_full","mixed","port-nls","fabin3",1,TRUE,TRUE,"fabin3",0.398579915947144,FALSE,FALSE,FALSE,0.0129999999999999
7,"fresh","ernst","covariance_full","mixed","port-nls","shared",2,TRUE,TRUE,"layered",0.389258659305907,FALSE,FALSE,FALSE,0.0250000000000004
7,"fresh","ernst","covariance_full","mixed","port-nls","signed",4,TRUE,TRUE,"signed_-1_1",0.0771700707785933,TRUE,FALSE,FALSE,0.0410000000000013
7,"fresh","ernst","covariance_full","mixed","port-nls","all",6,TRUE,TRUE,"signed_-1_1",0.0771700707785933,TRUE,FALSE,FALSE,0.0660000000000016
8,"fresh","ernst","covariance_full","mixed","port-nls","fabin3",1,TRUE,TRUE,"fabin3",0.1127364837758,TRUE,FALSE,FALSE,0.00499999999999989
8,"fresh","ernst","covariance_full","mixed","port-nls","shared",2,TRUE,TRUE,"fabin3",0.1127364837758,TRUE,FALSE,FALSE,0.00900000000000034
8,"fresh","ernst","covariance_full","mixed","port-nls","signed",4,TRUE,TRUE,"signed_1_1",0.1127364837758,TRUE,FALSE,FALSE,0.0399999999999983
8,"fresh","ernst","covariance_full","mixed","port-nls","all",6,TRUE,TRUE,"fabin3",0.1127364837758,TRUE,FALSE,FALSE,0.0489999999999986
9,"fresh","ernst","covariance_full","mixed","port-nls","fabin3",1,TRUE,TRUE,"fabin3",0.0113867366840748,TRUE,FALSE,FALSE,0.00399999999999956
9,"fresh","ernst","covariance_full","mixed","port-nls","shared",2,TRUE,TRUE,"fabin3",0.0113867366840748,TRUE,FALSE,FALSE,0.0110000000000001
9,"fresh","ernst","covariance_full","mixed","port-nls","signed",4,TRUE,TRUE,"signed_1_1",0.0113867366840748,TRUE,FALSE,FALSE,0.0490000000000013
9,"fresh","ernst","covariance_full","mixed","port-nls","all",6,TRUE,TRUE,"signed_1_1",0.0113867366840748,TRUE,FALSE,FALSE,0.0600000000000014
10,"fresh","ernst","covariance_full","mixed","port-nls","fabin3",1,TRUE,TRUE,"fabin3",0.000405824998583252,TRUE,FALSE,FALSE,0.00200000000000067
10,"fresh","ernst","covariance_full","mixed","port-nls","shared",2,TRUE,TRUE,"fabin3",0.000405824998583252,TRUE,FALSE,FALSE,0.0109999999999992
10,"fresh","ernst","covariance_full","mixed","port-nls","signed",4,TRUE,TRUE,"signed_1_1",0.000405824998583255,TRUE,FALSE,FALSE,0.0440000000000005
10,"fresh","ernst","covariance_full","mixed","port-nls","all",6,TRUE,TRUE,"fabin3",0.000405824998583252,TRUE,FALSE,FALSE,0.0549999999999997
11,"fresh","ernst","covariance_full","mixed","port-nls","fabin3",1,TRUE,TRUE,"fabin3",0.0924565636885106,FALSE,FALSE,FALSE,0.0119999999999987
11,"fresh","ernst","covariance_full","mixed","port-nls","shared",2,TRUE,TRUE,"layered",0.0891031276231579,FALSE,FALSE,FALSE,0.0239999999999991
11,"fresh","ernst","covariance_full","mixed","port-nls","signed",4,TRUE,TRUE,"signed_1_1",0.0919541723438868,FALSE,FALSE,FALSE,0.0489999999999995
11,"fresh","ernst","covariance_full","mixed","port-nls","all",6,TRUE,TRUE,"layered",0.0891031276231579,FALSE,FALSE,FALSE,0.0729999999999986
12,"fresh","ernst","covariance_full","mixed","port-nls","fabin3",1,TRUE,TRUE,"fabin3",0.960051736021774,TRUE,FALSE,FALSE,0.011000000000001
12,"fresh","ernst","covariance_full","mixed","port-nls","shared",2,TRUE,TRUE,"fabin3",0.960051736021774,TRUE,FALSE,FALSE,0.022000000000002
12,"fresh","ernst","covariance_full","mixed","port-nls","signed",4,TRUE,TRUE,"signed_1_1",0.960051736021774,TRUE,FALSE,FALSE,0.048
12,"fresh","ernst","covariance_full","mixed","port-nls","all",6,TRUE,TRUE,"fabin3",0.960051736021774,TRUE,FALSE,FALSE,0.0700000000000021
13,"fresh","ernst","covariance_full","mixed","port-nls","fabin3",1,TRUE,TRUE,"fabin3",0.0292043978466902,TRUE,FALSE,FALSE,0.0109999999999992
13,"fresh","ernst","covariance_full","mixed","port-nls","shared",2,TRUE,TRUE,"layered",0.0292043978466902,TRUE,FALSE,FALSE,0.0220000000000002
13,"fresh","ernst","covariance_full","mixed","port-nls","signed",4,TRUE,TRUE,"signed_1_1",0.0292043978466902,TRUE,FALSE,FALSE,0.048
13,"fresh","ernst","covariance_full","mixed","port-nls","all",6,TRUE,TRUE,"layered",0.0292043978466902,TRUE,FALSE,FALSE,0.0700000000000003
14,"fresh","ernst","covariance_full","mixed","port-nls","fabin3",1,TRUE,TRUE,"fabin3",0.0364591135938131,TRUE,FALSE,FALSE,0.00900000000000034
14,"fresh","ernst","covariance_full","mixed","port-nls","shared",2,TRUE,TRUE,"fabin3",0.0364591135938131,TRUE,FALSE,FALSE,0.0150000000000006
14,"fresh","ernst","covariance_full","mixed","port-nls","signed",4,TRUE,TRUE,"signed_1_1",0.0364591135938131,TRUE,FALSE,FALSE,0.041999999999998
14,"fresh","ernst","covariance_full","mixed","port-nls","all",6,TRUE,TRUE,"fabin3",0.0364591135938131,TRUE,FALSE,FALSE,0.0569999999999986
15,"fresh","ernst","covariance_full","mixed","port-nls","fabin3",1,TRUE,TRUE,"fabin3",0.322666659040069,TRUE,FALSE,FALSE,0.00799999999999912
15,"fresh","ernst","covariance_full","mixed","port-nls","shared",2,TRUE,TRUE,"layered",0.322666659040069,TRUE,FALSE,FALSE,0.0159999999999982
15,"fresh","ernst","covariance_full","mixed","port-nls","signed",4,TRUE,TRUE,"signed_1_1",0.322666659040069,TRUE,FALSE,FALSE,0.0460000000000012
15,"fresh","ernst","covariance_full","mixed","port-nls","all",6,TRUE,TRUE,"layered",0.322666659040069,TRUE,FALSE,FALSE,0.0619999999999994
16,"fresh","weak_marker","covariance_full","mixed","port-nls","fabin3",1,TRUE,TRUE,"fabin3",25.0736274013097,FALSE,FALSE,FALSE,0.0129999999999999
16,"fresh","weak_marker","covariance_full","mixed","port-nls","shared",2,TRUE,TRUE,"layered",24.9248974976907,FALSE,FALSE,FALSE,0.0259999999999998
16,"fresh","weak_marker","covariance_full","mixed","port-nls","signed",4,TRUE,TRUE,"signed_-1_-1",0.18910698925235,FALSE,FALSE,FALSE,0.0519999999999996
16,"fresh","weak_marker","covariance_full","mixed","port-nls","all",6,TRUE,TRUE,"signed_-1_-1",0.18910698925235,FALSE,FALSE,FALSE,0.0779999999999994
17,"fresh","weak_marker","covariance_full","mixed","port-nls","fabin3",1,TRUE,TRUE,"fabin3",0.0271101266012289,FALSE,FALSE,FALSE,0.0129999999999999
17,"fresh","weak_marker","covariance_full","mixed","port-nls","shared",2,TRUE,TRUE,"layered",0.0266490580680755,TRUE,FALSE,FALSE,0.0250000000000004
17,"fresh","weak_marker","covariance_full","mixed","port-nls","signed",4,TRUE,TRUE,"signed_1_1",0.0266884305841107,FALSE,FALSE,FALSE,0.0530000000000008
17,"fresh","weak_marker","covariance_full","mixed","port-nls","all",6,TRUE,TRUE,"layered",0.0266490580680755,TRUE,FALSE,FALSE,0.0780000000000012
18,"fresh","weak_marker","covariance_full","mixed","port-nls","fabin3",1,TRUE,TRUE,"fabin3",0.589782407128504,FALSE,FALSE,FALSE,0.0129999999999999
18,"fresh","weak_marker","covariance_full","mixed","port-nls","shared",2,TRUE,TRUE,"layered",0.021903845304335,FALSE,FALSE,FALSE,0.0259999999999998
18,"fresh","weak_marker","covariance_full","mixed","port-nls","signed",4,TRUE,TRUE,"signed_-1_1",0.00729849416264197,FALSE,FALSE,FALSE,0.049000000000003
18,"fresh","weak_marker","covariance_full","mixed","port-nls","all",6,TRUE,TRUE,"signed_-1_1",0.00729849416264197,FALSE,FALSE,FALSE,0.0750000000000028
19,"fresh","weak_marker","covariance_full","mixed","port-nls","fabin3",1,TRUE,TRUE,"fabin3",0.180497525798668,FALSE,FALSE,FALSE,0.0120000000000005
19,"fresh","weak_marker","covariance_full","mixed","port-nls","shared",2,TRUE,TRUE,"layered",0.178478541067315,FALSE,FALSE,FALSE,0.0250000000000021
19,"fresh","weak_marker","covariance_full","mixed","port-nls","signed",4,TRUE,TRUE,"signed_1_-1",0.177690610642174,FALSE,FALSE,FALSE,0.0500000000000043
19,"fresh","weak_marker","covariance_full","mixed","port-nls","all",6,TRUE,TRUE,"signed_1_-1",0.177690610642174,FALSE,FALSE,FALSE,0.0750000000000064
20,"fresh","weak_marker","covariance_full","mixed","port-nls","fabin3",1,TRUE,TRUE,"fabin3",46.9261482334884,FALSE,FALSE,FALSE,0.0129999999999981
20,"fresh","weak_marker","covariance_full","mixed","port-nls","shared",2,TRUE,TRUE,"layered",37.7481719347645,FALSE,FALSE,FALSE,0.0269999999999975
20,"fresh","weak_marker","covariance_full","mixed","port-nls","signed",4,TRUE,TRUE,"signed_-1_1",8.85033431944741,FALSE,FALSE,FALSE,0.0519999999999996
20,"fresh","weak_marker","covariance_full","mixed","port-nls","all",6,TRUE,TRUE,"signed_-1_1",8.85033431944741,FALSE,FALSE,FALSE,0.0789999999999971
21,"fresh","weak_marker","covariance_full","mixed","port-nls","fabin3",1,TRUE,TRUE,"fabin3",1.4221783958081,FALSE,FALSE,FALSE,0.0129999999999981
21,"fresh","weak_marker","covariance_full","mixed","port-nls","shared",2,TRUE,TRUE,"fabin3",1.4221783958081,FALSE,FALSE,FALSE,0.0249999999999986
21,"fresh","weak_marker","covariance_full","mixed","port-nls","signed",4,TRUE,TRUE,"signed_-1_-1",0.0958668723829628,FALSE,FALSE,FALSE,0.0510000000000019
21,"fresh","weak_marker","covariance_full","mixed","port-nls","all",6,TRUE,TRUE,"signed_-1_-1",0.0958668723829628,FALSE,FALSE,FALSE,0.0760000000000005
22,"fresh","weak_marker","covariance_full","mixed","port-nls","fabin3",1,TRUE,TRUE,"fabin3",1.5737914976202,FALSE,FALSE,FALSE,0.0130000000000017
22,"fresh","weak_marker","covariance_full","mixed","port-nls","shared",2,TRUE,TRUE,"layered",0.121071111994436,FALSE,FALSE,FALSE,0.0250000000000021
22,"fresh","weak_marker","covariance_full","mixed","port-nls","signed",4,TRUE,TRUE,"signed_-1_1",0.119682017429022,FALSE,FALSE,FALSE,0.0510000000000019
22,"fresh","weak_marker","covariance_full","mixed","port-nls","all",6,TRUE,TRUE,"signed_-1_1",0.119682017429022,FALSE,FALSE,FALSE,0.0760000000000041
23,"fresh","weak_marker","covariance_full","mixed","port-nls","fabin3",1,TRUE,TRUE,"fabin3",2.89901328499855,FALSE,FALSE,FALSE,0.0139999999999993
23,"fresh","weak_marker","covariance_full","mixed","port-nls","shared",2,TRUE,TRUE,"layered",0.992043221433484,FALSE,FALSE,FALSE,0.0269999999999975
23,"fresh","weak_marker","covariance_full","mixed","port-nls","signed",4,TRUE,TRUE,"signed_1_1",0.105936556213362,FALSE,FALSE,FALSE,0.0499999999999972
23,"fresh","weak_marker","covariance_full","mixed","port-nls","all",6,TRUE,TRUE,"signed_1_1",0.105936556213362,FALSE,FALSE,FALSE,0.0769999999999946
24,"fresh","weak_marker","covariance_full","mixed","port-nls","fabin3",1,TRUE,TRUE,"fabin3",0.850966528573073,FALSE,FALSE,FALSE,0.0120000000000005
24,"fresh","weak_marker","covariance_full","mixed","port-nls","shared",2,TRUE,TRUE,"fabin3",0.850966528573073,FALSE,FALSE,FALSE,0.0250000000000021
24,"fresh","weak_marker","covariance_full","mixed","port-nls","signed",4,TRUE,TRUE,"signed_-1_1",0.0259712379578628,FALSE,FALSE,FALSE,0.0510000000000019
24,"fresh","weak_marker","covariance_full","mixed","port-nls","all",6,TRUE,TRUE,"signed_-1_1",0.0259712379578628,FALSE,FALSE,FALSE,0.0760000000000041
25,"fresh","weak_marker","covariance_full","mixed","port-nls","fabin3",1,TRUE,TRUE,"fabin3",0.361073117261673,FALSE,FALSE,FALSE,0.0120000000000005
25,"fresh","weak_marker","covariance_full","mixed","port-nls","shared",2,TRUE,TRUE,"layered",0.355567470589166,FALSE,FALSE,FALSE,0.0240000000000009
25,"fresh","weak_marker","covariance_full","mixed","port-nls","signed",4,TRUE,TRUE,"signed_1_-1",0.222305892509323,FALSE,FALSE,FALSE,0.0509999999999984
25,"fresh","weak_marker","covariance_full","mixed","port-nls","all",6,TRUE,TRUE,"signed_1_-1",0.222305892509323,FALSE,FALSE,FALSE,0.0749999999999993
1,"retained","ernst","covariance_profiled","mixed","port-nls","fabin3",1,TRUE,TRUE,"fabin3",0.143565425016616,TRUE,FALSE,FALSE,0.001
1,"retained","ernst","covariance_profiled","mixed","port-nls","shared",2,TRUE,TRUE,"fabin3",0.143565425016616,TRUE,FALSE,FALSE,0.002
1,"retained","ernst","covariance_profiled","mixed","port-nls","signed",4,TRUE,TRUE,"signed_-1_1",0.143565425016616,TRUE,FALSE,FALSE,0.00899999999999967
1,"retained","ernst","covariance_profiled","mixed","port-nls","all",6,TRUE,TRUE,"signed_-1_1",0.143565425016616,TRUE,FALSE,FALSE,0.0109999999999997
2,"retained","ernst","covariance_profiled","mixed","port-nls","fabin3",1,TRUE,TRUE,"fabin3",1.39474861316544,FALSE,FALSE,FALSE,0.002
2,"retained","ernst","covariance_profiled","mixed","port-nls","shared",2,TRUE,TRUE,"fabin3",1.39474861316544,FALSE,FALSE,FALSE,0.00500000000000012
2,"retained","ernst","covariance_profiled","mixed","port-nls","signed",4,TRUE,TRUE,"signed_1_-1",1.39217934805736,FALSE,FALSE,FALSE,0.00800000000000045
2,"retained","ernst","covariance_profiled","mixed","port-nls","all",6,TRUE,TRUE,"signed_1_-1",1.39217934805736,FALSE,FALSE,FALSE,0.0130000000000006
3,"retained","ernst","covariance_profiled","mixed","port-nls","fabin3",1,TRUE,TRUE,"fabin3",0.0178493710571336,TRUE,FALSE,FALSE,0.00099999999999989
3,"retained","ernst","covariance_profiled","mixed","port-nls","shared",2,TRUE,TRUE,"fabin3",0.0178493710571336,TRUE,FALSE,FALSE,0.00200000000000022
3,"retained","ernst","covariance_profiled","mixed","port-nls","signed",4,TRUE,TRUE,"signed_1_1",0.0178493710571336,TRUE,FALSE,FALSE,0.00699999999999967
3,"retained","ernst","covariance_profiled","mixed","port-nls","all",6,TRUE,TRUE,"fabin3",0.0178493710571336,TRUE,FALSE,FALSE,0.0089999999999999
4,"retained","ernst","covariance_profiled","mixed","port-nls","fabin3",1,TRUE,TRUE,"fabin3",13.7059196280524,FALSE,FALSE,FALSE,0.00200000000000022
4,"retained","ernst","covariance_profiled","mixed","port-nls","shared",2,TRUE,TRUE,"fabin3",13.7059196280524,FALSE,FALSE,FALSE,0.004
4,"retained","ernst","covariance_profiled","mixed","port-nls","signed",4,TRUE,TRUE,"signed_-1_1",2.8637460167203,TRUE,FALSE,FALSE,0.00799999999999912
4,"retained","ernst","covariance_profiled","mixed","port-nls","all",6,TRUE,TRUE,"signed_-1_1",2.8637460167203,TRUE,FALSE,FALSE,0.0119999999999991
5,"retained","ernst","covariance_profiled","mixed","port-nls","fabin3",1,TRUE,TRUE,"fabin3",3.47793407368583,TRUE,FALSE,FALSE,0.00099999999999989
5,"retained","ernst","covariance_profiled","mixed","port-nls","shared",2,TRUE,TRUE,"layered",3.47793407368582,TRUE,FALSE,FALSE,0.00199999999999978
5,"retained","ernst","covariance_profiled","mixed","port-nls","signed",4,TRUE,TRUE,"signed_1_1",3.47793407368582,TRUE,FALSE,FALSE,0.00699999999999967
5,"retained","ernst","covariance_profiled","mixed","port-nls","all",6,TRUE,TRUE,"signed_1_1",3.47793407368582,TRUE,FALSE,FALSE,0.00899999999999945
6,"fresh","ernst","covariance_profiled","mixed","port-nls","fabin3",1,TRUE,TRUE,"fabin3",0.00977387475296051,TRUE,FALSE,FALSE,0.00100000000000033
6,"fresh","ernst","covariance_profiled","mixed","port-nls","shared",2,TRUE,TRUE,"layered",0.00977387475296051,TRUE,FALSE,FALSE,0.00199999999999978
6,"fresh","ernst","covariance_profiled","mixed","port-nls","signed",4,TRUE,TRUE,"signed_1_1",0.00977387475296051,TRUE,FALSE,FALSE,0.0080000000000009
6,"fresh","ernst","covariance_profiled","mixed","port-nls","all",6,TRUE,TRUE,"layered",0.00977387475296051,TRUE,FALSE,FALSE,0.0100000000000007
7,"fresh","ernst","covariance_profiled","mixed","port-nls","fabin3",1,TRUE,TRUE,"fabin3",0.285162990852879,FALSE,FALSE,FALSE,0.00200000000000067
7,"fresh","ernst","covariance_profiled","mixed","port-nls","shared",2,TRUE,TRUE,"fabin3",0.285162990852879,FALSE,FALSE,FALSE,0.00400000000000045
7,"fresh","ernst","covariance_profiled","mixed","port-nls","signed",4,TRUE,TRUE,"signed_-1_1",0.0771700707785933,TRUE,FALSE,FALSE,0.00900000000000123
7,"fresh","ernst","covariance_profiled","mixed","port-nls","all",6,TRUE,TRUE,"signed_-1_1",0.0771700707785933,TRUE,FALSE,FALSE,0.0130000000000017
8,"fresh","ernst","covariance_profiled","mixed","port-nls","fabin3",1,TRUE,TRUE,"fabin3",0.1127364837758,TRUE,FALSE,FALSE,0.000999999999999446
8,"fresh","ernst","covariance_profiled","mixed","port-nls","shared",2,TRUE,TRUE,"fabin3",0.1127364837758,TRUE,FALSE,FALSE,0.00199999999999978
8,"fresh","ernst","covariance_profiled","mixed","port-nls","signed",4,TRUE,TRUE,"signed_1_1",0.1127364837758,TRUE,FALSE,FALSE,0.00799999999999912
8,"fresh","ernst","covariance_profiled","mixed","port-nls","all",6,TRUE,TRUE,"fabin3",0.1127364837758,TRUE,FALSE,FALSE,0.0099999999999989
9,"fresh","ernst","covariance_profiled","mixed","port-nls","fabin3",1,TRUE,TRUE,"fabin3",0.0113867366840748,TRUE,FALSE,FALSE,0.00100000000000033
9,"fresh","ernst","covariance_profiled","mixed","port-nls","shared",2,TRUE,TRUE,"fabin3",0.0113867366840748,TRUE,FALSE,FALSE,0.00200000000000067
9,"fresh","ernst","covariance_profiled","mixed","port-nls","signed",4,TRUE,TRUE,"signed_1_1",0.0113867366840748,TRUE,FALSE,FALSE,0.00799999999999912
9,"fresh","ernst","covariance_profiled","mixed","port-nls","all",6,TRUE,TRUE,"signed_1_1",0.0113867366840748,TRUE,FALSE,FALSE,0.00999999999999979
10,"fresh","ernst","covariance_profiled","mixed","port-nls","fabin3",1,TRUE,TRUE,"fabin3",0.000405824998583254,TRUE,FALSE,FALSE,0.000999999999999446
10,"fresh","ernst","covariance_profiled","mixed","port-nls","shared",2,TRUE,TRUE,"layered",0.000405824998583254,TRUE,FALSE,FALSE,0.00199999999999889
10,"fresh","ernst","covariance_profiled","mixed","port-nls","signed",4,TRUE,TRUE,"signed_1_1",0.000405824998583254,TRUE,FALSE,FALSE,0.00800000000000267
10,"fresh","ernst","covariance_profiled","mixed","port-nls","all",6,TRUE,TRUE,"layered",0.000405824998583254,TRUE,FALSE,FALSE,0.0100000000000016
11,"fresh","ernst","covariance_profiled","mixed","port-nls","fabin3",1,TRUE,TRUE,"fabin3",0.0883988133479022,TRUE,FALSE,FALSE,0.000999999999999446
11,"fresh","ernst","covariance_profiled","mixed","port-nls","shared",2,TRUE,TRUE,"fabin3",0.0883988133479022,TRUE,FALSE,FALSE,0.00199999999999889
11,"fresh","ernst","covariance_profiled","mixed","port-nls","signed",4,TRUE,TRUE,"signed_1_1",0.0883988133479022,TRUE,FALSE,FALSE,0.00900000000000034
11,"fresh","ernst","covariance_profiled","mixed","port-nls","all",6,TRUE,TRUE,"fabin3",0.0883988133479022,TRUE,FALSE,FALSE,0.0109999999999992
12,"fresh","ernst","covariance_profiled","mixed","port-nls","fabin3",1,TRUE,TRUE,"fabin3",0.960051736021776,TRUE,FALSE,FALSE,0.00100000000000122
12,"fresh","ernst","covariance_profiled","mixed","port-nls","shared",2,TRUE,TRUE,"fabin3",0.960051736021776,TRUE,FALSE,FALSE,0.00200000000000244
12,"fresh","ernst","covariance_profiled","mixed","port-nls","signed",4,TRUE,TRUE,"signed_1_1",0.960051736021776,TRUE,FALSE,FALSE,0.00999999999999979
12,"fresh","ernst","covariance_profiled","mixed","port-nls","all",6,TRUE,TRUE,"signed_1_1",0.960051736021776,TRUE,FALSE,FALSE,0.0120000000000022
13,"fresh","ernst","covariance_profiled","mixed","port-nls","fabin3",1,TRUE,TRUE,"fabin3",0.0292043978466902,TRUE,FALSE,FALSE,0.000999999999999446
13,"fresh","ernst","covariance_profiled","mixed","port-nls","shared",2,TRUE,TRUE,"layered",0.0292043978466901,TRUE,FALSE,FALSE,0.00199999999999889
13,"fresh","ernst","covariance_profiled","mixed","port-nls","signed",4,TRUE,TRUE,"signed_1_1",0.0292043978466902,TRUE,FALSE,FALSE,0.00799999999999734
13,"fresh","ernst","covariance_profiled","mixed","port-nls","all",6,TRUE,TRUE,"layered",0.0292043978466901,TRUE,FALSE,FALSE,0.00999999999999623
14,"fresh","ernst","covariance_profiled","mixed","port-nls","fabin3",1,TRUE,TRUE,"fabin3",0.0364591135938131,TRUE,FALSE,FALSE,0.00100000000000122
14,"fresh","ernst","covariance_profiled","mixed","port-nls","shared",2,TRUE,TRUE,"fabin3",0.0364591135938131,TRUE,FALSE,FALSE,0.00200000000000067
14,"fresh","ernst","covariance_profiled","mixed","port-nls","signed",4,TRUE,TRUE,"signed_1_1",0.0364591135938131,TRUE,FALSE,FALSE,0.00799999999999912
14,"fresh","ernst","covariance_profiled","mixed","port-nls","all",6,TRUE,TRUE,"fabin3",0.0364591135938131,TRUE,FALSE,FALSE,0.00999999999999979
15,"fresh","ernst","covariance_profiled","mixed","port-nls","fabin3",1,TRUE,TRUE,"fabin3",0.322666659040069,TRUE,FALSE,FALSE,0.000999999999999446
15,"fresh","ernst","covariance_profiled","mixed","port-nls","shared",2,TRUE,TRUE,"fabin3",0.322666659040069,TRUE,FALSE,FALSE,0.00199999999999889
15,"fresh","ernst","covariance_profiled","mixed","port-nls","signed",4,TRUE,TRUE,"signed_1_1",0.322666659040069,TRUE,FALSE,FALSE,0.00899999999999856
15,"fresh","ernst","covariance_profiled","mixed","port-nls","all",6,TRUE,TRUE,"fabin3",0.322666659040069,TRUE,FALSE,FALSE,0.0109999999999975
16,"fresh","weak_marker","covariance_profiled","mixed","port-nls","fabin3",1,TRUE,FALSE,"",,FALSE,FALSE,FALSE,0.00199999999999889
16,"fresh","weak_marker","covariance_profiled","mixed","port-nls","shared",2,TRUE,TRUE,"layered",31.8165090003358,FALSE,FALSE,FALSE,0.00399999999999956
16,"fresh","weak_marker","covariance_profiled","mixed","port-nls","signed",4,TRUE,TRUE,"signed_-1_1",30.7603664208533,FALSE,FALSE,FALSE,0.0080000000000009
16,"fresh","weak_marker","covariance_profiled","mixed","port-nls","all",6,TRUE,TRUE,"signed_-1_1",30.7603664208533,FALSE,FALSE,FALSE,0.0120000000000005
17,"fresh","weak_marker","covariance_profiled","mixed","port-nls","fabin3",1,TRUE,TRUE,"fabin3",0.0266490580680755,TRUE,FALSE,FALSE,0.000999999999999446
17,"fresh","weak_marker","covariance_profiled","mixed","port-nls","shared",2,TRUE,TRUE,"fabin3",0.0266490580680755,TRUE,FALSE,FALSE,0.00200000000000067
17,"fresh","weak_marker","covariance_profiled","mixed","port-nls","signed",4,TRUE,TRUE,"signed_1_1",0.0266490580680755,TRUE,FALSE,FALSE,0.0080000000000009
17,"fresh","weak_marker","covariance_profiled","mixed","port-nls","all",6,TRUE,TRUE,"signed_1_1",0.0266490580680755,TRUE,FALSE,FALSE,0.0100000000000016
18,"fresh","weak_marker","covariance_profiled","mixed","port-nls","fabin3",1,TRUE,TRUE,"fabin3",0.00559976733984345,TRUE,FALSE,FALSE,0.00100000000000122
18,"fresh","weak_marker","covariance_profiled","mixed","port-nls","shared",2,TRUE,TRUE,"fabin3",0.00559976733984345,TRUE,FALSE,FALSE,0.00300000000000189
18,"fresh","weak_marker","covariance_profiled","mixed","port-nls","signed",4,TRUE,TRUE,"signed_-1_1",0.00559976733984345,TRUE,FALSE,FALSE,0.00799999999999912
18,"fresh","weak_marker","covariance_profiled","mixed","port-nls","all",6,TRUE,TRUE,"fabin3",0.00559976733984345,TRUE,FALSE,FALSE,0.011000000000001
19,"fresh","weak_marker","covariance_profiled","mixed","port-nls","fabin3",1,TRUE,FALSE,"",,FALSE,FALSE,FALSE,0.00199999999999889
19,"fresh","weak_marker","covariance_profiled","mixed","port-nls","shared",2,TRUE,FALSE,"",,FALSE,FALSE,FALSE,0.00300000000000011
19,"fresh","weak_marker","covariance_profiled","mixed","port-nls","signed",4,TRUE,TRUE,"signed_1_-1",0.17635428789099,TRUE,FALSE,FALSE,0.00800000000000267
19,"fresh","weak_marker","covariance_profiled","mixed","port-nls","all",6,TRUE,TRUE,"signed_1_-1",0.17635428789099,TRUE,FALSE,FALSE,0.0110000000000028
20,"fresh","weak_marker","covariance_profiled","mixed","port-nls","fabin3",1,TRUE,TRUE,"fabin3",9.4754427863697,FALSE,FALSE,FALSE,0.00199999999999889
20,"fresh","weak_marker","covariance_profiled","mixed","port-nls","shared",2,TRUE,TRUE,"layered",9.47542770821755,FALSE,FALSE,FALSE,0.00399999999999778
20,"fresh","weak_marker","covariance_profiled","mixed","port-nls","signed",4,TRUE,TRUE,"signed_-1_1",8.84959865567849,TRUE,FALSE,FALSE,0.00600000000000378
20,"fresh","weak_marker","covariance_profiled","mixed","port-nls","all",6,TRUE,TRUE,"signed_-1_1",8.84959865567849,TRUE,FALSE,FALSE,0.0100000000000016
21,"fresh","weak_marker","covariance_profiled","mixed","port-nls","fabin3",1,TRUE,TRUE,"fabin3",4.38149635693796,FALSE,FALSE,FALSE,0.00300000000000011
21,"fresh","weak_marker","covariance_profiled","mixed","port-nls","shared",2,TRUE,TRUE,"fabin3",4.38149635693796,FALSE,FALSE,FALSE,0.00499999999999901
21,"fresh","weak_marker","covariance_profiled","mixed","port-nls","signed",4,TRUE,TRUE,"signed_-1_-1",0.0956514572606526,TRUE,FALSE,FALSE,0.00800000000000267
21,"fresh","weak_marker","covariance_profiled","mixed","port-nls","all",6,TRUE,TRUE,"signed_-1_-1",0.0956514572606526,TRUE,FALSE,FALSE,0.0130000000000017
22,"fresh","weak_marker","covariance_profiled","mixed","port-nls","fabin3",1,TRUE,TRUE,"fabin3",0.112268613653632,FALSE,FALSE,FALSE,0.00200000000000244
22,"fresh","weak_marker","covariance_profiled","mixed","port-nls","shared",2,TRUE,TRUE,"layered",0.112257835684892,FALSE,FALSE,FALSE,0.00500000000000256
22,"fresh","weak_marker","covariance_profiled","mixed","port-nls","signed",4,TRUE,TRUE,"signed_-1_1",0.112197378718279,TRUE,FALSE,FALSE,0.00900000000000034
22,"fresh","weak_marker","covariance_profiled","mixed","port-nls","all",6,TRUE,TRUE,"signed_-1_1",0.112197378718279,TRUE,FALSE,FALSE,0.0140000000000029
23,"fresh","weak_marker","covariance_profiled","mixed","port-nls","fabin3",1,TRUE,TRUE,"fabin3",1.09472979330247,FALSE,FALSE,FALSE,0.00199999999999889
23,"fresh","weak_marker","covariance_profiled","mixed","port-nls","shared",2,TRUE,TRUE,"layered",0.105936548914106,TRUE,FALSE,FALSE,0.00399999999999778
23,"fresh","weak_marker","covariance_profiled","mixed","port-nls","signed",4,TRUE,TRUE,"signed_1_1",0.105936548914104,TRUE,FALSE,FALSE,0.00600000000000023
23,"fresh","weak_marker","covariance_profiled","mixed","port-nls","all",6,TRUE,TRUE,"signed_1_1",0.105936548914104,TRUE,FALSE,FALSE,0.00999999999999801
24,"fresh","weak_marker","covariance_profiled","mixed","port-nls","fabin3",1,TRUE,FALSE,"",,FALSE,FALSE,FALSE,0.00199999999999889
24,"fresh","weak_marker","covariance_profiled","mixed","port-nls","shared",2,TRUE,TRUE,"layered",0.0388056350941885,FALSE,FALSE,FALSE,0.00499999999999901
24,"fresh","weak_marker","covariance_profiled","mixed","port-nls","signed",4,TRUE,TRUE,"signed_-1_1",0.0236720825303504,TRUE,FALSE,FALSE,0.00900000000000745
24,"fresh","weak_marker","covariance_profiled","mixed","port-nls","all",6,TRUE,TRUE,"signed_-1_1",0.0236720825303504,TRUE,FALSE,FALSE,0.0140000000000065
25,"fresh","weak_marker","covariance_profiled","mixed","port-nls","fabin3",1,TRUE,TRUE,"fabin3",0.352399190265534,FALSE,FALSE,FALSE,0.00300000000000011
25,"fresh","weak_marker","covariance_profiled","mixed","port-nls","shared",2,TRUE,TRUE,"fabin3",0.352399190265534,FALSE,FALSE,FALSE,0.00499999999999901
25,"fresh","weak_marker","covariance_profiled","mixed","port-nls","signed",4,TRUE,TRUE,"signed_1_-1",0.22156722757831,TRUE,FALSE,FALSE,0.00599999999999312
25,"fresh","weak_marker","covariance_profiled","mixed","port-nls","all",6,TRUE,TRUE,"signed_1_-1",0.22156722757831,TRUE,FALSE,FALSE,0.0109999999999921
1,"retained","ernst","regression_marker","mixed","port-nls","fabin3",1,TRUE,TRUE,"fabin3",0.143565425016616,TRUE,FALSE,FALSE,0.018
1,"retained","ernst","regression_marker","mixed","port-nls","shared",2,TRUE,TRUE,"layered",0.143565425016615,TRUE,FALSE,FALSE,0.028
1,"retained","ernst","regression_marker","mixed","port-nls","signed",4,TRUE,TRUE,"signed_1_1",0.143565425016616,TRUE,FALSE,FALSE,0.0479999999999998
1,"retained","ernst","regression_marker","mixed","port-nls","all",6,TRUE,TRUE,"layered",0.143565425016615,TRUE,FALSE,FALSE,0.0759999999999998
2,"retained","ernst","regression_marker","mixed","port-nls","fabin3",1,TRUE,TRUE,"fabin3",1.39842424163827,FALSE,FALSE,FALSE,0.012
2,"retained","ernst","regression_marker","mixed","port-nls","shared",2,TRUE,TRUE,"layered",1.39824045738997,FALSE,FALSE,FALSE,0.0249999999999999
2,"retained","ernst","regression_marker","mixed","port-nls","signed",4,TRUE,TRUE,"signed_1_-1",1.39217934798283,TRUE,FALSE,FALSE,0.0490000000000002
2,"retained","ernst","regression_marker","mixed","port-nls","all",6,TRUE,TRUE,"signed_1_-1",1.39217934798283,TRUE,FALSE,FALSE,0.0740000000000001
3,"retained","ernst","regression_marker","mixed","port-nls","fabin3",1,TRUE,TRUE,"fabin3",0.0178493710571336,TRUE,FALSE,FALSE,0.004
3,"retained","ernst","regression_marker","mixed","port-nls","shared",2,TRUE,TRUE,"layered",0.0178493710571335,TRUE,FALSE,FALSE,0.00700000000000012
3,"retained","ernst","regression_marker","mixed","port-nls","signed",4,TRUE,TRUE,"signed_1_1",0.0178493710571336,TRUE,FALSE,FALSE,0.04
3,"retained","ernst","regression_marker","mixed","port-nls","all",6,TRUE,TRUE,"layered",0.0178493710571335,TRUE,FALSE,FALSE,0.0470000000000002
4,"retained","ernst","regression_marker","mixed","port-nls","fabin3",1,TRUE,TRUE,"fabin3",14.2983549029603,FALSE,FALSE,FALSE,0.012
4,"retained","ernst","regression_marker","mixed","port-nls","shared",2,TRUE,TRUE,"fabin3",14.2983549029603,FALSE,FALSE,FALSE,0.0249999999999999
4,"retained","ernst","regression_marker","mixed","port-nls","signed",4,TRUE,TRUE,"signed_-1_1",2.86374601669613,TRUE,FALSE,FALSE,0.0499999999999998
4,"retained","ernst","regression_marker","mixed","port-nls","all",6,TRUE,TRUE,"signed_-1_1",2.86374601669613,TRUE,FALSE,FALSE,0.0749999999999997
5,"retained","ernst","regression_marker","mixed","port-nls","fabin3",1,TRUE,TRUE,"fabin3",3.47793407368566,TRUE,FALSE,FALSE,0.004
5,"retained","ernst","regression_marker","mixed","port-nls","shared",2,TRUE,TRUE,"fabin3",3.47793407368566,TRUE,FALSE,FALSE,0.00700000000000012
5,"retained","ernst","regression_marker","mixed","port-nls","signed",4,TRUE,TRUE,"signed_1_1",3.47793407368566,TRUE,FALSE,FALSE,0.0380000000000011
5,"retained","ernst","regression_marker","mixed","port-nls","all",6,TRUE,TRUE,"signed_1_1",3.47793407368566,TRUE,FALSE,FALSE,0.0450000000000013
6,"fresh","ernst","regression_marker","mixed","port-nls","fabin3",1,TRUE,TRUE,"fabin3",0.0490808819722445,FALSE,FALSE,FALSE,0.0129999999999999
6,"fresh","ernst","regression_marker","mixed","port-nls","shared",2,TRUE,TRUE,"layered",0.0477807044406168,FALSE,FALSE,FALSE,0.0259999999999998
6,"fresh","ernst","regression_marker","mixed","port-nls","signed",4,TRUE,TRUE,"signed_1_1",0.0645056846925461,FALSE,FALSE,FALSE,0.048
6,"fresh","ernst","regression_marker","mixed","port-nls","all",6,TRUE,TRUE,"layered",0.0477807044406168,FALSE,FALSE,FALSE,0.0739999999999998
7,"fresh","ernst","regression_marker","mixed","port-nls","fabin3",1,TRUE,TRUE,"fabin3",0.401617861751081,FALSE,FALSE,FALSE,0.0129999999999999
7,"fresh","ernst","regression_marker","mixed","port-nls","shared",2,TRUE,TRUE,"layered",0.399774393180278,FALSE,FALSE,FALSE,0.0250000000000004
7,"fresh","ernst","regression_marker","mixed","port-nls","signed",4,TRUE,TRUE,"signed_-1_1",0.0771700707785934,TRUE,FALSE,FALSE,0.0400000000000009
7,"fresh","ernst","regression_marker","mixed","port-nls","all",6,TRUE,TRUE,"signed_-1_1",0.0771700707785934,TRUE,FALSE,FALSE,0.0650000000000013
8,"fresh","ernst","regression_marker","mixed","port-nls","fabin3",1,TRUE,TRUE,"fabin3",0.1127364837758,TRUE,FALSE,FALSE,0.00799999999999912
8,"fresh","ernst","regression_marker","mixed","port-nls","shared",2,TRUE,TRUE,"fabin3",0.1127364837758,TRUE,FALSE,FALSE,0.0119999999999996
8,"fresh","ernst","regression_marker","mixed","port-nls","signed",4,TRUE,TRUE,"signed_1_1",0.1127364837758,TRUE,FALSE,FALSE,0.0419999999999998
8,"fresh","ernst","regression_marker","mixed","port-nls","all",6,TRUE,TRUE,"fabin3",0.1127364837758,TRUE,FALSE,FALSE,0.0539999999999994
9,"fresh","ernst","regression_marker","mixed","port-nls","fabin3",1,TRUE,TRUE,"fabin3",0.0113867366840748,TRUE,FALSE,FALSE,0.00399999999999956
9,"fresh","ernst","regression_marker","mixed","port-nls","shared",2,TRUE,TRUE,"layered",0.0113867366840748,TRUE,FALSE,FALSE,0.0119999999999996
9,"fresh","ernst","regression_marker","mixed","port-nls","signed",4,TRUE,TRUE,"signed_1_1",0.0113867366840748,TRUE,FALSE,FALSE,0.0449999999999999
9,"fresh","ernst","regression_marker","mixed","port-nls","all",6,TRUE,TRUE,"layered",0.0113867366840748,TRUE,FALSE,FALSE,0.0569999999999995
10,"fresh","ernst","regression_marker","mixed","port-nls","fabin3",1,TRUE,TRUE,"fabin3",0.000405824998583253,TRUE,FALSE,FALSE,0.00100000000000122
10,"fresh","ernst","regression_marker","mixed","port-nls","shared",2,TRUE,TRUE,"fabin3",0.000405824998583253,TRUE,FALSE,FALSE,0.0120000000000005
10,"fresh","ernst","regression_marker","mixed","port-nls","signed",4,TRUE,TRUE,"signed_1_1",0.000405824998583253,TRUE,FALSE,FALSE,0.0449999999999999
10,"fresh","ernst","regression_marker","mixed","port-nls","all",6,TRUE,TRUE,"fabin3",0.000405824998583253,TRUE,FALSE,FALSE,0.0570000000000004
11,"fresh","ernst","regression_marker","mixed","port-nls","fabin3",1,TRUE,TRUE,"fabin3",0.0887675920114789,FALSE,FALSE,FALSE,0.0139999999999993
11,"fresh","ernst","regression_marker","mixed","port-nls","shared",2,TRUE,TRUE,"fabin3",0.0887675920114789,FALSE,FALSE,FALSE,0.025999999999998
11,"fresh","ernst","regression_marker","mixed","port-nls","signed",4,TRUE,TRUE,"signed_1_1",0.0898033374054444,FALSE,FALSE,FALSE,0.0499999999999972
11,"fresh","ernst","regression_marker","mixed","port-nls","all",6,TRUE,TRUE,"fabin3",0.0887675920114789,FALSE,FALSE,FALSE,0.0759999999999952
12,"fresh","ernst","regression_marker","mixed","port-nls","fabin3",1,TRUE,TRUE,"fabin3",0.960051736021774,TRUE,FALSE,FALSE,0.0129999999999999
12,"fresh","ernst","regression_marker","mixed","port-nls","shared",2,TRUE,TRUE,"fabin3",0.960051736021774,TRUE,FALSE,FALSE,0.0260000000000016
12,"fresh","ernst","regression_marker","mixed","port-nls","signed",4,TRUE,TRUE,"signed_1_1",0.960051736021774,TRUE,FALSE,FALSE,0.049000000000003
12,"fresh","ernst","regression_marker","mixed","port-nls","all",6,TRUE,TRUE,"fabin3",0.960051736021774,TRUE,FALSE,FALSE,0.0750000000000046
13,"fresh","ernst","regression_marker","mixed","port-nls","fabin3",1,TRUE,TRUE,"fabin3",0.0292043978466902,TRUE,FALSE,FALSE,0.0119999999999987
13,"fresh","ernst","regression_marker","mixed","port-nls","shared",2,TRUE,TRUE,"layered",0.0292043978466902,TRUE,FALSE,FALSE,0.0239999999999991
13,"fresh","ernst","regression_marker","mixed","port-nls","signed",4,TRUE,TRUE,"signed_1_1",0.0292043978466901,TRUE,FALSE,FALSE,0.0499999999999989
13,"fresh","ernst","regression_marker","mixed","port-nls","all",6,TRUE,TRUE,"signed_1_1",0.0292043978466901,TRUE,FALSE,FALSE,0.0739999999999981
14,"fresh","ernst","regression_marker","mixed","port-nls","fabin3",1,TRUE,TRUE,"fabin3",0.0364591135938131,TRUE,FALSE,FALSE,0.0080000000000009
14,"fresh","ernst","regression_marker","mixed","port-nls","shared",2,TRUE,TRUE,"fabin3",0.0364591135938131,TRUE,FALSE,FALSE,0.0140000000000011
14,"fresh","ernst","regression_marker","mixed","port-nls","signed",4,TRUE,TRUE,"signed_1_1",0.0364591135938131,TRUE,FALSE,FALSE,0.0440000000000005
14,"fresh","ernst","regression_marker","mixed","port-nls","all",6,TRUE,TRUE,"fabin3",0.0364591135938131,TRUE,FALSE,FALSE,0.0580000000000016
15,"fresh","ernst","regression_marker","mixed","port-nls","fabin3",1,TRUE,TRUE,"fabin3",0.322666659040069,TRUE,FALSE,FALSE,0.00799999999999912
15,"fresh","ernst","regression_marker","mixed","port-nls","shared",2,TRUE,TRUE,"layered",0.322666659040069,TRUE,FALSE,FALSE,0.0159999999999982
15,"fresh","ernst","regression_marker","mixed","port-nls","signed",4,TRUE,TRUE,"signed_1_1",0.322666659040069,TRUE,FALSE,FALSE,0.0460000000000012
15,"fresh","ernst","regression_marker","mixed","port-nls","all",6,TRUE,TRUE,"layered",0.322666659040069,TRUE,FALSE,FALSE,0.0619999999999994
16,"fresh","weak_marker","regression_marker","mixed","port-nls","fabin3",1,TRUE,TRUE,"fabin3",25.1042090393734,FALSE,FALSE,FALSE,0.0139999999999993
16,"fresh","weak_marker","regression_marker","mixed","port-nls","shared",2,TRUE,TRUE,"layered",24.928306625558,FALSE,FALSE,FALSE,0.025999999999998
16,"fresh","weak_marker","regression_marker","mixed","port-nls","signed",4,TRUE,TRUE,"signed_-1_-1",0.152859529042606,TRUE,FALSE,FALSE,0.0439999999999987
16,"fresh","weak_marker","regression_marker","mixed","port-nls","all",6,TRUE,TRUE,"signed_-1_-1",0.152859529042606,TRUE,FALSE,FALSE,0.0699999999999967
17,"fresh","weak_marker","regression_marker","mixed","port-nls","fabin3",1,TRUE,TRUE,"fabin3",0.0271303694274182,FALSE,FALSE,FALSE,0.0140000000000011
17,"fresh","weak_marker","regression_marker","mixed","port-nls","shared",2,TRUE,TRUE,"layered",0.0266490580680755,TRUE,FALSE,FALSE,0.027000000000001
17,"fresh","weak_marker","regression_marker","mixed","port-nls","signed",4,TRUE,TRUE,"signed_1_1",0.0266919202514521,FALSE,FALSE,FALSE,0.0500000000000007
17,"fresh","weak_marker","regression_marker","mixed","port-nls","all",6,TRUE,TRUE,"layered",0.0266490580680755,TRUE,FALSE,FALSE,0.0770000000000017
18,"fresh","weak_marker","regression_marker","mixed","port-nls","fabin3",1,TRUE,TRUE,"fabin3",0.646362220397289,FALSE,FALSE,FALSE,0.0139999999999993
18,"fresh","weak_marker","regression_marker","mixed","port-nls","shared",2,TRUE,TRUE,"layered",0.0217339785093572,FALSE,FALSE,FALSE,0.0269999999999992
18,"fresh","weak_marker","regression_marker","mixed","port-nls","signed",4,TRUE,TRUE,"signed_-1_1",0.00713578276705719,FALSE,FALSE,FALSE,0.0530000000000026
18,"fresh","weak_marker","regression_marker","mixed","port-nls","all",6,TRUE,TRUE,"signed_-1_1",0.00713578276705719,FALSE,FALSE,FALSE,0.0800000000000018
19,"fresh","weak_marker","regression_marker","mixed","port-nls","fabin3",1,TRUE,TRUE,"fabin3",0.180203584538386,FALSE,FALSE,FALSE,0.0139999999999993
19,"fresh","weak_marker","regression_marker","mixed","port-nls","shared",2,TRUE,TRUE,"layered",0.17851843229204,FALSE,FALSE,FALSE,0.027000000000001
19,"fresh","weak_marker","regression_marker","mixed","port-nls","signed",4,TRUE,TRUE,"signed_1_-1",0.178278189038602,FALSE,FALSE,FALSE,0.0509999999999948
19,"fresh","weak_marker","regression_marker","mixed","port-nls","all",6,TRUE,TRUE,"signed_1_-1",0.178278189038602,FALSE,FALSE,FALSE,0.0779999999999959
20,"fresh","weak_marker","regression_marker","mixed","port-nls","fabin3",1,TRUE,TRUE,"fabin3",46.9262027539168,FALSE,FALSE,FALSE,0.0139999999999993
20,"fresh","weak_marker","regression_marker","mixed","port-nls","shared",2,TRUE,TRUE,"layered",37.7482320752819,FALSE,FALSE,FALSE,0.027000000000001
20,"fresh","weak_marker","regression_marker","mixed","port-nls","signed",4,TRUE,TRUE,"signed_-1_1",8.85033039276228,FALSE,FALSE,FALSE,0.0509999999999948
20,"fresh","weak_marker","regression_marker","mixed","port-nls","all",6,TRUE,TRUE,"signed_-1_1",8.85033039276228,FALSE,FALSE,FALSE,0.0779999999999959
21,"fresh","weak_marker","regression_marker","mixed","port-nls","fabin3",1,TRUE,TRUE,"fabin3",48.6898424830441,FALSE,FALSE,FALSE,0.0139999999999993
21,"fresh","weak_marker","regression_marker","mixed","port-nls","shared",2,TRUE,TRUE,"layered",11.7863015378002,FALSE,FALSE,FALSE,0.0299999999999976
21,"fresh","weak_marker","regression_marker","mixed","port-nls","signed",4,TRUE,TRUE,"signed_-1_-1",0.0958861808408531,FALSE,FALSE,FALSE,0.0510000000000019
21,"fresh","weak_marker","regression_marker","mixed","port-nls","all",6,TRUE,TRUE,"signed_-1_-1",0.0958861808408531,FALSE,FALSE,FALSE,0.0809999999999995
22,"fresh","weak_marker","regression_marker","mixed","port-nls","fabin3",1,TRUE,TRUE,"fabin3",1.67607975058083,FALSE,FALSE,FALSE,0.0139999999999993
22,"fresh","weak_marker","regression_marker","mixed","port-nls","shared",2,TRUE,TRUE,"layered",0.118974089001054,FALSE,FALSE,FALSE,0.0279999999999987
22,"fresh","weak_marker","regression_marker","mixed","port-nls","signed",4,TRUE,TRUE,"signed_-1_1",0.116765224594079,FALSE,FALSE,FALSE,0.0530000000000044
22,"fresh","weak_marker","regression_marker","mixed","port-nls","all",6,TRUE,TRUE,"signed_-1_1",0.116765224594079,FALSE,FALSE,FALSE,0.0810000000000031
23,"fresh","weak_marker","regression_marker","mixed","port-nls","fabin3",1,TRUE,TRUE,"fabin3",3.16863188406565,FALSE,FALSE,FALSE,0.0140000000000029
23,"fresh","weak_marker","regression_marker","mixed","port-nls","shared",2,TRUE,TRUE,"layered",1.00496736682251,FALSE,FALSE,FALSE,0.027000000000001
23,"fresh","weak_marker","regression_marker","mixed","port-nls","signed",4,TRUE,TRUE,"signed_1_1",0.105936581930198,FALSE,FALSE,FALSE,0.0530000000000008
23,"fresh","weak_marker","regression_marker","mixed","port-nls","all",6,TRUE,TRUE,"signed_1_1",0.105936581930198,FALSE,FALSE,FALSE,0.0800000000000018
24,"fresh","weak_marker","regression_marker","mixed","port-nls","fabin3",1,TRUE,TRUE,"fabin3",0.804653389739607,FALSE,FALSE,FALSE,0.0130000000000017
24,"fresh","weak_marker","regression_marker","mixed","port-nls","shared",2,TRUE,TRUE,"fabin3",0.804653389739607,FALSE,FALSE,FALSE,0.0260000000000034
24,"fresh","weak_marker","regression_marker","mixed","port-nls","signed",4,TRUE,TRUE,"signed_-1_1",0.0258037816051247,FALSE,FALSE,FALSE,0.0510000000000019
24,"fresh","weak_marker","regression_marker","mixed","port-nls","all",6,TRUE,TRUE,"signed_-1_1",0.0258037816051247,FALSE,FALSE,FALSE,0.0770000000000053
25,"fresh","weak_marker","regression_marker","mixed","port-nls","fabin3",1,TRUE,TRUE,"fabin3",0.360403410699652,FALSE,FALSE,FALSE,0.0130000000000017
25,"fresh","weak_marker","regression_marker","mixed","port-nls","shared",2,TRUE,TRUE,"layered",0.355205776373091,FALSE,FALSE,FALSE,0.0260000000000034
25,"fresh","weak_marker","regression_marker","mixed","port-nls","signed",4,TRUE,TRUE,"signed_1_-1",0.222301460413044,FALSE,FALSE,FALSE,0.0529999999999973
25,"fresh","weak_marker","regression_marker","mixed","port-nls","all",6,TRUE,TRUE,"signed_1_-1",0.222301460413044,FALSE,FALSE,FALSE,0.0790000000000006
1,"retained","ernst","regression_sphere","mixed","port-nls","fabin3",1,TRUE,TRUE,"fabin3",0.204885162748048,FALSE,FALSE,FALSE,0.015
1,"retained","ernst","regression_sphere","mixed","port-nls","shared",2,TRUE,TRUE,"layered",0.143565425016616,TRUE,FALSE,FALSE,0.02
1,"retained","ernst","regression_sphere","mixed","port-nls","signed",4,TRUE,TRUE,"signed_1_1",0.143565425016616,TRUE,FALSE,FALSE,0.0770000000000001
1,"retained","ernst","regression_sphere","mixed","port-nls","all",6,TRUE,TRUE,"layered",0.143565425016616,TRUE,FALSE,FALSE,0.0970000000000001
2,"retained","ernst","regression_sphere","mixed","port-nls","fabin3",1,TRUE,TRUE,"fabin3",1.39472728943458,FALSE,FALSE,FALSE,0.0109999999999999
2,"retained","ernst","regression_sphere","mixed","port-nls","shared",2,TRUE,TRUE,"layered",1.39472613377799,FALSE,FALSE,FALSE,0.0229999999999999
2,"retained","ernst","regression_sphere","mixed","port-nls","signed",4,TRUE,TRUE,"signed_1_-1",1.39217934794306,TRUE,FALSE,FALSE,0.0850000000000002
2,"retained","ernst","regression_sphere","mixed","port-nls","all",6,TRUE,TRUE,"signed_1_-1",1.39217934794306,TRUE,FALSE,FALSE,0.108
3,"retained","ernst","regression_sphere","mixed","port-nls","fabin3",1,TRUE,TRUE,"fabin3",0.0178493710571335,TRUE,FALSE,FALSE,0.0089999999999999
3,"retained","ernst","regression_sphere","mixed","port-nls","shared",2,TRUE,TRUE,"fabin3",0.0178493710571335,TRUE,FALSE,FALSE,0.0139999999999998
3,"retained","ernst","regression_sphere","mixed","port-nls","signed",4,TRUE,TRUE,"signed_1_-1",0.0178493710571335,TRUE,FALSE,FALSE,0.0709999999999997
3,"retained","ernst","regression_sphere","mixed","port-nls","all",6,TRUE,TRUE,"signed_1_-1",0.0178493710571335,TRUE,FALSE,FALSE,0.0849999999999995
4,"retained","ernst","regression_sphere","mixed","port-nls","fabin3",1,TRUE,TRUE,"fabin3",13.6853854976055,FALSE,FALSE,FALSE,0.0340000000000003
4,"retained","ernst","regression_sphere","mixed","port-nls","shared",2,TRUE,TRUE,"fabin3",13.6853854976055,FALSE,FALSE,FALSE,0.0680000000000005
4,"retained","ernst","regression_sphere","mixed","port-nls","signed",4,TRUE,TRUE,"signed_-1_1",2.86374601669634,TRUE,FALSE,FALSE,0.0819999999999999
4,"retained","ernst","regression_sphere","mixed","port-nls","all",6,TRUE,TRUE,"signed_-1_1",2.86374601669634,TRUE,FALSE,FALSE,0.15
5,"retained","ernst","regression_sphere","mixed","port-nls","fabin3",1,TRUE,TRUE,"fabin3",3.47793407368568,TRUE,FALSE,FALSE,0.00300000000000011
5,"retained","ernst","regression_sphere","mixed","port-nls","shared",2,TRUE,TRUE,"layered",3.47793407368567,TRUE,FALSE,FALSE,0.00599999999999978
5,"retained","ernst","regression_sphere","mixed","port-nls","signed",4,TRUE,TRUE,"signed_1_1",3.47793407368567,TRUE,FALSE,FALSE,0.0870000000000006
5,"retained","ernst","regression_sphere","mixed","port-nls","all",6,TRUE,TRUE,"layered",3.47793407368567,TRUE,FALSE,FALSE,0.0930000000000004
6,"fresh","ernst","regression_sphere","mixed","port-nls","fabin3",1,TRUE,TRUE,"fabin3",0.00977387475296052,TRUE,FALSE,FALSE,0.00900000000000034
6,"fresh","ernst","regression_sphere","mixed","port-nls","shared",2,TRUE,TRUE,"layered",0.00977387475296051,TRUE,FALSE,FALSE,0.0190000000000001
6,"fresh","ernst","regression_sphere","mixed","port-nls","signed",4,TRUE,TRUE,"signed_1_-1",0.00977387475296051,TRUE,FALSE,FALSE,0.0870000000000006
6,"fresh","ernst","regression_sphere","mixed","port-nls","all",6,TRUE,TRUE,"layered",0.00977387475296051,TRUE,FALSE,FALSE,0.106000000000001
7,"fresh","ernst","regression_sphere","mixed","port-nls","fabin3",1,TRUE,TRUE,"fabin3",0.284030941351881,FALSE,FALSE,FALSE,0.0330000000000004
7,"fresh","ernst","regression_sphere","mixed","port-nls","shared",2,TRUE,TRUE,"layered",0.28334791720938,FALSE,FALSE,FALSE,0.0660000000000007
7,"fresh","ernst","regression_sphere","mixed","port-nls","signed",4,TRUE,TRUE,"signed_-1_-1",0.0771700707785933,TRUE,FALSE,FALSE,0.0739999999999998
7,"fresh","ernst","regression_sphere","mixed","port-nls","all",6,TRUE,TRUE,"signed_-1_-1",0.0771700707785933,TRUE,FALSE,FALSE,0.140000000000001
8,"fresh","ernst","regression_sphere","mixed","port-nls","fabin3",1,TRUE,TRUE,"fabin3",0.112736483775799,TRUE,FALSE,FALSE,0.00600000000000023
8,"fresh","ernst","regression_sphere","mixed","port-nls","shared",2,TRUE,TRUE,"fabin3",0.112736483775799,TRUE,FALSE,FALSE,0.00999999999999979
8,"fresh","ernst","regression_sphere","mixed","port-nls","signed",4,TRUE,TRUE,"signed_1_1",0.1127364837758,TRUE,FALSE,FALSE,0.0549999999999997
8,"fresh","ernst","regression_sphere","mixed","port-nls","all",6,TRUE,TRUE,"fabin3",0.112736483775799,TRUE,FALSE,FALSE,0.0649999999999995
9,"fresh","ernst","regression_sphere","mixed","port-nls","fabin3",1,TRUE,TRUE,"fabin3",0.0113867366840748,TRUE,FALSE,FALSE,0.00399999999999956
9,"fresh","ernst","regression_sphere","mixed","port-nls","shared",2,TRUE,TRUE,"layered",0.0113867366840748,TRUE,FALSE,FALSE,0.00999999999999979
9,"fresh","ernst","regression_sphere","mixed","port-nls","signed",4,TRUE,TRUE,"signed_1_1",0.0113867366840748,TRUE,FALSE,FALSE,0.0800000000000001
9,"fresh","ernst","regression_sphere","mixed","port-nls","all",6,TRUE,TRUE,"layered",0.0113867366840748,TRUE,FALSE,FALSE,0.0899999999999999
10,"fresh","ernst","regression_sphere","mixed","port-nls","fabin3",1,TRUE,TRUE,"fabin3",0.000405824998583255,TRUE,FALSE,FALSE,0.00200000000000067
10,"fresh","ernst","regression_sphere","mixed","port-nls","shared",2,TRUE,TRUE,"layered",0.000405824998583251,TRUE,FALSE,FALSE,0.00600000000000023
10,"fresh","ernst","regression_sphere","mixed","port-nls","signed",4,TRUE,TRUE,"signed_1_-1",0.000405824998583253,TRUE,FALSE,FALSE,0.0459999999999976
10,"fresh","ernst","regression_sphere","mixed","port-nls","all",6,TRUE,TRUE,"layered",0.000405824998583251,TRUE,FALSE,FALSE,0.0519999999999978
11,"fresh","ernst","regression_sphere","mixed","port-nls","fabin3",1,TRUE,TRUE,"fabin3",0.0883988133479019,TRUE,FALSE,FALSE,0.00699999999999967
11,"fresh","ernst","regression_sphere","mixed","port-nls","shared",2,TRUE,TRUE,"fabin3",0.0883988133479019,TRUE,FALSE,FALSE,0.0129999999999999
11,"fresh","ernst","regression_sphere","mixed","port-nls","signed",4,TRUE,TRUE,"signed_1_1",0.0883988133479019,TRUE,FALSE,FALSE,0.0499999999999989
11,"fresh","ernst","regression_sphere","mixed","port-nls","all",6,TRUE,TRUE,"fabin3",0.0883988133479019,TRUE,FALSE,FALSE,0.0629999999999988
12,"fresh","ernst","regression_sphere","mixed","port-nls","fabin3",1,TRUE,TRUE,"fabin3",0.960051736021774,TRUE,FALSE,FALSE,0.00499999999999901
12,"fresh","ernst","regression_sphere","mixed","port-nls","shared",2,TRUE,TRUE,"fabin3",0.960051736021774,TRUE,FALSE,FALSE,0.0119999999999987
12,"fresh","ernst","regression_sphere","mixed","port-nls","signed",4,TRUE,TRUE,"signed_1_1",0.960051736021774,TRUE,FALSE,FALSE,0.0909999999999975
12,"fresh","ernst","regression_sphere","mixed","port-nls","all",6,TRUE,TRUE,"fabin3",0.960051736021774,TRUE,FALSE,FALSE,0.102999999999996
13,"fresh","ernst","regression_sphere","mixed","port-nls","fabin3",1,TRUE,TRUE,"fabin3",0.0292043978466902,TRUE,FALSE,FALSE,0.00600000000000023
13,"fresh","ernst","regression_sphere","mixed","port-nls","shared",2,TRUE,TRUE,"layered",0.0292043978466901,TRUE,FALSE,FALSE,0.0120000000000005
13,"fresh","ernst","regression_sphere","mixed","port-nls","signed",4,TRUE,TRUE,"signed_1_1",0.0292043978466901,TRUE,FALSE,FALSE,0.0830000000000002
13,"fresh","ernst","regression_sphere","mixed","port-nls","all",6,TRUE,TRUE,"layered",0.0292043978466901,TRUE,FALSE,FALSE,0.0950000000000006
14,"fresh","ernst","regression_sphere","mixed","port-nls","fabin3",1,TRUE,TRUE,"fabin3",0.0364591135938131,TRUE,FALSE,FALSE,0.00900000000000034
14,"fresh","ernst","regression_sphere","mixed","port-nls","shared",2,TRUE,TRUE,"fabin3",0.0364591135938131,TRUE,FALSE,FALSE,0.0160000000000018
14,"fresh","ernst","regression_sphere","mixed","port-nls","signed",4,TRUE,TRUE,"signed_1_1",0.0364591135938131,TRUE,FALSE,FALSE,0.0820000000000007
14,"fresh","ernst","regression_sphere","mixed","port-nls","all",6,TRUE,TRUE,"fabin3",0.0364591135938131,TRUE,FALSE,FALSE,0.0980000000000025
15,"fresh","ernst","regression_sphere","mixed","port-nls","fabin3",1,TRUE,TRUE,"fabin3",0.322666659040069,TRUE,FALSE,FALSE,0.00700000000000145
15,"fresh","ernst","regression_sphere","mixed","port-nls","shared",2,TRUE,TRUE,"fabin3",0.322666659040069,TRUE,FALSE,FALSE,0.0130000000000017
15,"fresh","ernst","regression_sphere","mixed","port-nls","signed",4,TRUE,TRUE,"signed_1_1",0.322666659040069,TRUE,FALSE,FALSE,0.048
15,"fresh","ernst","regression_sphere","mixed","port-nls","all",6,TRUE,TRUE,"fabin3",0.322666659040069,TRUE,FALSE,FALSE,0.0610000000000017
16,"fresh","weak_marker","regression_sphere","mixed","port-nls","fabin3",1,TRUE,TRUE,"fabin3",0.15285952904256,TRUE,FALSE,FALSE,0.0329999999999995
16,"fresh","weak_marker","regression_sphere","mixed","port-nls","shared",2,TRUE,TRUE,"fabin3",0.15285952904256,TRUE,FALSE,FALSE,0.0409999999999986
16,"fresh","weak_marker","regression_sphere","mixed","port-nls","signed",4,TRUE,TRUE,"signed_-1_1",0.15285952904256,TRUE,FALSE,FALSE,0.0510000000000002
16,"fresh","weak_marker","regression_sphere","mixed","port-nls","all",6,TRUE,TRUE,"fabin3",0.15285952904256,TRUE,FALSE,FALSE,0.0919999999999987
17,"fresh","weak_marker","regression_sphere","mixed","port-nls","fabin3",1,TRUE,TRUE,"fabin3",0.0266490580680755,TRUE,FALSE,FALSE,0.00799999999999912
17,"fresh","weak_marker","regression_sphere","mixed","port-nls","shared",2,TRUE,TRUE,"layered",0.0266490580680755,TRUE,FALSE,FALSE,0.0129999999999981
17,"fresh","weak_marker","regression_sphere","mixed","port-nls","signed",4,TRUE,TRUE,"signed_1_1",0.0266490580680755,TRUE,FALSE,FALSE,0.0410000000000004
17,"fresh","weak_marker","regression_sphere","mixed","port-nls","all",6,TRUE,TRUE,"layered",0.0266490580680755,TRUE,FALSE,FALSE,0.0539999999999985
18,"fresh","weak_marker","regression_sphere","mixed","port-nls","fabin3",1,TRUE,TRUE,"fabin3",0.00559976733984345,TRUE,FALSE,FALSE,0.0199999999999996
18,"fresh","weak_marker","regression_sphere","mixed","port-nls","shared",2,TRUE,TRUE,"layered",0.00559976733984344,TRUE,FALSE,FALSE,0.025999999999998
18,"fresh","weak_marker","regression_sphere","mixed","port-nls","signed",4,TRUE,TRUE,"signed_-1_1",0.00559976733984344,TRUE,FALSE,FALSE,0.0570000000000022
18,"fresh","weak_marker","regression_sphere","mixed","port-nls","all",6,TRUE,TRUE,"layered",0.00559976733984344,TRUE,FALSE,FALSE,0.0830000000000002
19,"fresh","weak_marker","regression_sphere","mixed","port-nls","fabin3",1,TRUE,TRUE,"fabin3",0.176354287889987,TRUE,FALSE,FALSE,0.00900000000000034
19,"fresh","weak_marker","regression_sphere","mixed","port-nls","shared",2,TRUE,TRUE,"fabin3",0.176354287889987,TRUE,FALSE,FALSE,0.0120000000000005
19,"fresh","weak_marker","regression_sphere","mixed","port-nls","signed",4,TRUE,TRUE,"signed_1_-1",0.176354287890265,TRUE,FALSE,FALSE,0.044000000000004
19,"fresh","weak_marker","regression_sphere","mixed","port-nls","all",6,TRUE,TRUE,"fabin3",0.176354287889987,TRUE,FALSE,FALSE,0.0560000000000045
20,"fresh","weak_marker","regression_sphere","mixed","port-nls","fabin3",1,TRUE,TRUE,"fabin3",37.6799939765756,FALSE,FALSE,FALSE,0.0309999999999988
20,"fresh","weak_marker","regression_sphere","mixed","port-nls","shared",2,TRUE,TRUE,"layered",37.6798923647302,FALSE,FALSE,FALSE,0.0579999999999998
20,"fresh","weak_marker","regression_sphere","mixed","port-nls","signed",4,TRUE,TRUE,"signed_-1_-1",8.84959865552841,TRUE,FALSE,FALSE,0.0720000000000063
20,"fresh","weak_marker","regression_sphere","mixed","port-nls","all",6,TRUE,TRUE,"signed_-1_-1",8.84959865552841,TRUE,FALSE,FALSE,0.130000000000006
21,"fresh","weak_marker","regression_sphere","mixed","port-nls","fabin3",1,TRUE,TRUE,"fabin3",0.0956514572606525,TRUE,FALSE,FALSE,0.0159999999999982
21,"fresh","weak_marker","regression_sphere","mixed","port-nls","shared",2,TRUE,TRUE,"fabin3",0.0956514572606525,TRUE,FALSE,FALSE,0.0219999999999985
21,"fresh","weak_marker","regression_sphere","mixed","port-nls","signed",4,TRUE,TRUE,"signed_-1_1",0.0956514572606525,TRUE,FALSE,FALSE,0.0980000000000025
21,"fresh","weak_marker","regression_sphere","mixed","port-nls","all",6,TRUE,TRUE,"fabin3",0.0956514572606525,TRUE,FALSE,FALSE,0.120000000000001
22,"fresh","weak_marker","regression_sphere","mixed","port-nls","fabin3",1,TRUE,TRUE,"fabin3",0.11219737871828,TRUE,FALSE,FALSE,0.0240000000000009
22,"fresh","weak_marker","regression_sphere","mixed","port-nls","shared",2,TRUE,TRUE,"fabin3",0.11219737871828,TRUE,FALSE,FALSE,0.0280000000000022
22,"fresh","weak_marker","regression_sphere","mixed","port-nls","signed",4,TRUE,TRUE,"signed_-1_-1",0.112197378718279,TRUE,FALSE,FALSE,0.108000000000001
22,"fresh","weak_marker","regression_sphere","mixed","port-nls","all",6,TRUE,TRUE,"signed_-1_-1",0.112197378718279,TRUE,FALSE,FALSE,0.136000000000003
23,"fresh","weak_marker","regression_sphere","mixed","port-nls","fabin3",1,TRUE,TRUE,"fabin3",0.86712172220857,FALSE,FALSE,FALSE,0.0350000000000001
23,"fresh","weak_marker","regression_sphere","mixed","port-nls","shared",2,TRUE,TRUE,"layered",0.867063260342592,FALSE,FALSE,FALSE,0.0700000000000003
23,"fresh","weak_marker","regression_sphere","mixed","port-nls","signed",4,TRUE,TRUE,"signed_1_1",0.10593654891411,TRUE,FALSE,FALSE,0.0800000000000018
23,"fresh","weak_marker","regression_sphere","mixed","port-nls","all",6,TRUE,TRUE,"signed_1_1",0.10593654891411,TRUE,FALSE,FALSE,0.150000000000002
24,"fresh","weak_marker","regression_sphere","mixed","port-nls","fabin3",1,TRUE,TRUE,"fabin3",0.511194811934825,FALSE,FALSE,FALSE,0.0350000000000001
24,"fresh","weak_marker","regression_sphere","mixed","port-nls","shared",2,TRUE,TRUE,"fabin3",0.511194811934825,FALSE,FALSE,FALSE,0.0689999999999991
24,"fresh","weak_marker","regression_sphere","mixed","port-nls","signed",4,TRUE,TRUE,"signed_-1_-1",0.0236720825303504,TRUE,FALSE,FALSE,0.0819999999999936
24,"fresh","weak_marker","regression_sphere","mixed","port-nls","all",6,TRUE,TRUE,"signed_-1_-1",0.0236720825303504,TRUE,FALSE,FALSE,0.150999999999993
25,"fresh","weak_marker","regression_sphere","mixed","port-nls","fabin3",1,TRUE,TRUE,"fabin3",0.22156722757831,TRUE,FALSE,FALSE,0.0109999999999992
25,"fresh","weak_marker","regression_sphere","mixed","port-nls","shared",2,TRUE,TRUE,"layered",0.22156722757831,TRUE,FALSE,FALSE,0.0160000000000018
25,"fresh","weak_marker","regression_sphere","mixed","port-nls","signed",4,TRUE,TRUE,"signed_1_-1",0.22156722757831,TRUE,FALSE,FALSE,0.0829999999999984
25,"fresh","weak_marker","regression_sphere","mixed","port-nls","all",6,TRUE,TRUE,"layered",0.22156722757831,TRUE,FALSE,FALSE,0.0990000000000002
1,"retained","ernst","covariance_full","standardized","port-nls","fabin3",1,TRUE,TRUE,"fabin3",0.143565425016616,TRUE,FALSE,FALSE,0.00900000000000001
1,"retained","ernst","covariance_full","standardized","port-nls","shared",2,TRUE,TRUE,"layered",0.143565425016616,TRUE,FALSE,FALSE,0.019
1,"retained","ernst","covariance_full","standardized","port-nls","signed",4,TRUE,TRUE,"signed_1_1",0.143565425016616,TRUE,FALSE,FALSE,0.0459999999999998
1,"retained","ernst","covariance_full","standardized","port-nls","all",6,TRUE,TRUE,"layered",0.143565425016616,TRUE,FALSE,FALSE,0.0649999999999998
2,"retained","ernst","covariance_full","standardized","port-nls","fabin3",1,TRUE,TRUE,"fabin3",1.39849680521591,FALSE,FALSE,FALSE,0.0129999999999999
2,"retained","ernst","covariance_full","standardized","port-nls","shared",2,TRUE,TRUE,"layered",1.39812782650358,FALSE,FALSE,FALSE,0.0249999999999999
2,"retained","ernst","covariance_full","standardized","port-nls","signed",4,TRUE,TRUE,"signed_1_-1",1.39218216458788,FALSE,FALSE,FALSE,0.0489999999999999
2,"retained","ernst","covariance_full","standardized","port-nls","all",6,TRUE,TRUE,"signed_1_-1",1.39218216458788,FALSE,FALSE,FALSE,0.0739999999999998
3,"retained","ernst","covariance_full","standardized","port-nls","fabin3",1,TRUE,TRUE,"fabin3",0.0178493710571336,TRUE,FALSE,FALSE,0.004
3,"retained","ernst","covariance_full","standardized","port-nls","shared",2,TRUE,TRUE,"fabin3",0.0178493710571336,TRUE,FALSE,FALSE,0.00700000000000012
3,"retained","ernst","covariance_full","standardized","port-nls","signed",4,TRUE,TRUE,"signed_1_1",0.0178493710571336,TRUE,FALSE,FALSE,0.0390000000000001
3,"retained","ernst","covariance_full","standardized","port-nls","all",6,TRUE,TRUE,"fabin3",0.0178493710571336,TRUE,FALSE,FALSE,0.0460000000000003
4,"retained","ernst","covariance_full","standardized","port-nls","fabin3",1,TRUE,TRUE,"fabin3",14.2841915679796,FALSE,FALSE,FALSE,0.012
4,"retained","ernst","covariance_full","standardized","port-nls","shared",2,TRUE,TRUE,"layered",14.283870340394,FALSE,FALSE,FALSE,0.024
4,"retained","ernst","covariance_full","standardized","port-nls","signed",4,TRUE,TRUE,"signed_-1_1",2.8637460166961,TRUE,FALSE,FALSE,0.0469999999999997
4,"retained","ernst","covariance_full","standardized","port-nls","all",6,TRUE,TRUE,"signed_-1_1",2.8637460166961,TRUE,FALSE,FALSE,0.0709999999999997
5,"retained","ernst","covariance_full","standardized","port-nls","fabin3",1,TRUE,TRUE,"fabin3",3.47793407368566,TRUE,FALSE,FALSE,0.00300000000000011
5,"retained","ernst","covariance_full","standardized","port-nls","shared",2,TRUE,TRUE,"fabin3",3.47793407368566,TRUE,FALSE,FALSE,0.00600000000000023
5,"retained","ernst","covariance_full","standardized","port-nls","signed",4,TRUE,TRUE,"signed_1_1",3.47793407368568,TRUE,FALSE,FALSE,0.0390000000000006
5,"retained","ernst","covariance_full","standardized","port-nls","all",6,TRUE,TRUE,"fabin3",3.47793407368566,TRUE,FALSE,FALSE,0.0450000000000008
6,"fresh","ernst","covariance_full","standardized","port-nls","fabin3",1,TRUE,TRUE,"fabin3",0.066654473957603,FALSE,FALSE,FALSE,0.0119999999999996
6,"fresh","ernst","covariance_full","standardized","port-nls","shared",2,TRUE,TRUE,"layered",0.0525207904808481,FALSE,FALSE,FALSE,0.0239999999999991
6,"fresh","ernst","covariance_full","standardized","port-nls","signed",4,TRUE,TRUE,"signed_1_1",0.0581505748661693,FALSE,FALSE,FALSE,0.048
6,"fresh","ernst","covariance_full","standardized","port-nls","all",6,TRUE,TRUE,"layered",0.0525207904808481,FALSE,FALSE,FALSE,0.0719999999999992
7,"fresh","ernst","covariance_full","standardized","port-nls","fabin3",1,TRUE,TRUE,"fabin3",0.406689533615913,FALSE,FALSE,FALSE,0.0120000000000005
7,"fresh","ernst","covariance_full","standardized","port-nls","shared",2,TRUE,TRUE,"fabin3",0.406689533615913,FALSE,FALSE,FALSE,0.0240000000000009
7,"fresh","ernst","covariance_full","standardized","port-nls","signed",4,TRUE,TRUE,"signed_-1_1",0.0771700707785933,TRUE,FALSE,FALSE,0.0420000000000007
7,"fresh","ernst","covariance_full","standardized","port-nls","all",6,TRUE,TRUE,"signed_-1_1",0.0771700707785933,TRUE,FALSE,FALSE,0.0660000000000016
8,"fresh","ernst","covariance_full","standardized","port-nls","fabin3",1,TRUE,TRUE,"fabin3",0.112736483775799,TRUE,FALSE,FALSE,0.00499999999999989
8,"fresh","ernst","covariance_full","standardized","port-nls","shared",2,TRUE,TRUE,"fabin3",0.112736483775799,TRUE,FALSE,FALSE,0.00900000000000034
8,"fresh","ernst","covariance_full","standardized","port-nls","signed",4,TRUE,TRUE,"signed_1_1",0.1127364837758,TRUE,FALSE,FALSE,0.0429999999999993
8,"fresh","ernst","covariance_full","standardized","port-nls","all",6,TRUE,TRUE,"fabin3",0.112736483775799,TRUE,FALSE,FALSE,0.0519999999999996
9,"fresh","ernst","covariance_full","standardized","port-nls","fabin3",1,TRUE,TRUE,"fabin3",0.0113867366840748,TRUE,FALSE,FALSE,0.00499999999999989
9,"fresh","ernst","covariance_full","standardized","port-nls","shared",2,TRUE,TRUE,"fabin3",0.0113867366840748,TRUE,FALSE,FALSE,0.0119999999999996
9,"fresh","ernst","covariance_full","standardized","port-nls","signed",4,TRUE,TRUE,"signed_1_1",0.0113867366840748,TRUE,FALSE,FALSE,0.0430000000000001
9,"fresh","ernst","covariance_full","standardized","port-nls","all",6,TRUE,TRUE,"fabin3",0.0113867366840748,TRUE,FALSE,FALSE,0.0549999999999997
10,"fresh","ernst","covariance_full","standardized","port-nls","fabin3",1,TRUE,TRUE,"fabin3",0.000405824998583254,TRUE,FALSE,FALSE,0.00200000000000067
10,"fresh","ernst","covariance_full","standardized","port-nls","shared",2,TRUE,TRUE,"fabin3",0.000405824998583254,TRUE,FALSE,FALSE,0.00900000000000034
10,"fresh","ernst","covariance_full","standardized","port-nls","signed",4,TRUE,TRUE,"signed_1_1",0.000405824998583254,TRUE,FALSE,FALSE,0.0459999999999976
10,"fresh","ernst","covariance_full","standardized","port-nls","all",6,TRUE,TRUE,"fabin3",0.000405824998583254,TRUE,FALSE,FALSE,0.0549999999999979
11,"fresh","ernst","covariance_full","standardized","port-nls","fabin3",1,TRUE,TRUE,"fabin3",0.0989070463922486,FALSE,FALSE,FALSE,0.0119999999999987
11,"fresh","ernst","covariance_full","standardized","port-nls","shared",2,TRUE,TRUE,"layered",0.0952170294223999,FALSE,FALSE,FALSE,0.0249999999999986
11,"fresh","ernst","covariance_full","standardized","port-nls","signed",4,TRUE,TRUE,"signed_1_1",0.0910224543348836,FALSE,FALSE,FALSE,0.0500000000000007
11,"fresh","ernst","covariance_full","standardized","port-nls","all",6,TRUE,TRUE,"signed_1_1",0.0910224543348836,FALSE,FALSE,FALSE,0.0749999999999993
12,"fresh","ernst","covariance_full","standardized","port-nls","fabin3",1,TRUE,TRUE,"fabin3",0.960051736021774,TRUE,FALSE,FALSE,0.0120000000000005
12,"fresh","ernst","covariance_full","standardized","port-nls","shared",2,TRUE,TRUE,"fabin3",0.960051736021774,TRUE,FALSE,FALSE,0.0230000000000015
12,"fresh","ernst","covariance_full","standardized","port-nls","signed",4,TRUE,TRUE,"signed_1_1",0.960065254061153,FALSE,FALSE,FALSE,0.0499999999999989
12,"fresh","ernst","covariance_full","standardized","port-nls","all",6,TRUE,TRUE,"fabin3",0.960051736021774,TRUE,FALSE,FALSE,0.0730000000000004
13,"fresh","ernst","covariance_full","standardized","port-nls","fabin3",1,TRUE,TRUE,"fabin3",0.0292043978466901,TRUE,FALSE,FALSE,0.00900000000000034
13,"fresh","ernst","covariance_full","standardized","port-nls","shared",2,TRUE,TRUE,"fabin3",0.0292043978466901,TRUE,FALSE,FALSE,0.0199999999999996
13,"fresh","ernst","covariance_full","standardized","port-nls","signed",4,TRUE,TRUE,"signed_1_1",0.0292043978466902,TRUE,FALSE,FALSE,0.0500000000000007
13,"fresh","ernst","covariance_full","standardized","port-nls","all",6,TRUE,TRUE,"fabin3",0.0292043978466901,TRUE,FALSE,FALSE,0.0700000000000003
14,"fresh","ernst","covariance_full","standardized","port-nls","fabin3",1,TRUE,TRUE,"fabin3",0.0364591135938131,TRUE,FALSE,FALSE,0.00900000000000034
14,"fresh","ernst","covariance_full","standardized","port-nls","shared",2,TRUE,TRUE,"fabin3",0.0364591135938131,TRUE,FALSE,FALSE,0.0150000000000006
14,"fresh","ernst","covariance_full","standardized","port-nls","signed",4,TRUE,TRUE,"signed_1_1",0.0364591135938131,TRUE,FALSE,FALSE,0.0440000000000005
14,"fresh","ernst","covariance_full","standardized","port-nls","all",6,TRUE,TRUE,"fabin3",0.0364591135938131,TRUE,FALSE,FALSE,0.0590000000000011
15,"fresh","ernst","covariance_full","standardized","port-nls","fabin3",1,TRUE,TRUE,"fabin3",0.322666659040069,TRUE,FALSE,FALSE,0.00700000000000145
15,"fresh","ernst","covariance_full","standardized","port-nls","shared",2,TRUE,TRUE,"fabin3",0.322666659040069,TRUE,FALSE,FALSE,0.0140000000000011
15,"fresh","ernst","covariance_full","standardized","port-nls","signed",4,TRUE,TRUE,"signed_1_1",0.322666659040069,TRUE,FALSE,FALSE,0.0459999999999994
15,"fresh","ernst","covariance_full","standardized","port-nls","all",6,TRUE,TRUE,"signed_1_1",0.322666659040069,TRUE,FALSE,FALSE,0.0600000000000005
16,"fresh","weak_marker","covariance_full","standardized","port-nls","fabin3",1,TRUE,TRUE,"fabin3",25.080487320451,FALSE,FALSE,FALSE,0.0129999999999999
16,"fresh","weak_marker","covariance_full","standardized","port-nls","shared",2,TRUE,TRUE,"layered",24.9277062168838,FALSE,FALSE,FALSE,0.0259999999999998
16,"fresh","weak_marker","covariance_full","standardized","port-nls","signed",4,TRUE,TRUE,"signed_-1_-1",0.157809798551196,FALSE,FALSE,FALSE,0.0510000000000002
16,"fresh","weak_marker","covariance_full","standardized","port-nls","all",6,TRUE,TRUE,"signed_-1_-1",0.157809798551196,FALSE,FALSE,FALSE,0.077
17,"fresh","weak_marker","covariance_full","standardized","port-nls","fabin3",1,TRUE,TRUE,"fabin3",0.0269781532843026,FALSE,FALSE,FALSE,0.0120000000000005
17,"fresh","weak_marker","covariance_full","standardized","port-nls","shared",2,TRUE,TRUE,"layered",0.026653751512172,FALSE,FALSE,FALSE,0.0199999999999996
17,"fresh","weak_marker","covariance_full","standardized","port-nls","signed",4,TRUE,TRUE,"signed_1_1",0.0266720575722164,FALSE,FALSE,FALSE,0.0520000000000014
17,"fresh","weak_marker","covariance_full","standardized","port-nls","all",6,TRUE,TRUE,"layered",0.026653751512172,FALSE,FALSE,FALSE,0.072000000000001
18,"fresh","weak_marker","covariance_full","standardized","port-nls","fabin3",1,TRUE,TRUE,"fabin3",0.438782996383731,FALSE,FALSE,FALSE,0.0129999999999999
18,"fresh","weak_marker","covariance_full","standardized","port-nls","shared",2,TRUE,TRUE,"layered",0.0218456313479314,FALSE,FALSE,FALSE,0.0250000000000004
18,"fresh","weak_marker","covariance_full","standardized","port-nls","signed",4,TRUE,TRUE,"signed_-1_1",0.0080180015354643,FALSE,FALSE,FALSE,0.0500000000000007
18,"fresh","weak_marker","covariance_full","standardized","port-nls","all",6,TRUE,TRUE,"signed_-1_1",0.0080180015354643,FALSE,FALSE,FALSE,0.0750000000000011
19,"fresh","weak_marker","covariance_full","standardized","port-nls","fabin3",1,TRUE,TRUE,"fabin3",0.179782511585203,FALSE,FALSE,FALSE,0.0120000000000005
19,"fresh","weak_marker","covariance_full","standardized","port-nls","shared",2,TRUE,TRUE,"layered",0.178501010786015,FALSE,FALSE,FALSE,0.0259999999999998
19,"fresh","weak_marker","covariance_full","standardized","port-nls","signed",4,TRUE,TRUE,"signed_1_-1",0.178194533028919,FALSE,FALSE,FALSE,0.0509999999999984
19,"fresh","weak_marker","covariance_full","standardized","port-nls","all",6,TRUE,TRUE,"signed_1_-1",0.178194533028919,FALSE,FALSE,FALSE,0.0769999999999982
20,"fresh","weak_marker","covariance_full","standardized","port-nls","fabin3",1,TRUE,TRUE,"fabin3",47.2520921314739,FALSE,FALSE,FALSE,0.0150000000000006
20,"fresh","weak_marker","covariance_full","standardized","port-nls","shared",2,TRUE,TRUE,"layered",37.7477513680002,FALSE,FALSE,FALSE,0.0279999999999987
20,"fresh","weak_marker","covariance_full","standardized","port-nls","signed",4,TRUE,TRUE,"signed_-1_1",8.85035512724728,FALSE,FALSE,FALSE,0.0520000000000032
20,"fresh","weak_marker","covariance_full","standardized","port-nls","all",6,TRUE,TRUE,"signed_-1_1",8.85035512724728,FALSE,FALSE,FALSE,0.0800000000000018
21,"fresh","weak_marker","covariance_full","standardized","port-nls","fabin3",1,TRUE,TRUE,"fabin3",1.69303274567879,FALSE,FALSE,FALSE,0.0139999999999993
21,"fresh","weak_marker","covariance_full","standardized","port-nls","shared",2,TRUE,TRUE,"fabin3",1.69303274567879,FALSE,FALSE,FALSE,0.027000000000001
21,"fresh","weak_marker","covariance_full","standardized","port-nls","signed",4,TRUE,TRUE,"signed_-1_-1",0.0958707277590506,FALSE,FALSE,FALSE,0.0500000000000007
21,"fresh","weak_marker","covariance_full","standardized","port-nls","all",6,TRUE,TRUE,"signed_-1_-1",0.0958707277590506,FALSE,FALSE,FALSE,0.0770000000000017
22,"fresh","weak_marker","covariance_full","standardized","port-nls","fabin3",1,TRUE,TRUE,"fabin3",1.49115995265166,FALSE,FALSE,FALSE,0.0139999999999993
22,"fresh","weak_marker","covariance_full","standardized","port-nls","shared",2,TRUE,TRUE,"layered",0.121851005057438,FALSE,FALSE,FALSE,0.027000000000001
22,"fresh","weak_marker","covariance_full","standardized","port-nls","signed",4,TRUE,TRUE,"signed_-1_1",0.119747435237678,FALSE,FALSE,FALSE,0.0489999999999959
22,"fresh","weak_marker","covariance_full","standardized","port-nls","all",6,TRUE,TRUE,"signed_-1_1",0.119747435237678,FALSE,FALSE,FALSE,0.075999999999997
23,"fresh","weak_marker","covariance_full","standardized","port-nls","fabin3",1,TRUE,TRUE,"fabin3",2.76004110488566,FALSE,FALSE,FALSE,0.0150000000000006
23,"fresh","weak_marker","covariance_full","standardized","port-nls","shared",2,TRUE,TRUE,"layered",1.00085364125639,FALSE,FALSE,FALSE,0.0280000000000022
23,"fresh","weak_marker","covariance_full","standardized","port-nls","signed",4,TRUE,TRUE,"signed_1_1",0.105936549012939,FALSE,FALSE,FALSE,0.0519999999999996
23,"fresh","weak_marker","covariance_full","standardized","port-nls","all",6,TRUE,TRUE,"signed_1_1",0.105936549012939,FALSE,FALSE,FALSE,0.0800000000000018
24,"fresh","weak_marker","covariance_full","standardized","port-nls","fabin3",1,TRUE,TRUE,"fabin3",0.815456045480554,FALSE,FALSE,FALSE,0.0130000000000017
24,"fresh","weak_marker","covariance_full","standardized","port-nls","shared",2,TRUE,TRUE,"fabin3",0.815456045480554,FALSE,FALSE,FALSE,0.0260000000000034
24,"fresh","weak_marker","covariance_full","standardized","port-nls","signed",4,TRUE,TRUE,"signed_-1_1",0.0250170508416932,FALSE,FALSE,FALSE,0.0519999999999996
24,"fresh","weak_marker","covariance_full","standardized","port-nls","all",6,TRUE,TRUE,"signed_-1_1",0.0250170508416932,FALSE,FALSE,FALSE,0.078000000000003
25,"fresh","weak_marker","covariance_full","standardized","port-nls","fabin3",1,TRUE,TRUE,"fabin3",0.360835983061322,FALSE,FALSE,FALSE,0.0120000000000005
25,"fresh","weak_marker","covariance_full","standardized","port-nls","shared",2,TRUE,TRUE,"layered",0.355504536998039,FALSE,FALSE,FALSE,0.0259999999999998
25,"fresh","weak_marker","covariance_full","standardized","port-nls","signed",4,TRUE,TRUE,"signed_1_-1",0.222277333105991,FALSE,FALSE,FALSE,0.0499999999999972
25,"fresh","weak_marker","covariance_full","standardized","port-nls","all",6,TRUE,TRUE,"signed_1_-1",0.222277333105991,FALSE,FALSE,FALSE,0.075999999999997
1,"retained","ernst","covariance_profiled","standardized","port-nls","fabin3",1,TRUE,TRUE,"fabin3",0.143565425016616,TRUE,FALSE,FALSE,0.002
1,"retained","ernst","covariance_profiled","standardized","port-nls","shared",2,TRUE,TRUE,"layered",0.143565425016616,TRUE,FALSE,FALSE,0.003
1,"retained","ernst","covariance_profiled","standardized","port-nls","signed",4,TRUE,TRUE,"signed_-1_1",0.143565425016616,TRUE,FALSE,FALSE,0.00900000000000012
1,"retained","ernst","covariance_profiled","standardized","port-nls","all",6,TRUE,TRUE,"signed_-1_1",0.143565425016616,TRUE,FALSE,FALSE,0.0120000000000001
2,"retained","ernst","covariance_profiled","standardized","port-nls","fabin3",1,TRUE,TRUE,"fabin3",1.39472297046754,FALSE,FALSE,FALSE,0.00099999999999989
2,"retained","ernst","covariance_profiled","standardized","port-nls","shared",2,TRUE,TRUE,"fabin3",1.39472297046754,FALSE,FALSE,FALSE,0.002
2,"retained","ernst","covariance_profiled","standardized","port-nls","signed",4,TRUE,TRUE,"signed_1_-1",1.39217934805736,FALSE,FALSE,FALSE,0.00700000000000012
2,"retained","ernst","covariance_profiled","standardized","port-nls","all",6,TRUE,TRUE,"signed_1_-1",1.39217934805736,FALSE,FALSE,FALSE,0.00900000000000012
3,"retained","ernst","covariance_profiled","standardized","port-nls","fabin3",1,TRUE,TRUE,"fabin3",0.0178493710571336,TRUE,FALSE,FALSE,0.00099999999999989
3,"retained","ernst","covariance_profiled","standardized","port-nls","shared",2,TRUE,TRUE,"layered",0.0178493710571335,TRUE,FALSE,FALSE,0.00200000000000022
3,"retained","ernst","covariance_profiled","standardized","port-nls","signed",4,TRUE,TRUE,"signed_1_1",0.0178493710571335,TRUE,FALSE,FALSE,0.00499999999999945
3,"retained","ernst","covariance_profiled","standardized","port-nls","all",6,TRUE,TRUE,"layered",0.0178493710571335,TRUE,FALSE,FALSE,0.00699999999999967
4,"retained","ernst","covariance_profiled","standardized","port-nls","fabin3",1,TRUE,TRUE,"fabin3",13.6847440171785,FALSE,FALSE,FALSE,0.00199999999999978
4,"retained","ernst","covariance_profiled","standardized","port-nls","shared",2,TRUE,TRUE,"layered",13.6847440171785,FALSE,FALSE,FALSE,0.004
4,"retained","ernst","covariance_profiled","standardized","port-nls","signed",4,TRUE,TRUE,"signed_-1_1",2.8637460167203,TRUE,FALSE,FALSE,0.00599999999999978
4,"retained","ernst","covariance_profiled","standardized","port-nls","all",6,TRUE,TRUE,"signed_-1_1",2.8637460167203,TRUE,FALSE,FALSE,0.00999999999999979
5,"retained","ernst","covariance_profiled","standardized","port-nls","fabin3",1,TRUE,TRUE,"fabin3",3.47793407368582,TRUE,FALSE,FALSE,0
5,"retained","ernst","covariance_profiled","standardized","port-nls","shared",2,TRUE,TRUE,"fabin3",3.47793407368582,TRUE,FALSE,FALSE,0.00099999999999989
5,"retained","ernst","covariance_profiled","standardized","port-nls","signed",4,TRUE,TRUE,"signed_1_1",3.47793407368582,TRUE,FALSE,FALSE,0.00800000000000001
5,"retained","ernst","covariance_profiled","standardized","port-nls","all",6,TRUE,TRUE,"fabin3",3.47793407368582,TRUE,FALSE,FALSE,0.0089999999999999
6,"fresh","ernst","covariance_profiled","standardized","port-nls","fabin3",1,TRUE,TRUE,"fabin3",0.00977387475296052,TRUE,FALSE,FALSE,0.00100000000000033
6,"fresh","ernst","covariance_profiled","standardized","port-nls","shared",2,TRUE,TRUE,"fabin3",0.00977387475296052,TRUE,FALSE,FALSE,0.00199999999999978
6,"fresh","ernst","covariance_profiled","standardized","port-nls","signed",4,TRUE,TRUE,"signed_1_1",0.00977387475296052,TRUE,FALSE,FALSE,0.0080000000000009
6,"fresh","ernst","covariance_profiled","standardized","port-nls","all",6,TRUE,TRUE,"fabin3",0.00977387475296052,TRUE,FALSE,FALSE,0.0100000000000007
7,"fresh","ernst","covariance_profiled","standardized","port-nls","fabin3",1,TRUE,TRUE,"fabin3",0.282557722768951,FALSE,FALSE,FALSE,0.00199999999999978
7,"fresh","ernst","covariance_profiled","standardized","port-nls","shared",2,TRUE,TRUE,"layered",0.282557722768942,FALSE,FALSE,FALSE,0.00399999999999956
7,"fresh","ernst","covariance_profiled","standardized","port-nls","signed",4,TRUE,TRUE,"signed_-1_1",0.0771700707785933,TRUE,FALSE,FALSE,0.00600000000000023
7,"fresh","ernst","covariance_profiled","standardized","port-nls","all",6,TRUE,TRUE,"signed_-1_1",0.0771700707785933,TRUE,FALSE,FALSE,0.00999999999999979
8,"fresh","ernst","covariance_profiled","standardized","port-nls","fabin3",1,TRUE,TRUE,"fabin3",0.1127364837758,TRUE,FALSE,FALSE,0.000999999999999446
8,"fresh","ernst","covariance_profiled","standardized","port-nls","shared",2,TRUE,TRUE,"fabin3",0.1127364837758,TRUE,FALSE,FALSE,0.00199999999999978
8,"fresh","ernst","covariance_profiled","standardized","port-nls","signed",4,TRUE,TRUE,"signed_1_1",0.1127364837758,TRUE,FALSE,FALSE,0.00699999999999967
8,"fresh","ernst","covariance_profiled","standardized","port-nls","all",6,TRUE,TRUE,"fabin3",0.1127364837758,TRUE,FALSE,FALSE,0.00899999999999945
9,"fresh","ernst","covariance_profiled","standardized","port-nls","fabin3",1,TRUE,TRUE,"fabin3",0.0113867366840747,TRUE,FALSE,FALSE,0.00100000000000033
9,"fresh","ernst","covariance_profiled","standardized","port-nls","shared",2,TRUE,TRUE,"fabin3",0.0113867366840747,TRUE,FALSE,FALSE,0.00199999999999978
9,"fresh","ernst","covariance_profiled","standardized","port-nls","signed",4,TRUE,TRUE,"signed_1_1",0.0113867366840747,TRUE,FALSE,FALSE,0.00899999999999945
9,"fresh","ernst","covariance_profiled","standardized","port-nls","all",6,TRUE,TRUE,"fabin3",0.0113867366840747,TRUE,FALSE,FALSE,0.0109999999999992
10,"fresh","ernst","covariance_profiled","standardized","port-nls","fabin3",1,TRUE,TRUE,"fabin3",0.000405824998583255,TRUE,FALSE,FALSE,0.000999999999999446
10,"fresh","ernst","covariance_profiled","standardized","port-nls","shared",2,TRUE,TRUE,"layered",0.000405824998583254,TRUE,FALSE,FALSE,0.00200000000000067
10,"fresh","ernst","covariance_profiled","standardized","port-nls","signed",4,TRUE,TRUE,"signed_1_1",0.000405824998583255,TRUE,FALSE,FALSE,0.00700000000000145
10,"fresh","ernst","covariance_profiled","standardized","port-nls","all",6,TRUE,TRUE,"layered",0.000405824998583254,TRUE,FALSE,FALSE,0.00900000000000212
11,"fresh","ernst","covariance_profiled","standardized","port-nls","fabin3",1,TRUE,TRUE,"fabin3",0.0883988133479023,TRUE,FALSE,FALSE,0.000999999999999446
11,"fresh","ernst","covariance_profiled","standardized","port-nls","shared",2,TRUE,TRUE,"layered",0.0883988133479022,TRUE,FALSE,FALSE,0.00199999999999889
11,"fresh","ernst","covariance_profiled","standardized","port-nls","signed",4,TRUE,TRUE,"signed_1_1",0.0883988133479023,TRUE,FALSE,FALSE,0.00800000000000267
11,"fresh","ernst","covariance_profiled","standardized","port-nls","all",6,TRUE,TRUE,"layered",0.0883988133479022,TRUE,FALSE,FALSE,0.0100000000000016
12,"fresh","ernst","covariance_profiled","standardized","port-nls","fabin3",1,TRUE,TRUE,"fabin3",0.960051736021776,TRUE,FALSE,FALSE,0.00100000000000122
12,"fresh","ernst","covariance_profiled","standardized","port-nls","shared",2,TRUE,TRUE,"fabin3",0.960051736021776,TRUE,FALSE,FALSE,0.00200000000000244
12,"fresh","ernst","covariance_profiled","standardized","port-nls","signed",4,TRUE,TRUE,"signed_1_1",0.960051736021776,TRUE,FALSE,FALSE,0.00699999999999967
12,"fresh","ernst","covariance_profiled","standardized","port-nls","all",6,TRUE,TRUE,"fabin3",0.960051736021776,TRUE,FALSE,FALSE,0.00900000000000212
13,"fresh","ernst","covariance_profiled","standardized","port-nls","fabin3",1,TRUE,TRUE,"fabin3",0.0292043978466902,TRUE,FALSE,FALSE,0.00199999999999889
13,"fresh","ernst","covariance_profiled","standardized","port-nls","shared",2,TRUE,TRUE,"layered",0.0292043978466901,TRUE,FALSE,FALSE,0.00299999999999834
13,"fresh","ernst","covariance_profiled","standardized","port-nls","signed",4,TRUE,TRUE,"signed_1_1",0.0292043978466902,TRUE,FALSE,FALSE,0.00600000000000023
13,"fresh","ernst","covariance_profiled","standardized","port-nls","all",6,TRUE,TRUE,"layered",0.0292043978466901,TRUE,FALSE,FALSE,0.00899999999999856
14,"fresh","ernst","covariance_profiled","standardized","port-nls","fabin3",1,TRUE,TRUE,"fabin3",0.0364591135938131,TRUE,FALSE,FALSE,0.00200000000000067
14,"fresh","ernst","covariance_profiled","standardized","port-nls","shared",2,TRUE,TRUE,"fabin3",0.0364591135938131,TRUE,FALSE,FALSE,0.00300000000000011
14,"fresh","ernst","covariance_profiled","standardized","port-nls","signed",4,TRUE,TRUE,"signed_1_1",0.0364591135938131,TRUE,FALSE,FALSE,0.00799999999999734
14,"fresh","ernst","covariance_profiled","standardized","port-nls","all",6,TRUE,TRUE,"fabin3",0.0364591135938131,TRUE,FALSE,FALSE,0.0109999999999975
15,"fresh","ernst","covariance_profiled","standardized","port-nls","fabin3",1,TRUE,TRUE,"fabin3",0.322666659040069,TRUE,FALSE,FALSE,0.00100000000000122
15,"fresh","ernst","covariance_profiled","standardized","port-nls","shared",2,TRUE,TRUE,"fabin3",0.322666659040069,TRUE,FALSE,FALSE,0.00200000000000067
15,"fresh","ernst","covariance_profiled","standardized","port-nls","signed",4,TRUE,TRUE,"signed_1_1",0.322666659040069,TRUE,FALSE,FALSE,0.0069999999999979
15,"fresh","ernst","covariance_profiled","standardized","port-nls","all",6,TRUE,TRUE,"fabin3",0.322666659040069,TRUE,FALSE,FALSE,0.00899999999999856
16,"fresh","weak_marker","covariance_profiled","standardized","port-nls","fabin3",1,TRUE,TRUE,"fabin3",24.8787527483031,FALSE,FALSE,FALSE,0.00100000000000122
16,"fresh","weak_marker","covariance_profiled","standardized","port-nls","shared",2,TRUE,TRUE,"layered",24.8787129562147,FALSE,FALSE,FALSE,0.00300000000000011
16,"fresh","weak_marker","covariance_profiled","standardized","port-nls","signed",4,TRUE,TRUE,"signed_-1_1",30.7576871070461,FALSE,FALSE,FALSE,0.00900000000000034
16,"fresh","weak_marker","covariance_profiled","standardized","port-nls","all",6,TRUE,TRUE,"layered",24.8787129562147,FALSE,FALSE,FALSE,0.0120000000000005
17,"fresh","weak_marker","covariance_profiled","standardized","port-nls","fabin3",1,TRUE,TRUE,"fabin3",0.0266490580680755,TRUE,FALSE,FALSE,0.00200000000000067
17,"fresh","weak_marker","covariance_profiled","standardized","port-nls","shared",2,TRUE,TRUE,"fabin3",0.0266490580680755,TRUE,FALSE,FALSE,0.00400000000000134
17,"fresh","weak_marker","covariance_profiled","standardized","port-nls","signed",4,TRUE,TRUE,"signed_1_1",0.0266490580680755,TRUE,FALSE,FALSE,0.0069999999999979
17,"fresh","weak_marker","covariance_profiled","standardized","port-nls","all",6,TRUE,TRUE,"fabin3",0.0266490580680755,TRUE,FALSE,FALSE,0.0109999999999992
18,"fresh","weak_marker","covariance_profiled","standardized","port-nls","fabin3",1,TRUE,TRUE,"fabin3",0.00559976733984344,TRUE,FALSE,FALSE,0.000999999999999446
18,"fresh","weak_marker","covariance_profiled","standardized","port-nls","shared",2,TRUE,TRUE,"fabin3",0.00559976733984344,TRUE,FALSE,FALSE,0.00300000000000011
18,"fresh","weak_marker","covariance_profiled","standardized","port-nls","signed",4,TRUE,TRUE,"signed_-1_1",0.00559976733984345,TRUE,FALSE,FALSE,0.00700000000000145
18,"fresh","weak_marker","covariance_profiled","standardized","port-nls","all",6,TRUE,TRUE,"fabin3",0.00559976733984344,TRUE,FALSE,FALSE,0.0100000000000016
19,"fresh","weak_marker","covariance_profiled","standardized","port-nls","fabin3",1,TRUE,FALSE,"",,FALSE,FALSE,FALSE,0.00200000000000244
19,"fresh","weak_marker","covariance_profiled","standardized","port-nls","shared",2,TRUE,FALSE,"",,FALSE,FALSE,FALSE,0.00300000000000367
19,"fresh","weak_marker","covariance_profiled","standardized","port-nls","signed",4,TRUE,TRUE,"signed_1_-1",0.17635428789099,TRUE,FALSE,FALSE,0.0069999999999979
19,"fresh","weak_marker","covariance_profiled","standardized","port-nls","all",6,TRUE,TRUE,"signed_1_-1",0.17635428789099,TRUE,FALSE,FALSE,0.0100000000000016
20,"fresh","weak_marker","covariance_profiled","standardized","port-nls","fabin3",1,TRUE,TRUE,"fabin3",9.47535626557404,FALSE,FALSE,FALSE,0.00300000000000011
20,"fresh","weak_marker","covariance_profiled","standardized","port-nls","shared",2,TRUE,TRUE,"fabin3",9.47535626557404,FALSE,FALSE,FALSE,0.00499999999999901
20,"fresh","weak_marker","covariance_profiled","standardized","port-nls","signed",4,TRUE,TRUE,"signed_1_1",37.6793903717954,FALSE,FALSE,FALSE,0.00599999999999667
20,"fresh","weak_marker","covariance_profiled","standardized","port-nls","all",6,TRUE,TRUE,"fabin3",9.47535626557404,FALSE,FALSE,FALSE,0.0109999999999957
21,"fresh","weak_marker","covariance_profiled","standardized","port-nls","fabin3",1,TRUE,TRUE,"fabin3",4.14722027853335,FALSE,FALSE,FALSE,0.00199999999999889
21,"fresh","weak_marker","covariance_profiled","standardized","port-nls","shared",2,TRUE,TRUE,"fabin3",4.14722027853335,FALSE,FALSE,FALSE,0.00499999999999901
21,"fresh","weak_marker","covariance_profiled","standardized","port-nls","signed",4,TRUE,TRUE,"signed_-1_-1",0.0956514572606525,TRUE,FALSE,FALSE,0.00700000000000145
21,"fresh","weak_marker","covariance_profiled","standardized","port-nls","all",6,TRUE,TRUE,"signed_-1_-1",0.0956514572606525,TRUE,FALSE,FALSE,0.0120000000000005
22,"fresh","weak_marker","covariance_profiled","standardized","port-nls","fabin3",1,TRUE,TRUE,"fabin3",0.112268613653632,FALSE,FALSE,FALSE,0.00300000000000011
22,"fresh","weak_marker","covariance_profiled","standardized","port-nls","shared",2,TRUE,TRUE,"layered",0.112240623447176,FALSE,FALSE,FALSE,0.00500000000000256
22,"fresh","weak_marker","covariance_profiled","standardized","port-nls","signed",4,TRUE,TRUE,"signed_-1_1",0.112197378718279,TRUE,FALSE,FALSE,0.0069999999999979
22,"fresh","weak_marker","covariance_profiled","standardized","port-nls","all",6,TRUE,TRUE,"signed_-1_1",0.112197378718279,TRUE,FALSE,FALSE,0.0120000000000005
23,"fresh","weak_marker","covariance_profiled","standardized","port-nls","fabin3",1,TRUE,TRUE,"fabin3",0.977996167060137,FALSE,FALSE,FALSE,0.00300000000000011
23,"fresh","weak_marker","covariance_profiled","standardized","port-nls","shared",2,TRUE,TRUE,"layered",0.105936548914106,TRUE,FALSE,FALSE,0.00399999999999778
23,"fresh","weak_marker","covariance_profiled","standardized","port-nls","signed",4,TRUE,TRUE,"signed_1_1",0.105936548914104,TRUE,FALSE,FALSE,0.00800000000000622
23,"fresh","weak_marker","covariance_profiled","standardized","port-nls","all",6,TRUE,TRUE,"signed_1_1",0.105936548914104,TRUE,FALSE,FALSE,0.012000000000004
24,"fresh","weak_marker","covariance_profiled","standardized","port-nls","fabin3",1,TRUE,TRUE,"fabin3",0.510992580344117,FALSE,FALSE,FALSE,0.00199999999999889
24,"fresh","weak_marker","covariance_profiled","standardized","port-nls","shared",2,TRUE,TRUE,"layered",0.0386087484921228,FALSE,FALSE,FALSE,0.00399999999999778
24,"fresh","weak_marker","covariance_profiled","standardized","port-nls","signed",4,TRUE,TRUE,"signed_-1_1",0.0236720825303504,TRUE,FALSE,FALSE,0.00799999999999912
24,"fresh","weak_marker","covariance_profiled","standardized","port-nls","all",6,TRUE,TRUE,"signed_-1_1",0.0236720825303504,TRUE,FALSE,FALSE,0.0119999999999969
25,"fresh","weak_marker","covariance_profiled","standardized","port-nls","fabin3",1,TRUE,FALSE,"",,FALSE,FALSE,FALSE,0.00199999999999889
25,"fresh","weak_marker","covariance_profiled","standardized","port-nls","shared",2,TRUE,FALSE,"",,FALSE,FALSE,FALSE,0.00399999999999778
25,"fresh","weak_marker","covariance_profiled","standardized","port-nls","signed",4,TRUE,TRUE,"signed_1_-1",0.22156722757831,TRUE,FALSE,FALSE,0.00599999999999667
25,"fresh","weak_marker","covariance_profiled","standardized","port-nls","all",6,TRUE,TRUE,"signed_1_-1",0.22156722757831,TRUE,FALSE,FALSE,0.00999999999999446
1,"retained","ernst","regression_marker","standardized","port-nls","fabin3",1,TRUE,TRUE,"fabin3",0.143565425016616,TRUE,FALSE,FALSE,0.01
1,"retained","ernst","regression_marker","standardized","port-nls","shared",2,TRUE,TRUE,"fabin3",0.143565425016616,TRUE,FALSE,FALSE,0.021
1,"retained","ernst","regression_marker","standardized","port-nls","signed",4,TRUE,TRUE,"signed_1_1",0.143565425016616,TRUE,FALSE,FALSE,0.0460000000000002
1,"retained","ernst","regression_marker","standardized","port-nls","all",6,TRUE,TRUE,"fabin3",0.143565425016616,TRUE,FALSE,FALSE,0.0670000000000002
2,"retained","ernst","regression_marker","standardized","port-nls","fabin3",1,TRUE,TRUE,"fabin3",1.39922902888196,FALSE,FALSE,FALSE,0.014
2,"retained","ernst","regression_marker","standardized","port-nls","shared",2,TRUE,TRUE,"layered",1.39816893456751,FALSE,FALSE,FALSE,0.026
2,"retained","ernst","regression_marker","standardized","port-nls","signed",4,TRUE,TRUE,"signed_1_-1",1.39217934796945,TRUE,FALSE,FALSE,0.0489999999999999
2,"retained","ernst","regression_marker","standardized","port-nls","all",6,TRUE,TRUE,"signed_1_-1",1.39217934796945,TRUE,FALSE,FALSE,0.075
3,"retained","ernst","regression_marker","standardized","port-nls","fabin3",1,TRUE,TRUE,"fabin3",0.0178493710571336,TRUE,FALSE,FALSE,0.004
3,"retained","ernst","regression_marker","standardized","port-nls","shared",2,TRUE,TRUE,"layered",0.0178493710571336,TRUE,FALSE,FALSE,0.00700000000000012
3,"retained","ernst","regression_marker","standardized","port-nls","signed",4,TRUE,TRUE,"signed_1_1",0.0178493710571335,TRUE,FALSE,FALSE,0.0390000000000001
3,"retained","ernst","regression_marker","standardized","port-nls","all",6,TRUE,TRUE,"signed_1_1",0.0178493710571335,TRUE,FALSE,FALSE,0.0460000000000003
4,"retained","ernst","regression_marker","standardized","port-nls","fabin3",1,TRUE,TRUE,"fabin3",14.3666372001511,FALSE,FALSE,FALSE,0.0129999999999999
4,"retained","ernst","regression_marker","standardized","port-nls","shared",2,TRUE,TRUE,"fabin3",14.3666372001511,FALSE,FALSE,FALSE,0.0259999999999998
4,"retained","ernst","regression_marker","standardized","port-nls","signed",4,TRUE,TRUE,"signed_-1_1",2.8637460166999,TRUE,FALSE,FALSE,0.048
4,"retained","ernst","regression_marker","standardized","port-nls","all",6,TRUE,TRUE,"signed_-1_1",2.8637460166999,TRUE,FALSE,FALSE,0.0739999999999998
5,"retained","ernst","regression_marker","standardized","port-nls","fabin3",1,TRUE,TRUE,"fabin3",3.47793407368566,TRUE,FALSE,FALSE,0.004
5,"retained","ernst","regression_marker","standardized","port-nls","shared",2,TRUE,TRUE,"fabin3",3.47793407368566,TRUE,FALSE,FALSE,0.00700000000000012
5,"retained","ernst","regression_marker","standardized","port-nls","signed",4,TRUE,TRUE,"signed_1_1",3.47793407368566,TRUE,FALSE,FALSE,0.0410000000000013
5,"retained","ernst","regression_marker","standardized","port-nls","all",6,TRUE,TRUE,"fabin3",3.47793407368566,TRUE,FALSE,FALSE,0.0480000000000014
6,"fresh","ernst","regression_marker","standardized","port-nls","fabin3",1,TRUE,TRUE,"fabin3",0.0571913113203735,FALSE,FALSE,FALSE,0.0129999999999999
6,"fresh","ernst","regression_marker","standardized","port-nls","shared",2,TRUE,TRUE,"fabin3",0.0571913113203735,FALSE,FALSE,FALSE,0.0249999999999995
6,"fresh","ernst","regression_marker","standardized","port-nls","signed",4,TRUE,TRUE,"signed_1_1",0.0639407435297786,FALSE,FALSE,FALSE,0.0510000000000002
6,"fresh","ernst","regression_marker","standardized","port-nls","all",6,TRUE,TRUE,"fabin3",0.0571913113203735,FALSE,FALSE,FALSE,0.0759999999999996
7,"fresh","ernst","regression_marker","standardized","port-nls","fabin3",1,TRUE,TRUE,"fabin3",0.426845875461042,FALSE,FALSE,FALSE,0.0129999999999999
7,"fresh","ernst","regression_marker","standardized","port-nls","shared",2,TRUE,TRUE,"layered",0.399982231968246,FALSE,FALSE,FALSE,0.0250000000000004
7,"fresh","ernst","regression_marker","standardized","port-nls","signed",4,TRUE,TRUE,"signed_-1_1",0.0771700707785933,TRUE,FALSE,FALSE,0.0419999999999998
7,"fresh","ernst","regression_marker","standardized","port-nls","all",6,TRUE,TRUE,"signed_-1_1",0.0771700707785933,TRUE,FALSE,FALSE,0.0670000000000002
8,"fresh","ernst","regression_marker","standardized","port-nls","fabin3",1,TRUE,TRUE,"fabin3",0.1127364837758,TRUE,FALSE,FALSE,0.00499999999999989
8,"fresh","ernst","regression_marker","standardized","port-nls","shared",2,TRUE,TRUE,"layered",0.1127364837758,TRUE,FALSE,FALSE,0.00900000000000034
8,"fresh","ernst","regression_marker","standardized","port-nls","signed",4,TRUE,TRUE,"signed_1_1",0.1127364837758,TRUE,FALSE,FALSE,0.0430000000000019
8,"fresh","ernst","regression_marker","standardized","port-nls","all",6,TRUE,TRUE,"signed_1_1",0.1127364837758,TRUE,FALSE,FALSE,0.0520000000000023
9,"fresh","ernst","regression_marker","standardized","port-nls","fabin3",1,TRUE,TRUE,"fabin3",0.0113867366840748,TRUE,FALSE,FALSE,0.00400000000000045
9,"fresh","ernst","regression_marker","standardized","port-nls","shared",2,TRUE,TRUE,"fabin3",0.0113867366840748,TRUE,FALSE,FALSE,0.011000000000001
9,"fresh","ernst","regression_marker","standardized","port-nls","signed",4,TRUE,TRUE,"signed_1_1",0.0113867366840748,TRUE,FALSE,FALSE,0.0459999999999994
9,"fresh","ernst","regression_marker","standardized","port-nls","all",6,TRUE,TRUE,"fabin3",0.0113867366840748,TRUE,FALSE,FALSE,0.0570000000000004
10,"fresh","ernst","regression_marker","standardized","port-nls","fabin3",1,TRUE,TRUE,"fabin3",0.000405824998583255,TRUE,FALSE,FALSE,0.00200000000000067
10,"fresh","ernst","regression_marker","standardized","port-nls","shared",2,TRUE,TRUE,"fabin3",0.000405824998583255,TRUE,FALSE,FALSE,0.00999999999999979
10,"fresh","ernst","regression_marker","standardized","port-nls","signed",4,TRUE,TRUE,"signed_1_1",0.000405824998583254,TRUE,FALSE,FALSE,0.0459999999999994
10,"fresh","ernst","regression_marker","standardized","port-nls","all",6,TRUE,TRUE,"signed_1_1",0.000405824998583254,TRUE,FALSE,FALSE,0.0559999999999992
11,"fresh","ernst","regression_marker","standardized","port-nls","fabin3",1,TRUE,TRUE,"fabin3",0.0884988178759133,FALSE,FALSE,FALSE,0.0119999999999987
11,"fresh","ernst","regression_marker","standardized","port-nls","shared",2,TRUE,TRUE,"fabin3",0.0884988178759133,FALSE,FALSE,FALSE,0.0249999999999986
11,"fresh","ernst","regression_marker","standardized","port-nls","signed",4,TRUE,TRUE,"signed_1_1",0.0954639380770651,FALSE,FALSE,FALSE,0.0500000000000007
11,"fresh","ernst","regression_marker","standardized","port-nls","all",6,TRUE,TRUE,"fabin3",0.0884988178759133,FALSE,FALSE,FALSE,0.0749999999999993
12,"fresh","ernst","regression_marker","standardized","port-nls","fabin3",1,TRUE,TRUE,"fabin3",0.960051736021774,TRUE,FALSE,FALSE,0.0129999999999999
12,"fresh","ernst","regression_marker","standardized","port-nls","shared",2,TRUE,TRUE,"layered",0.960051736021774,TRUE,FALSE,FALSE,0.0250000000000004
12,"fresh","ernst","regression_marker","standardized","port-nls","signed",4,TRUE,TRUE,"signed_1_1",0.960051736021774,TRUE,FALSE,FALSE,0.0500000000000007
12,"fresh","ernst","regression_marker","standardized","port-nls","all",6,TRUE,TRUE,"signed_1_1",0.960051736021774,TRUE,FALSE,FALSE,0.0750000000000011
13,"fresh","ernst","regression_marker","standardized","port-nls","fabin3",1,TRUE,TRUE,"fabin3",0.0292043978466902,TRUE,FALSE,FALSE,0.011000000000001
13,"fresh","ernst","regression_marker","standardized","port-nls","shared",2,TRUE,TRUE,"fabin3",0.0292043978466902,TRUE,FALSE,FALSE,0.022000000000002
13,"fresh","ernst","regression_marker","standardized","port-nls","signed",4,TRUE,TRUE,"signed_1_1",0.0292043978466902,TRUE,FALSE,FALSE,0.0500000000000043
13,"fresh","ernst","regression_marker","standardized","port-nls","all",6,TRUE,TRUE,"signed_1_1",0.0292043978466902,TRUE,FALSE,FALSE,0.0720000000000063
14,"fresh","ernst","regression_marker","standardized","port-nls","fabin3",1,TRUE,TRUE,"fabin3",0.0364591135938131,TRUE,FALSE,FALSE,0.00799999999999912
14,"fresh","ernst","regression_marker","standardized","port-nls","shared",2,TRUE,TRUE,"layered",0.0364591135938131,TRUE,FALSE,FALSE,0.0139999999999993
14,"fresh","ernst","regression_marker","standardized","port-nls","signed",4,TRUE,TRUE,"signed_1_1",0.0364591135938131,TRUE,FALSE,FALSE,0.0459999999999994
14,"fresh","ernst","regression_marker","standardized","port-nls","all",6,TRUE,TRUE,"layered",0.0364591135938131,TRUE,FALSE,FALSE,0.0599999999999987
15,"fresh","ernst","regression_marker","standardized","port-nls","fabin3",1,TRUE,TRUE,"fabin3",0.322666659040069,TRUE,FALSE,FALSE,0.00700000000000145
15,"fresh","ernst","regression_marker","standardized","port-nls","shared",2,TRUE,TRUE,"fabin3",0.322666659040069,TRUE,FALSE,FALSE,0.0140000000000011
15,"fresh","ernst","regression_marker","standardized","port-nls","signed",4,TRUE,TRUE,"signed_1_1",0.322666659040069,TRUE,FALSE,FALSE,0.0470000000000006
15,"fresh","ernst","regression_marker","standardized","port-nls","all",6,TRUE,TRUE,"fabin3",0.322666659040069,TRUE,FALSE,FALSE,0.0610000000000017
16,"fresh","weak_marker","regression_marker","standardized","port-nls","fabin3",1,TRUE,TRUE,"fabin3",25.0848364606169,FALSE,FALSE,FALSE,0.0129999999999999
16,"fresh","weak_marker","regression_marker","standardized","port-nls","shared",2,TRUE,TRUE,"layered",24.9256837070031,FALSE,FALSE,FALSE,0.0250000000000004
16,"fresh","weak_marker","regression_marker","standardized","port-nls","signed",4,TRUE,TRUE,"signed_-1_-1",0.152859529042685,TRUE,FALSE,FALSE,0.0470000000000006
16,"fresh","weak_marker","regression_marker","standardized","port-nls","all",6,TRUE,TRUE,"signed_-1_-1",0.152859529042685,TRUE,FALSE,FALSE,0.072000000000001
17,"fresh","weak_marker","regression_marker","standardized","port-nls","fabin3",1,TRUE,TRUE,"fabin3",0.0270558688208996,FALSE,FALSE,FALSE,0.0120000000000005
17,"fresh","weak_marker","regression_marker","standardized","port-nls","shared",2,TRUE,TRUE,"layered",0.026649060262805,FALSE,FALSE,FALSE,0.0250000000000004
17,"fresh","weak_marker","regression_marker","standardized","port-nls","signed",4,TRUE,TRUE,"signed_1_1",0.0266717768480906,FALSE,FALSE,FALSE,0.0499999999999989
17,"fresh","weak_marker","regression_marker","standardized","port-nls","all",6,TRUE,TRUE,"layered",0.026649060262805,FALSE,FALSE,FALSE,0.0749999999999993
18,"fresh","weak_marker","regression_marker","standardized","port-nls","fabin3",1,TRUE,TRUE,"fabin3",0.475382098408959,FALSE,FALSE,FALSE,0.0129999999999999
18,"fresh","weak_marker","regression_marker","standardized","port-nls","shared",2,TRUE,TRUE,"layered",0.0205717635777377,FALSE,FALSE,FALSE,0.0250000000000004
18,"fresh","weak_marker","regression_marker","standardized","port-nls","signed",4,TRUE,TRUE,"signed_-1_1",0.00785407680540468,FALSE,FALSE,FALSE,0.0499999999999989
18,"fresh","weak_marker","regression_marker","standardized","port-nls","all",6,TRUE,TRUE,"signed_-1_1",0.00785407680540468,FALSE,FALSE,FALSE,0.0749999999999993
19,"fresh","weak_marker","regression_marker","standardized","port-nls","fabin3",1,TRUE,TRUE,"fabin3",0.179760797949805,FALSE,FALSE,FALSE,0.0129999999999981
19,"fresh","weak_marker","regression_marker","standardized","port-nls","shared",2,TRUE,TRUE,"layered",0.178462973355926,FALSE,FALSE,FALSE,0.0259999999999962
19,"fresh","weak_marker","regression_marker","standardized","port-nls","signed",4,TRUE,TRUE,"signed_1_-1",0.177979747366985,FALSE,FALSE,FALSE,0.0519999999999996
19,"fresh","weak_marker","regression_marker","standardized","port-nls","all",6,TRUE,TRUE,"signed_1_-1",0.177979747366985,FALSE,FALSE,FALSE,0.0779999999999959
20,"fresh","weak_marker","regression_marker","standardized","port-nls","fabin3",1,TRUE,TRUE,"fabin3",46.9288339198399,FALSE,FALSE,FALSE,0.0130000000000017
20,"fresh","weak_marker","regression_marker","standardized","port-nls","shared",2,TRUE,TRUE,"layered",37.7500224096173,FALSE,FALSE,FALSE,0.0259999999999998
20,"fresh","weak_marker","regression_marker","standardized","port-nls","signed",4,TRUE,TRUE,"signed_-1_1",8.8503434873779,FALSE,FALSE,FALSE,0.0530000000000079
20,"fresh","weak_marker","regression_marker","standardized","port-nls","all",6,TRUE,TRUE,"signed_-1_1",8.8503434873779,FALSE,FALSE,FALSE,0.0790000000000077
21,"fresh","weak_marker","regression_marker","standardized","port-nls","fabin3",1,TRUE,TRUE,"fabin3",47.4857824929298,FALSE,FALSE,FALSE,0.0139999999999993
21,"fresh","weak_marker","regression_marker","standardized","port-nls","shared",2,TRUE,TRUE,"layered",11.7866377856587,FALSE,FALSE,FALSE,0.0269999999999975
21,"fresh","weak_marker","regression_marker","standardized","port-nls","signed",4,TRUE,TRUE,"signed_-1_-1",0.0958756225667408,FALSE,FALSE,FALSE,0.0510000000000019
21,"fresh","weak_marker","regression_marker","standardized","port-nls","all",6,TRUE,TRUE,"signed_-1_-1",0.0958756225667408,FALSE,FALSE,FALSE,0.0779999999999994
22,"fresh","weak_marker","regression_marker","standardized","port-nls","fabin3",1,TRUE,TRUE,"fabin3",1.36602626109128,FALSE,FALSE,FALSE,0.0130000000000017
22,"fresh","weak_marker","regression_marker","standardized","port-nls","shared",2,TRUE,TRUE,"layered",0.118663557901433,FALSE,FALSE,FALSE,0.0260000000000034
22,"fresh","weak_marker","regression_marker","standardized","port-nls","signed",4,TRUE,TRUE,"signed_-1_1",0.115702653848071,FALSE,FALSE,FALSE,0.0510000000000055
22,"fresh","weak_marker","regression_marker","standardized","port-nls","all",6,TRUE,TRUE,"signed_-1_1",0.115702653848071,FALSE,FALSE,FALSE,0.0770000000000088
23,"fresh","weak_marker","regression_marker","standardized","port-nls","fabin3",1,TRUE,TRUE,"fabin3",3.13619424917652,FALSE,FALSE,FALSE,0.0139999999999993
23,"fresh","weak_marker","regression_marker","standardized","port-nls","shared",2,TRUE,TRUE,"layered",0.994387474700344,FALSE,FALSE,FALSE,0.0259999999999998
23,"fresh","weak_marker","regression_marker","standardized","port-nls","signed",4,TRUE,TRUE,"signed_1_1",0.105936548924217,TRUE,FALSE,FALSE,0.051999999999996
23,"fresh","weak_marker","regression_marker","standardized","port-nls","all",6,TRUE,TRUE,"signed_1_1",0.105936548924217,TRUE,FALSE,FALSE,0.0779999999999959
24,"fresh","weak_marker","regression_marker","standardized","port-nls","fabin3",1,TRUE,TRUE,"fabin3",0.83914581439863,FALSE,FALSE,FALSE,0.0120000000000005
24,"fresh","weak_marker","regression_marker","standardized","port-nls","shared",2,TRUE,TRUE,"fabin3",0.83914581439863,FALSE,FALSE,FALSE,0.0249999999999986
24,"fresh","weak_marker","regression_marker","standardized","port-nls","signed",4,TRUE,TRUE,"signed_-1_1",0.0256847175067611,FALSE,FALSE,FALSE,0.0519999999999996
24,"fresh","weak_marker","regression_marker","standardized","port-nls","all",6,TRUE,TRUE,"signed_-1_1",0.0256847175067611,FALSE,FALSE,FALSE,0.0769999999999982
25,"fresh","weak_marker","regression_marker","standardized","port-nls","fabin3",1,TRUE,TRUE,"fabin3",0.360750945017541,FALSE,FALSE,FALSE,0.0129999999999981
25,"fresh","weak_marker","regression_marker","standardized","port-nls","shared",2,TRUE,TRUE,"layered",0.355121125711684,FALSE,FALSE,FALSE,0.024999999999995
25,"fresh","weak_marker","regression_marker","standardized","port-nls","signed",4,TRUE,TRUE,"signed_1_-1",0.222290226270608,FALSE,FALSE,FALSE,0.0510000000000019
25,"fresh","weak_marker","regression_marker","standardized","port-nls","all",6,TRUE,TRUE,"signed_1_-1",0.222290226270608,FALSE,FALSE,FALSE,0.075999999999997
1,"retained","ernst","regression_sphere","standardized","port-nls","fabin3",1,TRUE,TRUE,"fabin3",0.204885311295761,FALSE,FALSE,FALSE,0.021
1,"retained","ernst","regression_sphere","standardized","port-nls","shared",2,TRUE,TRUE,"layered",0.143565425016616,TRUE,FALSE,FALSE,0.026
1,"retained","ernst","regression_sphere","standardized","port-nls","signed",4,TRUE,TRUE,"signed_1_1",0.143565425016616,TRUE,FALSE,FALSE,0.0910000000000002
1,"retained","ernst","regression_sphere","standardized","port-nls","all",6,TRUE,TRUE,"layered",0.143565425016616,TRUE,FALSE,FALSE,0.117
2,"retained","ernst","regression_sphere","standardized","port-nls","fabin3",1,TRUE,TRUE,"fabin3",1.39472866205992,FALSE,FALSE,FALSE,0.01
2,"retained","ernst","regression_sphere","standardized","port-nls","shared",2,TRUE,TRUE,"fabin3",1.39472866205992,FALSE,FALSE,FALSE,0.0229999999999999
2,"retained","ernst","regression_sphere","standardized","port-nls","signed",4,TRUE,TRUE,"signed_1_-1",1.39217934800524,TRUE,FALSE,FALSE,0.0749999999999995
2,"retained","ernst","regression_sphere","standardized","port-nls","all",6,TRUE,TRUE,"signed_1_-1",1.39217934800524,TRUE,FALSE,FALSE,0.0979999999999994
3,"retained","ernst","regression_sphere","standardized","port-nls","fabin3",1,TRUE,TRUE,"fabin3",0.0178493710571336,TRUE,FALSE,FALSE,0.0089999999999999
3,"retained","ernst","regression_sphere","standardized","port-nls","shared",2,TRUE,TRUE,"layered",0.0178493710571335,TRUE,FALSE,FALSE,0.0139999999999998
3,"retained","ernst","regression_sphere","standardized","port-nls","signed",4,TRUE,TRUE,"signed_1_1",0.0178493710571335,TRUE,FALSE,FALSE,0.0600000000000001
3,"retained","ernst","regression_sphere","standardized","port-nls","all",6,TRUE,TRUE,"signed_1_1",0.0178493710571335,TRUE,FALSE,FALSE,0.0739999999999998
4,"retained","ernst","regression_sphere","standardized","port-nls","fabin3",1,TRUE,TRUE,"fabin3",13.6854237821615,FALSE,FALSE,FALSE,0.036
4,"retained","ernst","regression_sphere","standardized","port-nls","shared",2,TRUE,TRUE,"fabin3",13.6854237821615,FALSE,FALSE,FALSE,0.0590000000000002
4,"retained","ernst","regression_sphere","standardized","port-nls","signed",4,TRUE,TRUE,"signed_-1_1",2.86374601669585,TRUE,FALSE,FALSE,0.0569999999999999
4,"retained","ernst","regression_sphere","standardized","port-nls","all",6,TRUE,TRUE,"signed_-1_1",2.86374601669585,TRUE,FALSE,FALSE,0.116
5,"retained","ernst","regression_sphere","standardized","port-nls","fabin3",1,TRUE,TRUE,"fabin3",3.47793407368567,TRUE,FALSE,FALSE,0.00300000000000011
5,"retained","ernst","regression_sphere","standardized","port-nls","shared",2,TRUE,TRUE,"fabin3",3.47793407368567,TRUE,FALSE,FALSE,0.00700000000000012
5,"retained","ernst","regression_sphere","standardized","port-nls","signed",4,TRUE,TRUE,"signed_1_1",3.47793407368568,TRUE,FALSE,FALSE,0.0859999999999994
5,"retained","ernst","regression_sphere","standardized","port-nls","all",6,TRUE,TRUE,"fabin3",3.47793407368567,TRUE,FALSE,FALSE,0.0929999999999995
6,"fresh","ernst","regression_sphere","standardized","port-nls","fabin3",1,TRUE,TRUE,"fabin3",0.00977387475296052,TRUE,FALSE,FALSE,0.0110000000000001
6,"fresh","ernst","regression_sphere","standardized","port-nls","shared",2,TRUE,TRUE,"layered",0.00977387475296051,TRUE,FALSE,FALSE,0.0209999999999999
6,"fresh","ernst","regression_sphere","standardized","port-nls","signed",4,TRUE,TRUE,"signed_1_1",0.00977387475296051,TRUE,FALSE,FALSE,0.0709999999999997
6,"fresh","ernst","regression_sphere","standardized","port-nls","all",6,TRUE,TRUE,"layered",0.00977387475296051,TRUE,FALSE,FALSE,0.0919999999999996
7,"fresh","ernst","regression_sphere","standardized","port-nls","fabin3",1,TRUE,TRUE,"fabin3",0.285263934416724,FALSE,FALSE,FALSE,0.0330000000000004
7,"fresh","ernst","regression_sphere","standardized","port-nls","shared",2,TRUE,TRUE,"fabin3",0.285263934416724,FALSE,FALSE,FALSE,0.0650000000000004
7,"fresh","ernst","regression_sphere","standardized","port-nls","signed",4,TRUE,TRUE,"signed_-1_1",0.0771700707785933,TRUE,FALSE,FALSE,0.0709999999999997
7,"fresh","ernst","regression_sphere","standardized","port-nls","all",6,TRUE,TRUE,"signed_-1_1",0.0771700707785933,TRUE,FALSE,FALSE,0.136
8,"fresh","ernst","regression_sphere","standardized","port-nls","fabin3",1,TRUE,TRUE,"fabin3",0.1127364837758,TRUE,FALSE,FALSE,0.00600000000000023
8,"fresh","ernst","regression_sphere","standardized","port-nls","shared",2,TRUE,TRUE,"layered",0.1127364837758,TRUE,FALSE,FALSE,0.0110000000000001
8,"fresh","ernst","regression_sphere","standardized","port-nls","signed",4,TRUE,TRUE,"signed_1_1",0.112736483775799,TRUE,FALSE,FALSE,0.0920000000000005
8,"fresh","ernst","regression_sphere","standardized","port-nls","all",6,TRUE,TRUE,"signed_1_1",0.112736483775799,TRUE,FALSE,FALSE,0.103000000000001
9,"fresh","ernst","regression_sphere","standardized","port-nls","fabin3",1,TRUE,TRUE,"fabin3",0.0113867366840748,TRUE,FALSE,FALSE,0.00400000000000045
9,"fresh","ernst","regression_sphere","standardized","port-nls","shared",2,TRUE,TRUE,"fabin3",0.0113867366840748,TRUE,FALSE,FALSE,0.0100000000000007
9,"fresh","ernst","regression_sphere","standardized","port-nls","signed",4,TRUE,TRUE,"signed_1_-1",0.0113867366840748,TRUE,FALSE,FALSE,0.0780000000000003
9,"fresh","ernst","regression_sphere","standardized","port-nls","all",6,TRUE,TRUE,"signed_1_-1",0.0113867366840748,TRUE,FALSE,FALSE,0.088000000000001
10,"fresh","ernst","regression_sphere","standardized","port-nls","fabin3",1,TRUE,TRUE,"fabin3",0.000405824998583254,TRUE,FALSE,FALSE,0.00100000000000122
10,"fresh","ernst","regression_sphere","standardized","port-nls","shared",2,TRUE,TRUE,"fabin3",0.000405824998583254,TRUE,FALSE,FALSE,0.00500000000000078
10,"fresh","ernst","regression_sphere","standardized","port-nls","signed",4,TRUE,TRUE,"signed_1_1",0.000405824998583254,TRUE,FALSE,FALSE,0.0479999999999983
10,"fresh","ernst","regression_sphere","standardized","port-nls","all",6,TRUE,TRUE,"signed_1_1",0.000405824998583254,TRUE,FALSE,FALSE,0.052999999999999
11,"fresh","ernst","regression_sphere","standardized","port-nls","fabin3",1,TRUE,TRUE,"fabin3",0.0883988133479019,TRUE,FALSE,FALSE,0.00799999999999912
11,"fresh","ernst","regression_sphere","standardized","port-nls","shared",2,TRUE,TRUE,"layered",0.0883988133479019,TRUE,FALSE,FALSE,0.0139999999999993
11,"fresh","ernst","regression_sphere","standardized","port-nls","signed",4,TRUE,TRUE,"signed_1_1",0.0883988133479019,TRUE,FALSE,FALSE,0.0730000000000004
11,"fresh","ernst","regression_sphere","standardized","port-nls","all",6,TRUE,TRUE,"layered",0.0883988133479019,TRUE,FALSE,FALSE,0.0869999999999997
12,"fresh","ernst","regression_sphere","standardized","port-nls","fabin3",1,TRUE,TRUE,"fabin3",0.960051736021774,TRUE,FALSE,FALSE,0.00600000000000023
12,"fresh","ernst","regression_sphere","standardized","port-nls","shared",2,TRUE,TRUE,"fabin3",0.960051736021774,TRUE,FALSE,FALSE,0.0130000000000017
12,"fresh","ernst","regression_sphere","standardized","port-nls","signed",4,TRUE,TRUE,"signed_1_1",0.960051736021774,TRUE,FALSE,FALSE,0.093
12,"fresh","ernst","regression_sphere","standardized","port-nls","all",6,TRUE,TRUE,"fabin3",0.960051736021774,TRUE,FALSE,FALSE,0.106000000000002
13,"fresh","ernst","regression_sphere","standardized","port-nls","fabin3",1,TRUE,TRUE,"fabin3",0.0292043978466901,TRUE,FALSE,FALSE,0.00699999999999967
13,"fresh","ernst","regression_sphere","standardized","port-nls","shared",2,TRUE,TRUE,"fabin3",0.0292043978466901,TRUE,FALSE,FALSE,0.0139999999999993
13,"fresh","ernst","regression_sphere","standardized","port-nls","signed",4,TRUE,TRUE,"signed_1_1",0.0292043978466901,TRUE,FALSE,FALSE,0.0759999999999987
13,"fresh","ernst","regression_sphere","standardized","port-nls","all",6,TRUE,TRUE,"fabin3",0.0292043978466901,TRUE,FALSE,FALSE,0.0899999999999981
14,"fresh","ernst","regression_sphere","standardized","port-nls","fabin3",1,TRUE,TRUE,"fabin3",0.0364591135938131,TRUE,FALSE,FALSE,0.00900000000000034
14,"fresh","ernst","regression_sphere","standardized","port-nls","shared",2,TRUE,TRUE,"layered",0.0364591135938131,TRUE,FALSE,FALSE,0.0150000000000006
14,"fresh","ernst","regression_sphere","standardized","port-nls","signed",4,TRUE,TRUE,"signed_1_1",0.0364591135938131,TRUE,FALSE,FALSE,0.0709999999999997
14,"fresh","ernst","regression_sphere","standardized","port-nls","all",6,TRUE,TRUE,"layered",0.0364591135938131,TRUE,FALSE,FALSE,0.0860000000000003
15,"fresh","ernst","regression_sphere","standardized","port-nls","fabin3",1,TRUE,TRUE,"fabin3",0.322666659040069,TRUE,FALSE,FALSE,0.00699999999999967
15,"fresh","ernst","regression_sphere","standardized","port-nls","shared",2,TRUE,TRUE,"fabin3",0.322666659040069,TRUE,FALSE,FALSE,0.0139999999999993
15,"fresh","ernst","regression_sphere","standardized","port-nls","signed",4,TRUE,TRUE,"signed_1_1",0.322666659040069,TRUE,FALSE,FALSE,0.0720000000000027
15,"fresh","ernst","regression_sphere","standardized","port-nls","all",6,TRUE,TRUE,"signed_1_1",0.322666659040069,TRUE,FALSE,FALSE,0.0860000000000021
16,"fresh","weak_marker","regression_sphere","standardized","port-nls","fabin3",1,TRUE,TRUE,"fabin3",0.153784600963547,FALSE,FALSE,FALSE,0.0340000000000007
16,"fresh","weak_marker","regression_sphere","standardized","port-nls","shared",2,TRUE,TRUE,"layered",0.15285952904256,TRUE,FALSE,FALSE,0.043000000000001
16,"fresh","weak_marker","regression_sphere","standardized","port-nls","signed",4,TRUE,TRUE,"signed_-1_1",0.15285952904256,TRUE,FALSE,FALSE,0.0680000000000014
16,"fresh","weak_marker","regression_sphere","standardized","port-nls","all",6,TRUE,TRUE,"layered",0.15285952904256,TRUE,FALSE,FALSE,0.111000000000002
17,"fresh","weak_marker","regression_sphere","standardized","port-nls","fabin3",1,TRUE,TRUE,"fabin3",0.0266490580680755,TRUE,FALSE,FALSE,0.0080000000000009
17,"fresh","weak_marker","regression_sphere","standardized","port-nls","shared",2,TRUE,TRUE,"layered",0.0266490580680755,TRUE,FALSE,FALSE,0.0130000000000017
17,"fresh","weak_marker","regression_sphere","standardized","port-nls","signed",4,TRUE,TRUE,"signed_1_1",0.0266490580680755,TRUE,FALSE,FALSE,0.0829999999999984
17,"fresh","weak_marker","regression_sphere","standardized","port-nls","all",6,TRUE,TRUE,"layered",0.0266490580680755,TRUE,FALSE,FALSE,0.0960000000000001
18,"fresh","weak_marker","regression_sphere","standardized","port-nls","fabin3",1,TRUE,TRUE,"fabin3",0.00559976733984344,TRUE,FALSE,FALSE,0.0220000000000002
18,"fresh","weak_marker","regression_sphere","standardized","port-nls","shared",2,TRUE,TRUE,"fabin3",0.00559976733984344,TRUE,FALSE,FALSE,0.0280000000000005
18,"fresh","weak_marker","regression_sphere","standardized","port-nls","signed",4,TRUE,TRUE,"signed_-1_-1",0.00559976733984344,TRUE,FALSE,FALSE,0.0580000000000016
18,"fresh","weak_marker","regression_sphere","standardized","port-nls","all",6,TRUE,TRUE,"fabin3",0.00559976733984344,TRUE,FALSE,FALSE,0.0860000000000021
19,"fresh","weak_marker","regression_sphere","standardized","port-nls","fabin3",1,TRUE,TRUE,"fabin3",0.176354287889988,TRUE,FALSE,FALSE,0.00900000000000034
19,"fresh","weak_marker","regression_sphere","standardized","port-nls","shared",2,TRUE,TRUE,"fabin3",0.176354287889988,TRUE,FALSE,FALSE,0.0119999999999969
19,"fresh","weak_marker","regression_sphere","standardized","port-nls","signed",4,TRUE,TRUE,"signed_1_1",0.176354287889992,TRUE,FALSE,FALSE,0.0820000000000007
19,"fresh","weak_marker","regression_sphere","standardized","port-nls","all",6,TRUE,TRUE,"fabin3",0.176354287889988,TRUE,FALSE,FALSE,0.0939999999999976
20,"fresh","weak_marker","regression_sphere","standardized","port-nls","fabin3",1,TRUE,TRUE,"fabin3",37.7009602392821,FALSE,FALSE,FALSE,0.0199999999999996
20,"fresh","weak_marker","regression_sphere","standardized","port-nls","shared",2,TRUE,TRUE,"layered",37.6844752709281,FALSE,FALSE,FALSE,0.041999999999998
20,"fresh","weak_marker","regression_sphere","standardized","port-nls","signed",4,TRUE,TRUE,"signed_-1_1",8.84959865552818,TRUE,FALSE,FALSE,0.0630000000000024
20,"fresh","weak_marker","regression_sphere","standardized","port-nls","all",6,TRUE,TRUE,"signed_-1_1",8.84959865552818,TRUE,FALSE,FALSE,0.105
21,"fresh","weak_marker","regression_sphere","standardized","port-nls","fabin3",1,TRUE,TRUE,"fabin3",0.0956514572606525,TRUE,FALSE,FALSE,0.014999999999997
21,"fresh","weak_marker","regression_sphere","standardized","port-nls","shared",2,TRUE,TRUE,"fabin3",0.0956514572606525,TRUE,FALSE,FALSE,0.0189999999999948
21,"fresh","weak_marker","regression_sphere","standardized","port-nls","signed",4,TRUE,TRUE,"signed_-1_1",0.0956514572606525,TRUE,FALSE,FALSE,0.103000000000002
21,"fresh","weak_marker","regression_sphere","standardized","port-nls","all",6,TRUE,TRUE,"fabin3",0.0956514572606525,TRUE,FALSE,FALSE,0.121999999999996
22,"fresh","weak_marker","regression_sphere","standardized","port-nls","fabin3",1,TRUE,TRUE,"fabin3",0.112197378718293,TRUE,FALSE,FALSE,0.0180000000000007
22,"fresh","weak_marker","regression_sphere","standardized","port-nls","shared",2,TRUE,TRUE,"layered",0.112197378718287,TRUE,FALSE,FALSE,0.0210000000000008
22,"fresh","weak_marker","regression_sphere","standardized","port-nls","signed",4,TRUE,TRUE,"signed_-1_1",0.112197378718279,TRUE,FALSE,FALSE,0.114999999999995
22,"fresh","weak_marker","regression_sphere","standardized","port-nls","all",6,TRUE,TRUE,"signed_-1_1",0.112197378718279,TRUE,FALSE,FALSE,0.135999999999996
23,"fresh","weak_marker","regression_sphere","standardized","port-nls","fabin3",1,TRUE,TRUE,"fabin3",0.867142842926239,FALSE,FALSE,FALSE,0.0350000000000001
23,"fresh","weak_marker","regression_sphere","standardized","port-nls","shared",2,TRUE,TRUE,"fabin3",0.867142842926239,FALSE,FALSE,FALSE,0.0570000000000022
23,"fresh","weak_marker","regression_sphere","standardized","port-nls","signed",4,TRUE,TRUE,"signed_1_1",0.105936548914213,TRUE,FALSE,FALSE,0.0519999999999996
23,"fresh","weak_marker","regression_sphere","standardized","port-nls","all",6,TRUE,TRUE,"signed_1_1",0.105936548914213,TRUE,FALSE,FALSE,0.109000000000002
24,"fresh","weak_marker","regression_sphere","standardized","port-nls","fabin3",1,TRUE,TRUE,"fabin3",0.511447827660132,FALSE,FALSE,FALSE,0.0289999999999999
24,"fresh","weak_marker","regression_sphere","standardized","port-nls","shared",2,TRUE,TRUE,"layered",0.511261872555184,FALSE,FALSE,FALSE,0.0650000000000013
24,"fresh","weak_marker","regression_sphere","standardized","port-nls","signed",4,TRUE,TRUE,"signed_-1_1",0.0236720825303504,TRUE,FALSE,FALSE,0.0820000000000043
24,"fresh","weak_marker","regression_sphere","standardized","port-nls","all",6,TRUE,TRUE,"signed_-1_1",0.0236720825303504,TRUE,FALSE,FALSE,0.147000000000006
25,"fresh","weak_marker","regression_sphere","standardized","port-nls","fabin3",1,TRUE,TRUE,"fabin3",0.22156722757831,TRUE,FALSE,FALSE,0.0109999999999992
25,"fresh","weak_marker","regression_sphere","standardized","port-nls","shared",2,TRUE,TRUE,"fabin3",0.22156722757831,TRUE,FALSE,FALSE,0.0159999999999982
25,"fresh","weak_marker","regression_sphere","standardized","port-nls","signed",4,TRUE,TRUE,"signed_1_1",0.22156722757831,TRUE,FALSE,FALSE,0.0810000000000031
25,"fresh","weak_marker","regression_sphere","standardized","port-nls","all",6,TRUE,TRUE,"fabin3",0.22156722757831,TRUE,FALSE,FALSE,0.0970000000000013
