point_id,case_id,source_case,role,estimator,target,reference_distance,reference_hessian_positive,retained_reference_distance,retained_interval_covers,matrix_forward_error,vector_forward_error,construction_comparable,construction_allowance_covers,conditional_interval_covers,conditional_wrong_decision,actual_wrong_decision,retained_decision,conditional_decision,actual_passed,retained_upper,conditional_upper,derived_status,derived_decision,derived_curvature_error,derived_vector_error,derived_bounds_covers,derived_curvature_lower_covers,derived_interval_covers,derived_wrong_decision,derived_curvature_lower_bound
1,1,1,retained_ULS,ULS,0,0.000000000000015760253772692931590457713678790470089604243035350129953584771878308187933552500948907983,True,0.000000000155274480813303591338390450645499129519011779471505290744099555039385582862230709260183882,True,0.000000000000000610298419177227003975896427071296230988309635407908134908832734489039170629780212108443185,0.0000000000000050966724635356763309524344695805420445987053661287787425242864028041071655342246266491663,True,True,True,False,False,within_budget,unresolved,FALSE,4.9205885814088263e-06,0.01654986042454162,available,within_budget,0.0000000322028986596756943351897622229138857432422671708306607548849983663445526195163341437284316,0.0000000000000050966724635356763309524344695805420445987053661287787425242864028041071655342246266491663,True,True,True,False,0.076447745508440176
2,1,1,retained_ULS,ULS,0.0089999999999999993,0.00900000000000077301473175817037005500536787973256739368039470237551551329156609362795372496,True,0.00900000009419947709698095529226921288715395973623065646225840055051402936326770046203361496,True,0.000000000000000610298419177227003975896427071296230988309635407908134908832734489039170629780212108443185,0.00000000000000514395327598307842166916305378110255147930335134591806768333548940699545785884054679952178,True,True,True,False,False,within_budget,unresolved,FALSE,0.0090049133486007939,0.025550029151016149,available,within_budget,0.0000000322028986596756943351897622229138857432422671708306607548849983663445526195163341437284316,0.00000000000000514395327598307842166916305378110255147930335134591806768333548940699545785884054679952178,True,True,True,False,0.076447745508440176
3,1,1,retained_ULS,ULS,0.0099900000000000006,0.0099900000000005766989259083143256444771557257303724818618627087051890332367228043899504927,True,0.00999000009423579851678895881720701053422249723146289794560298074122520443379713176019623948,True,0.000000000000000610298419177227003975896427071296230988309635407908134908832734489039170629780212108443185,0.00000000000000517947684990329105093413036274867162691924109716914672423767578820586646257766342883629016,True,True,True,False,False,within_budget,unresolved,FALSE,0.00999491335683487,0.02654004924610024,available,within_budget,0.0000000322028986596756943351897622229138857432422671708306607548849983663445526195163341437284316,0.00000000000000517947684990329105093413036274867162691924109716914672423767578820586646257766342883629016,True,True,True,False,0.076447745508440176
4,1,1,retained_ULS,ULS,0.01,0.010000000000000913655636226255578363823654505836987109019723485773660296789568833027975089,True,0.0100000000942365115002833096159091799264065561625115815580318307687247692384400510940588015,True,0.000000000000000610298419177227003975896427071296230988309635407908134908832734489039170629780212108443185,0.00000000000000522450298135803384793339969368714128209921203444637665528811913788078133071119994191329929,True,True,True,False,False,unresolved,unresolved,FALSE,0.010004913356918934,0.02655004944982043,available,unresolved,0.0000000322028986596756943351897622229138857432422671708306607548849983663445526195163341437284316,0.00000000000000522450298135803384793339969368714128209921203444637665528811913788078133071119994191329929,True,True,True,False,0.076447745508440176
5,1,1,retained_ULS,ULS,0.01001,0.010010000000000661927607468303810737338493003937964434809783069107230835976867523877675887,True,0.0100100000942372329707956588179028187976841315904175143756617070691685303847181449740053101,True,0.000000000000000610298419177227003975896427071296230988309635407908134908832734489039170629780212108443185,0.00000000000000527462548049279245322959436379941335305552336892878830515757989005767228354162435044789663,True,True,True,False,False,above_budget,unresolved,FALSE,0.010014913357002501,0.026560049653554893,available,above_budget,0.0000000322028986596756943351897622229138857432422671708306607548849983663445526195163341437284316,0.00000000000000527462548049279245322959436379941335305552336892878830515757989005767228354162435044789663,True,True,True,False,0.076447745508440176
6,1,1,retained_ULS,ULS,0.010999999999999999,0.0110000000000004656118016186981626460214735443375193444801916356017123194427724907033755163,True,0.0110000000942735586802332329395060804473069115009078891802958945889986390589537051998319543,True,0.000000000000000610298419177227003975896427071296230988309635407908134908832734489039170629780212108443185,0.00000000000000507090636640771089888510993638034460864465461673953681309592110842301090541449579613026024,True,True,True,False,False,above_budget,unresolved,FALSE,0.011004913365280715,0.027550069896397945,available,above_budget,0.0000000322028986596756943351897622229138857432422671708306607548849983663445526195163341437284316,0.00000000000000507090636640771089888510993638034460864465461673953681309592110842301090541449579613026024,True,True,True,False,0.076447745508440176
7,1,1,retained_ULS,ULS,0.02,0.0200000000000005540104636870037646448797361191873782683510127487426538736378025502555332075,True,0.0200000000946104021262329739415748010506085423047084170562883205189065676304471093183687226,True,0.000000000000000610298419177227003975896427071296230988309635407908134908832734489039170629780212108443185,0.00000000000000518317505012787545734747747831030347997853945473002119849898606713281376085855445112225235,True,True,True,False,False,above_budget,unresolved,FALSE,0.020004913442517397,0.036550260565316316,available,above_budget,0.0000000322028986596756943351897622229138857432422671708306607548849983663445526195163341437284316,0.00000000000000518317505012787545734747747831030347997853945473002119849898606713281376085855445112225235,True,True,True,False,0.076447745508440176
8,2,2,retained_ULS,ULS,0,0.000000000000000946874869356146799802460779609714865333227017921011378195257682464394860309187064595564815,True,0.000000000138435036390434840452587067993221781485429750586534110046671038422935417392961281104088446,True,0.000000000000000798617575132695882189466730132747075976029724800068853489541600980330033258527612317986524,0.0000000000000256164370483033763937007873301856288144847954682899642012224299278166451667810216850564915,True,True,True,False,False,within_budget,within_budget,FALSE,4.9981737444922035e-06,0.0096695910458271684,available,within_budget,0.000000181180724138799612500123581336844175928799473025819976287969304087456626445118781064854647,0.0000000000000256164370483033763937007873301856288144847954682899642012224299278166451667810216850564915,True,True,True,False,0.066851263550826087
9,2,2,retained_ULS,ULS,0.0089999999999999993,0.0090000000000001388975328630548880383964934671139768842339781347792836795314683596005160714,True,0.00899999991505860753356198881334460048977219050658229855384128113124885793758021469026039935,True,0.000000000000000798617575132695882189466730132747075976029724800068853489541600980330033258527612317986524,0.0000000000000254888247804111424913915536631735805412074087753856667985304782161671631899587643529297157,True,True,True,False,False,within_budget,unresolved,FALSE,0.0090048144396369482,0.018672330435077988,available,within_budget,0.000000181180724138799612500123581336844175928799473025819976287969304087456626445118781064854647,0.0000000000000254888247804111424913915536631735805412074087753856667985304782161671631899587643529297157,True,True,True,False,0.066851263550826087
10,2,2,retained_ULS,ULS,0.0099900000000000006,0.00999000000000050510545336775997235721008526859660217549916915031808749977233581359642826845,True,0.00998999991505351409094607790966607173790925869445271672006579048671173117476728842626692572,True,0.000000000000000798617575132695882189466730132747075976029724800068853489541600980330033258527612317986524,0.0000000000000255293110674950382135807368712018555285430929176577245958170866884966854155873270090484465,True,True,True,False,False,within_budget,unresolved,FALSE,0.0099948146008882587,0.019662654017751753,available,within_budget,0.000000181180724138799612500123581336844175928799473025819976287969304087456626445118781064854647,0.0000000000000255293110674950382135807368712018555285430929176577245958170866884966854155873270090484465,True,True,True,False,0.066851263550826087
11,2,2,retained_ULS,ULS,0.01,0.0100000000000001314696163227364214731598654538650167128543170279694701003945192640914939882,True,0.00999999991505235891574946973441107664800976471559018433770859326007063572063466649947394561,True,0.000000000000000798617575132695882189466730132747075976029724800068853489541600980330033258527612317986524,0.0000000000000256390992827046085644847398337035814503551876863062734433810270803144967674753388400911131,True,True,True,False,False,unresolved,unresolved,FALSE,0.010004814602516841,0.01967265728816147,available,unresolved,0.000000181180724138799612500123581336844175928799473025819976287969304087456626445118781064854647,0.0000000000000256390992827046085644847398337035814503551876863062734433810270803144967674753388400911131,True,True,True,False,0.066851263550826087
12,2,2,retained_ULS,ULS,0.01001,0.0100100000000004762213905846751224464911522902610686634622726205538214310638433515186232443,True,0.0100099999150526285177022748635849423821309270128209042180221870313832365385409379167507536,True,0.000000000000000798617575132695882189466730132747075976029724800068853489541600980330033258527612317986524,0.0000000000000255003415968675038346496851639005789058841115825815711660277697370880777204583812361360541,True,True,True,False,False,above_budget,unresolved,FALSE,0.010014814604147021,0.019682660558610746,available,above_budget,0.000000181180724138799612500123581336844175928799473025819976287969304087456626445118781064854647,0.0000000000000255003415968675038346496851639005789058841115825815711660277697370880777204583812361360541,True,True,True,False,0.066851263550826087
13,2,2,retained_ULS,ULS,0.010999999999999999,0.0110000000000001240416997824188177760616581575029373819522615023938269444914341484386740682,True,0.0109999999150461057920623507283674217885885784228362773779898894638535654908272311263642901,True,0.000000000000000798617575132695882189466730132747075976029724800068853489541600980330033258527612317986524,0.000000000000025494217808880623829287972104530624597851111268281421041442226017955575982260131078622988,True,True,True,False,False,above_budget,unresolved,FALSE,0.011004814765597034,0.020672984521048297,available,above_budget,0.000000181180724138799612500123581336844175928799473025819976287969304087456626445118781064854647,0.000000000000025494217808880623829287972104530624597851111268281421041442226017955575982260131078622988,True,True,True,False,0.066851263550826087
14,2,2,retained_ULS,ULS,0.02,0.0200000000000000571904509195778575819808122269019699078313656220458703287818103820973688824,True,0.0199999999149898261234657484328321753675642873911919750180829279568002382544333768196999722,True,0.000000000000000798617575132695882189466730132747075976029724800068853489541600980330033258527612317986524,0.0000000000000255484235655126365397617929391780521202161996871294706157426406151284557456383561050806895,True,True,True,False,False,above_budget,above_budget,FALSE,0.020004816242115888,0.029675946701594392,available,above_budget,0.000000181180724138799612500123581336844175928799473025819976287969304087456626445118781064854647,0.0000000000000255484235655126365397617929391780521202161996871294706157426406151284557456383561050806895,True,True,True,False,0.066851263550826087
15,3,3,retained_ULS,ULS,0,0.00000000000000126639689192067537117706594364039210279370878965252261284292495910447067693733072650684104,True,0.00000000120037973080634161803997101408383637562985099671788257609643352369427791736064732619592534,True,0.000000000000000934925832570140058233146240197108284439525044857652735631604976818296954338563130647510757,0.00000000000000443200657717861863348011111739234569787369997571242166822841327130025968894222757785342818,True,True,True,False,False,within_budget,within_budget,FALSE,1.2123874670319579e-06,0.0028555524562377701,available,within_budget,0.00000000235938044131845301766786707761806793281335390388283251109586001033207939811712818964545492,0.00000000000000443200657717861863348011111739234569787369997571242166822841327130025968894222757785342818,True,True,True,False,0.076922392276933288
16,3,3,retained_ULS,ULS,0.0089999999999999993,0.00899999999999932522119694498626014494477040271951580962443726530448632338874869080981260713,True,0.00900000072533527601774873853240689036934965408305996779802937092129418671420293157011649723,True,0.000000000000000934925832570140058233146240197108284439525044857652735631604976818296954338563130647510757,0.00000000000000557812581262970283418596511403722521069398244022061235030761954320852263278405392736068912,True,True,True,False,False,within_budget,unresolved,FALSE,0.0090012118952730695,0.011855369656087559,available,within_budget,0.00000000235938044131845301766786707761806793281335390388283251109586001033207939811712818964545492,0.00000000000000557812581262970283418596511403722521069398244022061235030761954320852263278405392736068912,True,True,True,False,0.076922392276933288
17,3,3,retained_ULS,ULS,0.0099900000000000006,0.00998999999999980203841860977053706424779696304417402245598121669854957072503758403358993197,True,0.00999000072532381885732267354610250237690289319025698864546986719113862448708206645817761312,True,0.000000000000000934925832570140058233146240197108284439525044857652735631604976818296954338563130647510757,0.00000000000000490828747158953937821815765589760884602645703003151835725879456436790248662121699384340639,True,True,True,False,False,within_budget,unresolved,FALSE,0.0099912118867812663,0.012845349658444879,available,within_budget,0.00000000235938044131845301766786707761806793281335390388283251109586001033207939811712818964545492,0.00000000000000490828747158953937821815765589760884602645703003151835725879456436790248662121699384340639,True,True,True,False,0.076922392276933288
18,3,3,retained_ULS,ULS,0.01,0.0100000000000009290955972418385911237734357800742417432678111406040595146949590688576298509,True,0.0100000007253248173415838411515959606343266472508146494497911515887343098441096010627021748,True,0.000000000000000934925832570140058233146240197108284439525044857652735631604976818296954338563130647510757,0.00000000000000395466965223217154549098138945416358811321994531805283104070248114247527854480716746541564,True,True,True,False,False,unresolved,unresolved,FALSE,0.010001211886696381,0.012855349456514828,available,unresolved,0.00000000235938044131845301766786707761806793281335390388283251109586001033207939811712818964545492,0.00000000000000395466965223217154549098138945416358811321994531805283104070248114247527854480716746541564,True,True,True,False,0.076922392276933288
19,3,3,retained_ULS,ULS,0.01001,0.0100099999999998776852569933193472484880686644971398406239572348441855596380207017402413362,True,0.0100100007253236539466729955529277053041772528325033786659653204157321698070628951565855124,True,0.000000000000000934925832570140058233146240197108284439525044857652735631604976818296954338563130647510757,0.00000000000000422471231624714151378426356539781953935729306246764262434686938912342228155896165287031834,True,True,True,False,False,above_budget,unresolved,FALSE,0.010011211886609589,0.012865349254584177,available,above_budget,0.00000000235938044131845301766786707761806793281335390388283251109586001033207939811712818964545492,0.00000000000000422471231624714151378426356539781953935729306246764262434686938912342228155896165287031834,True,True,True,False,0.076922392276933288
20,3,3,retained_ULS,ULS,0.010999999999999999,0.0110000000000003545024786581052242782160981149385527059366088768312596249068452720889075191,True,0.0110000007253122091722480018769238021706184182187714038663940689757567167163197643167765566,True,0.000000000000000934925832570140058233146240197108284439525044857652735631604976818296954338563130647510757,0.00000000000000439786794331198977172173906403507041869839935737479323921110412720959439075759624290057573,True,True,True,False,False,above_budget,unresolved,FALSE,0.01100121187812326,0.013855329270035391,available,above_budget,0.00000000235938044131845301766786707761806793281335390388283251109586001033207939811712818964545492,0.00000000000000439786794331198977172173906403507041869839935737479323921110412720959439075759624290057573,True,True,True,False,0.076922392276933288
21,3,3,retained_ULS,ULS,0.02,0.0199999999999995400994491657119242989240749263365501478527571320096291304733355002643973704,True,0.0200000007252029231917448716528925939544624476996448229163432130611924281988219252803928379,True,0.000000000000000934925832570140058233146240197108284439525044857652735631604976818296954338563130647510757,0.00000000000000430350437002562401865863431568108081495024397814339288881448534295682919582103262285115079,True,True,True,False,False,above_budget,above_budget,FALSE,0.02000121180121997,0.022855148181058778,available,above_budget,0.00000000235938044131845301766786707761806793281335390388283251109586001033207939811712818964545492,0.00000000000000430350437002562401865863431568108081495024397814339288881448534295682919582103262285115079,True,True,True,False,0.076922392276933288
22,4,4,retained_ULS,ULS,0,0.00000000000000859724154200901680011509916730932537460584367653235914414048589582934576191497914907902191,True,0.0000000009444560841734120205237185169710925075461243682250691928743749949311908214390231805226562,True,0.000000000000000869511929653533958974913343562812394024297383062640718299115810194294947887621805304144619,0.0000000000000262423286902607591499272534762976906410275839663556914141127456994847431467210341113986323,True,True,True,False,False,within_budget,unresolved,FALSE,5.822826339434352e-06,0.01612644174938611,available,within_budget,0.00000000875754193235115452189699275315478288278876294842099142618518540186941973852577182765691982,0.0000000000000262423286902607591499272534762976906410275839663556914141127456994847431467210341113986323,True,True,True,False,0.069823330957547891
23,4,4,retained_ULS,ULS,0.0089999999999999993,0.00900000000000013472116345591205066566778952979759599678890996852314875825072238110122699696,True,0.00900000057112370096544203579675681478967435662439833142013783413345751612910860634399496294,True,0.000000000000000869511929653533958974913343562812394024297383062640718299115810194294947887621805304144619,0.0000000000000327795636242336527843422874193757165596968221050693474279503188296191456717211877272733377,True,True,True,False,False,within_budget,unresolved,FALSE,0.009005821722409579,0.025127540447895773,available,within_budget,0.00000000875754193235115452189699275315478288278876294842099142618518540186941973852577182765691982,0.0000000000000327795636242336527843422874193757165596968221050693474279503188296191456717211877272733377,True,True,True,False,0.069823330957547891
24,4,4,retained_ULS,ULS,0.0099900000000000006,0.00999000000000108161364628871206436938940978774818276462282213915691636654035972195873972423,True,0.00999000057112613052220631773436612983945307965378440177089864451184698165325252997529902793,True,0.000000000000000869511929653533958974913343562812394024297383062640718299115810194294947887621805304144619,0.0000000000000257023915319251293448305449178319696055846596070368761060622475592175920555071322188028702,True,True,True,False,False,within_budget,unresolved,FALSE,0.0099958217660319829,0.026117661480757108,available,unresolved,0.00000000875754193235115452189699275315478288278876294842099142618518540186941973852577182765691982,0.0000000000000257023915319251293448305449178319696055846596070368761060622475592175920555071322188028702,True,True,True,False,0.069823330957547891
25,4,4,retained_ULS,ULS,0.01,0.0100000000000009835009047329755222470660949484643382835814555496353052359240235113861492382,True,0.0100000005711253746728936022360451452752549383353510707975698003832267981837360599786624701,True,0.000000000000000869511929653533958974913343562812394024297383062640718299115810194294947887621805304144619,0.0000000000000314687263732235638688283493522633114306748529894742864776134722096016530923521428382274714,True,True,True,False,False,unresolved,unresolved,FALSE,0.010005821766469494,0.026127662703319236,available,unresolved,0.00000000875754193235115452189699275315478288278876294842099142618518540186941973852577182765691982,0.0000000000000314687263732235638688283493522633114306748529894742864776134722096016530923521428382274714,True,True,True,False,0.069823330957547891
26,4,4,retained_ULS,ULS,0.01001,0.0100100000000008853881631772389865201249188279134105043952343896979175590439949725485487912,True,0.0100100005711259010419936730721453735512228922778708518731939070207394272915888531096217305,True,0.000000000000000869511929653533958974913343562812394024297383062640718299115810194294947887621805304144619,0.0000000000000321149767890119385100833232495573631108464978506350791951229340464236292313288103333744821,True,True,True,False,False,above_budget,unresolved,FALSE,0.010015821766912077,0.026137663925886657,available,unresolved,0.00000000875754193235115452189699275315478288278876294842099142618518540186941973852577182765691982,0.0000000000000321149767890119385100833232495573631108464978506350791951229340464236292313288103333744821,True,True,True,False,0.069823330957547891
27,4,4,retained_ULS,ULS,0.010999999999999999,0.0110000000000018322806460101035935834489765426875955304241425032591485817543623288806260648,True,0.0110000005711278741715135927672221806294544838007470747473214199641627417932410854151952124,True,0.000000000000000869511929653533958974913343562812394024297383062640718299115810194294947887621805304144619,0.0000000000000331910314477978071416579277975030163501299123927572952515257351585395094733029348734771005,True,True,True,False,False,above_budget,unresolved,FALSE,0.011005821810533972,0.02712778496096558,available,above_budget,0.00000000875754193235115452189699275315478288278876294842099142618518540186941973852577182765691982,0.0000000000000331910314477978071416579277975030163501299123927572952515257351585395094733029348734771005,True,True,True,False,0.069823330957547891
28,4,4,retained_ULS,ULS,0.02,0.0199999999999988112444206548114870592341561733165867236717840501479543057736929383583232144,True,0.0200000005711337965727975153168532993836438042614818672889526193706872164497519983767969085,True,0.000000000000000869511929653533958974913343562812394024297383062640718299115810194294947887621805304144619,0.0000000000000270878021500120637319722957591588377689736390871758090176451226020859962843743626567352877,True,True,True,False,False,above_budget,unresolved,FALSE,0.020005822207126042,0.036128885379610197,available,above_budget,0.00000000875754193235115452189699275315478288278876294842099142618518540186941973852577182765691982,0.0000000000000270878021500120637319722957591588377689736390871758090176451226020859962843743626567352877,True,True,True,False,0.069823330957547891
29,5,5,retained_ULS,ULS,0,0.00000000000000151383609051963326380591495184395601994350709732399605090353280291308662182830479552779922,True,0.0000000000868481308155351381003273645736582647873585429118573437124640961955540244452753699295816981,True,0.000000000000000713951018775022323280888151928193463937547486851928627927255649718533577051641119296969313,0.00000000000000378487733170695862000046330994868214224498899709814627493483641627514877513119302929166241,True,True,True,False,False,within_budget,unresolved,FALSE,5.7938649405952685e-06,0.022288200622884096,available,within_budget,0.0000000608640218397481603024655246922196889290805496580733561119495442341084977319153172169027983,0.00000000000000378487733170695862000046330994868214224498899709814627493483641627514877513119302929166241,True,True,True,False,0.073127054622626766
30,5,5,retained_ULS,ULS,0.0089999999999999993,0.0089999999999987616964224148391575688305422402232121432883294022152068359277169864094945195,True,0.00899999994999215424902794012060768145869642498883956168772700534904358033107750193120179465,True,0.000000000000000713951018775022323280888151928193463937547486851928627927255649718533577051641119296969313,0.00000000000000299294641147328786571166166551318074610842149375691084215687983414183697392845849929539997,True,True,True,False,False,within_budget,unresolved,FALSE,0.0090057939661046561,0.031289022353148545,available,within_budget,0.0000000608640218397481603024655246922196889290805496580733561119495442341084977319153172169027983,0.00000000000000299294641147328786571166166551318074610842149375691084215687983414183697392845849929539997,True,True,True,False,0.073127054622626766
31,5,5,retained_ULS,ULS,0.0099900000000000006,0.00998999999999848436756129486582300023012036695195324933493768773246296585004115804182006372,True,0.00998999994998286182201436134007695616364498394834227650330811515586696176661912257294889983,True,0.000000000000000713951018775022323280888151928193463937547486851928627927255649718533577051641119296969313,0.0000000000000034506989701820702084594051970509067811136024779439105398005170166935789462479013333540718,True,True,True,False,False,within_budget,unresolved,FALSE,0.0099957939898603701,0.03227911377399903,available,unresolved,0.0000000608640218397481603024655246922196889290805496580733561119495442341084977319153172169027983,0.0000000000000034506989701820702084594051970509067811136024779439105398005170166935789462479013333540718,True,True,True,False,0.073127054622626766
32,5,5,retained_ULS,ULS,0.01,0.00999999999999936439178738610628396705665353678174824071884214334925015701674390181324758753,True,0.00999999994998365072199212502979714684210494942127659052493464538637049931388395659521137212,True,0.000000000000000713951018775022323280888151928193463937547486851928627927255649718533577051641119296969313,0.00000000000000332383789902984180991112583205692343522552448357951636971469152134897683620936606613429855,True,True,True,False,False,unresolved,unresolved,FALSE,0.010005793990101474,0.032289114698472274,available,unresolved,0.0000000608640218397481603024655246922196889290805496580733561119495442341084977319153172169027983,0.00000000000000332383789902984180991112583205692343522552448357951636971469152134897683620936606613429855,True,True,True,False,0.073127054622626766
33,5,5,retained_ULS,ULS,0.01001,0.0100099999999991093546206961418327903363772017333390184370976160317456619127650108379835614,True,0.0100099999499832965330250530412928917654832409010463849186385106357894371779408169673657096,True,0.000000000000000713951018775022323280888151928193463937547486851928627927255649718533577051641119296969313,0.00000000000000349089595268138933276971436778124453257267348273269276029790010348951751183341103788218148,True,True,True,False,False,above_budget,unresolved,FALSE,0.010015793990341321,0.032299115622964843,available,unresolved,0.0000000608640218397481603024655246922196889290805496580733561119495442341084977319153172169027983,0.00000000000000349089595268138933276971436778124453257267348273269276029790010348951751183341103788218148,True,True,True,False,0.073127054622626766
34,5,5,retained_ULS,ULS,0.010999999999999999,0.0109999999999988320257595761698284208154041601561989521677318489724479976616559109604418014,True,0.0109999999499739991396199546097533947530301048140011943844801388172191973773992905877171706,True,0.000000000000000713951018775022323280888151928193463937547486851928627927255649718533577051641119296969313,0.00000000000000355075311862925147034291273472688128915558060380994327290754451736944302336023645516299616,True,True,True,False,False,above_budget,unresolved,FALSE,0.011005794014150527,0.033289207249679827,available,above_budget,0.0000000608640218397481603024655246922196889290805496580733561119495442341084977319153172169027983,0.00000000000000355075311862925147034291273472688128915558060380994327290754451736944302336023645516299616,True,True,True,False,0.073127054622626766
35,5,5,retained_ULS,ULS,0.02,0.0199999999999985809770804115883168039850509373979947511711560269993351185490436978470549418,True,0.0199999999498917577666309384311406689571113792912230143116138786980978783665179501774765716,True,0.000000000000000713951018775022323280888151928193463937547486851928627927255649718533577051641119296969313,0.00000000000000360138513416619612444691735521738707407967401288694979001622496510578666404742526998663538,True,True,True,False,False,above_budget,unresolved,FALSE,0.020005794233005893,0.042290049474958326,available,above_budget,0.0000000608640218397481603024655246922196889290805496580733561119495442341084977319153172169027983,0.00000000000000360138513416619612444691735521738707407967401288694979001622496510578666404742526998663538,True,True,True,False,0.073127054622626766
36,6,6,retained_ULS,ULS,0,0.00000000000000189420514441598006276913061690814076817338518520540265076718438227841446325039920142707486,True,0.000000000013808161472204655893326767815992081259539309175156777167997845535009216261195660902092156,True,0.000000000000000596002193399540269696981039742887762602978859877116129967469824978746912353808778568317304,0.00000000000000330651819951232800490262986851252621067326773093585078002464699217645623093763854277563641,True,True,True,False,False,within_budget,unresolved,FALSE,2.083451056613245e-05,0.071241295070321148,available,within_budget,0.00000331105075893915026586291519732648796743446878231063035152863585486861011747212773967658132,0.00000000000000330651819951232800490262986851252621067326773093585078002464699217645623093763854277563641,True,True,True,False,0.076919282856243221
37,6,6,retained_ULS,ULS,0.0089999999999999993,0.00900000000000024023300098909166365947050730713258291147608336438025592540729650496257977883,True,0.00900000000536897415587909393829897491712141780324240265032203321307660835654530518841918036,True,0.000000000000000596002193399540269696981039742887762602978859877116129967469824978746912353808778568317304,0.0000000000000034293188748200410032568661159684510929491959993451272536591162083607283102511064385968077,True,True,True,False,False,within_budget,unresolved,FALSE,0.0090205346581736373,0.080257796977663179,available,within_budget,0.00000331105075893915026586291519732648796743446878231063035152863585486861011747212773967658132,0.0000000000000034293188748200410032568661159684510929491959993451272536591162083607283102511064385968077,True,True,True,False,0.076919282856243221
38,6,6,retained_ULS,ULS,0.0099900000000000006,0.00999000000000058122149620340268640326501283002591093475612439365716577341361610867467480179,True,0.00999000000536964762724115394208778303324731806332756275007647232773902256671142924958040607,True,0.000000000000000596002193399540269696981039742887762602978859877116129967469824978746912353808778568317304,0.00000000000000330596603490139932174155894113301262069092108851072384958714697714225571501365719407459441,True,True,True,False,False,unresolved,unresolved,FALSE,0.010010535202139431,0.081249652079408763,available,unresolved,0.00000331105075893915026586291519732648796743446878231063035152863585486861011747212773967658132,0.00000000000000330596603490139932174155894113301262069092108851072384958714697714225571501365719407459441,True,True,True,False,0.076919282856243221
39,6,6,retained_ULS,ULS,0.01,0.00999999999999988339919732898144352284002749122283525852786558797098660863039356031912643991,True,0.0100000000053689380055539681035901593165760997358623863007631428517662493978260090246338545,True,0.000000000000000596002193399540269696981039742887762602978859877116129967469824978746912353808778568317304,0.00000000000000307246988291458841966850811385770925511272842735687598982315230460974146285452507977573659,True,True,True,False,False,unresolved,unresolved,FALSE,0.010020535207636251,0.081259670824245692,available,unresolved,0.00000331105075893915026586291519732648796743446878231063035152863585486861011747212773967658132,0.00000000000000307246988291458841966850811385770925511272842735687598982315230460974146285452507977573659,True,True,True,False,0.076919282856243221
40,6,6,retained_ULS,ULS,0.01001,0.0100100000000002875673124828461697544971032116889526919996180648817703460613324882863827627,True,0.0100100000053693467714635524665580421648502258651774625886608200536964047201423935280719503,True,0.000000000000000596002193399540269696981039742887762602978859877116129967469824978746912353808778568317304,0.00000000000000301910379223911625099414778184229661845805130192036365204484284036977370676406425915910535,True,True,True,False,False,unresolved,unresolved,FALSE,0.010030535213134299,0.081269689569212503,available,unresolved,0.00000331105075893915026586291519732648796743446878231063035152863585486861011747212773967658132,0.00000000000000301910379223911625099414778184229661845805130192036365204484284036977370676406425915910535,True,True,True,False,0.076919282856243221
41,6,6,retained_ULS,ULS,0.010999999999999999,0.0110000000000006285558076971607949349528473325880841734783366298301331263177705893012853207,True,0.0110000000053700050699654412582066508842484508749814195675176065972935854859334849876588583,True,0.000000000000000596002193399540269696981039742887762602978859877116129967469824978746912353808778568317304,0.00000000000000327436341475728817336604966874031237708465751386409648928569698126711332030867961769919198,True,True,True,False,False,above_budget,unresolved,FALSE,0.011020535757685633,0.082261545958028662,available,above_budget,0.00000331105075893915026586291519732648796743446878231063035152863585486861011747212773967658132,0.00000000000000327436341475728817336604966874031237708465751386409648928569698126711332030867961769919198,True,True,True,False,0.076919282856243221
42,6,6,retained_ULS,ULS,0.02,0.0199999999999996210324028128461329212292836428299123302213526813044272569649985451252287006,True,0.0200000000053719627678118690435532200485009207671973433204058884575793050323779672503403212,True,0.000000000000000596002193399540269696981039742887762602978859877116129967469824978746912353808778568317304,0.00000000000000305933760417213702961068725848679220881331133606507716221927856747605031530340228336315991,True,True,True,False,False,above_budget,unresolved,FALSE,0.020020540729067338,0.09127848006385153,available,above_budget,0.00000331105075893915026586291519732648796743446878231063035152863585486861011747212773967658132,0.00000000000000305933760417213702961068725848679220881331133606507716221927856747605031530340228336315991,True,True,True,False,0.076919282856243221
43,7,7,retained_ULS,ULS,0,0.00000000000000163375272067068214673481383094761808816605814369363435294448431888015806208152386174404468,True,0.0000000000977557825309588038879860963776179987389575718806953860014066348255529263303537663102177341,True,0.00000000000000089150010284209060168909183561313373200032435385274513050376823756308337854894620604755792,0.0000000000000201768542710790675075557829309937884365916027002058509788326333909081750016449628055970265,True,True,True,False,False,within_budget,unresolved,FALSE,9.6671195618438501e-06,0.031433201283327938,available,within_budget,0.00000010812570086647356610945124814054382143519277076009727406813047812241346692924571256276498,0.0000000000000201768542710790675075557829309937884365916027002058509788326333909081750016449628055970265,True,True,True,False,0.076919845941269091
44,7,7,retained_ULS,ULS,0.0089999999999999993,0.00899999999999924605923915064800339953156912265259998031213744093768908690458059375820484376,True,0.00900000004581970831979764357357940760569620869524173357290874515416446303596322094503288228,True,0.00000000000000089150010284209060168909183561313373200032435385274513050376823756308337854894620604755792,0.000000000000019190957551497462696387024433413541823083018915492150961832950395822852971658885718861574,True,True,True,False,False,within_budget,unresolved,FALSE,0.0090096677205864246,0.040435398058584746,available,within_budget,0.00000010812570086647356610945124814054382143519277076009727406813047812241346692924571256276498,0.000000000000019190957551497462696387024433413541823083018915492150961832950395822852971658885718861574,True,True,True,False,0.076919845941269091
45,7,7,retained_ULS,ULS,0.0099900000000000006,0.00999000000000083791109806582250416373871201722773732273578985839377677026681342394169151587,True,0.00999000004582202741140737213984422880666180212571657265287099628405371096737685223405978095,True,0.00000000000000089150010284209060168909183561313373200032435385274513050376823756308337854894620604755792,0.000000000000018223901778965477949708525604189647811804634787930330739889871090749273653128567880145019,True,True,True,False,False,within_budget,unresolved,FALSE,0.0099996677949572739,0.041425639876159215,available,unresolved,0.00000010812570086647356610945124814054382143519277076009727406813047812241346692924571256276498,0.000000000000018223901778965477949708525604189647811804634787930330739889871090749273653128567880145019,True,True,True,False,0.076919845941269091
46,7,7,retained_ULS,ULS,0.01,0.00999999999999917887781935951769950751647272320143351638035230423724533408257777378733135341,True,0.010000000045820484594200797498493863229479527938248518601941996551374652719055971039032299,True,0.00000000000000089150010284209060168909183561313373200032435385274513050376823756308337854894620604755792,0.0000000000000196004871558668871192215082685887319399678119577851425435766382656186082250558875761169124,True,True,True,False,False,unresolved,unresolved,FALSE,0.01000966779570696,0.041435642318925291,available,unresolved,0.00000010812570086647356610945124814054382143519277076009727406813047812241346692924571256276498,0.0000000000000196004871558668871192215082685887319399678119577851425435766382656186082250558875761169124,True,True,True,False,0.076919845941269091
47,7,7,retained_ULS,ULS,0.01001,0.010009999999999494084379353681366770238691462086810413955841603740379964655430350910707992,True,0.0100100000458208240084746019549621142651861350130303478149449544364240515132031736308230685,True,0.00000000000000089150010284209060168909183561313373200032435385274513050376823756308337854894620604755792,0.0000000000000171439590758658899942681674958724178176509349687260481372388605857160558511710813104421212,True,True,True,False,False,above_budget,unresolved,FALSE,0.010019667796459271,0.041445644761697306,available,unresolved,0.00000010812570086647356610945124814054382143519277076009727406813047812241346692924571256276498,0.0000000000000171439590758658899942681674958724178176509349687260481372388605857160558511710813104421212,True,True,True,False,0.076919845941269091
48,7,7,retained_ULS,ULS,0.010999999999999999,0.0109999999999991116963995683900692064898535084141123731089364861104332745404749878167114127,True,0.0110000000458212797103713694497526381334279446364979491192097480543554077029355429342478001,True,0.00000000000000089150010284209060168909183561313373200032435385274513050376823756308337854894620604755792,0.0000000000000174586533406984459535256010920728642831486373397521389136615727158783659035293544486828453,True,True,True,False,False,above_budget,unresolved,FALSE,0.011009667870838218,0.042435886612445899,available,above_budget,0.00000010812570086647356610945124814054382143519277076009727406813047812241346692924571256276498,0.0000000000000174586533406984459535256010920728642831486373397521389136615727158783659035293544486828453,True,True,True,False,0.076919845941269091
49,7,7,retained_ULS,ULS,0.02,0.0200000000000004813034601487640083690256481900106069663169723819954640215222047928180637542,True,0.0200000000458293219798260125848980333853578867520224576624654639994438645119898935646207979,True,0.00000000000000089150010284209060168909183561313373200032435385274513050376823756308337854894620604755792,0.0000000000000210115025131267894369575974363957885644646183517856527579014257632859903384116682953212157,True,True,True,False,False,above_budget,unresolved,FALSE,0.020009668547476395,0.051438086747080884,available,above_budget,0.00000010812570086647356610945124814054382143519277076009727406813047812241346692924571256276498,0.0000000000000210115025131267894369575974363957885644646183517856527579014257632859903384116682953212157,True,True,True,False,0.076919845941269091
50,8,8,retained_ULS,ULS,0,0.00000000000000888869436786901317266910200845004483087532014261253001341390345478229726190385763675849825,True,0.0000000002206102777162643647216131490889905271188389449021935139423091988463449852175923995742481,True,0.000000000000000763330616278056642928565703719168132091820764324589997180745966773850529854124673298878589,0.00000000000000166466652395790223585525656591669127659466197462479002069153360740104389022584384242788192,True,True,True,False,False,within_budget,within_budget,FALSE,8.6800614451106997e-07,0.0022229451678337088,available,within_budget,0.0000000103068741211503088959354531787021712525044553240203440977902670409174704855494069972145929,0.00000000000000166466652395790223585525656591669127659466197462479002069153360740104389022584384242788192,True,True,True,False,0.076427795505786905
51,8,8,retained_ULS,ULS,0.0089999999999999993,0.00899999999999960658762345672937639797260232686861377879803560255921321197498500283559584773,True,0.0090000001079929652224852314037782890573397018514882260950607680964933634980072516318797029,True,0.000000000000000763330616278056642928565703719168132091820764324589997180745966773850529854124673298878589,0.00000000000000206073273475470578693737582748704460982952529794836726137700037433991889258307953219753005,True,True,True,False,False,within_budget,unresolved,FALSE,0.0090008666891841262,0.011222216330549067,available,within_budget,0.0000000103068741211503088959354531787021712525044553240203440977902670409174704855494069972145929,0.00000000000000206073273475470578693737582748704460982952529794836726137700037433991889258307953219753005,True,True,True,False,0.076427795505786905
52,8,8,retained_ULS,ULS,0.0099900000000000006,0.00998999999999976715954989052672628310542760124619222567288743012691052406487653607661396465,True,0.00999000010799091299659131841157482969508506671913747558461396167541948255022920803205990859,True,0.000000000000000763330616278056642928565703719168132091820764324589997180745966773850529854124673298878589,0.00000000000000195381800555074201983537119226100551074534485741552329862308232418348854896546517801715724,True,True,True,False,False,within_budget,unresolved,FALSE,0.0099908666580910115,0.012212136545998486,available,within_budget,0.0000000103068741211503088959354531787021712525044553240203440977902670409174704855494069972145929,0.00000000000000195381800555074201983537119226100551074534485741552329862308232418348854896546517801715724,True,True,True,False,0.076427795505786905
53,8,8,retained_ULS,ULS,0.01,0.00999999999999972997237800122121554066282884263438243439143393712881151333663449139659667879,True,0.0100000001079908668469478795507828297827264252652506567023267543964969750687290896098924643,True,0.000000000000000763330616278056642928565703719168132091820764324589997180745966773850529854124673298878589,0.00000000000000186659171783823758676121059784529759368074417389117134404677074611209861796654677680857718,True,True,True,False,False,unresolved,unresolved,FALSE,0.010000866657776986,0.012222135740370902,available,unresolved,0.0000000103068741211503088959354531787021712525044553240203440977902670409174704855494069972145929,0.00000000000000186659171783823758676121059784529759368074417389117134404677074611209861796654677680857718,True,True,True,False,0.076427795505786905
54,8,8,retained_ULS,ULS,0.01001,0.0100099999999996927852061119157126826225707225729592145814500478205612055104901185714628471,True,0.0100100001079908009248546403346118955766891217712804258064626368735537183001420579550102833,True,0.000000000000000763330616278056642928565703719168132091820764324589997180745966773850529854124673298878589,0.00000000000000209020762362264587807205279797083950759598318312852458591327467662740912186633878072138283,True,True,True,False,False,above_budget,unresolved,FALSE,0.010010866657462866,0.012232134934748761,available,above_budget,0.0000000103068741211503088959354531787021712525044553240203440977902670409174704855494069972145929,0.00000000000000209020762362264587807205279797083950759598318312852458591327467662740912186633878072138283,True,True,True,False,0.076427795505786905
55,8,8,retained_ULS,ULS,0.010999999999999999,0.010999999999999853357132545792695031396457571072782997032374026061257623040739047279399064,True,0.0110000001079877141562707584284637563932686684084464120152397093740006192449609506326539237,True,0.000000000000000763330616278056642928565703719168132091820764324589997180745966773850529854124673298878589,0.00000000000000217868361556932099550043624359141062931254961154159813253806480617493879155351066947736231,True,True,True,False,False,above_budget,unresolved,FALSE,0.011000866626390854,0.013222055205599973,available,above_budget,0.0000000103068741211503088959354531787021712525044553240203440977902670409174704855494069972145929,0.00000000000000217868361556932099550043624359141062931254961154159813253806480617493879155351066947736231,True,True,True,False,0.076427795505786905
56,8,8,retained_ULS,ULS,0.02,0.0199999999999998660765110270954929347241595167424720840379736915224723460195247150133067833,True,0.0200000001079636936391872763084143351374242948898389270506907976395537303220723447831321656,True,0.000000000000000763330616278056642928565703719168132091820764324589997180745966773850529854124673298878589,0.00000000000000169728082223896919434755955148821231668563495588113279976306171972414680193298523923464006,True,True,True,False,False,above_budget,above_budget,FALSE,0.020000866344888003,0.022221332887006898,available,above_budget,0.0000000103068741211503088959354531787021712525044553240203440977902670409174704855494069972145929,0.00000000000000169728082223896919434755955148821231668563495588113279976306171972414680193298523923464006,True,True,True,False,0.076427795505786905
57,9,9,retained_ULS,ULS,0,0.00000000000000408569743178330573382736246057676180730754691249230105525406538902494457106709974674528785,True,0.00000000000138388863575125954638294622351052060168007251821374764295346560296943681007155812945993601,True,0.000000000000000969192780359517454438064111042158774376837532939143092381697467552870899696605568242476353,0.0000000000000012850375367064801170035597616305557046986247128912660043441667320572006978348607098705936,True,True,True,False,False,within_budget,within_budget,FALSE,1.4065964626227059e-06,0.0041779818684273308,available,within_budget,0.0000000574117006689952279903683984318520190188577467088274841974575647817532424940364259234753317,0.0000000000000012850375367064801170035597616305557046986247128912660043441667320572006978348607098705936,True,True,True,False,0.0769192135603355
58,9,9,retained_ULS,ULS,0.0089999999999999993,0.00900000000000084368239517549123651439865418581412477141240285615167601435603159073568251103,True,0.00900000000049289166069246446602508396168349857587920086846095280961701212074428671894690174,True,0.000000000000000969192780359517454438064111042158774376837532939143092381697467552870899696605568242476353,0.000000000000000985149582659666860792972724196092384583858048949890594601482642479020750604678169952347978,True,True,True,False,False,within_budget,unresolved,FALSE,0.0090013855942847661,0.013183848923540303,available,within_budget,0.0000000574117006689952279903683984318520190188577467088274841974575647817532424940364259234753317,0.000000000000000985149582659666860792972724196092384583858048949890594601482642479020750604678169952347978,True,True,True,False,0.0769192135603355
59,9,9,retained_ULS,ULS,0.0099900000000000006,0.00999000000000098590118923251529093693522844300893428202180891918114173787204814193157922827,True,0.00999000000047141959156680708760322427314443572947521637018541122674696969117113769167084433,True,0.000000000000000969192780359517454438064111042158774376837532939143092381697467552870899696605568242476353,0.000000000000000990824723288523552437571687450114700613027204054456513057339537157792070547375402887568244,True,True,True,False,False,within_budget,unresolved,FALSE,0.0099913858097309335,0.014174498851008032,available,within_budget,0.0000000574117006689952279903683984318520190188577467088274841974575647817532424940364259234753317,0.000000000000000990824723288523552437571687450114700613027204054456513057339537157792070547375402887568244,True,True,True,False,0.0769192135603355
60,9,9,retained_ULS,ULS,0.01,0.0100000000000006625295230582368889701383195328912942994186498873684787757712062279987061699,True,0.0100000000004708999541157522973206336121506434284555673856890502484206649530582508189391394,True,0.000000000000000969192780359517454438064111042158774376837532939143092381697467552870899696605568242476353,0.00000000000000102202859307848446665298043184663807978710949863386420035965042443671490587004497461274573,True,True,True,False,False,unresolved,unresolved,FALSE,0.01000138581190752,0.014184505417977332,available,unresolved,0.0000000574117006689952279903683984318520190188577467088274841974575647817532424940364259234753317,0.00000000000000102202859307848446665298043184663807978710949863386420035965042443671490587004497461274573,True,True,True,False,0.0769192135603355
61,9,9,retained_ULS,ULS,0.01001,0.0100100000000009133723880502191087693803770444008771978723164464266210326180431105489506134,True,0.0100100000004714956803895745578569798617377791660402461936500330840688229196744342070912655,True,0.000000000000000969192780359517454438064111042158774376837532939143092381697467552870899696605568242476353,0.0000000000000012645253064937816661845933419819089035182174722552233796971708013911268036135910534658043,True,True,True,False,False,above_budget,unresolved,FALSE,0.01001138581408533,0.014194511984988748,available,above_budget,0.0000000574117006689952279903683984318520190188577467088274841974575647817532424940364259234753317,0.0000000000000012645253064937816661845933419819089035182174722552233796971708013911268036135910534658043,True,True,True,False,0.0769192135603355
62,9,9,retained_ULS,ULS,0.010999999999999999,0.0110000000000004813766509409988326375211560292067628515678524731500595420627007981489206436,True,0.0110000000004488694828849527293642419880654975652194435638785230915443402351409541423164368,True,0.000000000000000969192780359517454438064111042158774376837532939143092381697467552870899696605568242476353,0.000000000000000994694115886417651674448151624344765938727485728920378503524793821277068746466480554131026,True,True,True,False,False,above_budget,unresolved,FALSE,0.01100138602966671,0.015185162321490121,available,above_budget,0.0000000574117006689952279903683984318520190188577467088274841974575647817532424940364259234753317,0.000000000000000994694115886417651674448151624344765938727485728920378503524793821277068746466480554131026,True,True,True,False,0.0769192135603355
63,9,9,retained_ULS,ULS,0.02,0.0200000000000005736443953849680831393632571155679374041530494217919043029427282275469409944,True,0.0200000000002519490073946978125938316786897865290946261498790295728978013767016896695643374,True,0.000000000000000969192780359517454438064111042158774376837532939143092381697467552870899696605568242476353,0.00000000000000119428685829773694171397112300526634195591776138526214097511092071471967122440318680596155,True,True,True,False,False,above_budget,above_budget,FALSE,0.020001387995623211,0.024191092829731496,available,above_budget,0.0000000574117006689952279903683984318520190188577467088274841974575647817532424940364259234753317,0.00000000000000119428685829773694171397112300526634195591776138526214097511092071471967122440318680596155,True,True,True,False,0.0769192135603355
64,10,10,retained_ULS,ULS,0,0.00000000000000118037769946959928354969548153863833999289215312268328839699118958763117734494098448992125,True,0.000000000184464705831004759876840554175669541901799942176049408819141559368668567322095294549791746,True,0.000000000000000543673026774968452501067037341099504167228337894241370341676548566644107257972718122848904,0.00000000000000122638570405306815249480508916243967873938002064123955785941157209998875686992740222538154,True,True,True,False,False,within_budget,within_budget,FALSE,5.973347396598374e-07,0.002246394598543569,available,within_budget,0.0000000129461500413632220964393165066825997753840401993674662679811793160749194992982728716208781,0.00000000000000122638570405306815249480508916243967873938002064123955785941157209998875686992740222538154,True,True,True,False,0.076922917069151775
65,10,10,retained_ULS,ULS,0.0089999999999999993,0.00899999999999948081295179532175675389553028279137951104181738478562517479460848011807285189,True,0.00899999995414840174021569430809291053409362907725102418546505458289622683725666153235871959,True,0.000000000000000543673026774968452501067037341099504167228337894241370341676548566644107257972718122848904,0.00000000000000117294291200236341194491087859849023666138879926518181065994436106243504453215748568039235,True,True,True,False,False,within_budget,unresolved,FALSE,0.0090005954063235583,0.011248917066797568,available,within_budget,0.0000000129461500413632220964393165066825997753840401993674662679811793160749194992982728716208781,0.00000000000000117294291200236341194491087859849023666138879926518181065994436106243504453215748568039235,True,True,True,False,0.076922917069151775
66,10,10,retained_ULS,ULS,0.0099900000000000006,0.00998999999999990875245175102051391230188256259594046328033230953512415758890394411754339767,True,0.00998999995414425259139130974887006275007277205816332221719140531461402283134231493877950717,True,0.000000000000000543673026774968452501067037341099504167228337894241370341676548566644107257972718122848904,0.00000000000000119422952470220014056704420525882875414680647812049342465820341423422614670371822762046649,True,True,True,False,False,within_budget,unresolved,FALSE,0.0099905954805384646,0.012239197622405815,available,within_budget,0.0000000129461500413632220964393165066825997753840401993674662679811793160749194992982728716208781,0.00000000000000119422952470220014056704420525882875414680647812049342465820341423422614670371822762046649,True,True,True,False,0.076922917069151775
67,10,10,retained_ULS,ULS,0.01,0.0100000000000001261889621038406077058722112926287923167087716547370058328505165166225891361,True,0.00999999995414442206709481612358091158458034560691463562737011983811400813845379043804866572,True,0.000000000000000543673026774968452501067037341099504167228337894241370341676548566644107257972718122848904,0.00000000000000120207337573780893998331336961506004780211847530430183203313272676098672111464163331469581,True,True,True,False,False,unresolved,unresolved,FALSE,0.010000595481289062,0.012249200459127101,available,unresolved,0.0000000129461500413632220964393165066825997753840401993674662679811793160749194992982728716208781,0.00000000000000120207337573780893998331336961506004780211847530430183203313272676098672111464163331469581,True,True,True,False,0.076922917069151775
68,10,10,retained_ULS,ULS,0.01001,0.0100099999999993389457093626849963579110185587983917425284430466092667575715428169986837795,True,0.0100099999541435880858917238884803447823365851981767030637906686385941653496882664008096606,True,0.000000000000000543673026774968452501067037341099504167228337894241370341676548566644107257972718122848904,0.00000000000000121865872463563868032833897244940820362254257450645239693487514111103917494203650523507596,True,True,True,False,False,above_budget,unresolved,FALSE,0.010010595482038687,0.012259203295903914,available,above_budget,0.0000000129461500413632220964393165066825997753840401993674662679811793160749194992982728716208781,0.00000000000000121865872463563868032833897244940820362254257450645239693487514111103917494203650523507596,True,True,True,False,0.076922917069151775
69,10,10,retained_ULS,ULS,0.010999999999999999,0.0109999999999997668852093183850701493096506499112289332496577065710938822734429249062450181,True,0.0109999999541394364141831278151480208696120226434895295698657098982323667371749788050067521,True,0.000000000000000543673026774968452501067037341099504167228337894241370341676548566644107257972718122848904,0.00000000000000119853234070495156558309848445368756793749172802624944800766481593352603313582135195388313,True,True,True,False,False,above_budget,unresolved,FALSE,0.011000595556403002,0.013249484416593189,available,above_budget,0.0000000129461500413632220964393165066825997753840401993674662679811793160749194992982728716208781,0.00000000000000119853234070495156558309848445368756793749172802624944800766481593352603313582135195388313,True,True,True,False,0.076922917069151775
70,10,10,retained_ULS,ULS,0.02,0.019999999999999547190723531239012413797901239380560157043611172061598329149846523534604542,True,0.0199999999540975871520436080868215196607804792372193400065568213334908886029539445804779115,True,0.000000000000000543673026774968452501067037341099504167228337894241370341676548566644107257972718122848904,0.00000000000000123646339515844615671205657249171115192661564089079696771308690790711111432358677101995614,True,True,True,False,False,above_budget,above_budget,FALSE,0.020000596239145341,0.02225206542956706,available,above_budget,0.0000000129461500413632220964393165066825997753840401993674662679811793160749194992982728716208781,0.00000000000000123646339515844615671205657249171115192661564089079696771308690790711111432358677101995614,True,True,True,False,0.076922917069151775
71,11,11,retained_ULS,ULS,0,0.00000000000000201868114464032741602330217431408386721055157722441999451015521527041684044757826945798205,True,0.0000000000574150844768263271761403690308096886622772270966970864156624486754871996966384099240022005,True,0.000000000000000997227213368112654698900335127452302469820357706705253938810029234076935840753642846982135,0.00000000000000271261391532491719499387206543444406160402078629468296186550646356882193625207504650237576,True,True,True,False,False,within_budget,within_budget,FALSE,8.3386032466473657e-07,0.0039091649272597921,available,within_budget,0.0000000248608440316784362778876908922800219835731421951343822047372527825692878833189338660174942,0.00000000000000271261391532491719499387206543444406160402078629468296186550646356882193625207504650237576,True,True,True,False,0.076891272026472973
72,11,11,retained_ULS,ULS,0.0089999999999999993,0.00900000000000015562588858622717478878226735930086326352362242607252004499611437156747959234,True,0.00900000001817114115200988084300235226599227738343133940674755509549491483559758938646741208,True,0.000000000000000997227213368112654698900335127452302469820357706705253938810029234076935840753642846982135,0.00000000000000262849929616189765130706385023651654087138804218173746706931399826665687863747945662966586,True,True,True,False,False,within_budget,unresolved,FALSE,0.009000833496438914,0.012909204797981837,available,within_budget,0.0000000248608440316784362778876908922800219835731421951343822047372527825692878833189338660174942,0.00000000000000262849929616189765130706385023651654087138804218173746706931399826665687863747945662966586,True,True,True,False,0.076891272026472973
73,11,11,retained_ULS,ULS,0.0099900000000000006,0.00999000000000032974621624984697782689144230997126009118970680458580997966548812024400985816,True,0.00999000001817105716124845136366084771877878895320605677464428073466621208414325189726950279,True,0.000000000000000997227213368112654698900335127452302469820357706705253938810029234076935840753642846982135,0.00000000000000278960936356354217800812767673360450649962384955387292676922538770632054735095123393889581,True,True,True,False,False,within_budget,unresolved,FALSE,0.0099908334974408257,0.013899209479577002,available,within_budget,0.0000000248608440316784362778876908922800219835731421951343822047372527825692878833189338660174942,0.00000000000000278960936356354217800812767673360450649962384955387292676922538770632054735095123393889581,True,True,True,False,0.076891272026472973
74,11,11,retained_ULS,ULS,0.01,0.00999999999999997135994501655620182503379347127483009747581657138077198292315161919232756666,True,0.0100000000181712813505181334840086308558412097376796968558274884271532728786837148894473382,True,0.000000000000000997227213368112654698900335127452302469820357706705253938810029234076935840753642846982135,0.00000000000000257680698438860045000435105745944886794093745619164865205708556843264482735255490883840379,True,True,True,False,False,unresolved,unresolved,FALSE,0.010000833497451176,0.013909209527123689,available,unresolved,0.0000000248608440316784362778876908922800219835731421951343822047372527825692878833189338660174942,0.00000000000000257680698438860045000435105745944886794093745619164865205708556843264482735255490883840379,True,True,True,False,0.076891272026472973
75,11,11,retained_ULS,ULS,0.01001,0.0100100000000001974713980416163912916144764350406342396643003844758199466473290481271286249,True,0.0100100000181715059466827900995103700473323136200511333706411699742219588783570972170675201,True,0.000000000000000997227213368112654698900335127452302469820357706705253938810029234076935840753642846982135,0.00000000000000280528064556670175587514860899177073881300936131591155309323557253529726806029271665185083,True,True,True,False,False,above_budget,unresolved,FALSE,0.010010833497461614,0.013919209574675613,available,above_budget,0.0000000248608440316784362778876908922800219835731421951343822047372527825692878833189338660174942,0.00000000000000280528064556670175587514860899177073881300936131591155309323557253529726806029271665185083,True,True,True,False,0.076891272026472973
76,11,11,retained_ULS,ULS,0.010999999999999999,0.0109999999999997870940014468893413967821656179308881252864089223643038120804103767560214705,True,0.0110000000181702524177209764037573382948979236462045016016810886056589846988182538448101035,True,0.000000000000000997227213368112654698900335127452302469820357706705253938810029234076935840753642846982135,0.00000000000000269404593033304626576487913924331117186080112732682725271138987127546915030352201619579779,True,True,True,False,False,above_budget,unresolved,FALSE,0.011000833498473377,0.014909214307798329,available,above_budget,0.0000000248608440316784362778876908922800219835731421951343822047372527825692878833189338660174942,0.00000000000000269404593033304626576487913924331117186080112732682725271138987127546915030352201619579779,True,True,True,False,0.076891272026472973
77,11,11,retained_ULS,ULS,0.02,0.0199999999999998821936820950237715702194145797902406571241251300521190829428346609755284854,True,0.0200000000181680285369374934219997509498067799178315594451026458207493853239149759124173051,True,0.000000000000000997227213368112654698900335127452302469820357706705253938810029234076935840753642846982135,0.00000000000000262287142578304086275180552441994311825821512368087696581299321246701525430297828909551898,True,True,True,False,False,above_budget,above_budget,FALSE,0.020000833508173159,0.02390925965286653,available,above_budget,0.0000000248608440316784362778876908922800219835731421951343822047372527825692878833189338660174942,0.00000000000000262287142578304086275180552441994311825821512368087696581299321246701525430297828909551898,True,True,True,False,0.076891272026472973
78,12,12,retained_ULS,ULS,0,0.00000000000000294549801051967657405300824872051310335723347080466093632915536553226792845609413014060532,True,0.0000000000268192125010424581614678690359444277861288074465902182696448547370747101911892702505838975,True,0.000000000000000833459246116533900140731402506992388096432671455177078962089375223241092589536938951030048,0.000000000000005021723781097282688192711897465673289513872101918225928340062976029809387841092184740295,True,True,True,False,False,within_budget,unresolved,FALSE,3.5266085965361038e-06,0.011328455745937261,available,within_budget,0.000000110434355430853869767187871412515283306625627085151009269864946221603016774989681783967641,0.000000000000005021723781097282688192711897465673289513872101918225928340062976029809387841092184740295,True,True,True,False,0.074278865530311794
79,12,12,retained_ULS,ULS,0.0089999999999999993,0.00899999999999910750180619695142821351950294101598941849816074024822096028439918280058558437,True,0.00899999998643516553989131864529091521168982048304906009838107793130031393268846563796542285,True,0.000000000000000833459246116533900140731402506992388096432671455177078962089375223241092589536938951030048,0.00000000000000501405922681631427756171887671910058363184133164881436968911306931601751775238497934221311,True,True,True,False,False,within_budget,unresolved,FALSE,0.0090035192977368072,0.020330299152954878,available,within_budget,0.000000110434355430853869767187871412515283306625627085151009269864946221603016774989681783967641,0.00000000000000501405922681631427756171887671910058363184133164881436968911306931601751775238497934221311,True,True,True,False,0.074278865530311794
80,12,12,retained_ULS,ULS,0.0099900000000000006,0.00998999999999921341217248006410327388687719369643165052390299775822903766926828236182522943,True,0.00998999998642534211039310328711715435941369254133614439974235477370772768871265991683089142,True,0.000000000000000833459246116533900140731402506992388096432671455177078962089375223241092589536938951030048,0.00000000000000457223833027684675458845084095983781175274047798673986649191290750439775905496643401106256,True,True,True,False,False,within_budget,unresolved,FALSE,0.0099935193615731457,0.021320503870079711,available,within_budget,0.000000110434355430853869767187871412515283306625627085151009269864946221603016774989681783967641,0.00000000000000457223833027684675458845084095983781175274047798673986649191290750439775905496643401106256,True,True,True,False,0.074278865530311794
81,12,12,retained_ULS,ULS,0.01,0.00999999999999973488523968087740299851986696634244132059946474464225540466120302675496056162,True,0.00999999998642574798922561015082593258244863079978154382869572221266240259252132413069752195,True,0.000000000000000833459246116533900140731402506992388096432671455177078962089375223241092589536938951030048,0.00000000000000450273905118637577247218855118890999342945136944694623058004192765178489381150139045636705,True,True,True,False,False,unresolved,unresolved,FALSE,0.010003519362218896,0.021330505939016458,available,unresolved,0.000000110434355430853869767187871412515283306625627085151009269864946221603016774989681783967641,0.00000000000000450273905118637577247218855118890999342945136944694623058004192765178489381150139045636705,True,True,True,False,0.074278865530311794
82,12,12,retained_ULS,ULS,0.01001,0.010009999999999058220556030588392244080983535494345322999940184418112959788907499374382766,True,0.0100099999864249933220597303718441328371620469406002056656463277565269320821730059650901982,True,0.000000000000000833459246116533900140731402506992388096432671455177078962089375223241092589536938951030048,0.00000000000000452600802868534386893676148142564212893772385913247556815293463583316976316250345268499322,True,True,True,False,False,above_budget,unresolved,FALSE,0.010013519362863356,0.021340508007973633,available,above_budget,0.000000110434355430853869767187871412515283306625627085151009269864946221603016774989681783967641,0.00000000000000452600802868534386893676148142564212893772385913247556815293463583316976316250345268499322,True,True,True,False,0.074278865530311794
83,12,12,retained_ULS,ULS,0.010999999999999999,0.0109999999999991641309223137095264357273449178724651252911216091109050591442911170245432088,True,0.0109999999864151593930029250927166185973366958534813654408369986011588150851042400946541547,True,0.000000000000000833459246116533900140731402506992388096432671455177078962089375223241092589536938951030048,0.00000000000000510619951437424829698514591664742803081998088332004385183356319758509196866677925776083014,True,True,True,False,False,above_budget,unresolved,FALSE,0.011003519426767222,0.022330712942352709,available,above_budget,0.000000110434355430853869767187871412515283306625627085151009269864946221603016774989681783967641,0.00000000000000510619951437424829698514591664742803081998088332004385183356319758509196866677925776083014,True,True,True,False,0.074278865530311794
84,12,12,retained_ULS,ULS,0.02,0.0200000000000000180308202648815083221817058175433115100669653851188390743839517375214607241,True,0.0199999999863256202296340625468398327025885044172621172705133143703463355847219349656507437,True,0.000000000000000833459246116533900140731402506992388096432671455177078962089375223241092589536938951030048,0.00000000000000519037189000308725845206372405127571254152394598664188487468288861907364811591208271274834,True,True,True,False,False,above_budget,unresolved,FALSE,0.02000352001074095,0.031332585747829288,available,above_budget,0.000000110434355430853869767187871412515283306625627085151009269864946221603016774989681783967641,0.00000000000000519037189000308725845206372405127571254152394598664188487468288861907364811591208271274834,True,True,True,False,0.074278865530311794
85,13,13,retained_ULS,ULS,0,0.0000000000000137160598492810788286121639978666252543289296496342889537841065573279424783477928996787228,True,0.0000000000213366388257291596352926563140877949787047462298415782603937439920136089616640123735558807,True,0.000000000000000749066821508745390493147820611173413627829628618233575387107018807385473757006950007009036,0.00000000000000232163618631625136255039903285373736763310600429481131413894575265707754305037104558232901,True,True,True,False,False,within_budget,unresolved,FALSE,7.0286791399709369e-06,0.017692440697517169,available,within_budget,0.000000011662369116762647360952946911070719859958421878649527591162504616496393122009764021221112,0.00000000000000232163618631625136255039903285373736763310600429481131413894575265707754305037104558232901,True,True,True,False,0.076918682688997694
86,13,13,retained_ULS,ULS,0.0089999999999999993,0.00899999999999942549524511132275608568015135913293208050516709875206093983384673930507020078,True,0.00899999998923822910236605128274425241357151475735993770320205793921557097243657638245261561,True,0.000000000000000749066821508745390493147820611173413627829628618233575387107018807385473757006950007009036,0.00000000000000310759805918376723502014313061087076688112855383347001733920259498055855573927228164588428,True,True,True,False,False,within_budget,unresolved,FALSE,0.0090070295708591722,0.026694739961284544,available,within_budget,0.000000011662369116762647360952946911070719859958421878649527591162504616496393122009764021221112,0.00000000000000310759805918376723502014313061087076688112855383347001733920259498055855573927228164588428,True,True,True,False,0.076918682688997694
87,13,13,retained_ULS,ULS,0.0099900000000000006,0.00998999999999960917111366224724012967625940094183968126952008244799656700028899754643837921,True,0.00998999998922418273931030157668552523805807476469812965100622645391358693907100001924014333,True,0.000000000000000749066821508745390493147820611173413627829628618233575387107018807385473757006950007009036,0.00000000000000265587684266859092403895364274749094691801358432394081311125222070728388765412640263139523,True,True,True,False,False,within_budget,unresolved,FALSE,0.0099970296718929954,0.02768499430386865,available,unresolved,0.000000011662369116762647360952946911070719859958421878649527591162504616496393122009764021221112,0.00000000000000265587684266859092403895364274749094691801358432394081311125222070728388765412640263139523,True,True,True,False,0.076918682688997694
88,13,13,retained_ULS,ULS,0.01,0.00999999999999972783719240951887971846346573316774004894549835318683332653490619537809364895,True,0.00999999998922415089460610392730327473971545500661612218890525094216995637977999628228346601,True,0.000000000000000749066821508745390493147820611173413627829628618233575387107018807385473757006950007009036,0.00000000000000231722834498215414172100771914409016211138768694412362361391364484966935731437011483439023,True,True,True,False,False,unresolved,unresolved,FALSE,0.010007029672914248,0.027694996874422572,available,unresolved,0.000000011662369116762647360952946911070719859958421878649527591162504616496393122009764021221112,0.00000000000000231722834498215414172100771914409016211138768694412362361391364484966935731437011483439023,True,True,True,False,0.076918682688997694
89,13,13,retained_ULS,ULS,0.01001,0.0100099999999998465032711567905380676285720974453916067264681238078187976930915354300905343,True,0.010009999989224134297753033917782282741526136996053985793892968245069929998271838890619421,True,0.000000000000000749066821508745390493147820611173413627829628618233575387107018807385473757006950007009036,0.00000000000000248941609752401047466819145071940191563406668384120111657262960849011922912897651907412263,True,True,True,False,False,above_budget,unresolved,FALSE,0.010017029673935423,0.027704999445005145,available,unresolved,0.000000011662369116762647360952946911070719859958421878649527591162504616496393122009764021221112,0.00000000000000248941609752401047466819145071940191563406668384120111657262960849011922912897651907412263,True,True,True,False,0.076918682688997694
90,13,13,retained_ULS,ULS,0.010999999999999999,0.0109999999999987452607033269195519300314020996273272423662562800119480762202661369376704253,True,0.0109999999892087934216043951386431901611037721213799554245717282200435347836312598918853653,True,0.000000000000000749066821508745390493147820611173413627829628618233575387107018807385473757006950007009036,0.00000000000000253939011900797326511213755043833030344600069526273739835704200707838431221687978966263345,True,True,True,False,False,above_budget,unresolved,FALSE,0.011007029775082028,0.028695254074909714,available,above_budget,0.000000011662369116762647360952946911070719859958421878649527591162504616496393122009764021221112,0.00000000000000253939011900797326511213755043833030344600069526273739835704200707838431221687978966263345,True,True,True,False,0.076918682688997694
91,13,13,retained_ULS,ULS,0.02,0.0199999999999988965013562542575980103623179129661186193522627862015229872677901535163867924,True,0.019999999989079509611183532920561916020907341122247790116184120916581331615412323332249051,True,0.000000000000000749066821508745390493147820611173413627829628618233575387107018807385473757006950007009036,0.00000000000000319032610151544818647598469416802264857857059382581934486166583562237291857197911907376841,True,True,True,False,False,above_budget,unresolved,FALSE,0.02000703069973761,0.037697581808006961,available,above_budget,0.000000011662369116762647360952946911070719859958421878649527591162504616496393122009764021221112,0.00000000000000319032610151544818647598469416802264857857059382581934486166583562237291857197911907376841,True,True,True,False,0.076918682688997694
92,14,14,retained_ULS,ULS,0,0.000000000000000890600238601770810686553867459138566463441009624326772243180194868736513404026563361271061,True,0.00000000025526047737877948445522655735362432991909854277621531665361527442898155018723937675775809,True,0.000000000000000801903965243157599933199848454411027219366285257170473020061711522483384145128806383506572,0.0000000000000021393555431004645190287892212266796554856464408628856591207506025115609052497785049884514,True,True,True,False,False,within_budget,within_budget,FALSE,7.4509691384734931e-07,0.0033408735059499116,available,within_budget,0.0000000268976478598494935492652779254637695248260538118265027353754795285753332985331695230445214,0.0000000000000021393555431004645190287892212266796554856464408628856591207506025115609052497785049884514,True,True,True,False,0.07690905558164679
93,14,14,retained_ULS,ULS,0.0089999999999999993,0.00900000000000024023100241045807129548035901713181243019333422542058396017420511962645711334,True,0.00900000013834575720374378466925499829649621271412118874070900181499535307174798527846268076,True,0.000000000000000801903965243157599933199848454411027219366285257170473020061711522483384145128806383506572,0.00000000000000235715249177638361922819188084552089286787417468642872268352677809496055002560658560730844,True,True,True,False,False,within_budget,unresolved,FALSE,0.009000742297759802,0.012341001625716826,available,within_budget,0.0000000268976478598494935492652779254637695248260538118265027353754795285753332985331695230445214,0.00000000000000235715249177638361922819188084552089286787417468642872268352677809496055002560658560730844,True,True,True,False,0.07690905558164679
94,14,14,retained_ULS,ULS,0.0099900000000000006,0.00998999999999965732345985932520207338924274728028742898476685911872056908983853249585314695,True,0.00999000013834650012646379061198182626046632247658800657956705081525909304063201315079378459,True,0.000000000000000801903965243157599933199848454411027219366285257170473020061711522483384145128806383506572,0.00000000000000290804232292623844721112299012781039209765704687918491999104614063573669522261591121308616,True,True,True,False,False,within_budget,unresolved,FALSE,0.0099907423008968512,0.013331016289104746,available,within_budget,0.0000000268976478598494935492652779254637695248260538118265027353754795285753332985331695230445214,0.00000000000000290804232292623844721112299012781039209765704687918491999104614063573669522261591121308616,True,True,True,False,0.07690905558164679
95,14,14,retained_ULS,ULS,0.01,0.00999999999999998820057619401812415308566652008780713000653871104460864808948446216766843431,True,0.0100000001383468815357186163997721863783995685626877624045001489109406880626749125136019751,True,0.000000000000000801903965243157599933199848454411027219366285257170473020061711522483384145128806383506572,0.00000000000000230899648322061054434495289138968262919321944986497225755582340921188768518884142887310151,True,True,True,False,False,unresolved,unresolved,FALSE,0.010000742300929115,0.01334101643748239,available,unresolved,0.0000000268976478598494935492652779254637695248260538118265027353754795285753332985331695230445214,0.00000000000000230899648322061054434495289138968262919321944986497225755582340921188768518884142887310151,True,True,True,False,0.07690905558164679
96,14,14,retained_ULS,ULS,0.01001,0.0100100000000003190776925287110463095812850635749443881853227030737041558848464977193818255,True,0.0100100001383471892027399047962455145684351058622414241916748734766680270443182429153761113,True,0.000000000000000801903965243157599933199848454411027219366285257170473020061711522483384145128806383506572,0.00000000000000212045758341612934883861644909715993079396796252162794651419950897152326158556336434714654,True,True,True,False,False,above_budget,unresolved,FALSE,0.01001074230096102,0.013351016585864916,available,above_budget,0.0000000268976478598494935492652779254637695248260538118265027353754795285753332985331695230445214,0.00000000000000212045758341612934883861644909715993079396796252162794651419950897152326158556336434714654,True,True,True,False,0.07690905558164679
97,14,14,retained_ULS,ULS,0.010999999999999999,0.0109999999999997361701499775789527593573009273572803740295299845025662955843003012340650756,True,0.0110000001383479741053870441287604358287630887848827965573063595721855957874588880335779433,True,0.000000000000000801903965243157599933199848454411027219366285257170473020061711522483384145128806383506572,0.00000000000000234233809140866858909303799716901910145404024923870055830956191665877207676523067204717254,True,True,True,False,False,above_budget,unresolved,FALSE,0.0110007423041097,0.014341031301666583,available,above_budget,0.0000000268976478598494935492652779254637695248260538118265027353754795285753332985331695230445214,0.00000000000000234233809140866858909303799716901910145404024923870055830956191665877207676523067204717254,True,True,True,False,0.07690905558164679
98,14,14,retained_ULS,ULS,0.02,0.0200000000000001350756788045006577098207635556794440168569948910970680014194872489359862482,True,0.0200000001383606860372366335713105747503539108658957250994353232478433981929725545084623606,True,0.000000000000000801903965243157599933199848454411027219366285257170473020061711522483384145128806383506572,0.0000000000000022494862820297131810256145735549316228271567989024026007189795393899129929464075712834295,True,True,True,False,False,above_budget,above_budget,FALSE,0.020000742333261795,0.023341167438066041,available,above_budget,0.0000000268976478598494935492652779254637695248260538118265027353754795285753332985331695230445214,0.0000000000000022494862820297131810256145735549316228271567989024026007189795393899129929464075712834295,True,True,True,False,0.07690905558164679
99,15,15,retained_ULS,ULS,0,0.0000000000000019150315735817505823948971684684609033433825366040382731404315112454543565632483604064883,True,0.000000000298550375107983005583742647812319161580224135539044789444170431905126698332296219261166597,True,0.000000000000000812956069292971731995706061547403533855836576434369651968785957043215219427618317469988219,0.00000000000000269661791679879630263564899876583146155610250262484404859276709557550218857392594644634031,True,True,True,False,False,within_budget,within_budget,FALSE,2.6317727748637094e-06,0.0069317720510571708,available,within_budget,0.000000080729612983670454291996263184674535210182141798777067223527067400315425891809028927058096,0.00000000000000269661791679879630263564899876583146155610250262484404859276709557550218857392594644634031,True,True,True,False,0.076776690402621195
100,15,15,retained_ULS,ULS,0.0089999999999999993,0.00899999999999936415963172751468680837178904364246964103199404528468694661242658683755673544,True,0.00900000015821851020571213849485063568353144403091167113439811051121609651084275119330309225,True,0.000000000000000812956069292971731995706061547403533855836576434369651968785957043215219427618317469988219,0.00000000000000279863201039782390180499691039444452823953996741823328943480041589902210778440437952441206,True,True,True,False,False,within_budget,unresolved,FALSE,0.0090026294988062826,0.015931260864825832,available,within_budget,0.000000080729612983670454291996263184674535210182141798777067223527067400315425891809028927058096,0.00000000000000279863201039782390180499691039444452823953996741823328943480041589902210778440437952441206,True,True,True,False,0.076776690402621195
101,15,15,retained_ULS,ULS,0.0099900000000000006,0.00998999999999926287711267560614875417842223514901080881311480313128561146039067071233336472,True,0.00999000015819273230517284407745506489129329846246621062856234396203912659653851927011836454,True,0.000000000000000812956069292971731995706061547403533855836576434369651968785957043215219427618317469988219,0.00000000000000270713319294410432801782101570036580669687897154596110115155217164751781174424418165966866,True,True,True,False,False,within_budget,unresolved,FALSE,0.0099926294776412159,0.016921205572686917,available,within_budget,0.000000080729612983670454291996263184674535210182141798777067223527067400315425891809028927058096,0.00000000000000270713319294410432801782101570036580669687897154596110115155217164751781174424418165966866,True,True,True,False,0.076776690402621195
102,15,15,retained_ULS,ULS,0.01,0.00999999999999959765197368772945462055259408709754598011127209043634149210456479204831374782,True,0.0100000001581928064095260853578854857554543881676933036160570792586028107086357918276462766,True,0.000000000000000812956069292971731995706061547403533855836576434369651968785957043215219427618317469988219,0.00000000000000305165722181619271322334493740842132229345254557124299023486252034898792388246903159872204,True,True,True,False,False,unresolved,unresolved,FALSE,0.010002629477428283,0.016931205014898636,available,unresolved,0.000000080729612983670454291996263184674535210182141798777067223527067400315425891809028927058096,0.00000000000000305165722181619271322334493740842132229345254557124299023486252034898792388246903159872204,True,True,True,False,0.076776690402621195
103,15,15,retained_ULS,ULS,0.01001,0.0100099999999995749645362132708899256681863582525074524791414794759728592985012308260232647,True,0.0100100001581928742663595867745678914687786884243293332700097818885990252852253752456361353,True,0.000000000000000812956069292971731995706061547403533855836576434369651968785957043215219427618317469988219,0.00000000000000285578077207113635834514296825311517517845992504627382727612956031054543444546796561068128,True,True,True,False,False,above_budget,unresolved,FALSE,0.010012629477215009,0.016941204457124357,available,above_budget,0.000000080729612983670454291996263184674535210182141798777067223527067400315425891809028927058096,0.00000000000000285578077207113635834514296825311517517845992504627382727612956031054543444546796561068128,True,True,True,False,0.076776690402621195
104,15,15,retained_ULS,ULS,0.010999999999999999,0.0109999999999994736820171613657013302054857228565959126187665882597365073731337953490866853,True,0.011000000158165670347018009965408609447320075469943397827265270915042867532404098866643543,True,0.000000000000000812956069292971731995706061547403533855836576434369651968785957043215219427618317469988219,0.00000000000000316381324497233781726111693442723313485854748929165477068043642517241698462394373760384169,True,True,True,False,False,above_budget,unresolved,FALSE,0.0110026294561029,0.017931149308488391,available,above_budget,0.000000080729612983670454291996263184674535210182141798777067223527067400315425891809028927058096,0.00000000000000316381324497233781726111693442723313485854748929165477068043642517241698462394373760384169,True,True,True,False,0.076776690402621195
105,15,15,retained_ULS,ULS,0.02,0.019999999999999430339303883905367650540900163168465951189464043521578467725400699568297954,True,0.0200000001579299944888588953689262308320584980929265058601262451990373477087961250520859009,True,0.000000000000000812956069292971731995706061547403533855836576434369651968785957043215219427618317469988219,0.00000000000000278125580201390112239683800406753377858980160079719171092058390064217566092557042964905368,True,True,True,False,False,above_budget,above_budget,FALSE,0.020002629266633813,0.026930654409718514,available,above_budget,0.000000080729612983670454291996263184674535210182141798777067223527067400315425891809028927058096,0.00000000000000278125580201390112239683800406753377858980160079719171092058390064217566092557042964905368,True,True,True,False,0.076776690402621195
106,16,16,retained_ULS,ULS,0,0.00000000000000100967564666456173682514247216831199518435810389941665319728769948314054689111774515237064,True,0.000000000134340944385390645593545691158920606640875403892788243642885091281868298329893163873844152,True,0.000000000000000529394382165415435932656255224393841043513301755575479747769791825239248458024096322404472,0.00000000000000245681444292119412415798592482195536553886491860772057447694903555909515209280649769926014,True,True,True,False,False,within_budget,unresolved,FALSE,1.1770827405189199e-05,0.034385960804950502,available,within_budget,0.000000723593922622049360002944593832210210494235359707912913840840611195271230120614013787637417,0.00000000000000245681444292119412415798592482195536553886491860772057447694903555909515209280649769926014,True,True,True,False,0.076867365452038733
107,16,16,retained_ULS,ULS,0.0089999999999999993,0.00900000000000031634831432683527334664234176081652240118183059497723185172973620921809064228,True,0.00900000002547896721345609246238766579632750998277018625480734101365046849053340832229152552,True,0.000000000000000529394382165415435932656255224393841043513301755575479747769791825239248458024096322404472,0.00000000000000270815249291624623674846316402035843254383386218069768399749490301669726826060799655509018,True,True,True,False,False,within_budget,unresolved,FALSE,0.0090117736454185908,0.04339461725438077,available,within_budget,0.000000723593922622049360002944593832210210494235359707912913840840611195271230120614013787637417,0.00000000000000270815249291624623674846316402035843254383386218069768399749490301669726826060799655509018,True,True,True,False,0.076867365452038733
108,16,16,retained_ULS,ULS,0.0099900000000000006,0.00998999999999991871641240151434027095015329592066872920015125887311811748178489486565328304,True,0.00999000002548057548219100654233304977184418042228497553087183506508020046331300679502582553,True,0.000000000000000529394382165415435932656255224393841043513301755575479747769791825239248458024096322404472,0.00000000000000255276002129626682903599709461859238451450627087462483151050100937790990539024199131789551,True,True,True,False,False,unresolved,unresolved,FALSE,0.010001773972085628,0.044385571550100617,available,unresolved,0.000000723593922622049360002944593832210210494235359707912913840840611195271230120614013787637417,0.00000000000000255276002129626682903599709461859238451450627087462483151050100937790990539024199131789551,True,True,True,False,0.076867365452038733
109,16,16,retained_ULS,ULS,0.01,0.00999999999999934689859130240814744222151818171176226332567775103013453637758245821674530175,True,0.0100000000254800457006449322663796970364507288830867461518926160432181506446297088726774858,True,0.000000000000000529394382165415435932656255224393841043513301755575479747769791825239248458024096322404472,0.00000000000000258933961608358074976170404460849949324693543187093969122683634206076144544146791250851221,True,True,True,False,False,unresolved,unresolved,FALSE,0.010011773975385482,0.044395581191543514,available,unresolved,0.000000723593922622049360002944593832210210494235359707912913840840611195271230120614013787637417,0.00000000000000258933961608358074976170404460849949324693543187093969122683634206076144544146791250851221,True,True,True,False,0.076867365452038733
110,16,16,retained_ULS,ULS,0.01001,0.0100099999999997971231772375963675249062345357160630358814156897875666826552066712386773339,True,0.0100100000254804922884479911752015180886452887085253874554400573996407880229521809980503545,True,0.000000000000000529394382165415435932656255224393841043513301755575479747769791825239248458024096322404472,0.00000000000000244087232387303392277463026983638250239393341230847633924346679840167572374495405836867567,True,True,True,False,False,unresolved,unresolved,FALSE,0.010021773978686152,0.044405590833029071,available,unresolved,0.000000723593922622049360002944593832210210494235359707912913840840611195271230120614013787637417,0.00000000000000244087232387303392277463026983638250239393341230847633924346679840167572374495405836867567,True,True,True,False,0.076867365452038733
111,16,16,retained_ULS,ULS,0.010999999999999999,0.0109999999999993994912753122764391985793178409123614590614992841929317508670446962118984524,True,0.0110000000254820918572416946728525548051657112826811474301738925531126005716095094049543223,True,0.000000000000000529394382165415435932656255224393841043513301755575479747769791825239248458024096322404472,0.00000000000000274501058179814495663609626517111780335105677144601324586293582721858872929498565749050245,True,True,True,False,False,above_budget,unresolved,FALSE,0.011011774305496314,0.04539654554724009,available,above_budget,0.000000723593922622049360002944593832210210494235359707912913840840611195271230120614013787637417,0.00000000000000274501058179814495663609626517111780335105677144601324586293582721858872929498565749050245,True,True,True,False,0.076867365452038733
112,16,16,retained_ULS,ULS,0.02,0.01999999999999987282543140111141319491902807893476935684164532293735787795571467141588985,True,0.0200000000255007533335791308725660748846495808629668138237161374428191166860354402487249979,True,0.000000000000000529394382165415435932656255224393841043513301755575479747769791825239248458024096322404472,0.00000000000000251093123751718065507461440446140597130199623887737886829858276598234761721706856499675239,True,True,True,False,False,above_budget,unresolved,FALSE,0.020011777282940707,0.054405243576691326,available,above_budget,0.000000723593922622049360002944593832210210494235359707912913840840611195271230120614013787637417,0.00000000000000251093123751718065507461440446140597130199623887737886829858276598234761721706856499675239,True,True,True,False,0.076867365452038733
113,17,17,retained_ULS,ULS,0,0.00000000000000139543034643998907969762240855700422999371329945336233575961906708200910745252930530155604,True,0.00000000000600912984698845233731120966142628006402998884753913110550432514575650644836845117861389818,True,0.00000000000000138226386305596904917084872228479203427438428538219720098175770562730934076897171802779052,0.0000000000000019825573457760361010890806786234028592549670898947856908104891417093695557212280513544129,True,True,True,False,False,within_budget,unresolved,FALSE,1.1230120771864104e-05,0.043384457754658504,available,within_budget,0.00000118448330196049866597926571469119649535900304257158999795052844129836064243220271263584283,0.0000000000000019825573457760361010890806786234028592549670898947856908104891417093695557212280513544129,True,True,True,False,0.076796092247140332
114,17,17,retained_ULS,ULS,0.0089999999999999993,0.00900000000000018872110426554275604370613023049064386861283936335332104050672585827525170892,True,0.00900000000072918329251648158152994601816353502553801404125182595145171107791599411091247894,True,0.00000000000000138226386305596904917084872228479203427438428538219720098175770562730934076897171802779052,0.00000000000000185585438378850896378231346121239148159717332739676402943983844637829084778959346389048494,True,True,True,False,False,within_budget,unresolved,FALSE,0.0090112380246426781,0.052416685000612716,available,within_budget,0.00000118448330196049866597926571469119649535900304257158999795052844129836064243220271263584283,0.00000000000000185585438378850896378231346121239148159717332739676402943983844637829084778959346389048494,True,True,True,False,0.076796092247140332
115,17,17,retained_ULS,ULS,0.0099900000000000006,0.0099900000000002078060700868128303079955282027551823677647955701811380183752601368523823124,True,0.00999000000072963981672432494484166877100030198976814505052925757341869313061370183133081747,True,0.00000000000000138226386305596904917084872228479203427438428538219720098175770562730934076897171802779052,0.00000000000000201387393401139044049661153124185050387368239203787505057878731966601468025851864204624305,True,True,True,False,False,unresolved,unresolved,FALSE,0.010001238945801509,0.053410243770643795,available,unresolved,0.00000118448330196049866597926571469119649535900304257158999795052844129836064243220271263584283,0.00000000000000201387393401139044049661153124185050387368239203787505057878731966601468025851864204624305,True,True,True,False,0.076796092247140332
116,17,17,retained_ULS,ULS,0.01,0.0100000000000004092566103759591739068548092800535450318531246717306703799114577563883449926,True,0.010000000000729847888285476768518655956158992980748131551306344190384392458109280725178237,True,0.00000000000000138226386305596904917084872228479203427438428538219720098175770562730934076897171802779052,0.00000000000000193604970950192979223605795139639024341013571460838648784917715915216283040039763802836588,True,True,True,False,False,unresolved,unresolved,FALSE,0.01001123895510992,0.053420279731681855,available,unresolved,0.00000118448330196049866597926571469119649535900304257158999795052844129836064243220271263584283,0.00000000000000193604970950192979223605795139639024341013571460838648784917715915216283040039763802836588,True,True,True,False,0.076796092247140332
117,17,17,retained_ULS,ULS,0.01001,0.0100100000000006107071506651055176913635552135396375079967320783756869122312934705912593457,True,0.0100100000007300670444312836098954457306186685197520991530259590713407306830329600081665469,True,0.00000000000000138226386305596904917084872228479203427438428538219720098175770562730934076897171802779052,0.0000000000000019886131721006080393791471630973031098966001500388220930759339880419825640034003167478592,True,True,True,False,False,unresolved,unresolved,FALSE,0.010021238964418443,0.053430315692997249,available,unresolved,0.00000118448330196049866597926571469119649535900304257158999795052844129836064243220271263584283,0.0000000000000019886131721006080393791471630973031098966001500388220930759339880419825640034003167478592,True,True,True,False,0.076796092247140332
118,17,17,retained_ULS,ULS,0.010999999999999999,0.0110000000000006297921164863774670152479259618869545112915963650655850691478662036369859472,True,0.0110000000007305046346708470153162207505477552755854370043687251529721057616770280901562113,True,0.00000000000000138226386305596904917084872228479203427438428538219720098175770562730934076897171802779052,0.00000000000000188181758481621899062624359479710802952355377517969504128250196664515913741992059816128717,True,True,True,False,False,above_budget,unresolved,FALSE,0.011011239886295033,0.054423877235686813,available,above_budget,0.00000118448330196049866597926571469119649535900304257158999795052844129836064243220271263584283,0.00000000000000188181758481621899062624359479710802952355377517969504128250196664515913741992059816128717,True,True,True,False,0.076796092247140332
119,17,17,retained_ULS,ULS,0.02,0.0200000000000005172939322376309292407067979070174610746739906725635201740319539738411526854,True,0.0200000000007344148490775020652171903640311242229760921301319661802066984250640497901233866,True,0.00000000000000138226386305596904917084872228479203427438428538219720098175770562730934076897171802779052,0.00000000000000179713862402813380132501030751822902269280010458784001759799868440700700936505459033129683,True,True,True,False,False,above_budget,unresolved,FALSE,0.020011248299227267,0.063456379440029895,available,above_budget,0.00000118448330196049866597926571469119649535900304257158999795052844129836064243220271263584283,0.00000000000000179713862402813380132501030751822902269280010458784001759799868440700700936505459033129683,True,True,True,False,0.076796092247140332
120,18,18,retained_ULS,ULS,0,0.00000000000000138259654441131426985698290393665987516020181067232413288748131092578316199904600454396022,True,0.0000000000216516671728837047629887145615167545469202647679448381897916921765467575460398868073840165,True,0.000000000000000817100763992406942393127106208181612997423632714824319134587351787400160633030313332572556,0.00000000000000112580629585743673123343855256282127546373624970757738716548282175966043473168030387257647,True,True,True,False,False,within_budget,unresolved,FALSE,4.0628008777687197e-06,0.014578489257827225,available,within_budget,0.00000142480933520122930164766256348603939954527261149473756788735630672775217854701886233211561,0.00000000000000112580629585743673123343855256282127546373624970757738716548282175966043473168030387257647,True,True,True,False,0.076921026140298179
121,18,18,retained_ULS,ULS,0.0089999999999999993,0.00900000000000093747338088837622986055866470716770029818914952809697513470099664602223259945,True,0.00900000000357371308336323722494989187838962090576611630899357212789272976475243610383446988,True,0.000000000000000817100763992406942393127106208181612997423632714824319134587351787400160633030313332572556,0.00000000000000110871905032692136288846214858844442116920382303120918058619205745324638587156755195056962,True,True,True,False,False,within_budget,unresolved,FALSE,0.0090040653676967154,0.023588822613593373,available,within_budget,0.00000142480933520122930164766256348603939954527261149473756788735630672775217854701886233211561,0.00000000000000110871905032692136288846214858844442116920382303120918058619205745324638587156755195056962,True,True,True,False,0.076921026140298179
122,18,18,retained_ULS,ULS,0.0099900000000000006,0.00999000000000009775754507817759877775800615529779889845238816515234532488731300305994468063,True,0.00999000000357761396881440951080882248693049837656257748439975256297637975591564379317366187,True,0.000000000000000817100763992406942393127106208181612997423632714824319134587351787400160633030313332572556,0.00000000000000118114362206080120935939517604071625829250613978396913245992442084080562679477799450088736,True,True,True,False,False,within_budget,unresolved,FALSE,0.0099940656878980821,0.024579971669103497,available,within_budget,0.00000142480933520122930164766256348603939954527261149473756788735630672775217854701886233211561,0.00000000000000118114362206080120935939517604071625829250613978396913245992442084080562679477799450088736,True,True,True,False,0.076921026140298179
123,18,18,retained_ULS,ULS,0.01,0.0100000000000007607399906725594770789278564543578737420258872335168084317714938768655253446,True,0.0100000000035783226344805981266395985737204078828550156783726281475074275426366884274200888,True,0.000000000000000817100763992406942393127106208181612997423632714824319134587351787400160633030313332572556,0.00000000000000114454086182626197802655996998231990200238493606431516330403682622037008540233237765701231,True,True,True,False,False,unresolved,unresolved,FALSE,0.010004065691136606,0.024589983288204838,available,unresolved,0.00000142480933520122930164766256348603939954527261149473756788735630672775217854701886233211561,0.00000000000000114454086182626197802655996998231990200238493606431516330403682622037008540233237765701231,True,True,True,False,0.076921026140298179
124,18,18,retained_ULS,ULS,0.01001,0.0100100000000004315585862721054795229329491491575899919682769982556923012402481428938288693,True,0.0100100000035780446051960753104448946773154706369467906030063090446828402933393417789551124,True,0.000000000000000817100763992406942393127106208181612997423632714824319134587351787400160633030313332572556,0.00000000000000116773421549696820154300170958938573186778861864297760278247409371140103526238792316624651,True,True,True,False,False,above_budget,unresolved,FALSE,0.010014065694374165,0.024599994907554712,available,above_budget,0.00000142480933520122930164766256348603939954527261149473756788735630672775217854701886233211561,0.00000000000000116773421549696820154300170958938573186778861864297760278247409371140103526238792316624651,True,True,True,False,0.076921026140298179
125,18,18,retained_ULS,ULS,0.010999999999999999,0.0110000000000005840066004567443565329358241637158185378105644877785762445419290579208891087,True,0.0110000000035829343303174243667754613101475660126251055635477496248508955715679771482552895,True,0.000000000000000817100763992406942393127106208181612997423632714824319134587351787400160633030313332572556,0.00000000000000114942439231232908597652059041144412360770930406170384058423788303760506540838329186055685,True,True,True,False,False,above_budget,unresolved,FALSE,0.011004066015271895,0.025591146458482674,available,above_budget,0.00000142480933520122930164766256348603939954527261149473756788735630672775217854701886233211561,0.00000000000000114942439231232908597652059041144412360770930406170384058423788303760506540838329186055685,True,True,True,False,0.076921026140298179
126,18,18,retained_ULS,ULS,0.02,0.0200000000000009777337885041130764282052587927432576700011704474337888660335224692526477408,True,0.0200000000036264014726392003908783306739270488378409101491886275366702195997425261180189944,True,0.000000000000000817100763992406942393127106208181612997423632714824319134587351787400160633030313332572556,0.00000000000000113218137899965956635264160331831767707129559684214167164900292887855615447953134944152048,True,True,True,False,False,above_budget,unresolved,FALSE,0.020004068963758972,0.034601727197143564,available,above_budget,0.00000142480933520122930164766256348603939954527261149473756788735630672775217854701886233211561,0.00000000000000113218137899965956635264160331831767707129559684214167164900292887855615447953134944152048,True,True,True,False,0.076921026140298179
127,19,19,retained_ULS,ULS,0,0.00000000000000156772076225345724614416708840226952302538261801226687787392833265737538120198909651623996,True,0.00000000157513113187565470071817829591239534727263254609869481532260500866619575214638946850873011,True,0.000000000000000770871812402177273447904553657771942455704634520868687505834224286418432015994063903180631,0.00000000000000138427975779899552747465633435974937482696199251585619658382694487024362416702259240563466,True,True,True,False,False,within_budget,unresolved,FALSE,8.6326496667032683e-06,0.029139826437537059,available,within_budget,0.0000013211217920278359710578092494979987917699716033420759111181567298648659582361265173974068,0.00000000000000138427975779899552747465633435974937482696199251585619658382694487024362416702259240563466,True,True,True,False,0.053166567588974818
128,19,19,retained_ULS,ULS,0.0089999999999999993,0.00900000000000019001545723053239569771133724773864183232944638905466894936210795344713737802,True,0.00900000024550130629926816483993158429289672212749086876073716546128921418873102392889161394,True,0.000000000000000770871812402177273447904553657771942455704634520868687505834224286418432015994063903180631,0.00000000000000137672159869353263691861248691174895387940786600214324724690613977504663082829168684120816,True,True,True,False,False,within_budget,unresolved,FALSE,0.009008628218250719,0.038154109712658486,available,within_budget,0.0000013211217920278359710578092494979987917699716033420759111181567298648659582361265173974068,0.00000000000000137672159869353263691861248691174895387940786600214324724690613977504663082829168684120816,True,True,True,False,0.053166567588974818
129,19,19,retained_ULS,ULS,0.0099900000000000006,0.00999000000000030260250250551391531141335588523252246102168328468215327574944552442836805717,True,0.00999000024553918155095160045171929919854913260297007455721127166840610822874131440100597122,True,0.000000000000000770871812402177273447904553657771942455704634520868687505834224286418432015994063903180631,0.00000000000000139955698042030638363166019413244135115575140685401189809002041735724305118638248670993979,True,True,True,False,False,within_budget,unresolved,FALSE,0.0099986286885255585,0.039145698698118951,available,unresolved,0.0000013211217920278359710578092494979987917699716033420759111181567298648659582361265173974068,0.00000000000000139955698042030638363166019413244135115575140685401189809002041735724305118638248670993979,True,True,True,False,0.053166567588974818
130,19,19,retained_ULS,ULS,0.01,0.00999999999999962725870407683021341105958816829879836231716328287337098636512280783589192566,True,0.0100000002455388868592986965592927901638941215964544884656342079094782677656742553333383443,True,0.000000000000000770871812402177273447904553657771942455704634520868687505834224286418432015994063903180631,0.00000000000000138853482061438276896810213751212818373629687257630932349312499426980015234490582376379841,True,True,True,False,False,unresolved,unresolved,FALSE,0.010008628693280251,0.039155714765527129,available,unresolved,0.0000013211217920278359710578092494979987917699716033420759111181567298648659582361265173974068,0.00000000000000138853482061438276896810213751212818373629687257630932349312499426980015234490582376379841,True,True,True,False,0.053166567588974818
131,19,19,retained_ULS,ULS,0.01001,0.0100100000000000498103661352722384812948151300246901297928591187117929797701009828465668831,True,0.0100100002455396912134690869667627470379191615807329320532962693416663865913282207797792762,True,0.000000000000000770871812402177273447904553657771942455704634520868687505834224286418432015994063903180631,0.00000000000000138545849673341883138714297520210620438975650298635470130753978821095602157228005158771126,True,True,True,False,False,above_budget,unresolved,FALSE,0.010018628698036084,0.039165730833277353,available,unresolved,0.0000013211217920278359710578092494979987917699716033420759111181567298648659582361265173974068,0.00000000000000138545849673341883138714297520210620438975650298635470130753978821095602157228005158771126,True,True,True,False,0.053166567588974818
132,19,19,retained_ULS,ULS,0.010999999999999999,0.0110000000000001623974114102561848115614423839221209535186213701283770523129550326290096294,True,0.0110000002455775677508628568255645532006544501454569751648698125144581495041732821052645689,True,0.000000000000000770871812402177273447904553657771942455704634520868687505834224286418432015994063903180631,0.00000000000000152264345631974698062920485951334736076296177383385184601447750080085647679767610039725093,True,True,True,False,False,above_budget,unresolved,FALSE,0.011008629169320064,0.040157323228327498,available,above_budget,0.0000013211217920278359710578092494979987917699716033420759111181567298648659582361265173974068,0.00000000000000152264345631974698062920485951334736076296177383385184601447750080085647679767610039725093,True,True,True,False,0.053166567588974818
133,19,19,retained_ULS,ULS,0.02,0.0199999999999994891684749755104396403578887796234985450469264684780136885903305260018718146,True,0.0200000002459202713934369021266108377429653017931506746263995905137951832319023889854817746,True,0.000000000000000770871812402177273447904553657771942455704634520868687505834224286418432015994063903180631,0.000000000000001553707922047044514218780676951336691804077871801155892699601670062650714003575772074664,True,True,True,False,False,above_budget,unresolved,FALSE,0.020008633499050986,0.049171952746934165,available,above_budget,0.0000013211217920278359710578092494979987917699716033420759111181567298648659582361265173974068,0.000000000000001553707922047044514218780676951336691804077871801155892699601670062650714003575772074664,True,True,True,False,0.053166567588974818
134,20,20,retained_ULS,ULS,0,0.00000000000000934149756462878016970967556166925882202710863030286053704255388955903552683426282219699947,True,0.00000000326341283690344607521046640858870727898385609297911002516214482203628803824234580192170181,True,0.000000000000000670328176342579398886805413451820844677325216932086017076319232354346116100744595713515509,0.0000000000000413678485669156560874537211776054057326738615003086025724698743117399652209411384128625579,True,True,True,False,False,within_budget,unresolved,FALSE,3.1073962175452438e-06,0.011639839282333286,available,within_budget,0.00000000178511799184013329361261467188833155748409413410307274747620589855705295770325740195873358,0.0000000000000413678485669156560874537211776054057326738615003086025724698743117399652209411384128625579,True,True,True,False,0.072946129344056254
135,20,20,retained_ULS,ULS,0.0089999999999999993,0.00900000000000086341264759427891631248077400120373907114306690898114876955487710119723612686,True,0.00900000052515569319946822275355975439458712132942579661181802873605699715404600037108827923,True,0.000000000000000670328176342579398886805413451820844677325216932086017076319232354346116100744595713515509,0.0000000000000411288648406657592514272906741901363540035847440697521373469212869229301022425356233468775,True,True,True,False,False,within_budget,unresolved,FALSE,0.0090030999243498316,0.020639742778164948,available,within_budget,0.00000000178511799184013329361261467188833155748409413410307274747620589855705295770325740195873358,0.0000000000000411288648406657592514272906741901363540035847440697521373469212869229301022425356233468775,True,True,True,False,0.072946129344056254
136,20,20,retained_ULS,ULS,0.0099900000000000006,0.00999000000000044011454899957008745058951296739025375951614626710017792223433988558311825964,True,0.00999000052515519682955489866709104372577498381249294172991275579664652155037084000452177592,True,0.000000000000000670328176342579398886805413451820844677325216932086017076319232354346116100744595713515509,0.0000000000000408342171294428415758973414001143607750423205826271020663445126813459906054181791114260653,True,True,True,False,False,within_budget,unresolved,FALSE,0.0099930999217012588,0.021629733040056609,available,within_budget,0.00000000178511799184013329361261467188833155748409413410307274747620589855705295770325740195873358,0.0000000000000408342171294428415758973414001143607750423205826271020663445126813459906054181791114260653,True,True,True,False,0.072946129344056254
137,20,20,retained_ULS,ULS,0.01,0.0100000000000004564823725595184923309007544972721548718777745599824211632726944912558597099,True,0.0100000005251551966307712663361200735509566843948616150473615258157022775502194062977560139,True,0.000000000000000670328176342579398886805413451820844677325216932086017076319232354346116100744595713515509,0.0000000000000411909663346304823454839768868163254202224666364010531780518462029792462617130263755910142,True,True,True,False,False,unresolved,unresolved,FALSE,0.010003099921674719,0.021639732941750828,available,unresolved,0.00000000178511799184013329361261467188833155748409413410307274747620589855705295770325740195873358,0.0000000000000411909663346304823454839768868163254202224666364010531780518462029792462617130263755910142,True,True,True,False,0.072946129344056254
138,20,20,retained_ULS,ULS,0.01001,0.0100100000000004728501961194669059183624414419901059882651962289677454542482466163509840986,True,0.0100100005251552284083053006489764562741056431048986648788522704851835132527553697053344179,True,0.000000000000000670328176342579398886805413451820844677325216932086017076319232354346116100744595713515509,0.000000000000041160057872972217821323593282576624408456160879970276197786116491689033019260662876120651,True,True,True,False,False,above_budget,unresolved,FALSE,0.010013099921647534,0.021649732843445582,available,above_budget,0.00000000178511799184013329361261467188833155748409413410307274747620589855705295770325740195873358,0.000000000000041160057872972217821323593282576624408456160879970276197786116491689033019260662876120651,True,True,True,False,0.072946129344056254
139,20,20,retained_ULS,ULS,0.010999999999999999,0.011000000000000049552097524846019275969509955027027202190578338605554982234822280468420384,True,0.0110000005251547252287131220638838065786703365066102485482114483972848553920320631195486506,True,0.000000000000000670328176342579398886805413451820844677325216932086017076319232354346116100744595713515509,0.0000000000000410292766481650132887290695366801664882038007926080036765033835042281679810634906697214292,True,True,True,False,False,above_budget,unresolved,FALSE,0.011003099919001395,0.022639723117086376,available,above_budget,0.00000000178511799184013329361261467188833155748409413410307274747620589855705295770325740195873358,0.0000000000000410292766481650132887290695366801664882038007926080036765033835042281679810634906697214292,True,True,True,False,0.072946129344056254
140,20,20,retained_ULS,ULS,0.02,0.0200000000000004746048842736807176380821117826269637948025375241748626029836056430579920031,True,0.0200000005251546779461852970620180830689323328675843379738645768398284347920972258023637753,True,0.000000000000000670328176342579398886805413451820844677325216932086017076319232354346116100744595713515509,0.0000000000000411794083570932528431995255234742018096847361615735652888414077666758829763977873632416493,True,True,True,False,False,above_budget,unresolved,FALSE,0.020003099895094866,0.031639635223919077,available,above_budget,0.00000000178511799184013329361261467188833155748409413410307274747620589855705295770325740195873358,0.0000000000000411794083570932528431995255234742018096847361615735652888414077666758829763977873632416493,True,True,True,False,0.072946129344056254
141,21,21,retained_ULS,ULS,0,0.00000000000000113993626698159815401321118463085236725684637430941223971793000488205371820458068948147262,True,0.000000000261985433551504955129130511572119091606255768455868613538216246402062145495721158365760189,True,0.000000000000000493432411246309554305417877911444191600614448172832504587940154990313512874247615985949664,0.00000000000000107963046368861893246213625097754808216408024822684747483177448854429377009961166081745719,True,True,True,False,False,within_budget,unresolved,FALSE,0.00025856418312111736,1.3833454971095445,available,within_budget,0.000502325695457773365587047936112083184048879776742248438278442942643915495709724592501092594,0.00000000000000107963046368861893246213625097754808216408024822684747483177448854429377009961166081745719,True,True,True,False,0.076291506281659316
142,21,21,retained_ULS,ULS,0.0089999999999999993,0.00900000000000011676183318334069110169252032078041999815452297772155263403198972631134382935,True,0.00899999999839376598976149137964942654040171312190953583612146886221738965697735563884902172,True,0.000000000000000493432411246309554305417877911444191600614448172832504587940154990313512874247615985949664,0.00000000000000135847092063792941048060509268586431835984915561893082148212622750004006452232749352106451,True,True,True,False,False,within_budget,unresolved,FALSE,0.0092585759094697614,1.3924113612549485,available,within_budget,0.000502325695457773365587047936112083184048879776742248438278442942643915495709724592501092594,0.00000000000000135847092063792941048060509268586431835984915561893082148212622750004006452232749352106451,True,True,True,False,0.076291506281659316
143,21,21,retained_ULS,ULS,0.0099900000000000006,0.00999000000000067623105318759049691121459552319139336035453252351912125167385134300433417128,True,0.00998999999839410016605325611527773557819393709538895838241027216174073920133297497356211328,True,0.000000000000000493432411246309554305417877911444191600614448172832504587940154990313512874247615985949664,0.00000000000000126663109310297152972576415876890300633868208413746800327118299497111701424834126577307908,True,True,True,False,False,unresolved,unresolved,FALSE,0.010248577328728531,1.3934089544520674,available,unresolved,0.000502325695457773365587047936112083184048879776742248438278442942643915495709724592501092594,0.00000000000000126663109310297152972576415876890300633868208413746800327118299497111701424834126577307908,True,True,True,False,0.076291506281659316
144,21,21,retained_ULS,ULS,0.01,0.0100000000000001933175178252509704703498612057162887487552903828811852833635388678062999269,True,0.00999999999839361569683442686633634201276194006603234885897201892751672152622800942754853908,True,0.000000000000000493432411246309554305417877911444191600614448172832504587940154990313512874247615985949664,0.00000000000000113851500633113312857719310590076703223701220631386321750457532465936319878620651889923446,True,True,True,False,False,unresolved,unresolved,FALSE,0.010258577343129864,1.3934190315029533,available,unresolved,0.000502325695457773365587047936112083184048879776742248438278442942643915495709724592501092594,0.00000000000000113851500633113312857719310590076703223701220631386321750457532465936319878620651889923446,True,True,True,False,0.076291506281659316
145,21,21,retained_ULS,ULS,0.01001,0.0100100000000005741166471214090082955362298655594549609917369478606136021594349523045017694,True,0.0100099999983939924368775550572692831455267462368876631202133432227337759531760767776340984,True,0.000000000000000493432411246309554305417877911444191600614448172832504587940154990313512874247615985949664,0.00000000000000137366815716325054936272374363692113721376702983764218355542533250241236630977716637414819,True,True,True,False,False,unresolved,unresolved,FALSE,0.01026857735753336,1.3934291085608785,available,unresolved,0.000502325695457773365587047936112083184048879776742248438278442942643915495709724592501092594,0.00000000000000137366815716325054936272374363692113721376702983764218355542533250241236630977716637414819,True,True,True,False,0.076291506281659316
146,21,21,retained_ULS,ULS,0.010999999999999999,0.0110000000000002698732024671624766046507813625355706706921257933474511057716756839104938205,True,0.0109999999983934626536666414916789534679596067804209549459979384881619335746748436175002908,True,0.000000000000000493432411246309554305417877911444191600614448172832504587940154990313512874247615985949664,0.00000000000000123094356984078037201780923383287390627811302861833502451864022105406911570708265109689239,True,True,True,False,False,above_budget,unresolved,FALSE,0.011258578789945668,1.3944267721356796,available,above_budget,0.000502325695457773365587047936112083184048879776742248438278442942643915495709724592501092594,0.00000000000000123094356984078037201780923383287390627811302861833502451864022105406911570708265109689239,True,True,True,False,0.076291506281659316
147,21,21,retained_ULS,ULS,0.02,0.0200000000000000951616995858933096730403554128291457044808198038399445199008091850758518403,True,0.0199999999983912365386788338035162355795181302930319075798854145926494996763604248322877594,True,0.000000000000000493432411246309554305417877911444191600614448172832504587940154990313512874247615985949664,0.00000000000000116827840232276602456974595549642100114589685477305296930134326331662318116275603907369121,True,True,True,False,False,above_budget,unresolved,FALSE,0.020258592403257995,1.4034996049441932,available,above_budget,0.000502325695457773365587047936112083184048879776742248438278442942643915495709724592501092594,0.00000000000000116827840232276602456974595549642100114589685477305296930134326331662318116275603907369121,True,True,True,False,0.076291506281659316
148,22,22,retained_ULS,ULS,0,0.00000000000000184013888582581984793104397518599850476823634753768498195937200628109825642911287801603139,True,0.0000000000961562923609541179911496164287032427470958353411930660430369100469539888130902524112418031,True,0.000000000000000783672013798246706424587480307758974071300693872188186268103484406656761703122955695751042,0.00000000000000203014841091909697141972390334446235433361963742374546248496334489362284314049752732570224,True,True,True,False,False,within_budget,unresolved,FALSE,0.00021982123535916752,0.60691380109915327,available,within_budget,0.000000548320897911125716284334523908899930491131298229565333676264585693368323366694401923305545,0.00000000000000203014841091909697141972390334446235433361963742374546248496334489362284314049752732570224,True,True,True,False,0.076237810799559394
149,22,22,retained_ULS,ULS,0.0089999999999999993,0.00899999999999991512002453244935470717016529985919580782290586893456829917922677629381431578,True,0.00900000000107463895758830786894472025357539620008983130327270853984526326967687445057882074,True,0.000000000000000783672013798246706424587480307758974071300693872188186268103484406656761703122955695751042,0.00000000000000186984096703495641881716452511987132010167800176277721066804240249784525810381841346565498,True,True,True,False,False,within_budget,unresolved,FALSE,0.0092192703055950717,0.61617916664202765,available,within_budget,0.000000548320897911125716284334523908899930491131298229565333676264585693368323366694401923305545,0.00000000000000186984096703495641881716452511987132010167800176277721066804240249784525810381841346565498,True,True,True,False,0.076237810799559394
150,22,22,retained_ULS,ULS,0.0099900000000000006,0.00998999999999976577893764069442714349505625193783432121931259412500437419523066596666594044,True,0.00999000000107456239982186346390064128946280105862051657728483108966004480443357726710295429,True,0.000000000000000783672013798246706424587480307758974071300693872188186268103484406656761703122955695751042,0.00000000000000199743326947633388027244563791118570269812121779478120693722588228696970984615548877851585,True,True,True,False,False,unresolved,unresolved,FALSE,0.010209280926648129,0.61719858540117267,available,unresolved,0.000000548320897911125716284334523908899930491131298229565333676264585693368323366694401923305545,0.00000000000000199743326947633388027244563791118570269812121779478120693722588228696970984615548877851585,True,True,True,False,0.076237810799559394
151,22,22,retained_ULS,ULS,0.01,0.00999999999999955013130194264294728245259765808799449802847438745072513652606257725663600977,True,0.0100000000010743452685960398855910234577339471581947453583649309653552484351522702745260586,True,0.000000000000000783672013798246706424587480307758974071300693872188186268103484406656761703122955695751042,0.00000000000000189474208836627274263161490518013164152076977003989509370455808106891471506297741774953918,True,True,True,False,False,unresolved,unresolved,FALSE,0.010219281033990849,0.61720888271941199,available,unresolved,0.000000548320897911125716284334523908899930491131298229565333676264585693368323366694401923305545,0.00000000000000189474208836627274263161490518013164152076977003989509370455808106891471506297741774953918,True,True,True,False,0.076237810799559394
152,22,22,retained_ULS,ULS,0.01001,0.0100100000000001824746601332052046611734802108225076142692463117344044203051305097474338204,True,0.0100100000010749806217129570527979003690906612984204644593238223485574915815741844965639981,True,0.000000000000000783672013798246706424587480307758974071300693872188186268103484406656761703122955695751042,0.00000000000000221634444734728666311579272076536824936079106845616483178308084505137224429762899410855746,True,True,True,False,False,unresolved,unresolved,FALSE,0.010229281141335794,0.61721918004083332,available,unresolved,0.000000548320897911125716284334523908899930491131298229565333676264585693368323366694401923305545,0.00000000000000221634444734728666311579272076536824936079106845616483178308084505137224429762899410855746,True,True,True,False,0.076237810799559394
153,22,22,retained_ULS,ULS,0.010999999999999999,0.0110000000000000331335732414536598616260081303241351359043507616726758383379232219932361606,True,0.0110000000010749160463477137548580688215615787246183841112410643216024829541784699994281626,True,0.000000000000000783672013798246706424587480307758974071300693872188186268103484406656761703122955695751042,0.00000000000000194592855064248884800985174360080961730753401881642109802530272291741090958752643240849709,True,True,True,False,False,above_budget,unresolved,FALSE,0.011219291774288825,0.61823863060645945,available,above_budget,0.000000548320897911125716284334523908899930491131298229565333676264585693368323366694401923305545,0.00000000000000194592855064248884800985174360080961730753401881642109802530272291741090958752643240849709,True,True,True,False,0.076237810799559394
154,22,22,retained_ULS,ULS,0.02,0.0200000000000001401990454877498963058649567777153126772142511758382176333499386650070227132,True,0.020000000001075733894360287579753575402643061917278132486576081526571416826979875313083496,True,0.000000000000000783672013798246706424587480307758974071300693872188186268103484406656761703122955695751042,0.00000000000000198538545778600623153212545044978518196299884896022443034264121864957063131330293811279091,True,True,True,False,False,above_budget,unresolved,FALSE,0.02021938896200379,0.62750779224177711,available,above_budget,0.000000548320897911125716284334523908899930491131298229565333676264585693368323366694401923305545,0.00000000000000198538545778600623153212545044978518196299884896022443034264121864957063131330293811279091,True,True,True,False,0.076237810799559394
155,23,23,retained_ULS,ULS,0,0.00000000000000207114833409165161703247936070345672847463452320564683698262729360104359547071426496641749,True,0.00000000000948068904236623760931719431364013175861685002183250522804765864242047745031650662201069176,True,0.000000000000000782392039519594511502949247111618569857227290330716088372288156262323000336843490998793541,0.00000000000000114230690301053388418824169093792928019358410340467682448735000588494028959913672913618454,True,True,True,False,False,within_budget,unresolved,FALSE,7.2424673093223685e-06,0.025799359599515407,available,within_budget,0.00000426982096921224111195679655664541322463128833571777333654598531661034194605458443992088686,0.00000000000000114230690301053388418824169093792928019358410340467682448735000588494028959913672913618454,True,True,True,False,0.074674043622309214
156,23,23,retained_ULS,ULS,0.0089999999999999993,0.00899999999999927170467187009109004543552245189400599328299467324146293336369540900893545966,True,0.00899999999962514078573815631895095969272209428144544052026119038343292003299424340637986241,True,0.000000000000000782392039519594511502949247111618569857227290330716088372288156262323000336843490998793541,0.0000000000000011568502667422917209023107998985789386317322400336708758341995521294694971383617380452164,True,True,True,False,False,within_budget,unresolved,FALSE,0.009007244168457388,0.034808456200736734,available,within_budget,0.00000426982096921224111195679655664541322463128833571777333654598531661034194605458443992088686,0.0000000000000011568502667422917209023107998985789386317322400336708758341995521294694971383617380452164,True,True,True,False,0.074674043622309214
157,23,23,retained_ULS,ULS,0.0099900000000000006,0.00998999999999907553152583199493296884861580106488706772943597680002708541572246852604706185,True,0.00998999999962487503871966395675602711526062359454121090405795061357649136038140846958847764,True,0.000000000000000782392039519594511502949247111618569857227290330716088372288156262323000336843490998793541,0.00000000000000121667696821897145386928105460428961410282878531398202444426119205184094118731531200862707,True,True,True,False,False,within_budget,unresolved,FALSE,0.0099972444519339752,0.035799466112415614,available,unresolved,0.00000426982096921224111195679655664541322463128833571777333654598531661034194605458443992088686,0.00000000000000121667696821897145386928105460428961410282878531398202444426119205184094118731531200862707,True,True,True,False,0.074674043622309214
158,23,23,retained_ULS,ULS,0.01,0.00999999999999872581912011583324562181925183033269506914713418037926308532318042960088790516,True,0.00999999999962452761395618386486989587394268980164539682464758234121023817227885462984234058,True,0.000000000000000782392039519594511502949247111618569857227290330716088372288156262323000336843490998793541,0.00000000000000117387147099236524266701472921165576668164887226957936426186997423934669826802804970155555,True,True,True,False,False,unresolved,unresolved,FALSE,0.010007244454799624,0.035809476322833579,available,unresolved,0.00000426982096921224111195679655664541322463128833571777333654598531661034194605458443992088686,0.00000000000000117387147099236524266701472921165576668164887226957936426186997423934669826802804970155555,True,True,True,False,0.074674043622309214
159,23,23,retained_ULS,ULS,0.01001,0.0100099999999999408955789388494272653322226104945407617892796666172903428572730254947930794,True,0.0100099999996257419251387701123914077464211100143662864137748690439644866076832609209872288,True,0.000000000000000782392039519594511502949247111618569857227290330716088372288156262323000336843490998793541,0.00000000000000114935376715496422865089232345964668548634145560034960580022426623376784406396812858002759,True,True,True,False,False,above_budget,unresolved,FALSE,0.010017244457666939,0.035819486533438957,available,unresolved,0.00000426982096921224111195679655664541322463128833571777333654598531661034194605458443992088686,0.00000000000000114935376715496422865089232345964668548634145560034960580022426623376784406396812858002759,True,True,True,False,0.074674043622309214
160,23,23,retained_ULS,ULS,0.010999999999999999,0.0109999999999997447224329007573403610426499337631046783469507782841727468357047835213638278,True,0.0109999999996254811210751381001474929123286430254369597713847209021698561757984578008999656,True,0.000000000000000782392039519594511502949247111618569857227290330716088372288156262323000336843490998793541,0.00000000000000126111025512006187409114269698240747859321521572396333896384735651796103527367064676521175,True,True,True,False,False,above_budget,unresolved,FALSE,0.011007244741665003,0.036810498302909021,available,above_budget,0.00000426982096921224111195679655664541322463128833571777333654598531661034194605458443992088686,0.00000000000000126111025512006187409114269698240747859321521572396333896384735651796103527367064676521175,True,True,True,False,0.074674043622309214
161,23,23,retained_ULS,ULS,0.02,0.0199999999999995261190607300894106382382878901086124442583716969230250766045909461462046289,True,0.0199999999996246586140951706547896667359836046247752737287653477940455782749628976223158608,True,0.000000000000000782392039519594511502949247111618569857227290330716088372288156262323000336843490998793541,0.00000000000000130111413972744496975420907287324882726368646826604842260509484907112872519601755686979357,True,True,True,False,False,above_budget,unresolved,FALSE,0.020007247346901635,0.045819779696006736,available,above_budget,0.00000426982096921224111195679655664541322463128833571777333654598531661034194605458443992088686,0.00000000000000130111413972744496975420907287324882726368646826604842260509484907112872519601755686979357,True,True,True,False,0.074674043622309214
162,24,24,retained_ULS,ULS,0,0.00000000000000124813521622054080234472086408465950198419034572916575639013182908737669470730349505149938,True,0.000000000120225010191723848277426842899032770935769254428616206866088726219105401892242188905046679,True,0.000000000000000460612469376534179590172967062729683534688774995929480044551917250286365702431442676909806,0.00000000000000130303319463054017940552700750856652965455100866859948315567288993629868395055708037015973,True,True,True,False,False,within_budget,unresolved,FALSE,4.1740629703929569e-06,0.015572726853453697,available,within_budget,0.00000109325671078000768655895789030870611623665029499338240376465899500426389532576303506511,0.00000000000000130303319463054017940552700750856652965455100866859948315567288993629868395055708037015973,True,True,True,False,0.076910816295560874
163,24,24,retained_ULS,ULS,0.0089999999999999993,0.00899999999999968432278095887065517759539896013510414876348414182513650934555004148512532686,True,0.00899999997739588712562066024468074492626020618157748880276902948240199319062377396269653527,True,0.000000000000000460612469376534179590172967062729683534688774995929480044551917250286365702431442676909806,0.00000000000000113914015381489890350197304327083830608259890096629841271871005039209543532338556370178404,True,True,True,False,False,within_budget,unresolved,FALSE,0.0090041348346880431,0.024576711553577522,available,within_budget,0.00000109325671078000768655895789030870611623665029499338240376465899500426389532576303506511,0.00000000000000113914015381489890350197304327083830608259890096629841271871005039209543532338556370178404,True,True,True,False,0.076910816295560874
164,24,24,retained_ULS,ULS,0.0099900000000000006,0.00998999999999944362388264703078246796767285011567802571428512033481541672667336134875433801,True,0.00998999997739456267157865715599896100971435574374918024622222800651050935881161652947842343,True,0.000000000000000460612469376534179590172967062729683534688774995929480044551917250286365702431442676909806,0.00000000000000116155103720605086613487704190848984206644648167999727194430512699922598129429715353145241,True,True,True,False,False,within_budget,unresolved,FALSE,0.0099941349551158475,0.025567163121644768,available,within_budget,0.00000109325671078000768655895789030870611623665029499338240376465899500426389532576303506511,0.00000000000000116155103720605086613487704190848984206644648167999727194430512699922598129429715353145241,True,True,True,False,0.076910816295560874
165,24,24,retained_ULS,ULS,0.01,0.00999999999999947868639535188578328470366791361355014455341803327681570303131491776708905847,True,0.00999999997739458684278305585654663028385089915486728884580772527455427364033900626150160707,True,0.000000000000000460612469376534179590172967062729683534688774995929480044551917250286365702431442676909806,0.00000000000000114235857499239503504889446891123300246200547367660324600577881534607321053632707290185078,True,True,True,False,False,unresolved,unresolved,FALSE,0.010004134956334704,0.025577167691851675,available,unresolved,0.00000109325671078000768655895789030870611623665029499338240376465899500426389532576303506511,0.00000000000000114235857499239503504889446891123300246200547367660324600577881534607321053632707290185078,True,True,True,False,0.076910816295560874
166,24,24,retained_ULS,ULS,0.01001,0.0100099999999995137489080567407842469266915102758236182169410645322670497501646382555196646,True,0.0100099999773946112073677056515716708186307915286892412050873855811585941840170346320138734,True,0.000000000000000460612469376534179590172967062729683534688774995929480044551917250286365702431442676909806,0.00000000000000117690540020474845921515867207874355312424861993396992362645509274909831062075211013844736,True,True,True,False,False,above_budget,unresolved,FALSE,0.01001413495755361,0.025587172262236849,available,above_budget,0.00000109325671078000768655895789030870611623665029499338240376465899500426389532576303506511,0.00000000000000117690540020474845921515867207874355312424861993396992362645509274909831062075211013844736,True,True,True,False,0.076910816295560874
167,24,24,retained_ULS,ULS,0.010999999999999999,0.0109999999999992730500097449023809562871394464258685011794858783915858162846139590618427223,True,0.010999999977393290203892195512973948169563339596346489394472053462024387916495401967528333,True,0.000000000000000460612469376534179590172967062729683534688774995929480044551917250286365702431442676909806,0.00000000000000119432708627379728134263499892034597557122987465020346138954242718371527219374901364893022,True,True,True,False,False,above_budget,unresolved,FALSE,0.011004135078455898,0.026577625612724903,available,above_budget,0.00000109325671078000768655895789030870611623665029499338240376465899500426389532576303506511,0.00000000000000119432708627379728134263499892034597557122987465020346138954242718371527219374901364893022,True,True,True,False,0.076910816295560874
168,24,24,retained_ULS,ULS,0.02,0.0199999999999992782663673283235949749890754273784960308757676917288410189306922984428614644,True,0.0199999999773834630145980534772723289659745797371484741502995679155141006477077029391956699,True,0.000000000000000460612469376534179590172967062729683534688774995929480044551917250286365702431442676909806,0.00000000000000113833418159945409561017161310387913643345557039016522363476486651781682107593180454499332,True,True,True,False,False,above_budget,unresolved,FALSE,0.020004136198835506,0.035581827091350451,available,above_budget,0.00000109325671078000768655895789030870611623665029499338240376465899500426389532576303506511,0.00000000000000113833418159945409561017161310387913643345557039016522363476486651781682107593180454499332,True,True,True,False,0.076910816295560874
169,25,25,retained_ULS,ULS,0,0.00000000000000184601883178537875938687042941132921661382869144431298026077107394902149844311611277894474,True,0.0000000000143996233984001354373620738025567228879630256309103689326072305740775380313965373428953465,True,0.00000000000000106814905049844820379185978656795270934522107414954533762647386932811433274024387560909506,0.00000000000000138475278678817720410442159486977448688394458613701256528282295356814373035574889796276521,True,True,True,False,False,within_budget,unresolved,FALSE,1.1665907626239143e-05,0.040756734487938616,available,within_budget,0.00000113759182648702605774684277353257099178340698182009096276147395948649394179217515783719796,0.00000000000000138475278678817720410442159486977448688394458613701256528282295356814373035574889796276521,True,True,True,False,0.072370918015908753
170,25,25,retained_ULS,ULS,0.0089999999999999993,0.00900000000000032130154025975417342560851687368463957733909806197181093961157394359049830969,True,0.00900000000206039347295317698933095120707866956303419305022971135573080434339197850052948377,True,0.00000000000000106814905049844820379185978656795270934522107414954533762647386932811433274024387560909506,0.00000000000000144986485936879477804317567437452516050959983114577455048106776563375288935383918496610168,True,True,True,False,False,within_budget,unresolved,FALSE,0.0090116327464197579,0.049773628101690587,available,within_budget,0.00000113759182648702605774684277353257099178340698182009096276147395948649394179217515783719796,0.00000000000000144986485936879477804317567437452516050959983114577455048106776563375288935383918496610168,True,True,True,False,0.072370918015908753
171,25,25,retained_ULS,ULS,0.0099900000000000006,0.00999000000000029160596590487076367500100726005866208654091420170224080952931997902688029007,True,0.00999000000206037833536610241997718155464223906617789492704939459645255682591423131567517279,True,0.00000000000000106814905049844820379185978656795270934522107414954533762647386932811433274024387560909506,0.00000000000000121576657551488164915872775918277091856890195499738321097570560193369962067871913170545919,True,True,True,False,False,unresolved,unresolved,FALSE,0.010001633282032187,0.05076550417257629,available,unresolved,0.00000113759182648702605774684277353257099178340698182009096276147395948649394179217515783719796,0.00000000000000121576657551488164915872775918277091856890195499738321097570560193369962067871913170545919,True,True,True,False,0.072370918015908753
172,25,25,retained_ULS,ULS,0.01,0.0100000000000004657205100801140242319559033708866698955396824880883515896290991023719110747,True,0.0100000000020605535294119705434319488879905263153839917607684868807876103039640395515614908,True,0.00000000000000106814905049844820379185978656795270934522107414954533762647386932811433274024387560909506,0.00000000000000118403498799144746950477785931785161396735542198612262500782720289631125481901190716806878,True,True,True,False,False,unresolved,unresolved,FALSE,0.010011633287446503,0.050775523136526023,available,unresolved,0.00000113759182648702605774684277353257099178340698182009096276147395948649394179217515783719796,0.00000000000000118403498799144746950477785931785161396735542198612262500782720289631125481901190716806878,True,True,True,False,0.072370918015908753
173,25,25,retained_ULS,ULS,0.01001,0.0100099999999996241270867433593833945858936292442031414094076064609769686311948122597344872,True,0.0100100000020597130253720690780725496444727005079549192635006948614095833994761661466710453,True,0.00000000000000106814905049844820379185978656795270934522107414954533762647386932811433274024387560909506,0.00000000000000136008675367936618149501717307610016052375420891790184464995328469398260289287388656526803,True,True,True,False,False,unresolved,unresolved,FALSE,0.010021633292859966,0.050785542100749578,available,unresolved,0.00000113759182648702605774684277353257099178340698182009096276147395948649394179217515783719796,0.00000000000000136008675367936618149501717307610016052375420891790184464995328469398260289287388656526803,True,True,True,False,0.072370918015908753
174,25,25,retained_ULS,ULS,0.010999999999999999,0.0109999999999995944315123884794141102074698792190860995865837458831794890399443654974429968,True,0.0110000000020596911087262661647580761511419648216359128594497706529063040255911749712106081,True,0.00000000000000106814905049844820379185978656795270934522107414954533762647386932811433274024387560909506,0.00000000000000144496404973240025852806916654326840914005423943615278491831047047898040827008981512162706,True,True,True,False,False,above_budget,unresolved,FALSE,0.01101163382925776,0.051777420918952259,available,above_budget,0.00000113759182648702605774684277353257099178340698182009096276147395948649394179217515783719796,0.00000000000000144496404973240025852806916654326840914005423943615278491831047047898040827008981512162706,True,True,True,False,0.072370918015908753
175,25,25,retained_ULS,ULS,0.02,0.0199999999999998784942732598208132332960989028680699157181353306295955621217838042210363478,True,0.0200000000020600971552654148145803445476499842063193839273583209236788396996999685134508054,True,0.00000000000000106814905049844820379185978656795270934522107414954533762647386932811433274024387560909506,0.00000000000000154120276280182360552952774634402828699083821370045415603806195742800187750880882378435245,True,True,True,False,False,above_budget,unresolved,FALSE,0.020011638740844349,0.060794624538921732,available,above_budget,0.00000113759182648702605774684277353257099178340698182009096276147395948649394179217515783719796,0.00000000000000154120276280182360552952774634402828699083821370045415603806195742800187750880882378435245,True,True,True,False,0.072370918015908753
176,26,1,fresh_regular,ULS,0,0.00000000000000178947949982450271168763394280955934986517381360394984756781209054739244581626680565842357,True,0.00000000000000138322543934419124257309365515735360875434794875017814934378367058034028333668314106499845,True,0.000000000000000942953886454531588540425708469867117468447419945041356689776068633636473526506550637602989,0.00000000000000200405549198001487487512440928822106714255089876970538339764654244426272723099295843744808,True,True,True,False,False,within_budget,within_budget,TRUE,1.390164333248184e-15,8.3272516517344184e-13,available,within_budget,0.00000000000000561165286115623237884270686731625813867444937641887712716569604806435744289213115828026057,0.00000000000000200405549198001487487512440928822106714255089876970538339764654244426272723099295843744808,True,True,True,False,0.076923076923070877
177,26,1,fresh_regular,ULS,0.0089999999999999993,0.00899999999999985338866674259468425536975079639875133673716916424999086514795150521896948972,True,0.00899999999999994550498995127123484272874093111761299940212643592100972346861408797132513231,True,0.000000000000000942953886454531588540425708469867117468447419945041356689776068633636473526506550637602989,0.0000000000000020030392173915829693168357236134681386995573489049614260581302595760019866522405486796324,True,True,True,False,False,within_budget,within_budget,TRUE,0.0090000000000005041,0.0090000000020275094,available,within_budget,0.00000000000000561165286115623237884270686731625813867444937641887712716569604806435744289213115828026057,0.0000000000000020030392173915829693168357236134681386995573489049614260581302595760019866522405486796324,True,True,True,False,0.076923076923070877
178,26,1,fresh_regular,ULS,0.0099900000000000006,0.00999000000000003702268757297243911424140171067887092717713419449317934203904474795479828888,True,0.00998999999999933820921002311427841422247642707987886211652628257278936388826597450225929799,True,0.000000000000000942953886454531588540425708469867117468447419945041356689776068633636473526506550637602989,0.00000000000000211906653621621869773787419026752096270114003637978515536385539112219852948557843210373001,True,True,True,False,False,within_budget,within_budget,TRUE,0.0099899999999999572,0.0099900000021584858,available,within_budget,0.00000000000000561165286115623237884270686731625813867444937641887712716569604806435744289213115828026057,0.00000000000000211906653621621869773787419026752096270114003637978515536385539112219852948557843210373001,True,True,True,False,0.076923076923070877
179,26,1,fresh_regular,ULS,0.01,0.0100000000000005499763565499395059681600638249545114016287884055888218307906394824625178609,True,0.0100000000000006413767020834812881522916392492668372168760065901661594031339990203776965516,True,0.000000000000000942953886454531588540425708469867117468447419945041356689776068633636473526506550637602989,0.00000000000000200256890623077586362692381571666839270954799649053144654313923727521320565326525543264332,True,True,True,False,False,above_budget,unresolved,FALSE,0.010000000000001261,0.010000000002161119,available,unresolved,0.00000000000000561165286115623237884270686731625813867444937641887712716569604806435744289213115828026057,0.00000000000000200256890623077586362692381571666839270954799649053144654313923727521320565326525543264332,True,True,True,False,0.076923076923070877
180,26,1,fresh_regular,ULS,0.01001,0.0100100000000002723241004036353214969387625566253379185040604309997507414891463685707494169,True,0.0100100000000003649120896465310184081727873397352624634252704616321018152966328444215473358,True,0.000000000000000942953886454531588540425708469867117468447419945041356689776068633636473526506550637602989,0.00000000000000200288292735419541531147425568980975524269380703286548967223688571517903968789955284301835,True,True,True,False,False,above_budget,above_budget,FALSE,0.010010000000000987,0.010010000002162173,available,above_budget,0.00000000000000561165286115623237884270686731625813867444937641887712716569604806435744289213115828026057,0.00000000000000200288292735419541531147425568980975524269380703286548967223688571517903968789955284301835,True,True,True,False,0.076923076923070877
181,26,1,fresh_regular,ULS,0.010999999999999999,0.0110000000000004559581212340163022447042534526237627193823763642619400897183142424102143019,True,0.0110000000000013390361356741943097053357190765917420097147303526183728335503880312928027559,True,0.000000000000000942953886454531588540425708469867117468447419945041356689776068633636473526506550637602989,0.00000000000000218849149921716398874787259696476957369765298351186436260361808203187119759921408628587744,True,True,True,False,False,above_budget,above_budget,FALSE,0.011000000000002022,0.011000000002294731,available,above_budget,0.00000000000000561165286115623237884270686731625813867444937641887712716569604806435744289213115828026057,0.00000000000000218849149921716398874787259696476957369765298351186436260361808203187119759921408628587744,True,True,True,False,0.076923076923070877
182,26,1,fresh_regular,ULS,0.02,0.0200000000000004003999285140440510959846133792670098536702543281801084063948877334633082347,True,0.0200000000000012827752021886745302013104436555128768067194832462222101436184640006256671057,True,0.000000000000000942953886454531588540425708469867117468447419945041356689776068633636473526506550637602989,0.00000000000000218638441509238738499269781479073814113808053039837358310210004356437176628763781379963772,True,True,True,False,False,above_budget,above_budget,FALSE,0.020000000000002516,0.020000000003490895,available,above_budget,0.00000000000000561165286115623237884270686731625813867444937641887712716569604806435744289213115828026057,0.00000000000000218638441509238738499269781479073814113808053039837358310210004356437176628763781379963772,True,True,True,False,0.076923076923070877
183,27,2,fresh_regular,ULS,0,0.000000000000000522098534193104914951816623934391497909591455873256185993149667753542721992713531673558657,True,0.000000000000000104098820677371569564012476194643564875381314739415680517680868409556564336008781218677945,True,0.00000000000000068115178536062752995730499716998478404239897582211713373511923555931542528187919060986812,0.000000000000000532236758870773872147417147283232254005859031610596769757681508605145896206185943992490489,True,True,True,False,False,within_budget,within_budget,TRUE,1.110377145812865e-16,8.3144603855460711e-13,available,within_budget,0.00000000000000184822734507626207793850064919791680984944423779261262125049484138143672005935373817488427,0.000000000000000532236758870773872147417147283232254005859031610596769757681508605145896206185943992490489,True,True,True,False,0.076923076923074804
184,27,2,fresh_regular,ULS,0.0089999999999999993,0.00899999999999857018564173362390272727369895351397202312258236731946506131911376532001045168,True,0.00899999999999863359469191947661765475842150165276225391574188549565405589508026647229823878,True,0.00000000000000068115178536062752995730499716998478404239897582211713373511923555931542528187919060986812,0.000000000000000532131985827280102630605271751563093625718960209109176357408629667839196285041091686987958,True,True,True,False,False,within_budget,within_budget,TRUE,0.0089999999999989966,0.0090000000014780947,available,within_budget,0.00000000000000184822734507626207793850064919791680984944423779261262125049484138143672005935373817488427,0.000000000000000532131985827280102630605271751563093625718960209109176357408629667839196285041091686987958,True,True,True,False,0.076923076923074804
185,27,2,fresh_regular,ULS,0.0099900000000000006,0.00998999999999905772210113075740797491981198096822631011232015045957897428505006877134809355,True,0.0099899999999984283667795627589403458139683628195839967003346868840256221001801425311383554,True,0.00000000000000068115178536062752995730499716998478404239897582211713373511923555931542528187919060986812,0.000000000000000816180536049705633297084483120248714816231913481050800303263453609745690938916320207170162,True,True,True,False,False,within_budget,within_budget,TRUE,0.0099899999999988297,0.0099900000015491815,available,within_budget,0.00000000000000184822734507626207793850064919791680984944423779261262125049484138143672005935373817488427,0.000000000000000816180536049705633297084483120248714816231913481050800303263453609745690938916320207170162,True,True,True,False,0.076923076923074804
186,27,2,fresh_regular,ULS,0.01,0.00999999999999895748298678339908062831342936111449336561824769825736457735224048836625318963,True,0.0099999999999997142466439982578475827292652138397164642935001944020159827653810953760614639,True,0.00000000000000068115178536062752995730499716998478404239897582211713373511923555931542528187919060986812,0.000000000000000943241294782457335098321035797052286518241076786918620592865545923508824936883435597836845,True,True,True,False,False,unresolved,unresolved,TRUE,0.010000000000000116,0.010000000001551188,available,unresolved,0.00000000000000184822734507626207793850064919791680984944423779261262125049484138143672005935373817488427,0.000000000000000943241294782457335098321035797052286518241076786918620592865545923508824936883435597836845,True,True,True,False,0.076923076923074804
187,27,2,fresh_regular,ULS,0.01001,0.0100099999999988572438724360407533086417004959678115233004197036840867049340268928325900235,True,0.010009999999998226636537773653801146803357897744595334577760325756887171590568917360148607,True,0.00000000000000068115178536062752995730499716998478404239897582211713373511923555931542528187919060986812,0.000000000000000817193544259957305907733214076281897921274074671895380173710272460821064513063821412543991,True,True,True,False,False,above_budget,above_budget,FALSE,0.010009999999998636,0.010010000001550426,available,above_budget,0.00000000000000184822734507626207793850064919791680984944423779261262125049484138143672005935373817488427,0.000000000000000817193544259957305907733214076281897921274074671895380173710272460821064513063821412543991,True,True,True,False,0.076923076923074804
188,27,2,fresh_regular,ULS,0.010999999999999999,0.0109999999999986506997465141339932062631254331001994831922084033676899682801962326859002631,True,0.0109999999999980195449209073903468209032676769420322256203273779271165456378062272659283181,True,0.00000000000000068115178536062752995730499716998478404239897582211713373511923555931542528187919060986812,0.000000000000000817645435589821197769880502432624183684671664397698698675049910330087253891463908414048227,True,True,True,False,False,above_budget,above_budget,FALSE,0.010999999999998464,0.01100000000162151,available,above_budget,0.00000000000000184822734507626207793850064919791680984944423779261262125049484138143672005935373817488427,0.000000000000000817645435589821197769880502432624183684671664397698698675049910330087253891463908414048227,True,True,True,False,0.076923076923074804
189,27,2,fresh_regular,ULS,0.02,0.0199999999999972778117547288347905433516514794273467992688989060952951796156621490633777495,True,0.0199999999999966457657325287937892229741368394976549288539033362946653107167021305376201073,True,0.00000000000000068115178536062752995730499716998478404239897582211713373511923555931542528187919060986812,0.000000000000000818241317043797046717558204076153992357173172979229410992539230877978064354200514517228518,True,True,True,False,False,above_budget,above_budget,FALSE,0.019999999999997447,0.020000000002268255,available,above_budget,0.00000000000000184822734507626207793850064919791680984944423779261262125049484138143672005935373817488427,0.000000000000000818241317043797046717558204076153992357173172979229410992539230877978064354200514517228518,True,True,True,False,0.076923076923074804
190,28,3,fresh_regular,ULS,0,0.00000000000000139425021440568479227264463673707067320369487078167135725522694530733374037235847916738657,True,0.0000000000000018107639253780423391143454742530610080638292052836010948218102169017400098850229535734237,True,0.000000000000000880492996016331250454740600904848713742058562040834467416655261535260079495574751288159646,0.0000000000000020010291941848701759709010068086415016845570697380181440421371185130218368422526273529732,True,True,True,False,False,within_budget,within_budget,TRUE,1.8177028192820516e-15,8.3315270365946731e-13,available,within_budget,0.00000000000000360549665956688838237683718541419087083602029485524075037998624515338254155890315410715668,0.0000000000000020010291941848701759709010068086415016845570697380181440421371185130218368422526273529732,True,True,True,False,0.076923076923072875
191,28,3,fresh_regular,ULS,0.0089999999999999993,0.00900000000000017457527384009924261263936781955317357352657164010834385728988088510319684817,True,0.00900000000000130081967816595924097705747227637377901749612206131405074619800475124998054204,True,0.000000000000000880492996016331250454740600904848713742058562040834467416655261535260079495574751288159646,0.00000000000000230782991023756890034761294186121606092134502085615747421289476485415611693280044091341224,True,True,True,False,False,within_budget,within_budget,TRUE,0.0090000000000017635,0.0090000000015976293,available,within_budget,0.00000000000000360549665956688838237683718541419087083602029485524075037998624515338254155890315410715668,0.00000000000000230782991023756890034761294186121606092134502085615747421289476485415611693280044091341224,True,True,True,False,0.076923076923072875
192,28,3,fresh_regular,ULS,0.0099900000000000006,0.00998999999999981906799543819968736903993691995288582318386746428794681581578332443007220152,True,0.00998999999999998703369422710418287831876328795485391057585052485143076014510684074648513331,True,0.000000000000000880492996016331250454740600904848713742058562040834467416655261535260079495574751288159646,0.00000000000000200170741304042061549135727492741171042133255851880925070630374797807393113750723335512749,True,True,True,False,False,within_budget,within_budget,TRUE,0.009990000000000502,0.0099900000016804671,available,within_budget,0.00000000000000360549665956688838237683718541419087083602029485524075037998624515338254155890315410715668,0.00000000000000200170741304042061549135727492741171042133255851880925070630374797807393113750723335512749,True,True,True,False,0.076923076923072875
193,28,3,fresh_regular,ULS,0.01,0.00999999999999999952662106201789250604875521752774636988103409968856261850897095276115282133,True,0.0100000000000001673354840340087341505087570217908328135115357530437499760206929763233895663,True,0.000000000000000880492996016331250454740600904848713742058562040834467416655261535260079495574751288159646,0.00000000000000200157882894967054803153298021928246394083020679701924873859764969017438480491972281055686,True,True,True,False,False,unresolved,unresolved,FALSE,0.01000000000000068,0.010000000001681494,available,unresolved,0.00000000000000360549665956688838237683718541419087083602029485524075037998624515338254155890315410715668,0.00000000000000200157882894967054803153298021928246394083020679701924873859764969017438480491972281055686,True,True,True,False,0.076923076923072875
194,28,3,fresh_regular,ULS,0.01001,0.0100100000000001799852466858360978346294868994323212652605307739880200307996670114486256121,True,0.0100100000000003465382753944428756143882975865033358170018603465892701094145775122063909613,True,0.000000000000000880492996016331250454740600904848713742058562040834467416655261535260079495574751288159646,0.00000000000000200175418608901232059215957834812225859160669268149126612607778082927859138158183727328285,True,True,True,False,False,above_budget,above_budget,FALSE,0.010010000000000858,0.010010000001682522,available,above_budget,0.00000000000000360549665956688838237683718541419087083602029485524075037998624515338254155890315410715668,0.00000000000000200175418608901232059215957834812225859160669268149126612607778082927859138158183727328285,True,True,True,False,0.076923076923072875
195,28,3,fresh_regular,ULS,0.010999999999999999,0.0109999999999998244779682839384774673551672056352198445308465211521107179518307619863738816,True,0.0109999999999990319244039456358513675092510224824347081750574312813998434151111801082730373,True,0.000000000000000880492996016331250454740600904848713742058562040834467416655261535260079495574751288159646,0.00000000000000214350488866582676027827845269318189404164679700732081542131847386913902563385787790685938,True,True,True,False,False,above_budget,above_budget,FALSE,0.010999999999999595,0.011000000001765356,available,above_budget,0.00000000000000360549665956688838237683718541419087083602029485524075037998624515338254155890315410715668,0.00000000000000214350488866582676027827845269318189404164679700732081542131847386913902563385787790685938,True,True,True,False,0.076923076923072875
196,28,3,fresh_regular,ULS,0.02,0.020000000000000167030747508620907150164835095842984723371233767062540252531072934749424789,True,0.0200000000000003363848032345450314779939580628704272212420189761959204048436412001945418105,True,0.000000000000000880492996016331250454740600904848713742058562040834467416655261535260079495574751288159646,0.00000000000000200213059246796510975215623587453392553645392550576875278911530704367212591607000047045454,True,True,True,False,False,above_budget,above_budget,FALSE,0.020000000000001357,0.020000000002531649,available,above_budget,0.00000000000000360549665956688838237683718541419087083602029485524075037998624515338254155890315410715668,0.00000000000000200213059246796510975215623587453392553645392550576875278911530704367212591607000047045454,True,True,True,False,0.076923076923072875
197,29,4,fresh_regular,ULS,0,0.00000000000000210947382082393910687719021229476783080060605296975314668595760417960262588835094843308154,True,0.0,True,0.000000000000000764434456587808291287419136810627941689165128951333796732747091106794855119819574720329499,0.0000000000000022642103108975499860348638143715562158369785810843933143710704434052479492454001793600657,True,True,True,False,False,within_budget,within_budget,TRUE,6.9388939039072299e-18,8.3134193973391239e-13,available,within_budget,0.0000000000000034999015149780243920648556371616750607708110166857520546456719362833282724095570797054621,0.0000000000000022642103108975499860348638143715562158369785810843933143710704434052479492454001793600657,True,True,True,False,0.076923076923073361
198,29,4,fresh_regular,ULS,0.0089999999999999993,0.00900000000000080380817127301106348891029115916655126698067541007148332897573559277544908534,True,0.00900000000000090255769665110555097913354643190278360994656162727535193779314136612146638247,True,0.000000000000000764434456587808291287419136810627941689165128951333796732747091106794855119819574720329499,0.00000000000000226434401072179563908291650609431247302253409755104120496370423940404573948854845623645146,True,True,True,False,False,within_budget,within_budget,TRUE,0.009000000000001257,0.0090000000014942745,available,within_budget,0.0000000000000034999015149780243920648556371616750607708110166857520546456719362833282724095570797054621,0.00000000000000226434401072179563908291650609431247302253409755104120496370423940404573948854845623645146,True,True,True,False,0.076923076923073361
199,29,4,fresh_regular,ULS,0.0099900000000000006,0.00999000000000061587590766402822951243830398408078213256821098645357382345537045059156558799,True,0.00999000000000071577925548182647152678259915197932613676070854842119668898857205805591791976,True,0.000000000000000764434456587808291287419136810627941689165128951333796732747091106794855119819574720329499,0.0000000000000022648108203736592781275536939241264843579161528275920722211818068576824094993757086923642,True,True,True,False,False,within_budget,within_budget,TRUE,0.0099900000000011108,0.0099900000015669121,available,within_budget,0.0000000000000034999015149780243920648556371616750607708110166857520546456719362833282724095570797054621,0.0000000000000022648108203736592781275536939241264843579161528275920722211818068576824094993757086923642,True,True,True,False,0.076923076923073361
200,29,4,fresh_regular,ULS,0.01,0.0100000000000013033835146196406850300242126718865800784502991792473645291667093326899056086,True,0.0100000000000014021283835143049673777479982741275300276316202963785676504804468198836289882,True,0.000000000000000764434456587808291287419136810627941689165128951333796732747091106794855119819574720329499,0.00000000000000226429973405076423547113711885691214144052959668008344597364750898260682839376796313337545,True,True,True,False,False,above_budget,unresolved,FALSE,0.010000000000001796,0.010000000001568332,available,unresolved,0.0000000000000034999015149780243920648556371616750607708110166857520546456719362833282724095570797054621,0.00000000000000226429973405076423547113711885691214144052959668008344597364750898260682839376796313337545,True,True,True,False,0.076923076923073361
201,29,4,fresh_regular,ULS,0.01001,0.0100100000000010928492090461134898618378824358125339142917177946718059664781830188048941106,True,0.010010000000002090598043669230036169126252420225484549060334349218652380104057224893455802,True,0.000000000000000764434456587808291287419136810627941689165128951333796732747091106794855119819574720329499,0.00000000000000244580881764414361310521790591525763545104274396440572902352568948251353961233938925602114,True,True,True,False,False,above_budget,above_budget,FALSE,0.010010000000002484,0.010010000001569755,available,above_budget,0.0000000000000034999015149780243920648556371616750607708110166857520546456719362833282724095570797054621,0.00000000000000244580881764414361310521790591525763545104274396440572902352568948251353961233938925602114,True,True,True,False,0.076923076923073361
202,29,4,fresh_regular,ULS,0.010999999999999999,0.0110000000000009049169454371351401275492803476960613221490082131038852090313130501222950057,True,0.0110000000000019030054095983286580642151382513592074345776649610744724066871250964319767889,True,0.000000000000000764434456587808291287419136810627941689165128951333796732747091106794855119819574720329499,0.00000000000000244605842771475126146571354856470511220301711504195838563526048109287625611587065538912823,True,True,True,False,False,above_budget,above_budget,FALSE,0.011000000000002336,0.011000000001642392,available,above_budget,0.0000000000000034999015149780243920648556371616750607708110166857520546456719362833282724095570797054621,0.00000000000000244605842771475126146571354856470511220301711504195838563526048109287625611587065538912823,True,True,True,False,0.076923076923073361
203,29,4,fresh_regular,ULS,0.02,0.0200000000000018089273854403743065489551004686720041450232904761639686512273903910035794415,True,0.0200000000000028042567670286099347554959965482550600552632405927571353009608936397672579764,True,0.000000000000000764434456587808291287419136810627941689165128951333796732747091106794855119819574720329499,0.00000000000000244539877129764425246181322603440880386124112535020739061438029410437480502849719506359066,True,True,True,False,False,above_budget,above_budget,FALSE,0.020000000000003584,0.020000000002305323,available,above_budget,0.0000000000000034999015149780243920648556371616750607708110166857520546456719362833282724095570797054621,0.00000000000000244539877129764425246181322603440880386124112535020739061438029410437480502849719506359066,True,True,True,False,0.076923076923073361
204,30,5,fresh_regular,ULS,0,0.00000000000000108796478676024637589647709895026424531386110206781113798887664382871670651374506186133161,True,0.00000000000000105460061269027164796809333564958267377132560538996180542032213440957657307338206008511082,True,0.000000000000000665263894976079836813242007573487474869113251995989653498697466599645838985044690972632047,0.000000000000000684721123785592064168085420291875702884531797505021365883969430215806610514980707651404622,True,True,True,False,False,within_budget,within_budget,TRUE,1.0615395065942216e-15,8.3239654034670975e-13,available,within_budget,0.00000000000000381878291946890356207719305029152810435667976234316758262100996893078835377885734927750495,0.000000000000000684721123785592064168085420291875702884531797505021365883969430215806610514980707651404622,True,True,True,False,0.076923076923072667
205,30,5,fresh_regular,ULS,0.0089999999999999993,0.00899999999999977298667775273304366613941047652509896589055455944765717402013457781389161791,True,0.00899999999999896896818343242751799271035476288860410112482592099743002770265403845878503639,True,0.000000000000000665263894976079836813242007573487474869113251995989653498697466599645838985044690972632047,0.00000000000000105526864682356485254491981296829707457438416525889857920741906625268764914662220050891868,True,True,True,False,False,within_budget,within_budget,TRUE,0.008999999999999321,0.0090000000016706595,available,within_budget,0.00000000000000381878291946890356207719305029152810435667976234316758262100996893078835377885734927750495,0.00000000000000105526864682356485254491981296829707457438416525889857920741906625268764914662220050891868,True,True,True,False,0.076923076923072667
206,30,5,fresh_regular,ULS,0.0099900000000000006,0.00998999999999952601949556042099086211059793398874393300999716862289340262025071282785569334,True,0.00999000000000038637670732039994296477598636781795354783577206237452815028988379070134511216,True,0.000000000000000665263894976079836813242007573487474869113251995989653498697466599645838985044690972632047,0.00000000000000110572527087929750883770718786066734540209951008747484608354445165696924296362320599926908,True,True,True,False,False,within_budget,within_budget,TRUE,0.009990000000000776,0.0099900000017645162,available,within_budget,0.00000000000000381878291946890356207719305029152810435667976234316758262100996893078835377885734927750495,0.00000000000000110572527087929750883770718786066734540209951008747484608354445165696924296362320599926908,True,True,True,False,0.076923076923072667
207,30,5,fresh_regular,ULS,0.01,0.00999999999999965793601458221036142376191054476033486789493093159398187440908700690674765046,True,0.00999999999999885391108576333729526771886341107950394669921316306554361270519941549869705795,True,0.000000000000000665263894976079836813242007573487474869113251995989653498697466599645838985044690972632047,0.00000000000000105527622399461406840300426203835213721639004948059384483486456583373118441479370421418629,True,True,True,False,False,within_budget,unresolved,TRUE,0.0099999999999992439,0.010000000001763919,available,unresolved,0.00000000000000381878291946890356207719305029152810435667976234316758262100996893078835377885734927750495,0.00000000000000105527622399461406840300426203835213721639004948059384483486456583373118441479370421418629,True,True,True,False,0.076923076923072667
208,30,5,fresh_regular,ULS,0.01001,0.0100099999999997898525336039997321037261332604442634220955700758807242161430562960518979961,True,0.01001000000000064954572009100222424622806307104829978897010587925613163139400097837123485,True,0.000000000000000665263894976079836813242007573487474869113251995989653498697466599645838985044690972632047,0.0000000000000011051765672156053009693233003878981992838409854398861142064093069371145469913558261522546,True,True,True,False,False,above_budget,above_budget,FALSE,0.010010000000001041,0.010010000001766647,available,above_budget,0.00000000000000381878291946890356207719305029152810435667976234316758262100996893078835377885734927750495,0.0000000000000011051765672156053009693233003878981992838409854398861142064093069371145469913558261522546,True,True,True,False,0.076923076923072667
209,30,5,fresh_regular,ULS,0.010999999999999999,0.0109999999999995428853514116888742600893485254206903483881844731009523863323447675718557791,True,0.0109999999999987388986932305236915018861688396494114635652630186774685713790812651827213808,True,0.000000000000000665263894976079836813242007573487474869113251995989653498697466599645838985044690972632047,0.00000000000000105520530516112216274714548171150626796457243952149851100457282357778273727675389912161011,True,True,True,False,False,above_budget,above_budget,FALSE,0.010999999999999167,0.011000000001857175,available,above_budget,0.00000000000000381878291946890356207719305029152810435667976234316758262100996893078835377885734927750495,0.00000000000000105520530516112216274714548171150626796457243952149851100457282357778273727675389912161011,True,True,True,False,0.076923076923072667
210,30,5,fresh_regular,ULS,0.02,0.0200000000000001707672035457020760102840661424743818688952772662695942026208570695193038893,True,0.0200000000000010301581327777399016998079667732881468624328141654632155564278304321049173129,True,0.000000000000000665263894976079836813242007573487474869113251995989653498697466599645838985044690972632047,0.00000000000000110486418037564957671062287920286369610380334461749296513649873909799605399738585812435622,True,True,True,False,False,above_budget,above_budget,FALSE,0.020000000000001805,0.020000000002699816,available,above_budget,0.00000000000000381878291946890356207719305029152810435667976234316758262100996893078835377885734927750495,0.00000000000000110486418037564957671062287920286369610380334461749296513649873909799605399738585812435622,True,True,True,False,0.076923076923072667
211,31,6,fresh_weak,ULS,0,0.0000000000000014664842912148280890288631569131869192648302542994594070041644507392338583319851007419838,True,0.00000000000000188660635067286989114909819810871571407302876732680274293266652626277638838753441714001256,True,0.000000000000000952790814541804978195750817622459005029390532714507265157200248989880040613433471399823955,0.00000000000000102625715697632661391963791157859402787136979672085914967473151798201357507546868083403392,True,True,True,False,False,within_budget,within_budget,TRUE,1.8935452445771294e-15,8.3322854608597162e-13,available,within_budget,0.000000000000892419899208855813480948955591885180487351966548986730080181867622982686494299571960833667,0.00000000000000102625715697632661391963791157859402787136979672085914967473151798201357507546868083403392,True,True,True,False,0.076923076922178354
212,31,6,fresh_weak,ULS,0.0089999999999999993,0.00899999999999949887279588357256637995464994984537015239916994597962010839952961412303639531,True,0.0089999999999990597327164789663467722654439051524512312480861639301240175528465031682442793,True,0.000000000000000952790814541804978195750817622459005029390532714507265157200248989880040613433471399823955,0.00000000000000102522894779752857876523964149157519631577184312388346377931974574043415929619340932089582,True,True,True,False,False,within_budget,within_budget,TRUE,0.00900000000000074,0.0090000000074319762,available,within_budget,0.000000000000892419899208855813480948955591885180487351966548986730080181867622982686494299571960833667,0.00000000000000102522894779752857876523964149157519631577184312388346377931974574043415929619340932089582,True,True,True,False,0.076923076922178354
213,31,6,fresh_weak,ULS,0.0099900000000000006,0.00999000000000032090762550809316027406389689426790200370801442089260004628384905365607918741,True,0.0099899999999998818430454107726642367434065442745115689373228234820947809455756662009000933,True,0.000000000000000952790814541804978195750817622459005029390532714507265157200248989880040613433471399823955,0.00000000000000102519657432378627819065573352946945916010369947964630132565018413823012197061066409859398,True,True,True,False,False,within_budget,within_budget,TRUE,0.0099900000000017457,0.0099900000081589706,available,within_budget,0.000000000000892419899208855813480948955591885180487351966548986730080181867622982686494299571960833667,0.00000000000000102519657432378627819065573352946945916010369947964630132565018413823012197061066409859398,True,True,True,False,0.076923076922178354
214,31,6,fresh_weak,ULS,0.01,0.010000000000000152055118257980806107172004360318924797804219874124791656940593244589940455,True,0.00999999999999971222986871425580354114651458515786178691539495917564066203743308401386904887,True,0.000000000000000952790814541804978195750817622459005029390532714507265157200248989880040613433471399823955,0.00000000000000102552238141540543427839245652692909108912263166618616852632548683113966517652903246623492,True,True,True,False,True,unresolved,unresolved,TRUE,0.010000000000001579,0.010000000008166138,available,unresolved,0.000000000000892419899208855813480948955591885180487351966548986730080181867622982686494299571960833667,0.00000000000000102552238141540543427839245652692909108912263166618616852632548683113966517652903246623492,True,True,True,False,0.076923076922178354
215,31,6,fresh_weak,ULS,0.01001,0.0100099999999999832026110078684521359133113744817678492122730697109790477863187652533973849,True,0.0100099999999995426178704803237248194747672310605561590424993099575014557207993017393322507,True,0.000000000000000952790814541804978195750817622459005029390532714507265157200248989880040613433471399823955,0.00000000000000102584818912784927230879574114396594553408528956117150734892139989075785602993594252628535,True,True,True,False,False,above_budget,above_budget,FALSE,0.010010000000001408,0.0100100000081733,available,above_budget,0.000000000000892419899208855813480948955591885180487351966548986730080181867622982686494299571960833667,0.00000000000000102584818912784927230879574114396594553408528956117150734892139989075785602993594252628535,True,True,True,False,0.076923076922178354
216,31,6,fresh_weak,ULS,0.010999999999999999,0.0109999999999998308800491109663145100610198161513293754649255950820640080192665980468961432,True,0.0109999999999993928308604255876253958385440604398592978889844607240233162036238870256375199,True,0.000000000000000952790814541804978195750817622459005029390532714507265157200248989880040613433471399823955,0.00000000000000102476172212161260303879989318463425110156909979577040532395355728190336398425440815397358,True,True,True,False,False,above_budget,above_budget,FALSE,0.011000000000001443,0.011000000008899325,available,above_budget,0.000000000000892419899208855813480948955591885180487351966548986730080181867622982686494299571960833667,0.00000000000000102476172212161260303879989318463425110156909979577040532395355728190336398425440815397358,True,True,True,False,0.076923076922178354
217,31,6,fresh_weak,ULS,0.02,0.0199999999999998633766013521500282236045087443943584210511421334537257882656353878476885242,True,0.0199999999999994252554912229119924168375151644109725371028217241569531712661424196003123867,True,0.000000000000000952790814541804978195750817622459005029390532714507265157200248989880040613433471399823955,0.00000000000000102478994322658028346051652786920397140197232088859823369631029606677457397674399825471652,True,True,True,False,False,above_budget,above_budget,FALSE,0.020000000000003154,0.020000000015500938,available,above_budget,0.000000000000892419899208855813480948955591885180487351966548986730080181867622982686494299571960833667,0.00000000000000102478994322658028346051652786920397140197232088859823369631029606677457397674399825471652,True,True,True,False,0.076923076922178354
218,32,7,fresh_weak,ULS,0,0.00000000000000185930858709710072130840938753250372247211283928098177217146913320013288137298951497067438,True,0.00000000000000179247658559140794297596571053464370633649520161635310190962100896138179744595056393225145,True,0.000000000000000480893419689003400660803982241052931852625247734766072102139069542542828121013719036812486,0.000000000000000988969319428046883368317523224913578861314176578769090488831278686988059794924729540692866,True,True,True,False,False,within_budget,within_budget,TRUE,1.7994154794957065e-15,8.331344163207289e-13,available,within_budget,0.000000000000792435631078940315680280038444764805624409525468790245207195160976527101732027252167170698,0.000000000000000988969319428046883368317523224913578861314176578769090488831278686988059794924729540692866,True,True,True,False,0.076923076922277053
219,32,7,fresh_weak,ULS,0.0089999999999999993,0.00899999999999923306366573388941786809828921362615703107109655434125929815850742662597312262,True,0.00899999999999961305490485778335928195195596286576429070514998522779293856947336313373621974,True,0.000000000000000480893419689003400660803982241052931852625247734766072102139069542542828121013719036812486,0.000000000000000988544241219214835580170255888153125113993200724755502093701681665638517086611797458723003,True,True,True,False,False,within_budget,within_budget,TRUE,0.009000000000001571,0.0090000000069308667,available,within_budget,0.000000000000792435631078940315680280038444764805624409525468790245207195160976527101732027252167170698,0.000000000000000988544241219214835580170255888153125113993200724755502093701681665638517086611797458723003,True,True,True,False,0.076923076922277053
220,32,7,fresh_weak,ULS,0.0099900000000000006,0.00998999999999959214684536300803867857251845295154807657940086393978222397583453518027921221,True,0.00998999999999997145876868370892767501939691094785453786085037751922299311293739828164612159,True,0.000000000000000480893419689003400660803982241052931852625247734766072102139069542542828121013719036812486,0.000000000000000988283302975445386680086709667739817216648864357425229150134326846913719202429364066209082,True,True,True,False,False,within_budget,within_budget,TRUE,0.0099900000000021395,0.0099900000076022094,available,within_budget,0.000000000000792435631078940315680280038444764805624409525468790245207195160976527101732027252167170698,0.000000000000000988283302975445386680086709667739817216648864357425229150134326846913719202429364066209082,True,True,True,False,0.076923076922277053
221,32,7,fresh_weak,ULS,0.01,0.00999999999999986605910965817403721046442528073493226133381260558947791945290153736434874078,True,0.010000000000000245518649788200961168489616378626255058300029388303976479393353596933807035,True,0.000000000000000480893419689003400660803982241052931852625247734766072102139069542542828121013719036812486,0.000000000000000988340077384265394628461494071356842593994064296466056277128352149631055782670892283700312,True,True,True,False,False,unresolved,unresolved,FALSE,0.010000000000002417,0.010000000007609264,available,unresolved,0.000000000000792435631078940315680280038444764805624409525468790245207195160976527101732027252167170698,0.000000000000000988340077384265394628461494071356842593994064296466056277128352149631055782670892283700312,True,True,True,False,0.076923076922277053
222,32,7,fresh_weak,ULS,0.01001,0.0100099999999989236881473355076082953328170884337522000222449436635461214400695757003919582,True,0.0100099999999993012573603073872489874427684279012432814990304568243235724400805137368043624,True,0.000000000000000480893419689003400660803982241052931852625247734766072102139069542542828121013719036812486,0.000000000000000987615361340314757684369780620309926995207409181767159974463050841855775114546374528964913,True,True,True,False,False,above_budget,above_budget,FALSE,0.010010000000001478,0.010010000007615099,available,above_budget,0.000000000000792435631078940315680280038444764805624409525468790245207195160976527101732027252167170698,0.000000000000000987615361340314757684369780620309926995207409181767159974463050841855775114546374528964913,True,True,True,False,0.076923076922277053
223,32,7,fresh_weak,ULS,0.010999999999999999,0.0109999999999992827713269646295729546180599859261346860101181189172525490481059167678827021,True,0.0109999999999996613947549602398088471157545495756133155914104633636594721005494641257257802,True,0.000000000000000480893419689003400660803982241052931852625247734766072102139069542542828121013719036812486,0.000000000000000988019253980166168846729922592365260998818775568729731995643305090778620436035443897157689,True,True,True,False,False,above_budget,above_budget,FALSE,0.01100000000000205,0.011000000008286447,available,above_budget,0.000000000000792435631078940315680280038444764805624409525468790245207195160976527101732027252167170698,0.000000000000000988019253980166168846729922592365260998818775568729731995643305090778620436035443897157689,True,True,True,False,0.076923076922277053
224,32,7,fresh_weak,ULS,0.02,0.0199999999999988983141891941268254070657346336969306810058894228401356823890861862638193279,True,0.0199999999999992775689057418179203953014061925112004666609942174200144497963986276671771754,True,0.000000000000000480893419689003400660803982241052931852625247734766072102139069542542828121013719036812486,0.000000000000000988260638325234793427828392643319979541803942974813390039871555891634263472694564348850053,True,True,True,False,False,above_budget,above_budget,FALSE,0.020000000000003612,0.020000000014385972,available,above_budget,0.000000000000792435631078940315680280038444764805624409525468790245207195160976527101732027252167170698,0.000000000000000988260638325234793427828392643319979541803942974813390039871555891634263472694564348850053,True,True,True,False,0.076923076922277053
225,33,8,fresh_weak,ULS,0,0.00000000000000106134841593084868203186876500291772622173475206946226508231223718650218862210620950016631,True,0.00000000000000126980021476202850128232649942661585303236924356761888574394897993002878432132001619197916,True,0.000000000000000645692197264912388015082336301553404431321670210022131747999961198075776736029422449600204,0.000000000000000975781039201617750947380617461179623608822650109263475795498814717332244613939727335108356,True,True,True,False,False,within_budget,within_budget,TRUE,1.2767391086660927e-15,8.3261173994944791e-13,available,within_budget,0.000000000000372176963614303225665066434083184294517904922266355650887530017324108022686530980951170818,0.000000000000000975781039201617750947380617461179623608822650109263475795498814717332244613939727335108356,True,True,True,False,0.076923076922700756
226,33,8,fresh_weak,ULS,0.0089999999999999993,0.00899999999999932790923535686853724134437858262836697382088870260362544842004143923761345972,True,0.00899999999999902975187338222989390168035884261060776983049385517620209165005323491948172491,True,0.000000000000000645692197264912388015082336301553404431321670210022131747999961198075776736029422449600204,0.000000000000000975015918350533287768944540556982566654092631038615121495965913798601320678706485027190873,True,True,True,False,False,within_budget,within_budget,TRUE,0.0090000000000001485,0.0090000000063128333,available,within_budget,0.000000000000372176963614303225665066434083184294517904922266355650887530017324108022686530980951170818,0.000000000000000975015918350533287768944540556982566654092631038615121495965913798601320678706485027190873,True,True,True,False,0.076923076922700756
227,33,8,fresh_weak,ULS,0.0099900000000000006,0.00999000000000028583676086356911983455594243171955636296596269764381140072882073405136775336,True,0.0099899999999999879795810766525933314952294965042619267303762212852409484415463818658392908,True,0.000000000000000645692197264912388015082336301553404431321670210022131747999961198075776736029422449600204,0.000000000000000974923852762650448195342693217444709615584007181123189262835576258479986643509644453149674,True,True,True,False,False,within_budget,within_budget,TRUE,0.0099900000000012305,0.0099900000069168635,available,within_budget,0.000000000000372176963614303225665066434083184294517904922266355650887530017324108022686530980951170818,0.000000000000000974923852762650448195342693217444709615584007181123189262835576258479986643509644453149674,True,True,True,False,0.076923076922700756
228,33,8,fresh_weak,ULS,0.01,0.00999999999999966355494398475244128424347683668868751072394319995251139219510001119652045017,True,0.00999999999999936581972808877202504327025260561333074371360925841492455450295960083110284942,True,0.000000000000000645692197264912388015082336301553404431321670210022131747999961198075776736029422449600204,0.000000000000000974887157028806226031680433710873759779536486163856676826162456737400587151032021721259113,True,True,True,False,False,unresolved,unresolved,TRUE,0.010000000000000611,0.010000000006922334,available,unresolved,0.000000000000372176963614303225665066434083184294517904922266355650887530017324108022686530980951170818,0.000000000000000974887157028806226031680433710873759779536486163856676826162456737400587151032021721259113,True,True,True,False,0.076923076922700756
229,33,8,fresh_weak,ULS,0.01001,0.0100100000000003724183908614581528273660774266558558334881087656837857616950504451331402089,True,0.0100100000000000746655977182102814514052464130604397657401637731653507399754042405452082406,True,0.000000000000000645692197264912388015082336301553404431321670210022131747999961198075776736029422449600204,0.000000000000000974892100797486515934156261902084575496714588368750393516561537077337626802033173401569207,True,True,True,False,False,above_budget,above_budget,FALSE,0.010010000000001318,0.010010000006929132,available,above_budget,0.000000000000372176963614303225665066434083184294517904922266355650887530017324108022686530980951170818,0.000000000000000974892100797486515934156261902084575496714588368750393516561537077337626802033173401569207,True,True,True,False,0.076923076922700756
230,33,8,fresh_weak,ULS,0.010999999999999999,0.0109999999999999992006526126373919331888731525696654527325138428151216164096958438548478861,True,0.0109999999999997018882432118478963345669447275761977200659362508918097937091916372469086307,True,0.000000000000000645692197264912388015082336301553404431321670210022131747999961198075776736029422449600204,0.000000000000000974757765724219413649336913943565897142082132355957995037169622892416388619661435722129428,True,True,True,False,False,above_budget,above_budget,FALSE,0.011000000000001066,0.01100000000753183,available,above_budget,0.000000000000372176963614303225665066434083184294517904922266355650887530017324108022686530980951170818,0.000000000000000974757765724219413649336913943565897142082132355957995037169622892416388619661435722129428,True,True,True,False,0.076923076922700756
231,33,8,fresh_weak,ULS,0.02,0.0199999999999990265762389970559715766720634880730387489050328770151578360445831596311289389,True,0.0199999999999987317552909430401427736284908379838214474084981202690864516644875786972339901,True,0.000000000000000645692197264912388015082336301553404431321670210022131747999961198075776736029422449600204,0.000000000000000974000954232755970538765268069131816868529590845573897845263433568632440787034961068143141,True,True,True,False,False,above_budget,above_budget,FALSE,0.020000000000001215,0.020000000013013327,available,above_budget,0.000000000000372176963614303225665066434083184294517904922266355650887530017324108022686530980951170818,0.000000000000000974000954232755970538765268069131816868529590845573897845263433568632440787034961068143141,True,True,True,False,0.076923076922700756
232,34,9,fresh_weak,ULS,0,0.00000000000000132547460434000448305417222893665431378112457215267753329806356069713120489209717989151908,True,0.000000000000000755354212918442775164944827967766478150082817130414200924633735041792142406380431599229487,True,0.000000000000000696365337464686627279201553429198422203226030319810203312522440536484030555963409282169183,0.00000000000000139213642250662183464547512537762646979459791126815769567529056568796131325634554560990876,True,True,True,False,False,within_budget,within_budget,TRUE,7.6229310682253399e-16,8.3209729394719545e-13,available,within_budget,0.000000000000298772105633833968551227887928898650058590671341470470003971186319184020526362462133189628,0.00000000000000139213642250662183464547512537762646979459791126815769567529056568796131325634554560990876,True,True,True,False,0.076923076922775252
233,34,9,fresh_weak,ULS,0.0089999999999999993,0.00899999999999963944822982008538311144962696780588424395935786713724946210108777104842995272,True,0.0089999999999991171695519371349094113944884196321102428857801138161909896185987654946960706,True,0.000000000000000696365337464686627279201553429198422203226030319810203312522440536484030555963409282169183,0.00000000000000139264041021625138959518690171017023792849015286213959640052553513273566855038239821563077,True,True,True,False,False,within_budget,within_budget,TRUE,0.0090000000000013125,0.0090000000051623872,available,within_budget,0.000000000000298772105633833968551227887928898650058590671341470470003971186319184020526362462133189628,0.00000000000000139264041021625138959518690171017023792849015286213959640052553513273566855038239821563077,True,True,True,False,0.076923076922775252
234,34,9,fresh_weak,ULS,0.0099900000000000006,0.00998999999999886404628657236124591231536747989416734078364390695111267586062992825595151317,True,0.00998999999999834294291163776994512470210156723376948030917818504908996782632556175728195083,True,0.000000000000000696365337464686627279201553429198422203226030319810203312522440536484030555963409282169183,0.00000000000000139219979515761963821480506193938027645093499344067353659532537803909638901847555718928697,True,True,True,False,False,within_budget,within_budget,TRUE,0.0099900000000007743,0.0099900000056381208,available,within_budget,0.000000000000298772105633833968551227887928898650058590671341470470003971186319184020526362462133189628,0.00000000000000139219979515761963821480506193938027645093499344067353659532537803909638901847555718928697,True,True,True,False,0.076923076922775252
235,34,9,fresh_weak,ULS,0.01,0.00999999999999988422655374408551533439953287666747978086708888393326238009086901445840337545,True,0.00999999999999936201426844412116366029036365455138748545855610323618459073460769115312347634,True,0.000000000000000696365337464686627279201553429198422203226030319810203312522440536484030555963409282169183,0.00000000000000139261547005379572014662137833536295906398089474355149262455069933350575251707746836472376,True,True,True,False,False,unresolved,unresolved,TRUE,0.010000000000001797,0.010000000005643954,available,unresolved,0.000000000000298772105633833968551227887928898650058590671341470470003971186319184020526362462133189628,0.00000000000000139261547005379572014662137833536295906398089474355149262455069933350575251707746836472376,True,True,True,False,0.076923076922775252
236,34,9,fresh_weak,ULS,0.01001,0.010009999999999362387905866591209270580704884690234286584547562252522638944949090304749731,True,0.0100099999999988398282833768425035651867103245685227835851563195875621140669242838757232157,True,0.000000000000000696365337464686627279201553429198422203226030319810203312522440536484030555963409282169183,0.00000000000000139274545170619605853574196666849545521070244658222134754958650155693314149322344448396505,True,True,True,False,False,above_budget,above_budget,FALSE,0.010010000000001278,0.010010000005648246,available,above_budget,0.000000000000298772105633833968551227887928898650058590671341470470003971186319184020526362462133189628,0.00000000000000139274545170619605853574196666849545521070244658222134754958650155693314149322344448396505,True,True,True,False,0.076923076922775252
237,34,9,fresh_weak,ULS,0.010999999999999999,0.0110000000000001290048776680871485495765746347774066719361565370784318590965534595485721675,True,0.0109999999999996068569643833664209334631528804992480571943992782125102445731388417012663157,True,0.000000000000000696365337464686627279201553429198422203226030319810203312522440536484030555963409282169183,0.00000000000000139259106747732819244524888675388023647788436394897531565860363961931621992639404785883716,True,True,True,False,False,above_budget,above_budget,FALSE,0.011000000000002286,0.011000000006125525,available,above_budget,0.000000000000298772105633833968551227887928898650058590671341470470003971186319184020526362462133189628,0.00000000000000139259106747732819244524888675388023647788436394897531565860363961931621992639404785883716,True,True,True,False,0.076923076922775252
238,34,9,fresh_weak,ULS,0.02,0.019999999999999247971962885695091309766684495809745362744142237754315260822985221849491816,True,0.0199999999999987244771759038070378186064653211852265378149651555633908980996701988469929006,True,0.000000000000000696365337464686627279201553429198422203226030319810203312522440536484030555963409282169183,0.00000000000000139309575009363868532059177026513740690457467314765640820825874736242488881984130594836033,True,True,True,False,False,above_budget,above_budget,FALSE,0.020000000000003591,0.02000000001045657,available,above_budget,0.000000000000298772105633833968551227887928898650058590671341470470003971186319184020526362462133189628,0.00000000000000139309575009363868532059177026513740690457467314765640820825874736242488881984130594836033,True,True,True,False,0.076923076922775252
239,35,10,fresh_weak,ULS,0,0.00000000000000155744549054644503179645054557771810596875034885424835903312657205099843840447416556689005,True,0.00000000000000169452422679655020245109157579671079651907768119446409766558258280173364953872354732251519,True,0.000000000000000600756815511148415317947700714064933110246259996805900623745167466637019534885414197394318,0.000000000000000937122896634544869303180088211295870104981534565251157405479883917236199431135974146769795,True,True,True,False,False,within_budget,within_budget,TRUE,1.7014631207007103e-15,8.3303646396187849e-13,available,within_budget,0.000000000000348481520230796138788608554417049864824751382434500354328226895123975213501638301682595695,0.000000000000000937122896634544869303180088211295870104981534565251157405479883917236199431135974146769795,True,True,True,False,0.076923076922722461
240,35,10,fresh_weak,ULS,0.0089999999999999993,0.00899999999999913727479400237243104037376730152964233661148137930353385107927583398410843236,True,0.00899999999999958336949828602057821051628497034258454832768684106505081477967289170322355438,True,0.000000000000000600756815511148415317947700714064933110246259996805900623745167466637019534885414197394318,0.000000000000000936922806979716631648350747146224669874900815484362475226722020361667392627901789400948301,True,True,True,False,False,within_budget,within_budget,TRUE,0.0090000000000009378,0.009000000007034277,available,within_budget,0.000000000000348481520230796138788608554417049864824751382434500354328226895123975213501638301682595695,0.000000000000000936922806979716631648350747146224669874900815484362475226722020361667392627901789400948301,True,True,True,False,0.076923076922722461
241,35,10,fresh_weak,ULS,0.0099900000000000006,0.00999000000000010916104483913903437026398981041423231486679800836434408458326177803582329959,True,0.00999000000000055390855899293233199698292326621690744056138806602114716193757704251214907083,True,0.000000000000000600756815511148415317947700714064933110246259996805900623745167466637019534885414197394318,0.000000000000000936281696444209109851379585185289670805097288305457207536749414891330764583505978877685663,True,True,True,False,False,within_budget,within_budget,TRUE,0.0099900000000020528,0.0099900000077176119,available,within_budget,0.000000000000348481520230796138788608554417049864824751382434500354328226895123975213501638301682595695,0.000000000000000936281696444209109851379585185289670805097288305457207536749414891330764583505978877685663,True,True,True,False,0.076923076922722461
242,35,10,fresh_weak,ULS,0.01,0.00999999999999950474728787123446944442009324213890173853513117094177575949023700735213900358,True,0.00999999999999995087534212921318861211852102368669132294134866386952978163275444135910431536,True,0.000000000000000600756815511148415317947700714064933110246259996805900623745167466637019534885414197394318,0.000000000000000936938443858516425559474198020712840334728052489058584305541755524832577933461744814294151,True,True,True,False,False,unresolved,unresolved,TRUE,0.010000000000001452,0.010000000007723903,available,unresolved,0.000000000000348481520230796138788608554417049864824751382434500354328226895123975213501638301682595695,0.000000000000000936938443858516425559474198020712840334728052489058584305541755524832577933461744814294151,True,True,True,False,0.076923076922722461
243,35,10,fresh_weak,ULS,0.01001,0.0100100000000001413304327535201038518826313924416798968443996962865221767414997276052196081,True,0.0100100000000005867654635261510285295532911509194236429230648829299143778756871623841323528,True,0.000000000000000600756815511148415317947700714064933110246259996805900623745167466637019534885414197394318,0.000000000000000936608398540987651303824177921510052876588822186450520096099150112277148159829597115335961,True,True,True,False,False,above_budget,above_budget,FALSE,0.010010000000002085,0.010010000007731426,available,above_budget,0.000000000000348481520230796138788608554417049864824751382434500354328226895123975213501638301682595695,0.000000000000000936608398540987651303824177921510052876588822186450520096099150112277148159829597115335961,True,True,True,False,0.076923076922722461
244,35,10,fresh_weak,ULS,0.010999999999999999,0.0109999999999998722197817400987561708167083475319413769289355967342160162558752437647630018,True,0.0110000000000003166470752978922240913932818824978259001965031939996383786834886075293732445,True,0.000000000000000600756815511148415317947700714064933110246259996805900623745167466637019534885414197394318,0.000000000000000936129643169107182065009625220403917137148800329396111622912035764027356213060793004903432,True,True,True,False,False,above_budget,above_budget,FALSE,0.011000000000001968,0.01100000000841353,available,above_budget,0.000000000000348481520230796138788608554417049864824751382434500354328226895123975213501638301682595695,0.000000000000000936129643169107182065009625220403917137148800329396111622912035764027356213060793004903432,True,True,True,False,0.076923076922722461
245,35,10,fresh_weak,ULS,0.02,0.0199999999999994564815210093522679038126588394784878886325801460521808756740066228338526762,True,0.019999999999999902223714424224022865261920031241598464050317594940075520223027813776606252,True,0.000000000000000600756815511148415317947700714064933110246259996805900623745167466637019534885414197394318,0.000000000000000936754475735484038710871603912058545993868299503760193555348172728954852322232596294273683,True,True,True,False,False,above_budget,above_budget,FALSE,0.020000000000002897,0.020000000014616461,available,above_budget,0.000000000000348481520230796138788608554417049864824751382434500354328226895123975213501638301682595695,0.000000000000000936754475735484038710871603912058545993868299503760193555348172728954852322232596294273683,True,True,True,False,0.076923076922722461
246,36,11,fresh_mixed_units,ULS,0,0.00000000000000164779313329974136566923270687495462305948508410557619927203123307470310625124312921499002,True,0.00000000000000195082272368473065548229892925995382317798618074450427925381433641326877655966545095934632,True,0.000000000000000710419226754587873301067031700705373713037280559499717287476336893550612808217175654845378,0.000000000000000951243329858604287843491977005450088679468848834316234230504401165307086001715931433397481,True,True,True,False,False,within_budget,within_budget,FALSE,1.9577626067233108e-15,8.3329606526061679e-13,available,within_budget,0.0000000343409059880484084578773537499957579983768092029518964371212030566531259685664363838314437,0.000000000000000951243329858604287843491977005450088679468848834316234230504401165307086001715931433397481,True,True,True,False,0.076923041614860563
247,36,11,fresh_mixed_units,ULS,0.0089999999999999993,0.00900000000071069758460759449817472141980953311560296112402529795798123395642615500683315468,True,0.00900000000023611922000995732502733716521199378460631869193264357930114341618104899507523471,True,0.000000000000000710419226754587873301067031700705373713037280559499717287476336893550612808217175654845378,0.00000000000000095152512090887650088720468860511132122621849491644181046390358056275178981068525957284279,True,True,True,False,False,within_budget,within_budget,FALSE,0.0090000047255102897,0.0090157796247930713,available,within_budget,0.0000000343409059880484084578773537499957579983768092029518964371212030566531259685664363838314437,0.00000000000000095152512090887650088720468860511132122621849491644181046390358056275178981068525957284279,True,True,True,False,0.076923041614860563
248,36,11,fresh_mixed_units,ULS,0.0099900000000000006,0.00999000000078908137064032401699559348404338355635720651506184697794464981946926596114633509,True,0.00999000000026179604289664661133024550195085140093890559603730757969515077180725197132037319,True,0.000000000000000710419226754587873301067031700705373713037280559499717287476336893550612808217175654845378,0.00000000000000119119966531060608905011293827144435208679032107829988367428416500343761012195250858309323,True,True,True,False,False,within_budget,unresolved,FALSE,0.0099900052453161265,0.010007515383428568,available,within_budget,0.0000000343409059880484084578773537499957579983768092029518964371212030566531259685664363838314437,0.00000000000000119119966531060608905011293827144435208679032107829988367428416500343761012195250858309323,True,True,True,False,0.076923041614860563
249,36,11,fresh_mixed_units,ULS,0.01,0.0100000000007896199561960872981715878007329669851406876740846722962340241442887832577701445,True,0.0100000000002623086947713858014904727358207925441240284050698497690612472591695776433562399,True,0.000000000000000710419226754587873301067031700705373713037280559499717287476336893550612808217175654845378,0.000000000000000951256452424630527962255679280626177558642985863617952810213217549496514015387624104082985,True,True,True,False,False,unresolved,unresolved,FALSE,0.010000005250566942,0.010017532916344329,available,unresolved,0.0000000343409059880484084578773537499957579983768092029518964371212030566531259685664363838314437,0.000000000000000951256452424630527962255679280626177558642985863617952810213217549496514015387624104082985,True,True,True,False,0.076923041614860563
250,36,11,fresh_mixed_units,ULS,0.01001,0.0100100000007906598180720938730216151054483126187057376381122872488150376798564409398138802,True,0.0100100000002628208003242839670288677016948147377855398344083975785711599343957030178116171,True,0.000000000000000710419226754587873301067031700705373713037280559499717287476336893550612808217175654845378,0.000000000000000951717561584651653459181576029637401531935384964181011459172487555965215360790965963557256,True,True,True,False,False,above_budget,unresolved,FALSE,0.010010005255817757,0.010027550449260091,available,above_budget,0.0000000343409059880484084578773537499957579983768092029518964371212030566531259685664363838314437,0.000000000000000951717561584651653459181576029637401531935384964181011459172487555965215360790965963557256,True,True,True,False,0.076923041614860563
251,36,11,fresh_mixed_units,ULS,0.010999999999999999,0.011000000000869043604104823394213573185731532570061417723454400674114469643995244538460628,True,0.0110000000002894995726580769143616201073564286702621209767387174094097874406718573717883086,True,0.000000000000000710419226754587873301067031700705373713037280559499717287476336893550612808217175654845378,0.00000000000000103941116542205482605207145989705413868802430108658040707211825394352126288667056890837296,True,True,True,False,False,above_budget,above_budget,FALSE,0.011000005775624594,0.011019286207896588,available,above_budget,0.0000000343409059880484084578773537499957579983768092029518964371212030566531259685664363838314437,0.00000000000000103941116542205482605207145989705413868802430108658040707211825394352126288667056890837296,True,True,True,False,0.076923041614860563
252,36,11,fresh_mixed_units,ULS,0.02,0.0200000000015803475010417452508940997965450270656590892341552719158738741382682998699783883,True,0.0200000000005261962707658252555084953232666640121328325876927732253026690682979568364925901,True,0.000000000000000710419226754587873301067031700705373713037280559499717287476336893550612808217175654845378,0.00000000000000103937090071744934925220470705450955520524908437149652085152500924660454276081394259102743,True,True,True,False,False,above_budget,above_budget,FALSE,0.020000010501135455,0.020035065831858899,available,above_budget,0.0000000343409059880484084578773537499957579983768092029518964371212030566531259685664363838314437,0.00000000000000103937090071744934925220470705450955520524908437149652085152500924660454276081394259102743,True,True,True,False,0.076923041614860563
253,37,12,fresh_mixed_units,ULS,0,0.00000000000000139465825432974189894868409742314725294818659152563693291074936134745556554875348184574593,True,0.00000000000000970201717111895798141515485686794610842420469182102503083732540790808665056169358937524757,True,0.000000000000298893208311427066311710724445203459166474156052026644213198799729319028495312041135435587,0.0000000000000115339917562834986011658922139776900053472626516298716595001093405791031273349958787866654,True,True,True,False,False,within_budget,within_budget,FALSE,9.7089641414915679e-15,8.4106649743206612e-13,available,within_budget,0.000000253081049235308594472650715291937294132440024445810691864115754887743294784911180464830256,0.0000000000000115339917562834986011658922139776900053472626516298716595001093405791031273349958787866654,True,True,True,False,0.076922821558172885
254,37,12,fresh_mixed_units,ULS,0.0089999999999999993,0.00900000001020597930862373731118021205999339096307255408843757877325129405110662675714506455,True,0.00900000001017666555620469500801230980020250643260396630967455808425737190468945773646924339,True,0.000000000000298893208311427066311710724445203459166474156052026644213198799729319028495312041135435587,0.0000000000000115234532987606621113569268197602415400448223921618437592777958532340272976793134086617059,True,True,True,False,False,within_budget,within_budget,FALSE,0.0090000063065414047,0.0090176037233747671,available,within_budget,0.000000253081049235308594472650715291937294132440024445810691864115754887743294784911180464830256,0.0000000000000115234532987606621113569268197602415400448223921618437592777958532340272976793134086617059,True,True,True,False,0.076922821558172885
255,37,12,fresh_mixed_units,ULS,0.0099900000000000006,0.0099900000113292139265886158706080424839058763063612285174534634690653290741502516579086848,True,0.00999000001129592866061087152369168136597133393660919019129141245706149316878131891667511883,True,0.000000000000298893208311427066311710724445203459166474156052026644213198799729319028495312041135435587,0.0000000000000115337922988900487156279297742977997762909756355536267303235509608486030905935253493912714,True,True,True,False,False,within_budget,unresolved,FALSE,0.0099900070002607883,0.010009540132854372,available,within_budget,0.000000253081049235308594472669057821363422673294411005144660983074169935803696161033784163374318,0.0000000000000115337922988900487156279297742977997762909756355536267303235509608486030905935253493912714,True,True,True,False,0.076922821558172885
256,37,12,fresh_mixed_units,ULS,0.01,0.0100000000113402562735498460079639841091377465817293605589491018583936632305995727632433614,True,0.0100000000113076882528860150152566437826578428384186692816029133708144266046884855905968506,True,0.000000000000298893208311427066311710724445203459166474156052026644213198799729319028495312041135435587,0.0000000000000115234957044117620170924622878060493056459983357197446932147691872330241309703827778826,True,True,True,False,False,unresolved,unresolved,FALSE,0.010000007007268509,0.01001955969254654,available,unresolved,0.000000253081049235308594472669057821363422673294411005144660983074169935803696161033784163374318,0.0000000000000115234957044117620170924622878060493056459983357197446932147691872330241309703827778826,True,True,True,False,0.076922821558172885
257,37,12,fresh_mixed_units,ULS,0.01001,0.0100100000113520496772311535193756933136199523834332487970901050107238512285109306398453115,True,0.0100100000113179488433540815661500173462259188381981647234124495252141146131975945970176925,True,0.000000000000298893208311427066311710724445203459166474156052026644213198799729319028495312041135435587,0.0000000000000115950865395194022824086127309523257408040337208880674525947363094741574058051613237064589,True,True,True,False,False,above_budget,unresolved,FALSE,0.010010007014274732,0.010029579252237209,available,above_budget,0.000000253081049235308594472669057821363422673294411005144660983074169935803696161033784163374318,0.0000000000000115950865395194022824086127309523257408040337208880674525947363094741574058051613237064589,True,True,True,False,0.076922821558172885
258,37,12,fresh_mixed_units,ULS,0.010999999999999999,0.0110000000124745332384759547066440841537024462470250716434289788415752916414919367376251747,True,0.0110000000124387128280942368637343525363316699450751775718531088441616227514692125438262471,True,0.000000000000298893208311427066311710724445203459166474156052026644213198799729319028495312041135435587,0.0000000000000115235082319662104143273551068320991542477601475974776125172572065402242529213657802657843,True,True,True,False,False,above_budget,above_budget,FALSE,0.011000007707995613,0.011021515661718315,available,above_budget,0.000000253081049235308594472669057821363422673294411005144660983074169935803696161033784163374318,0.0000000000000115235082319662104143273551068320991542477601475974776125172572065402242529213657802657843,True,True,True,False,0.076922821558172885
259,37,12,fresh_mixed_units,ULS,0.02,0.020000000022680772752650700910998886934251801077240639103124041014271049191448124202535076,True,0.0200000000226149315401878812661457414819968832606400663692379812847780032026057876818027202,True,0.000000000000298893208311427066311710724445203459166474156052026644213198799729319028495312041135435587,0.0000000000000115341030354858304662151876186434340312410657899920155388259182603051061885528788515611499,True,True,True,False,False,above_budget,above_budget,FALSE,0.02000001401453657,0.020039119384261297,available,above_budget,0.000000253081049235308594472669057821363422673294411005144660983074169935803696161033784163374318,0.0000000000000115341030354858304662151876186434340312410657899920155388259182603051061885528788515611499,True,True,True,False,0.076922821558172885
260,38,13,fresh_mixed_units,ULS,0,0.0000000000000016435395521648370511395333101752749319066784948472725188821533961899809513385263029360662,True,0.0000000000000016948647901271836236150995350061520539408399698686542970826145893629160372803024499269722,True,0.00000000000000081593690957086658956490160655886102282217827764797965993354033850475407087510636896385829,0.00000000000000183155422625989078348630470290429203609624617125967932069661380298614511480658690843059095,True,True,True,False,False,within_budget,within_budget,FALSE,1.7018051369927962e-15,8.3304118339486956e-13,available,within_budget,0.0000000153829534932178176906986698632626212784979345961120908032096207940064684137271242505394734,0.00000000000000183155422625989078348630470290429203609624617125967932069661380298614511480658690843059095,True,True,True,False,0.076923057773055248
261,38,13,fresh_mixed_units,ULS,0.0089999999999999993,0.00899999999716925239698580142532593802713146459429728603036619398363930226063424812076456,True,0.0089999999972302530065713525755301490708175351433715111712995512466357320418329503511426442,True,0.00000000000000081593690957086658956490160655886102282217827764797965993354033850475407087510636896385829,0.00000000000000187143921908666641241699599537600937142447878265378937002040760017502872774136114868354137,True,True,True,False,False,within_budget,within_budget,FALSE,0.0090000085865862677,0.0090258754605825765,available,within_budget,0.0000000153829534932178176906986698632626212784979345961120908032096207940064684137271242505394734,0.00000000000000187143921908666641241699599537600937142447878265378937002040760017502872774136114868354137,True,True,True,False,0.076923057773055248
262,38,13,fresh_mixed_units,ULS,0.0099900000000000006,0.0099899999968581867811544302880675199490976266738453399751590407588714146428959507023436738,True,0.00998999999692458408160838844132359392823001609562246880926944928519167473110880016456413799,True,0.00000000000000081593690957086658956490160655886102282217827764797965993354033850475407087510636896385829,0.00000000000000206175120447505535578335403683734718716456151341510730921010677589734177388411781008688241,True,True,True,False,False,within_budget,unresolved,FALSE,0.0099900095311097614,0.010018721761154212,available,within_budget,0.0000000153829534932178176906986698632626212784979345961120908032096207940064684137271242505394734,0.00000000000000206175120447505535578335403683734718716456151341510730921010677589734177388411781008688241,True,True,True,False,0.076923057773055248
263,38,13,fresh_mixed_units,ULS,0.01,0.00999999999685512004515575803652163009120658839903802263981588734968153882700993972326994742,True,0.00999999999692282651786439390986097297194046448667638289200388612217808356044621231954072504,True,0.00000000000000081593690957086658956490160655886102282217827764797965993354033850475407087510636896385829,0.00000000000000187096389116929833497998686408435415213932167154040288187830784585415782848196598399334693,True,True,True,False,False,unresolved,unresolved,FALSE,0.010000009540651731,0.01002875051166637,available,unresolved,0.0000000153829534932178176906986698632626212784979345961120908032096207940064684137271242505394734,0.00000000000000187096389116929833497998686408435415213932167154040288187830784585415782848196598399334693,True,True,True,False,0.076923057773055248
264,38,13,fresh_mixed_units,ULS,0.01001,0.0100099999968520533091570857849759902295116941270610632716389847859592934662679757003436208,True,0.0100099999969185836781686927420745147959612044994421747803139503401037499732136259535400153,True,0.00000000000000081593690957086658956490160655886102282217827764797965993354033850475407087510636896385829,0.00000000000000206216725104741329771568563122270068227330524101546652604128542048647192421114512333990265,True,True,True,False,False,above_budget,unresolved,FALSE,0.010010009550191219,0.010038779262176037,available,above_budget,0.0000000153829534932178176906986698632626212784979345961120908032096207940064684137271242505394734,0.00000000000000206216725104741329771568563122270068227330524101546652604128542048647192421114512333990265,True,True,True,False,0.076923057773055248
265,38,13,fresh_mixed_units,ULS,0.010999999999999999,0.0109999999965403661306621464641726197250790425678291932916074052114679509381790651632087176,True,0.0109999999966141568802316243539206784116577446600239723916541228008238104402034435322341312,True,0.00000000000000081593690957086658956490160655886102282217827764797965993354033850475407087510636896385829,0.0000000000000018309299508005187903460371230169149014250619713779168217785472028089702402342748401135907,True,True,True,False,False,above_budget,above_budget,FALSE,0.011000010494715952,0.011031625562748918,available,above_budget,0.0000000153829534932178176906986698632626212784979345961120908032096207940064684137271242505394734,0.0000000000000018309299508005187903460371230169149014250619713779168217785472028089702402342748401135907,True,True,True,False,0.076923057773055248
266,38,13,fresh_mixed_units,ULS,0.02,0.0199999999937100671508739151084467168981171534238577759209943564463592754013375051085978404,True,0.0199999999938435939575748788390221982244028310351760203312591349109932362327423034968369421,True,0.00000000000000081593690957086658956490160655886102282217827764797965993354033850475407087510636896385829,0.000000000000002061755585358167300853915875242912813569026117576524200722513604335956328819742321775168,True,True,True,False,False,above_budget,above_budget,FALSE,0.020000019081301394,0.020057501022499331,available,above_budget,0.0000000153829534932178176906986698632626212784979345961120908032096207940064684137271242505394734,0.000000000000002061755585358167300853915875242912813569026117576524200722513604335956328819742321775168,True,True,True,False,0.076923057773055248
267,39,14,fresh_mixed_units,ULS,0,0.00000000000000186578283418272309299343570679998501492218045822793120637159334427466191369503095801501145,True,0.00000000000000222718771890387804503930384574797531007037824788644326599821976990242948974200737086727692,True,0.000000000000000721398873291957503749176787210427530572985026659438229946255768711308765680829719508648323,0.00000000000000135152994673344613623449571677440062493076062675076562941738132214716821435691972448960327,True,True,True,False,False,within_budget,within_budget,FALSE,2.2341273138243838e-15,8.3357165709244801e-13,available,within_budget,0.000000138213487037027061921587776327810711242985080176774130372359183990547204422522583222688086,0.00000000000000135152994673344613623449571677440062493076062675076562941738132214716821435691972448960327,True,True,True,False,0.076922938365834193
268,39,14,fresh_mixed_units,ULS,0.0089999999999999993,0.00899999999992189322688607667268880330883365747757896058082821697237240698002243994670218213,True,0.00900000000000068539469964744989063970946964000421301618390609985466550786252099910484060115,True,0.000000000000000721398873291957503749176787210427530572985026659438229946255768711308765680829719508648323,0.00000000000000138669600909110610872509875764974297419323968442421950346887906696889082181197997541133461,True,True,True,False,False,within_budget,within_budget,FALSE,0.0090000025110902656,0.0090090613403780318,available,within_budget,0.000000138213487037027061921587776327810711242985080176774130372359183990547204422522583222688086,0.00000000000000138669600909110610872509875764974297419323968442421950346887906696889082181197997541133461,True,True,True,False,0.076922938365834193
269,39,14,fresh_mixed_units,ULS,0.0099900000000000006,0.00998999999991325246164167873753800632822597171382753131214624687722384446297381312361125501,True,0.00999000000000007973146567394227998711340108481550244074843641525592844111419905447774676594,True,0.000000000000000721398873291957503749176787210427530572985026659438229946255768711308765680829719508648323,0.00000000000000135358452439565250621293189558977032962110781517460120442799191543438289686727398709993967,True,True,True,False,False,within_budget,unresolved,FALSE,0.0099900027873095106,0.010000058087727484,available,within_budget,0.000000138213487037027061921587776327810711242985080176774130372359183990547204422522583222688086,0.00000000000000135358452439565250621293189558977032962110781517460120442799191543438289686727398709993967,True,True,True,False,0.076922938365834193
270,39,14,fresh_mixed_units,ULS,0.01,0.00999999999991338991811649716944018393582811694482166164485002576183596149715629521371581741,True,0.0100000000000003043102164761343935813413710868442126140000954674822245276940522833200035397,True,0.000000000000000721398873291957503749176787210427530572985026659438229946255768711308765680829719508648323,0.00000000000000135351826004986267837105827352435960174671000978958051253527260061727503768597305395222285,True,True,True,False,False,unresolved,unresolved,FALSE,0.010000002790099841,0.010010068155882765,available,unresolved,0.000000138213487037027061921587776327810711242985080176774130372359183990547204422522583222688086,0.00000000000000135351826004986267837105827352435960174671000978958051253527260061727503768597305395222285,True,True,True,False,0.076922938365834193
271,39,14,fresh_mixed_units,ULS,0.01001,0.0100099999999129568885335868143728283699155380991203031400435763691993846525193866261945872,True,0.0100099999999993871129272544505325713112566568909475302823272446479080754101364008581989145,True,0.000000000000000721398873291957503749176787210427530572985026659438229946255768711308765680829719508648323,0.00000000000000177610885955213854693054112161082171054278560919133159368480179377171449798391436911485464,True,True,True,False,False,above_budget,unresolved,FALSE,0.010010002792889022,0.010020078224036898,available,above_budget,0.000000138213487037027061921587776327810711242985080176774130372359183990547204422522583222688086,0.00000000000000177610885955213854693054112161082171054278560919133159368480179377171449798391436911485464,True,True,True,False,0.076922938365834193
272,39,14,fresh_mixed_units,ULS,0.010999999999999999,0.0109999999999043161232891888822360673344918363864486952101445914213530547098103787795589713,True,0.0109999999999999231761399614467387299393382966087130627488557471603432642048570417652139884,True,0.000000000000000721398873291957503749176787210427530572985026659438229946255768711308765680829719508648323,0.00000000000000135381488219025398626178747486412909491893626782536049220254554805297274889073563528204575,True,True,True,False,False,above_budget,above_budget,FALSE,0.01100000306910941,0.011011074971387494,available,above_budget,0.000000138213487037027061921587776327810711242985080176774130372359183990547204422522583222688086,0.00000000000000135381488219025398626178747486412909491893626782536049220254554805297274889073563528204575,True,True,True,False,0.076922938365834193
273,39,14,fresh_mixed_units,ULS,0.02,0.019999999999825504400132058293288446769884364203584732865363911336597321022262607224266037,True,0.0199999999999987750250868845331760307980739947685996982602869457761695943978301730664007287,True,0.000000000000000721398873291957503749176787210427530572985026659438229946255768711308765680829719508648323,0.00000000000000177989117854358892552373236110305042199734751633647188406126304757977965577062114293674751,True,True,True,False,False,above_budget,above_budget,FALSE,0.020000005580197842,0.020020136310932354,available,above_budget,0.000000138213487037027061921587776327810711242985080176774130372359183990547204422522583222688086,0.00000000000000177989117854358892552373236110305042199734751633647188406126304757977965577062114293674751,True,True,True,False,0.076922938365834193
274,40,15,fresh_mixed_units,ULS,0,0.00000000000000200398919095407937267249226040401815302566099555950814141129331247801876971273446350963805,True,0.00000000000000277822653631069522702819806086284375619911220817071138381694734163622050319750796525826174,True,0.00000000000000073594350913607864916509152201812556472893112567188373724301956310742410404899412819016567,0.000000000000001581175486420153336046226500988291673602609719248942989240315626684544769621977669748285,True,True,True,False,False,within_budget,within_budget,FALSE,2.7851681653472067e-15,8.341284065863616e-13,available,within_budget,0.000000044343279553177779291690237327898880552484859606367597586137722347887585090678916037841021,0.000000000000001581175486420153336046226500988291673602609719248942989240315626684544769621977669748285,True,True,True,False,0.076923030840083423
275,40,15,fresh_mixed_units,ULS,0.0089999999999999993,0.00899999997627966276206323008057330011716136896230306504284332719194205303184555404565081838,True,0.00899999997634584193244279007589400211638532752590217493861442447245012139954825540348883414,True,0.00000000000000073594350913607864916509152201812556472893112567188373724301956310742410404899412819016567,0.00000000000000158052928268495914850034136257536836869119214768437208579140209470182800954376048940820695,True,True,True,False,False,within_budget,within_budget,FALSE,0.0090000080671403561,0.0090243315140036036,available,within_budget,0.000000044343279553177779291690237327898880552484859606367597586137722347887585090678916037841021,0.00000000000000158052928268495914850034136257536836869119214768437208579140209470182800954376048940820695,True,True,True,False,0.076923030840083423
276,40,15,fresh_mixed_units,ULS,0.0099900000000000006,0.00998999997367095254320468048610916714008086223732890762073063540410519139739306960990181472,True,0.00998999997374518634782036089919667170601164305637932296044855247408245543127879843714087455,True,0.00000000000000073594350913607864916509152201812556472893112567188373724301956310742410404899412819016567,0.00000000000000137628257594301855463337001575042616228348750074909995370827777579739057720297582663473964,True,True,True,False,False,within_budget,unresolved,FALSE,0.0099900089545270944,0.010017007980453857,available,within_budget,0.000000044343279553177779291690237327898880552484859606367597586137722347887585090678916037841021,0.00000000000000137628257594301855463337001575042616228348750074909995370827777579739057720297582663473964,True,True,True,False,0.076923030840083423
277,40,15,fresh_mixed_units,ULS,0.01,0.00999999997364462287194706972428483294062771361666817619083359111742926369094411895783572236,True,0.00999999997371754990887817371951574343553386491642806386454488796116736852683207196521182857,True,0.00000000000000073594350913607864916509152201812556472893112567188373724301956310742410404899412819016567,0.00000000000000203732608094990765261436940403066965884885527088659917047570677471869416718510629093968108,True,True,True,False,False,unresolved,unresolved,FALSE,0.010000008963489229,0.010027035015467133,available,unresolved,0.000000044343279553177779291690237327898880552484859606367597586137722347887585090678916037841021,0.00000000000000203732608094990765261436940403066965884885527088659917047570677471869416718510629093968108,True,True,True,False,0.076923030840083423
278,40,15,fresh_mixed_units,ULS,0.01001,0.0100099999736182932006894589624608983287788521076151333720380052011956163218721743749254545,True,0.0100099999736926764363137658408110031654168595265065251109825580406362445533953285078114906,True,0.00000000000000073594350913607864916509152201812556472893112567188373724301956310742410404899412819016567,0.0000000000000013765338882543321219393948695508213373164132906833559841918080774510756649443034097724449,True,True,True,False,False,above_budget,unresolved,FALSE,0.010010008972454128,0.010037062050483183,available,above_budget,0.000000044343279553177779291690237327898880552484859606367597586137722347887585090678916037841021,0.0000000000000013765338882543321219393948695508213373164132906833559841918080774510756649443034097724449,True,True,True,False,0.076923030840083423
279,40,15,fresh_mixed_units,ULS,0.010999999999999999,0.0109999999710088920603792146481475609297040249773420111769271490523744193843294316063391174,True,0.0109999999710892546880094105792033280015355072512459179419692807828605540926226312571478484,True,0.00000000000000073594350913607864916509152201812556472893112567188373724301956310742410404899412819016567,0.00000000000000203809035150568525204987048090189006581695374586136625264542605380982187905047472184866313,True,True,True,False,False,above_budget,above_budget,FALSE,0.011000009859838102,0.011029738516930662,available,above_budget,0.000000044343279553177779291690237327898880552484859606367597586137722347887585090678916037841021,0.00000000000000203809035150568525204987048090189006581695374586136625264542605380982187905047472184866313,True,True,True,False,0.076923030840083423
280,40,15,fresh_mixed_units,ULS,0.02,0.0199999999472886965991719084924159376973275222185657583950063549348331919077025795089593134,True,0.0199999999474373748930348211095661608909487413210424496690080599274509215229669704950312368,True,0.00000000000000073594350913607864916509152201812556472893112567188373724301956310742410404899412819016567,0.00000000000000137519443091119346821245554005848412293313451719795087156692270554989477565136436994660766,True,True,True,False,False,above_budget,above_budget,FALSE,0.02000001792698073,0.02005407003010521,available,above_budget,0.000000044343279553177779291690237327898880552484859606367597586137722347887585090678916037841021,0.00000000000000137519443091119346821245554005848412293313451719795087156692270554989477565136436994660766,True,True,True,False,0.076923030840083423
281,41,1,retained_NTML,ML,0,0.0000000000000157423067838548052733990192537581231924690323924912446218761452848245079311369793501931154,True,0.0000000000000151293037337778006865553577874888634101870834075934889024924393464333111711142324586457501,True,0.00000000000000412381631614041899769340565980067810741515053378102424200441076687382995323747404200777663,0.00000000000000250189928983643294433629810921020473342746047891050893116978557285414170974909424544527296,True,True,True,False,False,within_budget,within_budget,TRUE,1.5136243131989335e-14,3.574722354262387e-09,available,within_budget,0.00000000000000412381631614041899769340565980067810741515053378102424200441076687382995323747404200777663,0.00000000000000250189928983643327589132480889479426856636567957111167674555472052480812778193064139827746,True,True,True,False,7.0543028038924444e-09
282,41,1,retained_NTML,ML,9.9999999999999995e-08,0.000000719032717303311614435068035116097724449415746272351614189692018506960851100732345448587897,True,0.000000719032718270648948585451046512994288308436354616541902612311548102531853918847547472796136,True,0.00000000000000949427228504793301279460093548685750262883841164557583697814983535930616188879752657223482,0.00000000000000423899684022355382210749436870850286511867599615931132598764432187593304275503263827235556,True,True,True,False,False,within_budget,within_budget,TRUE,7.1903274392820602e-07,7.225938740315346e-07,available,within_budget,0.00000000000000949427228504793301279460093548685750262883841164557583697814983535930616188879752657223482,0.00000000000000423899686191978779221744325797128317427541204304061239089300118203750471848062112989429184,True,True,True,False,7.4373849008234047e-09
283,41,1,retained_NTML,ML,1.0000000000000001e-05,0.0000719032719492782433328152342550434119666441642286342027562900041171772573638167646088576058,True,0.000071903271951298208089940435270924362822271160829030120817075550967442092642596682885616345,True,0.000000000000011423230963297160142196407311749640454705260050106837178893737107280935427817103279277962,0.00000000000000517114559525022061372379339122969563680237022293796365100642813848727203036347327510693123,True,True,True,False,False,within_budget,within_budget,TRUE,7.1903272267890124e-05,7.190599111467454e-05,available,within_budget,0.000000000000011423230963297160142196407311749640454705260050106837178893737107280935427817103279277962,0.00000000000000517114398445080563629445247543887923350194452712423741678353322144960893399689695115406804,True,True,True,False,4.530885412844698e-08
284,41,1,retained_NTML,ML,0.001,0.00719034590259171521741668244807430030854227034754343288805748698705102141911933304033581506,True,0.00719034590259194391373172763357804360050721140217036419085694314568181453181842889587326557,True,0.00000000000000415334031963945754550344741555636001950689026159368522947691556194650292457261387723489105,0.00000000000000228347735041457823888935464464265677930003168407771374085872441446121616636728722272212668,True,True,True,False,False,within_budget,within_budget,TRUE,0.0071903459030955245,0.0071903478462277239,available,within_budget,0.00000000000000415334031963945754550344741555636001950689026159368522947691556194650292457261387723489105,0.00000000000000228342481194967448593848471255498441577958004798089442398711758773829698360182227507248504,True,True,True,False,3.3308834781824447e-06
285,41,1,retained_NTML,ML,0.01,0.0719219943517206938850485751112424022941784300907492008560594983346929909580130633477709152,True,0.0719219943517225892517737794690718793829442122258082299385032046166107490012752060753757185,True,0.0000000000000074424765729173898031824084208801234245030996954098612552010937379075093578859105669202193,0.0000000000000038081519729055255800891735556981437188274173441943477298538625084989956668315546284969462,True,True,True,False,False,above_budget,above_budget,FALSE,0.071921994357535546,0.071922016350845899,available,above_budget,0.0000000000000074424765729173898031824084208801234245030996954098612552010937379075093578859105669202193,0.0000000000000038011902263081086801877128352361447373629238333533170061927838844143253763323968237383101,True,True,True,False,2.7007801382989906e-06
286,41,1,retained_NTML,ML,0.10000000000000001,nan,False,nan,True,0.00000000000000985227030425109231741368235231628366310075154057899280121870009728000210746926774251977922,0.00000000000000242543490674542975990018504432530767332047631341974874757401383457857609812880122715423875,True,True,True,False,False,unresolved,unresolved,FALSE,Inf,Inf,nonpositive_curvature,unresolved,0.00000000000000985227030425109231741368235231628366310075154057899280121870009728000210746926774251977922,0.00000000000000242543490674542975990018504432530767332047631341974874757401383457857609812880122715423875,True,True,True,False,0
287,41,1,retained_NTML,ML,0.5,nan,False,nan,True,+inf,+inf,False,False,True,False,False,unresolved,unresolved,FALSE,Inf,Inf,nonpositive_curvature,unresolved,+inf,+inf,True,True,True,False,0
288,42,2,retained_NTML,ML,0,0.00000000000000790874504583581864426765466926630704377689156400506359243514031278418601233918353748737166,True,0.0000000000000259262041237464112813035819709387696756638170410498397714725191871388943537522922752835424,True,0.0000000000000996314775246968772253040164169587205404310217470380808133654130449974499007585146791221327,0.000000000000039179104847348318276125798136373508399203148779522673967561614144459839537962802499698899,True,True,True,False,False,within_budget,within_budget,TRUE,2.5933143026403839e-14,3.1452986354385303e-10,available,within_budget,0.0000000000000996314775246968772253040164169587205404310217470380808133654130449974499007585146791221327,0.0000000000000391791048473483189632155159766721648857138889421163197778754664927342050069673135981452161,True,True,True,False,9.1113447764806646e-07
289,42,2,retained_NTML,ML,9.9999999999999995e-08,0.000000441876078262309934244948611419073732246888604603807555994735914989643706771685750247871651,True,0.000000441876074914280614325305127856339130473334707856326906819618065756181217003810812726305533,True,0.0000000000000949836118833721277895198862303628136227379086260177896997870788404071698699345625465316054,0.0000000000000352165462698580278601186686803068400056146279764483134485840893869586300166291702145227057,True,True,True,False,False,within_budget,within_budget,TRUE,4.418760750225884e-07,4.4219082871814836e-07,available,within_budget,0.0000000000000949836118833721277895198862303628136227379086260177896997870788404071698699345625465316054,0.0000000000000352165462824640174032692737070034211685808605711782769677928581002444977238833575050799491,True,True,True,False,9.121951255457514e-07
290,42,2,retained_NTML,ML,1.0000000000000001e-05,0.0000441876080512356584358135448742887706626927306853416863936699616909699959074609184158555544,True,0.0000441876080461805324286553232421526785539286378175899167794184807792424148819940107211960659,True,0.0000000000000941927285029237499848820289397758345684494223389806536321496848542313176497067607820588331,0.0000000000000344242754849889454469834734804742895921312674505377312973258319491414240497487266028962542,True,True,True,False,False,within_budget,within_budget,TRUE,4.4187608057017554e-05,4.4187944566574048e-05,available,within_budget,0.0000000000000941927285029237499848820289397758345684494223389806536321496848542313176497067607820588331,0.0000000000000344242757181577184154859945565436293623134100065177005835708671439717641225439978009084632,True,True,True,False,1.0169065576837308e-06
291,42,2,retained_NTML,ML,0.001,0.00441876528990608040840784889348928654271764624030721398242812288565518389364648453083853792,True,0.00441876528990146868820518226728118649095627139769463045848159274142670814185652689094149393,True,0.0000000000000990174428912772766563553578919032430997270987591487828339789921581649756993127253375456661,0.0000000000000335578368147084434631213252098034039089352090642073275674709818492729438078809839956582566,True,True,True,False,False,within_budget,within_budget,TRUE,0.0044187652900369015,0.0044187658389502876,available,within_budget,0.0000000000000990174428912772766563553578919032430997270987591487828339789921581649756993127253375456661,0.0000000000000335578764143068558949710813470998388665113337156859780092842692306656584707103881695732256,True,True,True,False,8.8134069907082283e-06
292,42,2,retained_NTML,ML,0.01,nan,False,nan,True,0.00000000000010233001837708948437453440037612593245653097780711991388112268108622190058177825290884852,0.0000000000000357409223809991227513797022740357595913326825336362912893645327772910726451529615456614657,True,True,True,False,False,unresolved,unresolved,FALSE,Inf,Inf,nonpositive_curvature,unresolved,0.00000000000010233001837708948437453440037612593245653097780711991388112268108622190058177825290884852,0.0000000000000357409223809991227513797022740357595913326825336362912893645327772910726451529615456614657,True,True,True,False,0
293,42,2,retained_NTML,ML,0.10000000000000001,nan,False,nan,True,0.0000000000000927157588876587629464708505237146392493677913035271574465228049098136825534395528201291183,0.000000000000033127027281227639315484948700133506345113184401561911664954868751881044846256406286611529,True,True,True,False,False,unresolved,unresolved,FALSE,Inf,Inf,nonpositive_curvature,unresolved,0.0000000000000927157588876587629464708505237146392493677913035271574465228049098136825534395528201291183,0.000000000000033127027281227639315484948700133506345113184401561911664954868751881044846256406286611529,True,True,True,False,0
294,42,2,retained_NTML,ML,0.5,nan,False,nan,True,0.0000000000000851139371587148398281983387898821229236869727813224229963230117976147331709928110029380576,0.0000000000000264282703434848937924945087677442166829346673643301480977391008993320040934094584388797846,True,True,True,False,False,unresolved,unresolved,FALSE,Inf,Inf,nonpositive_curvature,unresolved,0.0000000000000851139371587148398281983387898821229236869727813224229963230117976147331709928110029380576,0.0000000000000264282703434848937924945087677442166829346673643301480977391008993320040934094584388797846,True,True,True,False,0
295,43,3,retained_NTML,ML,0,0.0000000000000260355980692504619884116849809309427166327486119815479796291780617167299044075046592272588,True,0.0000000000000276377575336494286084027565074141655123304468181266199833119089415789307223265890002278416,True,0.00000000000000746089601638155795351252135534440236133523311116775253156697566524060762456477202308515091,0.00000000000000362572557183852237331771195973096063180224545294801967585136479910291136812043942156483177,True,True,True,False,False,within_budget,within_budget,TRUE,2.7644696542248932e-14,1.3642640023803254e-09,available,within_budget,0.00000000000000746089601638155795351252135534440236133523311116775253156697566524060762456477202308515091,0.00000000000000362572557183852183033213754895220044778959944327998962184194962615699980182661547464570495,True,True,True,False,4.8425076544572645e-08
296,43,3,retained_NTML,ML,9.9999999999999995e-08,0.000000711699273079486889935611705573974649878710717957004128779619023378581022142426271866667242,True,0.0000007116992728018247265029635321697595909305805815619977499000373043966182135966909424344903,True,0.00000000000000730949651458323369409463518726537169524577787656300421960110956518094176426071613275898253,0.00000000000000737182551500096295440520933645751722683079147663875800795239914476467721020883530920122506,True,True,True,False,False,within_budget,within_budget,TRUE,7.1169927563593637e-07,7.1307646156138681e-07,available,within_budget,0.00000000000000730949651458323369409463518726537169524577787656300421960110956518094176426071613275898253,0.00000000000000737182551457151518033583237104001619750233782813349396282379071130158972374309452150036573,True,True,True,False,4.8424235211585954e-08
297,43,3,retained_NTML,ML,1.0000000000000001e-05,0.0000711699273633872934346975463486558438534528817351405522568976300371071055791552796714040426,True,0.0000711699273629410830000838024612010461425745044138360034851699161960991302685822848745528038,True,0.00000000000000664977154378985473167024527445948291673838461305615648855716570970087457233967936370013838,0.00000000000000931723751141688098148495232168868311101967437144760904305719829398154150635227429386322464,True,True,True,False,False,within_budget,within_budget,TRUE,7.1169927700009107e-05,7.1172589126683935e-05,available,within_budget,0.00000000000000664977154378985473167024527445948291673838461305615648855716570970087457233967936370013838,0.00000000000000931723780429064708656322539517188259668300968650886140909692971471780536528346222974952017,True,True,True,False,4.8340871299423279e-08
298,43,3,retained_NTML,ML,0.001,0.00711699634409347096407848253340620914548188046664538683882416101731980376845292355419540653,True,0.007116996344097412171801631837938242705209066728342437044263196603725553771179320215067023,True,0.00000000000000792027306061314190673078242690094214454892387247370118724830223679480836492518122299935361,0.00000000000000924220674166582520572443523987526265902726311790113382926253354915072589013522796991920336,True,True,True,False,False,within_budget,within_budget,TRUE,0.0071169963757498813,0.0071171544171254215,available,within_budget,0.00000000000000792027306061314190673078242690094214454892387247370118724830223679480836492518122299935361,0.0000000000000092420684809294907383986110286364958005063990518088491942249653482511279095140641343036915,True,True,True,False,4.0021681577889221e-08
299,43,3,retained_NTML,ML,0.01,nan,False,nan,True,0.00000000000000840147639396693671018971489299166969736303764268402470162549144139513623676361714796567559,0.00000000000000529702319618698327570303797874910445450323763874315794594673242466941535355563778039526484,True,True,True,False,False,unresolved,unresolved,FALSE,Inf,Inf,nonpositive_curvature,unresolved,0.00000000000000840147639396693671018971489299166969736303764268402470162549144139513623676361714796567559,0.00000000000000529702319618698327570303797874910445450323763874315794594673242466941535355563778039526484,True,True,True,False,0
300,43,3,retained_NTML,ML,0.10000000000000001,nan,False,nan,True,0.00000000000000861060130450935798626817285731754744658705063458835050570721286127077715688081044680121759,0.00000000000000438101143162041650372085375438475744688302697514998293754661342842860855144532898268112066,True,True,True,False,False,unresolved,unresolved,FALSE,Inf,Inf,nonpositive_curvature,unresolved,0.00000000000000861060130450935798626817285731754744658705063458835050570721286127077715688081044680121759,0.00000000000000438101143162041650372085375438475744688302697514998293754661342842860855144532898268112066,True,True,True,False,0
301,43,3,retained_NTML,ML,0.5,nan,False,nan,True,0.0000000000000100316837716611532448368555782399084661378810305435509644614762526587572829514089106983343,0.00000000000000569376321031976218114208174397679655543098586069391210736899730427094721899751807691869994,True,True,True,False,False,unresolved,unresolved,FALSE,Inf,Inf,nonpositive_curvature,unresolved,0.0000000000000100316837716611532448368555782399084661378810305435509644614762526587572829514089106983343,0.00000000000000569376321031976218114208174397679655543098586069391210736899730427094721899751807691869994,True,True,True,False,0
302,44,4,retained_NTML,ML,0,0.000000000000234875007309085488457252241730611382598537241246735079334468618344435109374049832092139284,True,0.000000000000260920010210529225359241772540313682870356681922104486813727467773025692293875108796147945,True,0.0000000000000471303617827961215029273572026897158318931337067401027313295730923695177223121587926884388,0.0000000000000460812740927017292659339918417670552404192049411877424716134378909948925215591852786427296,True,True,True,False,False,within_budget,unresolved,FALSE,2.610125763448905e-13,Inf,available,within_budget,0.0000000000000471303617827961215029273572026897158318931337067401027313295730923695177223121587926884388,0.0000000000000460812740927017377088430525599253159622044194475026511279587320519014182394683513350303259,True,True,True,False,5.7264905735136044e-13
303,44,4,retained_NTML,ML,9.9999999999999995e-08,0.000000721883162467154719985243023593892380399662708004806860787767651823035440180331972063864174,True,0.000000721883163977507128430977854972917844475507477605986544012220819128232067211183249188640435,True,0.0000000000000436474949539809244511790368053576225332573240650664705049118137953981004469387044958742946,0.000000000000041898997747924414717700767984827726136146275822278571957446895040792004826439298153163639,True,True,True,False,False,within_budget,unresolved,FALSE,7.2217982742977724e-07,Inf,available,within_budget,0.0000000000000436474949539809244511790368053576225332573240650664705049118137953981004469387044958742946,0.0000000000000418989977484863968074082394524594174651548877369259323286420786564891569687166260075758516,True,True,True,False,4.6697847721797003e-13
304,44,4,retained_NTML,ML,1.0000000000000001e-05,nan,False,nan,True,0.0000000000000442583965978650911673033560110748806249207527261059975320431655731704648272573878113858867,0.0000000000000399956673375119915740947345866877229093694120685854437744226331991899718727207770418482056,True,True,True,False,False,unresolved,unresolved,FALSE,Inf,Inf,nonpositive_curvature,unresolved,0.0000000000000442583965978650911673033560110748806249207527261059975320431655731704648272573878113858867,0.0000000000000399956673375119915740947345866877229093694120685854437744226331991899718727207770418482056,True,True,True,False,0
305,44,4,retained_NTML,ML,0.001,nan,False,nan,True,0.0000000000000494853954666923202982552523075240473247528824992920053187281645723048330471349946078196662,0.0000000000000454842306462514152420383271533920054996739214538975455196574506218717253707075849123938419,True,True,True,False,False,unresolved,unresolved,FALSE,Inf,Inf,nonpositive_curvature,unresolved,0.0000000000000494853954666923202982552523075240473247528824992920053187281645723048330471349946078196662,0.0000000000000454842306462514152420383271533920054996739214538975455196574506218717253707075849123938419,True,True,True,False,0
306,44,4,retained_NTML,ML,0.01,nan,False,nan,True,0.0000000000000451576816600787323527085714312578540050848247737754540178567091478311883897912428503338178,0.0000000000000444591684137522705609517043781865393299302128328473507950326610937873524657403866528549199,True,True,True,False,False,unresolved,unresolved,FALSE,Inf,Inf,nonpositive_curvature,unresolved,0.0000000000000451576816600787323527085714312578540050848247737754540178567091478311883897912428503338178,0.0000000000000444591684137522705609517043781865393299302128328473507950326610937873524657403866528549199,True,True,True,False,0
307,44,4,retained_NTML,ML,0.10000000000000001,nan,False,nan,True,0.0000000000000438087498991625958016159963197561040731233143339609573834406789184259155573010386705425095,0.0000000000000429514231854805277139805832368611715366235493748974880181083244479593939336966669623064318,True,True,True,False,False,unresolved,unresolved,FALSE,Inf,Inf,nonpositive_curvature,unresolved,0.0000000000000438087498991625958016159963197561040731233143339609573834406789184259155573010386705425095,0.0000000000000429514231854805277139805832368611715366235493748974880181083244479593939336966669623064318,True,True,True,False,0
308,44,4,retained_NTML,ML,0.5,nan,False,nan,True,0.0000000000000481539211002986987544525590659375273804011411839779759650478499195796690005465715622749065,0.0000000000000441370223227784630538193130724368530588989765054801873669598543023627571584743444070396537,True,True,True,False,False,unresolved,unresolved,FALSE,Inf,Inf,nonpositive_curvature,unresolved,0.0000000000000481539211002986987544525590659375273804011411839779759650478499195796690005465715622749065,0.0000000000000441370223227784630538193130724368530588989765054801873669598543023627571584743444070396537,True,True,True,False,0
309,45,5,retained_NTML,ML,0,0.00000000000000104262375427251663603374783621449434347106176002766964746767080776001812788240872089066128,True,0.00000000000000401877581285570412642379056206536361643339984663141763318162505478627927740309473120711688,True,0.00000000000000755307312895392506720387594007716157039410007838760114422342915016230638338567413741651506,0.00000000000000446104273502357792049131372604357360783060198689086979129071997576649148892625376113031299,True,True,True,False,False,within_budget,within_budget,TRUE,4.0257147067597093e-15,2.289473249987895e-12,available,within_budget,0.00000000000000755307312895392506720387594007716157039410007838760114422342915016230638338567413741651506,0.00000000000000446104273502357791863515091253583436813549031967179032561582928578012880869319634981784566,True,True,True,False,0.017254060718931728
310,45,5,retained_NTML,ML,9.9999999999999995e-08,0.000000403815981317105497517413176016656713852060707638343262208598659156071275965245872898890175,True,0.000000403815981486568817539517937355075056039985934090027881527612383199943045443516103459635726,True,0.00000000000000302060806372912587471102565436629476926785390536032473933611201529381983946879145514288686,0.00000000000000215449823242186823788850170857400599539398767601930125404545153810830663758281814425377217,True,True,True,False,False,within_budget,within_budget,TRUE,4.0381598149351735e-07,4.0381826695697902e-07,available,within_budget,0.00000000000000302060806372912587471102565436629476926785390536032473933611201529381983946879145514288686,0.0000000000000021544982327629540947840509371352787741927849748712308054768012466596792540970184902884664,True,True,True,False,0.017254060675566729
311,45,5,retained_NTML,ML,1.0000000000000001e-05,0.0000403815981171673192914888114764774462419460806458396162086872431499301316763526251369641551,True,0.000040381598117411418186843766576381952497129805005399225485413221732785076741363968202831168,True,0.00000000000000296468307040435918499093336669193164625701555118960267725129728055106764883706812055692512,0.00000000000000108460678459502263407024570830380545872624640872317069483123059262372533546030427590067831,True,True,True,False,False,within_budget,within_budget,TRUE,4.038159811741932e-05,4.0381600404459499e-05,available,within_budget,0.00000000000000296468307040435918499093336669193164625701555118960267725129728055106764883706812055692512,0.0000000000000010846075695098447273749529934621309081993181850128210636315485586659597483288577569517586,True,True,True,False,0.017254056379966333
312,45,5,retained_NTML,ML,0.001,0.00403816326196333607200557427286883650617064699351355240667797773780507474976589000940133026,True,0.00403816326196310057849543667871919415483186244366495490536807031894992589681130982313870683,True,0.00000000000000299263413081264597679982526125990008975104943549958092709343572552568078672635866661137672,0.00000000000000105563513160501986499147703108538195011973300369907544671740442271073795821344899120540639,True,True,True,False,False,within_budget,within_budget,TRUE,0.0040381632619632124,0.0040381632644079356,available,within_budget,0.00000000000000299263413081264597679982526125990008975104943549958092709343572552568078672635866661137672,0.00000000000000105558025548260114066506103400755979743255908191045634488313287257723911203352279305380948,True,True,True,False,0.017253605927394142
313,45,5,retained_NTML,ML,0.01,0.0403850491913291708176670705852706437083664605484879140137998814064365292766270776962555831,True,0.0403850491913287150613144589789671265670964903233651817096419501556675086359673394233383786,True,0.00000000000000263673940045423516298672667014145190930561197428580569971854164413191306950801939951439675,0.00000000000000367999127405717451366093315409600283512733592361990916104252134053572460184595611756370566,True,True,True,False,False,above_budget,above_budget,FALSE,0.040385049191329896,0.040385049195209431,available,above_budget,0.00000000000000263673940045423516298672667014145190930561197428580569971854164413191306950801939951439675,0.00000000000000367988241665679810726058196500909683415465686870308297353155621294925577076306633910883166,True,True,True,False,0.017247669242284967
314,45,5,retained_NTML,ML,0.10000000000000001,0.407312797037114642283004702005702919487792618805149078666456994528828133881534139891024539,True,0.407312797037115307114781158235715772320673021444959230562769765627202758045360903722490099,True,0.00000000000000248463587463223966429157465379695959446651759475122682581118001537709576593752487244828488,0.00000000000000348820379926066535267382014672797834299366263327084530839318133391610448463245811841215905,True,True,True,False,False,above_budget,above_budget,FALSE,0.40731279703712492,0.40731279705573081,available,above_budget,0.00000000000000248463587463223966429157465379695959446651759475122682581118001537709576593752487244828488,0.00000000000000348992003325352934336890823777592606279896029981253089699040738190739865042658187969445804,True,True,True,False,0.01705010313865862
315,45,5,retained_NTML,ML,0.5,2.67187344665264867507892333891009395223956896577907487312813951904315935075066690932307685,True,2.67187344665264942071390865468261685780595620029815042664057491894030890912605080940584935,True,0.00000000000000623113563654733595688499134861375730546197011067496404267891941150467565771781276742049312,0.00000000000000231290945585902306907124999572745298627076106629400573996689592759291340781147599780571467,True,True,True,False,False,above_budget,above_budget,FALSE,2.6718734466527287,2.6718734467802627,available,above_budget,0.00000000000000623113563654733595688499134861375730546197011067496404267891941150467565771781276742049312,0.00000000000000231719309318215971333997258392156947379173547126141016633545493181583628163071816931774785,True,True,True,False,0.015177732433296072
316,46,6,retained_NTML,ML,0,0.000000000000000873329730407014101689045717638974127657862962685441093044801359905107423803279511752649846,True,0.00000000000000992134481860743833114624220461065379358622031069854882920695047363924581382069504443197139,True,0.0000000000000551009539538125426000703787003625254281902298281936123278708765413587354219645926634665386,0.0000000000000188105948154410739945667069683148157038727210292399309894643326468379350455992758475633426,True,True,True,False,False,within_budget,within_budget,TRUE,9.9282841669734481e-15,3.7037536502598824e-09,available,within_budget,0.0000000000000551009539538125426000703787003625254281902298281936123278708765413587354219645926634665386,0.0000000000000188105948154410734711409463993502884811002883505797432944814256952097433603174801194853482,True,True,True,False,6.571837593307785e-09
317,46,6,retained_NTML,ML,9.9999999999999995e-08,0.000000318992099434016899713249122442823676304748225108524705099695460044506947826596637121488929,True,0.000000318992099030006953683806562218342758837710863262277262265708903972473588951246901617531767,True,0.000000000000043054686487569156018280364390702898943221954420151844648404012662069315329303582605735813,0.0000000000000162689763231990449216114917062820509229142172129302120052278053486027927620340385474494759,True,True,True,False,False,within_budget,within_budget,TRUE,3.1899211313982964e-07,3.2274500545319639e-07,available,within_budget,0.000000000000043054686487569156018280364390702898943221954420151844648404012662069315329303582605735813,0.000000000000016268976322851966523966247390930865461858425274635214503073765110962836899654693037028045,True,True,True,False,6.5778875646148305e-09
318,46,6,retained_NTML,ML,1.0000000000000001e-05,0.0000318992099333545271071081740516228200952271138603847212859094046072380298007381372979885034,True,0.0000318992099333207876012207416174398505523405154185977969386736523713936813226612636038908295,True,0.0000000000000607660674985754583973716744511346508509314738413612418635786415299069629151926381851560927,0.000000000000017503186220557854838102686316539602302890940991671596612292776600781569080858710375051432,True,True,True,False,False,within_budget,within_budget,TRUE,3.1899211325057999e-05,3.1907417446460311e-05,available,within_budget,0.0000000000000607660674985754583973716744511346508509314738413612418635786415299069629151926381851560927,0.0000000000000175031862274440699790274861433045819875556063705708497167542710781459795261471377279442105,True,True,True,False,7.1751600823877361e-09
319,46,6,retained_NTML,ML,0.001,0.00318992261898140356193683580628555151864259552989224646328617702704767781799910326513668325,True,0.00318992261898085667878136724454355752575639368838537928691806889436832907933589969302307813,True,0.0000000000000693065194257782073974741815581188446295229317348425998467673180177137807126254949421823713,0.0000000000000218941518191121829844957225615254678899352062363935500035225436967327417120435858792059746,True,True,True,False,False,within_budget,within_budget,TRUE,0.0031899226305474966,0.0031899773776457728,available,within_budget,0.0000000000000693065194257782073974741815581188446295229317348425998467673180177137807126254949421823713,0.0000000000000218941453263801576529912301878590519170284914261687963898780285886360441530378015242877338,True,True,True,False,6.2453799897318153e-08
320,46,6,retained_NTML,ML,0.01,0.0319008352183741543920244772532487600113170645708042779054487683133041495319174334443830735,True,0.0319008352183751936927907256909355101036433450535814154524949269784428129977536158989923595,True,0.0000000000000551362501286299126829333019913261953875517411543851253575976335615689060974778705503050466,0.0000000000000180095436501209041902818315797869405389458297968178112992824382079822835466274715644660814,True,True,True,False,False,above_budget,above_budget,FALSE,0.031900835260648006,0.031900986347056806,available,above_budget,0.0000000000000551362501286299126829333019913261953875517411543851253575976335615689060974778705503050466,0.000000000000018009508075127001101575804823273401540928942119477612537799607378003647787140772230525513,True,True,True,False,2.2229510935570086e-07
321,46,6,retained_NTML,ML,0.10000000000000001,nan,False,nan,True,0.0000000000000563704296635470856877908570500949922161319728963913393585954170008121774612343964543844975,0.0000000000000205864533475516382271557162973166165349475836829422373489969286844736583074910548407564551,True,True,True,False,False,unresolved,unresolved,FALSE,Inf,Inf,nonpositive_curvature,unresolved,0.0000000000000563704296635470856877908570500949922161319728963913393585954170008121774612343964543844975,0.0000000000000205864533475516382271557162973166165349475836829422373489969286844736583074910548407564551,True,True,True,False,0
322,46,6,retained_NTML,ML,0.5,nan,False,nan,True,0.0000000000000498600417019439579178534498560348339541528247022936857755772087527664574381713148689060545,0.0000000000000152803604976074616244006523014706785414870461876046031660270166678802410476496072567492139,True,True,True,False,False,unresolved,unresolved,FALSE,Inf,Inf,nonpositive_curvature,unresolved,0.0000000000000498600417019439579178534498560348339541528247022936857755772087527664574381713148689060545,0.0000000000000152803604976074616244006523014706785414870461876046031660270166678802410476496072567492139,True,True,True,False,0
323,47,7,retained_NTML,ML,0,0.00000000000000057970743506059142274067444640336812147793029389853011061654582945956170658076129173282984,True,0.000000000000000964366991745016478853600554489518030228893605803166498079893685287990632559479334960748792,True,0.0000000000000115488362914969230050835471498701874205841398973249306315374686011454092002849511007531858,0.0000000000000014080387309985571167283875008033471771068565668368277856073527986165208776676094791217994,True,True,True,False,False,within_budget,within_budget,TRUE,9.7130588564895164e-16,2.654507516598967e-12,available,within_budget,0.0000000000000115488362914969230050835471498701874205841398973249306315374686011454092002849511007531858,0.000000000000001408038730998557141115912568662940998911398287764459481693348769994474624209440604584193,True,True,True,False,0.012799228641722142
324,47,7,retained_NTML,ML,9.9999999999999995e-08,0.000000394448516026716598082834906688879558092193318022605429594002645136339917680746605162834182,True,0.000000394448515122008228507482608695488604706185301218686153491206948337792312450898841747273155,True,0.0000000000000040296681777545520981351041923247266842131432050779971181398851122296472565116863545667695,0.00000000000000141015777875010126192608332485984612520705509273817018579152340477426142888499864117788502,True,True,True,False,False,within_budget,within_budget,TRUE,3.9444851512895817e-07,3.9445116868735579e-07,available,within_budget,0.0000000000000040296681777545520981351041923247266842131432050779971181398851122296472565116863545667695,0.00000000000000141015777388406860703000669547182452633434794199520315194154245273066612985544330036951925,True,True,True,False,0.012799228983962366
325,47,7,retained_NTML,ML,1.0000000000000001e-05,0.0000394448515625091350999730353413543353636420774942748291206550036846162937718474264429033434,True,0.0000394448515610314746656003914037006916964649954111093604972281594911603736833244516287362558,True,0.00000000000000807697300031453214001158863996243446730735352230574143918259436795600666216993496355968792,0.00000000000000439849485862771381078957497471472478302842878755110716920841569683875646752728481224938213,True,True,True,False,False,within_budget,within_budget,TRUE,3.9444851561039671e-05,3.9444854216794566e-05,available,within_budget,0.00000000000000807697300031453214001158863996243446730735352230574143918259436795600666216993496355968792,0.00000000000000439849411986315921721047129353619165976436458866925331741613212665107856172904123390576995,True,True,True,False,0.012799262862089147
326,47,7,retained_NTML,ML,0.001,0.00394448829110246230128046036657134852610258697566395094225973130794390398108937935813080962,True,0.00394448829110315692482115612132091756083416850924839533471430401308204336001608370529380053,True,0.00000000000000924638791454896057348410324540392036425230887542291370360449520638597288350947196361617675,0.00000000000000348459033356327440839142242958736112678635786031823668858290506227085641601423673607129853,True,True,True,False,False,within_budget,within_budget,TRUE,0.0039444882911032859,0.003944488293978643,available,within_budget,0.00000000000000924638791454896057348410324540392036425230887542291370360449520638597288350947196361617675,0.00000000000000348452345870249420177149939596884147585820434041601482331496198149508901529197142008286079,True,True,True,False,0.012802620087644677
327,47,7,retained_NTML,ML,0.01,0.0394479875740989519239917168522199014146133785600931248765652284911835657617820309029732995,True,0.0394479875740994137877531889264976472760684588306606785200111415506327522720229993508636004,True,0.00000000000000688013252634059654313825592828058684355553556603343133269039059355368137738102944405927064,0.00000000000000186326693618843067682625476772628940179999367435406200114168338071107220067472977846539522,True,True,True,False,False,above_budget,above_budget,FALSE,0.039447987574100521,0.039447987578968537,available,above_budget,0.00000000000000688013252634059654313825592828058684355553556603343133269039059355368137738102944405927064,0.0000000000000018633371214567980543451163655265766263831925289127460426052762146708023335771871261457108,True,True,True,False,0.012830418332758385
328,47,7,retained_NTML,ML,0.10000000000000001,0.397626434491648109722087436885273218526409558752624699366281197156222739109264023461948517,True,0.397626434491647681911431397712878431431480493075759602961232491295721333224128875271824274,True,0.00000000000000471872676686485326061064123153550312344819576220171650909718621143007195175612874317846757,0.00000000000000248286233953485155372901094116125227787439794885878399898102581553478073849978181878851454,True,True,True,False,False,above_budget,above_budget,FALSE,0.39762643449165991,0.39762643451662061,available,above_budget,0.00000000000000471872676686485326061064123153550312344819576220171650909718621143007195175612874317846757,0.00000000000000248017845542960651438186690452674224944937226403914070135996483135381987136643073438770862,True,True,True,False,0.012885694578888732
329,47,7,retained_NTML,ML,0.5,2.54712615911337643855808555500462225530581644488786964924300757743414677849499095911726011,True,2.54712615911337523645750757993576929049474133478452358646211678208400441570120674803804194,True,0.00000000000000938012312975178925361431794285178598086533018904461748209384739895342325912607424390319968,0.00000000000000159357102441301875987944691949887057970395090508505446486172640384093432775815868446596954,True,True,True,False,False,above_budget,above_budget,FALSE,2.5471261591134584,2.5471261592915302,available,above_budget,0.00000000000000938012312975178925361431794285178598086533018904461748209384739895342325912607424390319968,0.00000000000000150227795950878966482293374820541457395741680517552507910847441206090086871044747396056265,True,True,True,False,0.010872479389660544
