"point_id","case_id","source_case","role","estimator","nobs","target","actual_passed","actual_status","curvature_status","condition","retained_status","retained_decision","retained_distance","retained_lower","retained_upper","rank_margin","verification_matrix_error","matrix_allowance","vector_allowance","construction_multiplier","conditional_status","conditional_decision","conditional_lower","conditional_upper","derived_status","derived_matrix","derived_vector","derived_curvature","derived_curvature_lower_bound","derived_interval_status","derived_decision","derived_lower","derived_upper"
1,1,1,"retained_ULS","ULS","100","0",FALSE,"ill_conditioned","available","9.2082130888188992e+17","available","within_budget","4.5607913141448835e-09","0","4.9205885814088263e-06","2.0102785028090335e-09","8.9195944394327517e-16","2.9974209726165487e-12","9.2108882780143685e-12","3744","available","unresolved","0","0.01654986042454162","available","6.1484686764957009e-16","5.1233523329056527e-15","3.2486448692776377e-08","0.076447745508440176","available","within_budget","0","8.3093150249580744e-06"
2,1,1,"retained_ULS","ULS","100","0.0089999999999999993",FALSE,"ill_conditioned","available","9.2082130888188992e+17","available","within_budget","0.008999997268525092","0.00899508118844939","0.0090049133486007939","2.0102785028090335e-09","8.9195944394327517e-16","2.9974209726165487e-12","9.21098624194625e-12","3744","available","unresolved","0","0.025550029151016149","available","6.1484686764957009e-16","5.1718201273689095e-15","3.2486448692776377e-08","0.076447745508440176","available","within_budget","0.0089916924259644294","0.0090083021110857545"
3,1,1,"retained_ULS","ULS","100","0.0099900000000000006",FALSE,"ill_conditioned","available","9.2082130888188992e+17","available","within_budget","0.0099899972707909492","0.0099850811847470283","0.00999491335683487","2.0102785028090335e-09","8.9195944394327517e-16","2.9974209726165487e-12","9.2109974246844883e-12","3744","available","unresolved","0","0.02654004924610024","available","6.1484686764957009e-16","5.206773221647115e-15","3.2486448692776377e-08","0.076447745508440176","available","within_budget","0.0099816924181478535","0.0099983021234340448"
4,1,1,"retained_ULS","ULS","100","0.01",FALSE,"ill_conditioned","available","9.2082130888188992e+17","available","unresolved","0.009999997270814194","0.0099950811847094537","0.010004913356918934","2.0102785028090335e-09","8.9195944394327517e-16","2.9974209726165487e-12","9.2109975380526593e-12","3744","available","unresolved","0","0.02655004944982043","available","6.1484686764957009e-16","5.2556440501049946e-15","3.2486448692776377e-08","0.076447745508440176","available","unresolved","0.0099916924180685224","0.010008302123559866"
5,1,1,"retained_ULS","ULS","100","0.01001",FALSE,"ill_conditioned","available","9.2082130888188992e+17","available","above_budget","0.010009997270837401","0.010005081184672301","0.010014913357002501","2.0102785028090335e-09","8.9195944394327517e-16","2.9974209726165487e-12","9.2109976514290552e-12","3744","available","unresolved","0","0.026560049653554893","available","6.1484686764957009e-16","5.307150656191928e-15","3.2486448692776377e-08","0.076447745508440176","available","above_budget","0.010001692417989606","0.010018302123685196"
6,1,1,"retained_ULS","ULS","100","0.010999999999999999",FALSE,"ill_conditioned","available","9.2082130888188992e+17","available","above_budget","0.010999997273103274","0.010995081180925832","0.011004913365280715","2.0102785028090335e-09","8.9195944394327517e-16","2.9974209726165487e-12","9.2110089164029953e-12","3744","available","unresolved","0","0.027550069896397945","available","6.1484686764957009e-16","5.0970781936721821e-15","3.2486448692776377e-08","0.076447745508440176","available","above_budget","0.010991692410098914","0.011008302136107633"
7,1,1,"retained_ULS","ULS","100","0.02",FALSE,"ill_conditioned","available","9.2082130888188992e+17","available","above_budget","0.019999997293708979","0.019995081144900562","0.020004913442517397","2.0102785028090335e-09","8.9195944394327517e-16","2.9974209726165487e-12","9.2111150224815997e-12","3744","available","unresolved","0.0034497340221016485","0.036550260565316316","available","6.1484686764957009e-16","5.2093342547560864e-15","3.2486448692776377e-08","0.076447745508440176","available","above_budget","0.019991692335036636","0.020008302252381323"
8,2,2,"retained_ULS","ULS","100","0",FALSE,"ill_conditioned","available","1.2414116928131784e+18","available","within_budget","1.1496627267461574e-07","0","4.9981737444922035e-06","1.6938757981886677e-09","1.5171863811647529e-15","2.9974209726165491e-12","4.5323544775287848e-12","3744","available","within_budget","0","0.0096695910458271684","available","8.0359803466818148e-16","2.5676873601209594e-14","1.8226030275266599e-07","0.066851263550826087","available","within_budget","0","7.5846333831436143e-06"
9,2,2,"retained_ULS","ULS","100","0.0089999999999999993",FALSE,"ill_conditioned","available","1.2414116928131784e+18","available","within_budget","0.0089999297552049284","0.0089950450707729085","0.0090048144396369482","1.6938757981886677e-09","1.5171863811647529e-15","2.9974209726165491e-12","4.533725319675682e-12","3744","available","unresolved","0","0.018672330435077988","available","8.0359803466818148e-16","2.5548900771552715e-14","1.8226030275266599e-07","0.066851263550826087","available","within_budget","0.0089924578288416782","0.0090074016815681786"
10,2,2,"retained_ULS","ULS","100","0.0099900000000000006",FALSE,"ill_conditioned","available","1.2414116928131784e+18","available","within_budget","0.0099899297530418023","0.009985044905195346","0.0099948146008882587","1.6938757981886677e-09","1.5171863811647529e-15","2.9974209726165491e-12","4.5338769929589319e-12","3744","available","unresolved","0.00031720548833185557","0.019662654017751753","available","8.0359803466818148e-16","2.5589658028896398e-14","1.8226030275266599e-07","0.066851263550826087","available","within_budget","0.0099824575767093228","0.0099974019293742819"
11,2,2,"retained_ULS","ULS","100","0.01",FALSE,"ill_conditioned","available","1.2414116928131784e+18","available","unresolved","0.0099999297530188637","0.0099950449035208864","0.010004814602516841","1.6938757981886677e-09","1.5171863811647529e-15","2.9974209726165491e-12","4.5338785259024315e-12","3744","available","unresolved","0.00032720221787626105","0.01967265728816147","available","8.0359803466818148e-16","2.5699467216347654e-14","1.8226030275266599e-07","0.066851263550826087","available","unresolved","0.0099924575741599554","0.010007401931877772"
12,2,2,"retained_ULS","ULS","100","0.01001",FALSE,"ill_conditioned","available","1.2414116928131784e+18","available","above_budget","0.010009929752997389","0.010005044901847757","0.010014814604147021","1.6938757981886677e-09","1.5171863811647529e-15","2.9974209726165491e-12","4.5338800588637323e-12","3744","available","unresolved","0.00033719894738403557","0.019682660558610746","available","8.0359803466818148e-16","2.5560471283526708e-14","1.8226030275266599e-07","0.066851263550826087","available","above_budget","0.010002457571612156","0.010017401934382622"
13,2,2,"retained_ULS","ULS","100","0.010999999999999999",FALSE,"ill_conditioned","available","1.2414116928131784e+18","available","above_budget","0.010999929750841164","0.010995044736085294","0.011004814765597034","1.6938757981886677e-09","1.5171863811647529e-15","2.9974209726165491e-12","4.5340319101496698e-12","3744","available","unresolved","0.0013268749806340349","0.020672984521048297","available","8.0359803466818148e-16","2.555450278410531e-14","1.8226030275266599e-07","0.066851263550826087","available","above_budget","0.010992457319193367","0.011007402182488961"
14,2,2,"retained_ULS","ULS","100","0.02",FALSE,"ill_conditioned","available","1.2414116928131784e+18","available","above_budget","0.019999929731411532","0.019995043220707175","0.020004816242115888","1.6938757981886677e-09","1.5171863811647529e-15","2.9974209726165491e-12","4.5354203763098194e-12","3744","available","above_budget","0.010323912761228675","0.029675946701594392","available","8.0359803466818148e-16","2.5608596925112908e-14","1.8226030275266599e-07","0.066851263550826087","available","above_budget","0.019992455011465064","0.020007404451357999"
15,3,3,"retained_ULS","ULS","100","0",FALSE,"ill_conditioned","available","11160972061792364","available","within_budget","1.0482080690357567e-09","0","1.2123874670319579e-06","1.7509208324097945e-08","1.2722785439771311e-15","2.9974209726165487e-12","1.3858817013551532e-11","3744","available","within_budget","0","0.0028555524562377701","available","9.4778775208700802e-16","4.5090326142148524e-15","2.3937595922719217e-09","0.076922392276933288","available","within_budget","0","2.1147784238513128e-06"
16,3,3,"retained_ULS","ULS","100","0.0089999999999999993",FALSE,"ill_conditioned","available","11160972061792364","available","within_budget","0.0090000006333827171","0.0089987893714923647","0.0090012118952730695","1.7509208324097945e-08","1.2722785439771311e-15","2.9974209726165487e-12","1.3857931844810288e-11","3744","available","unresolved","0.0061446316106778757","0.011855369656087559","available","9.4778775208700802e-16","5.6529434317733247e-15","2.3937595922719217e-09","0.076922392276933288","available","within_budget","0.008997887038170508","0.0090021142285949263"
17,3,3,"retained_ULS","ULS","100","0.0099900000000000006",FALSE,"ill_conditioned","available","11160972061792364","available","within_budget","0.0099900006333739425","0.0099887893799666186","0.0099912118867812663","1.7509208324097945e-08","1.2722785439771311e-15","2.9974209726165487e-12","1.3857834790507867e-11","3744","available","unresolved","0.0071346516083030066","0.012845349658444879","available","9.4778775208700802e-16","4.9779253088926918e-15","2.3937595922719217e-09","0.076922392276933288","available","within_budget","0.0099878870529649475","0.0099921142137829374"
18,3,3,"retained_ULS","ULS","100","0.01",FALSE,"ill_conditioned","available","11160972061792364","available","unresolved","0.010000000633375026","0.0099987893800536718","0.010001211886696381","1.7509208324097945e-08","1.2722785439771311e-15","2.9974209726165487e-12","1.385783381047915e-11","3744","available","unresolved","0.0071446518102352254","0.012855349456514828","available","9.4778775208700802e-16","4.0270009113810107e-15","2.3937595922719217e-09","0.076922392276933288","available","unresolved","0.0099978870531167632","0.010002114213633289"
19,3,3,"retained_ULS","ULS","100","0.01001",FALSE,"ill_conditioned","available","11160972061792364","available","above_budget","0.01001000063337385","0.010008789380138111","0.010011211886609589","1.7509208324097945e-08","1.2722785439771311e-15","2.9974209726165487e-12","1.3857832830456789e-11","3744","available","unresolved","0.0071546520121635229","0.012865349254584177","available","9.4778775208700802e-16","4.3056566813368917e-15","2.3937595922719217e-09","0.076922392276933288","available","above_budget","0.010007887053264736","0.010012114213482963"
20,3,3,"retained_ULS","ULS","100","0.010999999999999999",FALSE,"ill_conditioned","available","11160972061792364","available","above_budget","0.01100000063336517","0.010998789388607081","0.01100121187812326","1.7509208324097945e-08","1.2722785439771311e-15","2.9974209726165487e-12","1.385773583970321e-11","3744","available","unresolved","0.0081446719966949497","0.013855329270035391","available","9.4778775208700802e-16","4.4726159714281321e-15","2.3937595922719217e-09","0.076922392276933288","available","above_budget","0.010997887068048912","0.011002114198681429"
21,3,3,"retained_ULS","ULS","100","0.02",FALSE,"ill_conditioned","available","11160972061792364","available","above_budget","0.020000000633280713","0.019998789465341456","0.02000121180121997","1.7509208324097945e-08","1.2722785439771311e-15","2.9974209726165487e-12","1.3856856962925739e-11","3744","available","above_budget","0.017144853085502648","0.022855148181058778","available","9.4778775208700802e-16","4.3777276401616966e-15","2.3937595922719217e-09","0.076922392276933288","available","above_budget","0.019997887202009797","0.020002114064551629"
22,4,4,"retained_ULS","ULS","100","0",FALSE,"ill_conditioned","available","13001114052566422","available","within_budget","3.7937539596911017e-09","0","5.822826339434352e-06","1.6937847784407153e-08","1.0821655528816168e-15","2.9974209726165491e-12","7.5716646261888148e-11","3744","available","unresolved","0","0.01612644174938611","available","9.8513205121947239e-16","2.6829403183247382e-14","8.7851180881267142e-09","0.069823330957547891","available","within_budget","0","1.1120089912653766e-05"
23,4,4,"retained_ULS","ULS","100","0.0089999999999999993",FALSE,"ill_conditioned","available","13001114052566422","available","within_budget","0.0090000022928284299","0.0089941828632472808","0.009005821722409579","1.6937847784407153e-08","1.0821655528816168e-15","2.9974209726165491e-12","7.5721811904266301e-11","3744","available","unresolved","0","0.025127540447895773","available","9.8513205121947239e-16","3.3335998094036007e-14","8.7851180881267142e-09","0.069823330957547891","available","within_budget","0.0089888852382705511","0.0090111193473863087"
24,4,4,"retained_ULS","ULS","100","0.0099900000000000006",FALSE,"ill_conditioned","available","13001114052566422","available","within_budget","0.00999000229277857","0.0099841828195251572","0.0099958217660319829","1.6937847784407153e-08","1.0821655528816168e-15","2.9974209726165491e-12","7.5722380176455437e-11","3744","available","unresolved","0","0.026117661480757108","available","9.8513205121947239e-16","2.6299515006611097e-14","8.7851180881267142e-09","0.069823330957547891","available","unresolved","0.009978885154798188","0.010001119430758952"
25,4,4,"retained_ULS","ULS","100","0.01",FALSE,"ill_conditioned","available","13001114052566422","available","unresolved","0.010000002292774837","0.0099941828190801794","0.010005821766469494","1.6937847784407153e-08","1.0821655528816168e-15","2.9974209726165491e-12","7.5722385916630669e-11","3744","available","unresolved","0","0.026127662703319236","available","9.8513205121947239e-16","3.2046142205863054e-14","8.7851180881267142e-09","0.069823330957547891","available","unresolved","0.0099888851539458728","0.0100111194316038"
26,4,4,"retained_ULS","ULS","100","0.01001",FALSE,"ill_conditioned","available","13001114052566422","available","above_budget","0.010010002292775801","0.010004182818639525","0.010015821766912077","1.6937847784407153e-08","1.0821655528816168e-15","2.9974209726165491e-12","7.5722391656806922e-11","3744","available","unresolved","0","0.026137663925886657","available","9.8513205121947239e-16","3.2689828179626225e-14","8.7851180881267142e-09","0.069823330957547891","available","unresolved","0.0099988851531029824","0.010021119432448619"
27,4,4,"retained_ULS","ULS","100","0.010999999999999999",FALSE,"ill_conditioned","available","13001114052566422","available","above_budget","0.011000002292722065","0.010994182774910159","0.011005821810533972","1.6937847784407153e-08","1.0821655528816168e-15","2.9974209726165491e-12","7.5722959939414178e-11","3744","available","unresolved","0","0.02712778496096558","available","9.8513205121947239e-16","3.3771112591173832e-14","8.7851180881267142e-09","0.069823330957547891","available","above_budget","0.01098888506961453","0.011011119515829601"
28,4,4,"retained_ULS","ULS","100","0.02",FALSE,"ill_conditioned","available","13001114052566422","available","above_budget","0.020000002292241637","0.019994182377357232","0.020005822207126042","1.6937847784407153e-08","1.0821655528816168e-15","2.9974209726165491e-12","7.5728126613288842e-11","3744","available","unresolved","0.0038711192048730826","0.036128885379610197","available","9.8513205121947239e-16","2.7683006424399824e-14","8.7851180881267142e-09","0.069823330957547891","available","above_budget","0.019988884310598521","0.020011120273884752"
29,5,5,"retained_ULS","ULS","100","0",FALSE,"ill_conditioned","available","1.7409582023037064e+18","available","within_budget","7.1370132371695243e-11","0","5.7938649405952685e-06","1.4903594231475845e-09","7.8094999076093927e-16","2.9974209726165487e-12","9.1919335537384226e-12","3744","available","unresolved","0","0.022288200622884096","available","1.1294700091592413e-15","3.8990457483583877e-15","6.282392114207171e-08","0.073127054622626766","available","within_budget","0","1.4173306055378521e-05"
30,5,5,"retained_ULS","ULS","100","0.0089999999999999993",FALSE,"ill_conditioned","available","1.7409582023037064e+18","available","within_budget","0.0089999999588969443","0.0089942059516892325","0.0090057939661046561","1.4903594231475845e-09","7.8094999076093927e-16","2.9974209726165487e-12","9.192272491994896e-12","3744","available","unresolved","0","0.031289022353148545","available","1.1294700091592413e-15","3.1111105601214357e-15","6.282392114207171e-08","0.073127054622626766","available","within_budget","0.0089858262015963756","0.0090141737161975131"
31,5,5,"retained_ULS","ULS","100","0.0099900000000000006",FALSE,"ill_conditioned","available","1.7409582023037064e+18","available","within_budget","0.0099899999588878487","0.0099842059279153274","0.0099957939898603701","1.4903594231475845e-09","7.8094999076093927e-16","2.9974209726165487e-12","9.192310195104406e-12","3744","available","unresolved","0","0.03227911377399903","available","1.1294700091592413e-15","3.5539282440425549e-15","6.282392114207171e-08","0.073127054622626766","available","unresolved","0.0099758261434515685","0.010004173774324129"
32,5,5,"retained_ULS","ULS","100","0.01",FALSE,"ill_conditioned","available","1.7409582023037064e+18","available","unresolved","0.0099999999588886324","0.0099942059276757911","0.010005793990101474","1.4903594231475845e-09","7.8094999076093927e-16","2.9974209726165487e-12","9.1923105763684455e-12","3744","available","unresolved","0","0.032289114698472274","available","1.1294700091592413e-15","3.4409522454980462e-15","6.282392114207171e-08","0.073127054622626766","available","unresolved","0.009985826142864581","0.010014173774912684"
33,5,5,"retained_ULS","ULS","100","0.01001",FALSE,"ill_conditioned","available","1.7409582023037064e+18","available","above_budget","0.010009999958888273","0.010004205927435224","0.010015793990341321","1.4903594231475845e-09","7.8094999076093927e-16","2.9974209726165487e-12","9.1923109576409765e-12","3744","available","unresolved","0","0.032299115622964843","available","1.1294700091592413e-15","3.6083960698488755e-15","6.282392114207171e-08","0.073127054622626766","available","unresolved","0.0099958261422762752","0.010024173775500271"
34,5,5,"retained_ULS","ULS","100","0.010999999999999999",FALSE,"ill_conditioned","available","1.7409582023037064e+18","available","above_budget","0.010999999958879165","0.010994205903607803","0.011005794014150527","1.4903594231475845e-09","7.8094999076093927e-16","2.9974209726165487e-12","9.1923487456515969e-12","3744","available","unresolved","0","0.033289207249679827","available","1.1294700091592413e-15","3.6706789705882908e-15","6.282392114207171e-08","0.073127054622626766","available","above_budget","0.010985826084000935","0.011014173833757395"
35,5,5,"retained_ULS","ULS","100","0.02",FALSE,"ill_conditioned","available","1.7409582023037064e+18","available","above_budget","0.019999999958798666","0.01999420568459144","0.020005794233005893","1.4903594231475845e-09","7.8094999076093927e-16","2.9974209726165487e-12","9.1926960899567866e-12","3744","available","unresolved","0","0.042290049474958326","available","1.1294700091592413e-15","3.708273117706267e-15","6.282392114207171e-08","0.073127054622626766","available","above_budget","0.019985825548342651","0.020014174369254682"
36,6,6,"retained_ULS","ULS","100","0",FALSE,"ill_conditioned","available","3.025464278964029e+19","available","within_budget","5.0729548282450718e-07","0","2.083451056613245e-05","3.3888951082988575e-10","8.6313813097468252e-16","2.9974209726165487e-12","6.6348601306426949e-12","3744","available","unresolved","0","0.071241295070321148","available","4.8694623809345205e-15","3.4027137992984535e-15","3.4769377973900179e-06","0.076919282856243221","available","within_budget","0","0.00013551405024093952"
37,6,6,"retained_ULS","ULS","100","0.0089999999999999993",FALSE,"ill_conditioned","available","3.025464278964029e+19","available","within_budget","0.0090002026476567153","0.0089798706371397932","0.0090205346581736373","3.3888951082988575e-10","8.6313813097468252e-16","2.9974209726165487e-12","6.6364253736207809e-12","3744","available","unresolved","0","0.080257796977663179","available","4.8694623809345205e-15","3.5196336755310597e-15","3.4769377973900179e-06","0.076919282856243221","available","within_budget","0.0088651640431878127","0.0091352412521256178"
38,6,6,"retained_ULS","ULS","100","0.0099900000000000006",FALSE,"ill_conditioned","available","3.025464278964029e+19","available","unresolved","0.0099902026623082275","0.0099698701224770238","0.010010535202139431","3.3888951082988575e-10","8.6313813097468252e-16","2.9974209726165487e-12","6.6365981432346876e-12","3744","available","unresolved","0","0.081249652079408763","available","4.8694623809345205e-15","3.3977651498756807e-15","3.4769377973900179e-06","0.076919282856243221","available","unresolved","0.0098551605423070083","0.010125244782309447"
39,6,6,"retained_ULS","ULS","100","0.01",FALSE,"ill_conditioned","available","3.025464278964029e+19","available","unresolved","0.010000202662456702","0.0099798701172771533","0.010020535207636251","3.3888951082988575e-10","8.6313813097468252e-16","2.9974209726165487e-12","6.63659988898162e-12","3744","available","unresolved","0","0.081259670824245692","available","4.8694623809345205e-15","3.1670128153855744e-15","3.4769377973900179e-06","0.076919282856243221","available","unresolved","0.0098651605069331912","0.010135244817980213"
40,6,6,"retained_ULS","ULS","100","0.01001",FALSE,"ill_conditioned","available","3.025464278964029e+19","available","unresolved","0.010010202662606335","0.0099898701120783723","0.010030535213134299","3.3888951082988575e-10","8.6313813097468252e-16","2.9974209726165487e-12","6.6366016347405392e-12","3744","available","unresolved","0","0.081269689569212503","available","4.8694623809345205e-15","3.1059596826791568e-15","3.4769377973900179e-06","0.076919282856243221","available","unresolved","0.0098751604715600853","0.010145244853652586"
41,6,6,"retained_ULS","ULS","100","0.010999999999999999",FALSE,"ill_conditioned","available","3.025464278964029e+19","available","above_budget","0.011000202677476284","0.010979869597266935","0.011020535757685633","3.3888951082988575e-10","8.6313813097468252e-16","2.9974209726165487e-12","6.6367745242027037e-12","3744","available","unresolved","0","0.082261545958028662","available","4.8694623809345205e-15","3.3646162452031708e-15","3.4769377973900179e-06","0.076919282856243221","available","above_budget","0.010865156968458727","0.011135248386493841"
42,6,6,"retained_ULS","ULS","100","0.02",FALSE,"ill_conditioned","available","3.025464278964029e+19","available","above_budget","0.020000202817069958","0.019979864905072579","0.020020540729067338","3.3888951082988575e-10","8.6313813097468252e-16","2.9974209726165487e-12","6.6383516333405445e-12","3744","available","unresolved","0","0.09127848006385153","available","4.8694623809345205e-15","3.1490639810998981e-15","3.4769377973900179e-06","0.076919282856243221","available","above_budget","0.019865125016888144","0.020135280617251772"
43,7,7,"retained_ULS","ULS","100","0",FALSE,"ill_conditioned","available","2.8750740961197494e+17","available","within_budget","1.3951215245438245e-10","0","9.6671195618438501e-06","3.4922688235838734e-09","9.2290407968505056e-16","2.9974209726165487e-12","3.0410109763417278e-11","3744","available","unresolved","0","0.031433201283327938","available","3.1605494500441389e-15","2.0413202665595853e-14","1.0906248532318019e-07","0.076919845941269091","available","within_budget","0","4.2772406239663792e-05"
44,7,7,"retained_ULS","ULS","100","0.0089999999999999993",FALSE,"ill_conditioned","available","2.8750740961197494e+17","available","within_budget","0.0090000000649164153","0.008990332409246406","0.0090096677205864246","3.4922688235838734e-09","9.2290407968505056e-16","2.9974209726165487e-12","3.0412235109952569e-11","3744","available","unresolved","0","0.040435398058584746","available","3.1605494500441389e-15","1.9426637911140311e-14","1.0906248532318019e-07","0.076919845941269091","available","within_budget","0.0089572248088585459","0.0090427753209742848"
45,7,7,"retained_ULS","ULS","100","0.0099900000000000006",FALSE,"ill_conditioned","available","2.8750740961197494e+17","available","within_budget","0.0099900000649188296","0.0099803323348803853","0.0099996677949572739","3.4922688235838734e-09","9.2290407968505056e-16","2.9974209726165487e-12","3.0412469056819222e-11","3744","available","unresolved","0","0.041425639876159215","available","3.1605494500441389e-15","1.8443836505800152e-14","1.0906248532318019e-07","0.076919845941269091","available","unresolved","0.0099472244798124772","0.010032775650025182"
46,7,7,"retained_ULS","ULS","100","0.01",FALSE,"ill_conditioned","available","2.8750740961197494e+17","available","unresolved","0.010000000064917372","0.0099903323341277838","0.01000966779570696","3.4922688235838734e-09","9.2290407968505056e-16","2.9974209726165487e-12","3.0412471420079383e-11","3744","available","unresolved","0","0.041435642318925291","available","3.1605494500441389e-15","1.9831781124320844e-14","1.0906248532318019e-07","0.076919845941269091","available","unresolved","0.0099572244764857785","0.010042775653348966"
47,7,7,"retained_ULS","ULS","100","0.01001",FALSE,"ill_conditioned","available","2.8750740961197494e+17","available","above_budget","0.010010000064917854","0.010000332333376436","0.010019667796459271","3.4922688235838734e-09","9.2290407968505056e-16","2.9974209726165487e-12","3.0412473783342749e-11","3744","available","unresolved","0","0.041445644761697306","available","3.1605494500441389e-15","1.7383357145954252e-14","1.0906248532318019e-07","0.076919845941269091","available","unresolved","0.0099672244731641643","0.010052775656671543"
48,7,7,"retained_ULS","ULS","100","0.010999999999999999",FALSE,"ill_conditioned","available","2.8750740961197494e+17","available","above_budget","0.011000000064917961","0.010990332258997704","0.011009667870838218","3.4922688235838734e-09","9.2290407968505056e-16","2.9974209726165487e-12","3.04127077623058e-11","3744","available","unresolved","0","0.042435886612445899","available","3.1605494500441389e-15","1.7689481298912783e-14","1.0906248532318019e-07","0.076919845941269091","available","above_budget","0.010957224144069154","0.011042775985766768"
49,7,7,"retained_ULS","ULS","100","0.02",FALSE,"ill_conditioned","available","2.8750740961197494e+17","available","above_budget","0.020000000064925912","0.019990331582375429","0.020009668547476395","3.4922688235838734e-09","9.2290407968505056e-16","2.9974209726165487e-12","3.0414836286702663e-11","3744","available","unresolved","0","0.051438086747080884","available","3.1605494500441389e-15","2.1239165507174007e-14","1.0906248532318019e-07","0.076919845941269091","available","above_budget","0.019957221150272795","0.02004277897957903"
50,8,8,"retained_ULS","ULS","100","0",FALSE,"ill_conditioned","available","34353690638321012","available","within_budget","2.027492888720909e-09","0","8.6800614451106997e-07","1.0186617039452221e-08","1.1684863690773546e-15","2.9974209726165487e-12","6.2760959945093617e-12","3744","available","within_budget","0","0.0022229451678337088","available","7.6801687573892165e-16","1.6920870873638355e-15","1.0334795327399998e-08","0.076427795505786905","available","within_budget","0","1.4371923674103666e-06"
51,8,8,"retained_ULS","ULS","100","0.0089999999999999993",FALSE,"ill_conditioned","available","34353690638321012","available","within_budget","0.0090000009940585154","0.0089991352989329046","0.0090008666891841262","1.0186617039452221e-08","1.1684863690773546e-15","2.9974209726165487e-12","6.274041166048987e-12","3744","available","unresolved","0.0067777856575679642","0.011222216330549067","available","7.6801687573892165e-16","2.0913775850368995e-15","1.0334795327399998e-08","0.076427795505786905","available","within_budget","0.0089985662990643162","0.0090014356890527145"
52,8,8,"retained_ULS","ULS","100","0.0099900000000000006",FALSE,"ill_conditioned","available","34353690638321012","available","within_budget","0.0099900009940465922","0.0099891353300021728","0.0099908666580910115","1.0186617039452221e-08","1.1684863690773546e-15","2.9974209726165487e-12","6.2738159081850439e-12","3744","available","unresolved","0.0077678654420946991","0.012212136545998486","available","7.6801687573892165e-16","1.9825651617598969e-15","1.0334795327399998e-08","0.076427795505786905","available","within_budget","0.0099885663505625815","0.0099914356375306029"
53,8,8,"retained_ULS","ULS","100","0.01",FALSE,"ill_conditioned","available","34353690638321012","available","unresolved","0.010000000994046465","0.009999135330315944","0.010000866657776986","1.0186617039452221e-08","1.1684863690773546e-15","2.9974209726165487e-12","6.2738136336352284e-12","3744","available","unresolved","0.0077778662477220283","0.012222135740370902","available","7.6801687573892165e-16","1.8933381572651017e-15","1.0334795327399998e-08","0.076427795505786905","available","unresolved","0.0099985663510827241","0.010001435637010206"
54,8,8,"retained_ULS","ULS","100","0.01001",FALSE,"ill_conditioned","available","34353690638321012","available","above_budget","0.010010000994046326","0.010009135330629786","0.010010866657462866","1.0186617039452221e-08","1.1684863690773546e-15","2.9974209726165487e-12","6.2738113591010558e-12","3744","available","unresolved","0.0077878670533438905","0.012232134934748761","available","7.6801687573892165e-16","2.1219585144738871e-15","1.0334795327399998e-08","0.076427795505786905","available","above_budget","0.010008566351602617","0.010011435636490035"
55,8,8,"retained_ULS","ULS","100","0.010999999999999999",FALSE,"ill_conditioned","available","34353690638321012","available","above_budget","0.011000000994033421","0.010999135361675988","0.011000866626390854","1.0186617039452221e-08","1.1684863690773546e-15","2.9974209726165487e-12","6.2735862576558631e-12","3744","available","unresolved","0.0087779467824668691","0.013222055205599973","available","7.6801687573892165e-16","2.2102712815797863e-15","1.0334795327399998e-08","0.076427795505786905","available","above_budget","0.010998566403063435","0.011001435585003407"
56,8,8,"retained_ULS","ULS","100","0.02",FALSE,"ill_conditioned","available","34353690638321012","available","above_budget","0.020000000993920033","0.019999135642952064","0.020000866344888003","1.0186617039452221e-08","1.1684863690773546e-15","2.9974209726165487e-12","6.271546916192853e-12","3744","available","above_budget","0.017778669100833169","0.022221332887006898","available","7.6801687573892165e-16","1.7268068916267193e-15","1.0334795327399998e-08","0.076427795505786905","available","above_budget","0.019998566869290173","0.020001435118549894"
57,9,9,"retained_ULS","ULS","100","0",FALSE,"ill_conditioned","available","5.9248463184836941e+17","available","within_budget","1.5287951590422339e-08","0","1.4065964626227059e-06","2.4605369202130306e-09","9.9972470848004878e-16","2.9974209726165487e-12","2.8467476235655214e-12","3744","available","within_budget","0","0.0041779818684273308","available","1.0522525243452291e-15","1.3267491294767271e-15","5.8225574723985422e-08","0.0769192135603355","available","within_budget","0","2.8710087158830192e-06"
58,9,9,"retained_ULS","ULS","100","0.0089999999999999993",FALSE,"ill_conditioned","available","5.9248463184836941e+17","available","within_budget","0.0089999923243330119","0.0089985990543812577","0.0090013855942847661","2.4605369202130306e-09","9.9972470848004878e-16","2.9974209726165487e-12","2.8507609148409365e-12","3744","available","unresolved","0.0048161357251257217","0.013183848923540303","available","1.0522525243452291e-15","1.0297283677202689e-15","5.8225574723985422e-08","0.0769192135603355","available","within_budget","0.0089971325776274369","0.0090028520710385869"
59,9,9,"retained_ULS","ULS","100","0.0099900000000000006",FALSE,"ill_conditioned","available","5.9248463184836941e+17","available","within_budget","0.0099899923233458879","0.0099885988369608422","0.0099913858097309335","2.4605369202130306e-09","9.9972470848004878e-16","2.9974209726165487e-12","2.85120375760874e-12","3744","available","unresolved","0.0058054857956837454","0.014174498851008032","available","1.0522525243452291e-15","1.0339306189227062e-15","5.8225574723985422e-08","0.0769192135603355","available","within_budget","0.0099871321324016531","0.0099928525142901226"
60,9,9,"retained_ULS","ULS","100","0.01",FALSE,"ill_conditioned","available","5.9248463184836941e+17","available","unresolved","0.0099999923233355988","0.0099985988347636775","0.01000138581190752","2.4605369202130306e-09","9.9972470848004878e-16","2.9974209726165487e-12","2.8512082321618942e-12","3744","available","unresolved","0.0058154792286938669","0.014184505417977332","available","1.0522525243452291e-15","1.063776573780337e-15","5.8225574723985422e-08","0.0769192135603355","available","unresolved","0.0099971321279026769","0.010002852518768521"
61,9,9,"retained_ULS","ULS","100","0.01001",FALSE,"ill_conditioned","available","5.9248463184836941e+17","available","above_budget","0.010009992323326465","0.0100085988325676","0.01001138581408533","2.4605369202130306e-09","9.9972470848004878e-16","2.9974209726165487e-12","2.8512127067429214e-12","3744","available","unresolved","0.0058254726616641835","0.014194511984988748","available","1.0522525243452291e-15","1.3084062079047884e-15","5.8225574723985422e-08","0.0769192135603355","available","above_budget","0.010007132123404561","0.010012852523248369"
62,9,9,"retained_ULS","ULS","100","0.010999999999999999",FALSE,"ill_conditioned","available","5.9248463184836941e+17","available","above_budget","0.010999992322338309","0.010998598615009908","0.01100138602966671","2.4605369202130306e-09","9.9972470848004878e-16","2.9974209726165487e-12","2.8516558282153003e-12","3744","available","unresolved","0.0068148223231864983","0.015185162321490121","available","1.0522525243452291e-15","1.0384738540780851e-15","5.8225574723985422e-08","0.0769192135603355","available","above_budget","0.010997131677898404","0.011002852966778214"
63,9,9,"retained_ULS","ULS","100","0.02",FALSE,"ill_conditioned","available","5.9248463184836941e+17","available","above_budget","0.019999992313367621","0.019998596631112031","0.020001387995623211","2.4605369202130306e-09","9.9972470848004878e-16","2.9974209726165487e-12","2.8556967140037038e-12","3744","available","above_budget","0.015808891797003746","0.024191092829731496","available","1.0522525243452291e-15","1.2342023828820451e-15","5.8225574723985422e-08","0.0769192135603355","available","above_budget","0.019997127615304418","0.020002857011430824"
64,10,10,"retained_ULS","ULS","100","0",FALSE,"ill_conditioned","available","4.8884362274082714e+17","available","within_budget","3.4539782435446618e-09","0","5.973347396598374e-07","2.7385280302245938e-09","7.9350960290369348e-16","2.9974209726165487e-12","1.7038851768229736e-12","3744","available","within_budget","0","0.002246394598543569","available","6.0412662600925221e-16","1.2580329767378126e-15","1.4566531292287534e-08","0.076922917069151775","available","within_budget","0","1.0494771743768743e-06"
65,10,10,"retained_ULS","ULS","100","0.0089999999999999993",FALSE,"ill_conditioned","available","4.8884362274082714e+17","available","within_budget","0.0090000008580081899","0.0089994063096928215","0.0090005954063235583","2.7385280302245938e-09","7.9350960290369348e-16","2.9974209726165487e-12","1.7058004352195934e-12","3744","available","unresolved","0.0067510846492188133","0.011248917066797568","available","6.0412662600925221e-16","1.2045202849977037e-15","1.4566531292287534e-08","0.076922917069151775","available","within_budget","0.0089989536590257945","0.0090010480569905852"
66,10,10,"retained_ULS","ULS","100","0.0099900000000000006",FALSE,"ill_conditioned","available","4.8884362274082714e+17","available","within_budget","0.0099900008580522982","0.0099894062355661319","0.0099905954805384646","2.7385280302245938e-09","7.9350960290369348e-16","2.9974209726165487e-12","1.7060132363019492e-12","3744","available","unresolved","0.0077408040936987818","0.012239197622405815","available","6.0412662600925221e-16","1.2261008727634829e-15","1.4566531292287534e-08","0.076922917069151775","available","within_budget","0.0099889535284302545","0.009991048187674342"
67,10,10,"retained_ULS","ULS","100","0.01",FALSE,"ill_conditioned","available","4.8884362274082714e+17","available","unresolved","0.010000000858052955","0.0099994062348168489","0.010000595481289062","2.7385280302245938e-09","7.9350960290369348e-16","2.9974209726165487e-12","1.7060153879513856e-12","3744","available","unresolved","0.0077508012569788105","0.012249200459127101","available","6.0412662600925221e-16","1.2332380203744917e-15","1.4566531292287534e-08","0.076922917069151775","available","unresolved","0.0099989535271100029","0.010001048188995908"
68,10,10,"retained_ULS","ULS","100","0.01001",FALSE,"ill_conditioned","available","4.8884362274082714e+17","available","above_budget","0.010010000858052606","0.010009406234066525","0.010010595482038687","2.7385280302245938e-09","7.9350960290369348e-16","2.9974209726165487e-12","1.7060175396436873e-12","3744","available","unresolved","0.0077607984202013001","0.012259203295903914","available","6.0412662600925221e-16","1.250094448489337e-15","1.4566531292287534e-08","0.076922917069151775","available","above_budget","0.01000895352578869","0.010011048190316523"
69,10,10,"retained_ULS","ULS","100","0.010999999999999999",FALSE,"ill_conditioned","available","4.8884362274082714e+17","available","above_budget","0.011000000858096728","0.010999406159790455","0.011000595556403002","2.7385280302245938e-09","7.9350960290369348e-16","2.9974209726165487e-12","1.7062307693393599e-12","3744","available","unresolved","0.0087505172996002675","0.013249484416593189","available","6.0412662600925221e-16","1.2311205841054298e-15","1.4566531292287534e-08","0.076922917069151775","available","above_budget","0.010998953394930075","0.011001048321263382"
70,10,10,"retained_ULS","ULS","100","0.02",FALSE,"ill_conditioned","available","4.8884362274082714e+17","available","above_budget","0.02000000085849395","0.019999405477842559","0.020000596239145341","2.7385280302245938e-09","7.9350960290369348e-16","2.9974209726165487e-12","1.7081884644989716e-12","3744","available","above_budget","0.017747936287420839","0.02225206542956706","available","6.0412662600925221e-16","1.2681308052719389e-15","1.4566531292287534e-08","0.076922917069151775","available","above_budget","0.019998952193488771","0.020001049523499129"
71,11,11,"retained_ULS","ULS","100","0",FALSE,"ill_conditioned","available","71324264195769768","available","within_budget","5.4500672427902292e-10","0","8.3386032466473657e-07","6.8410663775176838e-09","6.3937570304636904e-16","2.9974209726165487e-12","7.4123019617264768e-12","3744","available","within_budget","0","0.0039091649272597921","available","1.0199659830711442e-15","2.7705641514668114e-15","2.5073635991332907e-08","0.076891272026472973","available","within_budget","0","2.1632093683488535e-06"
72,11,11,"retained_ULS","ULS","100","0.0089999999999999993",FALSE,"ill_conditioned","available","71324264195769768","available","within_budget","0.0090000001725422663","0.0089991668486456185","0.009000833496438914","6.8410663775176838e-09","6.3937570304636904e-16","2.9974209726165487e-12","7.4123782682258987e-12","3744","available","unresolved","0.0050907955471026951","0.012909204797981837","available","1.0199659830711442e-15","2.6849866851597042e-15","2.5073635991332907e-08","0.076891272026472973","available","within_budget","0.008997837485916935","0.0090021628591675975"
73,11,11,"retained_ULS","ULS","100","0.0099900000000000006",FALSE,"ill_conditioned","available","71324264195769768","available","within_budget","0.00999000017254611","0.0099891668476513942","0.0099908334974408257","6.8410663775176838e-09","6.3937570304636904e-16","2.9974209726165487e-12","7.4123871451531514e-12","3744","available","unresolved","0.0060807908655152185","0.013899209479577002","available","1.0199659830711442e-15","2.8452884518421748e-15","2.5073635991332907e-08","0.076891272026472973","available","within_budget","0.009987837483330533","0.0099921628617616869"
74,11,11,"retained_ULS","ULS","100","0.01",FALSE,"ill_conditioned","available","71324264195769768","available","unresolved","0.01000000017254637","0.0099991668476415631","0.010000833497451176","6.8410663775176838e-09","6.3937570304636904e-16","2.9974209726165487e-12","7.4123872353076601e-12","3744","available","unresolved","0.0060907908179690514","0.013909209527123689","available","1.0199659830711442e-15","2.63119256819666e-15","2.5073635991332907e-08","0.076891272026472973","available","unresolved","0.0099978374833047459","0.010002162861787994"
75,11,11,"retained_ULS","ULS","100","0.01001",FALSE,"ill_conditioned","available","71324264195769768","available","above_budget","0.010010000172546631","0.010009166847631649","0.010010833497461614","6.8410663775176838e-09","6.3937570304636904e-16","2.9974209726165487e-12","7.4123873254719382e-12","3744","available","unresolved","0.0061007907704176507","0.013919209574675613","available","1.0199659830711442e-15","2.860838195259858e-15","2.5073635991332907e-08","0.076891272026472973","available","above_budget","0.010007837483278431","0.010012162861814831"
76,11,11,"retained_ULS","ULS","100","0.010999999999999999",FALSE,"ill_conditioned","available","71324264195769768","available","above_budget","0.011000000172549306","0.010999166846625235","0.011000833498473377","6.8410663775176838e-09","6.3937570304636904e-16","2.9974209726165487e-12","7.4123963001045128e-12","3744","available","unresolved","0.0070907860373002835","0.014909214307798329","available","1.0199659830711442e-15","2.7501033416029078e-15","2.5073635991332907e-08","0.076891272026472973","available","above_budget","0.010997837480662584","0.011002162864436027"
77,11,11,"retained_ULS","ULS","100","0.02",FALSE,"ill_conditioned","available","71324264195769768","available","above_budget","0.020000000172582789","0.019999166836992419","0.020000833508173159","6.8410663775176838e-09","6.3937570304636904e-16","2.9974209726165487e-12","7.4124822803949536e-12","3744","available","above_budget","0.016090740692299047","0.02390925965286653","available","1.0199659830711442e-15","2.6752753698763906e-15","2.5073635991332907e-08","0.076891272026472973","available","above_budget","0.019997837455609829","0.020002162889555749"
78,12,12,"retained_ULS","ULS","100","0",FALSE,"ill_conditioned","available","8.5429429193816128e+17","available","within_budget","1.5853850167446909e-08","0","3.5266085965361038e-06","2.0821504915069814e-09","9.3054758338414006e-16","2.9974209726165491e-12","6.5305549287100475e-12","3744","available","unresolved","0","0.011328455745937261","available","1.0213131220711585e-15","5.1322442311212032e-15","1.1210528152607218e-07","0.074278865530311794","available","within_budget","0","7.3798056977932318e-06"
79,12,12,"retained_ULS","ULS","100","0.0089999999999999993",FALSE,"ill_conditioned","available","8.5429429193816128e+17","available","within_budget","0.0090000079692635696","0.0089964966407903319","0.0090035192977368072","2.0821504915069814e-09","9.3054758338414006e-16","2.9974209726165491e-12","6.5316221508188111e-12","3744","available","unresolved","0","0.020330299152954878","available","1.0213131220711585e-15","5.1252233437842859e-15","1.1210528152607218e-07","0.074278865530311794","available","within_budget","0.0089926428140003067","0.0090073731245268324"
80,12,12,"retained_ULS","ULS","100","0.0099900000000000006",FALSE,"ill_conditioned","available","8.5429429193816128e+17","available","within_budget","0.0099900079696568674","0.009986496577740589","0.0099935193615731457","2.0821504915069814e-09","9.3054758338414006e-16","2.9974209726165491e-12","6.5317401647618251e-12","3744","available","unresolved","0","0.021320503870079711","available","1.0213131220711585e-15","4.6874481720669233e-15","1.1210528152607218e-07","0.074278865530311794","available","within_budget","0.0099826426813197106","0.0099973732579940241"
81,12,12,"retained_ULS","ULS","100","0.01",FALSE,"ill_conditioned","available","8.5429429193816128e+17","available","unresolved","0.010000007969661377","0.0099964965771038583","0.010003519362218896","2.0821504915069814e-09","9.3054758338414006e-16","2.9974209726165491e-12","6.5317413574481364e-12","3744","available","unresolved","0","0.021330505939016458","available","1.0213131220711585e-15","4.6161649513387809e-15","1.1210528152607218e-07","0.074278865530311794","available","unresolved","0.0099926426799793345","0.01000737325934342"
82,12,12,"retained_ULS","ULS","100","0.01001",FALSE,"ill_conditioned","available","8.5429429193816128e+17","available","above_budget","0.01001000796966465","0.010006496576465945","0.010013519362863356","2.0821504915069814e-09","9.3054758338414006e-16","2.9974209726165491e-12","6.5317425501469732e-12","3744","available","unresolved","0","0.021340508007973633","available","1.0213131220711585e-15","4.6383670884141358e-15","1.1210528152607218e-07","0.074278865530311794","available","above_budget","0.010002642678637675","0.010017373260691626"
83,12,12,"retained_ULS","ULS","100","0.010999999999999999",FALSE,"ill_conditioned","available","8.5429429193816128e+17","available","above_budget","0.011000007970058148","0.010996496513349073","0.011003519426767222","2.0821504915069814e-09","9.3054758338414006e-16","2.9974209726165491e-12","6.5318606893313682e-12","3744","available","unresolved","0","0.022330712942352709","available","1.0213131220711585e-15","5.2169025635926599e-15","1.1210528152607218e-07","0.074278865530311794","available","above_budget","0.010992642545815036","0.011007373394301259"
84,12,12,"retained_ULS","ULS","100","0.02",FALSE,"ill_conditioned","available","8.5429429193816128e+17","available","above_budget","0.020000007973638736","0.019996495936536521","0.02000352001074095","2.0821504915069814e-09","9.3054758338414006e-16","2.9974209726165491e-12","6.5329403115713666e-12","3744","available","unresolved","0.0086674301994481874","0.031332585747829288","available","1.0213131220711585e-15","5.2981880735060077e-15","1.1210528152607218e-07","0.074278865530311794","available","above_budget","0.01999264133199723","0.020007374615280241"
85,13,13,"retained_ULS","ULS","100","0",FALSE,"ill_conditioned","available","1.8458826476900375e+18","available","within_budget","1.4441379778643128e-11","0","7.0286791399709369e-06","1.4734823236331761e-09","1.1936859920804412e-15","2.9974209726165491e-12","7.212797240980951e-12","3744","available","unresolved","0","0.017692440697517169","available","8.8729183629983859e-16","2.4288598160011081e-15","1.3447665257054174e-08","0.076918682688997694","available","within_budget","0","1.2253240418575069e-05"
86,13,13,"retained_ULS","ULS","100","0.0089999999999999993",FALSE,"ill_conditioned","available","1.8458826476900375e+18","available","within_budget","0.0089999999927246888","0.0089929704145902054","0.0090070295708591722","1.4734823236331761e-09","1.1936859920804412e-15","2.9974209726165491e-12","7.2137346062823972e-12","3744","available","unresolved","0","0.026694739961284544","available","8.8729183629983859e-16","3.205737931800457e-15","1.3447665257054174e-08","0.076918682688997694","available","within_budget","0.0089877451743339588","0.0090122548111154187"
87,13,13,"retained_ULS","ULS","100","0.0099900000000000006",FALSE,"ill_conditioned","available","1.8458826476900375e+18","available","within_budget","0.0099899999927159176","0.0099829703135388397","0.0099970296718929954","1.4734823236331761e-09","1.1936859920804412e-15","2.9974209726165491e-12","7.213838295851548e-12","3744","available","unresolved","0","0.02768499430386865","available","8.8729183629983859e-16","2.7544296818774847e-15","1.3447665257054174e-08","0.076918682688997694","available","unresolved","0.0099777449981759136","0.010002254987255921"
88,13,13,"retained_ULS","ULS","100","0.01",FALSE,"ill_conditioned","available","1.8458826476900375e+18","available","unresolved","0.0099999999927159171","0.0099929703125175868","0.010007029672914248","1.4734823236331761e-09","1.1936859920804412e-15","2.9974209726165491e-12","7.2138393438066733e-12","3744","available","unresolved","0","0.027694996874422572","available","8.8729183629983859e-16","2.4258298485696984e-15","1.3447665257054174e-08","0.076918682688997694","available","unresolved","0.0099877449963959083","0.010012254989035926"
89,13,13,"retained_ULS","ULS","100","0.01001",FALSE,"ill_conditioned","available","1.8458826476900375e+18","available","above_budget","0.010009999992715965","0.010002970311496507","0.010017029673935423","1.4734823236331761e-09","1.1936859920804412e-15","2.9974209726165491e-12","7.2138403917735116e-12","3744","available","unresolved","0","0.027704999445005145","available","8.8729183629983859e-16","2.5801318820490745e-15","1.3447665257054174e-08","0.076918682688997694","available","unresolved","0.0099977449946155837","0.010022254990816347"
90,13,13,"retained_ULS","ULS","100","0.010999999999999999",FALSE,"ill_conditioned","available","1.8458826476900375e+18","available","above_budget","0.010999999992705841","0.010992970210329654","0.011007029775082028","1.4734823236331761e-09","1.1936859920804412e-15","2.9974209726165491e-12","7.213944198477099e-12","3744","available","unresolved","0","0.028695254074909714","available","8.8729183629983859e-16","2.646020322554285e-15","1.3447665257054174e-08","0.076918682688997694","available","above_budget","0.010987744818256687","0.011012255167154995"
91,13,13,"retained_ULS","ULS","100","0.02",FALSE,"ill_conditioned","available","1.8458826476900375e+18","available","above_budget","0.01999999999262431","0.01999296928551101","0.02000703069973761","1.4734823236331761e-09","1.1936859920804412e-15","2.9974209726165491e-12","7.2148931612431851e-12","3744","available","unresolved","0.0023024181772416654","0.037697581808006961","available","8.8729183629983859e-16","3.2778912345764534e-15","1.3447665257054174e-08","0.076918682688997694","available","above_budget","0.01998774320605997","0.02001225677918865"
92,14,14,"retained_ULS","ULS","100","0",FALSE,"ill_conditioned","available","50865213402523304","available","within_budget","6.1729486792934668e-09","0","7.4509691384734931e-07","7.9807272172720287e-09","6.6335729493475182e-16","2.9974209726165487e-12","7.390448123630941e-12","3744","available","within_budget","0","0.0033408735059499116","available","8.5271627051476168e-16","2.1892972791987354e-15","2.7020417059826162e-08","0.07690905558164679","available","within_budget","0","1.6949509528352014e-06"
93,14,14,"retained_ULS","ULS","100","0.0089999999999999993",FALSE,"ill_conditioned","available","50865213402523304","available","within_budget","0.0090000033448318171","0.0089992643919038322","0.009000742297759802","7.9807272172720287e-09","6.6335729493475182e-16","2.9974209726165487e-12","7.3907377979713452e-12","3744","available","unresolved","0.0056590050639468087","0.012341001625716826","available","8.5271627051476168e-16","2.4122392150867637e-15","2.7020417059826162e-08","0.07690905558164679","available","within_budget","0.0089983145006343555","0.0090016921890292787"
94,14,14,"retained_ULS","ULS","100","0.0099900000000000006",FALSE,"ill_conditioned","available","50865213402523304","available","within_budget","0.0099900033447255752","0.0099892643885542993","0.0099907423008968512","7.9807272172720287e-09","6.6335729493475182e-16","2.9974209726165487e-12","7.3907702355935787e-12","3744","available","unresolved","0.0066489904003464049","0.013331016289104746","available","8.5271627051476168e-16","2.9628821466488417e-15","2.7020417059826162e-08","0.07690905558164679","available","within_budget","0.0099883144931152412","0.0099916921963359093"
95,14,14,"retained_ULS","ULS","100","0.01",FALSE,"ill_conditioned","available","50865213402523304","available","unresolved","0.010000003344724919","0.0099992643885207233","0.010000742300929115","7.9807272172720287e-09","6.6335729493475182e-16","2.9974209726165487e-12","7.3907705638261207e-12","3744","available","unresolved","0.0066589902519674496","0.01334101643748239","available","8.5271627051476168e-16","2.363833271826341e-15","2.7020417059826162e-08","0.07690905558164679","available","unresolved","0.0099983144930400787","0.01000169219640976"
96,14,14,"retained_ULS","ULS","100","0.01001",FALSE,"ill_conditioned","available","50865213402523304","available","above_budget","0.01001000334472415","0.010009264388487281","0.01001074230096102","7.9807272172720287e-09","6.6335729493475182e-16","2.9974209726165487e-12","7.3907708920702578e-12","3744","available","unresolved","0.0066689901035833863","0.013351016585864916","available","8.5271627051476168e-16","2.176327409012375e-15","2.7020417059826162e-08","0.07690905558164679","available","above_budget","0.010008314492964637","0.010011692196483664"
97,14,14,"retained_ULS","ULS","100","0.010999999999999999",FALSE,"ill_conditioned","available","50865213402523304","available","above_budget","0.011000003344617978","0.010999264385126255","0.0110007423041097","7.9807272172720287e-09","6.6335729493475182e-16","2.9974209726165487e-12","7.3908034456386708e-12","3744","available","unresolved","0.0076589753875693726","0.014341031301666583","available","8.5271627051476168e-16","2.3946476191233219e-15","2.7020417059826162e-08","0.07690905558164679","available","above_budget","0.01099831448541946","0.011001692203816495"
98,14,14,"retained_ULS","ULS","100","0.02",FALSE,"ill_conditioned","available","50865213402523304","available","above_budget","0.020000003343659371","0.019999264354056946","0.020000742333261795","7.9807272172720287e-09","6.6335729493475182e-16","2.9974209726165487e-12","7.3911045997943496e-12","3744","available","above_budget","0.0166588392492527","0.023341167438066041","available","8.5271627051476168e-16","2.3003637834868913e-15","2.7020417059826162e-08","0.07690905558164679","available","above_budget","0.019998314415644543","0.020001692271674198"
99,15,15,"retained_ULS","ULS","100","0",FALSE,"ill_conditioned","available","3.5667835432398246e+17","available","within_budget","4.4306522977506065e-09","0","2.6317727748637094e-06","3.2307088482751518e-09","1.1375966139678055e-15","2.9974209726165491e-12","6.2030063237539337e-12","3744","available","within_budget","0","0.0069317720510571708","available","8.5236049510187411e-16","2.7586556096492647e-15","8.1136791558137276e-08","0.076776690402621195","available","within_budget","0","4.600347561264541e-06"
100,15,15,"retained_ULS","ULS","100","0.0089999999999999993",FALSE,"ill_conditioned","available","3.5667835432398246e+17","available","within_budget","0.0090000023496492627","0.0089973752004922428","0.0090026294988062826","3.2307088482751518e-09","1.1375966139678055e-15","2.9974209726165491e-12","6.2025507425624218e-12","3744","available","unresolved","0.0020687438344726967","0.015931260864825832","available","8.5236049510187411e-16","2.85650226304903e-15","8.1136791558137276e-08","0.076776690402621195","available","within_budget","0.0089954067702881606","0.0090045979290103648"
101,15,15,"retained_ULS","ULS","100","0.0099900000000000006",FALSE,"ill_conditioned","available","3.5667835432398246e+17","available","within_budget","0.0099900023494415985","0.0099873752212419811","0.0099926294776412159","3.2307088482751518e-09","1.1375966139678055e-15","2.9974209726165491e-12","6.2025012636679954e-12","3744","available","unresolved","0.0030587991261962822","0.016921205572686917","available","8.5236049510187411e-16","2.7645319618198438e-15","8.1136791558137276e-08","0.076776690402621195","available","within_budget","0.0099854068067405221","0.0099945978921426749"
102,15,15,"retained_ULS","ULS","100","0.01",FALSE,"ill_conditioned","available","3.5667835432398246e+17","available","unresolved","0.010000002349439813","0.0099973752214513427","0.010002629477428283","3.2307088482751518e-09","1.1375966139678055e-15","2.9974209726165491e-12","6.2025007645233297e-12","3744","available","unresolved","0.0030687996839809935","0.016931205014898636","available","8.5236049510187411e-16","3.1118660324659947e-15","8.1136791558137276e-08","0.076776690402621195","available","unresolved","0.0099954068071079448","0.010004597891771681"
103,15,15,"retained_ULS","ULS","100","0.01001",FALSE,"ill_conditioned","available","3.5667835432398246e+17","available","above_budget","0.010010002349438045","0.010007375221661081","0.010012629477215009","3.2307088482751518e-09","1.1375966139678055e-15","2.9974209726165491e-12","6.2025002653915048e-12","3744","available","unresolved","0.0030788002417517354","0.016941204457124357","available","8.5236049510187411e-16","2.9168364950702064e-15","8.1136791558137276e-08","0.076776690402621195","available","above_budget","0.010005406807476282","0.010014597891399808"
104,15,15,"retained_ULS","ULS","100","0.010999999999999999",FALSE,"ill_conditioned","available","3.5667835432398246e+17","available","above_budget","0.011000002349228958","0.010997375242355016","0.0110026294561029","3.2307088482751518e-09","1.1375966139678055e-15","2.9974209726165491e-12","6.2024509149143361e-12","3744","available","unresolved","0.0040688553899695277","0.017931149308488391","available","8.5236049510187411e-16","3.2262623113481933e-15","8.1136791558137276e-08","0.076776690402621195","available","above_budget","0.010995406843831686","0.011004597854626231"
105,15,15,"retained_ULS","ULS","100","0.02",FALSE,"ill_conditioned","available","3.5667835432398246e+17","available","above_budget","0.020000002347340042","0.01999737542804627","0.020002629266633813","3.2307088482751518e-09","1.1375966139678055e-15","2.9974209726165491e-12","6.2020080482962602e-12","3744","available","above_budget","0.013069350284961572","0.026930654409718514","available","8.5236049510187411e-16","2.8427819608375191e-15","8.1136791558137276e-08","0.076776690402621195","available","above_budget","0.019995407170070666","0.020004597524609417"
106,16,16,"retained_ULS","ULS","100","0",FALSE,"ill_conditioned","available","5.0403294793143839e+18","available","within_budget","1.7919991620506876e-10","0","1.1770827405189199e-05","8.4838949316384043e-10","1.0300380938516321e-15","2.9974209726165487e-12","8.0596918990899243e-12","3744","available","unresolved","0","0.034385960804950502","available","7.6692701280431982e-16","2.4961822909207753e-15","7.2908814304898054e-07","0.076867365452038733","available","within_budget","0","2.0534820931262402e-05"
107,16,16,"retained_ULS","ULS","100","0.0089999999999999993",FALSE,"ill_conditioned","available","5.0403294793143839e+18","available","within_budget","0.0090000000339767929","0.008988226422534995","0.0090117736454185908","8.4838949316384043e-10","1.0300380938516321e-15","2.9974209726165487e-12","8.0617209098993072e-12","3744","available","unresolved","0","0.04339461725438077","available","7.6692701280431982e-16","2.754432641727616e-15","7.2908814304898054e-07","0.076867365452038733","available","within_budget","0.0089794602226913739","0.0090205398452622119"
108,16,16,"retained_ULS","ULS","100","0.0099900000000000006",FALSE,"ill_conditioned","available","5.0403294793143839e+18","available","unresolved","0.0099900000339790095","0.0099782260958723914","0.010001773972085628","8.4838949316384043e-10","1.0300380938516321e-15","2.9974209726165487e-12","8.0619445863452649e-12","3744","available","unresolved","0","0.044385571550100617","available","7.6692701280431982e-16","2.5954817713981808e-15","7.2908814304898054e-07","0.076867365452038733","available","unresolved","0.0099694596528063645","0.010010540415151654"
109,16,16,"retained_ULS","ULS","100","0.01",FALSE,"ill_conditioned","available","5.0403294793143839e+18","available","unresolved","0.010000000033978509","0.0099882260925715366","0.010011773975385482","8.4838949316384043e-10","1.0300380938516321e-15","2.9974209726165487e-12","8.0619468461938175e-12","3744","available","unresolved","0","0.044395581191543514","available","7.6692701280431982e-16","2.6332296362595893e-15","7.2908814304898054e-07","0.076867365452038733","available","unresolved","0.0099794596470481455","0.010020540420908873"
110,16,16,"retained_ULS","ULS","100","0.01001",FALSE,"ill_conditioned","available","5.0403294793143839e+18","available","unresolved","0.010010000033978955","0.0099982260892717573","0.010021773978686152","8.4838949316384043e-10","1.0300380938516321e-15","2.9974209726165487e-12","8.0619491060521783e-12","3744","available","unresolved","0","0.044405590833029071","available","7.6692701280431982e-16","2.4840515230767058e-15","7.2908814304898054e-07","0.076867365452038733","available","unresolved","0.0099894596412911773","0.010030540426666732"
111,16,16,"retained_ULS","ULS","100","0.010999999999999999",FALSE,"ill_conditioned","available","5.0403294793143839e+18","available","above_budget","0.011000000033981182","0.010988225762466049","0.011011774305496314","8.4838949316384043e-10","1.0300380938516321e-15","2.9974209726165487e-12","8.0621728805879094e-12","3744","available","unresolved","0","0.04539654554724009","available","7.6692701280431982e-16","2.786727466815071e-15","7.2908814304898054e-07","0.076867365452038733","available","above_budget","0.010979459071155941","0.011020540996806423"
112,16,16,"retained_ULS","ULS","100","0.02",FALSE,"ill_conditioned","available","5.0403294793143839e+18","available","above_budget","0.020000000034005525","0.019988222785070342","0.020011777282940707","8.4838949316384043e-10","1.0300380938516321e-15","2.9974209726165487e-12","8.0642116032535911e-12","3744","available","unresolved","0","0.054405243576691326","available","7.6692701280431982e-16","2.5532291449630285e-15","7.2908814304898054e-07","0.076867365452038733","available","above_budget","0.019979453876882644","0.020020546191128405"
113,17,17,"retained_ULS","ULS","100","0",FALSE,"ill_conditioned","available","4.4783718637337657e+19","available","within_budget","4.9818357748439327e-10","0","1.1230120771864104e-05","2.8716693123886021e-10","7.8424055141952059e-16","2.9974209726165487e-12","3.4184273784663053e-12","3744","available","unresolved","0","0.043384457754658504","available","1.5296964592994971e-15","1.9993635172971763e-15","1.2213970140313864e-06","0.076796092247140332","available","within_budget","0","3.3134181071252974e-05"
114,17,17,"retained_ULS","ULS","100","0.0089999999999999993",FALSE,"ill_conditioned","available","4.4783718637337657e+19","available","within_budget","0.009000000060248179","0.00898876209585368","0.0090112380246426781","2.8716693123886021e-10","7.8424055141952059e-16","2.9974209726165487e-12","3.4209667209847763e-12","3744","available","unresolved","0","0.052416685000612716","available","1.5296964592994971e-15","1.8731805782725339e-15","1.2213970140313864e-06","0.076796092247140332","available","within_budget","0.0089668417643555647","0.0090331583561407934"
115,17,17,"retained_ULS","ULS","100","0.0099900000000000006",FALSE,"ill_conditioned","available","4.4783718637337657e+19","available","unresolved","0.0099900000602558443","0.0099787611747101795","0.010001238945801509","2.8716693123886021e-10","7.8424055141952059e-16","2.9974209726165487e-12","3.4212471300909652e-12","3744","available","unresolved","0","0.053410243770643795","available","1.5296964592994971e-15","2.0305204116295062e-15","1.2213970140313864e-06","0.076796092247140332","available","unresolved","0.0099568390464506197","0.010023161074061069"
116,17,17,"retained_ULS","ULS","100","0.01",FALSE,"ill_conditioned","available","4.4783718637337657e+19","available","unresolved","0.010000000060256127","0.009988761165402333","0.01001123895510992","2.8716693123886021e-10","7.8424055141952059e-16","2.9974209726165487e-12","3.4212499635987222e-12","3744","available","unresolved","0","0.053420279731681855","available","1.5296964592994971e-15","1.9533076093515751e-15","1.2213970140313864e-06","0.076796092247140332","available","unresolved","0.0099668390189867478","0.010033161101525506"
117,17,17,"retained_ULS","ULS","100","0.01001",FALSE,"ill_conditioned","available","4.4783718637337657e+19","available","unresolved","0.010010000060256425","0.0099987611560944066","0.010021238964418443","2.8716693123886021e-10","7.8424055141952059e-16","2.9974209726165487e-12","3.4212527971283276e-12","3744","available","unresolved","0","0.053430315692997249","available","1.5296964592994971e-15","2.0053709381429993e-15","1.2213970140313864e-06","0.076796092247140332","available","unresolved","0.0099768389915225238","0.010043161128990325"
118,17,17,"retained_ULS","ULS","100","0.010999999999999999",FALSE,"ill_conditioned","available","4.4783718637337657e+19","available","above_budget","0.011000000060264062","0.010988760234233091","0.011011239886295033","2.8716693123886021e-10","7.8424055141952059e-16","2.9974209726165487e-12","3.42153342470288e-12","3744","available","unresolved","0","0.054423877235686813","available","1.5296964592994971e-15","1.8985912294037262e-15","1.2213970140313864e-06","0.076796092247140332","available","above_budget","0.010966836271500163","0.011033163849027961"
119,17,17,"retained_ULS","ULS","100","0.02",FALSE,"ill_conditioned","available","4.4783718637337657e+19","available","above_budget","0.020000000060333489","0.01998875182143971","0.020011248299227267","2.8716693123886021e-10","7.8424055141952059e-16","2.9974209726165487e-12","3.4240943977327548e-12","3744","available","unresolved","0","0.063456379440029895","available","1.5296964592994971e-15","1.8145390020004415e-15","1.2213970140313864e-06","0.076796092247140332","available","above_budget","0.01996681144890743","0.020033188671759548"
120,18,18,"retained_ULS","ULS","100","0",FALSE,"ill_conditioned","available","1.6264454257304099e+19","available","within_budget","3.7374586385868407e-10","0","4.0628008777687197e-06","5.0781126157126747e-10","8.4045341388551748e-16","2.9974209726165491e-12","2.0405645224041527e-12","3744","available","unresolved","0","0.014578489257827225","available","8.4738446736551633e-16","1.1449572105174918e-15","1.4464538877099389e-06","0.076921026140298179","available","within_budget","0","8.1587436578358087e-06"
121,18,18,"retained_ULS","ULS","100","0.0089999999999999993",FALSE,"ill_conditioned","available","1.6264454257304099e+19","available","within_budget","0.0090000000609949671","0.0089959347542932187","0.0090040653676967154","5.0781126157126747e-10","8.4045341388551748e-16","2.9974209726165491e-12","2.0420109355083921e-12","3744","available","unresolved","0","0.023588822613593373","available","8.4738446736551633e-16","1.1272065249930971e-15","1.4464538877099389e-06","0.076921026140298179","available","within_budget","0.0089918359081865434","0.0090081642138033907"
122,18,18,"retained_ULS","ULS","100","0.0099900000000000006",FALSE,"ill_conditioned","available","1.6264454257304099e+19","available","within_budget","0.0099900000610016661","0.0099859344341052501","0.0099940656878980821","5.0781126157126747e-10","8.4045341388551748e-16","2.9974209726165491e-12","2.0421717698659983e-12","3744","available","unresolved","0","0.024579971669103497","available","8.4738446736551633e-16","1.1993189116534039e-15","1.4464538877099389e-06","0.076921026140298179","available","within_budget","0.0099818352651621905","0.0099981648568411418"
123,18,18,"retained_ULS","ULS","100","0.01",FALSE,"ill_conditioned","available","1.6264454257304099e+19","available","unresolved","0.010000000061002406","0.0099959344308682072","0.010004065691136606","5.0781126157126747e-10","8.4045341388551748e-16","2.9974209726165491e-12","2.0421733962022134e-12","3744","available","unresolved","0","0.024589983288204838","available","8.4738446736551633e-16","1.1640556992062346e-15","1.4464538877099389e-06","0.076921026140298179","available","unresolved","0.0099918352586607032","0.01000816486334411"
124,18,18,"retained_ULS","ULS","100","0.01001",FALSE,"ill_conditioned","available","1.6264454257304099e+19","available","above_budget","0.010010000061002156","0.010005934427630148","0.010014065694374165","5.0781126157126747e-10","8.4045341388551748e-16","2.9974209726165491e-12","2.0421750225733603e-12","3744","available","unresolved","0","0.024599994907554712","available","8.4738446736551633e-16","1.1874133179653572e-15","1.4464538877099389e-06","0.076921026140298179","available","above_budget","0.010001835252158071","0.010018164869846241"
125,18,18,"retained_ULS","ULS","100","0.010999999999999999",FALSE,"ill_conditioned","available","1.6264454257304099e+19","available","above_budget","0.011000000061009844","0.010995934106747794","0.011004066015271895","5.0781126157126747e-10","8.4045341388551748e-16","2.9974209726165491e-12","2.0423362062167621e-12","3744","available","unresolved","0","0.025591146458482674","available","8.4738446736551633e-16","1.1678545121970011e-15","1.4464538877099389e-06","0.076921026140298179","available","above_budget","0.010991834607738317","0.011008165514281371"
126,18,18,"retained_ULS","ULS","100","0.02",FALSE,"ill_conditioned","available","1.6264454257304099e+19","available","above_budget","0.02000000006107874","0.019995931158398508","0.020004068963758972","5.0781126157126747e-10","8.4045341388551748e-16","2.9974209726165491e-12","2.0438172019470483e-12","3744","available","unresolved","0.0053982729250139205","0.034601727197143564","available","8.4738446736551633e-16","1.1509669798894814e-15","1.4464538877099389e-06","0.076921026140298179","available","above_budget","0.019991828686646111","0.020008171435511368"
127,19,19,"retained_ULS","ULS","100","0",FALSE,"ill_conditioned","available","3.7435538582642729e+19","available","within_budget","1.0261897608724994e-08","0","8.6326496667032683e-06","3.1174067134707762e-10","8.9580658776894268e-16","2.9974209726165487e-12","2.4944961046218645e-12","3744","available","unresolved","0","0.029139826437537059","available","7.7436972694076373e-16","1.3915491319374917e-15","1.3297243870638752e-06","0.053166567588974818","available","within_budget","0","1.6086213779568099e-05"
128,19,19,"retained_ULS","ULS","100","0.0089999999999999993",FALSE,"ill_conditioned","available","3.7435538582642729e+19","available","within_budget","0.0090000016015388661","0.0089913749848270132","0.009008628218250719","3.1174067134707762e-10","8.9580658776894268e-16","2.9974209726165487e-12","2.495719556999446e-12","3744","available","unresolved","0","0.038154109712658486","available","7.7436972694076373e-16","1.3836100003613932e-15","1.3297243870638752e-06","0.053166567588974818","available","within_budget","0.0089839177650336711","0.0090160854380440612"
129,19,19,"retained_ULS","ULS","100","0.0099900000000000006",FALSE,"ill_conditioned","available","3.7435538582642729e+19","available","within_budget","0.0099900016016375645","0.0099813745147495705","0.0099986286885255585","3.1174067134707762e-10","8.9580658776894268e-16","2.9974209726165487e-12","2.4958555811174935e-12","3744","available","unresolved","0","0.039145698698118951","available","7.7436972694076373e-16","1.4063191009062962e-15","1.3297243870638752e-06","0.053166567588974818","available","unresolved","0.0099739168885156076","0.010006086314759521"
130,19,19,"retained_ULS","ULS","100","0.01",FALSE,"ill_conditioned","available","3.7435538582642729e+19","available","unresolved","0.010000001601637885","0.0099913745099955188","0.010008628693280251","3.1174067134707762e-10","8.9580658776894268e-16","2.9974209726165487e-12","2.4958569565580899e-12","3744","available","unresolved","0","0.039155714765527129","available","7.7436972694076373e-16","1.3955693559142685e-15","1.3297243870638752e-06","0.053166567588974818","available","unresolved","0.0099839168796517462","0.010016086323624024"
131,19,19,"retained_ULS","ULS","100","0.01001",FALSE,"ill_conditioned","available","3.7435538582642729e+19","available","above_budget","0.010010001601639311","0.010001374505242537","0.010018628698036084","3.1174067134707762e-10","8.9580658776894268e-16","2.9974209726165487e-12","2.4958583320278772e-12","3744","available","unresolved","0","0.039165730833277353","available","7.7436972694076373e-16","1.3923807503348291e-15","1.3297243870638752e-06","0.053166567588974818","available","unresolved","0.0099939168707888579","0.010026086332489763"
132,19,19,"retained_ULS","ULS","100","0.010999999999999999",FALSE,"ill_conditioned","available","3.7435538582642729e+19","available","above_budget","0.011000001601738111","0.010991374034156159","0.011008629169320064","3.1174067134707762e-10","8.9580658776894268e-16","2.9974209726165487e-12","2.4959946480217386e-12","3744","available","unresolved","0","0.040157323228327498","available","7.7436972694076373e-16","1.5296037814998438e-15","1.3297243870638752e-06","0.053166567588974818","available","above_budget","0.01098391599238962","0.011016087211086602"
133,19,19,"retained_ULS","ULS","100","0.02",FALSE,"ill_conditioned","available","3.7435538582642729e+19","available","above_budget","0.020000001602636725","0.019991369706222464","0.020008633499050986","3.1174067134707762e-10","8.9580658776894268e-16","2.9974209726165487e-12","2.497246998919047e-12","3744","available","unresolved","0","0.049171952746934165","available","7.7436972694076373e-16","1.5609593006009566e-15","1.3297243870638752e-06","0.053166567588974818","available","above_budget","0.019983907922426519","0.020016095282846931"
134,20,20,"retained_ULS","ULS","100","0",FALSE,"ill_conditioned","available","48254966963007304","available","within_budget","6.4152948526108016e-09","0","3.1073962175452438e-06","8.2786522142690567e-09","7.9904846193484241e-16","2.9974209726165487e-12","2.6709248915969097e-11","3744","available","unresolved","0","0.011639839282333286","available","6.9379131875291744e-16","4.1937056383095464e-14","2.4227606635906372e-09","0.072946129344056254","available","within_budget","0","5.7998912956225443e-06"
135,20,20,"retained_ULS","ULS","100","0.0089999999999999993",FALSE,"ill_conditioned","available","48254966963007304","available","within_budget","0.0089999989671523863","0.0089968980099549411","0.0090030999243498316","8.2786522142690567e-09","7.9904846193484241e-16","2.9974209726165487e-12","2.6709044564274633e-11","3744","available","unresolved","0","0.020639742778164948","available","6.9379131875291744e-16","4.169450982836218e-14","2.4227606635906372e-09","0.072946129344056254","available","within_budget","0.0089942055354773082","0.0090057923988274644"
136,20,20,"retained_ULS","ULS","100","0.0099900000000000006",FALSE,"ill_conditioned","available","48254966963007304","available","within_budget","0.0099899989670977005","0.0099868980124941421","0.0099930999217012588","8.2786522142690567e-09","7.9904846193484241e-16","2.9974209726165487e-12","2.670902221892709e-11","3744","available","unresolved","0","0.021629733040056609","available","6.9379131875291744e-16","4.1402176065727858e-14","2.4227606635906372e-09","0.072946129344056254","available","within_budget","0.0099842055402693825","0.0099957923939260184"
137,20,20,"retained_ULS","ULS","100","0.01",FALSE,"ill_conditioned","available","48254966963007304","available","unresolved","0.0099999989670971484","0.009996898012519578","0.010003099921674719","8.2786522142690567e-09","7.9904846193484241e-16","2.9974209726165487e-12","2.6709021993351334e-11","3744","available","unresolved","0","0.021639732941750828","available","6.9379131875291744e-16","4.1754160701499893e-14","2.4227606635906372e-09","0.072946129344056254","available","unresolved","0.0099942055403172067","0.01000579239387709"
138,20,20,"retained_ULS","ULS","100","0.01001",FALSE,"ill_conditioned","available","48254966963007304","available","above_budget","0.010009998967096638","0.010006898012545742","0.010013099921647534","8.2786522142690567e-09","7.9904846193484241e-16","2.9974209726165487e-12","2.6709021767778273e-11","3744","available","unresolved","0","0.021649732843445582","available","6.9379131875291744e-16","4.1731304245783134e-14","2.4227606635906372e-09","0.072946129344056254","available","above_budget","0.010004205540366132","0.010015792393827144"
139,20,20,"retained_ULS","ULS","100","0.010999999999999999",FALSE,"ill_conditioned","available","48254966963007304","available","above_budget","0.010999998967041975","0.010996898015082555","0.011003099919001395","8.2786522142690567e-09","7.9904846193484241e-16","2.9974209726165487e-12","2.6708999449392384e-11","3744","available","unresolved","0","0.022639723117086376","available","6.9379131875291744e-16","4.1591246724544469e-14","2.4227606635906372e-09","0.072946129344056254","available","above_budget","0.010994205545152947","0.011005792388931002"
140,20,20,"retained_ULS","ULS","100","0.02",FALSE,"ill_conditioned","available","48254966963007304","available","above_budget","0.019999998966550216","0.019996898038005567","0.020003099895094866","8.2786522142690567e-09","7.9904846193484241e-16","2.9974209726165487e-12","2.6708797767169142e-11","3744","available","unresolved","0.0083603627091813609","0.031639635223919077","available","6.9379131875291744e-16","4.1747550588513943e-14","2.4227606635906372e-09","0.072946129344056254","available","above_budget","0.019994205588406901","0.020005792344693532"
141,21,21,"retained_ULS","ULS","100","0",FALSE,"ill_conditioned","available","2.3027658528104328e+22","available","within_budget","5.8099171225616153e-10","0","0.00025856418312111736","1.2674333592428169e-11","7.3397136434480598e-16","2.9974209726165487e-12","3.7118419207088685e-12","3744","available","unresolved","0","1.3833454971095445","available","7.6719043363912517e-16","1.0907219736304664e-15","0.00053619184537793073","0.076291506281659316","available","within_budget","0","0.00052886221920805064"
142,21,21,"retained_ULS","ULS","100","0.0089999999999999993",FALSE,"ill_conditioned","available","2.3027658528104328e+22","available","within_budget","0.0089999999964447391","0.0087414240834197167","0.0092585759094697614","1.2674333592428169e-11","7.3397136434480598e-16","2.9974209726165487e-12","3.7120186512988349e-12","3744","available","unresolved","0","1.3924113612549485","available","7.6719043363912517e-16","1.3720964093080694e-15","0.00053619184537793073","0.076291506281659316","available","within_budget","0.0084711131777296476","0.0095288868151598306"
143,21,21,"retained_ULS","ULS","100","0.0099900000000000006",FALSE,"ill_conditioned","available","2.3027658528104328e+22","available","unresolved","0.0099899999964453909","0.0097314226641622512","0.010248577328728531","1.2674333592428169e-11","7.3397136434480598e-16","2.9974209726165487e-12","3.7120390256358646e-12","3744","available","unresolved","0","1.3934089544520674","available","7.6719043363912517e-16","1.2802942400035258e-15","0.00053619184537793073","0.076291506281659316","available","unresolved","0.0094611102748036781","0.010518889718087104"
144,21,21,"retained_ULS","ULS","100","0.01",FALSE,"ill_conditioned","available","2.3027658528104328e+22","available","unresolved","0.0099999999964449082","0.009741422649759952","0.010258577343129864","1.2674333592428169e-11","7.3397136434480598e-16","2.9974209726165487e-12","3.7120392323815485e-12","3744","available","unresolved","0","1.3934190315029533","available","7.6719043363912517e-16","1.1510234229547906e-15","0.00053619184537793073","0.076291506281659316","available","unresolved","0.0094711102453461909","0.010528889747543626"
145,21,21,"retained_ULS","ULS","100","0.01001",FALSE,"ill_conditioned","available","2.3027658528104328e+22","available","unresolved","0.010009999996445286","0.0097514226353572122","0.01026857735753336","1.2674333592428169e-11","7.3397136434480598e-16","2.9974209726165487e-12","3.712039439146117e-12","3744","available","unresolved","0","1.3934291085608785","available","7.6719043363912517e-16","1.3872443893555255e-15","0.00053619184537793073","0.076291506281659316","available","unresolved","0.0094811102158865266","0.010538889777004045"
146,21,21,"retained_ULS","ULS","100","0.010999999999999999",FALSE,"ill_conditioned","available","2.3027658528104328e+22","available","above_budget","0.010999999996445077","0.010741421202944487","0.011258578789945668","1.2674333592428169e-11","7.3397136434480598e-16","2.9974209726165487e-12","3.712060002323053e-12","3744","available","unresolved","0","1.3944267721356796","available","7.6719043363912517e-16","1.2425432864982637e-15","0.00053619184537793073","0.076291506281659316","available","above_budget","0.010471107286053941","0.011528892706836213"
147,21,21,"retained_ULS","ULS","100","0.02",FALSE,"ill_conditioned","available","2.3027658528104328e+22","available","above_budget","0.019999999996445739","0.019741407589633483","0.020258592403257995","1.2674333592428169e-11","7.3397136434480598e-16","2.9974209726165487e-12","3.7122554299096691e-12","3744","available","unresolved","0","1.4034996049441932","available","7.6719043363912517e-16","1.1805480052003695e-15","0.00053619184537793073","0.076291506281659316","available","above_budget","0.019471079441616249","0.020528920551275229"
148,22,22,"retained_ULS","ULS","100","0",FALSE,"ill_conditioned","available","6.558457650771923e+21","available","within_budget","6.3987509953202361e-07","0","0.00021982123535916752","2.5483018725145996e-11","1.2272951721336265e-15","2.9974209726165491e-12","3.7833936530141038e-12","3744","available","unresolved","0","0.60691380109915327","available","9.1140871017324292e-16","2.0603160910573519e-15","1.0545767688457146e-05","0.076237810799559394","available","within_budget","0","0.00038260242401373846"
149,22,22,"retained_ULS","ULS","100","0.0089999999999999993",FALSE,"ill_conditioned","available","6.558457650771923e+21","available","within_budget","0.0089999928772415017","0.0087807154488879317","0.0092192703055950717","2.5483018725145996e-11","1.2272951721336265e-15","2.9974209726165491e-12","3.785051930050309e-12","3744","available","unresolved","0","0.61617916664202765","available","9.1140871017324292e-16","1.8994334862733492e-15","1.0545767688457146e-05","0.076237810799559394","available","within_budget","0.0086178629125674248","0.0093821228419155786"
150,22,22,"retained_ULS","ULS","100","0.0099900000000000006",FALSE,"ill_conditioned","available","6.558457650771923e+21","available","unresolved","0.0099899928739667129","0.0097707048212852966","0.010209280926648129","2.5483018725145996e-11","1.2272951721336265e-15","2.9974209726165491e-12","3.7852353216228266e-12","3744","available","unresolved","0","0.61719858540117267","available","9.1140871017324292e-16","2.0261188048245681e-15","1.0545767688457146e-05","0.076237810799559394","available","unresolved","0.0096078443945094519","0.010372141353423974"
151,22,22,"retained_ULS","ULS","100","0.01",FALSE,"ill_conditioned","available","6.558457650771923e+21","available","unresolved","0.0099999928739356835","0.0097807047138805184","0.010219281033990849","2.5483018725145996e-11","1.2272951721336265e-15","2.9974209726165491e-12","3.7852371750544696e-12","3744","available","unresolved","0","0.61720888271941199","available","9.1140871017324292e-16","1.9233005859019668e-15","1.0545767688457146e-05","0.076237810799559394","available","unresolved","0.0096178442073605493","0.010382141540510818"
152,22,22,"retained_ULS","ULS","100","0.01001",FALSE,"ill_conditioned","available","6.558457650771923e+21","available","unresolved","0.010009992873905565","0.009790704606475336","0.010229281141335794","2.5483018725145996e-11","1.2272951721336265e-15","2.9974209726165491e-12","3.7852390285059416e-12","3744","available","unresolved","0","0.61721918004083332","available","9.1140871017324292e-16","2.2461673883625623e-15","1.0545767688457146e-05","0.076237810799559394","available","unresolved","0.0096278440202099639","0.010392141727601166"
153,22,22,"retained_ULS","ULS","100","0.010999999999999999",FALSE,"ill_conditioned","available","6.558457650771923e+21","available","above_budget","0.010999992871044265","0.010780693967799704","0.011219291774288825","2.5483018725145996e-11","1.2272951721336265e-15","2.9974209726165491e-12","3.7854226183520873e-12","3744","available","unresolved","0","0.61823863060645945","available","9.1140871017324292e-16","1.9743076350815236e-15","1.0545767688457146e-05","0.076237810799559394","available","above_budget","0.010617825482548634","0.011382160259539895"
154,22,22,"retained_ULS","ULS","100","0.02",FALSE,"ill_conditioned","available","6.558457650771923e+21","available","above_budget","0.019999992853391015","0.01978059674477824","0.02021938896200379","2.5483018725145996e-11","1.2272951721336265e-15","2.9974209726165491e-12","3.7871005264195782e-12","3744","available","unresolved","0","0.62750779224177711","available","9.1140871017324292e-16","2.0148650775549844e-15","1.0545767688457146e-05","0.076237810799559394","available","above_budget","0.019617656067232401","0.02038232963954963"
155,23,23,"retained_ULS","ULS","100","0",FALSE,"ill_conditioned","available","1.6068505542185521e+19","available","within_budget","8.8819403105092798e-10","0","7.2424673093223685e-06","4.5018528159956148e-10","8.4721986961632952e-16","2.9974209726165487e-12","3.1989282893820215e-12","3744","available","unresolved","0","0.025799359599515407","available","1.3858512881090769e-15","1.1773036140169138e-15","4.3030744923969609e-06","0.074674043622309214","available","within_budget","0","1.9088036426768127e-05"
156,23,23,"retained_ULS","ULS","100","0.0089999999999999993",FALSE,"ill_conditioned","available","1.6068505542185521e+19","available","within_budget","0.0090000000357927795","0.0089927559031281711","0.009007244168457388","4.5018528159956148e-10","8.4721986961632952e-16","2.9974209726165487e-12","3.200056305860247e-12","3744","available","unresolved","0","0.034808456200736734","available","1.3858512881090769e-15","1.1872183104950214e-15","4.3030744923969609e-06","0.074674043622309214","available","within_budget","0.0089809061569876784","0.0090190939145978807"
157,23,23,"retained_ULS","ULS","100","0.0099900000000000006",FALSE,"ill_conditioned","available","1.6068505542185521e+19","available","within_budget","0.0099900000357989547","0.0099827556196639342","0.0099972444519339752","4.5018528159956148e-10","8.4721986961632952e-16","2.9974209726165487e-12","3.200181527384386e-12","3744","available","unresolved","0","0.035799466112415614","available","1.3858512881090769e-15","1.2475229828493556e-15","4.3030744923969609e-06","0.074674043622309214","available","unresolved","0.0099709054098305171","0.010009094661767392"
158,23,23,"retained_ULS","ULS","100","0.01",FALSE,"ill_conditioned","available","1.6068505542185521e+19","available","unresolved","0.010000000035798672","0.0099927556167977195","0.010007244454799624","4.5018528159956148e-10","8.4721986961632952e-16","2.9974209726165487e-12","3.2001827934001882e-12","3744","available","unresolved","0","0.035809476322833579","available","1.3858512881090769e-15","1.2083805764199573e-15","4.3030744923969609e-06","0.074674043622309214","available","unresolved","0.0099809054022763112","0.010019094669321032"
159,23,23,"retained_ULS","ULS","100","0.01001",FALSE,"ill_conditioned","available","1.6068505542185521e+19","available","above_budget","0.01001000003579995","0.01000275561393296","0.010017244457666939","4.5018528159956148e-10","8.4721986961632952e-16","2.9974209726165487e-12","3.2001840594390292e-12","3744","available","unresolved","0","0.035819486533438957","available","1.3858512881090769e-15","1.178286159827579e-15","4.3030744923969609e-06","0.074674043622309214","available","unresolved","0.0099909053947234653","0.010029094676876434"
160,23,23,"retained_ULS","ULS","100","0.010999999999999999",FALSE,"ill_conditioned","available","1.6068505542185521e+19","available","above_budget","0.011000000035806132","0.01099275532994726","0.011007244741665003","4.5018528159956148e-10","8.4721986961632952e-16","2.9974209726165487e-12","3.200309511315434e-12","3744","available","unresolved","0","0.036810498302909021","available","1.3858512881090769e-15","1.2906578204949563e-15","4.3030744923969609e-06","0.074674043622309214","available","above_budget","0.010980904646191799","0.011019095425420464"
161,23,23,"retained_ULS","ULS","100","0.02",FALSE,"ill_conditioned","available","1.6068505542185521e+19","available","above_budget","0.020000000035863864","0.019992752724826094","0.020007247346901635","4.5018528159956148e-10","8.4721986961632952e-16","2.9974209726165487e-12","3.2014603349111801e-12","3744","available","unresolved","0","0.045819779696006736","available","1.3858512881090769e-15","1.3351430158232898e-15","4.3030744923969609e-06","0.074674043622309214","available","above_budget","0.019980897779593238","0.020019102292134491"
162,24,24,"retained_ULS","ULS","100","0",FALSE,"ill_conditioned","available","9.754784148931201e+18","available","within_budget","4.9628823688235353e-08","0","4.1740629703929569e-06","5.7880446143165548e-10","7.9821405370284364e-16","2.9974209726165491e-12","2.4862966180581792e-12","3744","available","unresolved","0","0.015572726853453697","available","6.4468513555059032e-16","1.3125877410710774e-15","1.1064537614699906e-06","0.076910816295560874","available","within_budget","0","7.5052095506043841e-06"
163,24,24,"retained_ULS","ULS","100","0.0089999999999999993",FALSE,"ill_conditioned","available","9.754784148931201e+18","available","within_budget","0.0090000093345187042","0.0089958838343493653","0.0090041348346880431","5.7880446143165548e-10","7.9821405370284364e-16","2.9974209726165491e-12","2.4869392390983115e-12","3744","available","unresolved","0","0.024576711553577522","available","6.4468513555059032e-16","1.147711109936025e-15","1.1064537614699906e-06","0.076910816295560874","available","within_budget","0.008992551826784002","0.0090074668422534063"
164,24,24,"retained_ULS","ULS","100","0.0099900000000000006",FALSE,"ill_conditioned","available","9.754784148931201e+18","available","within_budget","0.0099900093353486076","0.0099858837155813677","0.0099941349551158475","5.7880446143165548e-10","7.9821405370284364e-16","2.9974209726165491e-12","2.4870113352497184e-12","3744","available","unresolved","0","0.025567163121644768","available","6.4468513555059032e-16","1.1702700915447174e-15","1.1064537614699906e-06","0.076910816295560874","available","within_budget","0.0099825516114213746","0.0099974670592758406"
165,24,24,"retained_ULS","ULS","100","0.01",FALSE,"ill_conditioned","available","9.754784148931201e+18","available","unresolved","0.01000000933535704","0.0099958837143793756","0.010004134956334704","5.7880446143165548e-10","7.9821405370284364e-16","2.9974209726165491e-12","2.4870120649167401e-12","3744","available","unresolved","0","0.025577167691851675","available","6.4468513555059032e-16","1.1515979944254994e-15","1.1064537614699906e-06","0.076910816295560874","available","unresolved","0.0099925516092417913","0.010007467061472288"
166,24,24,"retained_ULS","ULS","100","0.01001",FALSE,"ill_conditioned","available","9.754784148931201e+18","available","above_budget","0.010010009335365474","0.010005883713177337","0.01001413495755361","5.7880446143165548e-10","7.9821405370284364e-16","2.9974209726165491e-12","2.4870127946122224e-12","3744","available","unresolved","0","0.025587172262236849","available","6.4468513555059032e-16","1.1862043944765815e-15","1.1064537614699906e-06","0.076910816295560874","available","above_budget","0.010002551607062069","0.010017467063668878"
167,24,24,"retained_ULS","ULS","100","0.010999999999999999",FALSE,"ill_conditioned","available","9.754784148931201e+18","available","above_budget","0.011000009336197774","0.010995883593939651","0.011004135078455898","5.7880446143165548e-10","7.9821405370284364e-16","2.9974209726165491e-12","2.487085175340313e-12","3744","available","unresolved","0","0.026577625612724903","available","6.4468513555059032e-16","1.2033690497009178e-15","1.1064537614699906e-06","0.076910816295560874","available","above_budget","0.010992551390848482","0.011007467281547067"
168,24,24,"retained_ULS","ULS","100","0.02",FALSE,"ill_conditioned","available","9.754784148931201e+18","available","above_budget","0.020000009343814851","0.019995882488794196","0.020004136198835506","5.7880446143165548e-10","7.9821405370284364e-16","2.9974209726165491e-12","2.4877559722115483e-12","3744","available","unresolved","0.0044181915962792544","0.035581827091350451","available","6.4468513555059032e-16","1.1471421497777256e-15","1.1064537614699906e-06","0.076910816295560874","available","above_budget","0.019992549386967713","0.020007469300661988"
169,25,25,"retained_ULS","ULS","100","0",FALSE,"ill_conditioned","available","4.0791409693056958e+19","available","within_budget","4.4341456008068094e-08","0","1.1665907626239143e-05","2.9473648248927638e-10","8.6372986254960265e-16","2.9974209726165487e-12","3.2968310045277621e-12","3744","available","unresolved","0","0.040756734487938616","available","1.355660647544284e-15","1.3935718758035599e-15","1.1906597070793667e-06","0.072370918015908753","available","within_budget","0","2.9906585918178997e-05"
170,25,25,"retained_ULS","ULS","100","0.0089999999999999993",FALSE,"ill_conditioned","available","4.0791409693056958e+19","available","within_budget","0.009000006352287435","0.008988379958155112","0.0090116327464197579","2.9473648248927638e-10","8.6372986254960265e-16","2.9974209726165487e-12","3.2982006111681259e-12","3744","available","unresolved","0","0.049773628101690587","available","1.355660647544284e-15","1.4586604460895266e-15","1.1906597070793667e-06","0.072370918015908753","available","within_budget","0.0089701317021152402","0.0090298810024596297"
171,25,25,"retained_ULS","ULS","100","0.0099900000000000006",FALSE,"ill_conditioned","available","4.0791409693056958e+19","available","unresolved","0.009990006352947934","0.009978379423863681","0.010001633282032187","2.9473648248927638e-10","8.6372986254960265e-16","2.9974209726165487e-12","3.2983523675169176e-12","3744","available","unresolved","0","0.05076550417257629","available","1.355660647544284e-15","1.2249727997040268e-15","1.1906597070793667e-06","0.072370918015908753","available","unresolved","0.00996013032818782","0.010019882377708048"
172,25,25,"retained_ULS","ULS","100","0.01",FALSE,"ill_conditioned","available","4.0791409693056958e+19","available","unresolved","0.010000006352954791","0.0099883794184630788","0.010011633287446503","2.9473648248927638e-10","8.6372986254960265e-16","2.9974209726165487e-12","3.2983539015206522e-12","3744","available","unresolved","0","0.050775523136526023","available","1.355660647544284e-15","1.1929193262938551e-15","1.1906597070793667e-06","0.072370918015908753","available","unresolved","0.009970130314299927","0.010029882391609655"
173,25,25,"retained_ULS","ULS","100","0.01001",FALSE,"ill_conditioned","available","4.0791409693056958e+19","available","unresolved","0.010010006352960635","0.0099983794130613039","0.010021633292859966","2.9473648248927638e-10","8.6372986254960265e-16","2.9974209726165487e-12","3.2983554355466117e-12","3744","available","unresolved","0","0.050785542100749578","available","1.355660647544284e-15","1.3686624798457866e-15","1.1906597070793667e-06","0.072370918015908753","available","unresolved","0.00998013030041053","0.01003988240551074"
174,25,25,"retained_ULS","ULS","100","0.010999999999999999",FALSE,"ill_conditioned","available","4.0791409693056958e+19","available","above_budget","0.011000006353623071","0.010988378877988383","0.01101163382925776","2.9473648248927638e-10","8.6372986254960265e-16","2.9974209726165487e-12","3.2985074141272193e-12","3744","available","unresolved","0","0.051777420918952259","available","1.355660647544284e-15","1.453860092200798e-15","1.1906597070793667e-06","0.072370918015908753","available","above_budget","0.010970128924471738","0.011029883782774405"
175,25,25,"retained_ULS","ULS","100","0.02",FALSE,"ill_conditioned","available","4.0791409693056958e+19","available","above_budget","0.02000000635968515","0.019988373978525951","0.020011638740844349","2.9473648248927638e-10","8.6372986254960265e-16","2.9974209726165487e-12","3.29989902388541e-12","3744","available","unresolved","0","0.060794624538921732","available","1.355660647544284e-15","1.5501665242970752e-15","1.1906597070793667e-06","0.072370918015908753","available","above_budget","0.019970116325522681","0.02002989639384762"
176,26,1,"fresh_regular","ULS","100","0",TRUE,"available","available","4659.879216486569","available","within_budget","1.3832254393441914e-15","1.3762865454401987e-15","1.390164333248184e-15","0.022600139479116321","1.0629595058106523e-15","2.9974209726165487e-12","8.3133500084000839e-13","3744","available","within_budget","0","8.3272516517344184e-13","available","9.4853900548858949e-16","2.0126767418198552e-15","5.6319865286491728e-15","0.076923076923070877","available","within_budget","0","3.4028410750680977e-15"
177,26,1,"fresh_regular","ULS","100","0.0089999999999999993",TRUE,"available","available","4659.879216486569","available","within_budget","0.0089999999999999438","0.0089999999999993835","0.0090000000000005041","0.022600139479116321","1.0629595058106523e-15","2.9974209726165487e-12","8.3133500084000839e-13","3744","available","within_budget","0.0089999999979723782","0.0090000000020275094","available","9.4853900548858949e-16","2.0116754680606281e-15","5.6319865286491728e-15","0.076923076923070877","available","within_budget","0.008999999999996993","0.0090000000000028946"
178,26,1,"fresh_regular","ULS","100","0.0099900000000000006",TRUE,"available","available","4659.879216486569","available","within_budget","0.009989999999999338","0.0099899999999987187","0.0099899999999999572","0.022600139479116321","1.0629595058106523e-15","2.9974209726165487e-12","8.3133500084000839e-13","3744","available","within_budget","0.0099899999978401901","0.0099900000021584858","available","9.4853900548858949e-16","2.1273003263508269e-15","5.6319865286491728e-15","0.076923076923070877","available","within_budget","0.0099899999999961703","0.0099900000000025056"
179,26,1,"fresh_regular","ULS","100","0.01",FALSE,"available","available","4659.879216486569","available","above_budget","0.01000000000000064","0.010000000000000019","0.010000000000001261","0.022600139479116321","1.0629595058106523e-15","2.9974209726165487e-12","8.3133500084000839e-13","3744","available","unresolved","0.0099999999978401619","0.010000000002161119","available","9.4853900548858949e-16","2.0112073353447171e-15","5.6319865286491728e-15","0.076923076923070877","available","unresolved","0.0099999999999975889","0.010000000000003692"
180,26,1,"fresh_regular","ULS","100","0.01001",FALSE,"available","available","4659.879216486569","available","above_budget","0.010010000000000366","0.010009999999999745","0.010010000000000987","0.022600139479116321","1.0629595058106523e-15","2.9974209726165487e-12","8.3133500084000839e-13","3744","available","above_budget","0.010009999997838559","0.010010000002162173","available","9.4853900548858949e-16","2.0115222651539588e-15","5.6319865286491728e-15","0.076923076923070877","available","above_budget","0.010009999999997313","0.010010000000003419"
181,26,1,"fresh_regular","ULS","100","0.010999999999999999",FALSE,"available","available","4659.879216486569","available","above_budget","0.01100000000000134","0.011000000000000659","0.011000000000002022","0.022600139479116321","1.0629595058106523e-15","2.9974209726165487e-12","8.3133500084000839e-13","3744","available","above_budget","0.010999999997707949","0.011000000002294731","available","9.4853900548858949e-16","2.1967819099477776e-15","5.6319865286491728e-15","0.076923076923070877","available","above_budget","0.010999999999997999","0.011000000000004681"
182,26,1,"fresh_regular","ULS","100","0.02",FALSE,"available","available","4659.879216486569","available","above_budget","0.020000000000001281","0.020000000000000046","0.020000000000002516","0.022600139479116321","1.0629595058106523e-15","2.9974209726165487e-12","8.3133500084000839e-13","3744","available","above_budget","0.019999999996511666","0.020000000003490895","available","9.4853900548858949e-16","2.1946899333388851e-15","5.6319865286491728e-15","0.076923076923070877","available","above_budget","0.01999999999999701","0.020000000000005552"
183,27,2,"fresh_regular","ULS","100","0",TRUE,"available","available","1749.7433233177708","available","within_budget","1.0409882067737153e-16","9.7159926773456578e-17","1.110377145812865e-16","0.042266121109931588","1.0688157116858828e-15","2.9974209726165487e-12","8.3133500084000839e-13","3744","available","within_budget","0","8.3144603855460711e-13","available","6.8649643669885778e-16","5.358602736151636e-16","1.8682982179489632e-15","0.076923076923074804","available","within_budget","0","6.4689798819645412e-16"
184,27,2,"fresh_regular","ULS","100","0.0089999999999999993",TRUE,"available","available","1749.7433233177708","available","within_budget","0.0089999999999986306","0.0089999999999982646","0.0089999999999989966","0.042266121109931588","1.0688157116858828e-15","2.9974209726165487e-12","8.3133500084000839e-13","3744","available","within_budget","0.0089999999985191665","0.0090000000014780947","available","6.8649643669885778e-16","5.3576152903867889e-16","1.8682982179489632e-15","0.076923076923074804","available","within_budget","0.0089999999999975811","0.0089999999999996801"
185,27,2,"fresh_regular","ULS","100","0.0099900000000000006",TRUE,"available","available","1749.7433233177708","available","within_budget","0.0099899999999984238","0.0099899999999980178","0.0099899999999988297","0.042266121109931588","1.0688157116858828e-15","2.9974209726165487e-12","8.3133500084000839e-13","3744","available","within_budget","0.009989999998447666","0.0099900000015491815","available","6.8649643669885778e-16","8.1906600377248258e-16","1.8682982179489632e-15","0.076923076923074804","available","within_budget","0.0099899999999970342","0.0099899999999998133"
186,27,2,"fresh_regular","ULS","100","0.01",TRUE,"available","available","1749.7433233177708","available","unresolved","0.0099999999999997088","0.0099999999999993011","0.010000000000000116","0.042266121109931588","1.0688157116858828e-15","2.9974209726165487e-12","8.3133500084000839e-13","3744","available","unresolved","0.0099999999984482293","0.010000000001551188","available","6.8649643669885778e-16","9.4594765302841981e-16","1.8682982179489632e-15","0.076923076923074804","available","unresolved","0.0099999999999981892","0.010000000000001228"
187,27,2,"fresh_regular","ULS","100","0.01001",FALSE,"available","available","1749.7433233177708","available","above_budget","0.010009999999998227","0.010009999999997818","0.010009999999998636","0.042266121109931588","1.0688157116858828e-15","2.9974209726165487e-12","8.3133500084000839e-13","3744","available","above_budget","0.010009999998446028","0.010010000001550426","available","6.8649643669885778e-16","8.2007646677918155e-16","1.8682982179489632e-15","0.076923076923074804","available","above_budget","0.010009999999996834","0.01000999999999962"
188,27,2,"fresh_regular","ULS","100","0.010999999999999999",FALSE,"available","available","1749.7433233177708","available","above_budget","0.010999999999998018","0.010999999999997572","0.010999999999998464","0.042266121109931588","1.0688157116858828e-15","2.9974209726165487e-12","8.3133500084000839e-13","3744","available","above_budget","0.010999999998374527","0.01100000000162151","available","6.8649643669885778e-16","8.20528627501508e-16","1.8682982179489632e-15","0.076923076923074804","available","above_budget","0.010999999999996572","0.010999999999999465"
189,27,2,"fresh_regular","ULS","100","0.02",FALSE,"available","available","1749.7433233177708","available","above_budget","0.019999999999996642","0.019999999999995837","0.019999999999997447","0.042266121109931588","1.0688157116858828e-15","2.9974209726165487e-12","8.3133500084000839e-13","3744","available","above_budget","0.019999999997725029","0.020000000002268255","available","6.8649643669885778e-16","8.2113219702051367e-16","1.8682982179489632e-15","0.076923076923074804","available","above_budget","0.019999999999994685","0.019999999999998599"
190,28,3,"fresh_regular","ULS","100","0",TRUE,"available","available","1883.9974814888872","available","within_budget","1.8107639253780426e-15","1.8038250314740336e-15","1.8177028192820516e-15","0.035934619612508996","1.2853063077834583e-15","2.9974209726165487e-12","8.3133500084000839e-13","3744","available","within_budget","0","8.3315270365946731e-13","available","8.8603287269178865e-16","2.0090545942180351e-15","3.6251817809533486e-15","0.076923076923072875","available","within_budget","0","3.8267574135001391e-15"
191,28,3,"fresh_regular","ULS","100","0.0089999999999999993",TRUE,"available","available","1883.9974814888872","available","within_budget","0.0090000000000013004","0.0090000000000008372","0.0090000000000017635","0.035934619612508996","1.2853063077834583e-15","2.9974209726165487e-12","8.3133500084000839e-13","3744","available","within_budget","0.0089999999984049714","0.0090000000015976293","available","8.8603287269178865e-16","2.3157188335341658e-15","3.6251817809533486e-15","0.076923076923072875","available","within_budget","0.0089999999999982958","0.0090000000000043049"
192,28,3,"fresh_regular","ULS","100","0.0099900000000000006",TRUE,"available","available","1883.9974814888872","available","within_budget","0.0099899999999999885","0.009989999999999475","0.009990000000000502","0.035934619612508996","1.2853063077834583e-15","2.9974209726165487e-12","8.3133500084000839e-13","3744","available","within_budget","0.0099899999983195098","0.0099900000016804671","available","8.8603287269178865e-16","2.0097456898306319e-15","3.6251817809533486e-15","0.076923076923072875","available","within_budget","0.0099899999999972146","0.0099900000000027623"
193,28,3,"fresh_regular","ULS","100","0.01",FALSE,"available","available","1883.9974814888872","available","unresolved","0.010000000000000167","0.0099999999999996533","0.01000000000000068","0.035934619612508996","1.2853063077834583e-15","2.9974209726165487e-12","8.3133500084000839e-13","3744","available","unresolved","0.0099999999983188398","0.010000000001681494","available","8.8603287269178865e-16","2.0096168955698813e-15","3.6251817809533486e-15","0.076923076923072875","available","unresolved","0.0099999999999973929","0.010000000000002941"
194,28,3,"fresh_regular","ULS","100","0.01001",FALSE,"available","available","1883.9974814888872","available","above_budget","0.010010000000000345","0.010009999999999832","0.010010000000000858","0.035934619612508996","1.2853063077834583e-15","2.9974209726165487e-12","8.3133500084000839e-13","3744","available","above_budget","0.010009999998318168","0.010010000001682522","available","8.8603287269178865e-16","2.0097918254400072e-15","3.6251817809533486e-15","0.076923076923072875","available","above_budget","0.010009999999997569","0.010010000000003121"
195,28,3,"fresh_regular","ULS","100","0.010999999999999999",FALSE,"available","available","1883.9974814888872","available","above_budget","0.010999999999999031","0.010999999999998468","0.010999999999999595","0.035934619612508996","1.2853063077834583e-15","2.9974209726165487e-12","8.3133500084000839e-13","3744","available","above_budget","0.010999999998232706","0.011000000001765356","available","8.8603287269178865e-16","2.1510826603996272e-15","3.6251817809533486e-15","0.076923076923072875","available","above_budget","0.010999999999996041","0.011000000000002022"
196,28,3,"fresh_regular","ULS","100","0.02",FALSE,"available","available","1883.9974814888872","available","above_budget","0.020000000000000337","0.019999999999999317","0.020000000000001357","0.035934619612508996","1.2853063077834583e-15","2.9974209726165487e-12","8.3133500084000839e-13","3744","available","above_budget","0.019999999997469025","0.020000000002531649","available","8.8603287269178865e-16","2.0101814075836693e-15","3.6251817809533486e-15","0.076923076923072875","available","above_budget","0.019999999999996805","0.020000000000003869"
197,29,4,"fresh_regular","ULS","100","0",TRUE,"available","available","2158.4452762106748","available","within_budget","0","0","6.9388939039072299e-18","0.04132832138054951","9.9659514959822698e-16","2.9974209726165487e-12","8.3133500084000839e-13","3744","available","within_budget","0","8.3134193973391239e-13","available","7.6926920491033503e-16","2.2704677804165544e-15","3.5129591506735243e-15","0.076923076923073361","available","within_budget","0","2.2774066743204621e-15"
198,29,4,"fresh_regular","ULS","100","0.0089999999999999993",TRUE,"available","available","2158.4452762106748","available","within_budget","0.0090000000000009031","0.0090000000000005492","0.009000000000001257","0.04132832138054951","9.9659514959822698e-16","2.9974209726165487e-12","8.3133500084000839e-13","3744","available","within_budget","0.0089999999985075317","0.0090000000014942745","available","7.6926920491033503e-16","2.2706165242488593e-15","3.5129591506735243e-15","0.076923076923073361","available","within_budget","0.0089999999999981085","0.0090000000000036978"
199,29,4,"fresh_regular","ULS","100","0.0099900000000000006",TRUE,"available","available","2158.4452762106748","available","within_budget","0.0099900000000007171","0.0099900000000003233","0.0099900000000011108","0.04132832138054951","9.9659514959822698e-16","2.9974209726165487e-12","8.3133500084000839e-13","3744","available","within_budget","0.009989999998434522","0.0099900000015669121","available","7.6926920491033503e-16","2.2710840520817506e-15","3.5129591506735243e-15","0.076923076923073361","available","within_budget","0.0099899999999978634","0.0099900000000035707"
200,29,4,"fresh_regular","ULS","100","0.01",FALSE,"available","available","2158.4452762106748","available","above_budget","0.010000000000001402","0.010000000000001008","0.010000000000001796","0.04132832138054951","9.9659514959822698e-16","2.9974209726165487e-12","8.3133500084000839e-13","3744","available","unresolved","0.0099999999984344713","0.010000000001568332","available","7.6926920491033503e-16","2.2705734624526438e-15","3.5129591506735243e-15","0.076923076923073361","available","unresolved","0.00999999999999855","0.010000000000004254"
201,29,4,"fresh_regular","ULS","100","0.01001",FALSE,"available","available","2158.4452762106748","available","above_budget","0.01001000000000209","0.010010000000001696","0.010010000000002484","0.04132832138054951","9.9659514959822698e-16","2.9974209726165487e-12","8.3133500084000839e-13","3744","available","above_budget","0.010009999998434426","0.010010000001569755","available","7.6926920491033503e-16","2.4517832200943016e-15","3.5129591506735243e-15","0.076923076923073361","available","above_budget","0.010009999999999056","0.010010000000005124"
202,29,4,"fresh_regular","ULS","100","0.010999999999999999",FALSE,"available","available","2158.4452762106748","available","above_budget","0.011000000000001904","0.011000000000001472","0.011000000000002336","0.04132832138054951","9.9659514959822698e-16","2.9974209726165487e-12","8.3133500084000839e-13","3744","available","above_budget","0.010999999998361416","0.011000000001642392","available","7.6926920491033503e-16","2.4520348483402915e-15","3.5129591506735243e-15","0.076923076923073361","available","above_budget","0.010999999999998813","0.011000000000004995"
203,29,4,"fresh_regular","ULS","100","0.02",FALSE,"available","available","2158.4452762106748","available","above_budget","0.020000000000002804","0.020000000000002023","0.020000000000003584","0.04132832138054951","9.9659514959822698e-16","2.9974209726165487e-12","8.3133500084000839e-13","3744","available","above_budget","0.019999999997700284","0.020000000002305323","available","7.6926920491033503e-16","2.4513878888861617e-15","3.5129591506735243e-15","0.076923076923073361","available","above_budget","0.019999999999999196","0.020000000000006412"
204,30,5,"fresh_regular","ULS","100","0",TRUE,"available","available","3156.5660723652309","available","within_budget","1.0546006126902718e-15","1.047661718786322e-15","1.0615395065942216e-15","0.032272554224135858","7.7784698922923355e-16","2.9974209726165491e-12","8.3133500084000839e-13","3744","available","within_budget","0","8.3239654034670975e-13","available","6.6926591117819283e-16","6.8777787706158009e-16","3.8400260057758993e-15","0.076923076923072667","available","within_budget","3.5988384172471809e-16","1.7493173836558257e-15"
205,30,5,"fresh_regular","ULS","100","0.0089999999999999993",TRUE,"available","available","3156.5660723652309","available","within_budget","0.0089999999999989689","0.0089999999999986167","0.008999999999999321","0.032272554224135858","7.7784698922923355e-16","2.9974209726165491e-12","8.3133500084000839e-13","3744","available","within_budget","0.0089999999983272783","0.0090000000016706595","available","6.6926591117819283e-16","1.0578879074591083e-15","3.8400260057758993e-15","0.076923076923072667","available","within_budget","0.0089999999999973729","0.0090000000000005648"
206,30,5,"fresh_regular","ULS","100","0.0099900000000000006",TRUE,"available","available","3156.5660723652309","available","within_budget","0.0099900000000003875","0.0099899999999999989","0.009990000000000776","0.032272554224135858","7.7784698922923355e-16","2.9974209726165491e-12","8.3133500084000839e-13","3744","available","within_budget","0.0099899999982362587","0.0099900000017645162","available","6.6926591117819283e-16","1.1083305126082413e-15","3.8400260057758993e-15","0.076923076923072667","available","within_budget","0.0099899999999986822","0.0099900000000020927"
207,30,5,"fresh_regular","ULS","100","0.01",TRUE,"available","available","3156.5660723652309","available","within_budget","0.0099999999999988553","0.0099999999999984667","0.0099999999999992439","0.032272554224135858","7.7784698922923355e-16","2.9974209726165491e-12","8.3133500084000839e-13","3744","available","unresolved","0.0099999999982337915","0.010000000001763919","available","6.6926591117819283e-16","1.057895581756181e-15","3.8400260057758993e-15","0.076923076923072667","available","unresolved","0.0099999999999972004","0.01000000000000051"
208,30,5,"fresh_regular","ULS","100","0.01001",FALSE,"available","available","3156.5660723652309","available","above_budget","0.01001000000000065","0.01001000000000026","0.010010000000001041","0.032272554224135858","7.7784698922923355e-16","2.9974209726165491e-12","8.3133500084000839e-13","3744","available","above_budget","0.010009999998234653","0.010010000001766647","available","6.6926591117819283e-16","1.107782495072503e-15","3.8400260057758993e-15","0.076923076923072667","available","above_budget","0.010009999999998943","0.010010000000002357"
209,30,5,"fresh_regular","ULS","100","0.010999999999999999",FALSE,"available","available","3156.5660723652309","available","above_budget","0.01099999999999874","0.010999999999998313","0.010999999999999167","0.032272554224135858","7.7784698922923355e-16","2.9974209726165491e-12","8.3133500084000839e-13","3744","available","above_budget","0.010999999998140305","0.011000000001857175","available","6.6926591117819283e-16","1.0578260589708596e-15","3.8400260057758993e-15","0.076923076923072667","available","above_budget","0.010999999999997026","0.011000000000000454"
210,30,5,"fresh_regular","ULS","100","0.02",FALSE,"available","available","3156.5660723652309","available","above_budget","0.020000000000001034","0.020000000000000264","0.020000000000001805","0.032272554224135858","7.7784698922923355e-16","2.9974209726165491e-12","8.3133500084000839e-13","3744","available","above_budget","0.019999999997302252","0.020000000002699816","available","6.6926591117819283e-16","1.1074808176335479e-15","3.8400260057758993e-15","0.076923076923072667","available","above_budget","0.019999999999998738","0.020000000000003331"
211,31,6,"fresh_weak","ULS","100","0",TRUE,"available","available","223877.08477435369","available","within_budget","1.8866063506728703e-15","1.8796674567686113e-15","1.8935452445771294e-15","0.0040875603819073552","7.025424438185617e-16","2.9974209726165487e-12","8.3133500084000839e-13","3744","available","within_budget","0","8.3322854608597162e-13","available","9.575268011567018e-16","1.0300572199204362e-15","8.9831765084155743e-13","0.076923076922178354","available","within_budget","8.496102368477326e-16","2.9236024644980083e-15"
212,31,6,"fresh_weak","ULS","100","0.0089999999999999993",TRUE,"available","available","223877.08477435369","available","within_budget","0.0089999999999990591","0.0089999999999973782","0.00900000000000074","0.0040875603819073552","7.025424438185617e-16","2.9974209726165487e-12","8.3133500084000839e-13","3744","available","within_budget","0.008999999992566142","0.0090000000074319762","available","9.575268011567018e-16","1.0290355465064607e-15","8.9831765084155743e-13","0.076923076922178354","available","within_budget","0.0089999999999942418","0.0090000000000038764"
213,31,6,"fresh_weak","ULS","100","0.0099900000000000006",TRUE,"available","available","223877.08477435369","available","within_budget","0.0099899999999998809","0.0099899999999980161","0.0099900000000017457","0.0040875603819073552","7.025424438185617e-16","2.9974209726165487e-12","8.3133500084000839e-13","3744","available","within_budget","0.0099899999918407912","0.0099900000081589706","available","9.575268011567018e-16","1.0290036813658177e-15","8.9831765084155743e-13","0.076923076922178354","available","within_budget","0.0099899999999946473","0.0099900000000051146"
214,31,6,"fresh_weak","ULS","100","0.01",TRUE,"available","available","223877.08477435369","available","unresolved","0.0099999999999997122","0.0099999999999978457","0.010000000000001579","0.0040875603819073552","7.025424438185617e-16","2.9974209726165487e-12","8.3133500084000839e-13","3744","available","unresolved","0.0099999999918332864","0.010000000008166138","available","9.575268011567018e-16","1.0293285996796844e-15","8.9831765084155743e-13","0.076923076922178354","available","unresolved","0.0099999999999944734","0.010000000000004951"
215,31,6,"fresh_weak","ULS","100","0.01001",FALSE,"available","available","223877.08477435369","available","above_budget","0.01000999999999954","0.010009999999997672","0.010010000000001408","0.0040875603819073552","7.025424438185617e-16","2.9974209726165487e-12","8.3133500084000839e-13","3744","available","above_budget","0.01000999999182578","0.0100100000081733","available","9.575268011567018e-16","1.0296538785010258e-15","8.9831765084155743e-13","0.076923076922178354","available","above_budget","0.010009999999994296","0.010010000000004784"
216,31,6,"fresh_weak","ULS","100","0.010999999999999999",FALSE,"available","available","223877.08477435369","available","above_budget","0.010999999999999389","0.010999999999997335","0.011000000000001443","0.0040875603819073552","7.025424438185617e-16","2.9974209726165487e-12","8.3133500084000839e-13","3744","available","above_budget","0.010999999991099452","0.011000000008899325","available","9.575268011567018e-16","1.0285703147473243e-15","8.9831765084155743e-13","0.076923076922178354","available","above_budget","0.010999999999993728","0.011000000000005049"
217,31,6,"fresh_weak","ULS","100","0.02",FALSE,"available","available","223877.08477435369","available","above_budget","0.019999999999999428","0.019999999999995702","0.020000000000003154","0.0040875603819073552","7.025424438185617e-16","2.9974209726165487e-12","8.3133500084000839e-13","3744","available","above_budget","0.019999999984497918","0.020000000015500938","available","9.575268011567018e-16","1.028602364568965e-15","8.9831765084155743e-13","0.076923076922178354","available","above_budget","0.019999999999989988","0.020000000000008868"
218,32,7,"fresh_weak","ULS","100","0",TRUE,"available","available","215480.8744234636","available","within_budget","1.7924765855914083e-15","1.7855376916871102e-15","1.7994154794957065e-15","0.0044239929338004613","8.9448107810774149e-16","2.9974209726165487e-12","8.3133500084000839e-13","3744","available","within_budget","0","8.331344163207289e-13","available","4.8561943761976614e-16","9.9286254757952256e-16","7.9945739678845857e-13","0.076923076922277053","available","within_budget","7.9267514410738957e-16","2.7922780270754276e-15"
219,32,7,"fresh_weak","ULS","100","0.0089999999999999993",TRUE,"available","available","215480.8744234636","available","within_budget","0.0089999999999996177","0.0089999999999976644","0.009000000000001571","0.0044239929338004613","8.9448107810774149e-16","2.9974209726165487e-12","8.3133500084000839e-13","3744","available","within_budget","0.0089999999930683687","0.0090000000069308667","available","4.8561943761976614e-16","9.9244145297843817e-16","7.9945739678845857e-13","0.076923076922277053","available","within_budget","0.0089999999999956833","0.009000000000003552"
220,32,7,"fresh_weak","ULS","100","0.0099900000000000006",TRUE,"available","available","215480.8744234636","available","within_budget","0.0099899999999999711","0.0099899999999978027","0.0099900000000021395","0.0044239929338004613","8.9448107810774149e-16","2.9974209726165487e-12","8.3133500084000839e-13","3744","available","within_budget","0.0099899999923977328","0.0099900000076022094","available","4.8561943761976614e-16","9.9218128780546632e-16","7.9945739678845857e-13","0.076923076922277053","available","within_budget","0.0099899999999957141","0.0099900000000042281"
221,32,7,"fresh_weak","ULS","100","0.01",FALSE,"available","available","215480.8744234636","available","unresolved","0.010000000000000248","0.0099999999999980799","0.010000000000002417","0.0044239929338004613","8.9448107810774149e-16","2.9974209726165487e-12","8.3133500084000839e-13","3744","available","unresolved","0.0099999999923912324","0.010000000007609264","available","4.8561943761976614e-16","9.9223811155075802e-16","7.9945739678845857e-13","0.076923076922277053","available","unresolved","0.0099999999999959895","0.010000000000004507"
222,32,7,"fresh_weak","ULS","100","0.01001",FALSE,"available","available","215480.8744234636","available","above_budget","0.010009999999999306","0.010009999999997134","0.010010000000001478","0.0044239929338004613","8.9448107810774149e-16","2.9974209726165487e-12","8.3133500084000839e-13","3744","available","above_budget","0.010009999992383512","0.010010000007615099","available","4.8561943761976614e-16","9.9151511322016579e-16","7.9945739678845857e-13","0.076923076922277053","available","above_budget","0.010009999999995044","0.010010000000003568"
223,32,7,"fresh_weak","ULS","100","0.010999999999999999",FALSE,"available","available","215480.8744234636","available","above_budget","0.010999999999999665","0.010999999999997279","0.01100000000000205","0.0044239929338004613","8.9448107810774149e-16","2.9974209726165487e-12","8.3133500084000839e-13","3744","available","above_budget","0.010999999991712882","0.011000000008286447","available","4.8561943761976614e-16","9.919185415304663e-16","7.9945739678845857e-13","0.076923076922277053","available","above_budget","0.01099999999999508","0.011000000000004249"
224,32,7,"fresh_weak","ULS","100","0.02",FALSE,"available","available","215480.8744234636","available","above_budget","0.019999999999999282","0.019999999999994952","0.020000000000003612","0.0044239929338004613","8.9448107810774149e-16","2.9974209726165487e-12","8.3133500084000839e-13","3744","available","above_budget","0.019999999985612592","0.020000000014385972","available","4.8561943761976614e-16","9.9216226706222551e-16","7.9945739678845857e-13","0.076923076922277053","available","above_budget","0.019999999999991764","0.020000000000006801"
225,33,8,"fresh_weak","ULS","100","0",TRUE,"available","available","101922.6593140109","available","within_budget","1.2698002147620285e-15","1.2628613208579643e-15","1.2767391086660927e-15","0.0049215712890640154","5.3961280250728029e-16","2.9974209726165487e-12","8.3133500084000839e-13","3744","available","within_budget","0","8.3261173994944791e-13","available","6.4965850113351025e-16","9.784708846445757e-16","3.7569535597394175e-13","0.076923076922700756","available","within_budget","2.8439043621322118e-16","2.255209993310836e-15"
226,33,8,"fresh_weak","ULS","100","0.0089999999999999993",TRUE,"available","available","101922.6593140109","available","within_budget","0.0089999999999990279","0.0089999999999979072","0.0090000000000001485","0.0049215712890640154","5.3961280250728029e-16","2.9974209726165487e-12","8.3133500084000839e-13","3744","available","within_budget","0.0089999999936852225","0.0090000000063128333","available","6.4965850113351025e-16","9.7770898991010718e-16","3.7569535597394175e-13","0.076923076922700756","available","within_budget","0.0089999999999957423","0.0090000000000023134"
227,33,8,"fresh_weak","ULS","100","0.0099900000000000006",TRUE,"available","available","101922.6593140109","available","within_budget","0.0099899999999999867","0.0099899999999987429","0.0099900000000012305","0.0049215712890640154","5.3961280250728029e-16","2.9974209726165487e-12","8.3133500084000839e-13","3744","available","within_budget","0.0099899999930831099","0.0099900000069168635","available","6.4965850113351025e-16","9.7761721401502e-16","3.7569535597394175e-13","0.076923076922700756","available","within_budget","0.0099899999999964479","0.0099900000000035256"
228,33,8,"fresh_weak","ULS","100","0.01",TRUE,"available","available","101922.6593140109","available","unresolved","0.009999999999999367","0.0099999999999981232","0.010000000000000611","0.0049215712890640154","5.3961280250728029e-16","2.9974209726165487e-12","8.3133500084000839e-13","3744","available","unresolved","0.0099999999930763996","0.010000000006922334","available","6.4965850113351025e-16","9.7758048071474596e-16","3.7569535597394175e-13","0.076923076922700756","available","unresolved","0.0099999999999958265","0.010000000000002908"
229,33,8,"fresh_weak","ULS","100","0.01001",FALSE,"available","available","101922.6593140109","available","above_budget","0.010010000000000071","0.010009999999998824","0.010010000000001318","0.0049215712890640154","5.3961280250728029e-16","2.9974209726165487e-12","8.3133500084000839e-13","3744","available","above_budget","0.010009999993071009","0.010010000006929132","available","6.4965850113351025e-16","9.7758518303974224e-16","3.7569535597394175e-13","0.076923076922700756","available","above_budget","0.010009999999996525","0.010010000000003617"
230,33,8,"fresh_weak","ULS","100","0.010999999999999999",FALSE,"available","available","101922.6593140109","available","above_budget","0.010999999999999701","0.010999999999998336","0.011000000000001066","0.0049215712890640154","5.3961280250728029e-16","2.9974209726165487e-12","8.3133500084000839e-13","3744","available","above_budget","0.010999999992467572","0.01100000000753183","available","6.4965850113351025e-16","9.774513404797987e-16","3.7569535597394175e-13","0.076923076922700756","available","above_budget","0.010999999999995905","0.011000000000003497"
231,33,8,"fresh_weak","ULS","100","0.02",FALSE,"available","available","101922.6593140109","available","above_budget","0.019999999999998734","0.019999999999996253","0.020000000000001215","0.0049215712890640154","5.3961280250728029e-16","2.9974209726165487e-12","8.3133500084000839e-13","3744","available","above_budget","0.019999999986984141","0.020000000013013327","available","6.4965850113351025e-16","9.7669734698533705e-16","3.7569535597394175e-13","0.076923076922700756","available","above_budget","0.019999999999992638","0.02000000000000483"
232,34,9,"fresh_weak","ULS","100","0",TRUE,"available","available","69073.523408359804","available","within_budget","7.5535421291844276e-16","7.4841531901435153e-16","7.6229310682253399e-16","0.0062306512099465456","1.4258156198044786e-15","2.9974209726165487e-12","8.3133500084000839e-13","3744","available","within_budget","0","8.3209729394719545e-13","available","7.0064893204732898e-16","1.3947299691731895e-15","3.0125239752086849e-13","0.076923076922775252","available","within_budget","0","2.157023075995809e-15"
233,34,9,"fresh_weak","ULS","100","0.0089999999999999993",TRUE,"available","available","69073.523408359804","available","within_budget","0.0089999999999991181","0.0089999999999969237","0.0090000000000013125","0.0062306512099465456","1.4258156198044786e-15","2.9974209726165487e-12","8.3133500084000839e-13","3744","available","within_budget","0.008999999994835849","0.0090000000051623872","available","7.0064893204732898e-16","1.3952373418062065e-15","3.0125239752086849e-13","0.076923076922775252","available","within_budget","0.0089999999999945159","0.0090000000000037203"
234,34,9,"fresh_weak","ULS","100","0.0099900000000000006",TRUE,"available","available","69073.523408359804","available","within_budget","0.0099899999999983388","0.0099899999999959032","0.0099900000000007743","0.0062306512099465456","1.4258156198044786e-15","2.9974209726165487e-12","8.3133500084000839e-13","3744","available","within_budget","0.0099899999943585567","0.0099900000056381208","available","7.0064893204732898e-16","1.3947971720923421e-15","3.0125239752086849e-13","0.076923076922775252","available","within_budget","0.0099899999999933844","0.0099900000000032931"
235,34,9,"fresh_weak","ULS","100","0.01",TRUE,"available","available","69073.523408359804","available","unresolved","0.0099999999999993601","0.0099999999999969228","0.010000000000001797","0.0062306512099465456","1.4258156198044786e-15","2.9974209726165487e-12","8.3133500084000839e-13","3744","available","unresolved","0.0099999999943547659","0.010000000005643954","available","7.0064893204732898e-16","1.3952126701881703e-15","3.0125239752086849e-13","0.076923076922775252","available","unresolved","0.009999999999994404","0.010000000000004316"
236,34,9,"fresh_weak","ULS","100","0.01001",FALSE,"available","available","69073.523408359804","available","above_budget","0.010009999999998839","0.0100099999999964","0.010010000000001278","0.0062306512099465456","1.4258156198044786e-15","2.9974209726165487e-12","8.3133500084000839e-13","3744","available","above_budget","0.010009999994349433","0.010010000005648246","available","7.0064893204732898e-16","1.3953427578370517e-15","3.0125239752086849e-13","0.076923076922775252","available","above_budget","0.01000999999999388","0.010010000000003799"
237,34,9,"fresh_weak","ULS","100","0.010999999999999999",FALSE,"available","available","69073.523408359804","available","above_budget","0.010999999999999606","0.010999999999996925","0.011000000000002286","0.0062306512099465456","1.4258156198044786e-15","2.9974209726165487e-12","8.3133500084000839e-13","3744","available","above_budget","0.010999999993873686","0.011000000006125525","available","7.0064893204732898e-16","1.3951885371770648e-15","3.0125239752086849e-13","0.076923076922775252","available","above_budget","0.010999999999994294","0.011000000000004917"
238,34,9,"fresh_weak","ULS","100","0.02",FALSE,"available","available","69073.523408359804","available","above_budget","0.019999999999998724","0.019999999999993856","0.020000000000003591","0.0062306512099465456","1.4258156198044786e-15","2.9974209726165487e-12","8.3133500084000839e-13","3744","available","above_budget","0.019999999989540877","0.02000000001045657","available","7.0064893204732898e-16","1.3956969550682851e-15","3.0125239752086849e-13","0.076923076922775252","available","above_budget","0.019999999999990213","0.020000000000007234"
239,35,10,"fresh_weak","ULS","100","0",TRUE,"available","available","176859.24445391272","available","within_budget","1.6945242267965499e-15","1.6875853328923894e-15","1.7014631207007103e-15","0.0043497373027936298","5.877707556103865e-16","2.9974209726165487e-12","8.3133500084000839e-13","3744","available","within_budget","0","8.3303646396187849e-13","available","6.0502476922838867e-16","9.4118040244666015e-16","3.5411976924148632e-13","0.076923076922722461","available","within_budget","7.4640493044549338e-16","2.6426435231476067e-15"
240,35,10,"fresh_weak","ULS","100","0.0089999999999999993",TRUE,"available","available","176859.24445391272","available","within_budget","0.0089999999999995865","0.0089999999999982351","0.0090000000000009378","0.0043497373027936298","5.877707556103865e-16","2.9974209726165487e-12","8.3133500084000839e-13","3744","available","within_budget","0.0089999999929648959","0.009000000007034277","available","6.0502476922838867e-16","9.4098483361275327e-16","3.5411976924148632e-13","0.076923076922722461","available","within_budget","0.0089999999999960424","0.0090000000000031305"
241,35,10,"fresh_weak","ULS","100","0.0099900000000000006",TRUE,"available","available","176859.24445391272","available","within_budget","0.0099900000000005557","0.0099899999999990587","0.0099900000000020528","0.0043497373027936298","5.877707556103865e-16","2.9974209726165487e-12","8.3133500084000839e-13","3744","available","within_budget","0.0099899999922834996","0.0099900000077176119","available","6.0502476922838867e-16","9.4034614713999138e-16","3.5411976924148632e-13","0.076923076922722461","available","within_budget","0.0099899999999967289","0.0099900000000043825"
242,35,10,"fresh_weak","ULS","100","0.01",TRUE,"available","available","176859.24445391272","available","unresolved","0.0099999999999999534","0.0099999999999984546","0.010000000000001452","0.0043497373027936298","5.877707556103865e-16","2.9974209726165487e-12","8.3133500084000839e-13","3744","available","unresolved","0.0099999999922760034","0.010000000007723903","available","6.0502476922838867e-16","9.4100083382032829e-16","3.5411976924148632e-13","0.076923076922722461","available","unresolved","0.0099999999999961231","0.010000000000003784"
243,35,10,"fresh_weak","ULS","100","0.01001",FALSE,"available","available","176859.24445391272","available","above_budget","0.010010000000000586","0.010009999999999087","0.010010000000002085","0.0043497373027936298","5.877707556103865e-16","2.9974209726165487e-12","8.3133500084000839e-13","3744","available","above_budget","0.010009999992269746","0.010010000007731426","available","6.0502476922838867e-16","9.406714991960883e-16","3.5411976924148632e-13","0.076923076922722461","available","above_budget","0.010009999999996754","0.010010000000004418"
244,35,10,"fresh_weak","ULS","100","0.010999999999999999",FALSE,"available","available","176859.24445391272","available","above_budget","0.01100000000000032","0.010999999999998672","0.011000000000001968","0.0043497373027936298","5.877707556103865e-16","2.9974209726165487e-12","8.3133500084000839e-13","3744","available","above_budget","0.010999999991587111","0.01100000000841353","available","6.0502476922838867e-16","9.4019482307147324e-16","3.5411976924148632e-13","0.076923076922722461","available","above_budget","0.010999999999996202","0.011000000000004439"
245,35,10,"fresh_weak","ULS","100","0.02",FALSE,"available","available","176859.24445391272","available","above_budget","0.019999999999999907","0.019999999999996916","0.020000000000002897","0.0043497373027936298","5.877707556103865e-16","2.9974209726165487e-12","8.3133500084000839e-13","3744","available","above_budget","0.019999999985383352","0.020000000014616461","available","6.0502476922838867e-16","9.4082189711220015e-16","3.5411976924148632e-13","0.076923076922722461","available","above_budget","0.019999999999993193","0.02000000000000662"
246,36,11,"fresh_mixed_units","ULS","100","0",FALSE,"ill_conditioned","available","9.3892970899365133e+17","available","within_budget","1.9508227237318445e-15","1.9438828407403781e-15","1.9577626067233108e-15","2.0036396054797359e-09","8.9924961396898664e-16","2.9974209726165491e-12","8.3133500084000839e-13","3744","available","within_budget","0","8.3329606526061679e-13","available","7.7314315208614286e-16","9.8883289335843273e-16","3.5308216016243224e-08","0.076923041614860563","available","within_budget","9.550490969986057e-16","2.9465963504650833e-15"
247,36,11,"fresh_mixed_units","ULS","100","0.0089999999999999993",FALSE,"ill_conditioned","available","9.3892970899365133e+17","available","within_budget","0.0089999999999999004","0.0089999952744895112","0.0090000047255102897","2.0036396054797359e-09","8.9924961396898664e-16","2.9974209726165491e-12","8.3133500084000839e-13","3744","available","within_budget","0.0089842203752067296","0.0090157796247930713","available","7.7314315208614286e-16","9.8912653215565472e-16","3.5308216016243224e-08","0.076923041614860563","available","within_budget","0.0089999912116578186","0.0090000087883419823"
248,36,11,"fresh_mixed_units","ULS","100","0.0099900000000000006",FALSE,"ill_conditioned","available","9.3892970899365133e+17","available","within_budget","0.0099899999999995947","0.0099899947546830629","0.0099900052453161265","2.0036396054797359e-09","8.9924961396898664e-16","2.9974209726165491e-12","8.3133500084000839e-13","3744","available","unresolved","0.0099724846165706212","0.010007515383428568","available","7.7314315208614286e-16","1.2256105302583014e-15","3.5308216016243224e-08","0.076923041614860563","available","within_budget","0.0099899902449397549","0.0099900097550594345"
249,36,11,"fresh_mixed_units","ULS","100","0.01",FALSE,"ill_conditioned","available","9.3892970899365133e+17","available","unresolved","0.0099999999999998441","0.0099999947494327467","0.010000005250566942","2.0036396054797359e-09","8.9924961396898664e-16","2.9974209726165491e-12","8.3133500084000839e-13","3744","available","unresolved","0.0099824670836553588","0.010017532916344329","available","7.7314315208614286e-16","9.8886326243388898e-16","3.5308216016243224e-08","0.076923041614860563","available","unresolved","0.0099999902351754193","0.010000009764824269"
250,36,11,"fresh_mixed_units","ULS","100","0.01001",FALSE,"ill_conditioned","available","9.3892970899365133e+17","available","above_budget","0.010010000000000092","0.010009994744182427","0.010010005255817757","2.0036396054797359e-09","8.9924961396898664e-16","2.9974209726165491e-12","8.3133500084000839e-13","3744","available","unresolved","0.0099924495507400929","0.010027550449260091","available","7.7314315208614286e-16","9.8931415784291541e-16","3.5308216016243224e-08","0.076923041614860563","available","above_budget","0.010009990225410844","0.010010009774589339"
251,36,11,"fresh_mixed_units","ULS","100","0.010999999999999999",FALSE,"ill_conditioned","available","9.3892970899365133e+17","available","above_budget","0.011000000000000787","0.01099999422437698","0.011000005775624594","2.0036396054797359e-09","8.9924961396898664e-16","2.9974209726165491e-12","8.3133500084000839e-13","3744","available","above_budget","0.010980713792104985","0.011019286207896588","available","7.7314315208614286e-16","1.0766419003218733e-15","3.5308216016243224e-08","0.076923041614860563","available","above_budget","0.010999989258693931","0.011000010741307643"
252,36,11,"fresh_mixed_units","ULS","100","0.02",FALSE,"ill_conditioned","available","9.3892970899365133e+17","available","above_budget","0.020000000000001267","0.019999989498867079","0.020000010501135455","2.0036396054797359e-09","8.9924961396898664e-16","2.9974209726165491e-12","8.3133500084000839e-13","3744","available","above_budget","0.019964934168143635","0.020035065831858899","available","7.7314315208614286e-16","1.0766144471781037e-15","3.5308216016243224e-08","0.076923041614860563","available","above_budget","0.019999980470353326","0.020000019529649207"
253,37,12,"fresh_mixed_units","ULS","100","0",FALSE,"ill_conditioned","available","1.2903482926876175e+18","available","within_budget","9.7020171724356778e-15","9.6950702033797877e-15","9.7089641414915679e-15","1.5699859581446058e-09","1.0762675802214947e-15","2.9974209726165491e-12","8.3133500084000839e-13","3744","available","within_budget","0","8.4106649743206612e-13","available","3.0038089034257955e-13","1.1676847736965473e-14","2.5536490399356518e-07","0.076922821558172885","available","within_budget","0","2.1388066045714116e-14"
254,37,12,"fresh_mixed_units","ULS","100","0.0089999999999999993",FALSE,"ill_conditioned","available","1.2903482926876175e+18","available","within_budget","0.0090000000000010263","0.0089999936934606478","0.0090000063065414047","1.5699859581446058e-09","1.0762675802214947e-15","2.9974209726165491e-12","8.3133500084000839e-13","3744","available","within_budget","0.0089823962766272854","0.0090176037233747671","available","3.0038089034257955e-13","1.1666460238723395e-14","2.5536490399356518e-07","0.076922821558172885","available","within_budget","0.0089982332316277287","0.0090017667683743238"
255,37,12,"fresh_mixed_units","ULS","100","0.0099900000000000006",FALSE,"ill_conditioned","available","1.2903482926876175e+18","available","within_budget","0.0099900000000009669","0.0099899929997411454","0.0099900070002607883","1.5699859581446058e-09","1.0762675802214947e-15","2.9974209726165491e-12","8.3133500084000839e-13","3744","available","unresolved","0.0099704598671475613","0.010009540132854372","available","3.0038089034257955e-13","1.1676653460213641e-14","2.5536490399356518e-07","0.076922821558172885","available","within_budget","0.0099880388871078779","0.0099919611128940558"
256,37,12,"fresh_mixed_units","ULS","100","0.01",FALSE,"ill_conditioned","available","1.2903482926876175e+18","available","unresolved","0.010000000000001423","0.0099999929927343367","0.010000007007268509","1.5699859581446058e-09","1.0762675802214947e-15","2.9974209726165491e-12","8.3133500084000839e-13","3744","available","unresolved","0.0099804403074563054","0.01001955969254654","available","3.0038089034257955e-13","1.1666502654942052e-14","2.5536490399356518e-07","0.076922821558172885","available","unresolved","0.0099980369240323889","0.010001963075970456"
257,37,12,"fresh_mixed_units","ULS","100","0.01001",FALSE,"ill_conditioned","available","1.2903482926876175e+18","available","above_budget","0.010010000000000378","0.010009992985726024","0.010010007014274732","1.5699859581446058e-09","1.0762675802214947e-15","2.9974209726165491e-12","8.3133500084000839e-13","3744","available","unresolved","0.0099904207477635471","0.010029579252237209","available","3.0038089034257955e-13","1.1737183118179132e-14","2.5536490399356518e-07","0.076922821558172885","available","above_budget","0.010008034960955314","0.010011965039045442"
258,37,12,"fresh_mixed_units","ULS","100","0.010999999999999999",FALSE,"ill_conditioned","available","1.2903482926876175e+18","available","above_budget","0.011000000000001819","0.010999992292008026","0.011000007707995613","1.5699859581446058e-09","1.0762675802214947e-15","2.9974209726165491e-12","8.3133500084000839e-13","3744","available","above_budget","0.010978484338285324","0.011021515661718315","available","3.0038089034257955e-13","1.1666515027040955e-14","2.5536490399356518e-07","0.076922821558172885","available","above_budget","0.010997840616437049","0.011002159383566589"
259,37,12,"fresh_mixed_units","ULS","100","0.02",FALSE,"ill_conditioned","available","1.2903482926876175e+18","available","above_budget","0.020000000000002405","0.01999998598546824","0.02000001401453657","1.5699859581446058e-09","1.0762675802214947e-15","2.9974209726165491e-12","8.3133500084000839e-13","3744","available","above_budget","0.019960880615743512","0.020039119384261297","available","3.0038089034257955e-13","1.1676965495833618e-14","2.5536490399356518e-07","0.076922821558172885","available","above_budget","0.019996073848075998","0.020003926151928812"
260,38,13,"fresh_mixed_units","ULS","100","0",FALSE,"ill_conditioned","available","2.6294221643228774e+18","available","within_budget","1.6948647899919102e-15","1.6879244429910243e-15","1.7018051369927962e-15","1.2166632802553477e-09","9.9746105874195682e-16","2.9974209726165487e-12","8.3133500084000839e-13","3744","available","within_budget","0","8.3304118339486956e-13","available","7.9297509969838926e-15","1.8770585428332109e-15","1.9150021463352529e-08","0.076923057773055248","available","within_budget","0","3.5788752319377141e-15"
261,38,13,"fresh_mixed_units","ULS","100","0.0089999999999999993",FALSE,"ill_conditioned","available","2.6294221643228774e+18","available","within_budget","0.0090000000000002144","0.0089999914134141611","0.0090000085865862677","1.2166632802553477e-09","9.9746105874195682e-16","2.9974209726165487e-12","8.3133500084000839e-13","3744","available","within_budget","0.0089741245394178524","0.0090258754605825765","available","7.9297509969838926e-15","1.9147492974431333e-15","1.9150021463352529e-08","0.076923057773055248","available","within_budget","0.008999923150107874","0.0090000768498925549"
262,38,13,"fresh_mixed_units","ULS","100","0.0099900000000000006",FALSE,"ill_conditioned","available","2.6294221643228774e+18","available","within_budget","0.0099899999999992425","0.0099899904688887237","0.0099900095311097614","1.2166632802553477e-09","9.9746105874195682e-16","2.9974209726165487e-12","8.3133500084000839e-13","3744","available","unresolved","0.009961278238844273","0.010018721761154212","available","7.9297509969838926e-15","2.1057680792220832e-15","1.9150021463352529e-08","0.076923057773055248","available","within_budget","0.0099899146966187669","0.0099900853033797182"
263,38,13,"fresh_mixed_units","ULS","100","0.01",FALSE,"ill_conditioned","available","2.6294221643228774e+18","available","unresolved","0.010000000000000561","0.0099999904593493904","0.010000009540651731","1.2166632802553477e-09","9.9746105874195682e-16","2.9974209726165487e-12","8.3133500084000839e-13","3744","available","unresolved","0.0099712494883347508","0.01002875051166637","available","7.9297509969838926e-15","1.9142814603494505e-15","1.9150021463352529e-08","0.076923057773055248","available","unresolved","0.0099999146112315085","0.010000085388769613"
264,38,13,"fresh_mixed_units","ULS","100","0.01001",FALSE,"ill_conditioned","available","2.6294221643228774e+18","available","above_budget","0.010009999999999398","0.010009990449807576","0.010010009550191219","1.2166632802553477e-09","9.9746105874195682e-16","2.9974209726165487e-12","8.3133500084000839e-13","3744","available","unresolved","0.0099812207378227585","0.010038779262176037","available","7.9297509969838926e-15","2.1061773087691071e-15","1.9150021463352529e-08","0.076923057773055248","available","above_budget","0.010009914525841386","0.01001008547415741"
265,38,13,"fresh_mixed_units","ULS","100","0.010999999999999999",FALSE,"ill_conditioned","available","2.6294221643228774e+18","available","above_budget","0.010999999999999665","0.010999989505283378","0.011000010494715952","1.2166632802553477e-09","9.9746105874195682e-16","2.9974209726165487e-12","8.3133500084000839e-13","3744","available","above_budget","0.010968374437250411","0.011031625562748918","available","7.9297509969838926e-15","1.8764710073043969e-15","1.9150021463352529e-08","0.076923057773055248","available","above_budget","0.010999906072353937","0.011000093927645392"
266,38,13,"fresh_mixed_units","ULS","100","0.02",FALSE,"ill_conditioned","available","2.6294221643228774e+18","available","above_budget","0.01999999999999906","0.019999980918696727","0.020000019081301394","1.2166632802553477e-09","9.9746105874195682e-16","2.9974209726165487e-12","8.3133500084000839e-13","3744","available","above_budget","0.01994249897749879","0.020057501022499331","available","7.9297509969838926e-15","2.1057949651265741e-15","1.9150021463352529e-08","0.076923057773055248","available","above_budget","0.019999829222462684","0.020000170777535436"
267,39,14,"fresh_mixed_units","ULS","100","0",FALSE,"ill_conditioned","available","1.8205200413845856e+17","available","within_budget","2.2271877189037624e-15","2.220248123983141e-15","2.2341273138243838e-15","4.3942168392086249e-09","8.3144635662205411e-16","2.9974209726165487e-12","8.3133500084000839e-13","3744","available","within_budget","0","8.3357165709244801e-13","available","7.2637251328918616e-16","1.3573457908723875e-15","1.3855724238815922e-07","0.076922938365834193","available","within_budget","8.6290172068467789e-16","3.5914737171228477e-15"
268,39,14,"fresh_mixed_units","ULS","100","0.0089999999999999993",FALSE,"ill_conditioned","available","1.8205200413845856e+17","available","within_budget","0.0090000000000011581","0.0089999974889120506","0.0090000025110902656","4.3942168392086249e-09","8.3144635662205411e-16","2.9974209726165487e-12","8.3133500084000839e-13","3744","available","within_budget","0.0089909386596242844","0.0090090613403780318","available","7.2637251328918616e-16","1.3922537769339984e-15","1.3855724238815922e-07","0.076922938365834193","available","within_budget","0.0089999952951592029","0.0090000047048431134"
269,39,14,"fresh_mixed_units","ULS","100","0.0099900000000000006",FALSE,"ill_conditioned","available","1.8205200413845856e+17","available","within_budget","0.0099900000000006008","0.0099899972126916911","0.0099900027873095106","4.3942168392086249e-09","8.3144635662205411e-16","2.9974209726165487e-12","8.3133500084000839e-13","3744","available","unresolved","0.0099799419122737175","0.010000058087727484","available","7.2637251328918616e-16","1.3594156332339245e-15","1.3855724238815922e-07","0.076922938365834193","available","within_budget","0.0099899947776262172","0.0099900052223749845"
270,39,14,"fresh_mixed_units","ULS","100","0.01",FALSE,"ill_conditioned","available","1.8205200413845856e+17","available","unresolved","0.010000000000000831","0.0099999972099018217","0.010000002790099841","4.3942168392086249e-09","8.3144635662205411e-16","2.9974209726165487e-12","8.3133500084000839e-13","3744","available","unresolved","0.0099899318441188968","0.010010068155882765","available","7.2637251328918616e-16","1.3593504101059202e-15","1.3855724238815922e-07","0.076922938365834193","available","unresolved","0.0099999947723988462","0.010000005227602816"
271,39,14,"fresh_mixed_units","ULS","100","0.01001",FALSE,"ill_conditioned","available","1.8205200413845856e+17","available","above_budget","0.010009999999999915","0.010009997207110807","0.010010002792889022","4.3942168392086249e-09","8.3144635662205411e-16","2.9974209726165487e-12","8.3133500084000839e-13","3744","available","unresolved","0.0099999217759629312","0.010020078224036898","available","7.2637251328918616e-16","1.7818523343482012e-15","1.3855724238815922e-07","0.076922938365834193","available","above_budget","0.010009994767169907","0.010010005232829923"
272,39,14,"fresh_mixed_units","ULS","100","0.010999999999999999",FALSE,"ill_conditioned","available","1.8205200413845856e+17","available","above_budget","0.011000000000000502","0.010999996930891594","0.01100000306910941","4.3942168392086249e-09","8.3144635662205411e-16","2.9974209726165487e-12","8.3133500084000839e-13","3744","available","above_budget","0.010988925028613511","0.011011074971387494","available","7.2637251328918616e-16","1.359648895631459e-15","1.3855724238815922e-07","0.076922938365834193","available","above_budget","0.010999994249638457","0.011000005750362548"
273,39,14,"fresh_mixed_units","ULS","100","0.02",FALSE,"ill_conditioned","available","1.8205200413845856e+17","available","above_budget","0.01999999999999983","0.019999994419801818","0.020000005580197842","4.3942168392086249e-09","8.3144635662205411e-16","2.9974209726165487e-12","8.3133500084000839e-13","3744","available","above_budget","0.019979863689067307","0.020020136310932354","available","7.2637251328918616e-16","1.785655474505142e-15","1.3855724238815922e-07","0.076922938365834193","available","above_budget","0.019999989544796801","0.02000001045520286"
274,40,15,"fresh_mixed_units","ULS","100","0",FALSE,"ill_conditioned","available","3.043509555871766e+18","available","within_budget","2.7782265393579729e-15","2.7712849133687392e-15","2.7851681653472067e-15","1.167258744619912e-09","9.9668823592110353e-16","2.9974209726165491e-12","8.3133500084000839e-13","3744","available","within_budget","0","8.341284065863616e-13","available","2.1212781709307844e-15","1.6365223390313364e-15","4.6082993117619059e-08","0.076923030840083423","available","within_budget","1.1347567595518441e-15","4.4216963191641024e-15"
275,40,15,"fresh_mixed_units","ULS","100","0.0089999999999999993",FALSE,"ill_conditioned","available","3.043509555871766e+18","available","within_budget","0.0089999999999990313","0.0089999919328577066","0.0090000080671403561","1.167258744619912e-09","9.9668823592110353e-16","2.9974209726165491e-12","8.3133500084000839e-13","3744","available","within_budget","0.0089756684859944591","0.0090243315140036036","available","2.1212781709307844e-15","1.635896490597176e-15","4.6082993117619059e-08","0.076923030840083423","available","within_budget","0.0089999747632983299","0.0090000252366997328"
276,40,15,"fresh_mixed_units","ULS","100","0.0099900000000000006",FALSE,"ill_conditioned","available","3.043509555871766e+18","available","within_budget","0.0099900000000002261","0.0099899910454733579","0.0099900089545270944","1.167258744619912e-09","9.9668823592110353e-16","2.9974209726165491e-12","8.3133500084000839e-13","3744","available","unresolved","0.0099629920195465956","0.010017007980453857","available","2.1212781709307844e-15","1.4308768053303007e-15","4.6082993117619059e-08","0.076923030840083423","available","within_budget","0.0099899719872628343","0.009990028012737618"
277,40,15,"fresh_mixed_units","ULS","100","0.01",FALSE,"ill_conditioned","available","3.043509555871766e+18","available","unresolved","0.0099999999999988692","0.0099999910365085095","0.010000008963489229","1.167258744619912e-09","9.9668823592110353e-16","2.9974209726165491e-12","8.3133500084000839e-13","3744","available","unresolved","0.0099729649845306054","0.010027035015467133","available","2.1212781709307844e-15","2.0900872838937012e-15","4.6082993117619059e-08","0.076923030840083423","available","unresolved","0.0099999719592200401","0.010000028040777698"
278,40,15,"fresh_mixed_units","ULS","100","0.01001",FALSE,"ill_conditioned","available","3.043509555871766e+18","available","above_budget","0.010010000000000279","0.01000999102754643","0.010010008972454128","1.167258744619912e-09","9.9668823592110353e-16","2.9974209726165491e-12","8.3133500084000839e-13","3744","available","unresolved","0.0099829379495173752","0.010037062050483183","available","2.1212781709307844e-15","1.4311403506574209e-15","4.6082993117619059e-08","0.076923030840083423","available","above_budget","0.010009971931181333","0.010010028068819225"
279,40,15,"fresh_mixed_units","ULS","100","0.010999999999999999",FALSE,"ill_conditioned","available","3.043509555871766e+18","available","above_budget","0.010999999999998707","0.010999990140159312","0.011000009859838102","1.167258744619912e-09","9.9668823592110353e-16","2.9974209726165491e-12","8.3133500084000839e-13","3744","available","above_budget","0.010970261483066752","0.011029738516930662","available","2.1212781709307844e-15","2.0908468285973326e-15","4.6082993117619059e-08","0.076923030840083423","available","above_budget","0.010999969155142205","0.011000030844855209"
280,40,15,"fresh_mixed_units","ULS","100","0.02",FALSE,"ill_conditioned","available","3.043509555871766e+18","available","above_budget","0.020000000000000018","0.019999982073019305","0.02000001792698073","1.167258744619912e-09","9.9668823592110353e-16","2.9974209726165491e-12","8.3133500084000839e-13","3744","available","above_budget","0.019945929969894825","0.02005407003010521","available","2.1212781709307844e-15","1.4298267519949371e-15","4.6082993117619059e-08","0.076923030840083423","available","above_budget","0.019999943918445118","0.020000056081554918"
281,41,1,"retained_NTML","ML","20","0",TRUE,"available","available","591242860.88163114","available","within_budget","1.512930373389375e-14","1.5122364335798214e-14","1.5136243131989335e-14","7.0543079078390827e-09","4.700922898733821e-16","1.6490030859852074e-12","3.0020430585873245e-13","1352","available","within_budget","0","3.574722354262387e-09","available","5.1039466379977269e-15","2.9893392829860211e-15","5.1039466379977269e-15","7.0543028038924444e-09","available","within_budget","0","3.5606789394131575e-11"
282,41,1,"retained_NTML","ML","20","9.9999999999999995e-08",TRUE,"available","available","560786311.27631879","available","within_budget","7.1903271827064906e-07","7.1903269261309486e-07","7.1903274392820602e-07","7.4373954224344155e-09","5.3060154735595252e-16","1.6490029745117207e-12","3.0020430585873245e-13","1352","available","within_budget","7.1547158903690473e-07","7.225938740315346e-07","available","1.0521611011414332e-14","4.7991644383137432e-15","1.0521611011414332e-14","7.4373849008234047e-09","available","within_budget","7.1897653524809471e-07","7.1908890129439435e-07"
283,41,1,"retained_NTML","ML","20","1.0000000000000001e-05",TRUE,"available","available","92008594.001699284","available","within_budget","7.1903271951298197e-05","7.1903271634706271e-05","7.1903272267890124e-05","4.5308866508134042e-08","3.9890797876899634e-16","1.6489919388260601e-12","3.0020430585873245e-13","1352","available","within_budget","7.1900552859386417e-05","7.190599111467454e-05","available","1.2379687058927863e-14","5.7331064610625961e-15","1.2379687058927863e-14","4.530885412844698e-08","available","within_budget","7.1903234877834419e-05","7.1903309024766259e-05"
284,41,1,"retained_NTML","ML","20","0.001",TRUE,"available","available","1203601.1915406962","available","within_budget","0.0071903459025919447","0.0071903459020883648","0.0071903459030955245","3.3308834832180018e-06","4.6555448784438346e-16","1.6478902623711126e-12","3.0020430585873245e-13","1352","available","within_budget","0.0071903439589574855","0.0071903478462277239","available","5.0355568872236544e-15","2.7473771380979004e-15","5.0355568872236544e-15","3.3308834781824447e-06","available","within_budget","0.0071903458951479071","0.0071903459100359822"
285,41,1,"retained_NTML","ML","20","0.01",FALSE,"available","available","1491815.6054433226","available","above_budget","0.071921994351722598","0.071921994345909651","0.071921994357535546","2.7007801467803255e-06","4.3531939483329688e-16","1.6380444473177163e-12","3.0020430585873245e-13","1352","available","above_budget","0.071921972352619157","0.071922016350845899","available","8.4813352622564372e-15","4.3603036785771667e-15","8.4813352622564372e-15","2.7007801382989906e-06","available","above_budget","0.071921994230327121","0.071921994473118075"
286,41,1,"retained_NTML","ML","20","0.10000000000000001",FALSE,"nonpositive_curvature","nonpositive_curvature","NA","nonpositive_curvature","unresolved","NaN","0","Inf","0","NaN","1.5542477461239208e-12","3.83819286535951e-13","1352","nonpositive_curvature","unresolved","0","Inf","nonpositive_curvature","NaN","NaN","NaN","0","nonpositive_curvature","unresolved","0","Inf"
287,41,1,"retained_NTML","ML","20","0.5",FALSE,"nonpositive_curvature","nonpositive_curvature","NA","nonpositive_curvature","unresolved","NaN","0","Inf","0","NaN","0","0","0","nonpositive_curvature","unresolved","0","Inf","nonpositive_curvature","NaN","NaN","NaN","0","nonpositive_curvature","unresolved","0","Inf"
288,42,2,"retained_NTML","ML","20","0",TRUE,"available","available","5698760.6378357587","available","within_budget","2.5926204123673399e-14","2.5919265220942958e-14","2.5933143026403839e-14","9.1113458333774341e-07","6.1985626952010944e-16","1.7863429035576262e-12","3.0020430585873245e-13","1352","available","within_budget","0","3.1452986354385303e-10","available","1.056896769573085e-13","4.2040562549184732e-14","1.056896769573085e-13","9.1113447764806646e-07","available","within_budget","0","4.406897218319689e-11"
289,42,2,"retained_NTML","ML","20","9.9999999999999995e-08",TRUE,"available","available","5692086.5499755768","available","within_budget","4.4187607491428057e-07","4.4187607480597274e-07","4.418760750225884e-07","9.1219522653289847e-07","4.1811638988867125e-16","1.7863428969032506e-12","3.0020430585873245e-13","1352","available","within_budget","4.4156132111168428e-07","4.4219082871814836e-07","available","1.0098714703951694e-13","3.8080615939404385e-14","1.0098714703951694e-13","9.121951255457514e-07","available","within_budget","4.4183617907443482e-07","4.419159707541304e-07"
290,42,2,"retained_NTML","ML","20","1.0000000000000001e-05",TRUE,"available","available","5101725.2390845316","available","within_budget","4.418760804618052e-05","4.4187608035343485e-05","4.4187608057017554e-05","1.0169066579153856e-06","4.9801557255427192e-16","1.7863422381394877e-12","3.0020430585873245e-13","1352","available","within_budget","4.4187271525889313e-05","4.4187944566574048e-05","available","1.0023165466998479e-13","3.7293644726669022e-14","1.0023165466998479e-13","1.0169065576837308e-06","available","within_budget","4.418756887532938e-05","4.4187647217031985e-05"
291,42,2,"retained_NTML","ML","20","0.001",TRUE,"available","available","553095.04649138555","available","within_budget","0.004418765289901469","0.0044187652897660365","0.0044187652900369015","8.8134070957195665e-06","5.3875065322091445e-16","1.7862765553969671e-12","3.0020430585873245e-13","1352","available","within_budget","0.0044187647408527866","0.0044187658389502876","available","1.0501133874193137e-13","3.6416944895854696e-14","1.0501133874193137e-13","8.8134069907082283e-06","available","within_budget","0.0044187652511745359","0.004418765328628403"
292,42,2,"retained_NTML","ML","20","0.01",FALSE,"nonpositive_curvature","nonpositive_curvature","NA","nonpositive_curvature","unresolved","NaN","0","Inf","0","NaN","1.7856966934864954e-12","3.0020430585873245e-13","1352","nonpositive_curvature","unresolved","0","Inf","nonpositive_curvature","NaN","NaN","NaN","0","nonpositive_curvature","unresolved","0","Inf"
293,42,2,"retained_NTML","ML","20","0.10000000000000001",FALSE,"nonpositive_curvature","nonpositive_curvature","NA","nonpositive_curvature","unresolved","NaN","0","Inf","0","NaN","1.7813199254140005e-12","3.0020430585873245e-13","1352","nonpositive_curvature","unresolved","0","Inf","nonpositive_curvature","NaN","NaN","NaN","0","nonpositive_curvature","unresolved","0","Inf"
294,42,2,"retained_NTML","ML","20","0.5",FALSE,"nonpositive_curvature","nonpositive_curvature","NA","nonpositive_curvature","unresolved","NaN","0","Inf","0","NaN","1.7764631962841683e-12","9.4567856736835538e-13","1352","nonpositive_curvature","unresolved","0","Inf","nonpositive_curvature","NaN","NaN","NaN","0","nonpositive_curvature","unresolved","0","Inf"
295,43,3,"retained_NTML","ML","100","0",TRUE,"available","available","89242931.879094362","available","within_budget","2.7637757533649445e-14","2.7630818525049962e-14","2.7644696542248932e-14","4.8425084221045535e-08","4.0180706907199404e-16","1.7605242760653544e-12","3.0020430585873245e-13","1352","available","within_budget","0","1.3642640023803254e-09","available","7.6764728915188737e-15","3.8698493160155627e-15","7.6764728915188737e-15","4.8425076544572645e-08","available","within_budget","0","1.7613313793126098e-11"
296,43,3,"retained_NTML","ML","100","9.9999999999999995e-08",TRUE,"available","available","89244484.074569583","available","within_budget","7.1169927280182469e-07","7.1169926996771301e-07","7.1169927563593637e-07","4.8424242710554746e-08","3.8468594051745852e-16","1.7605242759328199e-12","3.0020430585873245e-13","1352","available","within_budget","7.10322084748102e-07","7.1307646156138681e-07","available","7.4989687971568245e-15","7.616105313827366e-15","7.4989687971568245e-15","4.8424235211585954e-08","available","within_budget","7.1166460486440192e-07","7.1173394073926154e-07"
297,43,3,"retained_NTML","ML","100","1.0000000000000001e-05",TRUE,"available","available","89398475.442912608","available","within_budget","7.1169927362941073e-05","7.1169927025873053e-05","7.1169927700009107e-05","4.8340878147358828e-08","4.5783495181452453e-16","1.7605242628122293e-12","3.0020430585873245e-13","1352","available","within_budget","7.1167265670031687e-05","7.1172589126683935e-05","available","6.8479355478904185e-15","9.6151347571846466e-15","6.8479355478904185e-15","4.8340871299423279e-08","available","within_budget","7.1169878253053164e-05","7.1169976472830202e-05"
298,43,3,"retained_NTML","ML","100","0.001",TRUE,"available","available","107991932.88512754","available","within_budget","0.0071169963440974116","0.0071169963124449427","0.0071169963757498813","4.0021689717184672e-08","3.5593596128576395e-16","1.7605229536116904e-12","3.0020430585873245e-13","1352","available","within_budget","0.0071168382814023948","0.0071171544171254215","available","8.1392954540407092e-15","9.5007287888281995e-15","8.1392954540407092e-15","4.0021681577889221e-08","available","within_budget","0.0071169955412550149","0.0071169971469400486"
299,43,3,"retained_NTML","ML","100","0.01",FALSE,"nonpositive_curvature","nonpositive_curvature","NA","nonpositive_curvature","unresolved","NaN","0","Inf","0","NaN","1.7605113074558293e-12","3.0020430585873245e-13","1352","nonpositive_curvature","unresolved","0","Inf","nonpositive_curvature","NaN","NaN","NaN","0","nonpositive_curvature","unresolved","0","Inf"
300,43,3,"retained_NTML","ML","100","0.10000000000000001",FALSE,"nonpositive_curvature","nonpositive_curvature","NA","nonpositive_curvature","unresolved","NaN","0","Inf","0","NaN","1.7604167237452644e-12","3.0020430585873245e-13","1352","nonpositive_curvature","unresolved","0","Inf","nonpositive_curvature","NaN","NaN","NaN","0","nonpositive_curvature","unresolved","0","Inf"
301,43,3,"retained_NTML","ML","100","0.5",FALSE,"nonpositive_curvature","nonpositive_curvature","NA","nonpositive_curvature","unresolved","NaN","0","Inf","0","NaN","1.7602559535052828e-12","1.2362695567857603e-12","1352","nonpositive_curvature","unresolved","0","Inf","nonpositive_curvature","NaN","NaN","NaN","0","nonpositive_curvature","unresolved","0","Inf"
302,44,4,"retained_NTML","ML","100","0",FALSE,"ill_conditioned","available","5202285534385.2949","available","within_budget","2.6092001017955484e-13","2.6082752823322722e-13","2.610125763448905e-13","6.2117359870938532e-13","4.0777308350769512e-16","1.5539003015137311e-12","3.0020430585873245e-13","1352","ill_conditioned","unresolved","0","Inf","available","4.8524541358024908e-14","4.8138236928256009e-14","4.8524541358024908e-14","5.7264905735136044e-13","available","within_budget","0","6.3613275885335493e-08"
303,44,4,"retained_NTML","ML","100","9.9999999999999995e-08",FALSE,"ill_conditioned","available","6306629286248.7041","available","within_budget","7.218831639775073e-07","7.2158686582297351e-07","7.2217982742977724e-07","5.1202165317505969e-13","4.2092472280852979e-16","1.5539003015890734e-12","3.0020430585873245e-13","1352","ill_conditioned","unresolved","0","Inf","available","4.5043175957089658e-14","4.3961436240933453e-14","4.5043175957089658e-14","4.6697847721797003e-13","available","within_budget","6.2751342357952471e-07","8.2053914632547065e-07"
304,44,4,"retained_NTML","ML","100","1.0000000000000001e-05",FALSE,"nonpositive_curvature","nonpositive_curvature","NA","nonpositive_curvature","unresolved","NaN","0","Inf","0","NaN","1.5539003090478736e-12","3.0020430585873245e-13","1352","nonpositive_curvature","unresolved","0","Inf","nonpositive_curvature","NaN","NaN","NaN","0","nonpositive_curvature","unresolved","0","Inf"
305,44,4,"retained_NTML","ML","100","0.001",FALSE,"nonpositive_curvature","nonpositive_curvature","NA","nonpositive_curvature","unresolved","NaN","0","Inf","0","NaN","1.5539010539139211e-12","3.0020430585873245e-13","1352","nonpositive_curvature","unresolved","0","Inf","nonpositive_curvature","NaN","NaN","NaN","0","nonpositive_curvature","unresolved","0","Inf"
306,44,4,"retained_NTML","ML","100","0.01",FALSE,"nonpositive_curvature","nonpositive_curvature","NA","nonpositive_curvature","unresolved","NaN","0","Inf","0","NaN","1.553907734356012e-12","3.0020430585873245e-13","1352","nonpositive_curvature","unresolved","0","Inf","nonpositive_curvature","NaN","NaN","NaN","0","nonpositive_curvature","unresolved","0","Inf"
307,44,4,"retained_NTML","ML","100","0.10000000000000001",FALSE,"nonpositive_curvature","nonpositive_curvature","NA","nonpositive_curvature","unresolved","NaN","0","Inf","0","NaN","1.5539664419106573e-12","3.0020430585873245e-13","1352","nonpositive_curvature","unresolved","0","Inf","nonpositive_curvature","NaN","NaN","NaN","0","nonpositive_curvature","unresolved","0","Inf"
308,44,4,"retained_NTML","ML","100","0.5",FALSE,"nonpositive_curvature","nonpositive_curvature","NA","nonpositive_curvature","unresolved","NaN","0","Inf","0","NaN","1.5541165080710973e-12","1.2601491176826461e-12","1352","nonpositive_curvature","unresolved","0","Inf","nonpositive_curvature","NaN","NaN","NaN","0","nonpositive_curvature","unresolved","0","Inf"
309,45,5,"retained_NTML","ML","20","0",TRUE,"available","available","68.572410229185436","available","within_budget","4.0187758128557042e-15","4.0118369189516992e-15","4.0257147067597093e-15","0.017254060718947275","3.4575251799056759e-16","1.3607470015648308e-12","3.0020430585873245e-13","1352","available","within_budget","0","2.289473249987895e-12","available","1.554692085143522e-14","6.4269403408585365e-15","1.554692085143522e-14","0.017254060718931728","available","within_budget","0","5.2953843564954488e-14"
310,45,5,"retained_NTML","ML","20","9.9999999999999995e-08",TRUE,"available","available","68.572407199301423","available","within_budget","4.0381598148656882e-07","4.0381598147962029e-07","4.0381598149351735e-07","0.017254060675578678","3.2299142202780057e-16","1.3607470065964406e-12","3.0020430585873245e-13","1352","available","within_budget","4.0381369601615861e-07","4.0381826695697902e-07","available","1.1948064126550037e-14","4.1516400054656841e-15","1.1948064126550037e-14","0.017254060675566729","available","within_budget","4.0381594987315359e-07","4.0381601309998405e-07"
311,45,5,"retained_NTML","ML","20","1.0000000000000001e-05",TRUE,"available","available","68.572107259101259","available","within_budget","4.0381598117411419e-05","4.0381598117403518e-05","4.038159811741932e-05","0.017254056379977768","3.2805959185341871e-16","1.3607475047195549e-12","3.0020430585873245e-13","1352","available","within_budget","4.0381595830363338e-05","4.0381600404459499e-05","available","1.1436048620336722e-14","3.244388987718055e-15","1.1436048620336722e-14","0.017254056379966333","available","within_budget","4.0381598092690681e-05","4.0381598142132157e-05"
312,45,5,"retained_NTML","ML","20","0.001",TRUE,"available","available","68.542295262336765","available","within_budget","0.0040381632619631014","0.0040381632619629904","0.0040381632619632124","0.017253605927406008","3.7932996834563458e-16","1.3607972544028132e-12","3.0020430585873245e-13","1352","available","within_budget","0.0040381632595182671","0.0040381632644079356","available","1.1867526264227185e-14","3.2215304663361024e-15","1.1867526264227185e-14","0.017253605927394142","available","within_budget","0.0040381632619370762","0.0040381632619891266"
313,45,5,"retained_NTML","ML","20","0.01",FALSE,"available","available","68.287337994833152","available","above_budget","0.040385049191328709","0.040385049191327523","0.040385049191329896","0.017247669242296357","4.4769298498352261e-16","1.3612438945500472e-12","3.0020430585873245e-13","1352","available","above_budget","0.040385049187447987","0.040385049195209431","available","1.1390930058707681e-14","5.7162294439000426e-15","1.1390930058707681e-14","0.017247669242284967","available","above_budget","0.040385049191270658","0.04038504919138676"
314,45,5,"retained_NTML","ML","20","0.10000000000000001",FALSE,"available","available","66.96585056828016","available","above_budget","0.40731279703711532","0.40731279703710571","0.40731279703712492","0.017050103138669524","3.2414096484956689e-16","1.3652068524401796e-12","3.0020430585873245e-13","1352","available","above_budget","0.40731279701849982","0.40731279705573081","available","1.0903127645267114e-14","5.4175232815974149e-15","1.0903127645267114e-14","0.01705010313865862","available","above_budget","0.40731279703693402","0.40731279703729661"
315,45,5,"retained_NTML","ML","20","0.5",FALSE,"available","available","72.003880185869434","available","above_budget","2.6718734466526501","2.6718734466525715","2.6718734466527287","0.015177732433308409","4.0741438397852925e-16","1.3761406496365638e-12","7.8929918324350216e-13","1352","available","above_budget","2.6718734465250376","2.6718734467802627","available","1.2338070056716469e-14","4.1000457019989799e-15","1.2338070056716469e-14","0.015177732433296072","available","above_budget","2.671873446651452","2.6718734466538483"
316,46,6,"retained_NTML","ML","20","0",TRUE,"available","available","948363785.98409843","available","within_budget","9.921344848681428e-15","9.9144055303894631e-15","9.9282841669734481e-15","6.5718940412928398e-09","5.6218848355016876e-16","2.0966277200420769e-12","3.0020430585873245e-13","1352","available","within_budget","0","3.7037536502598824e-09","available","5.6447985054864e-14","1.9586267273515237e-14","5.6447985054864e-14","6.571837593307785e-09","available","within_budget","0","2.4161623436444246e-10"
317,46,6,"retained_NTML","ML","20","9.9999999999999995e-08",TRUE,"available","available","947491629.93934131","available","within_budget","3.1899209903000701e-07","3.1899208492018622e-07","3.1899211313982964e-07","6.577932027754722e-09","5.8161683224722249e-16","2.0966277212500131e-12","3.0020430585873245e-13","1352","available","within_budget","3.1523921692583081e-07","3.2274500545319639e-07","available","4.4463139891565297e-14","1.7062446856737517e-14","4.4463139891565297e-14","6.5778875646148305e-09","available","within_budget","3.1878062990367246e-07","3.1920356816756045e-07"
318,46,6,"retained_NTML","ML","20","1.0000000000000001e-05",TRUE,"available","available","868438667.4782939","available","within_budget","3.1899209933320782e-05","3.1899208541583749e-05","3.1899211325057999e-05","7.1752222496608165e-09","6.260457929348761e-16","2.0966278408347468e-12","3.0020430585873245e-13","1352","available","within_budget","3.1891004464141517e-05","3.1907417446460311e-05","available","6.2167273080895976e-14","1.8292732460676341e-14","6.2167273080895976e-14","7.1751600823877361e-09","available","within_budget","3.1898854397821588e-05","3.1899565470652278e-05"
319,46,6,"retained_NTML","ML","20","0.001",TRUE,"available","available","97846514.108341798","available","within_budget","0.0031899226189808566","0.0031899226074142166","0.0031899226305474966","6.2453870607780897e-08","4.5286380017984651e-16","2.0966397903826898e-12","3.0020430585873245e-13","1352","available","within_budget","0.0031898678630134184","0.0031899773776457728","available","7.0710462745143838e-14","2.2693419315063598e-14","7.0710462745143838e-14","6.2453799897318153e-08","available","within_budget","0.0031899207107884786","0.0031899245271763406"
320,46,6,"retained_NTML","ML","20","0.01",FALSE,"available","available","26058778.815714993","available","above_budget","0.031900835218375181","0.031900835176102357","0.031900835260648006","2.2229516590714691e-07","5.8892823909229198e-16","2.0967476172887042e-12","3.0020430585873245e-13","1352","available","above_budget","0.03190068409182336","0.031900986347056806","available","5.6551446038512834e-14","1.8781874922918609e-14","5.6551446038512834e-14","2.2229510935570086e-07","available","above_budget","0.031900831078512951","0.031900839358238994"
321,46,6,"retained_NTML","ML","20","0.10000000000000001",FALSE,"nonpositive_curvature","nonpositive_curvature","NA","nonpositive_curvature","unresolved","NaN","0","Inf","0","NaN","2.0977511392593722e-12","3.0020430585873245e-13","1352","nonpositive_curvature","unresolved","0","Inf","nonpositive_curvature","NaN","NaN","NaN","0","nonpositive_curvature","unresolved","0","Inf"
322,46,6,"retained_NTML","ML","20","0.5",FALSE,"nonpositive_curvature","nonpositive_curvature","NA","nonpositive_curvature","unresolved","NaN","0","Inf","0","NaN","2.1010124153722796e-12","5.5473744654848859e-13","1352","nonpositive_curvature","unresolved","0","Inf","nonpositive_curvature","NaN","NaN","NaN","0","nonpositive_curvature","unresolved","0","Inf"
323,47,7,"retained_NTML","ML","20","0",TRUE,"available","available","143.82869902044428","available","within_budget","9.6436699174501641e-16","9.5742809784108118e-16","9.7130588564895164e-16","0.012799228641737952","3.535054729475925e-16","1.4421615332244549e-12","3.0020430585873245e-13","1352","available","within_budget","0","2.654507516598967e-12","available","1.5809170954069986e-14","2.9481460551044041e-15","1.5809170954069986e-14","0.012799228641722142","available","within_budget","0","2.7030266928454783e-14"
324,47,7,"retained_NTML","ML","20","9.9999999999999995e-08",TRUE,"available","available","143.82868806097636","available","within_budget","3.9444851512200816e-07","3.9444851511505815e-07","3.9444851512895817e-07","0.012799228983972261","3.6016029995391875e-16","1.4421615378033362e-12","3.0020430585873245e-13","1352","available","within_budget","3.9444586155666053e-07","3.9445116868735579e-07","available","9.8947565042822254e-15","3.0244524542888238e-15","9.8947565042822254e-15","0.012799228983962366","available","within_budget","3.94448488381465e-07","3.9444854186255132e-07"
325,47,7,"retained_NTML","ML","20","1.0000000000000001e-05",TRUE,"available","available","143.82760312798862","available","within_budget","3.9444851561031478e-05","3.9444851561023286e-05","3.9444851561039671e-05","0.012799262862101569","4.3905456987216329e-16","1.4421619911088771e-12","3.0020430585873245e-13","1352","available","within_budget","3.944484890526839e-05","3.9444854216794566e-05","available","1.2422713697473736e-14","5.7010129738853405e-15","1.2422713697473736e-14","0.012799262862089147","available","within_budget","3.9444851510612384e-05","3.9444851611450572e-05"
326,47,7,"retained_NTML","ML","20","0.001",TRUE,"available","available","143.71964919037455","available","within_budget","0.0039444882911031575","0.0039444882911030292","0.0039444882911032859","0.012802620087657667","3.9529483511839119e-16","1.4422072841991128e-12","3.0020430585873245e-13","1352","available","within_budget","0.0039444882882276721","0.003944488293978643","available","1.2989759933856155e-14","5.0163145870298673e-15","1.2989759933856155e-14","0.012802620087644677","available","within_budget","0.0039444882910566947","0.0039444882911496204"
327,47,7,"retained_NTML","ML","20","0.01",FALSE,"available","available","142.78594190145191","available","above_budget","0.039447987574099418","0.039447987574098314","0.039447987574100521","0.012830418332769955","3.5182711291531063e-16","1.4426156443838248e-12","3.0020430585873245e-13","1352","available","above_budget","0.039447987569230299","0.039447987578968537","available","1.1570444243650612e-14","3.3594976552755427e-15","1.1570444243650612e-14","0.012830418332758385","available","above_budget","0.039447987574050873","0.039447987574147962"
328,47,7,"retained_NTML","ML","20","0.10000000000000001",FALSE,"available","available","137.18476426036648","available","above_budget","0.39762643449164747","0.39762643449163504","0.39762643449165991","0.012885694578898169","4.0233940089946808e-16","1.4463743335575521e-12","3.0020430585873245e-13","1352","available","above_budget","0.39762643446667434","0.39762643451662061","available","9.4372991879814129e-15","3.845339847514608e-15","9.4372991879814129e-15","0.012885694578888732","available","above_budget","0.39762643449145557","0.39762643449183938"
329,47,7,"retained_NTML","ML","20","0.5",FALSE,"available","available","153.76625630635877","available","above_budget","2.5471261591133745","2.5471261591132905","2.5471261591134584","0.010872479389673652","3.7169805012766497e-16","1.457996238684048e-12","7.5985778289363533e-13","1352","available","above_budget","2.5471261589352188","2.5471261592915302","available","1.3107921527933606e-14","2.6285399094621033e-15","1.3107921527933606e-14","0.010872479389660544","available","above_budget","2.54712615911173","2.5471261591150189"
