"cell_id","arm","attempted","successful","failed","rejected","rate","wilson_low","wilson_high","size_adjusted_power","matched_null_successful","registered_flag"
1,"policy_sb",2000,2000,0,113,0.0565,0.0472054416177926,0.0674949793206787,,0,FALSE
1,"policy_peba4",2000,2000,0,113,0.0565,0.0472054416177926,0.0674949793206787,,0,FALSE
1,"all",2000,2000,0,112,0.056,0.0467483339387645,0.066954004046988,,0,FALSE
1,"delta_wlsmv",2000,0,2000,0,,,,,0,FALSE
2,"policy_sb",2000,2000,0,117,0.0585,0.0490360415662087,0.0696567111831376,,0,FALSE
2,"policy_peba4",2000,2000,0,115,0.0575,0.0481203130334255,0.0685762738104833,,0,FALSE
2,"all",2000,2000,0,110,0.055,0.045834788368645,0.06587138371167,,0,FALSE
2,"delta_wlsmv",2000,0,2000,0,,,,,0,FALSE
3,"policy_sb",2000,2000,0,131,0.0655,0.0554685287448785,0.0771973853425303,,0,FALSE
3,"policy_peba4",2000,2000,0,125,0.0625,0.052707131606488,0.0739702847646083,,0,FALSE
3,"all",2000,2000,0,113,0.0565,0.0472054416177926,0.0674949793206787,,0,FALSE
3,"delta_wlsmv",2000,0,2000,0,,,,,0,FALSE
4,"policy_sb",2000,2000,0,106,0.053,0.0440104572057971,0.063703383063643,,0,FALSE
4,"policy_peba4",2000,2000,0,100,0.05,0.0412812336187317,0.0604441089343959,,0,FALSE
4,"all",2000,2000,0,91,0.0455,0.0372052713502014,0.0555373246284575,,0,FALSE
4,"delta_wlsmv",2000,0,2000,0,,,,,0,FALSE
5,"policy_sb",2000,2000,0,136,0.068,0.0577746290267091,0.0798816998242935,,0,FALSE
5,"policy_peba4",2000,2000,0,122,0.061,0.0513289811081226,0.0723541864048174,,0,FALSE
5,"all",2000,2000,0,92,0.046,0.0376570233593111,0.0560836555720665,,0,FALSE
5,"delta_wlsmv",2000,0,2000,0,,,,,0,FALSE
6,"policy_sb",2000,2000,0,140,0.07,0.0596225760708208,0.0820260845910568,,0,FALSE
6,"policy_peba4",2000,2000,0,133,0.0665,0.0563904454358221,0.0782716345570242,,0,FALSE
6,"all",2000,2000,0,98,0.049,0.0403735399503073,0.0593556366973829,,0,FALSE
6,"delta_wlsmv",2000,0,2000,0,,,,,0,FALSE
7,"policy_sb",2000,0,2000,0,,,,,0,FALSE
7,"policy_peba4",2000,0,2000,0,,,,,0,FALSE
7,"all",2000,0,2000,0,,,,,0,FALSE
7,"delta_wlsmv",2000,0,2000,0,,,,,0,FALSE
8,"policy_sb",2000,0,2000,0,,,,,0,FALSE
8,"policy_peba4",2000,0,2000,0,,,,,0,FALSE
8,"all",2000,0,2000,0,,,,,0,FALSE
8,"delta_wlsmv",2000,0,2000,0,,,,,0,FALSE
9,"policy_sb",2000,2000,0,109,0.0545,0.0453783561535632,0.0653297329740332,,0,FALSE
9,"policy_peba4",2000,2000,0,108,0.054,0.0449221548758202,0.0647878512990574,,0,FALSE
9,"all",2000,2000,0,108,0.054,0.0449221548758202,0.0647878512990574,,0,FALSE
9,"delta_wlsmv",2000,0,2000,0,,,,,0,FALSE
10,"policy_sb",2000,2000,0,105,0.0525,0.0435549670251113,0.0631607902916101,,0,FALSE
10,"policy_peba4",2000,2000,0,104,0.052,0.0430997202095579,0.0626179541544447,,0,FALSE
10,"all",2000,2000,0,102,0.051,0.0421899699173155,0.0615315385412496,,0,FALSE
10,"delta_wlsmv",2000,0,2000,0,,,,,0,FALSE
11,"policy_sb",2000,2000,0,133,0.0665,0.0563904454358221,0.0782716345570242,,0,FALSE
11,"policy_peba4",2000,2000,0,122,0.061,0.0513289811081226,0.0723541864048174,,0,FALSE
11,"all",2000,2000,0,109,0.0545,0.0453783561535632,0.0653297329740332,,0,FALSE
11,"delta_wlsmv",2000,0,2000,0,,,,,0,FALSE
12,"policy_sb",2000,2000,0,110,0.055,0.045834788368645,0.06587138371167,,0,FALSE
12,"policy_peba4",2000,2000,0,105,0.0525,0.0435549670251113,0.0631607902916101,,0,FALSE
12,"all",2000,2000,0,90,0.045,0.0367538170447133,0.0549906959812269,,0,FALSE
12,"delta_wlsmv",2000,0,2000,0,,,,,0,FALSE
13,"policy_sb",2000,1999,1,154,0.0770385192596298,0.0661435617388574,0.0895559607806692,,0,FALSE
13,"policy_peba4",2000,1999,1,143,0.071535767883942,0.0610409331039483,0.0836741952673994,,0,FALSE
13,"all",2000,1999,1,102,0.0510255127563782,0.0422111637564795,0.0615621318807471,,0,FALSE
13,"delta_wlsmv",2000,0,2000,0,,,,,0,FALSE
14,"policy_sb",2000,1999,1,132,0.0660330165082541,0.0559575149743496,0.0777732192488194,,0,FALSE
14,"policy_peba4",2000,1999,1,111,0.055527763881941,0.0463147080744317,0.0664458191385776,,0,FALSE
14,"all",2000,1999,1,76,0.0380190095047524,0.0304828942516196,0.047327287944457,,0,FALSE
14,"delta_wlsmv",2000,0,2000,0,,,,,0,FALSE
15,"policy_sb",2000,0,2000,0,,,,,0,FALSE
15,"policy_peba4",2000,0,2000,0,,,,,0,FALSE
15,"all",2000,0,2000,0,,,,,0,FALSE
15,"delta_wlsmv",2000,0,2000,0,,,,,0,FALSE
16,"policy_sb",2000,0,2000,0,,,,,0,FALSE
16,"policy_peba4",2000,0,2000,0,,,,,0,FALSE
16,"all",2000,0,2000,0,,,,,0,FALSE
16,"delta_wlsmv",2000,0,2000,0,,,,,0,FALSE
17,"policy_sb",2000,2000,0,91,0.0455,0.0372052713502014,0.0555373246284575,,0,FALSE
17,"policy_peba4",2000,2000,0,91,0.0455,0.0372052713502014,0.0555373246284575,,0,FALSE
17,"all",2000,2000,0,91,0.0455,0.0372052713502014,0.0555373246284575,,0,FALSE
17,"delta_wlsmv",2000,0,2000,0,,,,,0,FALSE
18,"policy_sb",2000,2000,0,104,0.052,0.0430997202095579,0.0626179541544447,,0,FALSE
18,"policy_peba4",2000,2000,0,104,0.052,0.0430997202095579,0.0626179541544447,,0,FALSE
18,"all",2000,2000,0,104,0.052,0.0430997202095579,0.0626179541544447,,0,FALSE
18,"delta_wlsmv",2000,0,2000,0,,,,,0,FALSE
19,"policy_sb",2000,2000,0,106,0.053,0.0440104572057971,0.063703383063643,,0,FALSE
19,"policy_peba4",2000,2000,0,104,0.052,0.0430997202095579,0.0626179541544447,,0,FALSE
19,"all",2000,2000,0,94,0.047,0.0385614023651686,0.0571754424716466,,0,FALSE
19,"delta_wlsmv",2000,0,2000,0,,,,,0,FALSE
20,"policy_sb",2000,2000,0,104,0.052,0.0430997202095579,0.0626179541544447,,0,FALSE
20,"policy_peba4",2000,2000,0,102,0.051,0.0421899699173155,0.0615315385412496,,0,FALSE
20,"all",2000,2000,0,94,0.047,0.0385614023651686,0.0571754424716466,,0,FALSE
20,"delta_wlsmv",2000,0,2000,0,,,,,0,FALSE
21,"policy_sb",2000,2000,0,154,0.077,0.0661103108454566,0.0895115111544834,,0,TRUE
21,"policy_peba4",2000,2000,0,145,0.0725,0.0619361686955532,0.084702906729918,,0,TRUE
21,"all",2000,2000,0,104,0.052,0.0430997202095579,0.0626179541544447,,0,FALSE
21,"delta_wlsmv",2000,0,2000,0,,,,,0,FALSE
22,"policy_sb",2000,2000,0,133,0.0665,0.0563904454358221,0.0782716345570242,,0,FALSE
22,"policy_peba4",2000,2000,0,116,0.058,0.0485780714540138,0.0691165983426138,,0,FALSE
22,"all",2000,2000,0,82,0.041,0.0331534907492744,0.0506063586549158,,0,FALSE
22,"delta_wlsmv",2000,0,2000,0,,,,,0,FALSE
23,"policy_sb",2000,0,2000,0,,,,,0,FALSE
23,"policy_peba4",2000,0,2000,0,,,,,0,FALSE
23,"all",2000,0,2000,0,,,,,0,FALSE
23,"delta_wlsmv",2000,0,2000,0,,,,,0,FALSE
24,"policy_sb",2000,0,2000,0,,,,,0,FALSE
24,"policy_peba4",2000,0,2000,0,,,,,0,FALSE
24,"all",2000,0,2000,0,,,,,0,FALSE
24,"delta_wlsmv",2000,0,2000,0,,,,,0,FALSE
25,"policy_sb",2000,2000,0,83,0.0415,0.0336023831853571,0.0511555491715518,,0,FALSE
25,"policy_peba4",2000,2000,0,83,0.0415,0.0336023831853571,0.0511555491715518,,0,FALSE
25,"all",2000,2000,0,82,0.041,0.0331534907492744,0.0506063586549158,,0,FALSE
25,"delta_wlsmv",2000,0,2000,0,,,,,0,FALSE
26,"policy_sb",2000,2000,0,99,0.0495,0.0408272546108082,0.0599000049896006,,0,FALSE
26,"policy_peba4",2000,2000,0,99,0.0495,0.0408272546108082,0.0599000049896006,,0,FALSE
26,"all",2000,2000,0,95,0.0475,0.0390140205961784,0.0577209071933555,,0,FALSE
26,"delta_wlsmv",2000,0,2000,0,,,,,0,FALSE
27,"policy_sb",2000,2000,0,119,0.0595,0.0499526068384122,0.0707363118163716,,0,FALSE
27,"policy_peba4",2000,2000,0,118,0.059,0.0494942208501671,0.070196614851898,,0,FALSE
27,"all",2000,2000,0,106,0.053,0.0440104572057971,0.063703383063643,,0,FALSE
27,"delta_wlsmv",2000,0,2000,0,,,,,0,FALSE
28,"policy_sb",2000,2000,0,107,0.0535,0.044466187536516,0.0642457356856429,,0,FALSE
28,"policy_peba4",2000,2000,0,103,0.0515,0.0426447200503388,0.062074871360945,,0,FALSE
28,"all",2000,2000,0,88,0.044,0.0358518204164165,0.0538965267040861,,0,FALSE
28,"delta_wlsmv",2000,0,2000,0,,,,,0,FALSE
29,"policy_sb",2000,2000,0,143,0.0715,0.0610102548427334,0.0836326546773004,,0,TRUE
29,"policy_peba4",2000,2000,0,133,0.0665,0.0563904454358221,0.0782716345570242,,0,FALSE
29,"all",2000,2000,0,98,0.049,0.0403735399503073,0.0593556366973829,,0,FALSE
29,"delta_wlsmv",2000,0,2000,0,,,,,0,FALSE
30,"policy_sb",2000,2000,0,127,0.0635,0.0536268561305831,0.0750467261459507,,0,FALSE
30,"policy_peba4",2000,2000,0,106,0.053,0.0440104572057971,0.063703383063643,,0,FALSE
30,"all",2000,2000,0,81,0.0405,0.0327049433144033,0.0500568231370682,,0,FALSE
30,"delta_wlsmv",2000,0,2000,0,,,,,0,FALSE
31,"policy_sb",2000,0,2000,0,,,,,0,FALSE
31,"policy_peba4",2000,0,2000,0,,,,,0,FALSE
31,"all",2000,0,2000,0,,,,,0,FALSE
31,"delta_wlsmv",2000,0,2000,0,,,,,0,FALSE
32,"policy_sb",2000,0,2000,0,,,,,0,FALSE
32,"policy_peba4",2000,0,2000,0,,,,,0,FALSE
32,"all",2000,0,2000,0,,,,,0,FALSE
32,"delta_wlsmv",2000,0,2000,0,,,,,0,FALSE
33,"policy_sb",2000,2000,0,81,0.0405,0.0327049433144033,0.0500568231370682,,0,FALSE
33,"policy_peba4",2000,2000,0,81,0.0405,0.0327049433144033,0.0500568231370682,,0,FALSE
33,"all",2000,2000,0,80,0.04,0.0322567469399812,0.0495069365587715,,0,FALSE
33,"delta_wlsmv",2000,0,2000,0,,,,,0,FALSE
34,"policy_sb",2000,2000,0,102,0.051,0.0421899699173155,0.0615315385412496,,0,FALSE
34,"policy_peba4",2000,2000,0,101,0.0505,0.041735473261678,0.0609879522441684,,0,FALSE
34,"all",2000,2000,0,101,0.0505,0.041735473261678,0.0609879522441684,,0,FALSE
34,"delta_wlsmv",2000,0,2000,0,,,,,0,FALSE
35,"policy_sb",2000,2000,0,95,0.0475,0.0390140205961784,0.0577209071933555,,0,FALSE
35,"policy_peba4",2000,2000,0,94,0.047,0.0385614023651686,0.0571754424716466,,0,FALSE
35,"all",2000,2000,0,87,0.0435,0.0354012878585441,0.0533489763092398,,0,FALSE
35,"delta_wlsmv",2000,0,2000,0,,,,,0,FALSE
36,"policy_sb",2000,2000,0,108,0.054,0.0449221548758202,0.0647878512990574,,0,FALSE
36,"policy_peba4",2000,2000,0,106,0.053,0.0440104572057971,0.063703383063643,,0,FALSE
36,"all",2000,2000,0,96,0.048,0.039466918990741,0.0582660917515116,,0,FALSE
36,"delta_wlsmv",2000,0,2000,0,,,,,0,FALSE
37,"policy_sb",2000,2000,0,158,0.079,0.0679692639204037,0.0916448898904113,,0,TRUE
37,"policy_peba4",2000,2000,0,145,0.0725,0.0619361686955532,0.084702906729918,,0,TRUE
37,"all",2000,2000,0,115,0.0575,0.0481203130334255,0.0685762738104833,,0,FALSE
37,"delta_wlsmv",2000,0,2000,0,,,,,0,FALSE
38,"policy_sb",2000,2000,0,136,0.068,0.0577746290267091,0.0798816998242935,,0,FALSE
38,"policy_peba4",2000,2000,0,117,0.0585,0.0490360415662087,0.0696567111831376,,0,FALSE
38,"all",2000,2000,0,91,0.0455,0.0372052713502014,0.0555373246284575,,0,FALSE
38,"delta_wlsmv",2000,0,2000,0,,,,,0,FALSE
39,"policy_sb",2000,0,2000,0,,,,,0,FALSE
39,"policy_peba4",2000,0,2000,0,,,,,0,FALSE
39,"all",2000,0,2000,0,,,,,0,FALSE
39,"delta_wlsmv",2000,0,2000,0,,,,,0,FALSE
40,"policy_sb",2000,0,2000,0,,,,,0,FALSE
40,"policy_peba4",2000,0,2000,0,,,,,0,FALSE
40,"all",2000,0,2000,0,,,,,0,FALSE
40,"delta_wlsmv",2000,0,2000,0,,,,,0,FALSE
41,"policy_sb",2000,2000,0,110,0.055,0.045834788368645,0.06587138371167,,0,FALSE
41,"policy_peba4",2000,2000,0,110,0.055,0.045834788368645,0.06587138371167,,0,FALSE
41,"all",2000,2000,0,110,0.055,0.045834788368645,0.06587138371167,,0,FALSE
41,"delta_wlsmv",2000,0,2000,0,,,,,0,FALSE
42,"policy_sb",2000,2000,0,91,0.0455,0.0372052713502014,0.0555373246284575,,0,FALSE
42,"policy_peba4",2000,2000,0,91,0.0455,0.0372052713502014,0.0555373246284575,,0,FALSE
42,"all",2000,2000,0,91,0.0455,0.0372052713502014,0.0555373246284575,,0,FALSE
42,"delta_wlsmv",2000,0,2000,0,,,,,0,FALSE
43,"policy_sb",2000,2000,0,102,0.051,0.0421899699173155,0.0615315385412496,,0,FALSE
43,"policy_peba4",2000,2000,0,101,0.0505,0.041735473261678,0.0609879522441684,,0,FALSE
43,"all",2000,2000,0,91,0.0455,0.0372052713502014,0.0555373246284575,,0,FALSE
43,"delta_wlsmv",2000,0,2000,0,,,,,0,FALSE
44,"policy_sb",2000,2000,0,119,0.0595,0.0499526068384122,0.0707363118163716,,0,FALSE
44,"policy_peba4",2000,2000,0,112,0.056,0.0467483339387645,0.066954004046988,,0,FALSE
44,"all",2000,2000,0,97,0.0485,0.0399200934428771,0.0588110002520943,,0,FALSE
44,"delta_wlsmv",2000,0,2000,0,,,,,0,FALSE
45,"policy_sb",2000,2000,0,142,0.071,0.0605475347817268,0.0830972917855882,,0,TRUE
45,"policy_peba4",2000,2000,0,131,0.0655,0.0554685287448785,0.0771973853425303,,0,FALSE
45,"all",2000,2000,0,103,0.0515,0.0426447200503388,0.062074871360945,,0,FALSE
45,"delta_wlsmv",2000,0,2000,0,,,,,0,FALSE
46,"policy_sb",2000,2000,0,131,0.0655,0.0554685287448785,0.0771973853425303,,0,FALSE
46,"policy_peba4",2000,2000,0,120,0.06,0.0504111971143165,0.0712758044931861,,0,FALSE
46,"all",2000,2000,0,93,0.0465,0.0381090685112083,0.0566296933728881,,0,FALSE
46,"delta_wlsmv",2000,0,2000,0,,,,,0,FALSE
47,"policy_sb",2000,0,2000,0,,,,,0,FALSE
47,"policy_peba4",2000,0,2000,0,,,,,0,FALSE
47,"all",2000,0,2000,0,,,,,0,FALSE
47,"delta_wlsmv",2000,0,2000,0,,,,,0,FALSE
48,"policy_sb",2000,0,2000,0,,,,,0,FALSE
48,"policy_peba4",2000,0,2000,0,,,,,0,FALSE
48,"all",2000,0,2000,0,,,,,0,FALSE
48,"delta_wlsmv",2000,0,2000,0,,,,,0,FALSE
49,"policy_sb",2000,2000,0,116,0.058,0.0485780714540138,0.0691165983426138,,0,FALSE
49,"policy_peba4",2000,2000,0,114,0.057,0.0476627688782296,0.0680357350129605,,0,FALSE
49,"all",2000,2000,0,111,0.0555,0.046291448586849,0.0664128064461848,,0,FALSE
49,"delta_wlsmv",2000,0,2000,0,,,,,0,FALSE
50,"policy_sb",2000,2000,0,98,0.049,0.0403735399503073,0.0593556366973829,,0,FALSE
50,"policy_peba4",2000,2000,0,97,0.0485,0.0399200934428771,0.0588110002520943,,0,FALSE
50,"all",2000,2000,0,94,0.047,0.0385614023651686,0.0571754424716466,,0,FALSE
50,"delta_wlsmv",2000,0,2000,0,,,,,0,FALSE
51,"policy_sb",2000,2000,0,119,0.0595,0.0499526068384122,0.0707363118163716,,0,FALSE
51,"policy_peba4",2000,2000,0,116,0.058,0.0485780714540138,0.0691165983426138,,0,FALSE
51,"all",2000,2000,0,102,0.051,0.0421899699173155,0.0615315385412496,,0,FALSE
51,"delta_wlsmv",2000,0,2000,0,,,,,0,FALSE
52,"policy_sb",2000,2000,0,119,0.0595,0.0499526068384122,0.0707363118163716,,0,FALSE
52,"policy_peba4",2000,2000,0,114,0.057,0.0476627688782296,0.0680357350129605,,0,FALSE
52,"all",2000,2000,0,104,0.052,0.0430997202095579,0.0626179541544447,,0,FALSE
52,"delta_wlsmv",2000,0,2000,0,,,,,0,FALSE
53,"policy_sb",2000,2000,0,136,0.068,0.0577746290267091,0.0798816998242935,,0,FALSE
53,"policy_peba4",2000,2000,0,122,0.061,0.0513289811081226,0.0723541864048174,,0,FALSE
53,"all",2000,2000,0,89,0.0445,0.0363026651284068,0.0544437649448146,,0,FALSE
53,"delta_wlsmv",2000,0,2000,0,,,,,0,FALSE
54,"policy_sb",2000,2000,0,163,0.0815,0.07029605647845,0.0943085120959587,,0,FALSE
54,"policy_peba4",2000,2000,0,144,0.072,0.0614731333172614,0.0841678591554911,,0,FALSE
54,"all",2000,2000,0,103,0.0515,0.0426447200503388,0.062074871360945,,0,FALSE
54,"delta_wlsmv",2000,0,2000,0,,,,,0,FALSE
55,"policy_sb",2000,0,2000,0,,,,,0,FALSE
55,"policy_peba4",2000,0,2000,0,,,,,0,FALSE
55,"all",2000,0,2000,0,,,,,0,FALSE
55,"delta_wlsmv",2000,0,2000,0,,,,,0,FALSE
56,"policy_sb",2000,0,2000,0,,,,,0,FALSE
56,"policy_peba4",2000,0,2000,0,,,,,0,FALSE
56,"all",2000,0,2000,0,,,,,0,FALSE
56,"delta_wlsmv",2000,0,2000,0,,,,,0,FALSE
57,"policy_sb",2000,2000,0,105,0.0525,0.0435549670251113,0.0631607902916101,,0,FALSE
57,"policy_peba4",2000,2000,0,104,0.052,0.0430997202095579,0.0626179541544447,,0,FALSE
57,"all",2000,2000,0,104,0.052,0.0430997202095579,0.0626179541544447,,0,FALSE
57,"delta_wlsmv",2000,0,2000,0,,,,,0,FALSE
58,"policy_sb",2000,2000,0,95,0.0475,0.0390140205961784,0.0577209071933555,,0,FALSE
58,"policy_peba4",2000,2000,0,94,0.047,0.0385614023651686,0.0571754424716466,,0,FALSE
58,"all",2000,2000,0,90,0.045,0.0367538170447133,0.0549906959812269,,0,FALSE
58,"delta_wlsmv",2000,0,2000,0,,,,,0,FALSE
59,"policy_sb",2000,2000,0,116,0.058,0.0485780714540138,0.0691165983426138,,0,FALSE
59,"policy_peba4",2000,2000,0,110,0.055,0.045834788368645,0.06587138371167,,0,FALSE
59,"all",2000,2000,0,96,0.048,0.039466918990741,0.0582660917515116,,0,FALSE
59,"delta_wlsmv",2000,0,2000,0,,,,,0,FALSE
60,"policy_sb",2000,2000,0,119,0.0595,0.0499526068384122,0.0707363118163716,,0,FALSE
60,"policy_peba4",2000,2000,0,114,0.057,0.0476627688782296,0.0680357350129605,,0,FALSE
60,"all",2000,2000,0,97,0.0485,0.0399200934428771,0.0588110002520943,,0,FALSE
60,"delta_wlsmv",2000,0,2000,0,,,,,0,FALSE
61,"policy_sb",2000,1999,1,121,0.0605302651325663,0.0508955555739367,0.0718507845010534,,0,FALSE
61,"policy_peba4",2000,1999,1,111,0.055527763881941,0.0463147080744317,0.0664458191385776,,0,FALSE
61,"all",2000,1999,1,82,0.0410205102551276,0.033170136214308,0.0506315336989571,,0,FALSE
61,"delta_wlsmv",2000,0,2000,0,,,,,0,FALSE
62,"policy_sb",2000,1999,1,148,0.0740370185092546,0.0633580479087516,0.0863499868935865,,0,FALSE
62,"policy_peba4",2000,1999,1,131,0.0655327663831916,0.055496412745473,0.0772357401914978,,0,FALSE
62,"all",2000,1999,1,87,0.0435217608804402,0.0354190643564966,0.0533755119877589,,0,FALSE
62,"delta_wlsmv",2000,0,2000,0,,,,,0,FALSE
63,"policy_sb",2000,0,2000,0,,,,,0,FALSE
63,"policy_peba4",2000,0,2000,0,,,,,0,FALSE
63,"all",2000,0,2000,0,,,,,0,FALSE
63,"delta_wlsmv",2000,0,2000,0,,,,,0,FALSE
64,"policy_sb",2000,0,2000,0,,,,,0,FALSE
64,"policy_peba4",2000,0,2000,0,,,,,0,FALSE
64,"all",2000,0,2000,0,,,,,0,FALSE
64,"delta_wlsmv",2000,0,2000,0,,,,,0,FALSE
65,"policy_sb",2000,2000,0,93,0.0465,0.0381090685112083,0.0566296933728881,,0,FALSE
65,"policy_peba4",2000,2000,0,93,0.0465,0.0381090685112083,0.0566296933728881,,0,FALSE
65,"all",2000,2000,0,93,0.0465,0.0381090685112083,0.0566296933728881,,0,FALSE
65,"delta_wlsmv",2000,0,2000,0,,,,,0,FALSE
66,"policy_sb",2000,2000,0,96,0.048,0.039466918990741,0.0582660917515116,,0,FALSE
66,"policy_peba4",2000,2000,0,95,0.0475,0.0390140205961784,0.0577209071933555,,0,FALSE
66,"all",2000,2000,0,95,0.0475,0.0390140205961784,0.0577209071933555,,0,FALSE
66,"delta_wlsmv",2000,0,2000,0,,,,,0,FALSE
67,"policy_sb",2000,2000,0,119,0.0595,0.0499526068384122,0.0707363118163716,,0,FALSE
67,"policy_peba4",2000,2000,0,118,0.059,0.0494942208501671,0.070196614851898,,0,FALSE
67,"all",2000,2000,0,109,0.0545,0.0453783561535632,0.0653297329740332,,0,FALSE
67,"delta_wlsmv",2000,0,2000,0,,,,,0,FALSE
68,"policy_sb",2000,2000,0,116,0.058,0.0485780714540138,0.0691165983426138,,0,FALSE
68,"policy_peba4",2000,2000,0,113,0.0565,0.0472054416177926,0.0674949793206787,,0,FALSE
68,"all",2000,2000,0,103,0.0515,0.0426447200503388,0.062074871360945,,0,FALSE
68,"delta_wlsmv",2000,0,2000,0,,,,,0,FALSE
69,"policy_sb",2000,2000,0,142,0.071,0.0605475347817268,0.0830972917855882,,0,TRUE
69,"policy_peba4",2000,2000,0,136,0.068,0.0577746290267091,0.0798816998242935,,0,FALSE
69,"all",2000,2000,0,111,0.0555,0.046291448586849,0.0664128064461848,,0,FALSE
69,"delta_wlsmv",2000,0,2000,0,,,,,0,FALSE
70,"policy_sb",2000,2000,0,150,0.075,0.0642536480572273,0.0873758421318377,,0,TRUE
70,"policy_peba4",2000,2000,0,141,0.0705,0.0600849746701732,0.0825617689444231,,0,TRUE
70,"all",2000,2000,0,106,0.053,0.0440104572057971,0.063703383063643,,0,FALSE
70,"delta_wlsmv",2000,0,2000,0,,,,,0,FALSE
71,"policy_sb",2000,0,2000,0,,,,,0,FALSE
71,"policy_peba4",2000,0,2000,0,,,,,0,FALSE
71,"all",2000,0,2000,0,,,,,0,FALSE
71,"delta_wlsmv",2000,0,2000,0,,,,,0,FALSE
72,"policy_sb",2000,0,2000,0,,,,,0,FALSE
72,"policy_peba4",2000,0,2000,0,,,,,0,FALSE
72,"all",2000,0,2000,0,,,,,0,FALSE
72,"delta_wlsmv",2000,0,2000,0,,,,,0,FALSE
73,"policy_sb",2000,2000,0,104,0.052,0.0430997202095579,0.0626179541544447,,0,FALSE
73,"policy_peba4",2000,2000,0,104,0.052,0.0430997202095579,0.0626179541544447,,0,FALSE
73,"all",2000,2000,0,104,0.052,0.0430997202095579,0.0626179541544447,,0,FALSE
73,"delta_wlsmv",2000,0,2000,0,,,,,0,FALSE
74,"policy_sb",2000,2000,0,112,0.056,0.0467483339387645,0.066954004046988,,0,FALSE
74,"policy_peba4",2000,2000,0,111,0.0555,0.046291448586849,0.0664128064461848,,0,FALSE
74,"all",2000,2000,0,109,0.0545,0.0453783561535632,0.0653297329740332,,0,FALSE
74,"delta_wlsmv",2000,0,2000,0,,,,,0,FALSE
75,"policy_sb",2000,2000,0,116,0.058,0.0485780714540138,0.0691165983426138,,0,FALSE
75,"policy_peba4",2000,2000,0,114,0.057,0.0476627688782296,0.0680357350129605,,0,FALSE
75,"all",2000,2000,0,104,0.052,0.0430997202095579,0.0626179541544447,,0,FALSE
75,"delta_wlsmv",2000,0,2000,0,,,,,0,FALSE
76,"policy_sb",2000,2000,0,113,0.0565,0.0472054416177926,0.0674949793206787,,0,FALSE
76,"policy_peba4",2000,2000,0,106,0.053,0.0440104572057971,0.063703383063643,,0,FALSE
76,"all",2000,2000,0,95,0.0475,0.0390140205961784,0.0577209071933555,,0,FALSE
76,"delta_wlsmv",2000,0,2000,0,,,,,0,FALSE
77,"policy_sb",2000,2000,0,149,0.0745,0.0637898499329457,0.0868415573034005,,0,TRUE
77,"policy_peba4",2000,2000,0,137,0.0685,0.0582363653897786,0.0804180464139427,,0,FALSE
77,"all",2000,2000,0,100,0.05,0.0412812336187317,0.0604441089343959,,0,FALSE
77,"delta_wlsmv",2000,0,2000,0,,,,,0,FALSE
78,"policy_sb",2000,2000,0,126,0.063,0.0531668995291548,0.0745085997946602,,0,FALSE
78,"policy_peba4",2000,2000,0,115,0.0575,0.0481203130334255,0.0685762738104833,,0,FALSE
78,"all",2000,2000,0,80,0.04,0.0322567469399812,0.0495069365587715,,0,FALSE
78,"delta_wlsmv",2000,0,2000,0,,,,,0,FALSE
79,"policy_sb",2000,0,2000,0,,,,,0,FALSE
79,"policy_peba4",2000,0,2000,0,,,,,0,FALSE
79,"all",2000,0,2000,0,,,,,0,FALSE
79,"delta_wlsmv",2000,0,2000,0,,,,,0,FALSE
80,"policy_sb",2000,0,2000,0,,,,,0,FALSE
80,"policy_peba4",2000,0,2000,0,,,,,0,FALSE
80,"all",2000,0,2000,0,,,,,0,FALSE
80,"delta_wlsmv",2000,0,2000,0,,,,,0,FALSE
81,"policy_sb",2000,2000,0,111,0.0555,0.046291448586849,0.0664128064461848,,0,FALSE
81,"policy_peba4",2000,2000,0,110,0.055,0.045834788368645,0.06587138371167,,0,FALSE
81,"all",2000,2000,0,108,0.054,0.0449221548758202,0.0647878512990574,,0,FALSE
81,"delta_wlsmv",2000,0,2000,0,,,,,0,FALSE
82,"policy_sb",2000,2000,0,122,0.061,0.0513289811081226,0.0723541864048174,,0,FALSE
82,"policy_peba4",2000,2000,0,122,0.061,0.0513289811081226,0.0723541864048174,,0,FALSE
82,"all",2000,2000,0,121,0.0605,0.0508699893106399,0.0718150952495814,,0,FALSE
82,"delta_wlsmv",2000,0,2000,0,,,,,0,FALSE
83,"policy_sb",2000,2000,0,116,0.058,0.0485780714540138,0.0691165983426138,,0,FALSE
83,"policy_peba4",2000,2000,0,111,0.0555,0.046291448586849,0.0664128064461848,,0,FALSE
83,"all",2000,2000,0,107,0.0535,0.044466187536516,0.0642457356856429,,0,FALSE
83,"delta_wlsmv",2000,0,2000,0,,,,,0,FALSE
84,"policy_sb",2000,2000,0,102,0.051,0.0421899699173155,0.0615315385412496,,0,FALSE
84,"policy_peba4",2000,2000,0,99,0.0495,0.0408272546108082,0.0599000049896006,,0,FALSE
84,"all",2000,2000,0,86,0.043,0.0349510725446127,0.0528011086704525,,0,FALSE
84,"delta_wlsmv",2000,0,2000,0,,,,,0,FALSE
85,"policy_sb",2000,2000,0,134,0.067,0.0568516672954134,0.0788084956501516,,0,FALSE
85,"policy_peba4",2000,2000,0,124,0.062,0.0522475544613382,0.0734317789570393,,0,FALSE
85,"all",2000,2000,0,90,0.045,0.0367538170447133,0.0549906959812269,,0,FALSE
85,"delta_wlsmv",2000,0,2000,0,,,,,0,FALSE
86,"policy_sb",2000,2000,0,143,0.0715,0.0610102548427334,0.0836326546773004,,0,TRUE
86,"policy_peba4",2000,2000,0,132,0.066,0.0559293986400836,0.077734598400044,,0,FALSE
86,"all",2000,2000,0,100,0.05,0.0412812336187317,0.0604441089343959,,0,FALSE
86,"delta_wlsmv",2000,0,2000,0,,,,,0,FALSE
87,"policy_sb",2000,0,2000,0,,,,,0,FALSE
87,"policy_peba4",2000,0,2000,0,,,,,0,FALSE
87,"all",2000,0,2000,0,,,,,0,FALSE
87,"delta_wlsmv",2000,0,2000,0,,,,,0,FALSE
88,"policy_sb",2000,0,2000,0,,,,,0,FALSE
88,"policy_peba4",2000,0,2000,0,,,,,0,FALSE
88,"all",2000,0,2000,0,,,,,0,FALSE
88,"delta_wlsmv",2000,0,2000,0,,,,,0,FALSE
89,"policy_sb",2000,2000,0,108,0.054,0.0449221548758202,0.0647878512990574,,0,FALSE
89,"policy_peba4",2000,2000,0,108,0.054,0.0449221548758202,0.0647878512990574,,0,FALSE
89,"all",2000,2000,0,107,0.0535,0.044466187536516,0.0642457356856429,,0,FALSE
89,"delta_wlsmv",2000,0,2000,0,,,,,0,FALSE
90,"policy_sb",2000,2000,0,106,0.053,0.0440104572057971,0.063703383063643,,0,FALSE
90,"policy_peba4",2000,2000,0,105,0.0525,0.0435549670251113,0.0631607902916101,,0,FALSE
90,"all",2000,2000,0,103,0.0515,0.0426447200503388,0.062074871360945,,0,FALSE
90,"delta_wlsmv",2000,0,2000,0,,,,,0,FALSE
91,"policy_sb",2000,2000,0,92,0.046,0.0376570233593111,0.0560836555720665,,0,FALSE
91,"policy_peba4",2000,2000,0,89,0.0445,0.0363026651284068,0.0544437649448146,,0,FALSE
91,"all",2000,2000,0,78,0.039,0.0313614325493969,0.0484060850439183,,0,FALSE
91,"delta_wlsmv",2000,0,2000,0,,,,,0,FALSE
92,"policy_sb",2000,2000,0,91,0.0455,0.0372052713502014,0.0555373246284575,,0,FALSE
92,"policy_peba4",2000,2000,0,87,0.0435,0.0354012878585441,0.0533489763092398,,0,FALSE
92,"all",2000,2000,0,79,0.0395,0.031808907871607,0.0489566926744269,,0,FALSE
92,"delta_wlsmv",2000,0,2000,0,,,,,0,FALSE
93,"policy_sb",2000,2000,0,116,0.058,0.0485780714540138,0.0691165983426138,,0,FALSE
93,"policy_peba4",2000,2000,0,107,0.0535,0.044466187536516,0.0642457356856429,,0,FALSE
93,"all",2000,2000,0,82,0.041,0.0331534907492744,0.0506063586549158,,0,FALSE
93,"delta_wlsmv",2000,0,2000,0,,,,,0,FALSE
94,"policy_sb",2000,2000,0,122,0.061,0.0513289811081226,0.0723541864048174,,0,FALSE
94,"policy_peba4",2000,2000,0,108,0.054,0.0449221548758202,0.0647878512990574,,0,FALSE
94,"all",2000,2000,0,81,0.0405,0.0327049433144033,0.0500568231370682,,0,FALSE
94,"delta_wlsmv",2000,0,2000,0,,,,,0,FALSE
95,"policy_sb",2000,0,2000,0,,,,,0,FALSE
95,"policy_peba4",2000,0,2000,0,,,,,0,FALSE
95,"all",2000,0,2000,0,,,,,0,FALSE
95,"delta_wlsmv",2000,0,2000,0,,,,,0,FALSE
96,"policy_sb",2000,0,2000,0,,,,,0,FALSE
96,"policy_peba4",2000,0,2000,0,,,,,0,FALSE
96,"all",2000,0,2000,0,,,,,0,FALSE
96,"delta_wlsmv",2000,0,2000,0,,,,,0,FALSE
97,"policy_sb",2000,2000,0,107,0.0535,0.044466187536516,0.0642457356856429,,0,FALSE
97,"policy_peba4",2000,2000,0,107,0.0535,0.044466187536516,0.0642457356856429,,0,FALSE
97,"all",2000,2000,0,106,0.053,0.0440104572057971,0.063703383063643,,0,FALSE
97,"delta_wlsmv",2000,0,2000,0,,,,,0,FALSE
98,"policy_sb",2000,1998,2,95,0.0475475475475475,0.0390532299662044,0.0577783437663569,,0,FALSE
98,"policy_peba4",2000,1998,2,95,0.0475475475475475,0.0390532299662044,0.0577783437663569,,0,FALSE
98,"all",2000,1998,2,95,0.0475475475475475,0.0390532299662044,0.0577783437663569,,0,FALSE
98,"delta_wlsmv",2000,0,2000,0,,,,,0,FALSE
99,"policy_sb",2000,2000,0,112,0.056,0.0467483339387645,0.066954004046988,,0,FALSE
99,"policy_peba4",2000,2000,0,109,0.0545,0.0453783561535632,0.0653297329740332,,0,FALSE
99,"all",2000,2000,0,97,0.0485,0.0399200934428771,0.0588110002520943,,0,FALSE
99,"delta_wlsmv",2000,0,2000,0,,,,,0,FALSE
100,"policy_sb",2000,2000,0,91,0.0455,0.0372052713502014,0.0555373246284575,,0,FALSE
100,"policy_peba4",2000,2000,0,83,0.0415,0.0336023831853571,0.0511555491715518,,0,FALSE
100,"all",2000,2000,0,71,0.0355,0.028239876230264,0.04454106069402,,0,FALSE
100,"delta_wlsmv",2000,0,2000,0,,,,,0,FALSE
101,"policy_sb",2000,2000,0,138,0.069,0.0586982697977959,0.0809542249586442,,0,FALSE
101,"policy_peba4",2000,2000,0,134,0.067,0.0568516672954134,0.0788084956501516,,0,FALSE
101,"all",2000,2000,0,107,0.0535,0.044466187536516,0.0642457356856429,,0,FALSE
101,"delta_wlsmv",2000,0,2000,0,,,,,0,FALSE
102,"policy_sb",2000,2000,0,140,0.07,0.0596225760708208,0.0820260845910568,,0,FALSE
102,"policy_peba4",2000,2000,0,128,0.064,0.0540869993525532,0.0755846658766994,,0,FALSE
102,"all",2000,2000,0,94,0.047,0.0385614023651686,0.0571754424716466,,0,FALSE
102,"delta_wlsmv",2000,0,2000,0,,,,,0,FALSE
103,"policy_sb",2000,0,2000,0,,,,,0,FALSE
103,"policy_peba4",2000,0,2000,0,,,,,0,FALSE
103,"all",2000,0,2000,0,,,,,0,FALSE
103,"delta_wlsmv",2000,0,2000,0,,,,,0,FALSE
104,"policy_sb",2000,0,2000,0,,,,,0,FALSE
104,"policy_peba4",2000,0,2000,0,,,,,0,FALSE
104,"all",2000,0,2000,0,,,,,0,FALSE
104,"delta_wlsmv",2000,0,2000,0,,,,,0,FALSE
105,"policy_sb",2000,2000,0,95,0.0475,0.0390140205961784,0.0577209071933555,,0,FALSE
105,"policy_peba4",2000,2000,0,95,0.0475,0.0390140205961784,0.0577209071933555,,0,FALSE
105,"all",2000,2000,0,94,0.047,0.0385614023651686,0.0571754424716466,,0,FALSE
105,"delta_wlsmv",2000,0,2000,0,,,,,0,FALSE
106,"policy_sb",2000,1994,6,108,0.0541624874623872,0.0450579146234869,0.0649815771740576,,0,FALSE
106,"policy_peba4",2000,1994,6,107,0.0536609829488465,0.0446005659027805,0.0644378454580909,,0,FALSE
106,"all",2000,1994,6,103,0.0516549648946841,0.0427735807211102,0.0622605088930684,,0,FALSE
106,"delta_wlsmv",2000,0,2000,0,,,,,0,FALSE
107,"policy_sb",2000,2000,0,122,0.061,0.0513289811081226,0.0723541864048174,,0,FALSE
107,"policy_peba4",2000,2000,0,120,0.06,0.0504111971143165,0.0712758044931861,,0,FALSE
107,"all",2000,2000,0,107,0.0535,0.044466187536516,0.0642457356856429,,0,FALSE
107,"delta_wlsmv",2000,0,2000,0,,,,,0,FALSE
108,"policy_sb",2000,2000,0,100,0.05,0.0412812336187317,0.0604441089343959,,0,FALSE
108,"policy_peba4",2000,2000,0,97,0.0485,0.0399200934428771,0.0588110002520943,,0,FALSE
108,"all",2000,2000,0,80,0.04,0.0322567469399812,0.0495069365587715,,0,FALSE
108,"delta_wlsmv",2000,0,2000,0,,,,,0,FALSE
109,"policy_sb",2000,1998,2,147,0.0735735735735736,0.0629259612237421,0.0858577786215479,,0,FALSE
109,"policy_peba4",2000,1998,2,134,0.0670670670670671,0.0569088586381751,0.0788868396789328,,0,FALSE
109,"all",2000,1998,2,90,0.045045045045045,0.0367907499386293,0.0550454232061696,,0,FALSE
109,"delta_wlsmv",2000,0,2000,0,,,,,0,FALSE
110,"policy_sb",2000,1998,2,128,0.0640640640640641,0.0541414018931597,0.0756598157186333,,0,FALSE
110,"policy_peba4",2000,1998,2,111,0.0555555555555556,0.046337990949066,0.0664788646643349,,0,FALSE
110,"all",2000,1998,2,75,0.0375375375375375,0.0300514113495,0.0467985600320118,,0,FALSE
110,"delta_wlsmv",2000,0,2000,0,,,,,0,FALSE
111,"policy_sb",2000,0,2000,0,,,,,0,FALSE
111,"policy_peba4",2000,0,2000,0,,,,,0,FALSE
111,"all",2000,0,2000,0,,,,,0,FALSE
111,"delta_wlsmv",2000,0,2000,0,,,,,0,FALSE
112,"policy_sb",2000,0,2000,0,,,,,0,FALSE
112,"policy_peba4",2000,0,2000,0,,,,,0,FALSE
112,"all",2000,0,2000,0,,,,,0,FALSE
112,"delta_wlsmv",2000,0,2000,0,,,,,0,FALSE
113,"policy_sb",2000,2000,0,115,0.0575,0.0481203130334255,0.0685762738104833,,0,FALSE
113,"policy_peba4",2000,2000,0,115,0.0575,0.0481203130334255,0.0685762738104833,,0,FALSE
113,"all",2000,2000,0,114,0.057,0.0476627688782296,0.0680357350129605,,0,FALSE
113,"delta_wlsmv",2000,0,2000,0,,,,,0,FALSE
114,"policy_sb",2000,2000,0,101,0.0505,0.041735473261678,0.0609879522441684,,0,FALSE
114,"policy_peba4",2000,2000,0,101,0.0505,0.041735473261678,0.0609879522441684,,0,FALSE
114,"all",2000,2000,0,100,0.05,0.0412812336187317,0.0604441089343959,,0,FALSE
114,"delta_wlsmv",2000,0,2000,0,,,,,0,FALSE
115,"policy_sb",2000,2000,0,112,0.056,0.0467483339387645,0.066954004046988,,0,FALSE
115,"policy_peba4",2000,2000,0,112,0.056,0.0467483339387645,0.066954004046988,,0,FALSE
115,"all",2000,2000,0,102,0.051,0.0421899699173155,0.0615315385412496,,0,FALSE
115,"delta_wlsmv",2000,0,2000,0,,,,,0,FALSE
116,"policy_sb",2000,2000,0,123,0.0615,0.0517881702341286,0.0728930802315302,,0,FALSE
116,"policy_peba4",2000,2000,0,121,0.0605,0.0508699893106399,0.0718150952495814,,0,FALSE
116,"all",2000,2000,0,107,0.0535,0.044466187536516,0.0642457356856429,,0,FALSE
116,"delta_wlsmv",2000,0,2000,0,,,,,0,FALSE
117,"policy_sb",2000,2000,0,135,0.0675,0.0573130624158043,0.0793451834824795,,0,FALSE
117,"policy_peba4",2000,2000,0,126,0.063,0.0531668995291548,0.0745085997946602,,0,FALSE
117,"all",2000,2000,0,103,0.0515,0.0426447200503388,0.062074871360945,,0,FALSE
117,"delta_wlsmv",2000,0,2000,0,,,,,0,FALSE
118,"policy_sb",2000,2000,0,144,0.072,0.0614731333172614,0.0841678591554911,,0,TRUE
118,"policy_peba4",2000,2000,0,133,0.0665,0.0563904454358221,0.0782716345570242,,0,FALSE
118,"all",2000,2000,0,102,0.051,0.0421899699173155,0.0615315385412496,,0,FALSE
118,"delta_wlsmv",2000,0,2000,0,,,,,0,FALSE
119,"policy_sb",2000,0,2000,0,,,,,0,FALSE
119,"policy_peba4",2000,0,2000,0,,,,,0,FALSE
119,"all",2000,0,2000,0,,,,,0,FALSE
119,"delta_wlsmv",2000,0,2000,0,,,,,0,FALSE
120,"policy_sb",2000,0,2000,0,,,,,0,FALSE
120,"policy_peba4",2000,0,2000,0,,,,,0,FALSE
120,"all",2000,0,2000,0,,,,,0,FALSE
120,"delta_wlsmv",2000,0,2000,0,,,,,0,FALSE
121,"policy_sb",2000,2000,0,85,0.0425,0.034501179710098,0.0522529185522484,,0,FALSE
121,"policy_peba4",2000,2000,0,85,0.0425,0.034501179710098,0.0522529185522484,,0,FALSE
121,"all",2000,2000,0,84,0.042,0.0340516147420547,0.051704400567573,,0,FALSE
121,"delta_wlsmv",2000,0,2000,0,,,,,0,FALSE
122,"policy_sb",2000,2000,0,100,0.05,0.0412812336187317,0.0604441089343959,,0,FALSE
122,"policy_peba4",2000,2000,0,99,0.0495,0.0408272546108082,0.0599000049896006,,0,FALSE
122,"all",2000,2000,0,99,0.0495,0.0408272546108082,0.0599000049896006,,0,FALSE
122,"delta_wlsmv",2000,0,2000,0,,,,,0,FALSE
123,"policy_sb",2000,2000,0,108,0.054,0.0449221548758202,0.0647878512990574,,0,FALSE
123,"policy_peba4",2000,2000,0,106,0.053,0.0440104572057971,0.063703383063643,,0,FALSE
123,"all",2000,2000,0,100,0.05,0.0412812336187317,0.0604441089343959,,0,FALSE
123,"delta_wlsmv",2000,0,2000,0,,,,,0,FALSE
124,"policy_sb",2000,2000,0,132,0.066,0.0559293986400836,0.077734598400044,,0,FALSE
124,"policy_peba4",2000,2000,0,132,0.066,0.0559293986400836,0.077734598400044,,0,FALSE
124,"all",2000,2000,0,119,0.0595,0.0499526068384122,0.0707363118163716,,0,FALSE
124,"delta_wlsmv",2000,0,2000,0,,,,,0,FALSE
125,"policy_sb",2000,2000,0,121,0.0605,0.0508699893106399,0.0718150952495814,,0,FALSE
125,"policy_peba4",2000,2000,0,114,0.057,0.0476627688782296,0.0680357350129605,,0,FALSE
125,"all",2000,2000,0,93,0.0465,0.0381090685112083,0.0566296933728881,,0,FALSE
125,"delta_wlsmv",2000,0,2000,0,,,,,0,FALSE
126,"policy_sb",2000,2000,0,159,0.0795,0.0684343507111252,0.0921778860524085,,0,TRUE
126,"policy_peba4",2000,2000,0,150,0.075,0.0642536480572273,0.0873758421318377,,0,TRUE
126,"all",2000,2000,0,117,0.0585,0.0490360415662087,0.0696567111831376,,0,FALSE
126,"delta_wlsmv",2000,0,2000,0,,,,,0,FALSE
127,"policy_sb",2000,0,2000,0,,,,,0,FALSE
127,"policy_peba4",2000,0,2000,0,,,,,0,FALSE
127,"all",2000,0,2000,0,,,,,0,FALSE
127,"delta_wlsmv",2000,0,2000,0,,,,,0,FALSE
128,"policy_sb",2000,0,2000,0,,,,,0,FALSE
128,"policy_peba4",2000,0,2000,0,,,,,0,FALSE
128,"all",2000,0,2000,0,,,,,0,FALSE
128,"delta_wlsmv",2000,0,2000,0,,,,,0,FALSE
129,"policy_sb",2000,2000,0,114,0.057,0.0476627688782296,0.0680357350129605,,0,FALSE
129,"policy_peba4",2000,2000,0,112,0.056,0.0467483339387645,0.066954004046988,,0,FALSE
129,"all",2000,2000,0,112,0.056,0.0467483339387645,0.066954004046988,,0,FALSE
129,"delta_wlsmv",2000,0,2000,0,,,,,0,FALSE
130,"policy_sb",2000,2000,0,88,0.044,0.0358518204164165,0.0538965267040861,,0,FALSE
130,"policy_peba4",2000,2000,0,88,0.044,0.0358518204164165,0.0538965267040861,,0,FALSE
130,"all",2000,2000,0,88,0.044,0.0358518204164165,0.0538965267040861,,0,FALSE
130,"delta_wlsmv",2000,0,2000,0,,,,,0,FALSE
131,"policy_sb",2000,2000,0,117,0.0585,0.0490360415662087,0.0696567111831376,,0,FALSE
131,"policy_peba4",2000,2000,0,116,0.058,0.0485780714540138,0.0691165983426138,,0,FALSE
131,"all",2000,2000,0,112,0.056,0.0467483339387645,0.066954004046988,,0,FALSE
131,"delta_wlsmv",2000,0,2000,0,,,,,0,FALSE
132,"policy_sb",2000,2000,0,123,0.0615,0.0517881702341286,0.0728930802315302,,0,FALSE
132,"policy_peba4",2000,2000,0,120,0.06,0.0504111971143165,0.0712758044931861,,0,FALSE
132,"all",2000,2000,0,105,0.0525,0.0435549670251113,0.0631607902916101,,0,FALSE
132,"delta_wlsmv",2000,0,2000,0,,,,,0,FALSE
133,"policy_sb",2000,2000,0,123,0.0615,0.0517881702341286,0.0728930802315302,,0,FALSE
133,"policy_peba4",2000,2000,0,117,0.0585,0.0490360415662087,0.0696567111831376,,0,FALSE
133,"all",2000,2000,0,96,0.048,0.039466918990741,0.0582660917515116,,0,FALSE
133,"delta_wlsmv",2000,0,2000,0,,,,,0,FALSE
134,"policy_sb",2000,2000,0,154,0.077,0.0661103108454566,0.0895115111544834,,0,TRUE
134,"policy_peba4",2000,2000,0,142,0.071,0.0605475347817268,0.0830972917855882,,0,TRUE
134,"all",2000,2000,0,108,0.054,0.0449221548758202,0.0647878512990574,,0,FALSE
134,"delta_wlsmv",2000,0,2000,0,,,,,0,FALSE
135,"policy_sb",2000,0,2000,0,,,,,0,FALSE
135,"policy_peba4",2000,0,2000,0,,,,,0,FALSE
135,"all",2000,0,2000,0,,,,,0,FALSE
135,"delta_wlsmv",2000,0,2000,0,,,,,0,FALSE
136,"policy_sb",2000,0,2000,0,,,,,0,FALSE
136,"policy_peba4",2000,0,2000,0,,,,,0,FALSE
136,"all",2000,0,2000,0,,,,,0,FALSE
136,"delta_wlsmv",2000,0,2000,0,,,,,0,FALSE
137,"policy_sb",2000,2000,0,110,0.055,0.045834788368645,0.06587138371167,,0,FALSE
137,"policy_peba4",2000,2000,0,110,0.055,0.045834788368645,0.06587138371167,,0,FALSE
137,"all",2000,2000,0,110,0.055,0.045834788368645,0.06587138371167,,0,FALSE
137,"delta_wlsmv",2000,0,2000,0,,,,,0,FALSE
138,"policy_sb",2000,2000,0,91,0.0455,0.0372052713502014,0.0555373246284575,,0,FALSE
138,"policy_peba4",2000,2000,0,90,0.045,0.0367538170447133,0.0549906959812269,,0,FALSE
138,"all",2000,2000,0,86,0.043,0.0349510725446127,0.0528011086704525,,0,FALSE
138,"delta_wlsmv",2000,0,2000,0,,,,,0,FALSE
139,"policy_sb",2000,2000,0,99,0.0495,0.0408272546108082,0.0599000049896006,,0,FALSE
139,"policy_peba4",2000,2000,0,96,0.048,0.039466918990741,0.0582660917515116,,0,FALSE
139,"all",2000,2000,0,89,0.0445,0.0363026651284068,0.0544437649448146,,0,FALSE
139,"delta_wlsmv",2000,0,2000,0,,,,,0,FALSE
140,"policy_sb",2000,2000,0,105,0.0525,0.0435549670251113,0.0631607902916101,,0,FALSE
140,"policy_peba4",2000,2000,0,105,0.0525,0.0435549670251113,0.0631607902916101,,0,FALSE
140,"all",2000,2000,0,94,0.047,0.0385614023651686,0.0571754424716466,,0,FALSE
140,"delta_wlsmv",2000,0,2000,0,,,,,0,FALSE
141,"policy_sb",2000,2000,0,126,0.063,0.0531668995291548,0.0745085997946602,,0,FALSE
141,"policy_peba4",2000,2000,0,116,0.058,0.0485780714540138,0.0691165983426138,,0,FALSE
141,"all",2000,2000,0,98,0.049,0.0403735399503073,0.0593556366973829,,0,FALSE
141,"delta_wlsmv",2000,0,2000,0,,,,,0,FALSE
142,"policy_sb",2000,2000,0,156,0.078,0.0670395061348577,0.0905784817705198,,0,TRUE
142,"policy_peba4",2000,2000,0,145,0.0725,0.0619361686955532,0.084702906729918,,0,TRUE
142,"all",2000,2000,0,115,0.0575,0.0481203130334255,0.0685762738104833,,0,FALSE
142,"delta_wlsmv",2000,0,2000,0,,,,,0,FALSE
143,"policy_sb",2000,0,2000,0,,,,,0,FALSE
143,"policy_peba4",2000,0,2000,0,,,,,0,FALSE
143,"all",2000,0,2000,0,,,,,0,FALSE
143,"delta_wlsmv",2000,0,2000,0,,,,,0,FALSE
144,"policy_sb",2000,0,2000,0,,,,,0,FALSE
144,"policy_peba4",2000,0,2000,0,,,,,0,FALSE
144,"all",2000,0,2000,0,,,,,0,FALSE
144,"delta_wlsmv",2000,0,2000,0,,,,,0,FALSE
145,"policy_sb",2000,2000,0,101,0.0505,0.041735473261678,0.0609879522441684,,0,FALSE
145,"policy_peba4",2000,2000,0,101,0.0505,0.041735473261678,0.0609879522441684,,0,FALSE
145,"all",2000,2000,0,98,0.049,0.0403735399503073,0.0593556366973829,,0,FALSE
145,"delta_wlsmv",2000,0,2000,0,,,,,0,FALSE
146,"policy_sb",2000,2000,0,94,0.047,0.0385614023651686,0.0571754424716466,,0,FALSE
146,"policy_peba4",2000,2000,0,92,0.046,0.0376570233593111,0.0560836555720665,,0,FALSE
146,"all",2000,2000,0,89,0.0445,0.0363026651284068,0.0544437649448146,,0,FALSE
146,"delta_wlsmv",2000,0,2000,0,,,,,0,FALSE
147,"policy_sb",2000,2000,0,108,0.054,0.0449221548758202,0.0647878512990574,,0,FALSE
147,"policy_peba4",2000,2000,0,105,0.0525,0.0435549670251113,0.0631607902916101,,0,FALSE
147,"all",2000,2000,0,97,0.0485,0.0399200934428771,0.0588110002520943,,0,FALSE
147,"delta_wlsmv",2000,0,2000,0,,,,,0,FALSE
148,"policy_sb",2000,2000,0,104,0.052,0.0430997202095579,0.0626179541544447,,0,FALSE
148,"policy_peba4",2000,2000,0,99,0.0495,0.0408272546108082,0.0599000049896006,,0,FALSE
148,"all",2000,2000,0,86,0.043,0.0349510725446127,0.0528011086704525,,0,FALSE
148,"delta_wlsmv",2000,0,2000,0,,,,,0,FALSE
149,"policy_sb",2000,2000,0,119,0.0595,0.0499526068384122,0.0707363118163716,,0,FALSE
149,"policy_peba4",2000,2000,0,112,0.056,0.0467483339387645,0.066954004046988,,0,FALSE
149,"all",2000,2000,0,86,0.043,0.0349510725446127,0.0528011086704525,,0,FALSE
149,"delta_wlsmv",2000,0,2000,0,,,,,0,FALSE
150,"policy_sb",2000,2000,0,156,0.078,0.0670395061348577,0.0905784817705198,,0,FALSE
150,"policy_peba4",2000,2000,0,143,0.0715,0.0610102548427334,0.0836326546773004,,0,FALSE
150,"all",2000,2000,0,105,0.0525,0.0435549670251113,0.0631607902916101,,0,FALSE
150,"delta_wlsmv",2000,0,2000,0,,,,,0,FALSE
151,"policy_sb",2000,0,2000,0,,,,,0,FALSE
151,"policy_peba4",2000,0,2000,0,,,,,0,FALSE
151,"all",2000,0,2000,0,,,,,0,FALSE
151,"delta_wlsmv",2000,0,2000,0,,,,,0,FALSE
152,"policy_sb",2000,0,2000,0,,,,,0,FALSE
152,"policy_peba4",2000,0,2000,0,,,,,0,FALSE
152,"all",2000,0,2000,0,,,,,0,FALSE
152,"delta_wlsmv",2000,0,2000,0,,,,,0,FALSE
153,"policy_sb",2000,2000,0,98,0.049,0.0403735399503073,0.0593556366973829,,0,FALSE
153,"policy_peba4",2000,2000,0,98,0.049,0.0403735399503073,0.0593556366973829,,0,FALSE
153,"all",2000,2000,0,97,0.0485,0.0399200934428771,0.0588110002520943,,0,FALSE
153,"delta_wlsmv",2000,0,2000,0,,,,,0,FALSE
154,"policy_sb",2000,2000,0,116,0.058,0.0485780714540138,0.0691165983426138,,0,FALSE
154,"policy_peba4",2000,2000,0,115,0.0575,0.0481203130334255,0.0685762738104833,,0,FALSE
154,"all",2000,2000,0,111,0.0555,0.046291448586849,0.0664128064461848,,0,FALSE
154,"delta_wlsmv",2000,0,2000,0,,,,,0,FALSE
155,"policy_sb",2000,2000,0,108,0.054,0.0449221548758202,0.0647878512990574,,0,FALSE
155,"policy_peba4",2000,2000,0,101,0.0505,0.041735473261678,0.0609879522441684,,0,FALSE
155,"all",2000,2000,0,86,0.043,0.0349510725446127,0.0528011086704525,,0,FALSE
155,"delta_wlsmv",2000,0,2000,0,,,,,0,FALSE
156,"policy_sb",2000,2000,0,115,0.0575,0.0481203130334255,0.0685762738104833,,0,FALSE
156,"policy_peba4",2000,2000,0,112,0.056,0.0467483339387645,0.066954004046988,,0,FALSE
156,"all",2000,2000,0,98,0.049,0.0403735399503073,0.0593556366973829,,0,FALSE
156,"delta_wlsmv",2000,0,2000,0,,,,,0,FALSE
157,"policy_sb",2000,2000,0,159,0.0795,0.0684343507111252,0.0921778860524085,,0,FALSE
157,"policy_peba4",2000,2000,0,145,0.0725,0.0619361686955532,0.084702906729918,,0,FALSE
157,"all",2000,2000,0,100,0.05,0.0412812336187317,0.0604441089343959,,0,FALSE
157,"delta_wlsmv",2000,0,2000,0,,,,,0,FALSE
158,"policy_sb",2000,1999,1,120,0.0600300150075038,0.0504365321872512,0.0713112266015408,,0,FALSE
158,"policy_peba4",2000,1999,1,109,0.0545272636318159,0.0454011557117102,0.065362208928903,,0,FALSE
158,"all",2000,1999,1,71,0.0355177588794397,0.0282540501722318,0.0445632255928544,,0,FALSE
158,"delta_wlsmv",2000,0,2000,0,,,,,0,FALSE
159,"policy_sb",2000,0,2000,0,,,,,0,FALSE
159,"policy_peba4",2000,0,2000,0,,,,,0,FALSE
159,"all",2000,0,2000,0,,,,,0,FALSE
159,"delta_wlsmv",2000,0,2000,0,,,,,0,FALSE
160,"policy_sb",2000,0,2000,0,,,,,0,FALSE
160,"policy_peba4",2000,0,2000,0,,,,,0,FALSE
160,"all",2000,0,2000,0,,,,,0,FALSE
160,"delta_wlsmv",2000,0,2000,0,,,,,0,FALSE
161,"policy_sb",2000,2000,0,110,0.055,0.045834788368645,0.06587138371167,,0,FALSE
161,"policy_peba4",2000,2000,0,110,0.055,0.045834788368645,0.06587138371167,,0,FALSE
161,"all",2000,2000,0,109,0.0545,0.0453783561535632,0.0653297329740332,,0,FALSE
161,"delta_wlsmv",2000,0,2000,0,,,,,0,FALSE
162,"policy_sb",2000,2000,0,90,0.045,0.0367538170447133,0.0549906959812269,,0,FALSE
162,"policy_peba4",2000,2000,0,90,0.045,0.0367538170447133,0.0549906959812269,,0,FALSE
162,"all",2000,2000,0,89,0.0445,0.0363026651284068,0.0544437649448146,,0,FALSE
162,"delta_wlsmv",2000,0,2000,0,,,,,0,FALSE
163,"policy_sb",2000,2000,0,95,0.0475,0.0390140205961784,0.0577209071933555,,0,FALSE
163,"policy_peba4",2000,2000,0,93,0.0465,0.0381090685112083,0.0566296933728881,,0,FALSE
163,"all",2000,2000,0,85,0.0425,0.034501179710098,0.0522529185522484,,0,FALSE
163,"delta_wlsmv",2000,0,2000,0,,,,,0,FALSE
164,"policy_sb",2000,2000,0,111,0.0555,0.046291448586849,0.0664128064461848,,0,FALSE
164,"policy_peba4",2000,2000,0,107,0.0535,0.044466187536516,0.0642457356856429,,0,FALSE
164,"all",2000,2000,0,98,0.049,0.0403735399503073,0.0593556366973829,,0,FALSE
164,"delta_wlsmv",2000,0,2000,0,,,,,0,FALSE
165,"policy_sb",2000,2000,0,144,0.072,0.0614731333172614,0.0841678591554911,,0,TRUE
165,"policy_peba4",2000,2000,0,128,0.064,0.0540869993525532,0.0755846658766994,,0,FALSE
165,"all",2000,2000,0,97,0.0485,0.0399200934428771,0.0588110002520943,,0,FALSE
165,"delta_wlsmv",2000,0,2000,0,,,,,0,FALSE
166,"policy_sb",2000,2000,0,141,0.0705,0.0600849746701732,0.0825617689444231,,0,TRUE
166,"policy_peba4",2000,2000,0,132,0.066,0.0559293986400836,0.077734598400044,,0,FALSE
166,"all",2000,2000,0,100,0.05,0.0412812336187317,0.0604441089343959,,0,FALSE
166,"delta_wlsmv",2000,0,2000,0,,,,,0,FALSE
167,"policy_sb",2000,0,2000,0,,,,,0,FALSE
167,"policy_peba4",2000,0,2000,0,,,,,0,FALSE
167,"all",2000,0,2000,0,,,,,0,FALSE
167,"delta_wlsmv",2000,0,2000,0,,,,,0,FALSE
168,"policy_sb",2000,0,2000,0,,,,,0,FALSE
168,"policy_peba4",2000,0,2000,0,,,,,0,FALSE
168,"all",2000,0,2000,0,,,,,0,FALSE
168,"delta_wlsmv",2000,0,2000,0,,,,,0,FALSE
169,"policy_sb",2000,2000,0,93,0.0465,0.0381090685112083,0.0566296933728881,,0,FALSE
169,"policy_peba4",2000,2000,0,93,0.0465,0.0381090685112083,0.0566296933728881,,0,FALSE
169,"all",2000,2000,0,91,0.0455,0.0372052713502014,0.0555373246284575,,0,FALSE
169,"delta_wlsmv",2000,0,2000,0,,,,,0,FALSE
170,"policy_sb",2000,2000,0,101,0.0505,0.041735473261678,0.0609879522441684,,0,FALSE
170,"policy_peba4",2000,2000,0,101,0.0505,0.041735473261678,0.0609879522441684,,0,FALSE
170,"all",2000,2000,0,100,0.05,0.0412812336187317,0.0604441089343959,,0,FALSE
170,"delta_wlsmv",2000,0,2000,0,,,,,0,FALSE
171,"policy_sb",2000,2000,0,114,0.057,0.0476627688782296,0.0680357350129605,,0,FALSE
171,"policy_peba4",2000,2000,0,111,0.0555,0.046291448586849,0.0664128064461848,,0,FALSE
171,"all",2000,2000,0,98,0.049,0.0403735399503073,0.0593556366973829,,0,FALSE
171,"delta_wlsmv",2000,0,2000,0,,,,,0,FALSE
172,"policy_sb",2000,2000,0,125,0.0625,0.052707131606488,0.0739702847646083,,0,FALSE
172,"policy_peba4",2000,2000,0,122,0.061,0.0513289811081226,0.0723541864048174,,0,FALSE
172,"all",2000,2000,0,106,0.053,0.0440104572057971,0.063703383063643,,0,FALSE
172,"delta_wlsmv",2000,0,2000,0,,,,,0,FALSE
173,"policy_sb",2000,2000,0,139,0.0695,0.0591603405738976,0.0814902371352612,,0,FALSE
173,"policy_peba4",2000,2000,0,128,0.064,0.0540869993525532,0.0755846658766994,,0,FALSE
173,"all",2000,2000,0,102,0.051,0.0421899699173155,0.0615315385412496,,0,FALSE
173,"delta_wlsmv",2000,0,2000,0,,,,,0,FALSE
174,"policy_sb",2000,2000,0,150,0.075,0.0642536480572273,0.0873758421318377,,0,TRUE
174,"policy_peba4",2000,2000,0,137,0.0685,0.0582363653897786,0.0804180464139427,,0,FALSE
174,"all",2000,2000,0,104,0.052,0.0430997202095579,0.0626179541544447,,0,FALSE
174,"delta_wlsmv",2000,0,2000,0,,,,,0,FALSE
175,"policy_sb",2000,0,2000,0,,,,,0,FALSE
175,"policy_peba4",2000,0,2000,0,,,,,0,FALSE
175,"all",2000,0,2000,0,,,,,0,FALSE
175,"delta_wlsmv",2000,0,2000,0,,,,,0,FALSE
176,"policy_sb",2000,0,2000,0,,,,,0,FALSE
176,"policy_peba4",2000,0,2000,0,,,,,0,FALSE
176,"all",2000,0,2000,0,,,,,0,FALSE
176,"delta_wlsmv",2000,0,2000,0,,,,,0,FALSE
177,"policy_sb",2000,2000,0,100,0.05,0.0412812336187317,0.0604441089343959,,0,FALSE
177,"policy_peba4",2000,2000,0,100,0.05,0.0412812336187317,0.0604441089343959,,0,FALSE
177,"all",2000,2000,0,100,0.05,0.0412812336187317,0.0604441089343959,,0,FALSE
177,"delta_wlsmv",2000,0,2000,0,,,,,0,FALSE
178,"policy_sb",2000,2000,0,94,0.047,0.0385614023651686,0.0571754424716466,,0,FALSE
178,"policy_peba4",2000,2000,0,94,0.047,0.0385614023651686,0.0571754424716466,,0,FALSE
178,"all",2000,2000,0,93,0.0465,0.0381090685112083,0.0566296933728881,,0,FALSE
178,"delta_wlsmv",2000,0,2000,0,,,,,0,FALSE
179,"policy_sb",2000,2000,0,129,0.0645,0.054547327176289,0.0761224210056823,,0,FALSE
179,"policy_peba4",2000,2000,0,128,0.064,0.0540869993525532,0.0755846658766994,,0,FALSE
179,"all",2000,2000,0,120,0.06,0.0504111971143165,0.0712758044931861,,0,FALSE
179,"delta_wlsmv",2000,0,2000,0,,,,,0,FALSE
180,"policy_sb",2000,2000,0,109,0.0545,0.0453783561535632,0.0653297329740332,,0,FALSE
180,"policy_peba4",2000,2000,0,108,0.054,0.0449221548758202,0.0647878512990574,,0,FALSE
180,"all",2000,2000,0,103,0.0515,0.0426447200503388,0.062074871360945,,0,FALSE
180,"delta_wlsmv",2000,0,2000,0,,,,,0,FALSE
181,"policy_sb",2000,2000,0,138,0.069,0.0586982697977959,0.0809542249586442,,0,FALSE
181,"policy_peba4",2000,2000,0,132,0.066,0.0559293986400836,0.077734598400044,,0,FALSE
181,"all",2000,2000,0,101,0.0505,0.041735473261678,0.0609879522441684,,0,FALSE
181,"delta_wlsmv",2000,0,2000,0,,,,,0,FALSE
182,"policy_sb",2000,2000,0,104,0.052,0.0430997202095579,0.0626179541544447,,0,FALSE
182,"policy_peba4",2000,2000,0,97,0.0485,0.0399200934428771,0.0588110002520943,,0,FALSE
182,"all",2000,2000,0,81,0.0405,0.0327049433144033,0.0500568231370682,,0,FALSE
182,"delta_wlsmv",2000,0,2000,0,,,,,0,FALSE
183,"policy_sb",2000,0,2000,0,,,,,0,FALSE
183,"policy_peba4",2000,0,2000,0,,,,,0,FALSE
183,"all",2000,0,2000,0,,,,,0,FALSE
183,"delta_wlsmv",2000,0,2000,0,,,,,0,FALSE
184,"policy_sb",2000,0,2000,0,,,,,0,FALSE
184,"policy_peba4",2000,0,2000,0,,,,,0,FALSE
184,"all",2000,0,2000,0,,,,,0,FALSE
184,"delta_wlsmv",2000,0,2000,0,,,,,0,FALSE
185,"policy_sb",2000,2000,0,92,0.046,0.0376570233593111,0.0560836555720665,,0,FALSE
185,"policy_peba4",2000,2000,0,92,0.046,0.0376570233593111,0.0560836555720665,,0,FALSE
185,"all",2000,2000,0,91,0.0455,0.0372052713502014,0.0555373246284575,,0,FALSE
185,"delta_wlsmv",2000,0,2000,0,,,,,0,FALSE
186,"policy_sb",2000,2000,0,92,0.046,0.0376570233593111,0.0560836555720665,,0,FALSE
186,"policy_peba4",2000,2000,0,91,0.0455,0.0372052713502014,0.0555373246284575,,0,FALSE
186,"all",2000,2000,0,91,0.0455,0.0372052713502014,0.0555373246284575,,0,FALSE
186,"delta_wlsmv",2000,0,2000,0,,,,,0,FALSE
187,"policy_sb",2000,2000,0,109,0.0545,0.0453783561535632,0.0653297329740332,,0,FALSE
187,"policy_peba4",2000,2000,0,109,0.0545,0.0453783561535632,0.0653297329740332,,0,FALSE
187,"all",2000,2000,0,103,0.0515,0.0426447200503388,0.062074871360945,,0,FALSE
187,"delta_wlsmv",2000,0,2000,0,,,,,0,FALSE
188,"policy_sb",2000,2000,0,89,0.0445,0.0363026651284068,0.0544437649448146,,0,FALSE
188,"policy_peba4",2000,2000,0,86,0.043,0.0349510725446127,0.0528011086704525,,0,FALSE
188,"all",2000,2000,0,77,0.0385,0.0309143276166048,0.0478551070239917,,0,FALSE
188,"delta_wlsmv",2000,0,2000,0,,,,,0,FALSE
189,"policy_sb",2000,2000,0,143,0.0715,0.0610102548427334,0.0836326546773004,,0,TRUE
189,"policy_peba4",2000,2000,0,137,0.0685,0.0582363653897786,0.0804180464139427,,0,FALSE
189,"all",2000,2000,0,107,0.0535,0.044466187536516,0.0642457356856429,,0,FALSE
189,"delta_wlsmv",2000,0,2000,0,,,,,0,FALSE
190,"policy_sb",2000,2000,0,138,0.069,0.0586982697977959,0.0809542249586442,,0,FALSE
190,"policy_peba4",2000,2000,0,124,0.062,0.0522475544613382,0.0734317789570393,,0,FALSE
190,"all",2000,2000,0,96,0.048,0.039466918990741,0.0582660917515116,,0,FALSE
190,"delta_wlsmv",2000,0,2000,0,,,,,0,FALSE
191,"policy_sb",2000,0,2000,0,,,,,0,FALSE
191,"policy_peba4",2000,0,2000,0,,,,,0,FALSE
191,"all",2000,0,2000,0,,,,,0,FALSE
191,"delta_wlsmv",2000,0,2000,0,,,,,0,FALSE
192,"policy_sb",2000,0,2000,0,,,,,0,FALSE
192,"policy_peba4",2000,0,2000,0,,,,,0,FALSE
192,"all",2000,0,2000,0,,,,,0,FALSE
192,"delta_wlsmv",2000,0,2000,0,,,,,0,FALSE
193,"policy_sb",1000,1000,0,778,0.778,0.751205359138182,0.802666963143849,0.769,2000,FALSE
193,"policy_peba4",1000,1000,0,778,0.778,0.751205359138182,0.802666963143849,0.769,2000,FALSE
193,"all",1000,1000,0,777,0.777,0.750168106027899,0.801711869771104,0.769,2000,FALSE
193,"delta_wlsmv",1000,0,1000,0,,,,,0,FALSE
194,"policy_sb",1000,1000,0,666,0.666,0.6361818350568,0.694547681125996,0.649,2000,FALSE
194,"policy_peba4",1000,1000,0,664,0.664,0.634146413039448,0.692598410177291,0.649,2000,FALSE
194,"all",1000,1000,0,659,0.659,0.62906040909286,0.687722681708733,0.65,2000,FALSE
194,"delta_wlsmv",1000,0,1000,0,,,,,0,FALSE
195,"policy_sb",1000,1000,0,724,0.724,0.695476708271731,0.750808903926741,0.693,2000,FALSE
195,"policy_peba4",1000,1000,0,716,0.716,0.687265865424598,0.743080974909642,0.692,2000,FALSE
195,"all",1000,1000,0,704,0.704,0.674969656875873,0.731469025662021,0.69,2000,FALSE
195,"delta_wlsmv",1000,0,1000,0,,,,,0,FALSE
196,"policy_sb",1000,1000,0,594,0.594,0.563259274539663,0.624021294865053,0.587,2000,FALSE
196,"policy_peba4",1000,1000,0,587,0.587,0.556206675962838,0.617127468060675,0.587,2000,FALSE
196,"all",1000,1000,0,556,0.556,0.525049162509908,0.58652224053971,0.587,2000,FALSE
196,"delta_wlsmv",1000,0,1000,0,,,,,0,FALSE
197,"policy_sb",1000,1000,0,545,0.545,0.514022437734888,0.575633154001413,0.5,2000,FALSE
197,"policy_peba4",1000,1000,0,530,0.53,0.499010309093017,0.56076008539785,0.5,2000,FALSE
197,"all",1000,1000,0,486,0.486,0.455135255664408,0.516971893573188,0.498,2000,FALSE
197,"delta_wlsmv",1000,0,1000,0,,,,,0,FALSE
198,"policy_sb",1000,1000,0,393,0.393,0.36319283324055,0.423626093075359,0.31,2000,FALSE
198,"policy_peba4",1000,1000,0,366,0.366,0.336709441946604,0.396316129327525,0.31,2000,FALSE
198,"all",1000,1000,0,307,0.307,0.27919575142341,0.336281377352014,0.309,2000,FALSE
198,"delta_wlsmv",1000,0,1000,0,,,,,0,FALSE
199,"policy_sb",1000,0,1000,0,,,,,0,FALSE
199,"policy_peba4",1000,0,1000,0,,,,,0,FALSE
199,"all",1000,0,1000,0,,,,,0,FALSE
199,"delta_wlsmv",1000,0,1000,0,,,,,0,FALSE
200,"policy_sb",1000,0,1000,0,,,,,0,FALSE
200,"policy_peba4",1000,0,1000,0,,,,,0,FALSE
200,"all",1000,0,1000,0,,,,,0,FALSE
200,"delta_wlsmv",1000,0,1000,0,,,,,0,FALSE
201,"policy_sb",1000,1000,0,629,0.629,0.598619022654838,0.658393673655889,0.608,2000,FALSE
201,"policy_peba4",1000,1000,0,629,0.629,0.598619022654838,0.658393673655889,0.608,2000,FALSE
201,"all",1000,1000,0,627,0.627,0.596594041308896,0.656433962035773,0.607,2000,FALSE
201,"delta_wlsmv",1000,0,1000,0,,,,,0,FALSE
202,"policy_sb",1000,1000,0,468,0.468,0.437255224192227,0.498989688350848,0.457,2000,FALSE
202,"policy_peba4",1000,1000,0,465,0.465,0.434279118750699,0.49598875434329,0.457,2000,FALSE
202,"all",1000,1000,0,461,0.461,0.430312716614063,0.49198577054781,0.457,2000,FALSE
202,"delta_wlsmv",1000,0,1000,0,,,,,0,FALSE
203,"policy_sb",1000,1000,0,637,0.637,0.606724430819884,0.666227037355074,0.585,2000,FALSE
203,"policy_peba4",1000,1000,0,628,0.628,0.597606463790036,0.657413886037662,0.585,2000,FALSE
203,"all",1000,1000,0,602,0.602,0.571327194132069,0.631892147136877,0.582,2000,FALSE
203,"delta_wlsmv",1000,0,1000,0,,,,,0,FALSE
204,"policy_sb",1000,1000,0,456,0.456,0.425357512927513,0.486979241819215,0.437,2000,FALSE
204,"policy_peba4",1000,1000,0,440,0.44,0.40952185388954,0.470937357128726,0.436,2000,FALSE
204,"all",1000,1000,0,414,0.414,0.383857881640627,0.444800320818889,0.432,2000,FALSE
204,"delta_wlsmv",1000,0,1000,0,,,,,0,FALSE
205,"policy_sb",1000,1000,0,561,0.561,0.530066327608115,0.591466807856647,0.467,1999,FALSE
205,"policy_peba4",1000,1000,0,535,0.535,0.50401124565671,0.565720881249301,0.466,1999,FALSE
205,"all",1000,1000,0,469,0.469,0.438247507417386,0.499989751608718,0.465,1999,FALSE
205,"delta_wlsmv",1000,0,1000,0,,,,,0,FALSE
206,"policy_sb",1000,1000,0,390,0.39,0.360245406369629,0.420596480497193,0.353,1999,FALSE
206,"policy_peba4",1000,1000,0,368,0.368,0.338667784047665,0.398342480192521,0.353,1999,FALSE
206,"all",1000,1000,0,305,0.305,0.277255272480973,0.334237163328393,0.352,1999,FALSE
206,"delta_wlsmv",1000,0,1000,0,,,,,0,FALSE
207,"policy_sb",1000,0,1000,0,,,,,0,FALSE
207,"policy_peba4",1000,0,1000,0,,,,,0,FALSE
207,"all",1000,0,1000,0,,,,,0,FALSE
207,"delta_wlsmv",1000,0,1000,0,,,,,0,FALSE
208,"policy_sb",1000,0,1000,0,,,,,0,FALSE
208,"policy_peba4",1000,0,1000,0,,,,,0,FALSE
208,"all",1000,0,1000,0,,,,,0,FALSE
208,"delta_wlsmv",1000,0,1000,0,,,,,0,FALSE
209,"policy_sb",1000,1000,0,982,0.982,0.971726744829493,0.988584259990432,0.985,2000,FALSE
209,"policy_peba4",1000,1000,0,982,0.982,0.971726744829493,0.988584259990432,0.985,2000,FALSE
209,"all",1000,1000,0,982,0.982,0.971726744829493,0.988584259990432,0.985,2000,FALSE
209,"delta_wlsmv",1000,0,1000,0,,,,,0,FALSE
210,"policy_sb",1000,1000,0,962,0.962,0.94827307966865,0.972190995490697,0.96,2000,FALSE
210,"policy_peba4",1000,1000,0,961,0.961,0.947130689580499,0.97134103909582,0.96,2000,FALSE
210,"all",1000,1000,0,961,0.961,0.947130689580499,0.97134103909582,0.96,2000,FALSE
210,"delta_wlsmv",1000,0,1000,0,,,,,0,FALSE
211,"policy_sb",1000,1000,0,984,0.984,0.97416793978826,0.990127757997723,0.983,2000,FALSE
211,"policy_peba4",1000,1000,0,984,0.984,0.97416793978826,0.990127757997723,0.983,2000,FALSE
211,"all",1000,1000,0,981,0.981,0.970515544087687,0.987803114249209,0.982,2000,FALSE
211,"delta_wlsmv",1000,0,1000,0,,,,,0,FALSE
212,"policy_sb",1000,1000,0,929,0.929,0.911386336569845,0.943330304649549,0.926,2000,FALSE
212,"policy_peba4",1000,1000,0,928,0.928,0.910288216417279,0.942436078319086,0.926,2000,FALSE
212,"all",1000,1000,0,926,0.926,0.908094594354414,0.940645007415893,0.926,2000,FALSE
212,"delta_wlsmv",1000,0,1000,0,,,,,0,FALSE
213,"policy_sb",1000,1000,0,916,0.916,0.897174950617783,0.931641186322236,0.883,2000,FALSE
213,"policy_peba4",1000,1000,0,911,0.911,0.891742648437881,0.927111756086993,0.883,2000,FALSE
213,"all",1000,1000,0,884,0.884,0.862666726522727,0.902394322960366,0.882,2000,FALSE
213,"delta_wlsmv",1000,0,1000,0,,,,,0,FALSE
214,"policy_sb",1000,1000,0,794,0.794,0.767831257143385,0.817918608867109,0.76,2000,FALSE
214,"policy_peba4",1000,1000,0,778,0.778,0.751205359138182,0.802666963143849,0.758,2000,FALSE
214,"all",1000,1000,0,723,0.723,0.694449756063755,0.749843509651687,0.755,2000,FALSE
214,"delta_wlsmv",1000,0,1000,0,,,,,0,FALSE
215,"policy_sb",1000,0,1000,0,,,,,0,FALSE
215,"policy_peba4",1000,0,1000,0,,,,,0,FALSE
215,"all",1000,0,1000,0,,,,,0,FALSE
215,"delta_wlsmv",1000,0,1000,0,,,,,0,FALSE
216,"policy_sb",1000,0,1000,0,,,,,0,FALSE
216,"policy_peba4",1000,0,1000,0,,,,,0,FALSE
216,"all",1000,0,1000,0,,,,,0,FALSE
216,"delta_wlsmv",1000,0,1000,0,,,,,0,FALSE
217,"policy_sb",1000,1000,0,944,0.944,0.927976651850269,0.956625186614558,0.955,2000,FALSE
217,"policy_peba4",1000,1000,0,943,0.943,0.926862932340514,0.955746559641284,0.955,2000,FALSE
217,"all",1000,1000,0,943,0.943,0.926862932340514,0.955746559641284,0.955,2000,FALSE
217,"delta_wlsmv",1000,0,1000,0,,,,,0,FALSE
218,"policy_sb",1000,1000,0,844,0.844,0.820198505551395,0.865168684610543,0.845,2000,FALSE
218,"policy_peba4",1000,1000,0,844,0.844,0.820198505551395,0.865168684610543,0.845,2000,FALSE
218,"all",1000,1000,0,843,0.843,0.819144170659794,0.864230673019115,0.846,2000,FALSE
218,"delta_wlsmv",1000,0,1000,0,,,,,0,FALSE
219,"policy_sb",1000,1000,0,955,0.955,0.940317162063777,0.966200487714368,0.943,2000,FALSE
219,"policy_peba4",1000,1000,0,955,0.955,0.940317162063777,0.966200487714368,0.943,2000,FALSE
219,"all",1000,1000,0,948,0.948,0.93244426068072,0.960126963716223,0.942,2000,FALSE
219,"delta_wlsmv",1000,0,1000,0,,,,,0,FALSE
220,"policy_sb",1000,1000,0,865,0.865,0.842417844797205,0.88478862150834,0.86,2000,FALSE
220,"policy_peba4",1000,1000,0,863,0.863,0.840294903972482,0.882926869367005,0.86,2000,FALSE
220,"all",1000,1000,0,847,0.847,0.823363445235336,0.867980784375689,0.857,2000,FALSE
220,"delta_wlsmv",1000,0,1000,0,,,,,0,FALSE
221,"policy_sb",1000,1000,0,919,0.919,0.900442797930305,0.9343503784588,0.888,2000,FALSE
221,"policy_peba4",1000,1000,0,906,0.906,0.886326845683493,0.922565826426236,0.888,2000,FALSE
221,"all",1000,1000,0,888,0.888,0.86694997632409,0.906080459091119,0.888,2000,FALSE
221,"delta_wlsmv",1000,0,1000,0,,,,,0,FALSE
222,"policy_sb",1000,1000,0,803,0.803,0.777209146093539,0.826471838264215,0.779,2000,FALSE
222,"policy_peba4",1000,1000,0,789,0.789,0.762629506358895,0.813158627236454,0.779,2000,FALSE
222,"all",1000,1000,0,727,0.727,0.698558600564729,0.753704051082829,0.777,2000,FALSE
222,"delta_wlsmv",1000,0,1000,0,,,,,0,FALSE
223,"policy_sb",1000,0,1000,0,,,,,0,FALSE
223,"policy_peba4",1000,0,1000,0,,,,,0,FALSE
223,"all",1000,0,1000,0,,,,,0,FALSE
223,"delta_wlsmv",1000,0,1000,0,,,,,0,FALSE
224,"policy_sb",1000,0,1000,0,,,,,0,FALSE
224,"policy_peba4",1000,0,1000,0,,,,,0,FALSE
224,"all",1000,0,1000,0,,,,,0,FALSE
224,"delta_wlsmv",1000,0,1000,0,,,,,0,FALSE
225,"policy_sb",1000,1000,0,1000,1,0.996173241514445,1,1,2000,FALSE
225,"policy_peba4",1000,1000,0,1000,1,0.996173241514445,1,1,2000,FALSE
225,"all",1000,1000,0,1000,1,0.996173241514445,1,1,2000,FALSE
225,"delta_wlsmv",1000,0,1000,0,,,,,0,FALSE
226,"policy_sb",1000,1000,0,1000,1,0.996173241514445,1,1,2000,FALSE
226,"policy_peba4",1000,1000,0,1000,1,0.996173241514445,1,1,2000,FALSE
226,"all",1000,1000,0,1000,1,0.996173241514445,1,1,2000,FALSE
226,"delta_wlsmv",1000,0,1000,0,,,,,0,FALSE
227,"policy_sb",1000,1000,0,1000,1,0.996173241514445,1,1,2000,FALSE
227,"policy_peba4",1000,1000,0,1000,1,0.996173241514445,1,1,2000,FALSE
227,"all",1000,1000,0,1000,1,0.996173241514445,1,1,2000,FALSE
227,"delta_wlsmv",1000,0,1000,0,,,,,0,FALSE
228,"policy_sb",1000,1000,0,1000,1,0.996173241514445,1,1,2000,FALSE
228,"policy_peba4",1000,1000,0,1000,1,0.996173241514445,1,1,2000,FALSE
228,"all",1000,1000,0,1000,1,0.996173241514445,1,1,2000,FALSE
228,"delta_wlsmv",1000,0,1000,0,,,,,0,FALSE
229,"policy_sb",1000,1000,0,1000,1,0.996173241514445,1,0.999,2000,FALSE
229,"policy_peba4",1000,1000,0,1000,1,0.996173241514445,1,0.999,2000,FALSE
229,"all",1000,1000,0,999,0.999,0.994357441402042,0.999823453629374,0.999,2000,FALSE
229,"delta_wlsmv",1000,0,1000,0,,,,,0,FALSE
230,"policy_sb",1000,1000,0,999,0.999,0.994357441402042,0.999823453629374,0.999,2000,FALSE
230,"policy_peba4",1000,1000,0,999,0.999,0.994357441402042,0.999823453629374,0.999,2000,FALSE
230,"all",1000,1000,0,996,0.996,0.989760443722738,0.998443411859592,0.999,2000,FALSE
230,"delta_wlsmv",1000,0,1000,0,,,,,0,FALSE
231,"policy_sb",1000,0,1000,0,,,,,0,FALSE
231,"policy_peba4",1000,0,1000,0,,,,,0,FALSE
231,"all",1000,0,1000,0,,,,,0,FALSE
231,"delta_wlsmv",1000,0,1000,0,,,,,0,FALSE
232,"policy_sb",1000,0,1000,0,,,,,0,FALSE
232,"policy_peba4",1000,0,1000,0,,,,,0,FALSE
232,"all",1000,0,1000,0,,,,,0,FALSE
232,"delta_wlsmv",1000,0,1000,0,,,,,0,FALSE
233,"policy_sb",1000,1000,0,998,0.998,0.992737192136508,0.999451356411879,0.998,2000,FALSE
233,"policy_peba4",1000,1000,0,998,0.998,0.992737192136508,0.999451356411879,0.998,2000,FALSE
233,"all",1000,1000,0,998,0.998,0.992737192136508,0.999451356411879,0.998,2000,FALSE
233,"delta_wlsmv",1000,0,1000,0,,,,,0,FALSE
234,"policy_sb",1000,1000,0,993,0.993,0.985621684534233,0.996605131599009,0.995,2000,FALSE
234,"policy_peba4",1000,1000,0,993,0.993,0.985621684534233,0.996605131599009,0.995,2000,FALSE
234,"all",1000,1000,0,993,0.993,0.985621684534233,0.996605131599009,0.995,2000,FALSE
234,"delta_wlsmv",1000,0,1000,0,,,,,0,FALSE
235,"policy_sb",1000,1000,0,1000,1,0.996173241514445,1,1,2000,FALSE
235,"policy_peba4",1000,1000,0,1000,1,0.996173241514445,1,1,2000,FALSE
235,"all",1000,1000,0,1000,1,0.996173241514445,1,1,2000,FALSE
235,"delta_wlsmv",1000,0,1000,0,,,,,0,FALSE
236,"policy_sb",1000,1000,0,996,0.996,0.989760443722738,0.998443411859592,0.996,2000,FALSE
236,"policy_peba4",1000,1000,0,996,0.996,0.989760443722738,0.998443411859592,0.996,2000,FALSE
236,"all",1000,1000,0,996,0.996,0.989760443722738,0.998443411859592,0.996,2000,FALSE
236,"delta_wlsmv",1000,0,1000,0,,,,,0,FALSE
237,"policy_sb",1000,1000,0,1000,1,0.996173241514445,1,1,2000,FALSE
237,"policy_peba4",1000,1000,0,1000,1,0.996173241514445,1,1,2000,FALSE
237,"all",1000,1000,0,1000,1,0.996173241514445,1,1,2000,FALSE
237,"delta_wlsmv",1000,0,1000,0,,,,,0,FALSE
238,"policy_sb",1000,1000,0,995,0.995,0.988349044626625,0.997862464472676,0.993,2000,FALSE
238,"policy_peba4",1000,1000,0,994,0.994,0.986971831758148,0.997247330858124,0.993,2000,FALSE
238,"all",1000,1000,0,991,0.991,0.982984183834662,0.995257939332523,0.993,2000,FALSE
238,"delta_wlsmv",1000,0,1000,0,,,,,0,FALSE
239,"policy_sb",1000,0,1000,0,,,,,0,FALSE
239,"policy_peba4",1000,0,1000,0,,,,,0,FALSE
239,"all",1000,0,1000,0,,,,,0,FALSE
239,"delta_wlsmv",1000,0,1000,0,,,,,0,FALSE
240,"policy_sb",1000,0,1000,0,,,,,0,FALSE
240,"policy_peba4",1000,0,1000,0,,,,,0,FALSE
240,"all",1000,0,1000,0,,,,,0,FALSE
240,"delta_wlsmv",1000,0,1000,0,,,,,0,FALSE
241,"policy_sb",1000,1000,0,812,0.812,0.786606812588782,0.835005290116231,0.801,2000,FALSE
241,"policy_peba4",1000,1000,0,811,0.811,0.785561618296769,0.834058137925216,0.801,2000,FALSE
241,"all",1000,1000,0,809,0.809,0.783471995571422,0.832163067684505,0.802,2000,FALSE
241,"delta_wlsmv",1000,0,1000,0,,,,,0,FALSE
242,"policy_sb",1000,1000,0,667,0.667,0.637199766014181,0.695522096651644,0.672,2000,FALSE
242,"policy_peba4",1000,1000,0,665,0.665,0.635164050840396,0.693573118859371,0.671,2000,FALSE
242,"all",1000,1000,0,660,0.66,0.630077319589764,0.688698117694858,0.671,2000,FALSE
242,"delta_wlsmv",1000,0,1000,0,,,,,0,FALSE
243,"policy_sb",1000,1000,0,720,0.72,0.691369927078949,0.746946299187407,0.706,2000,FALSE
243,"policy_peba4",1000,1000,0,718,0.718,0.689317558513839,0.745013974786459,0.706,2000,FALSE
243,"all",1000,1000,0,709,0.709,0.68009019765685,0.736310217296188,0.702,2000,FALSE
243,"delta_wlsmv",1000,0,1000,0,,,,,0,FALSE
244,"policy_sb",1000,1000,0,562,0.562,0.531070138386044,0.592455343561747,0.52,2000,FALSE
244,"policy_peba4",1000,1000,0,550,0.55,0.519032708225741,0.580584615925703,0.52,2000,FALSE
244,"all",1000,1000,0,521,0.521,0.490016426605418,0.551822849538189,0.52,2000,FALSE
244,"delta_wlsmv",1000,0,1000,0,,,,,0,FALSE
245,"policy_sb",1000,1000,0,549,0.549,0.518030404195538,0.579594573472878,0.471,2000,FALSE
245,"policy_peba4",1000,1000,0,526,0.526,0.495011790611582,0.55678921794717,0.469,2000,FALSE
245,"all",1000,1000,0,452,0.452,0.421395594018334,0.482971774796279,0.464,2000,FALSE
245,"delta_wlsmv",1000,0,1000,0,,,,,0,FALSE
246,"policy_sb",1000,1000,0,367,0.367,0.337688544232268,0.397329373524889,0.289,2000,FALSE
246,"policy_peba4",1000,1000,0,346,0.346,0.317156660102064,0.376021981511487,0.288,2000,FALSE
246,"all",1000,1000,0,291,0.291,0.263689782703812,0.31990980234315,0.287,2000,FALSE
246,"delta_wlsmv",1000,0,1000,0,,,,,0,FALSE
247,"policy_sb",1000,0,1000,0,,,,,0,FALSE
247,"policy_peba4",1000,0,1000,0,,,,,0,FALSE
247,"all",1000,0,1000,0,,,,,0,FALSE
247,"delta_wlsmv",1000,0,1000,0,,,,,0,FALSE
248,"policy_sb",1000,0,1000,0,,,,,0,FALSE
248,"policy_peba4",1000,0,1000,0,,,,,0,FALSE
248,"all",1000,0,1000,0,,,,,0,FALSE
248,"delta_wlsmv",1000,0,1000,0,,,,,0,FALSE
249,"policy_sb",1000,1000,0,648,0.648,0.617883867029942,0.676983412458333,0.64,2000,FALSE
249,"policy_peba4",1000,1000,0,646,0.646,0.615853616929048,0.675028969593169,0.639,2000,FALSE
249,"all",1000,1000,0,643,0.643,0.612809297122354,0.672096249950778,0.637,2000,FALSE
249,"delta_wlsmv",1000,0,1000,0,,,,,0,FALSE
250,"policy_sb",1000,1000,0,485,0.485,0.45414087027097,0.515973932483597,0.494,2000,FALSE
250,"policy_peba4",1000,1000,0,483,0.483,0.452152469749597,0.513977640038912,0.493,2000,FALSE
250,"all",1000,1000,0,477,0.477,0.446190232144929,0.507985798745407,0.491,2000,FALSE
250,"delta_wlsmv",1000,0,1000,0,,,,,0,FALSE
251,"policy_sb",1000,1000,0,622,0.622,0.591533966966552,0.651532303962973,0.602,2000,FALSE
251,"policy_peba4",1000,1000,0,617,0.617,0.586477269883989,0.646627268630392,0.601,2000,FALSE
251,"all",1000,1000,0,586,0.586,0.555199679181111,0.616142118359373,0.595,2000,FALSE
251,"delta_wlsmv",1000,0,1000,0,,,,,0,FALSE
252,"policy_sb",1000,1000,0,474,0.474,0.44321078205283,0.504988209388418,0.446,2000,FALSE
252,"policy_peba4",1000,1000,0,464,0.464,0.433287331847884,0.494988194763076,0.446,2000,FALSE
252,"all",1000,1000,0,427,0.427,0.396679110499098,0.457879596239793,0.442,2000,FALSE
252,"delta_wlsmv",1000,0,1000,0,,,,,0,FALSE
253,"policy_sb",1000,1000,0,534,0.534,0.503010810232714,0.564728970190268,0.5,1999,FALSE
253,"policy_peba4",1000,1000,0,514,0.514,0.483028106426812,0.544864744335592,0.499,1999,FALSE
253,"all",1000,1000,0,456,0.456,0.425357512927513,0.486979241819215,0.498,1999,FALSE
253,"delta_wlsmv",1000,0,1000,0,,,,,0,FALSE
254,"policy_sb",1000,1000,0,424,0.424,0.393718446616977,0.454863220672827,0.346,1999,FALSE
254,"policy_peba4",1000,1000,0,398,0.398,0.368107852863123,0.428672805867931,0.346,1999,FALSE
254,"all",1000,1000,0,336,0.336,0.30740158982271,0.365853586960553,0.346,1999,FALSE
254,"delta_wlsmv",1000,0,1000,0,,,,,0,FALSE
255,"policy_sb",1000,0,1000,0,,,,,0,FALSE
255,"policy_peba4",1000,0,1000,0,,,,,0,FALSE
255,"all",1000,0,1000,0,,,,,0,FALSE
255,"delta_wlsmv",1000,0,1000,0,,,,,0,FALSE
256,"policy_sb",1000,0,1000,0,,,,,0,FALSE
256,"policy_peba4",1000,0,1000,0,,,,,0,FALSE
256,"all",1000,0,1000,0,,,,,0,FALSE
256,"delta_wlsmv",1000,0,1000,0,,,,,0,FALSE
257,"policy_sb",1000,1000,0,992,0.992,0.98429366546902,0.995940804181194,0.993,2000,FALSE
257,"policy_peba4",1000,1000,0,992,0.992,0.98429366546902,0.995940804181194,0.993,2000,FALSE
257,"all",1000,1000,0,992,0.992,0.98429366546902,0.995940804181194,0.993,2000,FALSE
257,"delta_wlsmv",1000,0,1000,0,,,,,0,FALSE
258,"policy_sb",1000,1000,0,944,0.944,0.927976651850269,0.956625186614558,0.948,2000,FALSE
258,"policy_peba4",1000,1000,0,944,0.944,0.927976651850269,0.956625186614558,0.948,2000,FALSE
258,"all",1000,1000,0,944,0.944,0.927976651850269,0.956625186614558,0.948,2000,FALSE
258,"delta_wlsmv",1000,0,1000,0,,,,,0,FALSE
259,"policy_sb",1000,1000,0,983,0.983,0.97294404115977,0.989359310143184,0.974,2000,FALSE
259,"policy_peba4",1000,1000,0,982,0.982,0.971726744829493,0.988584259990432,0.974,2000,FALSE
259,"all",1000,1000,0,979,0.979,0.968109704938762,0.986224260432076,0.974,2000,FALSE
259,"delta_wlsmv",1000,0,1000,0,,,,,0,FALSE
260,"policy_sb",1000,1000,0,930,0.93,0.912485351848717,0.944223635853706,0.921,2000,FALSE
260,"policy_peba4",1000,1000,0,927,0.927,0.909190974465749,0.941540973787587,0.921,2000,FALSE
260,"all",1000,1000,0,922,0.922,0.903717383428928,0.937052832409264,0.92,2000,FALSE
260,"delta_wlsmv",1000,0,1000,0,,,,,0,FALSE
261,"policy_sb",1000,1000,0,935,0.935,0.917994490686629,0.948676229430938,0.905,2000,FALSE
261,"policy_peba4",1000,1000,0,928,0.928,0.910288216417279,0.942436078319086,0.904,2000,FALSE
261,"all",1000,1000,0,909,0.909,0.88957441593046,0.925295295628356,0.903,2000,FALSE
261,"delta_wlsmv",1000,0,1000,0,,,,,0,FALSE
262,"policy_sb",1000,1000,0,800,0.8,0.774081035351865,0.823622909556802,0.719,2000,FALSE
262,"policy_peba4",1000,1000,0,782,0.782,0.755356522794839,0.806485185419308,0.719,2000,FALSE
262,"all",1000,1000,0,725,0.725,0.696503832704027,0.751774125977474,0.719,2000,FALSE
262,"delta_wlsmv",1000,0,1000,0,,,,,0,FALSE
263,"policy_sb",1000,0,1000,0,,,,,0,FALSE
263,"policy_peba4",1000,0,1000,0,,,,,0,FALSE
263,"all",1000,0,1000,0,,,,,0,FALSE
263,"delta_wlsmv",1000,0,1000,0,,,,,0,FALSE
264,"policy_sb",1000,0,1000,0,,,,,0,FALSE
264,"policy_peba4",1000,0,1000,0,,,,,0,FALSE
264,"all",1000,0,1000,0,,,,,0,FALSE
264,"delta_wlsmv",1000,0,1000,0,,,,,0,FALSE
265,"policy_sb",1000,1000,0,926,0.926,0.908094594354414,0.940645007415893,0.924,2000,FALSE
265,"policy_peba4",1000,1000,0,926,0.926,0.908094594354414,0.940645007415893,0.924,2000,FALSE
265,"all",1000,1000,0,926,0.926,0.908094594354414,0.940645007415893,0.924,2000,FALSE
265,"delta_wlsmv",1000,0,1000,0,,,,,0,FALSE
266,"policy_sb",1000,1000,0,841,0.841,0.817036453459776,0.862353697253076,0.833,2000,FALSE
266,"policy_peba4",1000,1000,0,841,0.841,0.817036453459776,0.862353697253076,0.833,2000,FALSE
266,"all",1000,1000,0,841,0.841,0.817036453459776,0.862353697253076,0.834,2000,FALSE
266,"delta_wlsmv",1000,0,1000,0,,,,,0,FALSE
267,"policy_sb",1000,1000,0,942,0.942,0.925750423733767,0.954866721765002,0.938,2000,FALSE
267,"policy_peba4",1000,1000,0,940,0.94,0.923528925208643,0.953103527324068,0.938,2000,FALSE
267,"all",1000,1000,0,939,0.939,0.922419881175716,0.952220224873966,0.938,2000,FALSE
267,"delta_wlsmv",1000,0,1000,0,,,,,0,FALSE
268,"policy_sb",1000,1000,0,875,0.875,0.853056161771038,0.894073769364795,0.865,2000,FALSE
268,"policy_peba4",1000,1000,0,868,0.868,0.845605141902708,0.887578363851923,0.865,2000,FALSE
268,"all",1000,1000,0,858,0.858,0.834994082978897,0.878265957945446,0.864,2000,FALSE
268,"delta_wlsmv",1000,0,1000,0,,,,,0,FALSE
269,"policy_sb",1000,1000,0,917,0.917,0.898263504865946,0.932544978557101,0.886,2000,FALSE
269,"policy_peba4",1000,1000,0,910,0.91,0.890658207356928,0.926203850684917,0.886,2000,FALSE
269,"all",1000,1000,0,884,0.884,0.862666726522727,0.902394322960366,0.884,2000,FALSE
269,"delta_wlsmv",1000,0,1000,0,,,,,0,FALSE
270,"policy_sb",1000,1000,0,801,0.801,0.775123497181117,0.824572794210579,0.771,2000,FALSE
270,"policy_peba4",1000,1000,0,781,0.781,0.754318407105956,0.805530954625162,0.771,2000,FALSE
270,"all",1000,1000,0,725,0.725,0.696503832704027,0.751774125977474,0.769,2000,FALSE
270,"delta_wlsmv",1000,0,1000,0,,,,,0,FALSE
271,"policy_sb",1000,0,1000,0,,,,,0,FALSE
271,"policy_peba4",1000,0,1000,0,,,,,0,FALSE
271,"all",1000,0,1000,0,,,,,0,FALSE
271,"delta_wlsmv",1000,0,1000,0,,,,,0,FALSE
272,"policy_sb",1000,0,1000,0,,,,,0,FALSE
272,"policy_peba4",1000,0,1000,0,,,,,0,FALSE
272,"all",1000,0,1000,0,,,,,0,FALSE
272,"delta_wlsmv",1000,0,1000,0,,,,,0,FALSE
273,"policy_sb",1000,1000,0,1000,1,0.996173241514445,1,1,2000,FALSE
273,"policy_peba4",1000,1000,0,1000,1,0.996173241514445,1,1,2000,FALSE
273,"all",1000,1000,0,1000,1,0.996173241514445,1,1,2000,FALSE
273,"delta_wlsmv",1000,0,1000,0,,,,,0,FALSE
274,"policy_sb",1000,1000,0,1000,1,0.996173241514445,1,1,2000,FALSE
274,"policy_peba4",1000,1000,0,1000,1,0.996173241514445,1,1,2000,FALSE
274,"all",1000,1000,0,1000,1,0.996173241514445,1,1,2000,FALSE
274,"delta_wlsmv",1000,0,1000,0,,,,,0,FALSE
275,"policy_sb",1000,1000,0,1000,1,0.996173241514445,1,1,2000,FALSE
275,"policy_peba4",1000,1000,0,1000,1,0.996173241514445,1,1,2000,FALSE
275,"all",1000,1000,0,1000,1,0.996173241514445,1,1,2000,FALSE
275,"delta_wlsmv",1000,0,1000,0,,,,,0,FALSE
276,"policy_sb",1000,1000,0,1000,1,0.996173241514445,1,1,2000,FALSE
276,"policy_peba4",1000,1000,0,1000,1,0.996173241514445,1,1,2000,FALSE
276,"all",1000,1000,0,1000,1,0.996173241514445,1,1,2000,FALSE
276,"delta_wlsmv",1000,0,1000,0,,,,,0,FALSE
277,"policy_sb",1000,1000,0,1000,1,0.996173241514445,1,1,2000,FALSE
277,"policy_peba4",1000,1000,0,1000,1,0.996173241514445,1,1,2000,FALSE
277,"all",1000,1000,0,1000,1,0.996173241514445,1,1,2000,FALSE
277,"delta_wlsmv",1000,0,1000,0,,,,,0,FALSE
278,"policy_sb",1000,1000,0,998,0.998,0.992737192136508,0.999451356411879,0.996,2000,FALSE
278,"policy_peba4",1000,1000,0,998,0.998,0.992737192136508,0.999451356411879,0.996,2000,FALSE
278,"all",1000,1000,0,996,0.996,0.989760443722738,0.998443411859592,0.996,2000,FALSE
278,"delta_wlsmv",1000,0,1000,0,,,,,0,FALSE
279,"policy_sb",1000,0,1000,0,,,,,0,FALSE
279,"policy_peba4",1000,0,1000,0,,,,,0,FALSE
279,"all",1000,0,1000,0,,,,,0,FALSE
279,"delta_wlsmv",1000,0,1000,0,,,,,0,FALSE
280,"policy_sb",1000,0,1000,0,,,,,0,FALSE
280,"policy_peba4",1000,0,1000,0,,,,,0,FALSE
280,"all",1000,0,1000,0,,,,,0,FALSE
280,"delta_wlsmv",1000,0,1000,0,,,,,0,FALSE
281,"policy_sb",1000,1000,0,1000,1,0.996173241514445,1,1,2000,FALSE
281,"policy_peba4",1000,1000,0,1000,1,0.996173241514445,1,1,2000,FALSE
281,"all",1000,1000,0,1000,1,0.996173241514445,1,1,2000,FALSE
281,"delta_wlsmv",1000,0,1000,0,,,,,0,FALSE
282,"policy_sb",1000,1000,0,992,0.992,0.98429366546902,0.995940804181194,0.991,2000,FALSE
282,"policy_peba4",1000,1000,0,992,0.992,0.98429366546902,0.995940804181194,0.991,2000,FALSE
282,"all",1000,1000,0,991,0.991,0.982984183834662,0.995257939332523,0.991,2000,FALSE
282,"delta_wlsmv",1000,0,1000,0,,,,,0,FALSE
283,"policy_sb",1000,1000,0,1000,1,0.996173241514445,1,1,2000,FALSE
283,"policy_peba4",1000,1000,0,1000,1,0.996173241514445,1,1,2000,FALSE
283,"all",1000,1000,0,1000,1,0.996173241514445,1,1,2000,FALSE
283,"delta_wlsmv",1000,0,1000,0,,,,,0,FALSE
284,"policy_sb",1000,1000,0,1000,1,0.996173241514445,1,1,2000,FALSE
284,"policy_peba4",1000,1000,0,1000,1,0.996173241514445,1,1,2000,FALSE
284,"all",1000,1000,0,1000,1,0.996173241514445,1,1,2000,FALSE
284,"delta_wlsmv",1000,0,1000,0,,,,,0,FALSE
285,"policy_sb",1000,1000,0,1000,1,0.996173241514445,1,1,2000,FALSE
285,"policy_peba4",1000,1000,0,1000,1,0.996173241514445,1,1,2000,FALSE
285,"all",1000,1000,0,1000,1,0.996173241514445,1,1,2000,FALSE
285,"delta_wlsmv",1000,0,1000,0,,,,,0,FALSE
286,"policy_sb",1000,1000,0,998,0.998,0.992737192136508,0.999451356411879,0.998,2000,FALSE
286,"policy_peba4",1000,1000,0,998,0.998,0.992737192136508,0.999451356411879,0.998,2000,FALSE
286,"all",1000,1000,0,998,0.998,0.992737192136508,0.999451356411879,0.998,2000,FALSE
286,"delta_wlsmv",1000,0,1000,0,,,,,0,FALSE
287,"policy_sb",1000,0,1000,0,,,,,0,FALSE
287,"policy_peba4",1000,0,1000,0,,,,,0,FALSE
287,"all",1000,0,1000,0,,,,,0,FALSE
287,"delta_wlsmv",1000,0,1000,0,,,,,0,FALSE
288,"policy_sb",1000,0,1000,0,,,,,0,FALSE
288,"policy_peba4",1000,0,1000,0,,,,,0,FALSE
288,"all",1000,0,1000,0,,,,,0,FALSE
288,"delta_wlsmv",1000,0,1000,0,,,,,0,FALSE
289,"policy_sb",1000,1000,0,797,0.797,0.770955084219712,0.820771821239869,0.787,2000,FALSE
289,"policy_peba4",1000,1000,0,797,0.797,0.770955084219712,0.820771821239869,0.786,2000,FALSE
289,"all",1000,1000,0,796,0.796,0.769913574238833,0.819820984737718,0.786,2000,FALSE
289,"delta_wlsmv",1000,0,1000,0,,,,,0,FALSE
290,"policy_sb",1000,1000,0,679,0.679,0.649426506224533,0.707203514237639,0.691,1998,FALSE
290,"policy_peba4",1000,1000,0,678,0.678,0.648406787795866,0.706230886183276,0.691,1998,FALSE
290,"all",1000,1000,0,676,0.676,0.646367803285296,0.704285177727789,0.691,1998,FALSE
290,"delta_wlsmv",1000,0,1000,0,,,,,0,FALSE
291,"policy_sb",1000,1000,0,756,0.756,0.728433531820657,0.781607167834739,0.734,2000,FALSE
291,"policy_peba4",1000,1000,0,750,0.75,0.722239719740914,0.775846901016309,0.734,2000,FALSE
291,"all",1000,1000,0,725,0.725,0.696503832704027,0.751774125977474,0.732,2000,FALSE
291,"delta_wlsmv",1000,0,1000,0,,,,,0,FALSE
292,"policy_sb",1000,1000,0,557,0.557,0.526052343990752,0.587511405541895,0.564,2000,FALSE
292,"policy_peba4",1000,1000,0,549,0.549,0.518030404195538,0.579594573472878,0.564,2000,FALSE
292,"all",1000,1000,0,518,0.518,0.487020691363448,0.548841545331072,0.563,2000,FALSE
292,"delta_wlsmv",1000,0,1000,0,,,,,0,FALSE
293,"policy_sb",1000,1000,0,544,0.544,0.513020758180785,0.574642487072487,0.457,2000,FALSE
293,"policy_peba4",1000,1000,0,520,0.52,0.489017724657519,0.550829205003059,0.458,2000,FALSE
293,"all",1000,1000,0,464,0.464,0.433287331847884,0.494988194763076,0.454,2000,FALSE
293,"delta_wlsmv",1000,0,1000,0,,,,,0,FALSE
294,"policy_sb",1000,1000,0,371,0.371,0.341606326344111,0.401380977345162,0.303,2000,FALSE
294,"policy_peba4",1000,1000,0,355,0.355,0.325948463175553,0.385161296785258,0.302,2000,FALSE
294,"all",1000,1000,0,294,0.294,0.266594009020313,0.322982615475736,0.301,2000,FALSE
294,"delta_wlsmv",1000,0,1000,0,,,,,0,FALSE
295,"policy_sb",1000,0,1000,0,,,,,0,FALSE
295,"policy_peba4",1000,0,1000,0,,,,,0,FALSE
295,"all",1000,0,1000,0,,,,,0,FALSE
295,"delta_wlsmv",1000,0,1000,0,,,,,0,FALSE
296,"policy_sb",1000,0,1000,0,,,,,0,FALSE
296,"policy_peba4",1000,0,1000,0,,,,,0,FALSE
296,"all",1000,0,1000,0,,,,,0,FALSE
296,"delta_wlsmv",1000,0,1000,0,,,,,0,FALSE
297,"policy_sb",1000,1000,0,589,0.589,0.558221056791396,0.619097780198175,0.597,2000,FALSE
297,"policy_peba4",1000,1000,0,587,0.587,0.556206675962838,0.617127468060675,0.597,2000,FALSE
297,"all",1000,1000,0,585,0.585,0.554192811303858,0.615156639753597,0.597,2000,FALSE
297,"delta_wlsmv",1000,0,1000,0,,,,,0,FALSE
298,"policy_sb",1000,1000,0,487,0.487,0.456129764450641,0.517969731269983,0.471,1994,FALSE
298,"policy_peba4",1000,1000,0,483,0.483,0.452152469749597,0.513977640038912,0.471,1994,FALSE
298,"all",1000,1000,0,477,0.477,0.446190232144929,0.507985798745407,0.471,1994,FALSE
298,"delta_wlsmv",1000,0,1000,0,,,,,0,FALSE
299,"policy_sb",1000,1000,0,622,0.622,0.591533966966552,0.651532303962973,0.595,2000,FALSE
299,"policy_peba4",1000,1000,0,615,0.615,0.584455530928751,0.644664314619572,0.594,2000,FALSE
299,"all",1000,1000,0,597,0.597,0.566283764684767,0.626973844169035,0.592,2000,FALSE
299,"delta_wlsmv",1000,0,1000,0,,,,,0,FALSE
300,"policy_sb",1000,999,1,486,0.486486486486487,0.455603694933651,0.517472807077194,0.484484484484485,2000,FALSE
300,"policy_peba4",1000,999,1,479,0.479479479479479,0.44863824081458,0.510477928905592,0.485485485485485,2000,FALSE
300,"all",1000,999,1,454,0.454454454454454,0.42381126427824,0.485446575832386,0.487487487487487,2000,FALSE
300,"delta_wlsmv",1000,0,1000,0,,,,,0,FALSE
301,"policy_sb",1000,999,1,567,0.567567567567568,0.536645695935002,0.597971794010772,0.49049049049049,1998,FALSE
301,"policy_peba4",1000,999,1,544,0.544544544544545,0.513550674934265,0.575197151770727,0.488488488488488,1998,FALSE
301,"all",1000,999,1,475,0.475475475475475,0.444660705839183,0.506478131143462,0.482482482482482,1998,FALSE
301,"delta_wlsmv",1000,0,1000,0,,,,,0,FALSE
302,"policy_sb",1000,1000,0,375,0.375,0.345526294232981,0.405430395388408,0.333,1998,FALSE
302,"policy_peba4",1000,1000,0,351,0.351,0.322039577987741,0.381100796040954,0.333,1998,FALSE
302,"all",1000,1000,0,291,0.291,0.263689782703812,0.31990980234315,0.328,1998,FALSE
302,"delta_wlsmv",1000,0,1000,0,,,,,0,FALSE
303,"policy_sb",1000,0,1000,0,,,,,0,FALSE
303,"policy_peba4",1000,0,1000,0,,,,,0,FALSE
303,"all",1000,0,1000,0,,,,,0,FALSE
303,"delta_wlsmv",1000,0,1000,0,,,,,0,FALSE
304,"policy_sb",1000,0,1000,0,,,,,0,FALSE
304,"policy_peba4",1000,0,1000,0,,,,,0,FALSE
304,"all",1000,0,1000,0,,,,,0,FALSE
304,"delta_wlsmv",1000,0,1000,0,,,,,0,FALSE
305,"policy_sb",1000,1000,0,986,0.986,0.976637965882464,0.991642424869576,0.981,2000,FALSE
305,"policy_peba4",1000,1000,0,986,0.986,0.976637965882464,0.991642424869576,0.981,2000,FALSE
305,"all",1000,1000,0,986,0.986,0.976637965882464,0.991642424869576,0.981,2000,FALSE
305,"delta_wlsmv",1000,0,1000,0,,,,,0,FALSE
306,"policy_sb",1000,1000,0,956,0.956,0.941448210849592,0.967061785411581,0.956,2000,FALSE
306,"policy_peba4",1000,1000,0,956,0.956,0.941448210849592,0.967061785411581,0.956,2000,FALSE
306,"all",1000,1000,0,956,0.956,0.941448210849592,0.967061785411581,0.956,2000,FALSE
306,"delta_wlsmv",1000,0,1000,0,,,,,0,FALSE
307,"policy_sb",1000,1000,0,984,0.984,0.97416793978826,0.990127757997723,0.982,2000,FALSE
307,"policy_peba4",1000,1000,0,984,0.984,0.97416793978826,0.990127757997723,0.982,2000,FALSE
307,"all",1000,1000,0,982,0.982,0.971726744829493,0.988584259990432,0.982,2000,FALSE
307,"delta_wlsmv",1000,0,1000,0,,,,,0,FALSE
308,"policy_sb",1000,1000,0,950,0.95,0.934686179755749,0.961869737607251,0.943,2000,FALSE
308,"policy_peba4",1000,1000,0,950,0.95,0.934686179755749,0.961869737607251,0.943,2000,FALSE
308,"all",1000,1000,0,944,0.944,0.927976651850269,0.956625186614558,0.942,2000,FALSE
308,"delta_wlsmv",1000,0,1000,0,,,,,0,FALSE
309,"policy_sb",1000,1000,0,935,0.935,0.917994490686629,0.948676229430938,0.903,2000,FALSE
309,"policy_peba4",1000,1000,0,927,0.927,0.909190974465749,0.941540973787587,0.903,2000,FALSE
309,"all",1000,1000,0,905,0.905,0.885245560205748,0.921654765420953,0.902,2000,FALSE
309,"delta_wlsmv",1000,0,1000,0,,,,,0,FALSE
310,"policy_sb",1000,1000,0,790,0.79,0.763669399452004,0.814111080626374,0.72,2000,FALSE
310,"policy_peba4",1000,1000,0,778,0.778,0.751205359138182,0.802666963143849,0.719,2000,FALSE
310,"all",1000,1000,0,725,0.725,0.696503832704027,0.751774125977474,0.719,2000,FALSE
310,"delta_wlsmv",1000,0,1000,0,,,,,0,FALSE
311,"policy_sb",1000,0,1000,0,,,,,0,FALSE
311,"policy_peba4",1000,0,1000,0,,,,,0,FALSE
311,"all",1000,0,1000,0,,,,,0,FALSE
311,"delta_wlsmv",1000,0,1000,0,,,,,0,FALSE
312,"policy_sb",1000,0,1000,0,,,,,0,FALSE
312,"policy_peba4",1000,0,1000,0,,,,,0,FALSE
312,"all",1000,0,1000,0,,,,,0,FALSE
312,"delta_wlsmv",1000,0,1000,0,,,,,0,FALSE
313,"policy_sb",1000,1000,0,932,0.932,0.914686138477011,0.94600754219147,0.938,2000,FALSE
313,"policy_peba4",1000,1000,0,932,0.932,0.914686138477011,0.94600754219147,0.938,2000,FALSE
313,"all",1000,1000,0,932,0.932,0.914686138477011,0.94600754219147,0.938,2000,FALSE
313,"delta_wlsmv",1000,0,1000,0,,,,,0,FALSE
314,"policy_sb",1000,1000,0,835,0.835,0.810720751670233,0.856715320144445,0.835,2000,FALSE
314,"policy_peba4",1000,1000,0,834,0.834,0.809669197162261,0.855774528169388,0.835,2000,FALSE
314,"all",1000,1000,0,830,0.83,0.805465935038086,0.852008404361448,0.835,2000,FALSE
314,"delta_wlsmv",1000,0,1000,0,,,,,0,FALSE
315,"policy_sb",1000,1000,0,949,0.949,0.933564513655238,0.960999057224733,0.943,2000,FALSE
315,"policy_peba4",1000,1000,0,948,0.948,0.93244426068072,0.960126963716223,0.943,2000,FALSE
315,"all",1000,1000,0,943,0.943,0.926862932340514,0.955746559641284,0.943,2000,FALSE
315,"delta_wlsmv",1000,0,1000,0,,,,,0,FALSE
316,"policy_sb",1000,1000,0,856,0.856,0.832876297870298,0.876399050087986,0.822,2000,FALSE
316,"policy_peba4",1000,1000,0,853,0.853,0.829702267060965,0.873596041448233,0.822,2000,FALSE
316,"all",1000,1000,0,839,0.839,0.814929990306281,0.860475467440513,0.822,2000,FALSE
316,"delta_wlsmv",1000,0,1000,0,,,,,0,FALSE
317,"policy_sb",1000,1000,0,925,0.925,0.906999060260746,0.939748195026533,0.897,2000,FALSE
317,"policy_peba4",1000,1000,0,919,0.919,0.900442797930305,0.9343503784588,0.897,2000,FALSE
317,"all",1000,1000,0,893,0.893,0.872315042138374,0.91067712569198,0.895,2000,FALSE
317,"delta_wlsmv",1000,0,1000,0,,,,,0,FALSE
318,"policy_sb",1000,1000,0,798,0.798,0.771996830196033,0.821722421746576,0.704,2000,FALSE
318,"policy_peba4",1000,1000,0,779,0.779,0.752242826329914,0.803621842435146,0.704,2000,FALSE
318,"all",1000,1000,0,731,0.731,0.702670228864586,0.757561808715087,0.704,2000,FALSE
318,"delta_wlsmv",1000,0,1000,0,,,,,0,FALSE
319,"policy_sb",1000,0,1000,0,,,,,0,FALSE
319,"policy_peba4",1000,0,1000,0,,,,,0,FALSE
319,"all",1000,0,1000,0,,,,,0,FALSE
319,"delta_wlsmv",1000,0,1000,0,,,,,0,FALSE
320,"policy_sb",1000,0,1000,0,,,,,0,FALSE
320,"policy_peba4",1000,0,1000,0,,,,,0,FALSE
320,"all",1000,0,1000,0,,,,,0,FALSE
320,"delta_wlsmv",1000,0,1000,0,,,,,0,FALSE
321,"policy_sb",1000,1000,0,1000,1,0.996173241514445,1,1,2000,FALSE
321,"policy_peba4",1000,1000,0,1000,1,0.996173241514445,1,1,2000,FALSE
321,"all",1000,1000,0,1000,1,0.996173241514445,1,1,2000,FALSE
321,"delta_wlsmv",1000,0,1000,0,,,,,0,FALSE
322,"policy_sb",1000,1000,0,1000,1,0.996173241514445,1,1,2000,FALSE
322,"policy_peba4",1000,1000,0,1000,1,0.996173241514445,1,1,2000,FALSE
322,"all",1000,1000,0,1000,1,0.996173241514445,1,1,2000,FALSE
322,"delta_wlsmv",1000,0,1000,0,,,,,0,FALSE
323,"policy_sb",1000,1000,0,1000,1,0.996173241514445,1,1,2000,FALSE
323,"policy_peba4",1000,1000,0,1000,1,0.996173241514445,1,1,2000,FALSE
323,"all",1000,1000,0,1000,1,0.996173241514445,1,1,2000,FALSE
323,"delta_wlsmv",1000,0,1000,0,,,,,0,FALSE
324,"policy_sb",1000,1000,0,1000,1,0.996173241514445,1,0.999,2000,FALSE
324,"policy_peba4",1000,1000,0,1000,1,0.996173241514445,1,0.999,2000,FALSE
324,"all",1000,1000,0,999,0.999,0.994357441402042,0.999823453629374,0.999,2000,FALSE
324,"delta_wlsmv",1000,0,1000,0,,,,,0,FALSE
325,"policy_sb",1000,1000,0,1000,1,0.996173241514445,1,1,2000,FALSE
325,"policy_peba4",1000,1000,0,1000,1,0.996173241514445,1,1,2000,FALSE
325,"all",1000,1000,0,1000,1,0.996173241514445,1,1,2000,FALSE
325,"delta_wlsmv",1000,0,1000,0,,,,,0,FALSE
326,"policy_sb",1000,1000,0,998,0.998,0.992737192136508,0.999451356411879,0.993,2000,FALSE
326,"policy_peba4",1000,1000,0,995,0.995,0.988349044626625,0.997862464472676,0.993,2000,FALSE
326,"all",1000,1000,0,993,0.993,0.985621684534233,0.996605131599009,0.993,2000,FALSE
326,"delta_wlsmv",1000,0,1000,0,,,,,0,FALSE
327,"policy_sb",1000,0,1000,0,,,,,0,FALSE
327,"policy_peba4",1000,0,1000,0,,,,,0,FALSE
327,"all",1000,0,1000,0,,,,,0,FALSE
327,"delta_wlsmv",1000,0,1000,0,,,,,0,FALSE
328,"policy_sb",1000,0,1000,0,,,,,0,FALSE
328,"policy_peba4",1000,0,1000,0,,,,,0,FALSE
328,"all",1000,0,1000,0,,,,,0,FALSE
328,"delta_wlsmv",1000,0,1000,0,,,,,0,FALSE
329,"policy_sb",1000,1000,0,1000,1,0.996173241514445,1,0.999,2000,FALSE
329,"policy_peba4",1000,1000,0,1000,1,0.996173241514445,1,0.999,2000,FALSE
329,"all",1000,1000,0,999,0.999,0.994357441402042,0.999823453629374,0.999,2000,FALSE
329,"delta_wlsmv",1000,0,1000,0,,,,,0,FALSE
330,"policy_sb",1000,1000,0,996,0.996,0.989760443722738,0.998443411859592,0.996,2000,FALSE
330,"policy_peba4",1000,1000,0,996,0.996,0.989760443722738,0.998443411859592,0.996,2000,FALSE
330,"all",1000,1000,0,996,0.996,0.989760443722738,0.998443411859592,0.996,2000,FALSE
330,"delta_wlsmv",1000,0,1000,0,,,,,0,FALSE
331,"policy_sb",1000,1000,0,1000,1,0.996173241514445,1,1,2000,FALSE
331,"policy_peba4",1000,1000,0,1000,1,0.996173241514445,1,1,2000,FALSE
331,"all",1000,1000,0,1000,1,0.996173241514445,1,1,2000,FALSE
331,"delta_wlsmv",1000,0,1000,0,,,,,0,FALSE
332,"policy_sb",1000,1000,0,1000,1,0.996173241514445,1,1,2000,FALSE
332,"policy_peba4",1000,1000,0,1000,1,0.996173241514445,1,1,2000,FALSE
332,"all",1000,1000,0,1000,1,0.996173241514445,1,1,2000,FALSE
332,"delta_wlsmv",1000,0,1000,0,,,,,0,FALSE
333,"policy_sb",1000,1000,0,1000,1,0.996173241514445,1,1,2000,FALSE
333,"policy_peba4",1000,1000,0,1000,1,0.996173241514445,1,1,2000,FALSE
333,"all",1000,1000,0,1000,1,0.996173241514445,1,1,2000,FALSE
333,"delta_wlsmv",1000,0,1000,0,,,,,0,FALSE
334,"policy_sb",1000,1000,0,997,0.997,0.991216985946497,0.998979216118861,0.991,2000,FALSE
334,"policy_peba4",1000,1000,0,996,0.996,0.989760443722738,0.998443411859592,0.991,2000,FALSE
334,"all",1000,1000,0,993,0.993,0.985621684534233,0.996605131599009,0.991,2000,FALSE
334,"delta_wlsmv",1000,0,1000,0,,,,,0,FALSE
335,"policy_sb",1000,0,1000,0,,,,,0,FALSE
335,"policy_peba4",1000,0,1000,0,,,,,0,FALSE
335,"all",1000,0,1000,0,,,,,0,FALSE
335,"delta_wlsmv",1000,0,1000,0,,,,,0,FALSE
336,"policy_sb",1000,0,1000,0,,,,,0,FALSE
336,"policy_peba4",1000,0,1000,0,,,,,0,FALSE
336,"all",1000,0,1000,0,,,,,0,FALSE
336,"delta_wlsmv",1000,0,1000,0,,,,,0,FALSE
337,"policy_sb",1000,1000,0,804,0.804,0.778252335929192,0.82742099491159,0.803,2000,FALSE
337,"policy_peba4",1000,1000,0,804,0.804,0.778252335929192,0.82742099491159,0.803,2000,FALSE
337,"all",1000,1000,0,803,0.803,0.777209146093539,0.826471838264215,0.804,2000,FALSE
337,"delta_wlsmv",1000,0,1000,0,,,,,0,FALSE
338,"policy_sb",1000,1000,0,647,0.647,0.616868671444149,0.676006261561098,0.655,2000,FALSE
338,"policy_peba4",1000,1000,0,646,0.646,0.615853616929048,0.675028969593169,0.655,2000,FALSE
338,"all",1000,1000,0,642,0.642,0.611794804217851,0.671118396372251,0.654,2000,FALSE
338,"delta_wlsmv",1000,0,1000,0,,,,,0,FALSE
339,"policy_sb",1000,1000,0,746,0.746,0.718114309923719,0.772002924901388,0.734,2000,FALSE
339,"policy_peba4",1000,1000,0,741,0.741,0.712961737400788,0.767193765009174,0.734,2000,FALSE
339,"all",1000,1000,0,728,0.728,0.699586245169424,0.754668752961163,0.734,2000,FALSE
339,"delta_wlsmv",1000,0,1000,0,,,,,0,FALSE
340,"policy_sb",1000,1000,0,563,0.563,0.532074075299177,0.593443753131643,0.555,2000,FALSE
340,"policy_peba4",1000,1000,0,555,0.555,0.524046106624125,0.585532949942464,0.555,2000,FALSE
340,"all",1000,1000,0,527,0.527,0.496011234509861,0.557782120531919,0.554,2000,FALSE
340,"delta_wlsmv",1000,0,1000,0,,,,,0,FALSE
341,"policy_sb",1000,1000,0,554,0.554,0.52304317624907,0.584543533834491,0.486,2000,FALSE
341,"policy_peba4",1000,1000,0,527,0.527,0.496011234509861,0.557782120531919,0.486,2000,FALSE
341,"all",1000,1000,0,457,0.457,0.426348304544764,0.487980796684993,0.483,2000,FALSE
341,"delta_wlsmv",1000,0,1000,0,,,,,0,FALSE
342,"policy_sb",1000,1000,0,413,0.413,0.382872531939325,0.443793324037162,0.308,2000,FALSE
342,"policy_peba4",1000,1000,0,391,0.391,0.361227749504639,0.421606483845212,0.309,2000,FALSE
342,"all",1000,1000,0,325,0.325,0.296687901945411,0.354651463524533,0.309,2000,FALSE
342,"delta_wlsmv",1000,0,1000,0,,,,,0,FALSE
343,"policy_sb",1000,0,1000,0,,,,,0,FALSE
343,"policy_peba4",1000,0,1000,0,,,,,0,FALSE
343,"all",1000,0,1000,0,,,,,0,FALSE
343,"delta_wlsmv",1000,0,1000,0,,,,,0,FALSE
344,"policy_sb",1000,0,1000,0,,,,,0,FALSE
344,"policy_peba4",1000,0,1000,0,,,,,0,FALSE
344,"all",1000,0,1000,0,,,,,0,FALSE
344,"delta_wlsmv",1000,0,1000,0,,,,,0,FALSE
345,"policy_sb",1000,1000,0,631,0.631,0.600644550435556,0.660352838841229,0.631,2000,FALSE
345,"policy_peba4",1000,1000,0,630,0.63,0.599631718127741,0.659373324666014,0.631,2000,FALSE
345,"all",1000,1000,0,624,0.624,0.593557589958251,0.653493373937331,0.631,2000,FALSE
345,"delta_wlsmv",1000,0,1000,0,,,,,0,FALSE
346,"policy_sb",1000,1000,0,491,0.491,0.460109033147214,0.521959848505525,0.46,2000,FALSE
346,"policy_peba4",1000,1000,0,490,0.49,0.459114030974257,0.520962504195454,0.461,2000,FALSE
346,"all",1000,1000,0,482,0.482,0.451158454668928,0.512979308636552,0.461,2000,FALSE
346,"delta_wlsmv",1000,0,1000,0,,,,,0,FALSE
347,"policy_sb",1000,1000,0,632,0.632,0.601657519807479,0.661332215952335,0.623,2000,FALSE
347,"policy_peba4",1000,1000,0,624,0.624,0.593557589958251,0.653493373937331,0.623,2000,FALSE
347,"all",1000,1000,0,606,0.606,0.575364300684062,0.635824426517,0.622,2000,FALSE
347,"delta_wlsmv",1000,0,1000,0,,,,,0,FALSE
348,"policy_sb",1000,1000,0,471,0.471,0.440232445701164,0.501989506290999,0.442,2000,FALSE
348,"policy_peba4",1000,1000,0,466,0.466,0.435271029809732,0.496989189767286,0.44,2000,FALSE
348,"all",1000,1000,0,432,0.432,0.401616094456861,0.462904344697175,0.439,2000,FALSE
348,"delta_wlsmv",1000,0,1000,0,,,,,0,FALSE
349,"policy_sb",1000,1000,0,552,0.552,0.521037691701859,0.582564325415643,0.475,2000,FALSE
349,"policy_peba4",1000,1000,0,539,0.539,0.50801422945219,0.569687283385937,0.472,2000,FALSE
349,"all",1000,1000,0,473,0.473,0.442217879468081,0.503988765490139,0.467,2000,FALSE
349,"delta_wlsmv",1000,0,1000,0,,,,,0,FALSE
350,"policy_sb",1000,1000,0,403,0.403,0.373026155830965,0.433716235315233,0.357,1999,FALSE
350,"policy_peba4",1000,1000,0,381,0.381,0.351410313627498,0.411500454892064,0.355,1999,FALSE
350,"all",1000,1000,0,309,0.309,0.281136857716663,0.338324964024819,0.352,1999,FALSE
350,"delta_wlsmv",1000,0,1000,0,,,,,0,FALSE
351,"policy_sb",1000,0,1000,0,,,,,0,FALSE
351,"policy_peba4",1000,0,1000,0,,,,,0,FALSE
351,"all",1000,0,1000,0,,,,,0,FALSE
351,"delta_wlsmv",1000,0,1000,0,,,,,0,FALSE
352,"policy_sb",1000,0,1000,0,,,,,0,FALSE
352,"policy_peba4",1000,0,1000,0,,,,,0,FALSE
352,"all",1000,0,1000,0,,,,,0,FALSE
352,"delta_wlsmv",1000,0,1000,0,,,,,0,FALSE
353,"policy_sb",1000,1000,0,991,0.991,0.982984183834662,0.995257939332523,0.99,2000,FALSE
353,"policy_peba4",1000,1000,0,991,0.991,0.982984183834662,0.995257939332523,0.99,2000,FALSE
353,"all",1000,1000,0,991,0.991,0.982984183834662,0.995257939332523,0.99,2000,FALSE
353,"delta_wlsmv",1000,0,1000,0,,,,,0,FALSE
354,"policy_sb",1000,1000,0,964,0.964,0.950564339532792,0.973884428592613,0.968,2000,FALSE
354,"policy_peba4",1000,1000,0,964,0.964,0.950564339532792,0.973884428592613,0.968,2000,FALSE
354,"all",1000,1000,0,963,0.963,0.949417602517931,0.973038819124445,0.968,2000,FALSE
354,"delta_wlsmv",1000,0,1000,0,,,,,0,FALSE
355,"policy_sb",1000,1000,0,979,0.979,0.968109704938762,0.986224260432076,0.98,2000,FALSE
355,"policy_peba4",1000,1000,0,978,0.978,0.9669143266526,0.985427292235209,0.98,2000,FALSE
355,"all",1000,1000,0,977,0.977,0.965723549337773,0.984625723067007,0.98,2000,FALSE
355,"delta_wlsmv",1000,0,1000,0,,,,,0,FALSE
356,"policy_sb",1000,1000,0,930,0.93,0.912485351848717,0.944223635853706,0.918,2000,FALSE
356,"policy_peba4",1000,1000,0,926,0.926,0.908094594354414,0.940645007415893,0.918,2000,FALSE
356,"all",1000,1000,0,914,0.914,0.894999968749721,0.92983147522424,0.918,2000,FALSE
356,"delta_wlsmv",1000,0,1000,0,,,,,0,FALSE
357,"policy_sb",1000,1000,0,932,0.932,0.914686138477011,0.94600754219147,0.901,2000,FALSE
357,"policy_peba4",1000,1000,0,922,0.922,0.903717383428928,0.937052832409264,0.901,2000,FALSE
357,"all",1000,1000,0,897,0.897,0.876616363767556,0.914345189994913,0.901,2000,FALSE
357,"delta_wlsmv",1000,0,1000,0,,,,,0,FALSE
358,"policy_sb",1000,1000,0,777,0.777,0.750168106027899,0.801711869771104,0.725,2000,FALSE
358,"policy_peba4",1000,1000,0,761,0.761,0.733600371806297,0.786402060264243,0.725,2000,FALSE
358,"all",1000,1000,0,725,0.725,0.696503832704027,0.751774125977474,0.724,2000,FALSE
358,"delta_wlsmv",1000,0,1000,0,,,,,0,FALSE
359,"policy_sb",1000,0,1000,0,,,,,0,FALSE
359,"policy_peba4",1000,0,1000,0,,,,,0,FALSE
359,"all",1000,0,1000,0,,,,,0,FALSE
359,"delta_wlsmv",1000,0,1000,0,,,,,0,FALSE
360,"policy_sb",1000,0,1000,0,,,,,0,FALSE
360,"policy_peba4",1000,0,1000,0,,,,,0,FALSE
360,"all",1000,0,1000,0,,,,,0,FALSE
360,"delta_wlsmv",1000,0,1000,0,,,,,0,FALSE
361,"policy_sb",1000,1000,0,940,0.94,0.923528925208643,0.953103527324068,0.948,2000,FALSE
361,"policy_peba4",1000,1000,0,940,0.94,0.923528925208643,0.953103527324068,0.948,2000,FALSE
361,"all",1000,1000,0,938,0.938,0.921311939686634,0.951335819880019,0.948,2000,FALSE
361,"delta_wlsmv",1000,0,1000,0,,,,,0,FALSE
362,"policy_sb",1000,1000,0,852,0.852,0.828644950702635,0.872661011323534,0.85,2000,FALSE
362,"policy_peba4",1000,1000,0,851,0.851,0.827587976480076,0.871725639063064,0.85,2000,FALSE
362,"all",1000,1000,0,850,0.85,0.8265313415732,0.870789927486912,0.85,2000,FALSE
362,"delta_wlsmv",1000,0,1000,0,,,,,0,FALSE
363,"policy_sb",1000,1000,0,960,0.96,0.945990355878742,0.970489026314547,0.955,2000,FALSE
363,"policy_peba4",1000,1000,0,957,0.957,0.942580996155916,0.967921346588287,0.954,2000,FALSE
363,"all",1000,1000,0,951,0.951,0.93580929849339,0.962738965352639,0.953,2000,FALSE
363,"delta_wlsmv",1000,0,1000,0,,,,,0,FALSE
364,"policy_sb",1000,1000,0,859,0.859,0.83605351411232,0.879198873295052,0.819,2000,FALSE
364,"policy_peba4",1000,1000,0,854,0.854,0.830759928422627,0.874530726569599,0.819,2000,FALSE
364,"all",1000,1000,0,840,0.84,0.815983066313313,0.86141473791651,0.818,2000,FALSE
364,"delta_wlsmv",1000,0,1000,0,,,,,0,FALSE
365,"policy_sb",1000,1000,0,942,0.942,0.925750423733767,0.954866721765002,0.911,2000,FALSE
365,"policy_peba4",1000,1000,0,936,0.936,0.919099267498826,0.949563799101771,0.91,2000,FALSE
365,"all",1000,1000,0,911,0.911,0.891742648437881,0.927111756086993,0.91,2000,FALSE
365,"delta_wlsmv",1000,0,1000,0,,,,,0,FALSE
366,"policy_sb",1000,1000,0,803,0.803,0.777209146093539,0.826471838264215,0.727,2000,FALSE
366,"policy_peba4",1000,1000,0,791,0.791,0.76470951987713,0.815063306684277,0.727,2000,FALSE
366,"all",1000,1000,0,729,0.729,0.700614064351156,0.755633280262459,0.726,2000,FALSE
366,"delta_wlsmv",1000,0,1000,0,,,,,0,FALSE
367,"policy_sb",1000,0,1000,0,,,,,0,FALSE
367,"policy_peba4",1000,0,1000,0,,,,,0,FALSE
367,"all",1000,0,1000,0,,,,,0,FALSE
367,"delta_wlsmv",1000,0,1000,0,,,,,0,FALSE
368,"policy_sb",1000,0,1000,0,,,,,0,FALSE
368,"policy_peba4",1000,0,1000,0,,,,,0,FALSE
368,"all",1000,0,1000,0,,,,,0,FALSE
368,"delta_wlsmv",1000,0,1000,0,,,,,0,FALSE
369,"policy_sb",1000,1000,0,1000,1,0.996173241514445,1,1,2000,FALSE
369,"policy_peba4",1000,1000,0,1000,1,0.996173241514445,1,1,2000,FALSE
369,"all",1000,1000,0,1000,1,0.996173241514445,1,1,2000,FALSE
369,"delta_wlsmv",1000,0,1000,0,,,,,0,FALSE
370,"policy_sb",1000,1000,0,1000,1,0.996173241514445,1,1,2000,FALSE
370,"policy_peba4",1000,1000,0,1000,1,0.996173241514445,1,1,2000,FALSE
370,"all",1000,1000,0,1000,1,0.996173241514445,1,1,2000,FALSE
370,"delta_wlsmv",1000,0,1000,0,,,,,0,FALSE
371,"policy_sb",1000,1000,0,1000,1,0.996173241514445,1,1,2000,FALSE
371,"policy_peba4",1000,1000,0,1000,1,0.996173241514445,1,1,2000,FALSE
371,"all",1000,1000,0,1000,1,0.996173241514445,1,1,2000,FALSE
371,"delta_wlsmv",1000,0,1000,0,,,,,0,FALSE
372,"policy_sb",1000,1000,0,1000,1,0.996173241514445,1,1,2000,FALSE
372,"policy_peba4",1000,1000,0,1000,1,0.996173241514445,1,1,2000,FALSE
372,"all",1000,1000,0,1000,1,0.996173241514445,1,1,2000,FALSE
372,"delta_wlsmv",1000,0,1000,0,,,,,0,FALSE
373,"policy_sb",1000,1000,0,1000,1,0.996173241514445,1,1,2000,FALSE
373,"policy_peba4",1000,1000,0,1000,1,0.996173241514445,1,1,2000,FALSE
373,"all",1000,1000,0,1000,1,0.996173241514445,1,1,2000,FALSE
373,"delta_wlsmv",1000,0,1000,0,,,,,0,FALSE
374,"policy_sb",1000,1000,0,1000,1,0.996173241514445,1,1,2000,FALSE
374,"policy_peba4",1000,1000,0,1000,1,0.996173241514445,1,1,2000,FALSE
374,"all",1000,1000,0,999,0.999,0.994357441402042,0.999823453629374,1,2000,FALSE
374,"delta_wlsmv",1000,0,1000,0,,,,,0,FALSE
375,"policy_sb",1000,0,1000,0,,,,,0,FALSE
375,"policy_peba4",1000,0,1000,0,,,,,0,FALSE
375,"all",1000,0,1000,0,,,,,0,FALSE
375,"delta_wlsmv",1000,0,1000,0,,,,,0,FALSE
376,"policy_sb",1000,0,1000,0,,,,,0,FALSE
376,"policy_peba4",1000,0,1000,0,,,,,0,FALSE
376,"all",1000,0,1000,0,,,,,0,FALSE
376,"delta_wlsmv",1000,0,1000,0,,,,,0,FALSE
377,"policy_sb",1000,1000,0,1000,1,0.996173241514445,1,1,2000,FALSE
377,"policy_peba4",1000,1000,0,1000,1,0.996173241514445,1,1,2000,FALSE
377,"all",1000,1000,0,1000,1,0.996173241514445,1,1,2000,FALSE
377,"delta_wlsmv",1000,0,1000,0,,,,,0,FALSE
378,"policy_sb",1000,1000,0,997,0.997,0.991216985946497,0.998979216118861,0.998,2000,FALSE
378,"policy_peba4",1000,1000,0,997,0.997,0.991216985946497,0.998979216118861,0.998,2000,FALSE
378,"all",1000,1000,0,997,0.997,0.991216985946497,0.998979216118861,0.998,2000,FALSE
378,"delta_wlsmv",1000,0,1000,0,,,,,0,FALSE
379,"policy_sb",1000,1000,0,1000,1,0.996173241514445,1,1,2000,FALSE
379,"policy_peba4",1000,1000,0,1000,1,0.996173241514445,1,1,2000,FALSE
379,"all",1000,1000,0,1000,1,0.996173241514445,1,1,2000,FALSE
379,"delta_wlsmv",1000,0,1000,0,,,,,0,FALSE
380,"policy_sb",1000,1000,0,1000,1,0.996173241514445,1,1,2000,FALSE
380,"policy_peba4",1000,1000,0,1000,1,0.996173241514445,1,1,2000,FALSE
380,"all",1000,1000,0,999,0.999,0.994357441402042,0.999823453629374,1,2000,FALSE
380,"delta_wlsmv",1000,0,1000,0,,,,,0,FALSE
381,"policy_sb",1000,1000,0,1000,1,0.996173241514445,1,1,2000,FALSE
381,"policy_peba4",1000,1000,0,1000,1,0.996173241514445,1,1,2000,FALSE
381,"all",1000,1000,0,1000,1,0.996173241514445,1,1,2000,FALSE
381,"delta_wlsmv",1000,0,1000,0,,,,,0,FALSE
382,"policy_sb",1000,1000,0,997,0.997,0.991216985946497,0.998979216118861,0.994,2000,FALSE
382,"policy_peba4",1000,1000,0,996,0.996,0.989760443722738,0.998443411859592,0.994,2000,FALSE
382,"all",1000,1000,0,994,0.994,0.986971831758148,0.997247330858124,0.994,2000,FALSE
382,"delta_wlsmv",1000,0,1000,0,,,,,0,FALSE
383,"policy_sb",1000,0,1000,0,,,,,0,FALSE
383,"policy_peba4",1000,0,1000,0,,,,,0,FALSE
383,"all",1000,0,1000,0,,,,,0,FALSE
383,"delta_wlsmv",1000,0,1000,0,,,,,0,FALSE
384,"policy_sb",1000,0,1000,0,,,,,0,FALSE
384,"policy_peba4",1000,0,1000,0,,,,,0,FALSE
384,"all",1000,0,1000,0,,,,,0,FALSE
384,"delta_wlsmv",1000,0,1000,0,,,,,0,FALSE
