"point_id","case_id","source_case","role","estimator","nobs","target","actual_passed","actual_status","curvature_status","condition","retained_status","retained_decision","retained_distance","retained_lower","retained_upper","rank_margin","verification_matrix_error","matrix_allowance","vector_allowance","construction_multiplier","conditional_status","conditional_decision","conditional_lower","conditional_upper"
1,1,1,"retained_ULS","ULS","100","0",FALSE,"ill_conditioned","available","9.2082130888188992e+17","available","within_budget","4.5607913141448835e-09","0","4.9205885814088263e-06","2.0102785028090335e-09","8.9195944394327517e-16","2.9974209726165487e-12","9.2108882780143685e-12","3744","available","unresolved","0","0.01654986042454162"
2,1,1,"retained_ULS","ULS","100","0.0089999999999999993",FALSE,"ill_conditioned","available","9.2082130888188992e+17","available","within_budget","0.008999997268525092","0.00899508118844939","0.0090049133486007939","2.0102785028090335e-09","8.9195944394327517e-16","2.9974209726165487e-12","9.21098624194625e-12","3744","available","unresolved","0","0.025550029151016149"
3,1,1,"retained_ULS","ULS","100","0.0099900000000000006",FALSE,"ill_conditioned","available","9.2082130888188992e+17","available","within_budget","0.0099899972707909492","0.0099850811847470283","0.00999491335683487","2.0102785028090335e-09","8.9195944394327517e-16","2.9974209726165487e-12","9.2109974246844883e-12","3744","available","unresolved","0","0.02654004924610024"
4,1,1,"retained_ULS","ULS","100","0.01",FALSE,"ill_conditioned","available","9.2082130888188992e+17","available","unresolved","0.009999997270814194","0.0099950811847094537","0.010004913356918934","2.0102785028090335e-09","8.9195944394327517e-16","2.9974209726165487e-12","9.2109975380526593e-12","3744","available","unresolved","0","0.02655004944982043"
5,1,1,"retained_ULS","ULS","100","0.01001",FALSE,"ill_conditioned","available","9.2082130888188992e+17","available","above_budget","0.010009997270837401","0.010005081184672301","0.010014913357002501","2.0102785028090335e-09","8.9195944394327517e-16","2.9974209726165487e-12","9.2109976514290552e-12","3744","available","unresolved","0","0.026560049653554893"
6,1,1,"retained_ULS","ULS","100","0.010999999999999999",FALSE,"ill_conditioned","available","9.2082130888188992e+17","available","above_budget","0.010999997273103274","0.010995081180925832","0.011004913365280715","2.0102785028090335e-09","8.9195944394327517e-16","2.9974209726165487e-12","9.2110089164029953e-12","3744","available","unresolved","0","0.027550069896397945"
7,1,1,"retained_ULS","ULS","100","0.02",FALSE,"ill_conditioned","available","9.2082130888188992e+17","available","above_budget","0.019999997293708979","0.019995081144900562","0.020004913442517397","2.0102785028090335e-09","8.9195944394327517e-16","2.9974209726165487e-12","9.2111150224815997e-12","3744","available","unresolved","0.0034497340221016485","0.036550260565316316"
8,2,2,"retained_ULS","ULS","100","0",FALSE,"ill_conditioned","available","1.2414116928131784e+18","available","within_budget","1.1496627267461574e-07","0","4.9981737444922035e-06","1.6938757981886677e-09","1.5171863811647529e-15","2.9974209726165491e-12","4.5323544775287848e-12","3744","available","within_budget","0","0.0096695910458271684"
9,2,2,"retained_ULS","ULS","100","0.0089999999999999993",FALSE,"ill_conditioned","available","1.2414116928131784e+18","available","within_budget","0.0089999297552049284","0.0089950450707729085","0.0090048144396369482","1.6938757981886677e-09","1.5171863811647529e-15","2.9974209726165491e-12","4.533725319675682e-12","3744","available","unresolved","0","0.018672330435077988"
10,2,2,"retained_ULS","ULS","100","0.0099900000000000006",FALSE,"ill_conditioned","available","1.2414116928131784e+18","available","within_budget","0.0099899297530418023","0.009985044905195346","0.0099948146008882587","1.6938757981886677e-09","1.5171863811647529e-15","2.9974209726165491e-12","4.5338769929589319e-12","3744","available","unresolved","0.00031720548833185557","0.019662654017751753"
11,2,2,"retained_ULS","ULS","100","0.01",FALSE,"ill_conditioned","available","1.2414116928131784e+18","available","unresolved","0.0099999297530188637","0.0099950449035208864","0.010004814602516841","1.6938757981886677e-09","1.5171863811647529e-15","2.9974209726165491e-12","4.5338785259024315e-12","3744","available","unresolved","0.00032720221787626105","0.01967265728816147"
12,2,2,"retained_ULS","ULS","100","0.01001",FALSE,"ill_conditioned","available","1.2414116928131784e+18","available","above_budget","0.010009929752997389","0.010005044901847757","0.010014814604147021","1.6938757981886677e-09","1.5171863811647529e-15","2.9974209726165491e-12","4.5338800588637323e-12","3744","available","unresolved","0.00033719894738403557","0.019682660558610746"
13,2,2,"retained_ULS","ULS","100","0.010999999999999999",FALSE,"ill_conditioned","available","1.2414116928131784e+18","available","above_budget","0.010999929750841164","0.010995044736085294","0.011004814765597034","1.6938757981886677e-09","1.5171863811647529e-15","2.9974209726165491e-12","4.5340319101496698e-12","3744","available","unresolved","0.0013268749806340349","0.020672984521048297"
14,2,2,"retained_ULS","ULS","100","0.02",FALSE,"ill_conditioned","available","1.2414116928131784e+18","available","above_budget","0.019999929731411532","0.019995043220707175","0.020004816242115888","1.6938757981886677e-09","1.5171863811647529e-15","2.9974209726165491e-12","4.5354203763098194e-12","3744","available","above_budget","0.010323912761228675","0.029675946701594392"
15,3,3,"retained_ULS","ULS","100","0",FALSE,"ill_conditioned","available","11160972061792364","available","within_budget","1.0482080690357567e-09","0","1.2123874670319579e-06","1.7509208324097945e-08","1.2722785439771311e-15","2.9974209726165487e-12","1.3858817013551532e-11","3744","available","within_budget","0","0.0028555524562377701"
16,3,3,"retained_ULS","ULS","100","0.0089999999999999993",FALSE,"ill_conditioned","available","11160972061792364","available","within_budget","0.0090000006333827171","0.0089987893714923647","0.0090012118952730695","1.7509208324097945e-08","1.2722785439771311e-15","2.9974209726165487e-12","1.3857931844810288e-11","3744","available","unresolved","0.0061446316106778757","0.011855369656087559"
17,3,3,"retained_ULS","ULS","100","0.0099900000000000006",FALSE,"ill_conditioned","available","11160972061792364","available","within_budget","0.0099900006333739425","0.0099887893799666186","0.0099912118867812663","1.7509208324097945e-08","1.2722785439771311e-15","2.9974209726165487e-12","1.3857834790507867e-11","3744","available","unresolved","0.0071346516083030066","0.012845349658444879"
18,3,3,"retained_ULS","ULS","100","0.01",FALSE,"ill_conditioned","available","11160972061792364","available","unresolved","0.010000000633375026","0.0099987893800536718","0.010001211886696381","1.7509208324097945e-08","1.2722785439771311e-15","2.9974209726165487e-12","1.385783381047915e-11","3744","available","unresolved","0.0071446518102352254","0.012855349456514828"
19,3,3,"retained_ULS","ULS","100","0.01001",FALSE,"ill_conditioned","available","11160972061792364","available","above_budget","0.01001000063337385","0.010008789380138111","0.010011211886609589","1.7509208324097945e-08","1.2722785439771311e-15","2.9974209726165487e-12","1.3857832830456789e-11","3744","available","unresolved","0.0071546520121635229","0.012865349254584177"
20,3,3,"retained_ULS","ULS","100","0.010999999999999999",FALSE,"ill_conditioned","available","11160972061792364","available","above_budget","0.01100000063336517","0.010998789388607081","0.01100121187812326","1.7509208324097945e-08","1.2722785439771311e-15","2.9974209726165487e-12","1.385773583970321e-11","3744","available","unresolved","0.0081446719966949497","0.013855329270035391"
21,3,3,"retained_ULS","ULS","100","0.02",FALSE,"ill_conditioned","available","11160972061792364","available","above_budget","0.020000000633280713","0.019998789465341456","0.02000121180121997","1.7509208324097945e-08","1.2722785439771311e-15","2.9974209726165487e-12","1.3856856962925739e-11","3744","available","above_budget","0.017144853085502648","0.022855148181058778"
22,4,4,"retained_ULS","ULS","100","0",FALSE,"ill_conditioned","available","13001114052566422","available","within_budget","3.7937539596911017e-09","0","5.822826339434352e-06","1.6937847784407153e-08","1.0821655528816168e-15","2.9974209726165491e-12","7.5716646261888148e-11","3744","available","unresolved","0","0.01612644174938611"
23,4,4,"retained_ULS","ULS","100","0.0089999999999999993",FALSE,"ill_conditioned","available","13001114052566422","available","within_budget","0.0090000022928284299","0.0089941828632472808","0.009005821722409579","1.6937847784407153e-08","1.0821655528816168e-15","2.9974209726165491e-12","7.5721811904266301e-11","3744","available","unresolved","0","0.025127540447895773"
24,4,4,"retained_ULS","ULS","100","0.0099900000000000006",FALSE,"ill_conditioned","available","13001114052566422","available","within_budget","0.00999000229277857","0.0099841828195251572","0.0099958217660319829","1.6937847784407153e-08","1.0821655528816168e-15","2.9974209726165491e-12","7.5722380176455437e-11","3744","available","unresolved","0","0.026117661480757108"
25,4,4,"retained_ULS","ULS","100","0.01",FALSE,"ill_conditioned","available","13001114052566422","available","unresolved","0.010000002292774837","0.0099941828190801794","0.010005821766469494","1.6937847784407153e-08","1.0821655528816168e-15","2.9974209726165491e-12","7.5722385916630669e-11","3744","available","unresolved","0","0.026127662703319236"
26,4,4,"retained_ULS","ULS","100","0.01001",FALSE,"ill_conditioned","available","13001114052566422","available","above_budget","0.010010002292775801","0.010004182818639525","0.010015821766912077","1.6937847784407153e-08","1.0821655528816168e-15","2.9974209726165491e-12","7.5722391656806922e-11","3744","available","unresolved","0","0.026137663925886657"
27,4,4,"retained_ULS","ULS","100","0.010999999999999999",FALSE,"ill_conditioned","available","13001114052566422","available","above_budget","0.011000002292722065","0.010994182774910159","0.011005821810533972","1.6937847784407153e-08","1.0821655528816168e-15","2.9974209726165491e-12","7.5722959939414178e-11","3744","available","unresolved","0","0.02712778496096558"
28,4,4,"retained_ULS","ULS","100","0.02",FALSE,"ill_conditioned","available","13001114052566422","available","above_budget","0.020000002292241637","0.019994182377357232","0.020005822207126042","1.6937847784407153e-08","1.0821655528816168e-15","2.9974209726165491e-12","7.5728126613288842e-11","3744","available","unresolved","0.0038711192048730826","0.036128885379610197"
29,5,5,"retained_ULS","ULS","100","0",FALSE,"ill_conditioned","available","1.7409582023037064e+18","available","within_budget","7.1370132371695243e-11","0","5.7938649405952685e-06","1.4903594231475845e-09","7.8094999076093927e-16","2.9974209726165487e-12","9.1919335537384226e-12","3744","available","unresolved","0","0.022288200622884096"
30,5,5,"retained_ULS","ULS","100","0.0089999999999999993",FALSE,"ill_conditioned","available","1.7409582023037064e+18","available","within_budget","0.0089999999588969443","0.0089942059516892325","0.0090057939661046561","1.4903594231475845e-09","7.8094999076093927e-16","2.9974209726165487e-12","9.192272491994896e-12","3744","available","unresolved","0","0.031289022353148545"
31,5,5,"retained_ULS","ULS","100","0.0099900000000000006",FALSE,"ill_conditioned","available","1.7409582023037064e+18","available","within_budget","0.0099899999588878487","0.0099842059279153274","0.0099957939898603701","1.4903594231475845e-09","7.8094999076093927e-16","2.9974209726165487e-12","9.192310195104406e-12","3744","available","unresolved","0","0.03227911377399903"
32,5,5,"retained_ULS","ULS","100","0.01",FALSE,"ill_conditioned","available","1.7409582023037064e+18","available","unresolved","0.0099999999588886324","0.0099942059276757911","0.010005793990101474","1.4903594231475845e-09","7.8094999076093927e-16","2.9974209726165487e-12","9.1923105763684455e-12","3744","available","unresolved","0","0.032289114698472274"
33,5,5,"retained_ULS","ULS","100","0.01001",FALSE,"ill_conditioned","available","1.7409582023037064e+18","available","above_budget","0.010009999958888273","0.010004205927435224","0.010015793990341321","1.4903594231475845e-09","7.8094999076093927e-16","2.9974209726165487e-12","9.1923109576409765e-12","3744","available","unresolved","0","0.032299115622964843"
34,5,5,"retained_ULS","ULS","100","0.010999999999999999",FALSE,"ill_conditioned","available","1.7409582023037064e+18","available","above_budget","0.010999999958879165","0.010994205903607803","0.011005794014150527","1.4903594231475845e-09","7.8094999076093927e-16","2.9974209726165487e-12","9.1923487456515969e-12","3744","available","unresolved","0","0.033289207249679827"
35,5,5,"retained_ULS","ULS","100","0.02",FALSE,"ill_conditioned","available","1.7409582023037064e+18","available","above_budget","0.019999999958798666","0.01999420568459144","0.020005794233005893","1.4903594231475845e-09","7.8094999076093927e-16","2.9974209726165487e-12","9.1926960899567866e-12","3744","available","unresolved","0","0.042290049474958326"
36,6,6,"retained_ULS","ULS","100","0",FALSE,"ill_conditioned","available","3.025464278964029e+19","available","within_budget","5.0729548282450718e-07","0","2.083451056613245e-05","3.3888951082988575e-10","8.6313813097468252e-16","2.9974209726165487e-12","6.6348601306426949e-12","3744","available","unresolved","0","0.071241295070321148"
37,6,6,"retained_ULS","ULS","100","0.0089999999999999993",FALSE,"ill_conditioned","available","3.025464278964029e+19","available","within_budget","0.0090002026476567153","0.0089798706371397932","0.0090205346581736373","3.3888951082988575e-10","8.6313813097468252e-16","2.9974209726165487e-12","6.6364253736207809e-12","3744","available","unresolved","0","0.080257796977663179"
38,6,6,"retained_ULS","ULS","100","0.0099900000000000006",FALSE,"ill_conditioned","available","3.025464278964029e+19","available","unresolved","0.0099902026623082275","0.0099698701224770238","0.010010535202139431","3.3888951082988575e-10","8.6313813097468252e-16","2.9974209726165487e-12","6.6365981432346876e-12","3744","available","unresolved","0","0.081249652079408763"
39,6,6,"retained_ULS","ULS","100","0.01",FALSE,"ill_conditioned","available","3.025464278964029e+19","available","unresolved","0.010000202662456702","0.0099798701172771533","0.010020535207636251","3.3888951082988575e-10","8.6313813097468252e-16","2.9974209726165487e-12","6.63659988898162e-12","3744","available","unresolved","0","0.081259670824245692"
40,6,6,"retained_ULS","ULS","100","0.01001",FALSE,"ill_conditioned","available","3.025464278964029e+19","available","unresolved","0.010010202662606335","0.0099898701120783723","0.010030535213134299","3.3888951082988575e-10","8.6313813097468252e-16","2.9974209726165487e-12","6.6366016347405392e-12","3744","available","unresolved","0","0.081269689569212503"
41,6,6,"retained_ULS","ULS","100","0.010999999999999999",FALSE,"ill_conditioned","available","3.025464278964029e+19","available","above_budget","0.011000202677476284","0.010979869597266935","0.011020535757685633","3.3888951082988575e-10","8.6313813097468252e-16","2.9974209726165487e-12","6.6367745242027037e-12","3744","available","unresolved","0","0.082261545958028662"
42,6,6,"retained_ULS","ULS","100","0.02",FALSE,"ill_conditioned","available","3.025464278964029e+19","available","above_budget","0.020000202817069958","0.019979864905072579","0.020020540729067338","3.3888951082988575e-10","8.6313813097468252e-16","2.9974209726165487e-12","6.6383516333405445e-12","3744","available","unresolved","0","0.09127848006385153"
43,7,7,"retained_ULS","ULS","100","0",FALSE,"ill_conditioned","available","2.8750740961197494e+17","available","within_budget","1.3951215245438245e-10","0","9.6671195618438501e-06","3.4922688235838734e-09","9.2290407968505056e-16","2.9974209726165487e-12","3.0410109763417278e-11","3744","available","unresolved","0","0.031433201283327938"
44,7,7,"retained_ULS","ULS","100","0.0089999999999999993",FALSE,"ill_conditioned","available","2.8750740961197494e+17","available","within_budget","0.0090000000649164153","0.008990332409246406","0.0090096677205864246","3.4922688235838734e-09","9.2290407968505056e-16","2.9974209726165487e-12","3.0412235109952569e-11","3744","available","unresolved","0","0.040435398058584746"
45,7,7,"retained_ULS","ULS","100","0.0099900000000000006",FALSE,"ill_conditioned","available","2.8750740961197494e+17","available","within_budget","0.0099900000649188296","0.0099803323348803853","0.0099996677949572739","3.4922688235838734e-09","9.2290407968505056e-16","2.9974209726165487e-12","3.0412469056819222e-11","3744","available","unresolved","0","0.041425639876159215"
46,7,7,"retained_ULS","ULS","100","0.01",FALSE,"ill_conditioned","available","2.8750740961197494e+17","available","unresolved","0.010000000064917372","0.0099903323341277838","0.01000966779570696","3.4922688235838734e-09","9.2290407968505056e-16","2.9974209726165487e-12","3.0412471420079383e-11","3744","available","unresolved","0","0.041435642318925291"
47,7,7,"retained_ULS","ULS","100","0.01001",FALSE,"ill_conditioned","available","2.8750740961197494e+17","available","above_budget","0.010010000064917854","0.010000332333376436","0.010019667796459271","3.4922688235838734e-09","9.2290407968505056e-16","2.9974209726165487e-12","3.0412473783342749e-11","3744","available","unresolved","0","0.041445644761697306"
48,7,7,"retained_ULS","ULS","100","0.010999999999999999",FALSE,"ill_conditioned","available","2.8750740961197494e+17","available","above_budget","0.011000000064917961","0.010990332258997704","0.011009667870838218","3.4922688235838734e-09","9.2290407968505056e-16","2.9974209726165487e-12","3.04127077623058e-11","3744","available","unresolved","0","0.042435886612445899"
49,7,7,"retained_ULS","ULS","100","0.02",FALSE,"ill_conditioned","available","2.8750740961197494e+17","available","above_budget","0.020000000064925912","0.019990331582375429","0.020009668547476395","3.4922688235838734e-09","9.2290407968505056e-16","2.9974209726165487e-12","3.0414836286702663e-11","3744","available","unresolved","0","0.051438086747080884"
50,8,8,"retained_ULS","ULS","100","0",FALSE,"ill_conditioned","available","34353690638321012","available","within_budget","2.027492888720909e-09","0","8.6800614451106997e-07","1.0186617039452221e-08","1.1684863690773546e-15","2.9974209726165487e-12","6.2760959945093617e-12","3744","available","within_budget","0","0.0022229451678337088"
51,8,8,"retained_ULS","ULS","100","0.0089999999999999993",FALSE,"ill_conditioned","available","34353690638321012","available","within_budget","0.0090000009940585154","0.0089991352989329046","0.0090008666891841262","1.0186617039452221e-08","1.1684863690773546e-15","2.9974209726165487e-12","6.274041166048987e-12","3744","available","unresolved","0.0067777856575679642","0.011222216330549067"
52,8,8,"retained_ULS","ULS","100","0.0099900000000000006",FALSE,"ill_conditioned","available","34353690638321012","available","within_budget","0.0099900009940465922","0.0099891353300021728","0.0099908666580910115","1.0186617039452221e-08","1.1684863690773546e-15","2.9974209726165487e-12","6.2738159081850439e-12","3744","available","unresolved","0.0077678654420946991","0.012212136545998486"
53,8,8,"retained_ULS","ULS","100","0.01",FALSE,"ill_conditioned","available","34353690638321012","available","unresolved","0.010000000994046465","0.009999135330315944","0.010000866657776986","1.0186617039452221e-08","1.1684863690773546e-15","2.9974209726165487e-12","6.2738136336352284e-12","3744","available","unresolved","0.0077778662477220283","0.012222135740370902"
54,8,8,"retained_ULS","ULS","100","0.01001",FALSE,"ill_conditioned","available","34353690638321012","available","above_budget","0.010010000994046326","0.010009135330629786","0.010010866657462866","1.0186617039452221e-08","1.1684863690773546e-15","2.9974209726165487e-12","6.2738113591010558e-12","3744","available","unresolved","0.0077878670533438905","0.012232134934748761"
55,8,8,"retained_ULS","ULS","100","0.010999999999999999",FALSE,"ill_conditioned","available","34353690638321012","available","above_budget","0.011000000994033421","0.010999135361675988","0.011000866626390854","1.0186617039452221e-08","1.1684863690773546e-15","2.9974209726165487e-12","6.2735862576558631e-12","3744","available","unresolved","0.0087779467824668691","0.013222055205599973"
56,8,8,"retained_ULS","ULS","100","0.02",FALSE,"ill_conditioned","available","34353690638321012","available","above_budget","0.020000000993920033","0.019999135642952064","0.020000866344888003","1.0186617039452221e-08","1.1684863690773546e-15","2.9974209726165487e-12","6.271546916192853e-12","3744","available","above_budget","0.017778669100833169","0.022221332887006898"
57,9,9,"retained_ULS","ULS","100","0",FALSE,"ill_conditioned","available","5.9248463184836941e+17","available","within_budget","1.5287951590422339e-08","0","1.4065964626227059e-06","2.4605369202130306e-09","9.9972470848004878e-16","2.9974209726165487e-12","2.8467476235655214e-12","3744","available","within_budget","0","0.0041779818684273308"
58,9,9,"retained_ULS","ULS","100","0.0089999999999999993",FALSE,"ill_conditioned","available","5.9248463184836941e+17","available","within_budget","0.0089999923243330119","0.0089985990543812577","0.0090013855942847661","2.4605369202130306e-09","9.9972470848004878e-16","2.9974209726165487e-12","2.8507609148409365e-12","3744","available","unresolved","0.0048161357251257217","0.013183848923540303"
59,9,9,"retained_ULS","ULS","100","0.0099900000000000006",FALSE,"ill_conditioned","available","5.9248463184836941e+17","available","within_budget","0.0099899923233458879","0.0099885988369608422","0.0099913858097309335","2.4605369202130306e-09","9.9972470848004878e-16","2.9974209726165487e-12","2.85120375760874e-12","3744","available","unresolved","0.0058054857956837454","0.014174498851008032"
60,9,9,"retained_ULS","ULS","100","0.01",FALSE,"ill_conditioned","available","5.9248463184836941e+17","available","unresolved","0.0099999923233355988","0.0099985988347636775","0.01000138581190752","2.4605369202130306e-09","9.9972470848004878e-16","2.9974209726165487e-12","2.8512082321618942e-12","3744","available","unresolved","0.0058154792286938669","0.014184505417977332"
61,9,9,"retained_ULS","ULS","100","0.01001",FALSE,"ill_conditioned","available","5.9248463184836941e+17","available","above_budget","0.010009992323326465","0.0100085988325676","0.01001138581408533","2.4605369202130306e-09","9.9972470848004878e-16","2.9974209726165487e-12","2.8512127067429214e-12","3744","available","unresolved","0.0058254726616641835","0.014194511984988748"
62,9,9,"retained_ULS","ULS","100","0.010999999999999999",FALSE,"ill_conditioned","available","5.9248463184836941e+17","available","above_budget","0.010999992322338309","0.010998598615009908","0.01100138602966671","2.4605369202130306e-09","9.9972470848004878e-16","2.9974209726165487e-12","2.8516558282153003e-12","3744","available","unresolved","0.0068148223231864983","0.015185162321490121"
63,9,9,"retained_ULS","ULS","100","0.02",FALSE,"ill_conditioned","available","5.9248463184836941e+17","available","above_budget","0.019999992313367621","0.019998596631112031","0.020001387995623211","2.4605369202130306e-09","9.9972470848004878e-16","2.9974209726165487e-12","2.8556967140037038e-12","3744","available","above_budget","0.015808891797003746","0.024191092829731496"
64,10,10,"retained_ULS","ULS","100","0",FALSE,"ill_conditioned","available","4.8884362274082714e+17","available","within_budget","3.4539782435446618e-09","0","5.973347396598374e-07","2.7385280302245938e-09","7.9350960290369348e-16","2.9974209726165487e-12","1.7038851768229736e-12","3744","available","within_budget","0","0.002246394598543569"
65,10,10,"retained_ULS","ULS","100","0.0089999999999999993",FALSE,"ill_conditioned","available","4.8884362274082714e+17","available","within_budget","0.0090000008580081899","0.0089994063096928215","0.0090005954063235583","2.7385280302245938e-09","7.9350960290369348e-16","2.9974209726165487e-12","1.7058004352195934e-12","3744","available","unresolved","0.0067510846492188133","0.011248917066797568"
66,10,10,"retained_ULS","ULS","100","0.0099900000000000006",FALSE,"ill_conditioned","available","4.8884362274082714e+17","available","within_budget","0.0099900008580522982","0.0099894062355661319","0.0099905954805384646","2.7385280302245938e-09","7.9350960290369348e-16","2.9974209726165487e-12","1.7060132363019492e-12","3744","available","unresolved","0.0077408040936987818","0.012239197622405815"
67,10,10,"retained_ULS","ULS","100","0.01",FALSE,"ill_conditioned","available","4.8884362274082714e+17","available","unresolved","0.010000000858052955","0.0099994062348168489","0.010000595481289062","2.7385280302245938e-09","7.9350960290369348e-16","2.9974209726165487e-12","1.7060153879513856e-12","3744","available","unresolved","0.0077508012569788105","0.012249200459127101"
68,10,10,"retained_ULS","ULS","100","0.01001",FALSE,"ill_conditioned","available","4.8884362274082714e+17","available","above_budget","0.010010000858052606","0.010009406234066525","0.010010595482038687","2.7385280302245938e-09","7.9350960290369348e-16","2.9974209726165487e-12","1.7060175396436873e-12","3744","available","unresolved","0.0077607984202013001","0.012259203295903914"
69,10,10,"retained_ULS","ULS","100","0.010999999999999999",FALSE,"ill_conditioned","available","4.8884362274082714e+17","available","above_budget","0.011000000858096728","0.010999406159790455","0.011000595556403002","2.7385280302245938e-09","7.9350960290369348e-16","2.9974209726165487e-12","1.7062307693393599e-12","3744","available","unresolved","0.0087505172996002675","0.013249484416593189"
70,10,10,"retained_ULS","ULS","100","0.02",FALSE,"ill_conditioned","available","4.8884362274082714e+17","available","above_budget","0.02000000085849395","0.019999405477842559","0.020000596239145341","2.7385280302245938e-09","7.9350960290369348e-16","2.9974209726165487e-12","1.7081884644989716e-12","3744","available","above_budget","0.017747936287420839","0.02225206542956706"
71,11,11,"retained_ULS","ULS","100","0",FALSE,"ill_conditioned","available","71324264195769768","available","within_budget","5.4500672427902292e-10","0","8.3386032466473657e-07","6.8410663775176838e-09","6.3937570304636904e-16","2.9974209726165487e-12","7.4123019617264768e-12","3744","available","within_budget","0","0.0039091649272597921"
72,11,11,"retained_ULS","ULS","100","0.0089999999999999993",FALSE,"ill_conditioned","available","71324264195769768","available","within_budget","0.0090000001725422663","0.0089991668486456185","0.009000833496438914","6.8410663775176838e-09","6.3937570304636904e-16","2.9974209726165487e-12","7.4123782682258987e-12","3744","available","unresolved","0.0050907955471026951","0.012909204797981837"
73,11,11,"retained_ULS","ULS","100","0.0099900000000000006",FALSE,"ill_conditioned","available","71324264195769768","available","within_budget","0.00999000017254611","0.0099891668476513942","0.0099908334974408257","6.8410663775176838e-09","6.3937570304636904e-16","2.9974209726165487e-12","7.4123871451531514e-12","3744","available","unresolved","0.0060807908655152185","0.013899209479577002"
74,11,11,"retained_ULS","ULS","100","0.01",FALSE,"ill_conditioned","available","71324264195769768","available","unresolved","0.01000000017254637","0.0099991668476415631","0.010000833497451176","6.8410663775176838e-09","6.3937570304636904e-16","2.9974209726165487e-12","7.4123872353076601e-12","3744","available","unresolved","0.0060907908179690514","0.013909209527123689"
75,11,11,"retained_ULS","ULS","100","0.01001",FALSE,"ill_conditioned","available","71324264195769768","available","above_budget","0.010010000172546631","0.010009166847631649","0.010010833497461614","6.8410663775176838e-09","6.3937570304636904e-16","2.9974209726165487e-12","7.4123873254719382e-12","3744","available","unresolved","0.0061007907704176507","0.013919209574675613"
76,11,11,"retained_ULS","ULS","100","0.010999999999999999",FALSE,"ill_conditioned","available","71324264195769768","available","above_budget","0.011000000172549306","0.010999166846625235","0.011000833498473377","6.8410663775176838e-09","6.3937570304636904e-16","2.9974209726165487e-12","7.4123963001045128e-12","3744","available","unresolved","0.0070907860373002835","0.014909214307798329"
77,11,11,"retained_ULS","ULS","100","0.02",FALSE,"ill_conditioned","available","71324264195769768","available","above_budget","0.020000000172582789","0.019999166836992419","0.020000833508173159","6.8410663775176838e-09","6.3937570304636904e-16","2.9974209726165487e-12","7.4124822803949536e-12","3744","available","above_budget","0.016090740692299047","0.02390925965286653"
78,12,12,"retained_ULS","ULS","100","0",FALSE,"ill_conditioned","available","8.5429429193816128e+17","available","within_budget","1.5853850167446909e-08","0","3.5266085965361038e-06","2.0821504915069814e-09","9.3054758338414006e-16","2.9974209726165491e-12","6.5305549287100475e-12","3744","available","unresolved","0","0.011328455745937261"
79,12,12,"retained_ULS","ULS","100","0.0089999999999999993",FALSE,"ill_conditioned","available","8.5429429193816128e+17","available","within_budget","0.0090000079692635696","0.0089964966407903319","0.0090035192977368072","2.0821504915069814e-09","9.3054758338414006e-16","2.9974209726165491e-12","6.5316221508188111e-12","3744","available","unresolved","0","0.020330299152954878"
80,12,12,"retained_ULS","ULS","100","0.0099900000000000006",FALSE,"ill_conditioned","available","8.5429429193816128e+17","available","within_budget","0.0099900079696568674","0.009986496577740589","0.0099935193615731457","2.0821504915069814e-09","9.3054758338414006e-16","2.9974209726165491e-12","6.5317401647618251e-12","3744","available","unresolved","0","0.021320503870079711"
81,12,12,"retained_ULS","ULS","100","0.01",FALSE,"ill_conditioned","available","8.5429429193816128e+17","available","unresolved","0.010000007969661377","0.0099964965771038583","0.010003519362218896","2.0821504915069814e-09","9.3054758338414006e-16","2.9974209726165491e-12","6.5317413574481364e-12","3744","available","unresolved","0","0.021330505939016458"
82,12,12,"retained_ULS","ULS","100","0.01001",FALSE,"ill_conditioned","available","8.5429429193816128e+17","available","above_budget","0.01001000796966465","0.010006496576465945","0.010013519362863356","2.0821504915069814e-09","9.3054758338414006e-16","2.9974209726165491e-12","6.5317425501469732e-12","3744","available","unresolved","0","0.021340508007973633"
83,12,12,"retained_ULS","ULS","100","0.010999999999999999",FALSE,"ill_conditioned","available","8.5429429193816128e+17","available","above_budget","0.011000007970058148","0.010996496513349073","0.011003519426767222","2.0821504915069814e-09","9.3054758338414006e-16","2.9974209726165491e-12","6.5318606893313682e-12","3744","available","unresolved","0","0.022330712942352709"
84,12,12,"retained_ULS","ULS","100","0.02",FALSE,"ill_conditioned","available","8.5429429193816128e+17","available","above_budget","0.020000007973638736","0.019996495936536521","0.02000352001074095","2.0821504915069814e-09","9.3054758338414006e-16","2.9974209726165491e-12","6.5329403115713666e-12","3744","available","unresolved","0.0086674301994481874","0.031332585747829288"
85,13,13,"retained_ULS","ULS","100","0",FALSE,"ill_conditioned","available","1.8458826476900375e+18","available","within_budget","1.4441379778643128e-11","0","7.0286791399709369e-06","1.4734823236331761e-09","1.1936859920804412e-15","2.9974209726165491e-12","7.212797240980951e-12","3744","available","unresolved","0","0.017692440697517169"
86,13,13,"retained_ULS","ULS","100","0.0089999999999999993",FALSE,"ill_conditioned","available","1.8458826476900375e+18","available","within_budget","0.0089999999927246888","0.0089929704145902054","0.0090070295708591722","1.4734823236331761e-09","1.1936859920804412e-15","2.9974209726165491e-12","7.2137346062823972e-12","3744","available","unresolved","0","0.026694739961284544"
87,13,13,"retained_ULS","ULS","100","0.0099900000000000006",FALSE,"ill_conditioned","available","1.8458826476900375e+18","available","within_budget","0.0099899999927159176","0.0099829703135388397","0.0099970296718929954","1.4734823236331761e-09","1.1936859920804412e-15","2.9974209726165491e-12","7.213838295851548e-12","3744","available","unresolved","0","0.02768499430386865"
88,13,13,"retained_ULS","ULS","100","0.01",FALSE,"ill_conditioned","available","1.8458826476900375e+18","available","unresolved","0.0099999999927159171","0.0099929703125175868","0.010007029672914248","1.4734823236331761e-09","1.1936859920804412e-15","2.9974209726165491e-12","7.2138393438066733e-12","3744","available","unresolved","0","0.027694996874422572"
89,13,13,"retained_ULS","ULS","100","0.01001",FALSE,"ill_conditioned","available","1.8458826476900375e+18","available","above_budget","0.010009999992715965","0.010002970311496507","0.010017029673935423","1.4734823236331761e-09","1.1936859920804412e-15","2.9974209726165491e-12","7.2138403917735116e-12","3744","available","unresolved","0","0.027704999445005145"
90,13,13,"retained_ULS","ULS","100","0.010999999999999999",FALSE,"ill_conditioned","available","1.8458826476900375e+18","available","above_budget","0.010999999992705841","0.010992970210329654","0.011007029775082028","1.4734823236331761e-09","1.1936859920804412e-15","2.9974209726165491e-12","7.213944198477099e-12","3744","available","unresolved","0","0.028695254074909714"
91,13,13,"retained_ULS","ULS","100","0.02",FALSE,"ill_conditioned","available","1.8458826476900375e+18","available","above_budget","0.01999999999262431","0.01999296928551101","0.02000703069973761","1.4734823236331761e-09","1.1936859920804412e-15","2.9974209726165491e-12","7.2148931612431851e-12","3744","available","unresolved","0.0023024181772416654","0.037697581808006961"
92,14,14,"retained_ULS","ULS","100","0",FALSE,"ill_conditioned","available","50865213402523304","available","within_budget","6.1729486792934668e-09","0","7.4509691384734931e-07","7.9807272172720287e-09","6.6335729493475182e-16","2.9974209726165487e-12","7.390448123630941e-12","3744","available","within_budget","0","0.0033408735059499116"
93,14,14,"retained_ULS","ULS","100","0.0089999999999999993",FALSE,"ill_conditioned","available","50865213402523304","available","within_budget","0.0090000033448318171","0.0089992643919038322","0.009000742297759802","7.9807272172720287e-09","6.6335729493475182e-16","2.9974209726165487e-12","7.3907377979713452e-12","3744","available","unresolved","0.0056590050639468087","0.012341001625716826"
94,14,14,"retained_ULS","ULS","100","0.0099900000000000006",FALSE,"ill_conditioned","available","50865213402523304","available","within_budget","0.0099900033447255752","0.0099892643885542993","0.0099907423008968512","7.9807272172720287e-09","6.6335729493475182e-16","2.9974209726165487e-12","7.3907702355935787e-12","3744","available","unresolved","0.0066489904003464049","0.013331016289104746"
95,14,14,"retained_ULS","ULS","100","0.01",FALSE,"ill_conditioned","available","50865213402523304","available","unresolved","0.010000003344724919","0.0099992643885207233","0.010000742300929115","7.9807272172720287e-09","6.6335729493475182e-16","2.9974209726165487e-12","7.3907705638261207e-12","3744","available","unresolved","0.0066589902519674496","0.01334101643748239"
96,14,14,"retained_ULS","ULS","100","0.01001",FALSE,"ill_conditioned","available","50865213402523304","available","above_budget","0.01001000334472415","0.010009264388487281","0.01001074230096102","7.9807272172720287e-09","6.6335729493475182e-16","2.9974209726165487e-12","7.3907708920702578e-12","3744","available","unresolved","0.0066689901035833863","0.013351016585864916"
97,14,14,"retained_ULS","ULS","100","0.010999999999999999",FALSE,"ill_conditioned","available","50865213402523304","available","above_budget","0.011000003344617978","0.010999264385126255","0.0110007423041097","7.9807272172720287e-09","6.6335729493475182e-16","2.9974209726165487e-12","7.3908034456386708e-12","3744","available","unresolved","0.0076589753875693726","0.014341031301666583"
98,14,14,"retained_ULS","ULS","100","0.02",FALSE,"ill_conditioned","available","50865213402523304","available","above_budget","0.020000003343659371","0.019999264354056946","0.020000742333261795","7.9807272172720287e-09","6.6335729493475182e-16","2.9974209726165487e-12","7.3911045997943496e-12","3744","available","above_budget","0.0166588392492527","0.023341167438066041"
99,15,15,"retained_ULS","ULS","100","0",FALSE,"ill_conditioned","available","3.5667835432398246e+17","available","within_budget","4.4306522977506065e-09","0","2.6317727748637094e-06","3.2307088482751518e-09","1.1375966139678055e-15","2.9974209726165491e-12","6.2030063237539337e-12","3744","available","within_budget","0","0.0069317720510571708"
100,15,15,"retained_ULS","ULS","100","0.0089999999999999993",FALSE,"ill_conditioned","available","3.5667835432398246e+17","available","within_budget","0.0090000023496492627","0.0089973752004922428","0.0090026294988062826","3.2307088482751518e-09","1.1375966139678055e-15","2.9974209726165491e-12","6.2025507425624218e-12","3744","available","unresolved","0.0020687438344726967","0.015931260864825832"
101,15,15,"retained_ULS","ULS","100","0.0099900000000000006",FALSE,"ill_conditioned","available","3.5667835432398246e+17","available","within_budget","0.0099900023494415985","0.0099873752212419811","0.0099926294776412159","3.2307088482751518e-09","1.1375966139678055e-15","2.9974209726165491e-12","6.2025012636679954e-12","3744","available","unresolved","0.0030587991261962822","0.016921205572686917"
102,15,15,"retained_ULS","ULS","100","0.01",FALSE,"ill_conditioned","available","3.5667835432398246e+17","available","unresolved","0.010000002349439813","0.0099973752214513427","0.010002629477428283","3.2307088482751518e-09","1.1375966139678055e-15","2.9974209726165491e-12","6.2025007645233297e-12","3744","available","unresolved","0.0030687996839809935","0.016931205014898636"
103,15,15,"retained_ULS","ULS","100","0.01001",FALSE,"ill_conditioned","available","3.5667835432398246e+17","available","above_budget","0.010010002349438045","0.010007375221661081","0.010012629477215009","3.2307088482751518e-09","1.1375966139678055e-15","2.9974209726165491e-12","6.2025002653915048e-12","3744","available","unresolved","0.0030788002417517354","0.016941204457124357"
104,15,15,"retained_ULS","ULS","100","0.010999999999999999",FALSE,"ill_conditioned","available","3.5667835432398246e+17","available","above_budget","0.011000002349228958","0.010997375242355016","0.0110026294561029","3.2307088482751518e-09","1.1375966139678055e-15","2.9974209726165491e-12","6.2024509149143361e-12","3744","available","unresolved","0.0040688553899695277","0.017931149308488391"
105,15,15,"retained_ULS","ULS","100","0.02",FALSE,"ill_conditioned","available","3.5667835432398246e+17","available","above_budget","0.020000002347340042","0.01999737542804627","0.020002629266633813","3.2307088482751518e-09","1.1375966139678055e-15","2.9974209726165491e-12","6.2020080482962602e-12","3744","available","above_budget","0.013069350284961572","0.026930654409718514"
106,16,16,"retained_ULS","ULS","100","0",FALSE,"ill_conditioned","available","5.0403294793143839e+18","available","within_budget","1.7919991620506876e-10","0","1.1770827405189199e-05","8.4838949316384043e-10","1.0300380938516321e-15","2.9974209726165487e-12","8.0596918990899243e-12","3744","available","unresolved","0","0.034385960804950502"
107,16,16,"retained_ULS","ULS","100","0.0089999999999999993",FALSE,"ill_conditioned","available","5.0403294793143839e+18","available","within_budget","0.0090000000339767929","0.008988226422534995","0.0090117736454185908","8.4838949316384043e-10","1.0300380938516321e-15","2.9974209726165487e-12","8.0617209098993072e-12","3744","available","unresolved","0","0.04339461725438077"
108,16,16,"retained_ULS","ULS","100","0.0099900000000000006",FALSE,"ill_conditioned","available","5.0403294793143839e+18","available","unresolved","0.0099900000339790095","0.0099782260958723914","0.010001773972085628","8.4838949316384043e-10","1.0300380938516321e-15","2.9974209726165487e-12","8.0619445863452649e-12","3744","available","unresolved","0","0.044385571550100617"
109,16,16,"retained_ULS","ULS","100","0.01",FALSE,"ill_conditioned","available","5.0403294793143839e+18","available","unresolved","0.010000000033978509","0.0099882260925715366","0.010011773975385482","8.4838949316384043e-10","1.0300380938516321e-15","2.9974209726165487e-12","8.0619468461938175e-12","3744","available","unresolved","0","0.044395581191543514"
110,16,16,"retained_ULS","ULS","100","0.01001",FALSE,"ill_conditioned","available","5.0403294793143839e+18","available","unresolved","0.010010000033978955","0.0099982260892717573","0.010021773978686152","8.4838949316384043e-10","1.0300380938516321e-15","2.9974209726165487e-12","8.0619491060521783e-12","3744","available","unresolved","0","0.044405590833029071"
111,16,16,"retained_ULS","ULS","100","0.010999999999999999",FALSE,"ill_conditioned","available","5.0403294793143839e+18","available","above_budget","0.011000000033981182","0.010988225762466049","0.011011774305496314","8.4838949316384043e-10","1.0300380938516321e-15","2.9974209726165487e-12","8.0621728805879094e-12","3744","available","unresolved","0","0.04539654554724009"
112,16,16,"retained_ULS","ULS","100","0.02",FALSE,"ill_conditioned","available","5.0403294793143839e+18","available","above_budget","0.020000000034005525","0.019988222785070342","0.020011777282940707","8.4838949316384043e-10","1.0300380938516321e-15","2.9974209726165487e-12","8.0642116032535911e-12","3744","available","unresolved","0","0.054405243576691326"
113,17,17,"retained_ULS","ULS","100","0",FALSE,"ill_conditioned","available","4.4783718637337657e+19","available","within_budget","4.9818357748439327e-10","0","1.1230120771864104e-05","2.8716693123886021e-10","7.8424055141952059e-16","2.9974209726165487e-12","3.4184273784663053e-12","3744","available","unresolved","0","0.043384457754658504"
114,17,17,"retained_ULS","ULS","100","0.0089999999999999993",FALSE,"ill_conditioned","available","4.4783718637337657e+19","available","within_budget","0.009000000060248179","0.00898876209585368","0.0090112380246426781","2.8716693123886021e-10","7.8424055141952059e-16","2.9974209726165487e-12","3.4209667209847763e-12","3744","available","unresolved","0","0.052416685000612716"
115,17,17,"retained_ULS","ULS","100","0.0099900000000000006",FALSE,"ill_conditioned","available","4.4783718637337657e+19","available","unresolved","0.0099900000602558443","0.0099787611747101795","0.010001238945801509","2.8716693123886021e-10","7.8424055141952059e-16","2.9974209726165487e-12","3.4212471300909652e-12","3744","available","unresolved","0","0.053410243770643795"
116,17,17,"retained_ULS","ULS","100","0.01",FALSE,"ill_conditioned","available","4.4783718637337657e+19","available","unresolved","0.010000000060256127","0.009988761165402333","0.01001123895510992","2.8716693123886021e-10","7.8424055141952059e-16","2.9974209726165487e-12","3.4212499635987222e-12","3744","available","unresolved","0","0.053420279731681855"
117,17,17,"retained_ULS","ULS","100","0.01001",FALSE,"ill_conditioned","available","4.4783718637337657e+19","available","unresolved","0.010010000060256425","0.0099987611560944066","0.010021238964418443","2.8716693123886021e-10","7.8424055141952059e-16","2.9974209726165487e-12","3.4212527971283276e-12","3744","available","unresolved","0","0.053430315692997249"
118,17,17,"retained_ULS","ULS","100","0.010999999999999999",FALSE,"ill_conditioned","available","4.4783718637337657e+19","available","above_budget","0.011000000060264062","0.010988760234233091","0.011011239886295033","2.8716693123886021e-10","7.8424055141952059e-16","2.9974209726165487e-12","3.42153342470288e-12","3744","available","unresolved","0","0.054423877235686813"
119,17,17,"retained_ULS","ULS","100","0.02",FALSE,"ill_conditioned","available","4.4783718637337657e+19","available","above_budget","0.020000000060333489","0.01998875182143971","0.020011248299227267","2.8716693123886021e-10","7.8424055141952059e-16","2.9974209726165487e-12","3.4240943977327548e-12","3744","available","unresolved","0","0.063456379440029895"
120,18,18,"retained_ULS","ULS","100","0",FALSE,"ill_conditioned","available","1.6264454257304099e+19","available","within_budget","3.7374586385868407e-10","0","4.0628008777687197e-06","5.0781126157126747e-10","8.4045341388551748e-16","2.9974209726165491e-12","2.0405645224041527e-12","3744","available","unresolved","0","0.014578489257827225"
121,18,18,"retained_ULS","ULS","100","0.0089999999999999993",FALSE,"ill_conditioned","available","1.6264454257304099e+19","available","within_budget","0.0090000000609949671","0.0089959347542932187","0.0090040653676967154","5.0781126157126747e-10","8.4045341388551748e-16","2.9974209726165491e-12","2.0420109355083921e-12","3744","available","unresolved","0","0.023588822613593373"
122,18,18,"retained_ULS","ULS","100","0.0099900000000000006",FALSE,"ill_conditioned","available","1.6264454257304099e+19","available","within_budget","0.0099900000610016661","0.0099859344341052501","0.0099940656878980821","5.0781126157126747e-10","8.4045341388551748e-16","2.9974209726165491e-12","2.0421717698659983e-12","3744","available","unresolved","0","0.024579971669103497"
123,18,18,"retained_ULS","ULS","100","0.01",FALSE,"ill_conditioned","available","1.6264454257304099e+19","available","unresolved","0.010000000061002406","0.0099959344308682072","0.010004065691136606","5.0781126157126747e-10","8.4045341388551748e-16","2.9974209726165491e-12","2.0421733962022134e-12","3744","available","unresolved","0","0.024589983288204838"
124,18,18,"retained_ULS","ULS","100","0.01001",FALSE,"ill_conditioned","available","1.6264454257304099e+19","available","above_budget","0.010010000061002156","0.010005934427630148","0.010014065694374165","5.0781126157126747e-10","8.4045341388551748e-16","2.9974209726165491e-12","2.0421750225733603e-12","3744","available","unresolved","0","0.024599994907554712"
125,18,18,"retained_ULS","ULS","100","0.010999999999999999",FALSE,"ill_conditioned","available","1.6264454257304099e+19","available","above_budget","0.011000000061009844","0.010995934106747794","0.011004066015271895","5.0781126157126747e-10","8.4045341388551748e-16","2.9974209726165491e-12","2.0423362062167621e-12","3744","available","unresolved","0","0.025591146458482674"
126,18,18,"retained_ULS","ULS","100","0.02",FALSE,"ill_conditioned","available","1.6264454257304099e+19","available","above_budget","0.02000000006107874","0.019995931158398508","0.020004068963758972","5.0781126157126747e-10","8.4045341388551748e-16","2.9974209726165491e-12","2.0438172019470483e-12","3744","available","unresolved","0.0053982729250139205","0.034601727197143564"
127,19,19,"retained_ULS","ULS","100","0",FALSE,"ill_conditioned","available","3.7435538582642729e+19","available","within_budget","1.0261897608724994e-08","0","8.6326496667032683e-06","3.1174067134707762e-10","8.9580658776894268e-16","2.9974209726165487e-12","2.4944961046218645e-12","3744","available","unresolved","0","0.029139826437537059"
128,19,19,"retained_ULS","ULS","100","0.0089999999999999993",FALSE,"ill_conditioned","available","3.7435538582642729e+19","available","within_budget","0.0090000016015388661","0.0089913749848270132","0.009008628218250719","3.1174067134707762e-10","8.9580658776894268e-16","2.9974209726165487e-12","2.495719556999446e-12","3744","available","unresolved","0","0.038154109712658486"
129,19,19,"retained_ULS","ULS","100","0.0099900000000000006",FALSE,"ill_conditioned","available","3.7435538582642729e+19","available","within_budget","0.0099900016016375645","0.0099813745147495705","0.0099986286885255585","3.1174067134707762e-10","8.9580658776894268e-16","2.9974209726165487e-12","2.4958555811174935e-12","3744","available","unresolved","0","0.039145698698118951"
130,19,19,"retained_ULS","ULS","100","0.01",FALSE,"ill_conditioned","available","3.7435538582642729e+19","available","unresolved","0.010000001601637885","0.0099913745099955188","0.010008628693280251","3.1174067134707762e-10","8.9580658776894268e-16","2.9974209726165487e-12","2.4958569565580899e-12","3744","available","unresolved","0","0.039155714765527129"
131,19,19,"retained_ULS","ULS","100","0.01001",FALSE,"ill_conditioned","available","3.7435538582642729e+19","available","above_budget","0.010010001601639311","0.010001374505242537","0.010018628698036084","3.1174067134707762e-10","8.9580658776894268e-16","2.9974209726165487e-12","2.4958583320278772e-12","3744","available","unresolved","0","0.039165730833277353"
132,19,19,"retained_ULS","ULS","100","0.010999999999999999",FALSE,"ill_conditioned","available","3.7435538582642729e+19","available","above_budget","0.011000001601738111","0.010991374034156159","0.011008629169320064","3.1174067134707762e-10","8.9580658776894268e-16","2.9974209726165487e-12","2.4959946480217386e-12","3744","available","unresolved","0","0.040157323228327498"
133,19,19,"retained_ULS","ULS","100","0.02",FALSE,"ill_conditioned","available","3.7435538582642729e+19","available","above_budget","0.020000001602636725","0.019991369706222464","0.020008633499050986","3.1174067134707762e-10","8.9580658776894268e-16","2.9974209726165487e-12","2.497246998919047e-12","3744","available","unresolved","0","0.049171952746934165"
134,20,20,"retained_ULS","ULS","100","0",FALSE,"ill_conditioned","available","48254966963007304","available","within_budget","6.4152948526108016e-09","0","3.1073962175452438e-06","8.2786522142690567e-09","7.9904846193484241e-16","2.9974209726165487e-12","2.6709248915969097e-11","3744","available","unresolved","0","0.011639839282333286"
135,20,20,"retained_ULS","ULS","100","0.0089999999999999993",FALSE,"ill_conditioned","available","48254966963007304","available","within_budget","0.0089999989671523863","0.0089968980099549411","0.0090030999243498316","8.2786522142690567e-09","7.9904846193484241e-16","2.9974209726165487e-12","2.6709044564274633e-11","3744","available","unresolved","0","0.020639742778164948"
136,20,20,"retained_ULS","ULS","100","0.0099900000000000006",FALSE,"ill_conditioned","available","48254966963007304","available","within_budget","0.0099899989670977005","0.0099868980124941421","0.0099930999217012588","8.2786522142690567e-09","7.9904846193484241e-16","2.9974209726165487e-12","2.670902221892709e-11","3744","available","unresolved","0","0.021629733040056609"
137,20,20,"retained_ULS","ULS","100","0.01",FALSE,"ill_conditioned","available","48254966963007304","available","unresolved","0.0099999989670971484","0.009996898012519578","0.010003099921674719","8.2786522142690567e-09","7.9904846193484241e-16","2.9974209726165487e-12","2.6709021993351334e-11","3744","available","unresolved","0","0.021639732941750828"
138,20,20,"retained_ULS","ULS","100","0.01001",FALSE,"ill_conditioned","available","48254966963007304","available","above_budget","0.010009998967096638","0.010006898012545742","0.010013099921647534","8.2786522142690567e-09","7.9904846193484241e-16","2.9974209726165487e-12","2.6709021767778273e-11","3744","available","unresolved","0","0.021649732843445582"
139,20,20,"retained_ULS","ULS","100","0.010999999999999999",FALSE,"ill_conditioned","available","48254966963007304","available","above_budget","0.010999998967041975","0.010996898015082555","0.011003099919001395","8.2786522142690567e-09","7.9904846193484241e-16","2.9974209726165487e-12","2.6708999449392384e-11","3744","available","unresolved","0","0.022639723117086376"
140,20,20,"retained_ULS","ULS","100","0.02",FALSE,"ill_conditioned","available","48254966963007304","available","above_budget","0.019999998966550216","0.019996898038005567","0.020003099895094866","8.2786522142690567e-09","7.9904846193484241e-16","2.9974209726165487e-12","2.6708797767169142e-11","3744","available","unresolved","0.0083603627091813609","0.031639635223919077"
141,21,21,"retained_ULS","ULS","100","0",FALSE,"ill_conditioned","available","2.3027658528104328e+22","available","within_budget","5.8099171225616153e-10","0","0.00025856418312111736","1.2674333592428169e-11","7.3397136434480598e-16","2.9974209726165487e-12","3.7118419207088685e-12","3744","available","unresolved","0","1.3833454971095445"
142,21,21,"retained_ULS","ULS","100","0.0089999999999999993",FALSE,"ill_conditioned","available","2.3027658528104328e+22","available","within_budget","0.0089999999964447391","0.0087414240834197167","0.0092585759094697614","1.2674333592428169e-11","7.3397136434480598e-16","2.9974209726165487e-12","3.7120186512988349e-12","3744","available","unresolved","0","1.3924113612549485"
143,21,21,"retained_ULS","ULS","100","0.0099900000000000006",FALSE,"ill_conditioned","available","2.3027658528104328e+22","available","unresolved","0.0099899999964453909","0.0097314226641622512","0.010248577328728531","1.2674333592428169e-11","7.3397136434480598e-16","2.9974209726165487e-12","3.7120390256358646e-12","3744","available","unresolved","0","1.3934089544520674"
144,21,21,"retained_ULS","ULS","100","0.01",FALSE,"ill_conditioned","available","2.3027658528104328e+22","available","unresolved","0.0099999999964449082","0.009741422649759952","0.010258577343129864","1.2674333592428169e-11","7.3397136434480598e-16","2.9974209726165487e-12","3.7120392323815485e-12","3744","available","unresolved","0","1.3934190315029533"
145,21,21,"retained_ULS","ULS","100","0.01001",FALSE,"ill_conditioned","available","2.3027658528104328e+22","available","unresolved","0.010009999996445286","0.0097514226353572122","0.01026857735753336","1.2674333592428169e-11","7.3397136434480598e-16","2.9974209726165487e-12","3.712039439146117e-12","3744","available","unresolved","0","1.3934291085608785"
146,21,21,"retained_ULS","ULS","100","0.010999999999999999",FALSE,"ill_conditioned","available","2.3027658528104328e+22","available","above_budget","0.010999999996445077","0.010741421202944487","0.011258578789945668","1.2674333592428169e-11","7.3397136434480598e-16","2.9974209726165487e-12","3.712060002323053e-12","3744","available","unresolved","0","1.3944267721356796"
147,21,21,"retained_ULS","ULS","100","0.02",FALSE,"ill_conditioned","available","2.3027658528104328e+22","available","above_budget","0.019999999996445739","0.019741407589633483","0.020258592403257995","1.2674333592428169e-11","7.3397136434480598e-16","2.9974209726165487e-12","3.7122554299096691e-12","3744","available","unresolved","0","1.4034996049441932"
148,22,22,"retained_ULS","ULS","100","0",FALSE,"ill_conditioned","available","6.558457650771923e+21","available","within_budget","6.3987509953202361e-07","0","0.00021982123535916752","2.5483018725145996e-11","1.2272951721336265e-15","2.9974209726165491e-12","3.7833936530141038e-12","3744","available","unresolved","0","0.60691380109915327"
149,22,22,"retained_ULS","ULS","100","0.0089999999999999993",FALSE,"ill_conditioned","available","6.558457650771923e+21","available","within_budget","0.0089999928772415017","0.0087807154488879317","0.0092192703055950717","2.5483018725145996e-11","1.2272951721336265e-15","2.9974209726165491e-12","3.785051930050309e-12","3744","available","unresolved","0","0.61617916664202765"
150,22,22,"retained_ULS","ULS","100","0.0099900000000000006",FALSE,"ill_conditioned","available","6.558457650771923e+21","available","unresolved","0.0099899928739667129","0.0097707048212852966","0.010209280926648129","2.5483018725145996e-11","1.2272951721336265e-15","2.9974209726165491e-12","3.7852353216228266e-12","3744","available","unresolved","0","0.61719858540117267"
151,22,22,"retained_ULS","ULS","100","0.01",FALSE,"ill_conditioned","available","6.558457650771923e+21","available","unresolved","0.0099999928739356835","0.0097807047138805184","0.010219281033990849","2.5483018725145996e-11","1.2272951721336265e-15","2.9974209726165491e-12","3.7852371750544696e-12","3744","available","unresolved","0","0.61720888271941199"
152,22,22,"retained_ULS","ULS","100","0.01001",FALSE,"ill_conditioned","available","6.558457650771923e+21","available","unresolved","0.010009992873905565","0.009790704606475336","0.010229281141335794","2.5483018725145996e-11","1.2272951721336265e-15","2.9974209726165491e-12","3.7852390285059416e-12","3744","available","unresolved","0","0.61721918004083332"
153,22,22,"retained_ULS","ULS","100","0.010999999999999999",FALSE,"ill_conditioned","available","6.558457650771923e+21","available","above_budget","0.010999992871044265","0.010780693967799704","0.011219291774288825","2.5483018725145996e-11","1.2272951721336265e-15","2.9974209726165491e-12","3.7854226183520873e-12","3744","available","unresolved","0","0.61823863060645945"
154,22,22,"retained_ULS","ULS","100","0.02",FALSE,"ill_conditioned","available","6.558457650771923e+21","available","above_budget","0.019999992853391015","0.01978059674477824","0.02021938896200379","2.5483018725145996e-11","1.2272951721336265e-15","2.9974209726165491e-12","3.7871005264195782e-12","3744","available","unresolved","0","0.62750779224177711"
155,23,23,"retained_ULS","ULS","100","0",FALSE,"ill_conditioned","available","1.6068505542185521e+19","available","within_budget","8.8819403105092798e-10","0","7.2424673093223685e-06","4.5018528159956148e-10","8.4721986961632952e-16","2.9974209726165487e-12","3.1989282893820215e-12","3744","available","unresolved","0","0.025799359599515407"
156,23,23,"retained_ULS","ULS","100","0.0089999999999999993",FALSE,"ill_conditioned","available","1.6068505542185521e+19","available","within_budget","0.0090000000357927795","0.0089927559031281711","0.009007244168457388","4.5018528159956148e-10","8.4721986961632952e-16","2.9974209726165487e-12","3.200056305860247e-12","3744","available","unresolved","0","0.034808456200736734"
157,23,23,"retained_ULS","ULS","100","0.0099900000000000006",FALSE,"ill_conditioned","available","1.6068505542185521e+19","available","within_budget","0.0099900000357989547","0.0099827556196639342","0.0099972444519339752","4.5018528159956148e-10","8.4721986961632952e-16","2.9974209726165487e-12","3.200181527384386e-12","3744","available","unresolved","0","0.035799466112415614"
158,23,23,"retained_ULS","ULS","100","0.01",FALSE,"ill_conditioned","available","1.6068505542185521e+19","available","unresolved","0.010000000035798672","0.0099927556167977195","0.010007244454799624","4.5018528159956148e-10","8.4721986961632952e-16","2.9974209726165487e-12","3.2001827934001882e-12","3744","available","unresolved","0","0.035809476322833579"
159,23,23,"retained_ULS","ULS","100","0.01001",FALSE,"ill_conditioned","available","1.6068505542185521e+19","available","above_budget","0.01001000003579995","0.01000275561393296","0.010017244457666939","4.5018528159956148e-10","8.4721986961632952e-16","2.9974209726165487e-12","3.2001840594390292e-12","3744","available","unresolved","0","0.035819486533438957"
160,23,23,"retained_ULS","ULS","100","0.010999999999999999",FALSE,"ill_conditioned","available","1.6068505542185521e+19","available","above_budget","0.011000000035806132","0.01099275532994726","0.011007244741665003","4.5018528159956148e-10","8.4721986961632952e-16","2.9974209726165487e-12","3.200309511315434e-12","3744","available","unresolved","0","0.036810498302909021"
161,23,23,"retained_ULS","ULS","100","0.02",FALSE,"ill_conditioned","available","1.6068505542185521e+19","available","above_budget","0.020000000035863864","0.019992752724826094","0.020007247346901635","4.5018528159956148e-10","8.4721986961632952e-16","2.9974209726165487e-12","3.2014603349111801e-12","3744","available","unresolved","0","0.045819779696006736"
162,24,24,"retained_ULS","ULS","100","0",FALSE,"ill_conditioned","available","9.754784148931201e+18","available","within_budget","4.9628823688235353e-08","0","4.1740629703929569e-06","5.7880446143165548e-10","7.9821405370284364e-16","2.9974209726165491e-12","2.4862966180581792e-12","3744","available","unresolved","0","0.015572726853453697"
163,24,24,"retained_ULS","ULS","100","0.0089999999999999993",FALSE,"ill_conditioned","available","9.754784148931201e+18","available","within_budget","0.0090000093345187042","0.0089958838343493653","0.0090041348346880431","5.7880446143165548e-10","7.9821405370284364e-16","2.9974209726165491e-12","2.4869392390983115e-12","3744","available","unresolved","0","0.024576711553577522"
164,24,24,"retained_ULS","ULS","100","0.0099900000000000006",FALSE,"ill_conditioned","available","9.754784148931201e+18","available","within_budget","0.0099900093353486076","0.0099858837155813677","0.0099941349551158475","5.7880446143165548e-10","7.9821405370284364e-16","2.9974209726165491e-12","2.4870113352497184e-12","3744","available","unresolved","0","0.025567163121644768"
165,24,24,"retained_ULS","ULS","100","0.01",FALSE,"ill_conditioned","available","9.754784148931201e+18","available","unresolved","0.01000000933535704","0.0099958837143793756","0.010004134956334704","5.7880446143165548e-10","7.9821405370284364e-16","2.9974209726165491e-12","2.4870120649167401e-12","3744","available","unresolved","0","0.025577167691851675"
166,24,24,"retained_ULS","ULS","100","0.01001",FALSE,"ill_conditioned","available","9.754784148931201e+18","available","above_budget","0.010010009335365474","0.010005883713177337","0.01001413495755361","5.7880446143165548e-10","7.9821405370284364e-16","2.9974209726165491e-12","2.4870127946122224e-12","3744","available","unresolved","0","0.025587172262236849"
167,24,24,"retained_ULS","ULS","100","0.010999999999999999",FALSE,"ill_conditioned","available","9.754784148931201e+18","available","above_budget","0.011000009336197774","0.010995883593939651","0.011004135078455898","5.7880446143165548e-10","7.9821405370284364e-16","2.9974209726165491e-12","2.487085175340313e-12","3744","available","unresolved","0","0.026577625612724903"
168,24,24,"retained_ULS","ULS","100","0.02",FALSE,"ill_conditioned","available","9.754784148931201e+18","available","above_budget","0.020000009343814851","0.019995882488794196","0.020004136198835506","5.7880446143165548e-10","7.9821405370284364e-16","2.9974209726165491e-12","2.4877559722115483e-12","3744","available","unresolved","0.0044181915962792544","0.035581827091350451"
169,25,25,"retained_ULS","ULS","100","0",FALSE,"ill_conditioned","available","4.0791409693056958e+19","available","within_budget","4.4341456008068094e-08","0","1.1665907626239143e-05","2.9473648248927638e-10","8.6372986254960265e-16","2.9974209726165487e-12","3.2968310045277621e-12","3744","available","unresolved","0","0.040756734487938616"
170,25,25,"retained_ULS","ULS","100","0.0089999999999999993",FALSE,"ill_conditioned","available","4.0791409693056958e+19","available","within_budget","0.009000006352287435","0.008988379958155112","0.0090116327464197579","2.9473648248927638e-10","8.6372986254960265e-16","2.9974209726165487e-12","3.2982006111681259e-12","3744","available","unresolved","0","0.049773628101690587"
171,25,25,"retained_ULS","ULS","100","0.0099900000000000006",FALSE,"ill_conditioned","available","4.0791409693056958e+19","available","unresolved","0.009990006352947934","0.009978379423863681","0.010001633282032187","2.9473648248927638e-10","8.6372986254960265e-16","2.9974209726165487e-12","3.2983523675169176e-12","3744","available","unresolved","0","0.05076550417257629"
172,25,25,"retained_ULS","ULS","100","0.01",FALSE,"ill_conditioned","available","4.0791409693056958e+19","available","unresolved","0.010000006352954791","0.0099883794184630788","0.010011633287446503","2.9473648248927638e-10","8.6372986254960265e-16","2.9974209726165487e-12","3.2983539015206522e-12","3744","available","unresolved","0","0.050775523136526023"
173,25,25,"retained_ULS","ULS","100","0.01001",FALSE,"ill_conditioned","available","4.0791409693056958e+19","available","unresolved","0.010010006352960635","0.0099983794130613039","0.010021633292859966","2.9473648248927638e-10","8.6372986254960265e-16","2.9974209726165487e-12","3.2983554355466117e-12","3744","available","unresolved","0","0.050785542100749578"
174,25,25,"retained_ULS","ULS","100","0.010999999999999999",FALSE,"ill_conditioned","available","4.0791409693056958e+19","available","above_budget","0.011000006353623071","0.010988378877988383","0.01101163382925776","2.9473648248927638e-10","8.6372986254960265e-16","2.9974209726165487e-12","3.2985074141272193e-12","3744","available","unresolved","0","0.051777420918952259"
175,25,25,"retained_ULS","ULS","100","0.02",FALSE,"ill_conditioned","available","4.0791409693056958e+19","available","above_budget","0.02000000635968515","0.019988373978525951","0.020011638740844349","2.9473648248927638e-10","8.6372986254960265e-16","2.9974209726165487e-12","3.29989902388541e-12","3744","available","unresolved","0","0.060794624538921732"
176,26,1,"fresh_regular","ULS","100","0",TRUE,"available","available","4659.879216486569","available","within_budget","1.3832254393441914e-15","1.3762865454401987e-15","1.390164333248184e-15","0.022600139479116321","1.0629595058106523e-15","2.9974209726165487e-12","8.3133500084000839e-13","3744","available","within_budget","0","8.3272516517344184e-13"
177,26,1,"fresh_regular","ULS","100","0.0089999999999999993",TRUE,"available","available","4659.879216486569","available","within_budget","0.0089999999999999438","0.0089999999999993835","0.0090000000000005041","0.022600139479116321","1.0629595058106523e-15","2.9974209726165487e-12","8.3133500084000839e-13","3744","available","within_budget","0.0089999999979723782","0.0090000000020275094"
178,26,1,"fresh_regular","ULS","100","0.0099900000000000006",TRUE,"available","available","4659.879216486569","available","within_budget","0.009989999999999338","0.0099899999999987187","0.0099899999999999572","0.022600139479116321","1.0629595058106523e-15","2.9974209726165487e-12","8.3133500084000839e-13","3744","available","within_budget","0.0099899999978401901","0.0099900000021584858"
179,26,1,"fresh_regular","ULS","100","0.01",FALSE,"available","available","4659.879216486569","available","above_budget","0.01000000000000064","0.010000000000000019","0.010000000000001261","0.022600139479116321","1.0629595058106523e-15","2.9974209726165487e-12","8.3133500084000839e-13","3744","available","unresolved","0.0099999999978401619","0.010000000002161119"
180,26,1,"fresh_regular","ULS","100","0.01001",FALSE,"available","available","4659.879216486569","available","above_budget","0.010010000000000366","0.010009999999999745","0.010010000000000987","0.022600139479116321","1.0629595058106523e-15","2.9974209726165487e-12","8.3133500084000839e-13","3744","available","above_budget","0.010009999997838559","0.010010000002162173"
181,26,1,"fresh_regular","ULS","100","0.010999999999999999",FALSE,"available","available","4659.879216486569","available","above_budget","0.01100000000000134","0.011000000000000659","0.011000000000002022","0.022600139479116321","1.0629595058106523e-15","2.9974209726165487e-12","8.3133500084000839e-13","3744","available","above_budget","0.010999999997707949","0.011000000002294731"
182,26,1,"fresh_regular","ULS","100","0.02",FALSE,"available","available","4659.879216486569","available","above_budget","0.020000000000001281","0.020000000000000046","0.020000000000002516","0.022600139479116321","1.0629595058106523e-15","2.9974209726165487e-12","8.3133500084000839e-13","3744","available","above_budget","0.019999999996511666","0.020000000003490895"
183,27,2,"fresh_regular","ULS","100","0",TRUE,"available","available","1749.7433233177708","available","within_budget","1.0409882067737153e-16","9.7159926773456578e-17","1.110377145812865e-16","0.042266121109931588","1.0688157116858828e-15","2.9974209726165487e-12","8.3133500084000839e-13","3744","available","within_budget","0","8.3144603855460711e-13"
184,27,2,"fresh_regular","ULS","100","0.0089999999999999993",TRUE,"available","available","1749.7433233177708","available","within_budget","0.0089999999999986306","0.0089999999999982646","0.0089999999999989966","0.042266121109931588","1.0688157116858828e-15","2.9974209726165487e-12","8.3133500084000839e-13","3744","available","within_budget","0.0089999999985191665","0.0090000000014780947"
185,27,2,"fresh_regular","ULS","100","0.0099900000000000006",TRUE,"available","available","1749.7433233177708","available","within_budget","0.0099899999999984238","0.0099899999999980178","0.0099899999999988297","0.042266121109931588","1.0688157116858828e-15","2.9974209726165487e-12","8.3133500084000839e-13","3744","available","within_budget","0.009989999998447666","0.0099900000015491815"
186,27,2,"fresh_regular","ULS","100","0.01",TRUE,"available","available","1749.7433233177708","available","unresolved","0.0099999999999997088","0.0099999999999993011","0.010000000000000116","0.042266121109931588","1.0688157116858828e-15","2.9974209726165487e-12","8.3133500084000839e-13","3744","available","unresolved","0.0099999999984482293","0.010000000001551188"
187,27,2,"fresh_regular","ULS","100","0.01001",FALSE,"available","available","1749.7433233177708","available","above_budget","0.010009999999998227","0.010009999999997818","0.010009999999998636","0.042266121109931588","1.0688157116858828e-15","2.9974209726165487e-12","8.3133500084000839e-13","3744","available","above_budget","0.010009999998446028","0.010010000001550426"
188,27,2,"fresh_regular","ULS","100","0.010999999999999999",FALSE,"available","available","1749.7433233177708","available","above_budget","0.010999999999998018","0.010999999999997572","0.010999999999998464","0.042266121109931588","1.0688157116858828e-15","2.9974209726165487e-12","8.3133500084000839e-13","3744","available","above_budget","0.010999999998374527","0.01100000000162151"
189,27,2,"fresh_regular","ULS","100","0.02",FALSE,"available","available","1749.7433233177708","available","above_budget","0.019999999999996642","0.019999999999995837","0.019999999999997447","0.042266121109931588","1.0688157116858828e-15","2.9974209726165487e-12","8.3133500084000839e-13","3744","available","above_budget","0.019999999997725029","0.020000000002268255"
190,28,3,"fresh_regular","ULS","100","0",TRUE,"available","available","1883.9974814888872","available","within_budget","1.8107639253780426e-15","1.8038250314740336e-15","1.8177028192820516e-15","0.035934619612508996","1.2853063077834583e-15","2.9974209726165487e-12","8.3133500084000839e-13","3744","available","within_budget","0","8.3315270365946731e-13"
191,28,3,"fresh_regular","ULS","100","0.0089999999999999993",TRUE,"available","available","1883.9974814888872","available","within_budget","0.0090000000000013004","0.0090000000000008372","0.0090000000000017635","0.035934619612508996","1.2853063077834583e-15","2.9974209726165487e-12","8.3133500084000839e-13","3744","available","within_budget","0.0089999999984049714","0.0090000000015976293"
192,28,3,"fresh_regular","ULS","100","0.0099900000000000006",TRUE,"available","available","1883.9974814888872","available","within_budget","0.0099899999999999885","0.009989999999999475","0.009990000000000502","0.035934619612508996","1.2853063077834583e-15","2.9974209726165487e-12","8.3133500084000839e-13","3744","available","within_budget","0.0099899999983195098","0.0099900000016804671"
193,28,3,"fresh_regular","ULS","100","0.01",FALSE,"available","available","1883.9974814888872","available","unresolved","0.010000000000000167","0.0099999999999996533","0.01000000000000068","0.035934619612508996","1.2853063077834583e-15","2.9974209726165487e-12","8.3133500084000839e-13","3744","available","unresolved","0.0099999999983188398","0.010000000001681494"
194,28,3,"fresh_regular","ULS","100","0.01001",FALSE,"available","available","1883.9974814888872","available","above_budget","0.010010000000000345","0.010009999999999832","0.010010000000000858","0.035934619612508996","1.2853063077834583e-15","2.9974209726165487e-12","8.3133500084000839e-13","3744","available","above_budget","0.010009999998318168","0.010010000001682522"
195,28,3,"fresh_regular","ULS","100","0.010999999999999999",FALSE,"available","available","1883.9974814888872","available","above_budget","0.010999999999999031","0.010999999999998468","0.010999999999999595","0.035934619612508996","1.2853063077834583e-15","2.9974209726165487e-12","8.3133500084000839e-13","3744","available","above_budget","0.010999999998232706","0.011000000001765356"
196,28,3,"fresh_regular","ULS","100","0.02",FALSE,"available","available","1883.9974814888872","available","above_budget","0.020000000000000337","0.019999999999999317","0.020000000000001357","0.035934619612508996","1.2853063077834583e-15","2.9974209726165487e-12","8.3133500084000839e-13","3744","available","above_budget","0.019999999997469025","0.020000000002531649"
197,29,4,"fresh_regular","ULS","100","0",TRUE,"available","available","2158.4452762106748","available","within_budget","0","0","6.9388939039072299e-18","0.04132832138054951","9.9659514959822698e-16","2.9974209726165487e-12","8.3133500084000839e-13","3744","available","within_budget","0","8.3134193973391239e-13"
198,29,4,"fresh_regular","ULS","100","0.0089999999999999993",TRUE,"available","available","2158.4452762106748","available","within_budget","0.0090000000000009031","0.0090000000000005492","0.009000000000001257","0.04132832138054951","9.9659514959822698e-16","2.9974209726165487e-12","8.3133500084000839e-13","3744","available","within_budget","0.0089999999985075317","0.0090000000014942745"
199,29,4,"fresh_regular","ULS","100","0.0099900000000000006",TRUE,"available","available","2158.4452762106748","available","within_budget","0.0099900000000007171","0.0099900000000003233","0.0099900000000011108","0.04132832138054951","9.9659514959822698e-16","2.9974209726165487e-12","8.3133500084000839e-13","3744","available","within_budget","0.009989999998434522","0.0099900000015669121"
200,29,4,"fresh_regular","ULS","100","0.01",FALSE,"available","available","2158.4452762106748","available","above_budget","0.010000000000001402","0.010000000000001008","0.010000000000001796","0.04132832138054951","9.9659514959822698e-16","2.9974209726165487e-12","8.3133500084000839e-13","3744","available","unresolved","0.0099999999984344713","0.010000000001568332"
201,29,4,"fresh_regular","ULS","100","0.01001",FALSE,"available","available","2158.4452762106748","available","above_budget","0.01001000000000209","0.010010000000001696","0.010010000000002484","0.04132832138054951","9.9659514959822698e-16","2.9974209726165487e-12","8.3133500084000839e-13","3744","available","above_budget","0.010009999998434426","0.010010000001569755"
202,29,4,"fresh_regular","ULS","100","0.010999999999999999",FALSE,"available","available","2158.4452762106748","available","above_budget","0.011000000000001904","0.011000000000001472","0.011000000000002336","0.04132832138054951","9.9659514959822698e-16","2.9974209726165487e-12","8.3133500084000839e-13","3744","available","above_budget","0.010999999998361416","0.011000000001642392"
203,29,4,"fresh_regular","ULS","100","0.02",FALSE,"available","available","2158.4452762106748","available","above_budget","0.020000000000002804","0.020000000000002023","0.020000000000003584","0.04132832138054951","9.9659514959822698e-16","2.9974209726165487e-12","8.3133500084000839e-13","3744","available","above_budget","0.019999999997700284","0.020000000002305323"
204,30,5,"fresh_regular","ULS","100","0",TRUE,"available","available","3156.5660723652309","available","within_budget","1.0546006126902718e-15","1.047661718786322e-15","1.0615395065942216e-15","0.032272554224135858","7.7784698922923355e-16","2.9974209726165491e-12","8.3133500084000839e-13","3744","available","within_budget","0","8.3239654034670975e-13"
205,30,5,"fresh_regular","ULS","100","0.0089999999999999993",TRUE,"available","available","3156.5660723652309","available","within_budget","0.0089999999999989689","0.0089999999999986167","0.008999999999999321","0.032272554224135858","7.7784698922923355e-16","2.9974209726165491e-12","8.3133500084000839e-13","3744","available","within_budget","0.0089999999983272783","0.0090000000016706595"
206,30,5,"fresh_regular","ULS","100","0.0099900000000000006",TRUE,"available","available","3156.5660723652309","available","within_budget","0.0099900000000003875","0.0099899999999999989","0.009990000000000776","0.032272554224135858","7.7784698922923355e-16","2.9974209726165491e-12","8.3133500084000839e-13","3744","available","within_budget","0.0099899999982362587","0.0099900000017645162"
207,30,5,"fresh_regular","ULS","100","0.01",TRUE,"available","available","3156.5660723652309","available","within_budget","0.0099999999999988553","0.0099999999999984667","0.0099999999999992439","0.032272554224135858","7.7784698922923355e-16","2.9974209726165491e-12","8.3133500084000839e-13","3744","available","unresolved","0.0099999999982337915","0.010000000001763919"
208,30,5,"fresh_regular","ULS","100","0.01001",FALSE,"available","available","3156.5660723652309","available","above_budget","0.01001000000000065","0.01001000000000026","0.010010000000001041","0.032272554224135858","7.7784698922923355e-16","2.9974209726165491e-12","8.3133500084000839e-13","3744","available","above_budget","0.010009999998234653","0.010010000001766647"
209,30,5,"fresh_regular","ULS","100","0.010999999999999999",FALSE,"available","available","3156.5660723652309","available","above_budget","0.01099999999999874","0.010999999999998313","0.010999999999999167","0.032272554224135858","7.7784698922923355e-16","2.9974209726165491e-12","8.3133500084000839e-13","3744","available","above_budget","0.010999999998140305","0.011000000001857175"
210,30,5,"fresh_regular","ULS","100","0.02",FALSE,"available","available","3156.5660723652309","available","above_budget","0.020000000000001034","0.020000000000000264","0.020000000000001805","0.032272554224135858","7.7784698922923355e-16","2.9974209726165491e-12","8.3133500084000839e-13","3744","available","above_budget","0.019999999997302252","0.020000000002699816"
211,31,6,"fresh_weak","ULS","100","0",TRUE,"available","available","223877.08477435369","available","within_budget","1.8866063506728703e-15","1.8796674567686113e-15","1.8935452445771294e-15","0.0040875603819073552","7.025424438185617e-16","2.9974209726165487e-12","8.3133500084000839e-13","3744","available","within_budget","0","8.3322854608597162e-13"
212,31,6,"fresh_weak","ULS","100","0.0089999999999999993",TRUE,"available","available","223877.08477435369","available","within_budget","0.0089999999999990591","0.0089999999999973782","0.00900000000000074","0.0040875603819073552","7.025424438185617e-16","2.9974209726165487e-12","8.3133500084000839e-13","3744","available","within_budget","0.008999999992566142","0.0090000000074319762"
213,31,6,"fresh_weak","ULS","100","0.0099900000000000006",TRUE,"available","available","223877.08477435369","available","within_budget","0.0099899999999998809","0.0099899999999980161","0.0099900000000017457","0.0040875603819073552","7.025424438185617e-16","2.9974209726165487e-12","8.3133500084000839e-13","3744","available","within_budget","0.0099899999918407912","0.0099900000081589706"
214,31,6,"fresh_weak","ULS","100","0.01",TRUE,"available","available","223877.08477435369","available","unresolved","0.0099999999999997122","0.0099999999999978457","0.010000000000001579","0.0040875603819073552","7.025424438185617e-16","2.9974209726165487e-12","8.3133500084000839e-13","3744","available","unresolved","0.0099999999918332864","0.010000000008166138"
215,31,6,"fresh_weak","ULS","100","0.01001",FALSE,"available","available","223877.08477435369","available","above_budget","0.01000999999999954","0.010009999999997672","0.010010000000001408","0.0040875603819073552","7.025424438185617e-16","2.9974209726165487e-12","8.3133500084000839e-13","3744","available","above_budget","0.01000999999182578","0.0100100000081733"
216,31,6,"fresh_weak","ULS","100","0.010999999999999999",FALSE,"available","available","223877.08477435369","available","above_budget","0.010999999999999389","0.010999999999997335","0.011000000000001443","0.0040875603819073552","7.025424438185617e-16","2.9974209726165487e-12","8.3133500084000839e-13","3744","available","above_budget","0.010999999991099452","0.011000000008899325"
217,31,6,"fresh_weak","ULS","100","0.02",FALSE,"available","available","223877.08477435369","available","above_budget","0.019999999999999428","0.019999999999995702","0.020000000000003154","0.0040875603819073552","7.025424438185617e-16","2.9974209726165487e-12","8.3133500084000839e-13","3744","available","above_budget","0.019999999984497918","0.020000000015500938"
218,32,7,"fresh_weak","ULS","100","0",TRUE,"available","available","215480.8744234636","available","within_budget","1.7924765855914083e-15","1.7855376916871102e-15","1.7994154794957065e-15","0.0044239929338004613","8.9448107810774149e-16","2.9974209726165487e-12","8.3133500084000839e-13","3744","available","within_budget","0","8.331344163207289e-13"
219,32,7,"fresh_weak","ULS","100","0.0089999999999999993",TRUE,"available","available","215480.8744234636","available","within_budget","0.0089999999999996177","0.0089999999999976644","0.009000000000001571","0.0044239929338004613","8.9448107810774149e-16","2.9974209726165487e-12","8.3133500084000839e-13","3744","available","within_budget","0.0089999999930683687","0.0090000000069308667"
220,32,7,"fresh_weak","ULS","100","0.0099900000000000006",TRUE,"available","available","215480.8744234636","available","within_budget","0.0099899999999999711","0.0099899999999978027","0.0099900000000021395","0.0044239929338004613","8.9448107810774149e-16","2.9974209726165487e-12","8.3133500084000839e-13","3744","available","within_budget","0.0099899999923977328","0.0099900000076022094"
221,32,7,"fresh_weak","ULS","100","0.01",FALSE,"available","available","215480.8744234636","available","unresolved","0.010000000000000248","0.0099999999999980799","0.010000000000002417","0.0044239929338004613","8.9448107810774149e-16","2.9974209726165487e-12","8.3133500084000839e-13","3744","available","unresolved","0.0099999999923912324","0.010000000007609264"
222,32,7,"fresh_weak","ULS","100","0.01001",FALSE,"available","available","215480.8744234636","available","above_budget","0.010009999999999306","0.010009999999997134","0.010010000000001478","0.0044239929338004613","8.9448107810774149e-16","2.9974209726165487e-12","8.3133500084000839e-13","3744","available","above_budget","0.010009999992383512","0.010010000007615099"
223,32,7,"fresh_weak","ULS","100","0.010999999999999999",FALSE,"available","available","215480.8744234636","available","above_budget","0.010999999999999665","0.010999999999997279","0.01100000000000205","0.0044239929338004613","8.9448107810774149e-16","2.9974209726165487e-12","8.3133500084000839e-13","3744","available","above_budget","0.010999999991712882","0.011000000008286447"
224,32,7,"fresh_weak","ULS","100","0.02",FALSE,"available","available","215480.8744234636","available","above_budget","0.019999999999999282","0.019999999999994952","0.020000000000003612","0.0044239929338004613","8.9448107810774149e-16","2.9974209726165487e-12","8.3133500084000839e-13","3744","available","above_budget","0.019999999985612592","0.020000000014385972"
225,33,8,"fresh_weak","ULS","100","0",TRUE,"available","available","101922.6593140109","available","within_budget","1.2698002147620285e-15","1.2628613208579643e-15","1.2767391086660927e-15","0.0049215712890640154","5.3961280250728029e-16","2.9974209726165487e-12","8.3133500084000839e-13","3744","available","within_budget","0","8.3261173994944791e-13"
226,33,8,"fresh_weak","ULS","100","0.0089999999999999993",TRUE,"available","available","101922.6593140109","available","within_budget","0.0089999999999990279","0.0089999999999979072","0.0090000000000001485","0.0049215712890640154","5.3961280250728029e-16","2.9974209726165487e-12","8.3133500084000839e-13","3744","available","within_budget","0.0089999999936852225","0.0090000000063128333"
227,33,8,"fresh_weak","ULS","100","0.0099900000000000006",TRUE,"available","available","101922.6593140109","available","within_budget","0.0099899999999999867","0.0099899999999987429","0.0099900000000012305","0.0049215712890640154","5.3961280250728029e-16","2.9974209726165487e-12","8.3133500084000839e-13","3744","available","within_budget","0.0099899999930831099","0.0099900000069168635"
228,33,8,"fresh_weak","ULS","100","0.01",TRUE,"available","available","101922.6593140109","available","unresolved","0.009999999999999367","0.0099999999999981232","0.010000000000000611","0.0049215712890640154","5.3961280250728029e-16","2.9974209726165487e-12","8.3133500084000839e-13","3744","available","unresolved","0.0099999999930763996","0.010000000006922334"
229,33,8,"fresh_weak","ULS","100","0.01001",FALSE,"available","available","101922.6593140109","available","above_budget","0.010010000000000071","0.010009999999998824","0.010010000000001318","0.0049215712890640154","5.3961280250728029e-16","2.9974209726165487e-12","8.3133500084000839e-13","3744","available","above_budget","0.010009999993071009","0.010010000006929132"
230,33,8,"fresh_weak","ULS","100","0.010999999999999999",FALSE,"available","available","101922.6593140109","available","above_budget","0.010999999999999701","0.010999999999998336","0.011000000000001066","0.0049215712890640154","5.3961280250728029e-16","2.9974209726165487e-12","8.3133500084000839e-13","3744","available","above_budget","0.010999999992467572","0.01100000000753183"
231,33,8,"fresh_weak","ULS","100","0.02",FALSE,"available","available","101922.6593140109","available","above_budget","0.019999999999998734","0.019999999999996253","0.020000000000001215","0.0049215712890640154","5.3961280250728029e-16","2.9974209726165487e-12","8.3133500084000839e-13","3744","available","above_budget","0.019999999986984141","0.020000000013013327"
232,34,9,"fresh_weak","ULS","100","0",TRUE,"available","available","69073.523408359804","available","within_budget","7.5535421291844276e-16","7.4841531901435153e-16","7.6229310682253399e-16","0.0062306512099465456","1.4258156198044786e-15","2.9974209726165487e-12","8.3133500084000839e-13","3744","available","within_budget","0","8.3209729394719545e-13"
233,34,9,"fresh_weak","ULS","100","0.0089999999999999993",TRUE,"available","available","69073.523408359804","available","within_budget","0.0089999999999991181","0.0089999999999969237","0.0090000000000013125","0.0062306512099465456","1.4258156198044786e-15","2.9974209726165487e-12","8.3133500084000839e-13","3744","available","within_budget","0.008999999994835849","0.0090000000051623872"
234,34,9,"fresh_weak","ULS","100","0.0099900000000000006",TRUE,"available","available","69073.523408359804","available","within_budget","0.0099899999999983388","0.0099899999999959032","0.0099900000000007743","0.0062306512099465456","1.4258156198044786e-15","2.9974209726165487e-12","8.3133500084000839e-13","3744","available","within_budget","0.0099899999943585567","0.0099900000056381208"
235,34,9,"fresh_weak","ULS","100","0.01",TRUE,"available","available","69073.523408359804","available","unresolved","0.0099999999999993601","0.0099999999999969228","0.010000000000001797","0.0062306512099465456","1.4258156198044786e-15","2.9974209726165487e-12","8.3133500084000839e-13","3744","available","unresolved","0.0099999999943547659","0.010000000005643954"
236,34,9,"fresh_weak","ULS","100","0.01001",FALSE,"available","available","69073.523408359804","available","above_budget","0.010009999999998839","0.0100099999999964","0.010010000000001278","0.0062306512099465456","1.4258156198044786e-15","2.9974209726165487e-12","8.3133500084000839e-13","3744","available","above_budget","0.010009999994349433","0.010010000005648246"
237,34,9,"fresh_weak","ULS","100","0.010999999999999999",FALSE,"available","available","69073.523408359804","available","above_budget","0.010999999999999606","0.010999999999996925","0.011000000000002286","0.0062306512099465456","1.4258156198044786e-15","2.9974209726165487e-12","8.3133500084000839e-13","3744","available","above_budget","0.010999999993873686","0.011000000006125525"
238,34,9,"fresh_weak","ULS","100","0.02",FALSE,"available","available","69073.523408359804","available","above_budget","0.019999999999998724","0.019999999999993856","0.020000000000003591","0.0062306512099465456","1.4258156198044786e-15","2.9974209726165487e-12","8.3133500084000839e-13","3744","available","above_budget","0.019999999989540877","0.02000000001045657"
239,35,10,"fresh_weak","ULS","100","0",TRUE,"available","available","176859.24445391272","available","within_budget","1.6945242267965499e-15","1.6875853328923894e-15","1.7014631207007103e-15","0.0043497373027936298","5.877707556103865e-16","2.9974209726165487e-12","8.3133500084000839e-13","3744","available","within_budget","0","8.3303646396187849e-13"
240,35,10,"fresh_weak","ULS","100","0.0089999999999999993",TRUE,"available","available","176859.24445391272","available","within_budget","0.0089999999999995865","0.0089999999999982351","0.0090000000000009378","0.0043497373027936298","5.877707556103865e-16","2.9974209726165487e-12","8.3133500084000839e-13","3744","available","within_budget","0.0089999999929648959","0.009000000007034277"
241,35,10,"fresh_weak","ULS","100","0.0099900000000000006",TRUE,"available","available","176859.24445391272","available","within_budget","0.0099900000000005557","0.0099899999999990587","0.0099900000000020528","0.0043497373027936298","5.877707556103865e-16","2.9974209726165487e-12","8.3133500084000839e-13","3744","available","within_budget","0.0099899999922834996","0.0099900000077176119"
242,35,10,"fresh_weak","ULS","100","0.01",TRUE,"available","available","176859.24445391272","available","unresolved","0.0099999999999999534","0.0099999999999984546","0.010000000000001452","0.0043497373027936298","5.877707556103865e-16","2.9974209726165487e-12","8.3133500084000839e-13","3744","available","unresolved","0.0099999999922760034","0.010000000007723903"
243,35,10,"fresh_weak","ULS","100","0.01001",FALSE,"available","available","176859.24445391272","available","above_budget","0.010010000000000586","0.010009999999999087","0.010010000000002085","0.0043497373027936298","5.877707556103865e-16","2.9974209726165487e-12","8.3133500084000839e-13","3744","available","above_budget","0.010009999992269746","0.010010000007731426"
244,35,10,"fresh_weak","ULS","100","0.010999999999999999",FALSE,"available","available","176859.24445391272","available","above_budget","0.01100000000000032","0.010999999999998672","0.011000000000001968","0.0043497373027936298","5.877707556103865e-16","2.9974209726165487e-12","8.3133500084000839e-13","3744","available","above_budget","0.010999999991587111","0.01100000000841353"
245,35,10,"fresh_weak","ULS","100","0.02",FALSE,"available","available","176859.24445391272","available","above_budget","0.019999999999999907","0.019999999999996916","0.020000000000002897","0.0043497373027936298","5.877707556103865e-16","2.9974209726165487e-12","8.3133500084000839e-13","3744","available","above_budget","0.019999999985383352","0.020000000014616461"
246,36,11,"fresh_mixed_units","ULS","100","0",FALSE,"ill_conditioned","available","9.3892970899365133e+17","available","within_budget","1.9508227237318445e-15","1.9438828407403781e-15","1.9577626067233108e-15","2.0036396054797359e-09","8.9924961396898664e-16","2.9974209726165491e-12","8.3133500084000839e-13","3744","available","within_budget","0","8.3329606526061679e-13"
247,36,11,"fresh_mixed_units","ULS","100","0.0089999999999999993",FALSE,"ill_conditioned","available","9.3892970899365133e+17","available","within_budget","0.0089999999999999004","0.0089999952744895112","0.0090000047255102897","2.0036396054797359e-09","8.9924961396898664e-16","2.9974209726165491e-12","8.3133500084000839e-13","3744","available","within_budget","0.0089842203752067296","0.0090157796247930713"
248,36,11,"fresh_mixed_units","ULS","100","0.0099900000000000006",FALSE,"ill_conditioned","available","9.3892970899365133e+17","available","within_budget","0.0099899999999995947","0.0099899947546830629","0.0099900052453161265","2.0036396054797359e-09","8.9924961396898664e-16","2.9974209726165491e-12","8.3133500084000839e-13","3744","available","unresolved","0.0099724846165706212","0.010007515383428568"
249,36,11,"fresh_mixed_units","ULS","100","0.01",FALSE,"ill_conditioned","available","9.3892970899365133e+17","available","unresolved","0.0099999999999998441","0.0099999947494327467","0.010000005250566942","2.0036396054797359e-09","8.9924961396898664e-16","2.9974209726165491e-12","8.3133500084000839e-13","3744","available","unresolved","0.0099824670836553588","0.010017532916344329"
250,36,11,"fresh_mixed_units","ULS","100","0.01001",FALSE,"ill_conditioned","available","9.3892970899365133e+17","available","above_budget","0.010010000000000092","0.010009994744182427","0.010010005255817757","2.0036396054797359e-09","8.9924961396898664e-16","2.9974209726165491e-12","8.3133500084000839e-13","3744","available","unresolved","0.0099924495507400929","0.010027550449260091"
251,36,11,"fresh_mixed_units","ULS","100","0.010999999999999999",FALSE,"ill_conditioned","available","9.3892970899365133e+17","available","above_budget","0.011000000000000787","0.01099999422437698","0.011000005775624594","2.0036396054797359e-09","8.9924961396898664e-16","2.9974209726165491e-12","8.3133500084000839e-13","3744","available","above_budget","0.010980713792104985","0.011019286207896588"
252,36,11,"fresh_mixed_units","ULS","100","0.02",FALSE,"ill_conditioned","available","9.3892970899365133e+17","available","above_budget","0.020000000000001267","0.019999989498867079","0.020000010501135455","2.0036396054797359e-09","8.9924961396898664e-16","2.9974209726165491e-12","8.3133500084000839e-13","3744","available","above_budget","0.019964934168143635","0.020035065831858899"
253,37,12,"fresh_mixed_units","ULS","100","0",FALSE,"ill_conditioned","available","1.2903482926876175e+18","available","within_budget","9.7020171724356778e-15","9.6950702033797877e-15","9.7089641414915679e-15","1.5699859581446058e-09","1.0762675802214947e-15","2.9974209726165491e-12","8.3133500084000839e-13","3744","available","within_budget","0","8.4106649743206612e-13"
254,37,12,"fresh_mixed_units","ULS","100","0.0089999999999999993",FALSE,"ill_conditioned","available","1.2903482926876175e+18","available","within_budget","0.0090000000000010263","0.0089999936934606478","0.0090000063065414047","1.5699859581446058e-09","1.0762675802214947e-15","2.9974209726165491e-12","8.3133500084000839e-13","3744","available","within_budget","0.0089823962766272854","0.0090176037233747671"
255,37,12,"fresh_mixed_units","ULS","100","0.0099900000000000006",FALSE,"ill_conditioned","available","1.2903482926876175e+18","available","within_budget","0.0099900000000009669","0.0099899929997411454","0.0099900070002607883","1.5699859581446058e-09","1.0762675802214947e-15","2.9974209726165491e-12","8.3133500084000839e-13","3744","available","unresolved","0.0099704598671475613","0.010009540132854372"
256,37,12,"fresh_mixed_units","ULS","100","0.01",FALSE,"ill_conditioned","available","1.2903482926876175e+18","available","unresolved","0.010000000000001423","0.0099999929927343367","0.010000007007268509","1.5699859581446058e-09","1.0762675802214947e-15","2.9974209726165491e-12","8.3133500084000839e-13","3744","available","unresolved","0.0099804403074563054","0.01001955969254654"
257,37,12,"fresh_mixed_units","ULS","100","0.01001",FALSE,"ill_conditioned","available","1.2903482926876175e+18","available","above_budget","0.010010000000000378","0.010009992985726024","0.010010007014274732","1.5699859581446058e-09","1.0762675802214947e-15","2.9974209726165491e-12","8.3133500084000839e-13","3744","available","unresolved","0.0099904207477635471","0.010029579252237209"
258,37,12,"fresh_mixed_units","ULS","100","0.010999999999999999",FALSE,"ill_conditioned","available","1.2903482926876175e+18","available","above_budget","0.011000000000001819","0.010999992292008026","0.011000007707995613","1.5699859581446058e-09","1.0762675802214947e-15","2.9974209726165491e-12","8.3133500084000839e-13","3744","available","above_budget","0.010978484338285324","0.011021515661718315"
259,37,12,"fresh_mixed_units","ULS","100","0.02",FALSE,"ill_conditioned","available","1.2903482926876175e+18","available","above_budget","0.020000000000002405","0.01999998598546824","0.02000001401453657","1.5699859581446058e-09","1.0762675802214947e-15","2.9974209726165491e-12","8.3133500084000839e-13","3744","available","above_budget","0.019960880615743512","0.020039119384261297"
260,38,13,"fresh_mixed_units","ULS","100","0",FALSE,"ill_conditioned","available","2.6294221643228774e+18","available","within_budget","1.6948647899919102e-15","1.6879244429910243e-15","1.7018051369927962e-15","1.2166632802553477e-09","9.9746105874195682e-16","2.9974209726165487e-12","8.3133500084000839e-13","3744","available","within_budget","0","8.3304118339486956e-13"
261,38,13,"fresh_mixed_units","ULS","100","0.0089999999999999993",FALSE,"ill_conditioned","available","2.6294221643228774e+18","available","within_budget","0.0090000000000002144","0.0089999914134141611","0.0090000085865862677","1.2166632802553477e-09","9.9746105874195682e-16","2.9974209726165487e-12","8.3133500084000839e-13","3744","available","within_budget","0.0089741245394178524","0.0090258754605825765"
262,38,13,"fresh_mixed_units","ULS","100","0.0099900000000000006",FALSE,"ill_conditioned","available","2.6294221643228774e+18","available","within_budget","0.0099899999999992425","0.0099899904688887237","0.0099900095311097614","1.2166632802553477e-09","9.9746105874195682e-16","2.9974209726165487e-12","8.3133500084000839e-13","3744","available","unresolved","0.009961278238844273","0.010018721761154212"
263,38,13,"fresh_mixed_units","ULS","100","0.01",FALSE,"ill_conditioned","available","2.6294221643228774e+18","available","unresolved","0.010000000000000561","0.0099999904593493904","0.010000009540651731","1.2166632802553477e-09","9.9746105874195682e-16","2.9974209726165487e-12","8.3133500084000839e-13","3744","available","unresolved","0.0099712494883347508","0.01002875051166637"
264,38,13,"fresh_mixed_units","ULS","100","0.01001",FALSE,"ill_conditioned","available","2.6294221643228774e+18","available","above_budget","0.010009999999999398","0.010009990449807576","0.010010009550191219","1.2166632802553477e-09","9.9746105874195682e-16","2.9974209726165487e-12","8.3133500084000839e-13","3744","available","unresolved","0.0099812207378227585","0.010038779262176037"
265,38,13,"fresh_mixed_units","ULS","100","0.010999999999999999",FALSE,"ill_conditioned","available","2.6294221643228774e+18","available","above_budget","0.010999999999999665","0.010999989505283378","0.011000010494715952","1.2166632802553477e-09","9.9746105874195682e-16","2.9974209726165487e-12","8.3133500084000839e-13","3744","available","above_budget","0.010968374437250411","0.011031625562748918"
266,38,13,"fresh_mixed_units","ULS","100","0.02",FALSE,"ill_conditioned","available","2.6294221643228774e+18","available","above_budget","0.01999999999999906","0.019999980918696727","0.020000019081301394","1.2166632802553477e-09","9.9746105874195682e-16","2.9974209726165487e-12","8.3133500084000839e-13","3744","available","above_budget","0.01994249897749879","0.020057501022499331"
267,39,14,"fresh_mixed_units","ULS","100","0",FALSE,"ill_conditioned","available","1.8205200413845856e+17","available","within_budget","2.2271877189037624e-15","2.220248123983141e-15","2.2341273138243838e-15","4.3942168392086249e-09","8.3144635662205411e-16","2.9974209726165487e-12","8.3133500084000839e-13","3744","available","within_budget","0","8.3357165709244801e-13"
268,39,14,"fresh_mixed_units","ULS","100","0.0089999999999999993",FALSE,"ill_conditioned","available","1.8205200413845856e+17","available","within_budget","0.0090000000000011581","0.0089999974889120506","0.0090000025110902656","4.3942168392086249e-09","8.3144635662205411e-16","2.9974209726165487e-12","8.3133500084000839e-13","3744","available","within_budget","0.0089909386596242844","0.0090090613403780318"
269,39,14,"fresh_mixed_units","ULS","100","0.0099900000000000006",FALSE,"ill_conditioned","available","1.8205200413845856e+17","available","within_budget","0.0099900000000006008","0.0099899972126916911","0.0099900027873095106","4.3942168392086249e-09","8.3144635662205411e-16","2.9974209726165487e-12","8.3133500084000839e-13","3744","available","unresolved","0.0099799419122737175","0.010000058087727484"
270,39,14,"fresh_mixed_units","ULS","100","0.01",FALSE,"ill_conditioned","available","1.8205200413845856e+17","available","unresolved","0.010000000000000831","0.0099999972099018217","0.010000002790099841","4.3942168392086249e-09","8.3144635662205411e-16","2.9974209726165487e-12","8.3133500084000839e-13","3744","available","unresolved","0.0099899318441188968","0.010010068155882765"
271,39,14,"fresh_mixed_units","ULS","100","0.01001",FALSE,"ill_conditioned","available","1.8205200413845856e+17","available","above_budget","0.010009999999999915","0.010009997207110807","0.010010002792889022","4.3942168392086249e-09","8.3144635662205411e-16","2.9974209726165487e-12","8.3133500084000839e-13","3744","available","unresolved","0.0099999217759629312","0.010020078224036898"
272,39,14,"fresh_mixed_units","ULS","100","0.010999999999999999",FALSE,"ill_conditioned","available","1.8205200413845856e+17","available","above_budget","0.011000000000000502","0.010999996930891594","0.01100000306910941","4.3942168392086249e-09","8.3144635662205411e-16","2.9974209726165487e-12","8.3133500084000839e-13","3744","available","above_budget","0.010988925028613511","0.011011074971387494"
273,39,14,"fresh_mixed_units","ULS","100","0.02",FALSE,"ill_conditioned","available","1.8205200413845856e+17","available","above_budget","0.01999999999999983","0.019999994419801818","0.020000005580197842","4.3942168392086249e-09","8.3144635662205411e-16","2.9974209726165487e-12","8.3133500084000839e-13","3744","available","above_budget","0.019979863689067307","0.020020136310932354"
274,40,15,"fresh_mixed_units","ULS","100","0",FALSE,"ill_conditioned","available","3.043509555871766e+18","available","within_budget","2.7782265393579729e-15","2.7712849133687392e-15","2.7851681653472067e-15","1.167258744619912e-09","9.9668823592110353e-16","2.9974209726165491e-12","8.3133500084000839e-13","3744","available","within_budget","0","8.341284065863616e-13"
275,40,15,"fresh_mixed_units","ULS","100","0.0089999999999999993",FALSE,"ill_conditioned","available","3.043509555871766e+18","available","within_budget","0.0089999999999990313","0.0089999919328577066","0.0090000080671403561","1.167258744619912e-09","9.9668823592110353e-16","2.9974209726165491e-12","8.3133500084000839e-13","3744","available","within_budget","0.0089756684859944591","0.0090243315140036036"
276,40,15,"fresh_mixed_units","ULS","100","0.0099900000000000006",FALSE,"ill_conditioned","available","3.043509555871766e+18","available","within_budget","0.0099900000000002261","0.0099899910454733579","0.0099900089545270944","1.167258744619912e-09","9.9668823592110353e-16","2.9974209726165491e-12","8.3133500084000839e-13","3744","available","unresolved","0.0099629920195465956","0.010017007980453857"
277,40,15,"fresh_mixed_units","ULS","100","0.01",FALSE,"ill_conditioned","available","3.043509555871766e+18","available","unresolved","0.0099999999999988692","0.0099999910365085095","0.010000008963489229","1.167258744619912e-09","9.9668823592110353e-16","2.9974209726165491e-12","8.3133500084000839e-13","3744","available","unresolved","0.0099729649845306054","0.010027035015467133"
278,40,15,"fresh_mixed_units","ULS","100","0.01001",FALSE,"ill_conditioned","available","3.043509555871766e+18","available","above_budget","0.010010000000000279","0.01000999102754643","0.010010008972454128","1.167258744619912e-09","9.9668823592110353e-16","2.9974209726165491e-12","8.3133500084000839e-13","3744","available","unresolved","0.0099829379495173752","0.010037062050483183"
279,40,15,"fresh_mixed_units","ULS","100","0.010999999999999999",FALSE,"ill_conditioned","available","3.043509555871766e+18","available","above_budget","0.010999999999998707","0.010999990140159312","0.011000009859838102","1.167258744619912e-09","9.9668823592110353e-16","2.9974209726165491e-12","8.3133500084000839e-13","3744","available","above_budget","0.010970261483066752","0.011029738516930662"
280,40,15,"fresh_mixed_units","ULS","100","0.02",FALSE,"ill_conditioned","available","3.043509555871766e+18","available","above_budget","0.020000000000000018","0.019999982073019305","0.02000001792698073","1.167258744619912e-09","9.9668823592110353e-16","2.9974209726165491e-12","8.3133500084000839e-13","3744","available","above_budget","0.019945929969894825","0.02005407003010521"
281,41,1,"retained_NTML","ML","20","0",TRUE,"available","available","591242860.88163114","available","within_budget","1.512930373389375e-14","1.5122364335798214e-14","1.5136243131989335e-14","7.0543079078390827e-09","4.700922898733821e-16","1.6490030859852074e-12","3.0020430585873245e-13","1352","available","within_budget","0","3.574722354262387e-09"
282,41,1,"retained_NTML","ML","20","9.9999999999999995e-08",TRUE,"available","available","560786311.27631879","available","within_budget","7.1903271827064906e-07","7.1903269261309486e-07","7.1903274392820602e-07","7.4373954224344155e-09","5.3060154735595252e-16","1.6490029745117207e-12","3.0020430585873245e-13","1352","available","within_budget","7.1547158903690473e-07","7.225938740315346e-07"
283,41,1,"retained_NTML","ML","20","1.0000000000000001e-05",TRUE,"available","available","92008594.001699284","available","within_budget","7.1903271951298197e-05","7.1903271634706271e-05","7.1903272267890124e-05","4.5308866508134042e-08","3.9890797876899634e-16","1.6489919388260601e-12","3.0020430585873245e-13","1352","available","within_budget","7.1900552859386417e-05","7.190599111467454e-05"
284,41,1,"retained_NTML","ML","20","0.001",TRUE,"available","available","1203601.1915406962","available","within_budget","0.0071903459025919447","0.0071903459020883648","0.0071903459030955245","3.3308834832180018e-06","4.6555448784438346e-16","1.6478902623711126e-12","3.0020430585873245e-13","1352","available","within_budget","0.0071903439589574855","0.0071903478462277239"
285,41,1,"retained_NTML","ML","20","0.01",FALSE,"available","available","1491815.6054433226","available","above_budget","0.071921994351722598","0.071921994345909651","0.071921994357535546","2.7007801467803255e-06","4.3531939483329688e-16","1.6380444473177163e-12","3.0020430585873245e-13","1352","available","above_budget","0.071921972352619157","0.071922016350845899"
286,41,1,"retained_NTML","ML","20","0.10000000000000001",FALSE,"nonpositive_curvature","nonpositive_curvature","NA","nonpositive_curvature","unresolved","NaN","0","Inf","0","NaN","1.5542477461239208e-12","3.83819286535951e-13","1352","nonpositive_curvature","unresolved","0","Inf"
287,41,1,"retained_NTML","ML","20","0.5",FALSE,"nonpositive_curvature","nonpositive_curvature","NA","nonpositive_curvature","unresolved","NaN","0","Inf","0","NaN","0","0","0","nonpositive_curvature","unresolved","0","Inf"
288,42,2,"retained_NTML","ML","20","0",TRUE,"available","available","5698760.6378357587","available","within_budget","2.5926204123673399e-14","2.5919265220942958e-14","2.5933143026403839e-14","9.1113458333774341e-07","6.1985626952010944e-16","1.7863429035576262e-12","3.0020430585873245e-13","1352","available","within_budget","0","3.1452986354385303e-10"
289,42,2,"retained_NTML","ML","20","9.9999999999999995e-08",TRUE,"available","available","5692086.5499755768","available","within_budget","4.4187607491428057e-07","4.4187607480597274e-07","4.418760750225884e-07","9.1219522653289847e-07","4.1811638988867125e-16","1.7863428969032506e-12","3.0020430585873245e-13","1352","available","within_budget","4.4156132111168428e-07","4.4219082871814836e-07"
290,42,2,"retained_NTML","ML","20","1.0000000000000001e-05",TRUE,"available","available","5101725.2390845316","available","within_budget","4.418760804618052e-05","4.4187608035343485e-05","4.4187608057017554e-05","1.0169066579153856e-06","4.9801557255427192e-16","1.7863422381394877e-12","3.0020430585873245e-13","1352","available","within_budget","4.4187271525889313e-05","4.4187944566574048e-05"
291,42,2,"retained_NTML","ML","20","0.001",TRUE,"available","available","553095.04649138555","available","within_budget","0.004418765289901469","0.0044187652897660365","0.0044187652900369015","8.8134070957195665e-06","5.3875065322091445e-16","1.7862765553969671e-12","3.0020430585873245e-13","1352","available","within_budget","0.0044187647408527866","0.0044187658389502876"
292,42,2,"retained_NTML","ML","20","0.01",FALSE,"nonpositive_curvature","nonpositive_curvature","NA","nonpositive_curvature","unresolved","NaN","0","Inf","0","NaN","1.7856966934864954e-12","3.0020430585873245e-13","1352","nonpositive_curvature","unresolved","0","Inf"
293,42,2,"retained_NTML","ML","20","0.10000000000000001",FALSE,"nonpositive_curvature","nonpositive_curvature","NA","nonpositive_curvature","unresolved","NaN","0","Inf","0","NaN","1.7813199254140005e-12","3.0020430585873245e-13","1352","nonpositive_curvature","unresolved","0","Inf"
294,42,2,"retained_NTML","ML","20","0.5",FALSE,"nonpositive_curvature","nonpositive_curvature","NA","nonpositive_curvature","unresolved","NaN","0","Inf","0","NaN","1.7764631962841683e-12","9.4567856736835538e-13","1352","nonpositive_curvature","unresolved","0","Inf"
295,43,3,"retained_NTML","ML","100","0",TRUE,"available","available","89242931.879094362","available","within_budget","2.7637757533649445e-14","2.7630818525049962e-14","2.7644696542248932e-14","4.8425084221045535e-08","4.0180706907199404e-16","1.7605242760653544e-12","3.0020430585873245e-13","1352","available","within_budget","0","1.3642640023803254e-09"
296,43,3,"retained_NTML","ML","100","9.9999999999999995e-08",TRUE,"available","available","89244484.074569583","available","within_budget","7.1169927280182469e-07","7.1169926996771301e-07","7.1169927563593637e-07","4.8424242710554746e-08","3.8468594051745852e-16","1.7605242759328199e-12","3.0020430585873245e-13","1352","available","within_budget","7.10322084748102e-07","7.1307646156138681e-07"
297,43,3,"retained_NTML","ML","100","1.0000000000000001e-05",TRUE,"available","available","89398475.442912608","available","within_budget","7.1169927362941073e-05","7.1169927025873053e-05","7.1169927700009107e-05","4.8340878147358828e-08","4.5783495181452453e-16","1.7605242628122293e-12","3.0020430585873245e-13","1352","available","within_budget","7.1167265670031687e-05","7.1172589126683935e-05"
298,43,3,"retained_NTML","ML","100","0.001",TRUE,"available","available","107991932.88512754","available","within_budget","0.0071169963440974116","0.0071169963124449427","0.0071169963757498813","4.0021689717184672e-08","3.5593596128576395e-16","1.7605229536116904e-12","3.0020430585873245e-13","1352","available","within_budget","0.0071168382814023948","0.0071171544171254215"
299,43,3,"retained_NTML","ML","100","0.01",FALSE,"nonpositive_curvature","nonpositive_curvature","NA","nonpositive_curvature","unresolved","NaN","0","Inf","0","NaN","1.7605113074558293e-12","3.0020430585873245e-13","1352","nonpositive_curvature","unresolved","0","Inf"
300,43,3,"retained_NTML","ML","100","0.10000000000000001",FALSE,"nonpositive_curvature","nonpositive_curvature","NA","nonpositive_curvature","unresolved","NaN","0","Inf","0","NaN","1.7604167237452644e-12","3.0020430585873245e-13","1352","nonpositive_curvature","unresolved","0","Inf"
301,43,3,"retained_NTML","ML","100","0.5",FALSE,"nonpositive_curvature","nonpositive_curvature","NA","nonpositive_curvature","unresolved","NaN","0","Inf","0","NaN","1.7602559535052828e-12","1.2362695567857603e-12","1352","nonpositive_curvature","unresolved","0","Inf"
302,44,4,"retained_NTML","ML","100","0",FALSE,"ill_conditioned","available","5202285534385.2949","available","within_budget","2.6092001017955484e-13","2.6082752823322722e-13","2.610125763448905e-13","6.2117359870938532e-13","4.0777308350769512e-16","1.5539003015137311e-12","3.0020430585873245e-13","1352","ill_conditioned","unresolved","0","Inf"
303,44,4,"retained_NTML","ML","100","9.9999999999999995e-08",FALSE,"ill_conditioned","available","6306629286248.7041","available","within_budget","7.218831639775073e-07","7.2158686582297351e-07","7.2217982742977724e-07","5.1202165317505969e-13","4.2092472280852979e-16","1.5539003015890734e-12","3.0020430585873245e-13","1352","ill_conditioned","unresolved","0","Inf"
304,44,4,"retained_NTML","ML","100","1.0000000000000001e-05",FALSE,"nonpositive_curvature","nonpositive_curvature","NA","nonpositive_curvature","unresolved","NaN","0","Inf","0","NaN","1.5539003090478736e-12","3.0020430585873245e-13","1352","nonpositive_curvature","unresolved","0","Inf"
305,44,4,"retained_NTML","ML","100","0.001",FALSE,"nonpositive_curvature","nonpositive_curvature","NA","nonpositive_curvature","unresolved","NaN","0","Inf","0","NaN","1.5539010539139211e-12","3.0020430585873245e-13","1352","nonpositive_curvature","unresolved","0","Inf"
306,44,4,"retained_NTML","ML","100","0.01",FALSE,"nonpositive_curvature","nonpositive_curvature","NA","nonpositive_curvature","unresolved","NaN","0","Inf","0","NaN","1.553907734356012e-12","3.0020430585873245e-13","1352","nonpositive_curvature","unresolved","0","Inf"
307,44,4,"retained_NTML","ML","100","0.10000000000000001",FALSE,"nonpositive_curvature","nonpositive_curvature","NA","nonpositive_curvature","unresolved","NaN","0","Inf","0","NaN","1.5539664419106573e-12","3.0020430585873245e-13","1352","nonpositive_curvature","unresolved","0","Inf"
308,44,4,"retained_NTML","ML","100","0.5",FALSE,"nonpositive_curvature","nonpositive_curvature","NA","nonpositive_curvature","unresolved","NaN","0","Inf","0","NaN","1.5541165080710973e-12","1.2601491176826461e-12","1352","nonpositive_curvature","unresolved","0","Inf"
309,45,5,"retained_NTML","ML","20","0",TRUE,"available","available","68.572410229185436","available","within_budget","4.0187758128557042e-15","4.0118369189516992e-15","4.0257147067597093e-15","0.017254060718947275","3.4575251799056759e-16","1.3607470015648308e-12","3.0020430585873245e-13","1352","available","within_budget","0","2.289473249987895e-12"
310,45,5,"retained_NTML","ML","20","9.9999999999999995e-08",TRUE,"available","available","68.572407199301423","available","within_budget","4.0381598148656882e-07","4.0381598147962029e-07","4.0381598149351735e-07","0.017254060675578678","3.2299142202780057e-16","1.3607470065964406e-12","3.0020430585873245e-13","1352","available","within_budget","4.0381369601615861e-07","4.0381826695697902e-07"
311,45,5,"retained_NTML","ML","20","1.0000000000000001e-05",TRUE,"available","available","68.572107259101259","available","within_budget","4.0381598117411419e-05","4.0381598117403518e-05","4.038159811741932e-05","0.017254056379977768","3.2805959185341871e-16","1.3607475047195549e-12","3.0020430585873245e-13","1352","available","within_budget","4.0381595830363338e-05","4.0381600404459499e-05"
312,45,5,"retained_NTML","ML","20","0.001",TRUE,"available","available","68.542295262336765","available","within_budget","0.0040381632619631014","0.0040381632619629904","0.0040381632619632124","0.017253605927406008","3.7932996834563458e-16","1.3607972544028132e-12","3.0020430585873245e-13","1352","available","within_budget","0.0040381632595182671","0.0040381632644079356"
313,45,5,"retained_NTML","ML","20","0.01",FALSE,"available","available","68.287337994833152","available","above_budget","0.040385049191328709","0.040385049191327523","0.040385049191329896","0.017247669242296357","4.4769298498352261e-16","1.3612438945500472e-12","3.0020430585873245e-13","1352","available","above_budget","0.040385049187447987","0.040385049195209431"
314,45,5,"retained_NTML","ML","20","0.10000000000000001",FALSE,"available","available","66.96585056828016","available","above_budget","0.40731279703711532","0.40731279703710571","0.40731279703712492","0.017050103138669524","3.2414096484956689e-16","1.3652068524401796e-12","3.0020430585873245e-13","1352","available","above_budget","0.40731279701849982","0.40731279705573081"
315,45,5,"retained_NTML","ML","20","0.5",FALSE,"available","available","72.003880185869434","available","above_budget","2.6718734466526501","2.6718734466525715","2.6718734466527287","0.015177732433308409","4.0741438397852925e-16","1.3761406496365638e-12","7.8929918324350216e-13","1352","available","above_budget","2.6718734465250376","2.6718734467802627"
316,46,6,"retained_NTML","ML","20","0",TRUE,"available","available","948363785.98409843","available","within_budget","9.921344848681428e-15","9.9144055303894631e-15","9.9282841669734481e-15","6.5718940412928398e-09","5.6218848355016876e-16","2.0966277200420769e-12","3.0020430585873245e-13","1352","available","within_budget","0","3.7037536502598824e-09"
317,46,6,"retained_NTML","ML","20","9.9999999999999995e-08",TRUE,"available","available","947491629.93934131","available","within_budget","3.1899209903000701e-07","3.1899208492018622e-07","3.1899211313982964e-07","6.577932027754722e-09","5.8161683224722249e-16","2.0966277212500131e-12","3.0020430585873245e-13","1352","available","within_budget","3.1523921692583081e-07","3.2274500545319639e-07"
318,46,6,"retained_NTML","ML","20","1.0000000000000001e-05",TRUE,"available","available","868438667.4782939","available","within_budget","3.1899209933320782e-05","3.1899208541583749e-05","3.1899211325057999e-05","7.1752222496608165e-09","6.260457929348761e-16","2.0966278408347468e-12","3.0020430585873245e-13","1352","available","within_budget","3.1891004464141517e-05","3.1907417446460311e-05"
319,46,6,"retained_NTML","ML","20","0.001",TRUE,"available","available","97846514.108341798","available","within_budget","0.0031899226189808566","0.0031899226074142166","0.0031899226305474966","6.2453870607780897e-08","4.5286380017984651e-16","2.0966397903826898e-12","3.0020430585873245e-13","1352","available","within_budget","0.0031898678630134184","0.0031899773776457728"
320,46,6,"retained_NTML","ML","20","0.01",FALSE,"available","available","26058778.815714993","available","above_budget","0.031900835218375181","0.031900835176102357","0.031900835260648006","2.2229516590714691e-07","5.8892823909229198e-16","2.0967476172887042e-12","3.0020430585873245e-13","1352","available","above_budget","0.03190068409182336","0.031900986347056806"
321,46,6,"retained_NTML","ML","20","0.10000000000000001",FALSE,"nonpositive_curvature","nonpositive_curvature","NA","nonpositive_curvature","unresolved","NaN","0","Inf","0","NaN","2.0977511392593722e-12","3.0020430585873245e-13","1352","nonpositive_curvature","unresolved","0","Inf"
322,46,6,"retained_NTML","ML","20","0.5",FALSE,"nonpositive_curvature","nonpositive_curvature","NA","nonpositive_curvature","unresolved","NaN","0","Inf","0","NaN","2.1010124153722796e-12","5.5473744654848859e-13","1352","nonpositive_curvature","unresolved","0","Inf"
323,47,7,"retained_NTML","ML","20","0",TRUE,"available","available","143.82869902044428","available","within_budget","9.6436699174501641e-16","9.5742809784108118e-16","9.7130588564895164e-16","0.012799228641737952","3.535054729475925e-16","1.4421615332244549e-12","3.0020430585873245e-13","1352","available","within_budget","0","2.654507516598967e-12"
324,47,7,"retained_NTML","ML","20","9.9999999999999995e-08",TRUE,"available","available","143.82868806097636","available","within_budget","3.9444851512200816e-07","3.9444851511505815e-07","3.9444851512895817e-07","0.012799228983972261","3.6016029995391875e-16","1.4421615378033362e-12","3.0020430585873245e-13","1352","available","within_budget","3.9444586155666053e-07","3.9445116868735579e-07"
325,47,7,"retained_NTML","ML","20","1.0000000000000001e-05",TRUE,"available","available","143.82760312798862","available","within_budget","3.9444851561031478e-05","3.9444851561023286e-05","3.9444851561039671e-05","0.012799262862101569","4.3905456987216329e-16","1.4421619911088771e-12","3.0020430585873245e-13","1352","available","within_budget","3.944484890526839e-05","3.9444854216794566e-05"
326,47,7,"retained_NTML","ML","20","0.001",TRUE,"available","available","143.71964919037455","available","within_budget","0.0039444882911031575","0.0039444882911030292","0.0039444882911032859","0.012802620087657667","3.9529483511839119e-16","1.4422072841991128e-12","3.0020430585873245e-13","1352","available","within_budget","0.0039444882882276721","0.003944488293978643"
327,47,7,"retained_NTML","ML","20","0.01",FALSE,"available","available","142.78594190145191","available","above_budget","0.039447987574099418","0.039447987574098314","0.039447987574100521","0.012830418332769955","3.5182711291531063e-16","1.4426156443838248e-12","3.0020430585873245e-13","1352","available","above_budget","0.039447987569230299","0.039447987578968537"
328,47,7,"retained_NTML","ML","20","0.10000000000000001",FALSE,"available","available","137.18476426036648","available","above_budget","0.39762643449164747","0.39762643449163504","0.39762643449165991","0.012885694578898169","4.0233940089946808e-16","1.4463743335575521e-12","3.0020430585873245e-13","1352","available","above_budget","0.39762643446667434","0.39762643451662061"
329,47,7,"retained_NTML","ML","20","0.5",FALSE,"available","available","153.76625630635877","available","above_budget","2.5471261591133745","2.5471261591132905","2.5471261591134584","0.010872479389673652","3.7169805012766497e-16","1.457996238684048e-12","7.5985778289363533e-13","1352","available","above_budget","2.5471261589352188","2.5471261592915302"
